2026-07-01 19:39:51,626 - INFO - MainThread - Execution log file: /Users/vgana3/Documents/GitHub/Nike/J30/Outbound/logs/FR_Order_Creation_Prod_Multithread_20260701_193951_623589.log
2026-07-01 19:39:52,144 - INFO - MainThread - Successfully extracted 365 data row(s) for processing.
2026-07-01 19:39:52,144 - INFO - MainThread - Processing Excel Row 1
2026-07-01 19:39:52,147 - INFO - MainThread - Order: V83070100399
2026-07-01 19:39:52,147 - INFO - MainThread - Processing Excel Row 2
2026-07-01 19:39:52,150 - INFO - MainThread - Order: V83070100400
2026-07-01 19:39:52,150 - INFO - MainThread - Processing Excel Row 3
2026-07-01 19:39:52,152 - INFO - MainThread - Order: V83070100401
2026-07-01 19:39:52,153 - INFO - MainThread - Processing Excel Row 4
2026-07-01 19:39:52,156 - INFO - MainThread - Order: V83070100402
2026-07-01 19:39:52,157 - INFO - MainThread - Processing Excel Row 5
2026-07-01 19:39:52,166 - INFO - MainThread - Order: V83070100403
2026-07-01 19:39:52,167 - INFO - MainThread - Processing Excel Row 6
2026-07-01 19:39:52,173 - INFO - MainThread - Order: V83070100404
2026-07-01 19:39:52,173 - INFO - MainThread - Processing Excel Row 7
2026-07-01 19:39:52,175 - INFO - MainThread - Order: V83070100405
2026-07-01 19:39:52,176 - INFO - MainThread - Processing Excel Row 8
2026-07-01 19:39:52,178 - INFO - MainThread - Order: V83070100406
2026-07-01 19:39:52,179 - INFO - MainThread - Processing Excel Row 9
2026-07-01 19:39:52,180 - INFO - MainThread - Order: V83070100407
2026-07-01 19:39:52,180 - INFO - MainThread - Processing Excel Row 10
2026-07-01 19:39:52,181 - INFO - MainThread - Order: V83070100408
2026-07-01 19:39:52,182 - INFO - MainThread - Processing Excel Row 11
2026-07-01 19:39:52,183 - INFO - MainThread - Order: V83070100409
2026-07-01 19:39:52,183 - INFO - MainThread - Processing Excel Row 12
2026-07-01 19:39:52,185 - INFO - MainThread - Order: V83070100410
2026-07-01 19:39:52,185 - INFO - MainThread - Processing Excel Row 13
2026-07-01 19:39:52,188 - INFO - MainThread - Order: V83070100411
2026-07-01 19:39:52,188 - INFO - MainThread - Processing Excel Row 14
2026-07-01 19:39:52,190 - INFO - MainThread - Order: V83070100412
2026-07-01 19:39:52,190 - INFO - MainThread - Processing Excel Row 15
2026-07-01 19:39:52,191 - INFO - MainThread - Order: V83070100413
2026-07-01 19:39:52,192 - INFO - MainThread - Processing Excel Row 16
2026-07-01 19:39:52,193 - INFO - MainThread - Order: V83070100414
2026-07-01 19:39:52,193 - INFO - MainThread - Processing Excel Row 17
2026-07-01 19:39:52,196 - INFO - MainThread - Order: V83070100415
2026-07-01 19:39:52,196 - INFO - MainThread - Processing Excel Row 18
2026-07-01 19:39:52,199 - INFO - MainThread - Order: V83070100416
2026-07-01 19:39:52,200 - INFO - MainThread - Processing Excel Row 19
2026-07-01 19:39:52,202 - INFO - MainThread - Order: V83070100417
2026-07-01 19:39:52,202 - INFO - MainThread - Processing Excel Row 20
2026-07-01 19:39:52,205 - INFO - MainThread - Order: V83070100418
2026-07-01 19:39:52,205 - INFO - MainThread - Processing Excel Row 21
2026-07-01 19:39:52,207 - INFO - MainThread - Order: V83070100419
2026-07-01 19:39:52,208 - INFO - MainThread - Processing Excel Row 22
2026-07-01 19:39:52,209 - INFO - MainThread - Order: V83070100420
2026-07-01 19:39:52,210 - INFO - MainThread - Processing Excel Row 23
2026-07-01 19:39:52,212 - INFO - MainThread - Order: V83070100421
2026-07-01 19:39:52,212 - INFO - MainThread - Processing Excel Row 24
2026-07-01 19:39:52,213 - INFO - MainThread - Order: V83070100422
2026-07-01 19:39:52,214 - INFO - MainThread - Processing Excel Row 25
2026-07-01 19:39:52,215 - INFO - MainThread - Order: V83070100423
2026-07-01 19:39:52,215 - INFO - MainThread - Processing Excel Row 26
2026-07-01 19:39:52,216 - INFO - MainThread - Order: V83070100424
2026-07-01 19:39:52,216 - INFO - MainThread - Processing Excel Row 27
2026-07-01 19:39:52,218 - INFO - MainThread - Order: V83070100425
2026-07-01 19:39:52,218 - INFO - MainThread - Processing Excel Row 28
2026-07-01 19:39:52,222 - INFO - MainThread - Order: V83070100426
2026-07-01 19:39:52,222 - INFO - MainThread - Processing Excel Row 29
2026-07-01 19:39:52,223 - INFO - MainThread - Order: V83070100427
2026-07-01 19:39:52,224 - INFO - MainThread - Processing Excel Row 30
2026-07-01 19:39:52,227 - INFO - MainThread - Order: V83070100428
2026-07-01 19:39:52,227 - INFO - MainThread - Processing Excel Row 31
2026-07-01 19:39:52,232 - INFO - MainThread - Order: V83070100429
2026-07-01 19:39:52,232 - INFO - MainThread - Processing Excel Row 32
2026-07-01 19:39:52,234 - INFO - MainThread - Order: V83070100430
2026-07-01 19:39:52,234 - INFO - MainThread - Processing Excel Row 33
2026-07-01 19:39:52,237 - INFO - MainThread - Order: V83070100431
2026-07-01 19:39:52,237 - INFO - MainThread - Processing Excel Row 34
2026-07-01 19:39:52,239 - INFO - MainThread - Order: V83070100432
2026-07-01 19:39:52,240 - INFO - MainThread - Processing Excel Row 35
2026-07-01 19:39:52,241 - INFO - MainThread - Order: V83070100433
2026-07-01 19:39:52,242 - INFO - MainThread - Processing Excel Row 36
2026-07-01 19:39:52,243 - INFO - MainThread - Order: V83070100434
2026-07-01 19:39:52,243 - INFO - MainThread - Processing Excel Row 37
2026-07-01 19:39:52,245 - INFO - MainThread - Order: V83070100435
2026-07-01 19:39:52,246 - INFO - MainThread - Processing Excel Row 38
2026-07-01 19:39:52,248 - INFO - MainThread - Order: V83070100436
2026-07-01 19:39:52,249 - INFO - MainThread - Processing Excel Row 39
2026-07-01 19:39:52,253 - INFO - MainThread - Order: V83070100437
2026-07-01 19:39:52,253 - INFO - MainThread - Processing Excel Row 40
2026-07-01 19:39:52,257 - INFO - MainThread - Order: V83070100438
2026-07-01 19:39:52,257 - INFO - MainThread - Processing Excel Row 41
2026-07-01 19:39:52,259 - INFO - MainThread - Order: V83070100439
2026-07-01 19:39:52,259 - INFO - MainThread - Processing Excel Row 42
2026-07-01 19:39:52,260 - INFO - MainThread - Order: V83070100440
2026-07-01 19:39:52,261 - INFO - MainThread - Processing Excel Row 43
2026-07-01 19:39:52,262 - INFO - MainThread - Order: V83070100441
2026-07-01 19:39:52,262 - INFO - MainThread - Processing Excel Row 44
2026-07-01 19:39:52,263 - INFO - MainThread - Order: V83070100442
2026-07-01 19:39:52,263 - INFO - MainThread - Processing Excel Row 45
2026-07-01 19:39:52,264 - INFO - MainThread - Order: V83070100443
2026-07-01 19:39:52,264 - INFO - MainThread - Processing Excel Row 46
2026-07-01 19:39:52,265 - INFO - MainThread - Order: V83070100444
2026-07-01 19:39:52,265 - INFO - MainThread - Processing Excel Row 47
2026-07-01 19:39:52,266 - INFO - MainThread - Order: V83070100445
2026-07-01 19:39:52,266 - INFO - MainThread - Processing Excel Row 48
2026-07-01 19:39:52,268 - INFO - MainThread - Order: V83070100446
2026-07-01 19:39:52,268 - INFO - MainThread - Processing Excel Row 49
2026-07-01 19:39:52,269 - INFO - MainThread - Order: V83070100447
2026-07-01 19:39:52,269 - INFO - MainThread - Processing Excel Row 50
2026-07-01 19:39:52,271 - INFO - MainThread - Order: V83070100448
2026-07-01 19:39:52,271 - INFO - MainThread - Processing Excel Row 51
2026-07-01 19:39:52,272 - INFO - MainThread - Order: V83070100449
2026-07-01 19:39:52,272 - INFO - MainThread - Processing Excel Row 52
2026-07-01 19:39:52,273 - INFO - MainThread - Order: V83070100450
2026-07-01 19:39:52,273 - INFO - MainThread - Processing Excel Row 53
2026-07-01 19:39:52,274 - INFO - MainThread - Order: V83070100451
2026-07-01 19:39:52,275 - INFO - MainThread - Processing Excel Row 54
2026-07-01 19:39:52,276 - INFO - MainThread - Order: V83070100452
2026-07-01 19:39:52,276 - INFO - MainThread - Processing Excel Row 55
2026-07-01 19:39:52,277 - INFO - MainThread - Order: V83070100453
2026-07-01 19:39:52,278 - INFO - MainThread - Processing Excel Row 56
2026-07-01 19:39:52,279 - INFO - MainThread - Order: V83070100454
2026-07-01 19:39:52,279 - INFO - MainThread - Processing Excel Row 57
2026-07-01 19:39:52,280 - INFO - MainThread - Order: V83070100455
2026-07-01 19:39:52,280 - INFO - MainThread - Processing Excel Row 58
2026-07-01 19:39:52,281 - INFO - MainThread - Order: V83070100456
2026-07-01 19:39:52,281 - INFO - MainThread - Processing Excel Row 59
2026-07-01 19:39:52,282 - INFO - MainThread - Order: V83070100457
2026-07-01 19:39:52,282 - INFO - MainThread - Processing Excel Row 60
2026-07-01 19:39:52,283 - INFO - MainThread - Order: V83070100458
2026-07-01 19:39:52,283 - INFO - MainThread - Processing Excel Row 61
2026-07-01 19:39:52,284 - INFO - MainThread - Order: V83070100459
2026-07-01 19:39:52,284 - INFO - MainThread - Processing Excel Row 62
2026-07-01 19:39:52,285 - INFO - MainThread - Order: V83070100460
2026-07-01 19:39:52,286 - INFO - MainThread - Processing Excel Row 63
2026-07-01 19:39:52,287 - INFO - MainThread - Order: V83070100461
2026-07-01 19:39:52,287 - INFO - MainThread - Processing Excel Row 64
2026-07-01 19:39:52,288 - INFO - MainThread - Order: V83070100462
2026-07-01 19:39:52,288 - INFO - MainThread - Processing Excel Row 65
2026-07-01 19:39:52,289 - INFO - MainThread - Order: V83070100463
2026-07-01 19:39:52,289 - INFO - MainThread - Processing Excel Row 66
2026-07-01 19:39:52,290 - INFO - MainThread - Order: V83070100464
2026-07-01 19:39:52,290 - INFO - MainThread - Processing Excel Row 67
2026-07-01 19:39:52,291 - INFO - MainThread - Order: V83070100465
2026-07-01 19:39:52,291 - INFO - MainThread - Processing Excel Row 68
2026-07-01 19:39:52,292 - INFO - MainThread - Order: V83070100466
2026-07-01 19:39:52,293 - INFO - MainThread - Processing Excel Row 69
2026-07-01 19:39:52,293 - INFO - MainThread - Order: V83070100467
2026-07-01 19:39:52,294 - INFO - MainThread - Processing Excel Row 70
2026-07-01 19:39:52,295 - INFO - MainThread - Order: V83070100468
2026-07-01 19:39:52,295 - INFO - MainThread - Processing Excel Row 71
2026-07-01 19:39:52,296 - INFO - MainThread - Order: V83070100469
2026-07-01 19:39:52,296 - INFO - MainThread - Processing Excel Row 72
2026-07-01 19:39:52,297 - INFO - MainThread - Order: V83070100470
2026-07-01 19:39:52,297 - INFO - MainThread - Processing Excel Row 73
2026-07-01 19:39:52,298 - INFO - MainThread - Order: V83070100471
2026-07-01 19:39:52,298 - INFO - MainThread - Processing Excel Row 74
2026-07-01 19:39:52,299 - INFO - MainThread - Order: V83070100472
2026-07-01 19:39:52,299 - INFO - MainThread - Processing Excel Row 75
2026-07-01 19:39:52,300 - INFO - MainThread - Order: V83070100473
2026-07-01 19:39:52,300 - INFO - MainThread - Processing Excel Row 76
2026-07-01 19:39:52,301 - INFO - MainThread - Order: V83070100474
2026-07-01 19:39:52,301 - INFO - MainThread - Processing Excel Row 77
2026-07-01 19:39:52,303 - INFO - MainThread - Order: V83070100475
2026-07-01 19:39:52,304 - INFO - MainThread - Processing Excel Row 78
2026-07-01 19:39:52,305 - INFO - MainThread - Order: V83070100476
2026-07-01 19:39:52,305 - INFO - MainThread - Processing Excel Row 79
2026-07-01 19:39:52,306 - INFO - MainThread - Order: V83070100477
2026-07-01 19:39:52,307 - INFO - MainThread - Processing Excel Row 80
2026-07-01 19:39:52,308 - INFO - MainThread - Order: V83070100478
2026-07-01 19:39:52,308 - INFO - MainThread - Processing Excel Row 81
2026-07-01 19:39:52,309 - INFO - MainThread - Order: V83070100479
2026-07-01 19:39:52,309 - INFO - MainThread - Processing Excel Row 82
2026-07-01 19:39:52,310 - INFO - MainThread - Order: V83070100480
2026-07-01 19:39:52,310 - INFO - MainThread - Processing Excel Row 83
2026-07-01 19:39:52,311 - INFO - MainThread - Order: V83070100481
2026-07-01 19:39:52,312 - INFO - MainThread - Processing Excel Row 84
2026-07-01 19:39:52,313 - INFO - MainThread - Order: V83070100482
2026-07-01 19:39:52,313 - INFO - MainThread - Processing Excel Row 85
2026-07-01 19:39:52,315 - INFO - MainThread - Order: V83070100483
2026-07-01 19:39:52,315 - INFO - MainThread - Processing Excel Row 86
2026-07-01 19:39:52,316 - INFO - MainThread - Order: V83070100484
2026-07-01 19:39:52,316 - INFO - MainThread - Processing Excel Row 87
2026-07-01 19:39:52,317 - INFO - MainThread - Order: V83070100485
2026-07-01 19:39:52,317 - INFO - MainThread - Processing Excel Row 88
2026-07-01 19:39:52,318 - INFO - MainThread - Order: V83070100486
2026-07-01 19:39:52,318 - INFO - MainThread - Processing Excel Row 89
2026-07-01 19:39:52,319 - INFO - MainThread - Order: V83070100487
2026-07-01 19:39:52,320 - INFO - MainThread - Processing Excel Row 90
2026-07-01 19:39:52,322 - INFO - MainThread - Order: V83070100488
2026-07-01 19:39:52,322 - INFO - MainThread - Processing Excel Row 91
2026-07-01 19:39:52,324 - INFO - MainThread - Order: V83070100489
2026-07-01 19:39:52,324 - INFO - MainThread - Processing Excel Row 92
2026-07-01 19:39:52,328 - INFO - MainThread - Order: V83070100490
2026-07-01 19:39:52,328 - INFO - MainThread - Processing Excel Row 93
2026-07-01 19:39:52,331 - INFO - MainThread - Order: V83070100491
2026-07-01 19:39:52,331 - INFO - MainThread - Processing Excel Row 94
2026-07-01 19:39:52,333 - INFO - MainThread - Order: V83070100492
2026-07-01 19:39:52,334 - INFO - MainThread - Processing Excel Row 95
2026-07-01 19:39:52,336 - INFO - MainThread - Order: V83070100493
2026-07-01 19:39:52,336 - INFO - MainThread - Processing Excel Row 96
2026-07-01 19:39:52,339 - INFO - MainThread - Order: V83070100494
2026-07-01 19:39:52,340 - INFO - MainThread - Processing Excel Row 97
2026-07-01 19:39:52,341 - INFO - MainThread - Order: V83070100495
2026-07-01 19:39:52,341 - INFO - MainThread - Processing Excel Row 98
2026-07-01 19:39:52,342 - INFO - MainThread - Order: V83070100496
2026-07-01 19:39:52,342 - INFO - MainThread - Processing Excel Row 99
2026-07-01 19:39:52,345 - INFO - MainThread - Order: V83070100497
2026-07-01 19:39:52,346 - INFO - MainThread - Processing Excel Row 100
2026-07-01 19:39:52,347 - INFO - MainThread - Order: V83070100498
2026-07-01 19:39:52,347 - INFO - MainThread - Processing Excel Row 101
2026-07-01 19:39:52,349 - INFO - MainThread - Order: V83070100499
2026-07-01 19:39:52,349 - INFO - MainThread - Processing Excel Row 102
2026-07-01 19:39:52,350 - INFO - MainThread - Order: V83070100500
2026-07-01 19:39:52,351 - INFO - MainThread - Processing Excel Row 103
2026-07-01 19:39:52,352 - INFO - MainThread - Order: V83070100501
2026-07-01 19:39:52,353 - INFO - MainThread - Processing Excel Row 104
2026-07-01 19:39:52,355 - INFO - MainThread - Order: V83070100502
2026-07-01 19:39:52,355 - INFO - MainThread - Processing Excel Row 105
2026-07-01 19:39:52,357 - INFO - MainThread - Order: V83070100503
2026-07-01 19:39:52,357 - INFO - MainThread - Processing Excel Row 106
2026-07-01 19:39:52,359 - INFO - MainThread - Order: V83070100504
2026-07-01 19:39:52,359 - INFO - MainThread - Processing Excel Row 107
2026-07-01 19:39:52,361 - INFO - MainThread - Order: V83070100505
2026-07-01 19:39:52,361 - INFO - MainThread - Processing Excel Row 108
2026-07-01 19:39:52,362 - INFO - MainThread - Order: V83070100506
2026-07-01 19:39:52,362 - INFO - MainThread - Processing Excel Row 109
2026-07-01 19:39:52,364 - INFO - MainThread - Order: V83070100507
2026-07-01 19:39:52,365 - INFO - MainThread - Processing Excel Row 110
2026-07-01 19:39:52,368 - INFO - MainThread - Order: V83070100508
2026-07-01 19:39:52,370 - INFO - MainThread - Processing Excel Row 111
2026-07-01 19:39:52,373 - INFO - MainThread - Order: V83070100509
2026-07-01 19:39:52,373 - INFO - MainThread - Processing Excel Row 112
2026-07-01 19:39:52,376 - INFO - MainThread - Order: V83070100510
2026-07-01 19:39:52,376 - INFO - MainThread - Processing Excel Row 113
2026-07-01 19:39:52,378 - INFO - MainThread - Order: V83070100511
2026-07-01 19:39:52,378 - INFO - MainThread - Processing Excel Row 114
2026-07-01 19:39:52,380 - INFO - MainThread - Order: V83070100512
2026-07-01 19:39:52,380 - INFO - MainThread - Processing Excel Row 115
2026-07-01 19:39:52,382 - INFO - MainThread - Order: V83070100513
2026-07-01 19:39:52,382 - INFO - MainThread - Processing Excel Row 116
2026-07-01 19:39:52,384 - INFO - MainThread - Order: V83070100514
2026-07-01 19:39:52,384 - INFO - MainThread - Processing Excel Row 117
2026-07-01 19:39:52,386 - INFO - MainThread - Order: V83070100515
2026-07-01 19:39:52,386 - INFO - MainThread - Processing Excel Row 118
2026-07-01 19:39:52,388 - INFO - MainThread - Order: V83070100516
2026-07-01 19:39:52,388 - INFO - MainThread - Processing Excel Row 119
2026-07-01 19:39:52,389 - INFO - MainThread - Order: V83070100517
2026-07-01 19:39:52,390 - INFO - MainThread - Processing Excel Row 120
2026-07-01 19:39:52,391 - INFO - MainThread - Order: V83070100518
2026-07-01 19:39:52,391 - INFO - MainThread - Processing Excel Row 121
2026-07-01 19:39:52,393 - INFO - MainThread - Order: V83070100519
2026-07-01 19:39:52,393 - INFO - MainThread - Processing Excel Row 122
2026-07-01 19:39:52,395 - INFO - MainThread - Order: V83070100520
2026-07-01 19:39:52,395 - INFO - MainThread - Processing Excel Row 123
2026-07-01 19:39:52,397 - INFO - MainThread - Order: V83070100521
2026-07-01 19:39:52,397 - INFO - MainThread - Processing Excel Row 124
2026-07-01 19:39:52,398 - INFO - MainThread - Order: V83070100522
2026-07-01 19:39:52,398 - INFO - MainThread - Processing Excel Row 125
2026-07-01 19:39:52,400 - INFO - MainThread - Order: V83070100523
2026-07-01 19:39:52,400 - INFO - MainThread - Processing Excel Row 126
2026-07-01 19:39:52,401 - INFO - MainThread - Order: V83070100524
2026-07-01 19:39:52,402 - INFO - MainThread - Processing Excel Row 127
2026-07-01 19:39:52,405 - INFO - MainThread - Order: V83070100525
2026-07-01 19:39:52,405 - INFO - MainThread - Processing Excel Row 128
2026-07-01 19:39:52,406 - INFO - MainThread - Order: V83070100526
2026-07-01 19:39:52,407 - INFO - MainThread - Processing Excel Row 129
2026-07-01 19:39:52,408 - INFO - MainThread - Order: V83070100527
2026-07-01 19:39:52,408 - INFO - MainThread - Processing Excel Row 130
2026-07-01 19:39:52,411 - INFO - MainThread - Order: V83070100528
2026-07-01 19:39:52,411 - INFO - MainThread - Processing Excel Row 131
2026-07-01 19:39:52,413 - INFO - MainThread - Order: V83070100529
2026-07-01 19:39:52,413 - INFO - MainThread - Processing Excel Row 132
2026-07-01 19:39:52,416 - INFO - MainThread - Order: V83070100530
2026-07-01 19:39:52,417 - INFO - MainThread - Processing Excel Row 133
2026-07-01 19:39:52,420 - INFO - MainThread - Order: V83070100531
2026-07-01 19:39:52,420 - INFO - MainThread - Processing Excel Row 134
2026-07-01 19:39:52,421 - INFO - MainThread - Order: V83070100532
2026-07-01 19:39:52,421 - INFO - MainThread - Processing Excel Row 135
2026-07-01 19:39:52,424 - INFO - MainThread - Order: V83070100533
2026-07-01 19:39:52,424 - INFO - MainThread - Processing Excel Row 136
2026-07-01 19:39:52,426 - INFO - MainThread - Order: V83070100534
2026-07-01 19:39:52,426 - INFO - MainThread - Processing Excel Row 137
2026-07-01 19:39:52,427 - INFO - MainThread - Order: V83070100535
2026-07-01 19:39:52,427 - INFO - MainThread - Processing Excel Row 138
2026-07-01 19:39:52,428 - INFO - MainThread - Order: V83070100536
2026-07-01 19:39:52,428 - INFO - MainThread - Processing Excel Row 139
2026-07-01 19:39:52,430 - INFO - MainThread - Order: V83070100537
2026-07-01 19:39:52,430 - INFO - MainThread - Processing Excel Row 140
2026-07-01 19:39:52,431 - INFO - MainThread - Order: V83070100538
2026-07-01 19:39:52,431 - INFO - MainThread - Processing Excel Row 141
2026-07-01 19:39:52,432 - INFO - MainThread - Order: V83070100539
2026-07-01 19:39:52,432 - INFO - MainThread - Processing Excel Row 142
2026-07-01 19:39:52,433 - INFO - MainThread - Order: V83070100540
2026-07-01 19:39:52,433 - INFO - MainThread - Processing Excel Row 143
2026-07-01 19:39:52,436 - INFO - MainThread - Order: V83070100541
2026-07-01 19:39:52,436 - INFO - MainThread - Processing Excel Row 144
2026-07-01 19:39:52,438 - INFO - MainThread - Order: V83070100542
2026-07-01 19:39:52,438 - INFO - MainThread - Processing Excel Row 145
2026-07-01 19:39:52,439 - INFO - MainThread - Order: V83070100543
2026-07-01 19:39:52,439 - INFO - MainThread - Processing Excel Row 146
2026-07-01 19:39:52,440 - INFO - MainThread - Order: V83070100544
2026-07-01 19:39:52,440 - INFO - MainThread - Processing Excel Row 147
2026-07-01 19:39:52,442 - INFO - MainThread - Order: V83070100545
2026-07-01 19:39:52,442 - INFO - MainThread - Processing Excel Row 148
2026-07-01 19:39:52,444 - INFO - MainThread - Order: V83070100546
2026-07-01 19:39:52,444 - INFO - MainThread - Processing Excel Row 149
2026-07-01 19:39:52,445 - INFO - MainThread - Order: V83070100547
2026-07-01 19:39:52,445 - INFO - MainThread - Processing Excel Row 150
2026-07-01 19:39:52,446 - INFO - MainThread - Order: V83070100548
2026-07-01 19:39:52,446 - INFO - MainThread - Processing Excel Row 151
2026-07-01 19:39:52,447 - INFO - MainThread - Order: V83070100549
2026-07-01 19:39:52,447 - INFO - MainThread - Processing Excel Row 152
2026-07-01 19:39:52,448 - INFO - MainThread - Order: V83070100550
2026-07-01 19:39:52,448 - INFO - MainThread - Processing Excel Row 153
2026-07-01 19:39:52,449 - INFO - MainThread - Order: V83070100551
2026-07-01 19:39:52,449 - INFO - MainThread - Processing Excel Row 154
2026-07-01 19:39:52,450 - INFO - MainThread - Order: V83070100552
2026-07-01 19:39:52,451 - INFO - MainThread - Processing Excel Row 155
2026-07-01 19:39:52,452 - INFO - MainThread - Order: V83070100553
2026-07-01 19:39:52,452 - INFO - MainThread - Processing Excel Row 156
2026-07-01 19:39:52,453 - INFO - MainThread - Order: V83070100554
2026-07-01 19:39:52,453 - INFO - MainThread - Processing Excel Row 157
2026-07-01 19:39:52,454 - INFO - MainThread - Order: V83070100555
2026-07-01 19:39:52,454 - INFO - MainThread - Processing Excel Row 158
2026-07-01 19:39:52,455 - INFO - MainThread - Order: V83070100556
2026-07-01 19:39:52,455 - INFO - MainThread - Processing Excel Row 159
2026-07-01 19:39:52,456 - INFO - MainThread - Order: V83070100557
2026-07-01 19:39:52,456 - INFO - MainThread - Processing Excel Row 160
2026-07-01 19:39:52,457 - INFO - MainThread - Order: V83070100558
2026-07-01 19:39:52,457 - INFO - MainThread - Processing Excel Row 161
2026-07-01 19:39:52,458 - INFO - MainThread - Order: V83070100559
2026-07-01 19:39:52,459 - INFO - MainThread - Processing Excel Row 162
2026-07-01 19:39:52,460 - INFO - MainThread - Order: V83070100560
2026-07-01 19:39:52,460 - INFO - MainThread - Processing Excel Row 163
2026-07-01 19:39:52,461 - INFO - MainThread - Order: V83070100561
2026-07-01 19:39:52,461 - INFO - MainThread - Processing Excel Row 164
2026-07-01 19:39:52,462 - INFO - MainThread - Order: V83070100562
2026-07-01 19:39:52,462 - INFO - MainThread - Processing Excel Row 165
2026-07-01 19:39:52,463 - INFO - MainThread - Order: V83070100563
2026-07-01 19:39:52,463 - INFO - MainThread - Processing Excel Row 166
2026-07-01 19:39:52,464 - INFO - MainThread - Order: V83070100564
2026-07-01 19:39:52,464 - INFO - MainThread - Processing Excel Row 167
2026-07-01 19:39:52,465 - INFO - MainThread - Order: V83070100565
2026-07-01 19:39:52,465 - INFO - MainThread - Processing Excel Row 168
2026-07-01 19:39:52,466 - INFO - MainThread - Order: V83070100566
2026-07-01 19:39:52,466 - INFO - MainThread - Processing Excel Row 169
2026-07-01 19:39:52,467 - INFO - MainThread - Order: V83070100567
2026-07-01 19:39:52,467 - INFO - MainThread - Processing Excel Row 170
2026-07-01 19:39:52,468 - INFO - MainThread - Order: V83070100568
2026-07-01 19:39:52,468 - INFO - MainThread - Processing Excel Row 171
2026-07-01 19:39:52,469 - INFO - MainThread - Order: V83070100569
2026-07-01 19:39:52,469 - INFO - MainThread - Processing Excel Row 172
2026-07-01 19:39:52,470 - INFO - MainThread - Order: V83070100570
2026-07-01 19:39:52,470 - INFO - MainThread - Processing Excel Row 173
2026-07-01 19:39:52,471 - INFO - MainThread - Order: V83070100571
2026-07-01 19:39:52,471 - INFO - MainThread - Processing Excel Row 174
2026-07-01 19:39:52,472 - INFO - MainThread - Order: V83070100572
2026-07-01 19:39:52,472 - INFO - MainThread - Processing Excel Row 175
2026-07-01 19:39:52,473 - INFO - MainThread - Order: V83070100573
2026-07-01 19:39:52,473 - INFO - MainThread - Processing Excel Row 176
2026-07-01 19:39:52,474 - INFO - MainThread - Order: V83070100574
2026-07-01 19:39:52,475 - INFO - MainThread - Processing Excel Row 177
2026-07-01 19:39:52,476 - INFO - MainThread - Order: V83070100575
2026-07-01 19:39:52,476 - INFO - MainThread - Processing Excel Row 178
2026-07-01 19:39:52,478 - INFO - MainThread - Order: V83070100576
2026-07-01 19:39:52,478 - INFO - MainThread - Processing Excel Row 179
2026-07-01 19:39:52,480 - INFO - MainThread - Order: V83070100577
2026-07-01 19:39:52,480 - INFO - MainThread - Processing Excel Row 180
2026-07-01 19:39:52,481 - INFO - MainThread - Order: V83070100578
2026-07-01 19:39:52,481 - INFO - MainThread - Processing Excel Row 181
2026-07-01 19:39:52,482 - INFO - MainThread - Order: V83070100579
2026-07-01 19:39:52,483 - INFO - MainThread - Processing Excel Row 182
2026-07-01 19:39:52,485 - INFO - MainThread - Order: V83070100580
2026-07-01 19:39:52,485 - INFO - MainThread - Processing Excel Row 183
2026-07-01 19:39:52,487 - INFO - MainThread - Order: V83070100581
2026-07-01 19:39:52,487 - INFO - MainThread - Processing Excel Row 184
2026-07-01 19:39:52,488 - INFO - MainThread - Order: V83070100582
2026-07-01 19:39:52,488 - INFO - MainThread - Processing Excel Row 185
2026-07-01 19:39:52,489 - INFO - MainThread - Order: V83070100583
2026-07-01 19:39:52,489 - INFO - MainThread - Processing Excel Row 186
2026-07-01 19:39:52,490 - INFO - MainThread - Order: V83070100584
2026-07-01 19:39:52,491 - INFO - MainThread - Processing Excel Row 187
2026-07-01 19:39:52,492 - INFO - MainThread - Order: V83070100585
2026-07-01 19:39:52,492 - INFO - MainThread - Processing Excel Row 188
2026-07-01 19:39:52,494 - INFO - MainThread - Order: V83070100586
2026-07-01 19:39:52,494 - INFO - MainThread - Processing Excel Row 189
2026-07-01 19:39:52,496 - INFO - MainThread - Order: V83070100587
2026-07-01 19:39:52,496 - INFO - MainThread - Processing Excel Row 190
2026-07-01 19:39:52,497 - INFO - MainThread - Order: V83070100588
2026-07-01 19:39:52,497 - INFO - MainThread - Processing Excel Row 191
2026-07-01 19:39:52,499 - INFO - MainThread - Order: V83070100589
2026-07-01 19:39:52,499 - INFO - MainThread - Processing Excel Row 192
2026-07-01 19:39:52,501 - INFO - MainThread - Order: V83070100590
2026-07-01 19:39:52,501 - INFO - MainThread - Processing Excel Row 193
2026-07-01 19:39:52,502 - INFO - MainThread - Order: V83070100591
2026-07-01 19:39:52,502 - INFO - MainThread - Processing Excel Row 194
2026-07-01 19:39:52,503 - INFO - MainThread - Order: V83070100592
2026-07-01 19:39:52,503 - INFO - MainThread - Processing Excel Row 195
2026-07-01 19:39:52,504 - INFO - MainThread - Order: V83070100593
2026-07-01 19:39:52,505 - INFO - MainThread - Processing Excel Row 196
2026-07-01 19:39:52,505 - INFO - MainThread - Order: V83070100594
2026-07-01 19:39:52,506 - INFO - MainThread - Processing Excel Row 197
2026-07-01 19:39:52,507 - INFO - MainThread - Order: V83070100595
2026-07-01 19:39:52,507 - INFO - MainThread - Processing Excel Row 198
2026-07-01 19:39:52,508 - INFO - MainThread - Order: V83070100596
2026-07-01 19:39:52,508 - INFO - MainThread - Processing Excel Row 199
2026-07-01 19:39:52,509 - INFO - MainThread - Order: V83070100597
2026-07-01 19:39:52,509 - INFO - MainThread - Processing Excel Row 200
2026-07-01 19:39:52,510 - INFO - MainThread - Order: V83070100598
2026-07-01 19:39:52,511 - INFO - MainThread - Processing Excel Row 201
2026-07-01 19:39:52,512 - INFO - MainThread - Order: V83070100599
2026-07-01 19:39:52,512 - INFO - MainThread - Processing Excel Row 202
2026-07-01 19:39:52,513 - INFO - MainThread - Order: V83070100600
2026-07-01 19:39:52,514 - INFO - MainThread - Processing Excel Row 203
2026-07-01 19:39:52,514 - INFO - MainThread - Order: V83070100601
2026-07-01 19:39:52,515 - INFO - MainThread - Processing Excel Row 204
2026-07-01 19:39:52,515 - INFO - MainThread - Order: V83070100602
2026-07-01 19:39:52,515 - INFO - MainThread - Processing Excel Row 205
2026-07-01 19:39:52,516 - INFO - MainThread - Order: V83070100603
2026-07-01 19:39:52,516 - INFO - MainThread - Processing Excel Row 206
2026-07-01 19:39:52,518 - INFO - MainThread - Order: V83070100604
2026-07-01 19:39:52,518 - INFO - MainThread - Processing Excel Row 207
2026-07-01 19:39:52,519 - INFO - MainThread - Order: V83070100605
2026-07-01 19:39:52,519 - INFO - MainThread - Processing Excel Row 208
2026-07-01 19:39:52,520 - INFO - MainThread - Order: V83070100606
2026-07-01 19:39:52,520 - INFO - MainThread - Processing Excel Row 209
2026-07-01 19:39:52,521 - INFO - MainThread - Order: V83070100607
2026-07-01 19:39:52,521 - INFO - MainThread - Processing Excel Row 210
2026-07-01 19:39:52,523 - INFO - MainThread - Order: V83070100608
2026-07-01 19:39:52,523 - INFO - MainThread - Processing Excel Row 211
2026-07-01 19:39:52,524 - INFO - MainThread - Order: V83070100609
2026-07-01 19:39:52,524 - INFO - MainThread - Processing Excel Row 212
2026-07-01 19:39:52,525 - INFO - MainThread - Order: V83070100610
2026-07-01 19:39:52,525 - INFO - MainThread - Processing Excel Row 213
2026-07-01 19:39:52,526 - INFO - MainThread - Order: V83070100611
2026-07-01 19:39:52,526 - INFO - MainThread - Processing Excel Row 214
2026-07-01 19:39:52,528 - INFO - MainThread - Order: V83070100612
2026-07-01 19:39:52,528 - INFO - MainThread - Processing Excel Row 215
2026-07-01 19:39:52,530 - INFO - MainThread - Order: V83070100613
2026-07-01 19:39:52,530 - INFO - MainThread - Processing Excel Row 216
2026-07-01 19:39:52,531 - INFO - MainThread - Order: V83070100614
2026-07-01 19:39:52,531 - INFO - MainThread - Processing Excel Row 217
2026-07-01 19:39:52,532 - INFO - MainThread - Order: V83070100615
2026-07-01 19:39:52,532 - INFO - MainThread - Processing Excel Row 218
2026-07-01 19:39:52,533 - INFO - MainThread - Order: V83070100616
2026-07-01 19:39:52,533 - INFO - MainThread - Processing Excel Row 219
2026-07-01 19:39:52,534 - INFO - MainThread - Order: V83070100617
2026-07-01 19:39:52,535 - INFO - MainThread - Processing Excel Row 220
2026-07-01 19:39:52,536 - INFO - MainThread - Order: V83070100618
2026-07-01 19:39:52,536 - INFO - MainThread - Processing Excel Row 221
2026-07-01 19:39:52,537 - INFO - MainThread - Order: V83070100619
2026-07-01 19:39:52,537 - INFO - MainThread - Processing Excel Row 222
2026-07-01 19:39:52,539 - INFO - MainThread - Order: V83070100620
2026-07-01 19:39:52,539 - INFO - MainThread - Processing Excel Row 223
2026-07-01 19:39:52,540 - INFO - MainThread - Order: V83070100621
2026-07-01 19:39:52,540 - INFO - MainThread - Processing Excel Row 224
2026-07-01 19:39:52,542 - INFO - MainThread - Order: V83070100622
2026-07-01 19:39:52,542 - INFO - MainThread - Processing Excel Row 225
2026-07-01 19:39:52,543 - INFO - MainThread - Order: V83070100623
2026-07-01 19:39:52,544 - INFO - MainThread - Processing Excel Row 226
2026-07-01 19:39:52,546 - INFO - MainThread - Order: V83070100624
2026-07-01 19:39:52,546 - INFO - MainThread - Processing Excel Row 227
2026-07-01 19:39:52,550 - INFO - MainThread - Order: V83070100625
2026-07-01 19:39:52,550 - INFO - MainThread - Processing Excel Row 228
2026-07-01 19:39:52,552 - INFO - MainThread - Order: V83070100626
2026-07-01 19:39:52,552 - INFO - MainThread - Processing Excel Row 229
2026-07-01 19:39:52,559 - INFO - MainThread - Order: V83070100627
2026-07-01 19:39:52,559 - INFO - MainThread - Processing Excel Row 230
2026-07-01 19:39:52,560 - INFO - MainThread - Order: V83070100628
2026-07-01 19:39:52,561 - INFO - MainThread - Processing Excel Row 231
2026-07-01 19:39:52,562 - INFO - MainThread - Order: V83070100629
2026-07-01 19:39:52,562 - INFO - MainThread - Processing Excel Row 232
2026-07-01 19:39:52,563 - INFO - MainThread - Order: V83070100630
2026-07-01 19:39:52,563 - INFO - MainThread - Processing Excel Row 233
2026-07-01 19:39:52,564 - INFO - MainThread - Order: V83070100631
2026-07-01 19:39:52,564 - INFO - MainThread - Processing Excel Row 234
2026-07-01 19:39:52,566 - INFO - MainThread - Order: V83070100632
2026-07-01 19:39:52,566 - INFO - MainThread - Processing Excel Row 235
2026-07-01 19:39:52,567 - INFO - MainThread - Order: V83070100633
2026-07-01 19:39:52,568 - INFO - MainThread - Processing Excel Row 236
2026-07-01 19:39:52,569 - INFO - MainThread - Order: V83070100634
2026-07-01 19:39:52,569 - INFO - MainThread - Processing Excel Row 237
2026-07-01 19:39:52,572 - INFO - MainThread - Order: V83070100635
2026-07-01 19:39:52,572 - INFO - MainThread - Processing Excel Row 238
2026-07-01 19:39:52,573 - INFO - MainThread - Order: V83070100636
2026-07-01 19:39:52,573 - INFO - MainThread - Processing Excel Row 239
2026-07-01 19:39:52,574 - INFO - MainThread - Order: V83070100637
2026-07-01 19:39:52,575 - INFO - MainThread - Processing Excel Row 240
2026-07-01 19:39:52,576 - INFO - MainThread - Order: V83070100638
2026-07-01 19:39:52,576 - INFO - MainThread - Processing Excel Row 241
2026-07-01 19:39:52,578 - INFO - MainThread - Order: V83070100639
2026-07-01 19:39:52,578 - INFO - MainThread - Processing Excel Row 242
2026-07-01 19:39:52,580 - INFO - MainThread - Order: V83070100640
2026-07-01 19:39:52,580 - INFO - MainThread - Processing Excel Row 243
2026-07-01 19:39:52,581 - INFO - MainThread - Order: V83070100641
2026-07-01 19:39:52,581 - INFO - MainThread - Processing Excel Row 244
2026-07-01 19:39:52,582 - INFO - MainThread - Order: V83070100642
2026-07-01 19:39:52,583 - INFO - MainThread - Processing Excel Row 245
2026-07-01 19:39:52,584 - INFO - MainThread - Order: V83070100643
2026-07-01 19:39:52,585 - INFO - MainThread - Processing Excel Row 246
2026-07-01 19:39:52,586 - INFO - MainThread - Order: V83070100644
2026-07-01 19:39:52,587 - INFO - MainThread - Processing Excel Row 247
2026-07-01 19:39:52,591 - INFO - MainThread - Order: V83070100645
2026-07-01 19:39:52,591 - INFO - MainThread - Processing Excel Row 248
2026-07-01 19:39:52,594 - INFO - MainThread - Order: V83070100646
2026-07-01 19:39:52,594 - INFO - MainThread - Processing Excel Row 249
2026-07-01 19:39:52,596 - INFO - MainThread - Order: V83070100647
2026-07-01 19:39:52,596 - INFO - MainThread - Processing Excel Row 250
2026-07-01 19:39:52,598 - INFO - MainThread - Order: V83070100648
2026-07-01 19:39:52,599 - INFO - MainThread - Processing Excel Row 251
2026-07-01 19:39:52,601 - INFO - MainThread - Order: V83070100649
2026-07-01 19:39:52,601 - INFO - MainThread - Processing Excel Row 252
2026-07-01 19:39:52,603 - INFO - MainThread - Order: V83070100650
2026-07-01 19:39:52,604 - INFO - MainThread - Processing Excel Row 253
2026-07-01 19:39:52,605 - INFO - MainThread - Order: V83070100651
2026-07-01 19:39:52,605 - INFO - MainThread - Processing Excel Row 254
2026-07-01 19:39:52,607 - INFO - MainThread - Order: V83070100652
2026-07-01 19:39:52,609 - INFO - MainThread - Processing Excel Row 255
2026-07-01 19:39:52,610 - INFO - MainThread - Order: V83070100653
2026-07-01 19:39:52,610 - INFO - MainThread - Processing Excel Row 256
2026-07-01 19:39:52,611 - INFO - MainThread - Order: V87070100654
2026-07-01 19:39:52,611 - INFO - MainThread - Processing Excel Row 257
2026-07-01 19:39:52,613 - INFO - MainThread - Order: V87070100655
2026-07-01 19:39:52,613 - INFO - MainThread - Processing Excel Row 258
2026-07-01 19:39:52,614 - INFO - MainThread - Order: V87070100656
2026-07-01 19:39:52,614 - INFO - MainThread - Processing Excel Row 259
2026-07-01 19:39:52,616 - INFO - MainThread - Order: V87070100657
2026-07-01 19:39:52,616 - INFO - MainThread - Processing Excel Row 260
2026-07-01 19:39:52,617 - INFO - MainThread - Order: V87070100658
2026-07-01 19:39:52,617 - INFO - MainThread - Processing Excel Row 261
2026-07-01 19:39:52,620 - INFO - MainThread - Order: V87070100659
2026-07-01 19:39:52,620 - INFO - MainThread - Processing Excel Row 262
2026-07-01 19:39:52,622 - INFO - MainThread - Order: V87070100660
2026-07-01 19:39:52,622 - INFO - MainThread - Processing Excel Row 263
2026-07-01 19:39:52,624 - INFO - MainThread - Order: V87070100661
2026-07-01 19:39:52,624 - INFO - MainThread - Processing Excel Row 264
2026-07-01 19:39:52,626 - INFO - MainThread - Order: V87070100662
2026-07-01 19:39:52,626 - INFO - MainThread - Processing Excel Row 265
2026-07-01 19:39:52,629 - INFO - MainThread - Order: V87070100663
2026-07-01 19:39:52,629 - INFO - MainThread - Processing Excel Row 266
2026-07-01 19:39:52,631 - INFO - MainThread - Order: V87070100664
2026-07-01 19:39:52,631 - INFO - MainThread - Processing Excel Row 267
2026-07-01 19:39:52,632 - INFO - MainThread - Order: V87070100665
2026-07-01 19:39:52,633 - INFO - MainThread - Processing Excel Row 268
2026-07-01 19:39:52,635 - INFO - MainThread - Order: V87070100666
2026-07-01 19:39:52,659 - INFO - MainThread - Processing Excel Row 269
2026-07-01 19:39:52,663 - INFO - MainThread - Order: V87070100667
2026-07-01 19:39:52,663 - INFO - MainThread - Processing Excel Row 270
2026-07-01 19:39:52,665 - INFO - MainThread - Order: V87070100668
2026-07-01 19:39:52,665 - INFO - MainThread - Processing Excel Row 271
2026-07-01 19:39:52,668 - INFO - MainThread - Order: V87070100669
2026-07-01 19:39:52,668 - INFO - MainThread - Processing Excel Row 272
2026-07-01 19:39:52,670 - INFO - MainThread - Order: V87070100670
2026-07-01 19:39:52,670 - INFO - MainThread - Processing Excel Row 273
2026-07-01 19:39:52,672 - INFO - MainThread - Order: V87070100671
2026-07-01 19:39:52,672 - INFO - MainThread - Processing Excel Row 274
2026-07-01 19:39:52,674 - INFO - MainThread - Order: V87070100672
2026-07-01 19:39:52,674 - INFO - MainThread - Processing Excel Row 275
2026-07-01 19:39:52,676 - INFO - MainThread - Order: V87070100673
2026-07-01 19:39:52,676 - INFO - MainThread - Processing Excel Row 276
2026-07-01 19:39:52,679 - INFO - MainThread - Order: V87070100674
2026-07-01 19:39:52,679 - INFO - MainThread - Processing Excel Row 277
2026-07-01 19:39:52,681 - INFO - MainThread - Order: V87070100675
2026-07-01 19:39:52,681 - INFO - MainThread - Processing Excel Row 278
2026-07-01 19:39:52,684 - INFO - MainThread - Order: V87070100676
2026-07-01 19:39:52,684 - INFO - MainThread - Processing Excel Row 279
2026-07-01 19:39:52,686 - INFO - MainThread - Order: V87070100677
2026-07-01 19:39:52,687 - INFO - MainThread - Processing Excel Row 280
2026-07-01 19:39:52,689 - INFO - MainThread - Order: V87070100678
2026-07-01 19:39:52,689 - INFO - MainThread - Processing Excel Row 281
2026-07-01 19:39:52,693 - INFO - MainThread - Order: V87070100679
2026-07-01 19:39:52,693 - INFO - MainThread - Processing Excel Row 282
2026-07-01 19:39:52,695 - INFO - MainThread - Order: V87070100680
2026-07-01 19:39:52,695 - INFO - MainThread - Processing Excel Row 283
2026-07-01 19:39:52,696 - INFO - MainThread - Order: V87070100681
2026-07-01 19:39:52,696 - INFO - MainThread - Processing Excel Row 284
2026-07-01 19:39:52,697 - INFO - MainThread - Order: V87070100682
2026-07-01 19:39:52,697 - INFO - MainThread - Processing Excel Row 285
2026-07-01 19:39:52,698 - INFO - MainThread - Order: V87070100683
2026-07-01 19:39:52,698 - INFO - MainThread - Processing Excel Row 286
2026-07-01 19:39:52,699 - INFO - MainThread - Order: V87070100684
2026-07-01 19:39:52,699 - INFO - MainThread - Processing Excel Row 287
2026-07-01 19:39:52,700 - INFO - MainThread - Order: V87070100685
2026-07-01 19:39:52,700 - INFO - MainThread - Processing Excel Row 288
2026-07-01 19:39:52,701 - INFO - MainThread - Order: V87070100686
2026-07-01 19:39:52,701 - INFO - MainThread - Processing Excel Row 289
2026-07-01 19:39:52,702 - INFO - MainThread - Order: V87070100687
2026-07-01 19:39:52,702 - INFO - MainThread - Processing Excel Row 290
2026-07-01 19:39:52,703 - INFO - MainThread - Order: V87070100688
2026-07-01 19:39:52,703 - INFO - MainThread - Processing Excel Row 291
2026-07-01 19:39:52,704 - INFO - MainThread - Order: V87070100689
2026-07-01 19:39:52,704 - INFO - MainThread - Processing Excel Row 292
2026-07-01 19:39:52,705 - INFO - MainThread - Order: V87070100690
2026-07-01 19:39:52,705 - INFO - MainThread - Processing Excel Row 293
2026-07-01 19:39:52,707 - INFO - MainThread - Order: V87070100691
2026-07-01 19:39:52,707 - INFO - MainThread - Processing Excel Row 294
2026-07-01 19:39:52,709 - INFO - MainThread - Order: V87070100692
2026-07-01 19:39:52,709 - INFO - MainThread - Processing Excel Row 295
2026-07-01 19:39:52,711 - INFO - MainThread - Order: V87070100693
2026-07-01 19:39:52,711 - INFO - MainThread - Processing Excel Row 296
2026-07-01 19:39:52,713 - INFO - MainThread - Order: V87070100694
2026-07-01 19:39:52,713 - INFO - MainThread - Processing Excel Row 297
2026-07-01 19:39:52,715 - INFO - MainThread - Order: V87070100695
2026-07-01 19:39:52,715 - INFO - MainThread - Processing Excel Row 298
2026-07-01 19:39:52,717 - INFO - MainThread - Order: V87070100696
2026-07-01 19:39:52,717 - INFO - MainThread - Processing Excel Row 299
2026-07-01 19:39:52,719 - INFO - MainThread - Order: V87070100697
2026-07-01 19:39:52,719 - INFO - MainThread - Processing Excel Row 300
2026-07-01 19:39:52,721 - INFO - MainThread - Order: V87070100698
2026-07-01 19:39:52,721 - INFO - MainThread - Processing Excel Row 301
2026-07-01 19:39:52,723 - INFO - MainThread - Order: V87070100699
2026-07-01 19:39:52,723 - INFO - MainThread - Processing Excel Row 302
2026-07-01 19:39:52,724 - INFO - MainThread - Order: V87070100700
2026-07-01 19:39:52,725 - INFO - MainThread - Processing Excel Row 303
2026-07-01 19:39:52,727 - INFO - MainThread - Order: V87070100701
2026-07-01 19:39:52,727 - INFO - MainThread - Processing Excel Row 304
2026-07-01 19:39:52,729 - INFO - MainThread - Order: V87070100702
2026-07-01 19:39:52,729 - INFO - MainThread - Processing Excel Row 305
2026-07-01 19:39:52,731 - INFO - MainThread - Order: V87070100703
2026-07-01 19:39:52,732 - INFO - MainThread - Processing Excel Row 306
2026-07-01 19:39:52,736 - INFO - MainThread - Order: V87070100704
2026-07-01 19:39:52,736 - INFO - MainThread - Processing Excel Row 307
2026-07-01 19:39:52,739 - INFO - MainThread - Order: V87070100705
2026-07-01 19:39:52,739 - INFO - MainThread - Processing Excel Row 308
2026-07-01 19:39:52,742 - INFO - MainThread - Order: V87070100706
2026-07-01 19:39:52,742 - INFO - MainThread - Processing Excel Row 309
2026-07-01 19:39:52,753 - INFO - MainThread - Order: V87070100707
2026-07-01 19:39:52,753 - INFO - MainThread - Processing Excel Row 310
2026-07-01 19:39:52,757 - INFO - MainThread - Order: V87070100708
2026-07-01 19:39:52,757 - INFO - MainThread - Processing Excel Row 311
2026-07-01 19:39:52,758 - INFO - MainThread - Order: V87070100709
2026-07-01 19:39:52,758 - INFO - MainThread - Processing Excel Row 312
2026-07-01 19:39:52,759 - INFO - MainThread - Order: V87070100710
2026-07-01 19:39:52,760 - INFO - MainThread - Processing Excel Row 313
2026-07-01 19:39:52,761 - INFO - MainThread - Order: V87070100711
2026-07-01 19:39:52,761 - INFO - MainThread - Processing Excel Row 314
2026-07-01 19:39:52,762 - INFO - MainThread - Order: V87070100712
2026-07-01 19:39:52,762 - INFO - MainThread - Processing Excel Row 315
2026-07-01 19:39:52,764 - INFO - MainThread - Order: V87070100713
2026-07-01 19:39:52,764 - INFO - MainThread - Processing Excel Row 316
2026-07-01 19:39:52,765 - INFO - MainThread - Order: V87070100714
2026-07-01 19:39:52,765 - INFO - MainThread - Processing Excel Row 317
2026-07-01 19:39:52,767 - INFO - MainThread - Order: V87070100715
2026-07-01 19:39:52,767 - INFO - MainThread - Processing Excel Row 318
2026-07-01 19:39:52,768 - INFO - MainThread - Order: V87070100716
2026-07-01 19:39:52,768 - INFO - MainThread - Processing Excel Row 319
2026-07-01 19:39:52,769 - INFO - MainThread - Order: V87070100717
2026-07-01 19:39:52,769 - INFO - MainThread - Processing Excel Row 320
2026-07-01 19:39:52,771 - INFO - MainThread - Order: V87070100718
2026-07-01 19:39:52,771 - INFO - MainThread - Processing Excel Row 321
2026-07-01 19:39:52,773 - INFO - MainThread - Order: V87070100719
2026-07-01 19:39:52,773 - INFO - MainThread - Processing Excel Row 322
2026-07-01 19:39:52,774 - INFO - MainThread - Order: V87070100720
2026-07-01 19:39:52,774 - INFO - MainThread - Processing Excel Row 323
2026-07-01 19:39:52,774 - INFO - MainThread - Order: V87070100721
2026-07-01 19:39:52,775 - INFO - MainThread - Processing Excel Row 324
2026-07-01 19:39:52,776 - INFO - MainThread - Order: V87070100722
2026-07-01 19:39:52,776 - INFO - MainThread - Processing Excel Row 325
2026-07-01 19:39:52,781 - INFO - MainThread - Order: V87070100723
2026-07-01 19:39:52,781 - INFO - MainThread - Processing Excel Row 326
2026-07-01 19:39:52,782 - INFO - MainThread - Order: V87070100724
2026-07-01 19:39:52,782 - INFO - MainThread - Processing Excel Row 327
2026-07-01 19:39:52,783 - INFO - MainThread - Order: V87070100725
2026-07-01 19:39:52,783 - INFO - MainThread - Processing Excel Row 328
2026-07-01 19:39:52,784 - INFO - MainThread - Order: V87070100726
2026-07-01 19:39:52,784 - INFO - MainThread - Processing Excel Row 329
2026-07-01 19:39:52,785 - INFO - MainThread - Order: V87070100727
2026-07-01 19:39:52,785 - INFO - MainThread - Processing Excel Row 330
2026-07-01 19:39:52,786 - INFO - MainThread - Order: V87070100728
2026-07-01 19:39:52,786 - INFO - MainThread - Processing Excel Row 331
2026-07-01 19:39:52,789 - INFO - MainThread - Order: V87070100729
2026-07-01 19:39:52,789 - INFO - MainThread - Processing Excel Row 332
2026-07-01 19:39:52,791 - INFO - MainThread - Order: V87070100730
2026-07-01 19:39:52,791 - INFO - MainThread - Processing Excel Row 333
2026-07-01 19:39:52,793 - INFO - MainThread - Order: V87070100731
2026-07-01 19:39:52,793 - INFO - MainThread - Processing Excel Row 334
2026-07-01 19:39:52,795 - INFO - MainThread - Order: V87070100732
2026-07-01 19:39:52,795 - INFO - MainThread - Processing Excel Row 335
2026-07-01 19:39:52,797 - INFO - MainThread - Order: V87070100733
2026-07-01 19:39:52,798 - INFO - MainThread - Processing Excel Row 336
2026-07-01 19:39:52,800 - INFO - MainThread - Order: V87070100734
2026-07-01 19:39:52,800 - INFO - MainThread - Processing Excel Row 337
2026-07-01 19:39:52,801 - INFO - MainThread - Order: V87070100735
2026-07-01 19:39:52,801 - INFO - MainThread - Processing Excel Row 338
2026-07-01 19:39:52,802 - INFO - MainThread - Order: V87070100736
2026-07-01 19:39:52,803 - INFO - MainThread - Processing Excel Row 339
2026-07-01 19:39:52,804 - INFO - MainThread - Order: V87070100737
2026-07-01 19:39:52,804 - INFO - MainThread - Processing Excel Row 340
2026-07-01 19:39:52,805 - INFO - MainThread - Order: V87070100738
2026-07-01 19:39:52,805 - INFO - MainThread - Processing Excel Row 341
2026-07-01 19:39:52,806 - INFO - MainThread - Order: V87070100739
2026-07-01 19:39:52,806 - INFO - MainThread - Processing Excel Row 342
2026-07-01 19:39:52,807 - INFO - MainThread - Order: V87070100740
2026-07-01 19:39:52,807 - INFO - MainThread - Processing Excel Row 343
2026-07-01 19:39:52,808 - INFO - MainThread - Order: V87070100741
2026-07-01 19:39:52,808 - INFO - MainThread - Processing Excel Row 344
2026-07-01 19:39:52,809 - INFO - MainThread - Order: V87070100742
2026-07-01 19:39:52,809 - INFO - MainThread - Processing Excel Row 345
2026-07-01 19:39:52,810 - INFO - MainThread - Order: V87070100743
2026-07-01 19:39:52,811 - INFO - MainThread - Processing Excel Row 346
2026-07-01 19:39:52,812 - INFO - MainThread - Order: V87070100744
2026-07-01 19:39:52,812 - INFO - MainThread - Processing Excel Row 347
2026-07-01 19:39:52,813 - INFO - MainThread - Order: V87070100745
2026-07-01 19:39:52,813 - INFO - MainThread - Processing Excel Row 348
2026-07-01 19:39:52,814 - INFO - MainThread - Order: V87070100746
2026-07-01 19:39:52,814 - INFO - MainThread - Processing Excel Row 349
2026-07-01 19:39:52,817 - INFO - MainThread - Order: V87070100747
2026-07-01 19:39:52,817 - INFO - MainThread - Processing Excel Row 350
2026-07-01 19:39:52,819 - INFO - MainThread - Order: V87070100748
2026-07-01 19:39:52,819 - INFO - MainThread - Processing Excel Row 351
2026-07-01 19:39:52,822 - INFO - MainThread - Order: V87070100749
2026-07-01 19:39:52,822 - INFO - MainThread - Processing Excel Row 352
2026-07-01 19:39:52,824 - INFO - MainThread - Order: V87070100750
2026-07-01 19:39:52,824 - INFO - MainThread - Processing Excel Row 353
2026-07-01 19:39:52,826 - INFO - MainThread - Order: V87070100751
2026-07-01 19:39:52,826 - INFO - MainThread - Processing Excel Row 354
2026-07-01 19:39:52,827 - INFO - MainThread - Order: V87070100752
2026-07-01 19:39:52,828 - INFO - MainThread - Processing Excel Row 355
2026-07-01 19:39:52,829 - INFO - MainThread - Order: V87070100753
2026-07-01 19:39:52,829 - INFO - MainThread - Processing Excel Row 356
2026-07-01 19:39:52,830 - INFO - MainThread - Order: V87070100754
2026-07-01 19:39:52,830 - INFO - MainThread - Processing Excel Row 357
2026-07-01 19:39:52,831 - INFO - MainThread - Order: V87070100755
2026-07-01 19:39:52,831 - INFO - MainThread - Processing Excel Row 358
2026-07-01 19:39:52,832 - INFO - MainThread - Order: V87070100756
2026-07-01 19:39:52,832 - INFO - MainThread - Processing Excel Row 359
2026-07-01 19:39:52,833 - INFO - MainThread - Order: V87070100757
2026-07-01 19:39:52,833 - INFO - MainThread - Processing Excel Row 360
2026-07-01 19:39:52,834 - INFO - MainThread - Order: V87070100758
2026-07-01 19:39:52,834 - INFO - MainThread - Processing Excel Row 361
2026-07-01 19:39:52,835 - INFO - MainThread - Order: V87070100759
2026-07-01 19:39:52,835 - INFO - MainThread - Processing Excel Row 362
2026-07-01 19:39:52,836 - INFO - MainThread - Order: V87070100760
2026-07-01 19:39:52,836 - INFO - MainThread - Processing Excel Row 363
2026-07-01 19:39:52,837 - INFO - MainThread - Order: V87070100761
2026-07-01 19:39:52,837 - INFO - MainThread - Processing Excel Row 364
2026-07-01 19:39:52,838 - INFO - MainThread - Order: V87070100762
2026-07-01 19:39:52,838 - INFO - MainThread - Processing Excel Row 365
2026-07-01 19:39:52,839 - INFO - MainThread - Order: V87070100763
2026-07-01 19:39:53,099 - INFO - MainThread - Total payloads to send: 365
2026-07-01 19:39:53,099 - INFO - MainThread - Using 10 worker thread(s).
2026-07-01 19:39:53,804 - INFO - ThreadPoolExecutor-0_0 - [PROD] Sending payload 1/365 | Order Number: V83070100399
2026-07-01 19:39:53,804 - INFO - ThreadPoolExecutor-0_1 - [PROD] Sending payload 2/365 | Order Number: V83070100400
2026-07-01 19:39:53,804 - INFO - ThreadPoolExecutor-0_2 - [PROD] Sending payload 3/365 | Order Number: V83070100401
2026-07-01 19:39:53,805 - INFO - ThreadPoolExecutor-0_3 - [PROD] Sending payload 4/365 | Order Number: V83070100402
2026-07-01 19:39:53,807 - INFO - ThreadPoolExecutor-0_4 - [PROD] Sending payload 5/365 | Order Number: V83070100403
2026-07-01 19:39:53,808 - INFO - ThreadPoolExecutor-0_5 - [PROD] Sending payload 6/365 | Order Number: V83070100404
2026-07-01 19:39:53,808 - INFO - ThreadPoolExecutor-0_6 - [PROD] Sending payload 7/365 | Order Number: V83070100405
2026-07-01 19:39:53,810 - INFO - ThreadPoolExecutor-0_7 - [PROD] Sending payload 8/365 | Order Number: V83070100406
2026-07-01 19:39:53,812 - INFO - ThreadPoolExecutor-0_8 - [PROD] Sending payload 9/365 | Order Number: V83070100407
2026-07-01 19:39:53,813 - INFO - ThreadPoolExecutor-0_9 - [PROD] Sending payload 10/365 | Order Number: V83070100408
2026-07-01 19:39:57,731 - INFO - ThreadPoolExecutor-0_3 - [PROD] Payload 4/365 sent successfully. Status Code: 200
2026-07-01 19:39:57,733 - INFO - ThreadPoolExecutor-0_3 - [PROD] Sending payload 11/365 | Order Number: V83070100409
2026-07-01 19:39:57,758 - INFO - ThreadPoolExecutor-0_8 - [PROD] Payload 9/365 sent successfully. Status Code: 200
2026-07-01 19:39:57,758 - INFO - ThreadPoolExecutor-0_8 - [PROD] Sending payload 12/365 | Order Number: V83070100410
2026-07-01 19:39:57,760 - INFO - ThreadPoolExecutor-0_9 - [PROD] Payload 10/365 sent successfully. Status Code: 200
2026-07-01 19:39:57,760 - INFO - ThreadPoolExecutor-0_9 - [PROD] Sending payload 13/365 | Order Number: V83070100411
2026-07-01 19:39:57,766 - INFO - ThreadPoolExecutor-0_4 - [PROD] Payload 5/365 sent successfully. Status Code: 200
2026-07-01 19:39:57,766 - INFO - ThreadPoolExecutor-0_4 - [PROD] Sending payload 14/365 | Order Number: V83070100412
2026-07-01 19:39:57,922 - INFO - ThreadPoolExecutor-0_2 - [PROD] Payload 3/365 sent successfully. Status Code: 200
2026-07-01 19:39:57,923 - INFO - ThreadPoolExecutor-0_2 - [PROD] Sending payload 15/365 | Order Number: V83070100413
2026-07-01 19:39:57,930 - INFO - ThreadPoolExecutor-0_6 - [PROD] Payload 7/365 sent successfully. Status Code: 200
2026-07-01 19:39:57,930 - INFO - ThreadPoolExecutor-0_6 - [PROD] Sending payload 16/365 | Order Number: V83070100414
2026-07-01 19:39:58,083 - INFO - ThreadPoolExecutor-0_5 - [PROD] Payload 6/365 sent successfully. Status Code: 200
2026-07-01 19:39:58,088 - INFO - ThreadPoolExecutor-0_5 - [PROD] Sending payload 17/365 | Order Number: V83070100415
2026-07-01 19:39:58,310 - INFO - ThreadPoolExecutor-0_1 - [PROD] Payload 2/365 sent successfully. Status Code: 200
2026-07-01 19:39:58,312 - INFO - ThreadPoolExecutor-0_1 - [PROD] Sending payload 18/365 | Order Number: V83070100416
2026-07-01 19:39:58,316 - INFO - ThreadPoolExecutor-0_7 - [PROD] Payload 8/365 sent successfully. Status Code: 200
2026-07-01 19:39:58,317 - INFO - ThreadPoolExecutor-0_7 - [PROD] Sending payload 19/365 | Order Number: V83070100417
2026-07-01 19:39:58,776 - INFO - ThreadPoolExecutor-0_0 - [PROD] Payload 1/365 sent successfully. Status Code: 200
2026-07-01 19:39:58,777 - INFO - ThreadPoolExecutor-0_0 - [PROD] Sending payload 20/365 | Order Number: V83070100418
2026-07-01 19:39:59,302 - INFO - ThreadPoolExecutor-0_4 - [PROD] Payload 14/365 sent successfully. Status Code: 200
2026-07-01 19:39:59,303 - INFO - ThreadPoolExecutor-0_4 - [PROD] Sending payload 21/365 | Order Number: V83070100419
2026-07-01 19:39:59,454 - INFO - ThreadPoolExecutor-0_2 - [PROD] Payload 15/365 sent successfully. Status Code: 200
2026-07-01 19:39:59,455 - INFO - ThreadPoolExecutor-0_2 - [PROD] Sending payload 22/365 | Order Number: V83070100420
2026-07-01 19:39:59,459 - INFO - ThreadPoolExecutor-0_5 - [PROD] Payload 17/365 sent successfully. Status Code: 200
2026-07-01 19:39:59,460 - INFO - ThreadPoolExecutor-0_5 - [PROD] Sending payload 23/365 | Order Number: V83070100421
2026-07-01 19:39:59,694 - INFO - ThreadPoolExecutor-0_7 - [PROD] Payload 19/365 sent successfully. Status Code: 200
2026-07-01 19:39:59,694 - INFO - ThreadPoolExecutor-0_7 - [PROD] Sending payload 24/365 | Order Number: V83070100422
2026-07-01 19:39:59,762 - INFO - ThreadPoolExecutor-0_3 - [PROD] Payload 11/365 sent successfully. Status Code: 200
2026-07-01 19:39:59,762 - INFO - ThreadPoolExecutor-0_3 - [PROD] Sending payload 25/365 | Order Number: V83070100423
2026-07-01 19:39:59,822 - INFO - ThreadPoolExecutor-0_6 - [PROD] Payload 16/365 sent successfully. Status Code: 200
2026-07-01 19:39:59,822 - INFO - ThreadPoolExecutor-0_6 - [PROD] Sending payload 26/365 | Order Number: V83070100424
2026-07-01 19:39:59,916 - INFO - ThreadPoolExecutor-0_9 - [PROD] Payload 13/365 sent successfully. Status Code: 200
2026-07-01 19:39:59,917 - INFO - ThreadPoolExecutor-0_9 - [PROD] Sending payload 27/365 | Order Number: V83070100425
2026-07-01 19:40:00,043 - INFO - ThreadPoolExecutor-0_8 - [PROD] Payload 12/365 sent successfully. Status Code: 200
2026-07-01 19:40:00,044 - INFO - ThreadPoolExecutor-0_8 - [PROD] Sending payload 28/365 | Order Number: V83070100426
2026-07-01 19:40:00,175 - INFO - ThreadPoolExecutor-0_0 - [PROD] Payload 20/365 sent successfully. Status Code: 200
2026-07-01 19:40:00,176 - INFO - ThreadPoolExecutor-0_0 - [PROD] Sending payload 29/365 | Order Number: V83070100427
2026-07-01 19:40:00,362 - INFO - ThreadPoolExecutor-0_1 - [PROD] Payload 18/365 sent successfully. Status Code: 200
2026-07-01 19:40:00,363 - INFO - ThreadPoolExecutor-0_1 - [PROD] Sending payload 30/365 | Order Number: V83070100428
2026-07-01 19:40:00,785 - INFO - ThreadPoolExecutor-0_2 - [PROD] Payload 22/365 sent successfully. Status Code: 200
2026-07-01 19:40:00,786 - INFO - ThreadPoolExecutor-0_2 - [PROD] Sending payload 31/365 | Order Number: V83070100429
2026-07-01 19:40:00,816 - INFO - ThreadPoolExecutor-0_4 - [PROD] Payload 21/365 sent successfully. Status Code: 200
2026-07-01 19:40:00,817 - INFO - ThreadPoolExecutor-0_4 - [PROD] Sending payload 32/365 | Order Number: V83070100430
2026-07-01 19:40:00,968 - INFO - ThreadPoolExecutor-0_5 - [PROD] Payload 23/365 sent successfully. Status Code: 200
2026-07-01 19:40:00,970 - INFO - ThreadPoolExecutor-0_5 - [PROD] Sending payload 33/365 | Order Number: V83070100431
2026-07-01 19:40:01,036 - INFO - ThreadPoolExecutor-0_7 - [PROD] Payload 24/365 sent successfully. Status Code: 200
2026-07-01 19:40:01,038 - INFO - ThreadPoolExecutor-0_7 - [PROD] Sending payload 34/365 | Order Number: V83070100432
2026-07-01 19:40:01,221 - INFO - ThreadPoolExecutor-0_6 - [PROD] Payload 26/365 sent successfully. Status Code: 200
2026-07-01 19:40:01,222 - INFO - ThreadPoolExecutor-0_6 - [PROD] Sending payload 35/365 | Order Number: V83070100433
2026-07-01 19:40:01,312 - INFO - ThreadPoolExecutor-0_3 - [PROD] Payload 25/365 sent successfully. Status Code: 200
2026-07-01 19:40:01,317 - INFO - ThreadPoolExecutor-0_3 - [PROD] Sending payload 36/365 | Order Number: V83070100434
2026-07-01 19:40:01,410 - INFO - ThreadPoolExecutor-0_9 - [PROD] Payload 27/365 sent successfully. Status Code: 200
2026-07-01 19:40:01,410 - INFO - ThreadPoolExecutor-0_9 - [PROD] Sending payload 37/365 | Order Number: V83070100435
2026-07-01 19:40:01,597 - INFO - ThreadPoolExecutor-0_0 - [PROD] Payload 29/365 sent successfully. Status Code: 200
2026-07-01 19:40:01,599 - INFO - ThreadPoolExecutor-0_0 - [PROD] Sending payload 38/365 | Order Number: V83070100436
2026-07-01 19:40:01,757 - INFO - ThreadPoolExecutor-0_1 - [PROD] Payload 30/365 sent successfully. Status Code: 200
2026-07-01 19:40:01,757 - INFO - ThreadPoolExecutor-0_1 - [PROD] Sending payload 39/365 | Order Number: V83070100437
2026-07-01 19:40:01,769 - INFO - ThreadPoolExecutor-0_8 - [PROD] Payload 28/365 sent successfully. Status Code: 200
2026-07-01 19:40:01,769 - INFO - ThreadPoolExecutor-0_8 - [PROD] Sending payload 40/365 | Order Number: V83070100438
2026-07-01 19:40:02,172 - INFO - ThreadPoolExecutor-0_4 - [PROD] Payload 32/365 sent successfully. Status Code: 200
2026-07-01 19:40:02,173 - INFO - ThreadPoolExecutor-0_4 - [PROD] Sending payload 41/365 | Order Number: V83070100439
2026-07-01 19:40:02,413 - INFO - ThreadPoolExecutor-0_2 - [PROD] Payload 31/365 sent successfully. Status Code: 200
2026-07-01 19:40:02,413 - INFO - ThreadPoolExecutor-0_2 - [PROD] Sending payload 42/365 | Order Number: V83070100440
2026-07-01 19:40:02,624 - INFO - ThreadPoolExecutor-0_7 - [PROD] Payload 34/365 sent successfully. Status Code: 200
2026-07-01 19:40:02,624 - INFO - ThreadPoolExecutor-0_7 - [PROD] Sending payload 43/365 | Order Number: V83070100441
2026-07-01 19:40:02,714 - INFO - ThreadPoolExecutor-0_3 - [PROD] Payload 36/365 sent successfully. Status Code: 200
2026-07-01 19:40:02,714 - INFO - ThreadPoolExecutor-0_3 - [PROD] Sending payload 44/365 | Order Number: V83070100442
2026-07-01 19:40:02,917 - INFO - ThreadPoolExecutor-0_9 - [PROD] Payload 37/365 sent successfully. Status Code: 200
2026-07-01 19:40:02,918 - INFO - ThreadPoolExecutor-0_9 - [PROD] Sending payload 45/365 | Order Number: V83070100443
2026-07-01 19:40:02,920 - INFO - ThreadPoolExecutor-0_6 - [PROD] Payload 35/365 sent successfully. Status Code: 200
2026-07-01 19:40:02,921 - INFO - ThreadPoolExecutor-0_6 - [PROD] Sending payload 46/365 | Order Number: V83070100444
2026-07-01 19:40:03,216 - INFO - ThreadPoolExecutor-0_0 - [PROD] Payload 38/365 sent successfully. Status Code: 200
2026-07-01 19:40:03,216 - INFO - ThreadPoolExecutor-0_0 - [PROD] Sending payload 47/365 | Order Number: V83070100445
2026-07-01 19:40:03,472 - INFO - ThreadPoolExecutor-0_1 - [PROD] Payload 39/365 sent successfully. Status Code: 200
2026-07-01 19:40:03,474 - INFO - ThreadPoolExecutor-0_1 - [PROD] Sending payload 48/365 | Order Number: V83070100446
2026-07-01 19:40:03,660 - INFO - ThreadPoolExecutor-0_4 - [PROD] Payload 41/365 sent successfully. Status Code: 200
2026-07-01 19:40:03,661 - INFO - ThreadPoolExecutor-0_4 - [PROD] Sending payload 49/365 | Order Number: V83070100447
2026-07-01 19:40:03,791 - INFO - ThreadPoolExecutor-0_2 - [PROD] Payload 42/365 sent successfully. Status Code: 200
2026-07-01 19:40:03,791 - INFO - ThreadPoolExecutor-0_2 - [PROD] Sending payload 50/365 | Order Number: V83070100448
2026-07-01 19:40:04,004 - INFO - ThreadPoolExecutor-0_8 - [PROD] Payload 40/365 sent successfully. Status Code: 200
2026-07-01 19:40:04,005 - INFO - ThreadPoolExecutor-0_8 - [PROD] Sending payload 51/365 | Order Number: V83070100449
2026-07-01 19:40:04,111 - INFO - ThreadPoolExecutor-0_3 - [PROD] Payload 44/365 sent successfully. Status Code: 200
2026-07-01 19:40:04,112 - INFO - ThreadPoolExecutor-0_3 - [PROD] Sending payload 52/365 | Order Number: V83070100450
2026-07-01 19:40:04,197 - INFO - ThreadPoolExecutor-0_7 - [PROD] Payload 43/365 sent successfully. Status Code: 200
2026-07-01 19:40:04,199 - INFO - ThreadPoolExecutor-0_7 - [PROD] Sending payload 53/365 | Order Number: V83070100451
2026-07-01 19:40:04,413 - INFO - ThreadPoolExecutor-0_5 - [PROD] Payload 33/365 sent successfully. Status Code: 200
2026-07-01 19:40:04,418 - INFO - ThreadPoolExecutor-0_5 - [PROD] Sending payload 54/365 | Order Number: V83070100452
2026-07-01 19:40:04,433 - INFO - ThreadPoolExecutor-0_9 - [PROD] Payload 45/365 sent successfully. Status Code: 200
2026-07-01 19:40:04,433 - INFO - ThreadPoolExecutor-0_9 - [PROD] Sending payload 55/365 | Order Number: V83070100453
2026-07-01 19:40:04,472 - INFO - ThreadPoolExecutor-0_6 - [PROD] Payload 46/365 sent successfully. Status Code: 200
2026-07-01 19:40:04,472 - INFO - ThreadPoolExecutor-0_6 - [PROD] Sending payload 56/365 | Order Number: V83070100454
2026-07-01 19:40:04,658 - INFO - ThreadPoolExecutor-0_0 - [PROD] Payload 47/365 sent successfully. Status Code: 200
2026-07-01 19:40:04,660 - INFO - ThreadPoolExecutor-0_0 - [PROD] Sending payload 57/365 | Order Number: V83070100455
2026-07-01 19:40:04,832 - INFO - ThreadPoolExecutor-0_1 - [PROD] Payload 48/365 sent successfully. Status Code: 200
2026-07-01 19:40:04,832 - INFO - ThreadPoolExecutor-0_1 - [PROD] Sending payload 58/365 | Order Number: V83070100456
2026-07-01 19:40:05,018 - INFO - ThreadPoolExecutor-0_4 - [PROD] Payload 49/365 sent successfully. Status Code: 200
2026-07-01 19:40:05,020 - INFO - ThreadPoolExecutor-0_4 - [PROD] Sending payload 59/365 | Order Number: V83070100457
2026-07-01 19:40:05,190 - INFO - ThreadPoolExecutor-0_2 - [PROD] Payload 50/365 sent successfully. Status Code: 200
2026-07-01 19:40:05,191 - INFO - ThreadPoolExecutor-0_2 - [PROD] Sending payload 60/365 | Order Number: V83070100458
2026-07-01 19:40:05,427 - INFO - ThreadPoolExecutor-0_8 - [PROD] Payload 51/365 sent successfully. Status Code: 200
2026-07-01 19:40:05,429 - INFO - ThreadPoolExecutor-0_8 - [PROD] Sending payload 61/365 | Order Number: V83070100459
2026-07-01 19:40:05,603 - INFO - ThreadPoolExecutor-0_3 - [PROD] Payload 52/365 sent successfully. Status Code: 200
2026-07-01 19:40:05,604 - INFO - ThreadPoolExecutor-0_3 - [PROD] Sending payload 62/365 | Order Number: V83070100460
2026-07-01 19:40:05,618 - INFO - ThreadPoolExecutor-0_7 - [PROD] Payload 53/365 sent successfully. Status Code: 200
2026-07-01 19:40:05,619 - INFO - ThreadPoolExecutor-0_7 - [PROD] Sending payload 63/365 | Order Number: V83070100461
2026-07-01 19:40:05,894 - INFO - ThreadPoolExecutor-0_5 - [PROD] Payload 54/365 sent successfully. Status Code: 200
2026-07-01 19:40:05,897 - INFO - ThreadPoolExecutor-0_5 - [PROD] Sending payload 64/365 | Order Number: V83070100462
2026-07-01 19:40:06,042 - INFO - ThreadPoolExecutor-0_9 - [PROD] Payload 55/365 sent successfully. Status Code: 200
2026-07-01 19:40:06,044 - INFO - ThreadPoolExecutor-0_9 - [PROD] Sending payload 65/365 | Order Number: V83070100463
2026-07-01 19:40:06,101 - INFO - ThreadPoolExecutor-0_0 - [PROD] Payload 57/365 sent successfully. Status Code: 200
2026-07-01 19:40:06,103 - INFO - ThreadPoolExecutor-0_0 - [PROD] Sending payload 66/365 | Order Number: V83070100464
2026-07-01 19:40:06,224 - INFO - ThreadPoolExecutor-0_6 - [PROD] Payload 56/365 sent successfully. Status Code: 200
2026-07-01 19:40:06,224 - INFO - ThreadPoolExecutor-0_6 - [PROD] Sending payload 67/365 | Order Number: V83070100465
2026-07-01 19:40:06,237 - INFO - ThreadPoolExecutor-0_1 - [PROD] Payload 58/365 sent successfully. Status Code: 200
2026-07-01 19:40:06,237 - INFO - ThreadPoolExecutor-0_1 - [PROD] Sending payload 68/365 | Order Number: V83070100466
2026-07-01 19:40:06,452 - INFO - ThreadPoolExecutor-0_4 - [PROD] Payload 59/365 sent successfully. Status Code: 200
2026-07-01 19:40:06,453 - INFO - ThreadPoolExecutor-0_4 - [PROD] Sending payload 69/365 | Order Number: V83070100467
2026-07-01 19:40:06,639 - INFO - ThreadPoolExecutor-0_2 - [PROD] Payload 60/365 sent successfully. Status Code: 200
2026-07-01 19:40:06,640 - INFO - ThreadPoolExecutor-0_2 - [PROD] Sending payload 70/365 | Order Number: V83070100468
2026-07-01 19:40:06,846 - INFO - ThreadPoolExecutor-0_8 - [PROD] Payload 61/365 sent successfully. Status Code: 200
2026-07-01 19:40:06,846 - INFO - ThreadPoolExecutor-0_8 - [PROD] Sending payload 71/365 | Order Number: V83070100469
2026-07-01 19:40:07,062 - INFO - ThreadPoolExecutor-0_3 - [PROD] Payload 62/365 sent successfully. Status Code: 200
2026-07-01 19:40:07,063 - INFO - ThreadPoolExecutor-0_3 - [PROD] Sending payload 72/365 | Order Number: V83070100470
2026-07-01 19:40:07,119 - INFO - ThreadPoolExecutor-0_7 - [PROD] Payload 63/365 sent successfully. Status Code: 200
2026-07-01 19:40:07,123 - INFO - ThreadPoolExecutor-0_7 - [PROD] Sending payload 73/365 | Order Number: V83070100471
2026-07-01 19:40:07,454 - INFO - ThreadPoolExecutor-0_5 - [PROD] Payload 64/365 sent successfully. Status Code: 200
2026-07-01 19:40:07,457 - INFO - ThreadPoolExecutor-0_5 - [PROD] Sending payload 74/365 | Order Number: V83070100472
2026-07-01 19:40:07,495 - INFO - ThreadPoolExecutor-0_0 - [PROD] Payload 66/365 sent successfully. Status Code: 200
2026-07-01 19:40:07,496 - INFO - ThreadPoolExecutor-0_0 - [PROD] Sending payload 75/365 | Order Number: V83070100473
2026-07-01 19:40:07,633 - INFO - ThreadPoolExecutor-0_9 - [PROD] Payload 65/365 sent successfully. Status Code: 200
2026-07-01 19:40:07,634 - INFO - ThreadPoolExecutor-0_9 - [PROD] Sending payload 76/365 | Order Number: V83070100474
2026-07-01 19:40:07,667 - INFO - ThreadPoolExecutor-0_6 - [PROD] Payload 67/365 sent successfully. Status Code: 200
2026-07-01 19:40:07,668 - INFO - ThreadPoolExecutor-0_6 - [PROD] Sending payload 77/365 | Order Number: V83070100475
2026-07-01 19:40:07,678 - INFO - ThreadPoolExecutor-0_1 - [PROD] Payload 68/365 sent successfully. Status Code: 200
2026-07-01 19:40:07,678 - INFO - ThreadPoolExecutor-0_1 - [PROD] Sending payload 78/365 | Order Number: V83070100476
2026-07-01 19:40:07,851 - INFO - ThreadPoolExecutor-0_4 - [PROD] Payload 69/365 sent successfully. Status Code: 200
2026-07-01 19:40:07,851 - INFO - ThreadPoolExecutor-0_4 - [PROD] Sending payload 79/365 | Order Number: V83070100477
2026-07-01 19:40:07,999 - INFO - ThreadPoolExecutor-0_2 - [PROD] Payload 70/365 sent successfully. Status Code: 200
2026-07-01 19:40:08,001 - INFO - ThreadPoolExecutor-0_2 - [PROD] Sending payload 80/365 | Order Number: V83070100478
2026-07-01 19:40:08,168 - INFO - ThreadPoolExecutor-0_8 - [PROD] Payload 71/365 sent successfully. Status Code: 200
2026-07-01 19:40:08,169 - INFO - ThreadPoolExecutor-0_8 - [PROD] Sending payload 81/365 | Order Number: V83070100479
2026-07-01 19:40:08,410 - INFO - ThreadPoolExecutor-0_3 - [PROD] Payload 72/365 sent successfully. Status Code: 200
2026-07-01 19:40:08,411 - INFO - ThreadPoolExecutor-0_3 - [PROD] Sending payload 82/365 | Order Number: V83070100480
2026-07-01 19:40:08,476 - INFO - ThreadPoolExecutor-0_7 - [PROD] Payload 73/365 sent successfully. Status Code: 200
2026-07-01 19:40:08,476 - INFO - ThreadPoolExecutor-0_7 - [PROD] Sending payload 83/365 | Order Number: V83070100481
2026-07-01 19:40:08,835 - INFO - ThreadPoolExecutor-0_0 - [PROD] Payload 75/365 sent successfully. Status Code: 200
2026-07-01 19:40:08,836 - INFO - ThreadPoolExecutor-0_5 - [PROD] Payload 74/365 sent successfully. Status Code: 200
2026-07-01 19:40:08,836 - INFO - ThreadPoolExecutor-0_0 - [PROD] Sending payload 84/365 | Order Number: V83070100482
2026-07-01 19:40:08,837 - INFO - ThreadPoolExecutor-0_5 - [PROD] Sending payload 85/365 | Order Number: V83070100483
2026-07-01 19:40:09,009 - INFO - ThreadPoolExecutor-0_6 - [PROD] Payload 77/365 sent successfully. Status Code: 200
2026-07-01 19:40:09,010 - INFO - ThreadPoolExecutor-0_6 - [PROD] Sending payload 86/365 | Order Number: V83070100484
2026-07-01 19:40:09,012 - INFO - ThreadPoolExecutor-0_9 - [PROD] Payload 76/365 sent successfully. Status Code: 200
2026-07-01 19:40:09,012 - INFO - ThreadPoolExecutor-0_9 - [PROD] Sending payload 87/365 | Order Number: V83070100485
2026-07-01 19:40:09,023 - INFO - ThreadPoolExecutor-0_1 - [PROD] Payload 78/365 sent successfully. Status Code: 200
2026-07-01 19:40:09,023 - INFO - ThreadPoolExecutor-0_1 - [PROD] Sending payload 88/365 | Order Number: V83070100486
2026-07-01 19:40:09,241 - INFO - ThreadPoolExecutor-0_4 - [PROD] Payload 79/365 sent successfully. Status Code: 200
2026-07-01 19:40:09,243 - INFO - ThreadPoolExecutor-0_4 - [PROD] Sending payload 89/365 | Order Number: V83070100487
2026-07-01 19:40:09,338 - INFO - ThreadPoolExecutor-0_2 - [PROD] Payload 80/365 sent successfully. Status Code: 200
2026-07-01 19:40:09,340 - INFO - ThreadPoolExecutor-0_2 - [PROD] Sending payload 90/365 | Order Number: V83070100488
2026-07-01 19:40:09,518 - INFO - ThreadPoolExecutor-0_8 - [PROD] Payload 81/365 sent successfully. Status Code: 200
2026-07-01 19:40:09,520 - INFO - ThreadPoolExecutor-0_8 - [PROD] Sending payload 91/365 | Order Number: V83070100489
2026-07-01 19:40:09,732 - INFO - ThreadPoolExecutor-0_3 - [PROD] Payload 82/365 sent successfully. Status Code: 200
2026-07-01 19:40:09,735 - INFO - ThreadPoolExecutor-0_3 - [PROD] Sending payload 92/365 | Order Number: V83070100490
2026-07-01 19:40:09,840 - INFO - ThreadPoolExecutor-0_7 - [PROD] Payload 83/365 sent successfully. Status Code: 200
2026-07-01 19:40:09,841 - INFO - ThreadPoolExecutor-0_7 - [PROD] Sending payload 93/365 | Order Number: V83070100491
2026-07-01 19:40:10,202 - INFO - ThreadPoolExecutor-0_0 - [PROD] Payload 84/365 sent successfully. Status Code: 200
2026-07-01 19:40:10,204 - INFO - ThreadPoolExecutor-0_0 - [PROD] Sending payload 94/365 | Order Number: V83070100492
2026-07-01 19:40:10,207 - INFO - ThreadPoolExecutor-0_5 - [PROD] Payload 85/365 sent successfully. Status Code: 200
2026-07-01 19:40:10,208 - INFO - ThreadPoolExecutor-0_5 - [PROD] Sending payload 95/365 | Order Number: V83070100493
2026-07-01 19:40:10,364 - INFO - ThreadPoolExecutor-0_9 - [PROD] Payload 87/365 sent successfully. Status Code: 200
2026-07-01 19:40:10,365 - INFO - ThreadPoolExecutor-0_9 - [PROD] Sending payload 96/365 | Order Number: V83070100494
2026-07-01 19:40:10,386 - INFO - ThreadPoolExecutor-0_1 - [PROD] Payload 88/365 sent successfully. Status Code: 200
2026-07-01 19:40:10,388 - INFO - ThreadPoolExecutor-0_1 - [PROD] Sending payload 97/365 | Order Number: V83070100495
2026-07-01 19:40:10,413 - INFO - ThreadPoolExecutor-0_6 - [PROD] Payload 86/365 sent successfully. Status Code: 200
2026-07-01 19:40:10,413 - INFO - ThreadPoolExecutor-0_6 - [PROD] Sending payload 98/365 | Order Number: V83070100496
2026-07-01 19:40:10,730 - INFO - ThreadPoolExecutor-0_4 - [PROD] Payload 89/365 sent successfully. Status Code: 200
2026-07-01 19:40:10,733 - INFO - ThreadPoolExecutor-0_4 - [PROD] Sending payload 99/365 | Order Number: V83070100497
2026-07-01 19:40:10,779 - INFO - ThreadPoolExecutor-0_2 - [PROD] Payload 90/365 sent successfully. Status Code: 200
2026-07-01 19:40:10,779 - INFO - ThreadPoolExecutor-0_2 - [PROD] Sending payload 100/365 | Order Number: V83070100498
2026-07-01 19:40:10,910 - INFO - ThreadPoolExecutor-0_8 - [PROD] Payload 91/365 sent successfully. Status Code: 200
2026-07-01 19:40:10,912 - INFO - ThreadPoolExecutor-0_8 - [PROD] Sending payload 101/365 | Order Number: V83070100499
2026-07-01 19:40:11,100 - INFO - ThreadPoolExecutor-0_3 - [PROD] Payload 92/365 sent successfully. Status Code: 200
2026-07-01 19:40:11,102 - INFO - ThreadPoolExecutor-0_3 - [PROD] Sending payload 102/365 | Order Number: V83070100500
2026-07-01 19:40:11,216 - INFO - ThreadPoolExecutor-0_7 - [PROD] Payload 93/365 sent successfully. Status Code: 200
2026-07-01 19:40:11,219 - INFO - ThreadPoolExecutor-0_7 - [PROD] Sending payload 103/365 | Order Number: V83070100501
2026-07-01 19:40:11,564 - INFO - ThreadPoolExecutor-0_0 - [PROD] Payload 94/365 sent successfully. Status Code: 200
2026-07-01 19:40:11,565 - INFO - ThreadPoolExecutor-0_0 - [PROD] Sending payload 104/365 | Order Number: V83070100502
2026-07-01 19:40:11,673 - INFO - ThreadPoolExecutor-0_5 - [PROD] Payload 95/365 sent successfully. Status Code: 200
2026-07-01 19:40:11,674 - INFO - ThreadPoolExecutor-0_5 - [PROD] Sending payload 105/365 | Order Number: V83070100503
2026-07-01 19:40:11,729 - INFO - ThreadPoolExecutor-0_1 - [PROD] Payload 97/365 sent successfully. Status Code: 200
2026-07-01 19:40:11,729 - INFO - ThreadPoolExecutor-0_1 - [PROD] Sending payload 106/365 | Order Number: V83070100504
2026-07-01 19:40:11,753 - INFO - ThreadPoolExecutor-0_9 - [PROD] Payload 96/365 sent successfully. Status Code: 200
2026-07-01 19:40:11,753 - INFO - ThreadPoolExecutor-0_9 - [PROD] Sending payload 107/365 | Order Number: V83070100505
2026-07-01 19:40:12,000 - INFO - ThreadPoolExecutor-0_6 - [PROD] Payload 98/365 sent successfully. Status Code: 200
2026-07-01 19:40:12,002 - INFO - ThreadPoolExecutor-0_6 - [PROD] Sending payload 108/365 | Order Number: V83070100506
2026-07-01 19:40:12,065 - INFO - ThreadPoolExecutor-0_4 - [PROD] Payload 99/365 sent successfully. Status Code: 200
2026-07-01 19:40:12,066 - INFO - ThreadPoolExecutor-0_4 - [PROD] Sending payload 109/365 | Order Number: V83070100507
2026-07-01 19:40:12,247 - INFO - ThreadPoolExecutor-0_2 - [PROD] Payload 100/365 sent successfully. Status Code: 200
2026-07-01 19:40:12,249 - INFO - ThreadPoolExecutor-0_2 - [PROD] Sending payload 110/365 | Order Number: V83070100508
2026-07-01 19:40:12,277 - INFO - ThreadPoolExecutor-0_8 - [PROD] Payload 101/365 sent successfully. Status Code: 200
2026-07-01 19:40:12,284 - INFO - ThreadPoolExecutor-0_8 - [PROD] Sending payload 111/365 | Order Number: V83070100509
2026-07-01 19:40:12,501 - INFO - ThreadPoolExecutor-0_3 - [PROD] Payload 102/365 sent successfully. Status Code: 200
2026-07-01 19:40:12,501 - INFO - ThreadPoolExecutor-0_3 - [PROD] Sending payload 112/365 | Order Number: V83070100510
2026-07-01 19:40:12,628 - INFO - ThreadPoolExecutor-0_7 - [PROD] Payload 103/365 sent successfully. Status Code: 200
2026-07-01 19:40:12,628 - INFO - ThreadPoolExecutor-0_7 - [PROD] Sending payload 113/365 | Order Number: V83070100511
2026-07-01 19:40:12,957 - INFO - ThreadPoolExecutor-0_0 - [PROD] Payload 104/365 sent successfully. Status Code: 200
2026-07-01 19:40:12,959 - INFO - ThreadPoolExecutor-0_0 - [PROD] Sending payload 114/365 | Order Number: V83070100512
2026-07-01 19:40:13,024 - INFO - ThreadPoolExecutor-0_5 - [PROD] Payload 105/365 sent successfully. Status Code: 200
2026-07-01 19:40:13,025 - INFO - ThreadPoolExecutor-0_5 - [PROD] Sending payload 115/365 | Order Number: V83070100513
2026-07-01 19:40:13,171 - INFO - ThreadPoolExecutor-0_1 - [PROD] Payload 106/365 sent successfully. Status Code: 200
2026-07-01 19:40:13,173 - INFO - ThreadPoolExecutor-0_1 - [PROD] Sending payload 116/365 | Order Number: V83070100514
2026-07-01 19:40:13,270 - INFO - ThreadPoolExecutor-0_9 - [PROD] Payload 107/365 sent successfully. Status Code: 200
2026-07-01 19:40:13,270 - INFO - ThreadPoolExecutor-0_9 - [PROD] Sending payload 117/365 | Order Number: V83070100515
2026-07-01 19:40:13,417 - INFO - ThreadPoolExecutor-0_4 - [PROD] Payload 109/365 sent successfully. Status Code: 200
2026-07-01 19:40:13,418 - INFO - ThreadPoolExecutor-0_4 - [PROD] Sending payload 118/365 | Order Number: V83070100516
2026-07-01 19:40:13,456 - INFO - ThreadPoolExecutor-0_6 - [PROD] Payload 108/365 sent successfully. Status Code: 200
2026-07-01 19:40:13,457 - INFO - ThreadPoolExecutor-0_6 - [PROD] Sending payload 119/365 | Order Number: V83070100517
2026-07-01 19:40:13,609 - INFO - ThreadPoolExecutor-0_2 - [PROD] Payload 110/365 sent successfully. Status Code: 200
2026-07-01 19:40:13,612 - INFO - ThreadPoolExecutor-0_2 - [PROD] Sending payload 120/365 | Order Number: V83070100518
2026-07-01 19:40:13,649 - INFO - ThreadPoolExecutor-0_8 - [PROD] Payload 111/365 sent successfully. Status Code: 200
2026-07-01 19:40:13,649 - INFO - ThreadPoolExecutor-0_8 - [PROD] Sending payload 121/365 | Order Number: V83070100519
2026-07-01 19:40:13,842 - INFO - ThreadPoolExecutor-0_3 - [PROD] Payload 112/365 sent successfully. Status Code: 200
2026-07-01 19:40:13,842 - INFO - ThreadPoolExecutor-0_3 - [PROD] Sending payload 122/365 | Order Number: V83070100520
2026-07-01 19:40:14,172 - INFO - ThreadPoolExecutor-0_7 - [PROD] Payload 113/365 sent successfully. Status Code: 200
2026-07-01 19:40:14,173 - INFO - ThreadPoolExecutor-0_7 - [PROD] Sending payload 123/365 | Order Number: V83070100521
2026-07-01 19:40:14,351 - INFO - ThreadPoolExecutor-0_0 - [PROD] Payload 114/365 sent successfully. Status Code: 200
2026-07-01 19:40:14,353 - INFO - ThreadPoolExecutor-0_0 - [PROD] Sending payload 124/365 | Order Number: V83070100522
2026-07-01 19:40:14,392 - INFO - ThreadPoolExecutor-0_5 - [PROD] Payload 115/365 sent successfully. Status Code: 200
2026-07-01 19:40:14,393 - INFO - ThreadPoolExecutor-0_5 - [PROD] Sending payload 125/365 | Order Number: V83070100523
2026-07-01 19:40:14,501 - INFO - ThreadPoolExecutor-0_1 - [PROD] Payload 116/365 sent successfully. Status Code: 200
2026-07-01 19:40:14,503 - INFO - ThreadPoolExecutor-0_1 - [PROD] Sending payload 126/365 | Order Number: V83070100524
2026-07-01 19:40:14,631 - INFO - ThreadPoolExecutor-0_9 - [PROD] Payload 117/365 sent successfully. Status Code: 200
2026-07-01 19:40:14,632 - INFO - ThreadPoolExecutor-0_9 - [PROD] Sending payload 127/365 | Order Number: V83070100525
2026-07-01 19:40:14,796 - INFO - ThreadPoolExecutor-0_4 - [PROD] Payload 118/365 sent successfully. Status Code: 200
2026-07-01 19:40:14,796 - INFO - ThreadPoolExecutor-0_4 - [PROD] Sending payload 128/365 | Order Number: V83070100526
2026-07-01 19:40:14,979 - INFO - ThreadPoolExecutor-0_2 - [PROD] Payload 120/365 sent successfully. Status Code: 200
2026-07-01 19:40:14,981 - INFO - ThreadPoolExecutor-0_2 - [PROD] Sending payload 129/365 | Order Number: V83070100527
2026-07-01 19:40:15,134 - INFO - ThreadPoolExecutor-0_6 - [PROD] Payload 119/365 sent successfully. Status Code: 200
2026-07-01 19:40:15,136 - INFO - ThreadPoolExecutor-0_6 - [PROD] Sending payload 130/365 | Order Number: V83070100528
2026-07-01 19:40:15,151 - INFO - ThreadPoolExecutor-0_8 - [PROD] Payload 121/365 sent successfully. Status Code: 200
2026-07-01 19:40:15,152 - INFO - ThreadPoolExecutor-0_8 - [PROD] Sending payload 131/365 | Order Number: V83070100529
2026-07-01 19:40:15,206 - INFO - ThreadPoolExecutor-0_3 - [PROD] Payload 122/365 sent successfully. Status Code: 200
2026-07-01 19:40:15,207 - INFO - ThreadPoolExecutor-0_3 - [PROD] Sending payload 132/365 | Order Number: V83070100530
2026-07-01 19:40:15,557 - INFO - ThreadPoolExecutor-0_7 - [PROD] Payload 123/365 sent successfully. Status Code: 200
2026-07-01 19:40:15,558 - INFO - ThreadPoolExecutor-0_7 - [PROD] Sending payload 133/365 | Order Number: V83070100531
2026-07-01 19:40:15,741 - INFO - ThreadPoolExecutor-0_0 - [PROD] Payload 124/365 sent successfully. Status Code: 200
2026-07-01 19:40:15,742 - INFO - ThreadPoolExecutor-0_0 - [PROD] Sending payload 134/365 | Order Number: V83070100532
2026-07-01 19:40:15,823 - INFO - ThreadPoolExecutor-0_1 - [PROD] Payload 126/365 sent successfully. Status Code: 200
2026-07-01 19:40:15,824 - INFO - ThreadPoolExecutor-0_1 - [PROD] Sending payload 135/365 | Order Number: V83070100533
2026-07-01 19:40:15,829 - INFO - ThreadPoolExecutor-0_5 - [PROD] Payload 125/365 sent successfully. Status Code: 200
2026-07-01 19:40:15,829 - INFO - ThreadPoolExecutor-0_5 - [PROD] Sending payload 136/365 | Order Number: V83070100534
2026-07-01 19:40:16,032 - INFO - ThreadPoolExecutor-0_9 - [PROD] Payload 127/365 sent successfully. Status Code: 200
2026-07-01 19:40:16,032 - INFO - ThreadPoolExecutor-0_9 - [PROD] Sending payload 137/365 | Order Number: V83070100535
2026-07-01 19:40:16,173 - INFO - ThreadPoolExecutor-0_4 - [PROD] Payload 128/365 sent successfully. Status Code: 200
2026-07-01 19:40:16,174 - INFO - ThreadPoolExecutor-0_4 - [PROD] Sending payload 138/365 | Order Number: V83070100536
2026-07-01 19:40:16,348 - INFO - ThreadPoolExecutor-0_2 - [PROD] Payload 129/365 sent successfully. Status Code: 200
2026-07-01 19:40:16,351 - INFO - ThreadPoolExecutor-0_2 - [PROD] Sending payload 139/365 | Order Number: V83070100537
2026-07-01 19:40:16,483 - INFO - ThreadPoolExecutor-0_6 - [PROD] Payload 130/365 sent successfully. Status Code: 200
2026-07-01 19:40:16,484 - INFO - ThreadPoolExecutor-0_6 - [PROD] Sending payload 140/365 | Order Number: V83070100538
2026-07-01 19:40:16,592 - INFO - ThreadPoolExecutor-0_3 - [PROD] Payload 132/365 sent successfully. Status Code: 200
2026-07-01 19:40:16,593 - INFO - ThreadPoolExecutor-0_3 - [PROD] Sending payload 141/365 | Order Number: V83070100539
2026-07-01 19:40:16,684 - INFO - ThreadPoolExecutor-0_8 - [PROD] Payload 131/365 sent successfully. Status Code: 200
2026-07-01 19:40:16,684 - INFO - ThreadPoolExecutor-0_8 - [PROD] Sending payload 142/365 | Order Number: V83070100540
2026-07-01 19:40:16,920 - INFO - ThreadPoolExecutor-0_7 - [PROD] Payload 133/365 sent successfully. Status Code: 200
2026-07-01 19:40:16,922 - INFO - ThreadPoolExecutor-0_7 - [PROD] Sending payload 143/365 | Order Number: V83070100541
2026-07-01 19:40:17,194 - INFO - ThreadPoolExecutor-0_5 - [PROD] Payload 136/365 sent successfully. Status Code: 200
2026-07-01 19:40:17,195 - INFO - ThreadPoolExecutor-0_5 - [PROD] Sending payload 144/365 | Order Number: V83070100542
2026-07-01 19:40:17,236 - INFO - ThreadPoolExecutor-0_1 - [PROD] Payload 135/365 sent successfully. Status Code: 200
2026-07-01 19:40:17,237 - INFO - ThreadPoolExecutor-0_1 - [PROD] Sending payload 145/365 | Order Number: V83070100543
2026-07-01 19:40:17,268 - INFO - ThreadPoolExecutor-0_0 - [PROD] Payload 134/365 sent successfully. Status Code: 200
2026-07-01 19:40:17,269 - INFO - ThreadPoolExecutor-0_0 - [PROD] Sending payload 146/365 | Order Number: V83070100544
2026-07-01 19:40:17,417 - INFO - ThreadPoolExecutor-0_9 - [PROD] Payload 137/365 sent successfully. Status Code: 200
2026-07-01 19:40:17,418 - INFO - ThreadPoolExecutor-0_9 - [PROD] Sending payload 147/365 | Order Number: V83070100545
2026-07-01 19:40:17,633 - INFO - ThreadPoolExecutor-0_4 - [PROD] Payload 138/365 sent successfully. Status Code: 200
2026-07-01 19:40:17,634 - INFO - ThreadPoolExecutor-0_4 - [PROD] Sending payload 148/365 | Order Number: V83070100546
2026-07-01 19:40:17,721 - INFO - ThreadPoolExecutor-0_2 - [PROD] Payload 139/365 sent successfully. Status Code: 200
2026-07-01 19:40:17,722 - INFO - ThreadPoolExecutor-0_2 - [PROD] Sending payload 149/365 | Order Number: V83070100547
2026-07-01 19:40:17,812 - INFO - ThreadPoolExecutor-0_6 - [PROD] Payload 140/365 sent successfully. Status Code: 200
2026-07-01 19:40:17,812 - INFO - ThreadPoolExecutor-0_6 - [PROD] Sending payload 150/365 | Order Number: V83070100548
2026-07-01 19:40:17,953 - INFO - ThreadPoolExecutor-0_3 - [PROD] Payload 141/365 sent successfully. Status Code: 200
2026-07-01 19:40:17,955 - INFO - ThreadPoolExecutor-0_3 - [PROD] Sending payload 151/365 | Order Number: V83070100549
2026-07-01 19:40:18,186 - INFO - ThreadPoolExecutor-0_8 - [PROD] Payload 142/365 sent successfully. Status Code: 200
2026-07-01 19:40:18,187 - INFO - ThreadPoolExecutor-0_8 - [PROD] Sending payload 152/365 | Order Number: V83070100550
2026-07-01 19:40:18,307 - INFO - ThreadPoolExecutor-0_7 - [PROD] Payload 143/365 sent successfully. Status Code: 200
2026-07-01 19:40:18,307 - INFO - ThreadPoolExecutor-0_7 - [PROD] Sending payload 153/365 | Order Number: V83070100551
2026-07-01 19:40:18,601 - INFO - ThreadPoolExecutor-0_0 - [PROD] Payload 146/365 sent successfully. Status Code: 200
2026-07-01 19:40:18,602 - INFO - ThreadPoolExecutor-0_0 - [PROD] Sending payload 154/365 | Order Number: V83070100552
2026-07-01 19:40:18,603 - INFO - ThreadPoolExecutor-0_1 - [PROD] Payload 145/365 sent successfully. Status Code: 200
2026-07-01 19:40:18,605 - INFO - ThreadPoolExecutor-0_5 - [PROD] Payload 144/365 sent successfully. Status Code: 200
2026-07-01 19:40:18,605 - INFO - ThreadPoolExecutor-0_1 - [PROD] Sending payload 155/365 | Order Number: V83070100553
2026-07-01 19:40:18,607 - INFO - ThreadPoolExecutor-0_5 - [PROD] Sending payload 156/365 | Order Number: V83070100554
2026-07-01 19:40:18,789 - INFO - ThreadPoolExecutor-0_9 - [PROD] Payload 147/365 sent successfully. Status Code: 200
2026-07-01 19:40:18,789 - INFO - ThreadPoolExecutor-0_9 - [PROD] Sending payload 157/365 | Order Number: V83070100555
2026-07-01 19:40:19,031 - INFO - ThreadPoolExecutor-0_4 - [PROD] Payload 148/365 sent successfully. Status Code: 200
2026-07-01 19:40:19,034 - INFO - ThreadPoolExecutor-0_4 - [PROD] Sending payload 158/365 | Order Number: V83070100556
2026-07-01 19:40:19,059 - INFO - ThreadPoolExecutor-0_2 - [PROD] Payload 149/365 sent successfully. Status Code: 200
2026-07-01 19:40:19,059 - INFO - ThreadPoolExecutor-0_2 - [PROD] Sending payload 159/365 | Order Number: V83070100557
2026-07-01 19:40:19,179 - INFO - ThreadPoolExecutor-0_6 - [PROD] Payload 150/365 sent successfully. Status Code: 200
2026-07-01 19:40:19,182 - INFO - ThreadPoolExecutor-0_6 - [PROD] Sending payload 160/365 | Order Number: V83070100558
2026-07-01 19:40:19,281 - INFO - ThreadPoolExecutor-0_3 - [PROD] Payload 151/365 sent successfully. Status Code: 200
2026-07-01 19:40:19,282 - INFO - ThreadPoolExecutor-0_3 - [PROD] Sending payload 161/365 | Order Number: V83070100559
2026-07-01 19:40:19,506 - INFO - ThreadPoolExecutor-0_8 - [PROD] Payload 152/365 sent successfully. Status Code: 200
2026-07-01 19:40:19,509 - INFO - ThreadPoolExecutor-0_8 - [PROD] Sending payload 162/365 | Order Number: V83070100560
2026-07-01 19:40:19,740 - INFO - ThreadPoolExecutor-0_7 - [PROD] Payload 153/365 sent successfully. Status Code: 200
2026-07-01 19:40:19,741 - INFO - ThreadPoolExecutor-0_7 - [PROD] Sending payload 163/365 | Order Number: V83070100561
2026-07-01 19:40:19,965 - INFO - ThreadPoolExecutor-0_0 - [PROD] Payload 154/365 sent successfully. Status Code: 200
2026-07-01 19:40:19,966 - INFO - ThreadPoolExecutor-0_0 - [PROD] Sending payload 164/365 | Order Number: V83070100562
2026-07-01 19:40:20,012 - INFO - ThreadPoolExecutor-0_5 - [PROD] Payload 156/365 sent successfully. Status Code: 200
2026-07-01 19:40:20,013 - INFO - ThreadPoolExecutor-0_5 - [PROD] Sending payload 165/365 | Order Number: V83070100563
2026-07-01 19:40:20,034 - INFO - ThreadPoolExecutor-0_1 - [PROD] Payload 155/365 sent successfully. Status Code: 200
2026-07-01 19:40:20,035 - INFO - ThreadPoolExecutor-0_1 - [PROD] Sending payload 166/365 | Order Number: V83070100564
2026-07-01 19:40:20,152 - INFO - ThreadPoolExecutor-0_9 - [PROD] Payload 157/365 sent successfully. Status Code: 200
2026-07-01 19:40:20,154 - INFO - ThreadPoolExecutor-0_9 - [PROD] Sending payload 167/365 | Order Number: V83070100565
2026-07-01 19:40:20,440 - INFO - ThreadPoolExecutor-0_4 - [PROD] Payload 158/365 sent successfully. Status Code: 200
2026-07-01 19:40:20,442 - INFO - ThreadPoolExecutor-0_2 - [PROD] Payload 159/365 sent successfully. Status Code: 200
2026-07-01 19:40:20,443 - INFO - ThreadPoolExecutor-0_4 - [PROD] Sending payload 168/365 | Order Number: V83070100566
2026-07-01 19:40:20,445 - INFO - ThreadPoolExecutor-0_2 - [PROD] Sending payload 169/365 | Order Number: V83070100567
2026-07-01 19:40:20,620 - INFO - ThreadPoolExecutor-0_3 - [PROD] Payload 161/365 sent successfully. Status Code: 200
2026-07-01 19:40:20,621 - INFO - ThreadPoolExecutor-0_3 - [PROD] Sending payload 170/365 | Order Number: V83070100568
2026-07-01 19:40:20,626 - INFO - ThreadPoolExecutor-0_6 - [PROD] Payload 160/365 sent successfully. Status Code: 200
2026-07-01 19:40:20,627 - INFO - ThreadPoolExecutor-0_6 - [PROD] Sending payload 171/365 | Order Number: V83070100569
2026-07-01 19:40:20,902 - INFO - ThreadPoolExecutor-0_8 - [PROD] Payload 162/365 sent successfully. Status Code: 200
2026-07-01 19:40:20,904 - INFO - ThreadPoolExecutor-0_8 - [PROD] Sending payload 172/365 | Order Number: V83070100570
2026-07-01 19:40:21,094 - INFO - ThreadPoolExecutor-0_7 - [PROD] Payload 163/365 sent successfully. Status Code: 200
2026-07-01 19:40:21,096 - INFO - ThreadPoolExecutor-0_7 - [PROD] Sending payload 173/365 | Order Number: V83070100571
2026-07-01 19:40:21,331 - INFO - ThreadPoolExecutor-0_0 - [PROD] Payload 164/365 sent successfully. Status Code: 200
2026-07-01 19:40:21,332 - INFO - ThreadPoolExecutor-0_0 - [PROD] Sending payload 174/365 | Order Number: V83070100572
2026-07-01 19:40:21,346 - INFO - ThreadPoolExecutor-0_5 - [PROD] Payload 165/365 sent successfully. Status Code: 200
2026-07-01 19:40:21,346 - INFO - ThreadPoolExecutor-0_5 - [PROD] Sending payload 175/365 | Order Number: V83070100573
2026-07-01 19:40:21,386 - INFO - ThreadPoolExecutor-0_1 - [PROD] Payload 166/365 sent successfully. Status Code: 200
2026-07-01 19:40:21,387 - INFO - ThreadPoolExecutor-0_1 - [PROD] Sending payload 176/365 | Order Number: V83070100574
2026-07-01 19:40:21,549 - INFO - ThreadPoolExecutor-0_9 - [PROD] Payload 167/365 sent successfully. Status Code: 200
2026-07-01 19:40:21,550 - INFO - ThreadPoolExecutor-0_9 - [PROD] Sending payload 177/365 | Order Number: V83070100575
2026-07-01 19:40:21,820 - INFO - ThreadPoolExecutor-0_2 - [PROD] Payload 169/365 sent successfully. Status Code: 200
2026-07-01 19:40:21,820 - INFO - ThreadPoolExecutor-0_2 - [PROD] Sending payload 178/365 | Order Number: V83070100576
2026-07-01 19:40:21,936 - INFO - ThreadPoolExecutor-0_4 - [PROD] Payload 168/365 sent successfully. Status Code: 200
2026-07-01 19:40:21,944 - INFO - ThreadPoolExecutor-0_4 - [PROD] Sending payload 179/365 | Order Number: V83070100577
2026-07-01 19:40:21,964 - INFO - ThreadPoolExecutor-0_6 - [PROD] Payload 171/365 sent successfully. Status Code: 200
2026-07-01 19:40:21,965 - INFO - ThreadPoolExecutor-0_6 - [PROD] Sending payload 180/365 | Order Number: V83070100578
2026-07-01 19:40:22,137 - INFO - ThreadPoolExecutor-0_3 - [PROD] Payload 170/365 sent successfully. Status Code: 200
2026-07-01 19:40:22,139 - INFO - ThreadPoolExecutor-0_3 - [PROD] Sending payload 181/365 | Order Number: V83070100579
2026-07-01 19:40:22,268 - INFO - ThreadPoolExecutor-0_8 - [PROD] Payload 172/365 sent successfully. Status Code: 200
2026-07-01 19:40:22,270 - INFO - ThreadPoolExecutor-0_8 - [PROD] Sending payload 182/365 | Order Number: V83070100580
2026-07-01 19:40:22,556 - INFO - ThreadPoolExecutor-0_7 - [PROD] Payload 173/365 sent successfully. Status Code: 200
2026-07-01 19:40:22,560 - INFO - ThreadPoolExecutor-0_7 - [PROD] Sending payload 183/365 | Order Number: V83070100581
2026-07-01 19:40:22,673 - INFO - ThreadPoolExecutor-0_0 - [PROD] Payload 174/365 sent successfully. Status Code: 200
2026-07-01 19:40:22,675 - INFO - ThreadPoolExecutor-0_0 - [PROD] Sending payload 184/365 | Order Number: V83070100582
2026-07-01 19:40:22,748 - INFO - ThreadPoolExecutor-0_1 - [PROD] Payload 176/365 sent successfully. Status Code: 200
2026-07-01 19:40:22,749 - INFO - ThreadPoolExecutor-0_1 - [PROD] Sending payload 185/365 | Order Number: V83070100583
2026-07-01 19:40:22,857 - INFO - ThreadPoolExecutor-0_5 - [PROD] Payload 175/365 sent successfully. Status Code: 200
2026-07-01 19:40:22,858 - INFO - ThreadPoolExecutor-0_5 - [PROD] Sending payload 186/365 | Order Number: V83070100584
2026-07-01 19:40:23,014 - INFO - ThreadPoolExecutor-0_9 - [PROD] Payload 177/365 sent successfully. Status Code: 200
2026-07-01 19:40:23,016 - INFO - ThreadPoolExecutor-0_9 - [PROD] Sending payload 187/365 | Order Number: V83070100585
2026-07-01 19:40:23,152 - INFO - ThreadPoolExecutor-0_2 - [PROD] Payload 178/365 sent successfully. Status Code: 200
2026-07-01 19:40:23,154 - INFO - ThreadPoolExecutor-0_2 - [PROD] Sending payload 188/365 | Order Number: V83070100586
2026-07-01 19:40:23,332 - INFO - ThreadPoolExecutor-0_6 - [PROD] Payload 180/365 sent successfully. Status Code: 200
2026-07-01 19:40:23,334 - INFO - ThreadPoolExecutor-0_6 - [PROD] Sending payload 189/365 | Order Number: V83070100587
2026-07-01 19:40:23,508 - INFO - ThreadPoolExecutor-0_3 - [PROD] Payload 181/365 sent successfully. Status Code: 200
2026-07-01 19:40:23,509 - INFO - ThreadPoolExecutor-0_3 - [PROD] Sending payload 190/365 | Order Number: V83070100588
2026-07-01 19:40:23,518 - INFO - ThreadPoolExecutor-0_4 - [PROD] Payload 179/365 sent successfully. Status Code: 200
2026-07-01 19:40:23,519 - INFO - ThreadPoolExecutor-0_4 - [PROD] Sending payload 191/365 | Order Number: V83070100589
2026-07-01 19:40:23,712 - INFO - ThreadPoolExecutor-0_8 - [PROD] Payload 182/365 sent successfully. Status Code: 200
2026-07-01 19:40:23,713 - INFO - ThreadPoolExecutor-0_8 - [PROD] Sending payload 192/365 | Order Number: V83070100590
2026-07-01 19:40:24,084 - INFO - ThreadPoolExecutor-0_7 - [PROD] Payload 183/365 sent successfully. Status Code: 200
2026-07-01 19:40:24,085 - INFO - ThreadPoolExecutor-0_7 - [PROD] Sending payload 193/365 | Order Number: V83070100591
2026-07-01 19:40:24,088 - INFO - ThreadPoolExecutor-0_0 - [PROD] Payload 184/365 sent successfully. Status Code: 200
2026-07-01 19:40:24,089 - INFO - ThreadPoolExecutor-0_0 - [PROD] Sending payload 194/365 | Order Number: V83070100592
2026-07-01 19:40:24,153 - INFO - ThreadPoolExecutor-0_1 - [PROD] Payload 185/365 sent successfully. Status Code: 200
2026-07-01 19:40:24,155 - INFO - ThreadPoolExecutor-0_1 - [PROD] Sending payload 195/365 | Order Number: V83070100593
2026-07-01 19:40:24,195 - INFO - ThreadPoolExecutor-0_5 - [PROD] Payload 186/365 sent successfully. Status Code: 200
2026-07-01 19:40:24,196 - INFO - ThreadPoolExecutor-0_5 - [PROD] Sending payload 196/365 | Order Number: V83070100594
2026-07-01 19:40:24,453 - INFO - ThreadPoolExecutor-0_9 - [PROD] Payload 187/365 sent successfully. Status Code: 200
2026-07-01 19:40:24,455 - INFO - ThreadPoolExecutor-0_9 - [PROD] Sending payload 197/365 | Order Number: V83070100595
2026-07-01 19:40:24,509 - INFO - ThreadPoolExecutor-0_2 - [PROD] Payload 188/365 sent successfully. Status Code: 200
2026-07-01 19:40:24,510 - INFO - ThreadPoolExecutor-0_2 - [PROD] Sending payload 198/365 | Order Number: V83070100596
2026-07-01 19:40:24,743 - INFO - ThreadPoolExecutor-0_6 - [PROD] Payload 189/365 sent successfully. Status Code: 200
2026-07-01 19:40:24,746 - INFO - ThreadPoolExecutor-0_6 - [PROD] Sending payload 199/365 | Order Number: V83070100597
2026-07-01 19:40:24,882 - INFO - ThreadPoolExecutor-0_3 - [PROD] Payload 190/365 sent successfully. Status Code: 200
2026-07-01 19:40:24,885 - INFO - ThreadPoolExecutor-0_3 - [PROD] Sending payload 200/365 | Order Number: V83070100598
2026-07-01 19:40:25,044 - INFO - ThreadPoolExecutor-0_8 - [PROD] Payload 192/365 sent successfully. Status Code: 200
2026-07-01 19:40:25,047 - INFO - ThreadPoolExecutor-0_4 - [PROD] Payload 191/365 sent successfully. Status Code: 200
2026-07-01 19:40:25,056 - INFO - ThreadPoolExecutor-0_4 - [PROD] Sending payload 201/365 | Order Number: V83070100599
2026-07-01 19:40:25,056 - INFO - ThreadPoolExecutor-0_8 - [PROD] Sending payload 202/365 | Order Number: V83070100600
2026-07-01 19:40:25,435 - INFO - ThreadPoolExecutor-0_0 - [PROD] Payload 194/365 sent successfully. Status Code: 200
2026-07-01 19:40:25,437 - INFO - ThreadPoolExecutor-0_0 - [PROD] Sending payload 203/365 | Order Number: V83070100601
2026-07-01 19:40:25,502 - INFO - ThreadPoolExecutor-0_7 - [PROD] Payload 193/365 sent successfully. Status Code: 200
2026-07-01 19:40:25,502 - INFO - ThreadPoolExecutor-0_7 - [PROD] Sending payload 204/365 | Order Number: V83070100602
2026-07-01 19:40:25,533 - INFO - ThreadPoolExecutor-0_1 - [PROD] Payload 195/365 sent successfully. Status Code: 200
2026-07-01 19:40:25,534 - INFO - ThreadPoolExecutor-0_1 - [PROD] Sending payload 205/365 | Order Number: V83070100603
2026-07-01 19:40:25,677 - INFO - ThreadPoolExecutor-0_5 - [PROD] Payload 196/365 sent successfully. Status Code: 200
2026-07-01 19:40:25,678 - INFO - ThreadPoolExecutor-0_5 - [PROD] Sending payload 206/365 | Order Number: V83070100604
2026-07-01 19:40:25,855 - INFO - ThreadPoolExecutor-0_9 - [PROD] Payload 197/365 sent successfully. Status Code: 200
2026-07-01 19:40:25,856 - INFO - ThreadPoolExecutor-0_9 - [PROD] Sending payload 207/365 | Order Number: V83070100605
2026-07-01 19:40:25,865 - INFO - ThreadPoolExecutor-0_2 - [PROD] Payload 198/365 sent successfully. Status Code: 200
2026-07-01 19:40:25,866 - INFO - ThreadPoolExecutor-0_2 - [PROD] Sending payload 208/365 | Order Number: V83070100606
2026-07-01 19:40:26,164 - INFO - ThreadPoolExecutor-0_6 - [PROD] Payload 199/365 sent successfully. Status Code: 200
2026-07-01 19:40:26,166 - INFO - ThreadPoolExecutor-0_6 - [PROD] Sending payload 209/365 | Order Number: V83070100607
2026-07-01 19:40:26,255 - INFO - ThreadPoolExecutor-0_3 - [PROD] Payload 200/365 sent successfully. Status Code: 200
2026-07-01 19:40:26,258 - INFO - ThreadPoolExecutor-0_3 - [PROD] Sending payload 210/365 | Order Number: V83070100608
2026-07-01 19:40:26,442 - INFO - ThreadPoolExecutor-0_4 - [PROD] Payload 201/365 sent successfully. Status Code: 200
2026-07-01 19:40:26,443 - INFO - ThreadPoolExecutor-0_4 - [PROD] Sending payload 211/365 | Order Number: V83070100609
2026-07-01 19:40:26,557 - INFO - ThreadPoolExecutor-0_8 - [PROD] Payload 202/365 sent successfully. Status Code: 200
2026-07-01 19:40:26,558 - INFO - ThreadPoolExecutor-0_8 - [PROD] Sending payload 212/365 | Order Number: V83070100610
2026-07-01 19:40:26,794 - INFO - ThreadPoolExecutor-0_0 - [PROD] Payload 203/365 sent successfully. Status Code: 200
2026-07-01 19:40:26,795 - INFO - ThreadPoolExecutor-0_0 - [PROD] Sending payload 213/365 | Order Number: V83070100611
2026-07-01 19:40:26,866 - INFO - ThreadPoolExecutor-0_7 - [PROD] Payload 204/365 sent successfully. Status Code: 200
2026-07-01 19:40:26,866 - INFO - ThreadPoolExecutor-0_7 - [PROD] Sending payload 214/365 | Order Number: V83070100612
2026-07-01 19:40:26,972 - INFO - ThreadPoolExecutor-0_1 - [PROD] Payload 205/365 sent successfully. Status Code: 200
2026-07-01 19:40:26,973 - INFO - ThreadPoolExecutor-0_1 - [PROD] Sending payload 215/365 | Order Number: V83070100613
2026-07-01 19:40:27,043 - INFO - ThreadPoolExecutor-0_5 - [PROD] Payload 206/365 sent successfully. Status Code: 200
2026-07-01 19:40:27,045 - INFO - ThreadPoolExecutor-0_5 - [PROD] Sending payload 216/365 | Order Number: V83070100614
2026-07-01 19:40:27,227 - INFO - ThreadPoolExecutor-0_2 - [PROD] Payload 208/365 sent successfully. Status Code: 200
2026-07-01 19:40:27,228 - INFO - ThreadPoolExecutor-0_2 - [PROD] Sending payload 217/365 | Order Number: V83070100615
2026-07-01 19:40:27,304 - INFO - ThreadPoolExecutor-0_9 - [PROD] Payload 207/365 sent successfully. Status Code: 200
2026-07-01 19:40:27,305 - INFO - ThreadPoolExecutor-0_9 - [PROD] Sending payload 218/365 | Order Number: V83070100616
2026-07-01 19:40:27,534 - INFO - ThreadPoolExecutor-0_6 - [PROD] Payload 209/365 sent successfully. Status Code: 200
2026-07-01 19:40:27,535 - INFO - ThreadPoolExecutor-0_6 - [PROD] Sending payload 219/365 | Order Number: V83070100617
2026-07-01 19:40:27,585 - INFO - ThreadPoolExecutor-0_3 - [PROD] Payload 210/365 sent successfully. Status Code: 200
2026-07-01 19:40:27,586 - INFO - ThreadPoolExecutor-0_3 - [PROD] Sending payload 220/365 | Order Number: V83070100618
2026-07-01 19:40:27,805 - INFO - ThreadPoolExecutor-0_4 - [PROD] Payload 211/365 sent successfully. Status Code: 200
2026-07-01 19:40:27,806 - INFO - ThreadPoolExecutor-0_4 - [PROD] Sending payload 221/365 | Order Number: V83070100619
2026-07-01 19:40:27,984 - INFO - ThreadPoolExecutor-0_8 - [PROD] Payload 212/365 sent successfully. Status Code: 200
2026-07-01 19:40:27,986 - INFO - ThreadPoolExecutor-0_8 - [PROD] Sending payload 222/365 | Order Number: V83070100620
2026-07-01 19:40:28,125 - INFO - ThreadPoolExecutor-0_0 - [PROD] Payload 213/365 sent successfully. Status Code: 200
2026-07-01 19:40:28,126 - INFO - ThreadPoolExecutor-0_0 - [PROD] Sending payload 223/365 | Order Number: V83070100621
2026-07-01 19:40:28,220 - INFO - ThreadPoolExecutor-0_7 - [PROD] Payload 214/365 sent successfully. Status Code: 200
2026-07-01 19:40:28,221 - INFO - ThreadPoolExecutor-0_7 - [PROD] Sending payload 224/365 | Order Number: V83070100622
2026-07-01 19:40:28,314 - INFO - ThreadPoolExecutor-0_1 - [PROD] Payload 215/365 sent successfully. Status Code: 200
2026-07-01 19:40:28,316 - INFO - ThreadPoolExecutor-0_1 - [PROD] Sending payload 225/365 | Order Number: V83070100623
2026-07-01 19:40:28,403 - INFO - ThreadPoolExecutor-0_5 - [PROD] Payload 216/365 sent successfully. Status Code: 200
2026-07-01 19:40:28,403 - INFO - ThreadPoolExecutor-0_5 - [PROD] Sending payload 226/365 | Order Number: V83070100624
2026-07-01 19:40:28,543 - INFO - ThreadPoolExecutor-0_2 - [PROD] Payload 217/365 sent successfully. Status Code: 200
2026-07-01 19:40:28,544 - INFO - ThreadPoolExecutor-0_2 - [PROD] Sending payload 227/365 | Order Number: V83070100625
2026-07-01 19:40:28,659 - INFO - ThreadPoolExecutor-0_9 - [PROD] Payload 218/365 sent successfully. Status Code: 200
2026-07-01 19:40:28,661 - INFO - ThreadPoolExecutor-0_9 - [PROD] Sending payload 228/365 | Order Number: V83070100626
2026-07-01 19:40:28,905 - INFO - ThreadPoolExecutor-0_6 - [PROD] Payload 219/365 sent successfully. Status Code: 200
2026-07-01 19:40:28,908 - INFO - ThreadPoolExecutor-0_6 - [PROD] Sending payload 229/365 | Order Number: V83070100627
2026-07-01 19:40:28,927 - INFO - ThreadPoolExecutor-0_3 - [PROD] Payload 220/365 sent successfully. Status Code: 200
2026-07-01 19:40:28,927 - INFO - ThreadPoolExecutor-0_3 - [PROD] Sending payload 230/365 | Order Number: V83070100628
2026-07-01 19:40:29,157 - INFO - ThreadPoolExecutor-0_4 - [PROD] Payload 221/365 sent successfully. Status Code: 200
2026-07-01 19:40:29,159 - INFO - ThreadPoolExecutor-0_4 - [PROD] Sending payload 231/365 | Order Number: V83070100629
2026-07-01 19:40:29,409 - INFO - ThreadPoolExecutor-0_8 - [PROD] Payload 222/365 sent successfully. Status Code: 200
2026-07-01 19:40:29,411 - INFO - ThreadPoolExecutor-0_8 - [PROD] Sending payload 232/365 | Order Number: V83070100630
2026-07-01 19:40:29,533 - INFO - ThreadPoolExecutor-0_0 - [PROD] Payload 223/365 sent successfully. Status Code: 200
2026-07-01 19:40:29,535 - INFO - ThreadPoolExecutor-0_0 - [PROD] Sending payload 233/365 | Order Number: V83070100631
2026-07-01 19:40:29,565 - INFO - ThreadPoolExecutor-0_7 - [PROD] Payload 224/365 sent successfully. Status Code: 200
2026-07-01 19:40:29,566 - INFO - ThreadPoolExecutor-0_7 - [PROD] Sending payload 234/365 | Order Number: V83070100632
2026-07-01 19:40:29,679 - INFO - ThreadPoolExecutor-0_1 - [PROD] Payload 225/365 sent successfully. Status Code: 200
2026-07-01 19:40:29,680 - INFO - ThreadPoolExecutor-0_1 - [PROD] Sending payload 235/365 | Order Number: V83070100633
2026-07-01 19:40:29,801 - INFO - ThreadPoolExecutor-0_5 - [PROD] Payload 226/365 sent successfully. Status Code: 200
2026-07-01 19:40:29,802 - INFO - ThreadPoolExecutor-0_5 - [PROD] Sending payload 236/365 | Order Number: V83070100634
2026-07-01 19:40:29,891 - INFO - ThreadPoolExecutor-0_2 - [PROD] Payload 227/365 sent successfully. Status Code: 200
2026-07-01 19:40:29,892 - INFO - ThreadPoolExecutor-0_2 - [PROD] Sending payload 237/365 | Order Number: V83070100635
2026-07-01 19:40:29,996 - INFO - ThreadPoolExecutor-0_9 - [PROD] Payload 228/365 sent successfully. Status Code: 200
2026-07-01 19:40:29,996 - INFO - ThreadPoolExecutor-0_9 - [PROD] Sending payload 238/365 | Order Number: V83070100636
2026-07-01 19:40:30,315 - INFO - ThreadPoolExecutor-0_6 - [PROD] Payload 229/365 sent successfully. Status Code: 200
2026-07-01 19:40:30,317 - INFO - ThreadPoolExecutor-0_6 - [PROD] Sending payload 239/365 | Order Number: V83070100637
2026-07-01 19:40:30,453 - INFO - ThreadPoolExecutor-0_3 - [PROD] Payload 230/365 sent successfully. Status Code: 200
2026-07-01 19:40:30,454 - INFO - ThreadPoolExecutor-0_3 - [PROD] Sending payload 240/365 | Order Number: V83070100638
2026-07-01 19:40:30,527 - INFO - ThreadPoolExecutor-0_4 - [PROD] Payload 231/365 sent successfully. Status Code: 200
2026-07-01 19:40:30,528 - INFO - ThreadPoolExecutor-0_4 - [PROD] Sending payload 241/365 | Order Number: V83070100639
2026-07-01 19:40:30,790 - INFO - ThreadPoolExecutor-0_8 - [PROD] Payload 232/365 sent successfully. Status Code: 200
2026-07-01 19:40:30,791 - INFO - ThreadPoolExecutor-0_8 - [PROD] Sending payload 242/365 | Order Number: V83070100640
2026-07-01 19:40:30,910 - INFO - ThreadPoolExecutor-0_7 - [PROD] Payload 234/365 sent successfully. Status Code: 200
2026-07-01 19:40:30,911 - INFO - ThreadPoolExecutor-0_7 - [PROD] Sending payload 243/365 | Order Number: V83070100641
2026-07-01 19:40:31,057 - INFO - ThreadPoolExecutor-0_1 - [PROD] Payload 235/365 sent successfully. Status Code: 200
2026-07-01 19:40:31,058 - INFO - ThreadPoolExecutor-0_1 - [PROD] Sending payload 244/365 | Order Number: V83070100642
2026-07-01 19:40:31,112 - INFO - ThreadPoolExecutor-0_0 - [PROD] Payload 233/365 sent successfully. Status Code: 200
2026-07-01 19:40:31,115 - INFO - ThreadPoolExecutor-0_0 - [PROD] Sending payload 245/365 | Order Number: V83070100643
2026-07-01 19:40:31,165 - INFO - ThreadPoolExecutor-0_5 - [PROD] Payload 236/365 sent successfully. Status Code: 200
2026-07-01 19:40:31,166 - INFO - ThreadPoolExecutor-0_5 - [PROD] Sending payload 246/365 | Order Number: V83070100644
2026-07-01 19:40:31,320 - INFO - ThreadPoolExecutor-0_2 - [PROD] Payload 237/365 sent successfully. Status Code: 200
2026-07-01 19:40:31,321 - INFO - ThreadPoolExecutor-0_2 - [PROD] Sending payload 247/365 | Order Number: V83070100645
2026-07-01 19:40:31,386 - INFO - ThreadPoolExecutor-0_9 - [PROD] Payload 238/365 sent successfully. Status Code: 200
2026-07-01 19:40:31,386 - INFO - ThreadPoolExecutor-0_9 - [PROD] Sending payload 248/365 | Order Number: V83070100646
2026-07-01 19:40:31,664 - INFO - ThreadPoolExecutor-0_6 - [PROD] Payload 239/365 sent successfully. Status Code: 200
2026-07-01 19:40:31,664 - INFO - ThreadPoolExecutor-0_6 - [PROD] Sending payload 249/365 | Order Number: V83070100647
2026-07-01 19:40:31,832 - INFO - ThreadPoolExecutor-0_3 - [PROD] Payload 240/365 sent successfully. Status Code: 200
2026-07-01 19:40:31,833 - INFO - ThreadPoolExecutor-0_3 - [PROD] Sending payload 250/365 | Order Number: V83070100648
2026-07-01 19:40:31,901 - INFO - ThreadPoolExecutor-0_4 - [PROD] Payload 241/365 sent successfully. Status Code: 200
2026-07-01 19:40:31,902 - INFO - ThreadPoolExecutor-0_4 - [PROD] Sending payload 251/365 | Order Number: V83070100649
2026-07-01 19:40:32,236 - INFO - ThreadPoolExecutor-0_8 - [PROD] Payload 242/365 sent successfully. Status Code: 200
2026-07-01 19:40:32,238 - INFO - ThreadPoolExecutor-0_8 - [PROD] Sending payload 252/365 | Order Number: V83070100650
2026-07-01 19:40:32,414 - INFO - ThreadPoolExecutor-0_7 - [PROD] Payload 243/365 sent successfully. Status Code: 200
2026-07-01 19:40:32,415 - INFO - ThreadPoolExecutor-0_7 - [PROD] Sending payload 253/365 | Order Number: V83070100651
2026-07-01 19:40:32,426 - INFO - ThreadPoolExecutor-0_0 - [PROD] Payload 245/365 sent successfully. Status Code: 200
2026-07-01 19:40:32,427 - INFO - ThreadPoolExecutor-0_0 - [PROD] Sending payload 254/365 | Order Number: V83070100652
2026-07-01 19:40:32,452 - INFO - ThreadPoolExecutor-0_1 - [PROD] Payload 244/365 sent successfully. Status Code: 200
2026-07-01 19:40:32,453 - INFO - ThreadPoolExecutor-0_1 - [PROD] Sending payload 255/365 | Order Number: V83070100653
2026-07-01 19:40:32,672 - INFO - ThreadPoolExecutor-0_5 - [PROD] Payload 246/365 sent successfully. Status Code: 200
2026-07-01 19:40:32,674 - INFO - ThreadPoolExecutor-0_5 - [PROD] Sending payload 256/365 | Order Number: V87070100654
2026-07-01 19:40:32,880 - INFO - ThreadPoolExecutor-0_9 - [PROD] Payload 248/365 sent successfully. Status Code: 200
2026-07-01 19:40:32,881 - INFO - ThreadPoolExecutor-0_9 - [PROD] Sending payload 257/365 | Order Number: V87070100655
2026-07-01 19:40:32,923 - INFO - ThreadPoolExecutor-0_2 - [PROD] Payload 247/365 sent successfully. Status Code: 200
2026-07-01 19:40:32,924 - INFO - ThreadPoolExecutor-0_2 - [PROD] Sending payload 258/365 | Order Number: V87070100656
2026-07-01 19:40:33,054 - INFO - ThreadPoolExecutor-0_6 - [PROD] Payload 249/365 sent successfully. Status Code: 200
2026-07-01 19:40:33,056 - INFO - ThreadPoolExecutor-0_6 - [PROD] Sending payload 259/365 | Order Number: V87070100657
2026-07-01 19:40:33,197 - INFO - ThreadPoolExecutor-0_3 - [PROD] Payload 250/365 sent successfully. Status Code: 200
2026-07-01 19:40:33,199 - INFO - ThreadPoolExecutor-0_3 - [PROD] Sending payload 260/365 | Order Number: V87070100658
2026-07-01 19:40:33,310 - INFO - ThreadPoolExecutor-0_4 - [PROD] Payload 251/365 sent successfully. Status Code: 200
2026-07-01 19:40:33,313 - INFO - ThreadPoolExecutor-0_4 - [PROD] Sending payload 261/365 | Order Number: V87070100659
2026-07-01 19:40:33,572 - INFO - ThreadPoolExecutor-0_8 - [PROD] Payload 252/365 sent successfully. Status Code: 200
2026-07-01 19:40:33,573 - INFO - ThreadPoolExecutor-0_8 - [PROD] Sending payload 262/365 | Order Number: V87070100660
2026-07-01 19:40:34,016 - INFO - ThreadPoolExecutor-0_7 - [PROD] Payload 253/365 sent successfully. Status Code: 200
2026-07-01 19:40:34,019 - INFO - ThreadPoolExecutor-0_7 - [PROD] Sending payload 263/365 | Order Number: V87070100661
2026-07-01 19:40:34,028 - INFO - ThreadPoolExecutor-0_0 - [PROD] Payload 254/365 sent successfully. Status Code: 200
2026-07-01 19:40:34,028 - INFO - ThreadPoolExecutor-0_0 - [PROD] Sending payload 264/365 | Order Number: V87070100662
2026-07-01 19:40:34,203 - INFO - ThreadPoolExecutor-0_5 - [PROD] Payload 256/365 sent successfully. Status Code: 200
2026-07-01 19:40:34,205 - INFO - ThreadPoolExecutor-0_5 - [PROD] Sending payload 265/365 | Order Number: V87070100663
2026-07-01 19:40:34,213 - INFO - ThreadPoolExecutor-0_1 - [PROD] Payload 255/365 sent successfully. Status Code: 200
2026-07-01 19:40:34,213 - INFO - ThreadPoolExecutor-0_1 - [PROD] Sending payload 266/365 | Order Number: V87070100664
2026-07-01 19:40:34,296 - INFO - ThreadPoolExecutor-0_2 - [PROD] Payload 258/365 sent successfully. Status Code: 200
2026-07-01 19:40:34,296 - INFO - ThreadPoolExecutor-0_2 - [PROD] Sending payload 267/365 | Order Number: V87070100665
2026-07-01 19:40:34,410 - INFO - ThreadPoolExecutor-0_9 - [PROD] Payload 257/365 sent successfully. Status Code: 200
2026-07-01 19:40:34,412 - INFO - ThreadPoolExecutor-0_9 - [PROD] Sending payload 268/365 | Order Number: V87070100666
2026-07-01 19:40:34,421 - INFO - ThreadPoolExecutor-0_6 - [PROD] Payload 259/365 sent successfully. Status Code: 200
2026-07-01 19:40:34,421 - INFO - ThreadPoolExecutor-0_6 - [PROD] Sending payload 269/365 | Order Number: V87070100667
2026-07-01 19:40:34,536 - INFO - ThreadPoolExecutor-0_3 - [PROD] Payload 260/365 sent successfully. Status Code: 200
2026-07-01 19:40:34,539 - INFO - ThreadPoolExecutor-0_3 - [PROD] Sending payload 270/365 | Order Number: V87070100668
2026-07-01 19:40:34,684 - INFO - ThreadPoolExecutor-0_4 - [PROD] Payload 261/365 sent successfully. Status Code: 200
2026-07-01 19:40:34,686 - INFO - ThreadPoolExecutor-0_4 - [PROD] Sending payload 271/365 | Order Number: V87070100669
2026-07-01 19:40:34,946 - INFO - ThreadPoolExecutor-0_8 - [PROD] Payload 262/365 sent successfully. Status Code: 200
2026-07-01 19:40:34,948 - INFO - ThreadPoolExecutor-0_8 - [PROD] Sending payload 272/365 | Order Number: V87070100670
2026-07-01 19:40:35,361 - INFO - ThreadPoolExecutor-0_7 - [PROD] Payload 263/365 sent successfully. Status Code: 200
2026-07-01 19:40:35,363 - INFO - ThreadPoolExecutor-0_7 - [PROD] Sending payload 273/365 | Order Number: V87070100671
2026-07-01 19:40:35,394 - INFO - ThreadPoolExecutor-0_0 - [PROD] Payload 264/365 sent successfully. Status Code: 200
2026-07-01 19:40:35,395 - INFO - ThreadPoolExecutor-0_0 - [PROD] Sending payload 274/365 | Order Number: V87070100672
2026-07-01 19:40:35,541 - INFO - ThreadPoolExecutor-0_1 - [PROD] Payload 266/365 sent successfully. Status Code: 200
2026-07-01 19:40:35,544 - INFO - ThreadPoolExecutor-0_1 - [PROD] Sending payload 275/365 | Order Number: V87070100673
2026-07-01 19:40:35,571 - INFO - ThreadPoolExecutor-0_5 - [PROD] Payload 265/365 sent successfully. Status Code: 200
2026-07-01 19:40:35,572 - INFO - ThreadPoolExecutor-0_5 - [PROD] Sending payload 276/365 | Order Number: V87070100674
2026-07-01 19:40:35,661 - INFO - ThreadPoolExecutor-0_2 - [PROD] Payload 267/365 sent successfully. Status Code: 200
2026-07-01 19:40:35,661 - INFO - ThreadPoolExecutor-0_2 - [PROD] Sending payload 277/365 | Order Number: V87070100675
2026-07-01 19:40:35,781 - INFO - ThreadPoolExecutor-0_9 - [PROD] Payload 268/365 sent successfully. Status Code: 200
2026-07-01 19:40:35,781 - INFO - ThreadPoolExecutor-0_9 - [PROD] Sending payload 278/365 | Order Number: V87070100676
2026-07-01 19:40:35,816 - INFO - ThreadPoolExecutor-0_6 - [PROD] Payload 269/365 sent successfully. Status Code: 200
2026-07-01 19:40:35,817 - INFO - ThreadPoolExecutor-0_6 - [PROD] Sending payload 279/365 | Order Number: V87070100677
2026-07-01 19:40:35,913 - INFO - ThreadPoolExecutor-0_3 - [PROD] Payload 270/365 sent successfully. Status Code: 200
2026-07-01 19:40:35,914 - INFO - ThreadPoolExecutor-0_3 - [PROD] Sending payload 280/365 | Order Number: V87070100678
2026-07-01 19:40:36,068 - INFO - ThreadPoolExecutor-0_4 - [PROD] Payload 271/365 sent successfully. Status Code: 200
2026-07-01 19:40:36,069 - INFO - ThreadPoolExecutor-0_4 - [PROD] Sending payload 281/365 | Order Number: V87070100679
2026-07-01 19:40:36,297 - INFO - ThreadPoolExecutor-0_8 - [PROD] Payload 272/365 sent successfully. Status Code: 200
2026-07-01 19:40:36,297 - INFO - ThreadPoolExecutor-0_8 - [PROD] Sending payload 282/365 | Order Number: V87070100680
2026-07-01 19:40:36,741 - INFO - ThreadPoolExecutor-0_7 - [PROD] Payload 273/365 sent successfully. Status Code: 200
2026-07-01 19:40:36,741 - INFO - ThreadPoolExecutor-0_7 - [PROD] Sending payload 283/365 | Order Number: V87070100681
2026-07-01 19:40:36,906 - INFO - ThreadPoolExecutor-0_1 - [PROD] Payload 275/365 sent successfully. Status Code: 200
2026-07-01 19:40:36,907 - INFO - ThreadPoolExecutor-0_1 - [PROD] Sending payload 284/365 | Order Number: V87070100682
2026-07-01 19:40:36,918 - INFO - ThreadPoolExecutor-0_0 - [PROD] Payload 274/365 sent successfully. Status Code: 200
2026-07-01 19:40:36,919 - INFO - ThreadPoolExecutor-0_0 - [PROD] Sending payload 285/365 | Order Number: V87070100683
2026-07-01 19:40:36,928 - INFO - ThreadPoolExecutor-0_5 - [PROD] Payload 276/365 sent successfully. Status Code: 200
2026-07-01 19:40:36,928 - INFO - ThreadPoolExecutor-0_5 - [PROD] Sending payload 286/365 | Order Number: V87070100684
2026-07-01 19:40:37,093 - INFO - ThreadPoolExecutor-0_2 - [PROD] Payload 277/365 sent successfully. Status Code: 200
2026-07-01 19:40:37,094 - INFO - ThreadPoolExecutor-0_2 - [PROD] Sending payload 287/365 | Order Number: V87070100685
2026-07-01 19:40:37,138 - INFO - ThreadPoolExecutor-0_9 - [PROD] Payload 278/365 sent successfully. Status Code: 200
2026-07-01 19:40:37,140 - INFO - ThreadPoolExecutor-0_9 - [PROD] Sending payload 288/365 | Order Number: V87070100686
2026-07-01 19:40:37,373 - INFO - ThreadPoolExecutor-0_3 - [PROD] Payload 280/365 sent successfully. Status Code: 200
2026-07-01 19:40:37,373 - INFO - ThreadPoolExecutor-0_3 - [PROD] Sending payload 289/365 | Order Number: V87070100687
2026-07-01 19:40:37,377 - INFO - ThreadPoolExecutor-0_6 - [PROD] Payload 279/365 sent successfully. Status Code: 200
2026-07-01 19:40:37,378 - INFO - ThreadPoolExecutor-0_6 - [PROD] Sending payload 290/365 | Order Number: V87070100688
2026-07-01 19:40:37,531 - INFO - ThreadPoolExecutor-0_4 - [PROD] Payload 281/365 sent successfully. Status Code: 200
2026-07-01 19:40:37,533 - INFO - ThreadPoolExecutor-0_4 - [PROD] Sending payload 291/365 | Order Number: V87070100689
2026-07-01 19:40:37,634 - INFO - ThreadPoolExecutor-0_8 - [PROD] Payload 282/365 sent successfully. Status Code: 200
2026-07-01 19:40:37,635 - INFO - ThreadPoolExecutor-0_8 - [PROD] Sending payload 292/365 | Order Number: V87070100690
2026-07-01 19:40:38,126 - INFO - ThreadPoolExecutor-0_7 - [PROD] Payload 283/365 sent successfully. Status Code: 200
2026-07-01 19:40:38,127 - INFO - ThreadPoolExecutor-0_7 - [PROD] Sending payload 293/365 | Order Number: V87070100691
2026-07-01 19:40:38,246 - INFO - ThreadPoolExecutor-0_1 - [PROD] Payload 284/365 sent successfully. Status Code: 200
2026-07-01 19:40:38,247 - INFO - ThreadPoolExecutor-0_1 - [PROD] Sending payload 294/365 | Order Number: V87070100692
2026-07-01 19:40:38,299 - INFO - ThreadPoolExecutor-0_0 - [PROD] Payload 285/365 sent successfully. Status Code: 200
2026-07-01 19:40:38,299 - INFO - ThreadPoolExecutor-0_0 - [PROD] Sending payload 295/365 | Order Number: V87070100693
2026-07-01 19:40:38,423 - INFO - ThreadPoolExecutor-0_2 - [PROD] Payload 287/365 sent successfully. Status Code: 200
2026-07-01 19:40:38,425 - INFO - ThreadPoolExecutor-0_2 - [PROD] Sending payload 296/365 | Order Number: V87070100694
2026-07-01 19:40:38,427 - INFO - ThreadPoolExecutor-0_5 - [PROD] Payload 286/365 sent successfully. Status Code: 200
2026-07-01 19:40:38,428 - INFO - ThreadPoolExecutor-0_5 - [PROD] Sending payload 297/365 | Order Number: V87070100695
2026-07-01 19:40:38,644 - INFO - ThreadPoolExecutor-0_9 - [PROD] Payload 288/365 sent successfully. Status Code: 200
2026-07-01 19:40:38,646 - INFO - ThreadPoolExecutor-0_9 - [PROD] Sending payload 298/365 | Order Number: V87070100696
2026-07-01 19:40:38,778 - INFO - ThreadPoolExecutor-0_6 - [PROD] Payload 290/365 sent successfully. Status Code: 200
2026-07-01 19:40:38,779 - INFO - ThreadPoolExecutor-0_6 - [PROD] Sending payload 299/365 | Order Number: V87070100697
2026-07-01 19:40:38,830 - INFO - ThreadPoolExecutor-0_3 - [PROD] Payload 289/365 sent successfully. Status Code: 200
2026-07-01 19:40:38,830 - INFO - ThreadPoolExecutor-0_3 - [PROD] Sending payload 300/365 | Order Number: V87070100698
2026-07-01 19:40:38,869 - INFO - ThreadPoolExecutor-0_4 - [PROD] Payload 291/365 sent successfully. Status Code: 200
2026-07-01 19:40:38,870 - INFO - ThreadPoolExecutor-0_4 - [PROD] Sending payload 301/365 | Order Number: V87070100699
2026-07-01 19:40:39,050 - INFO - ThreadPoolExecutor-0_8 - [PROD] Payload 292/365 sent successfully. Status Code: 200
2026-07-01 19:40:39,052 - INFO - ThreadPoolExecutor-0_8 - [PROD] Sending payload 302/365 | Order Number: V87070100700
2026-07-01 19:40:39,469 - INFO - ThreadPoolExecutor-0_7 - [PROD] Payload 293/365 sent successfully. Status Code: 200
2026-07-01 19:40:39,470 - INFO - ThreadPoolExecutor-0_7 - [PROD] Sending payload 303/365 | Order Number: V87070100701
2026-07-01 19:40:39,647 - INFO - ThreadPoolExecutor-0_0 - [PROD] Payload 295/365 sent successfully. Status Code: 200
2026-07-01 19:40:39,647 - INFO - ThreadPoolExecutor-0_0 - [PROD] Sending payload 304/365 | Order Number: V87070100702
2026-07-01 19:40:39,661 - INFO - ThreadPoolExecutor-0_1 - [PROD] Payload 294/365 sent successfully. Status Code: 200
2026-07-01 19:40:39,661 - INFO - ThreadPoolExecutor-0_1 - [PROD] Sending payload 305/365 | Order Number: V87070100703
2026-07-01 19:40:39,754 - INFO - ThreadPoolExecutor-0_5 - [PROD] Payload 297/365 sent successfully. Status Code: 200
2026-07-01 19:40:39,756 - INFO - ThreadPoolExecutor-0_5 - [PROD] Sending payload 306/365 | Order Number: V87070100704
2026-07-01 19:40:39,829 - INFO - ThreadPoolExecutor-0_2 - [PROD] Payload 296/365 sent successfully. Status Code: 200
2026-07-01 19:40:39,831 - INFO - ThreadPoolExecutor-0_2 - [PROD] Sending payload 307/365 | Order Number: V87070100705
2026-07-01 19:40:39,995 - INFO - ThreadPoolExecutor-0_9 - [PROD] Payload 298/365 sent successfully. Status Code: 200
2026-07-01 19:40:39,996 - INFO - ThreadPoolExecutor-0_9 - [PROD] Sending payload 308/365 | Order Number: V87070100706
2026-07-01 19:40:40,156 - INFO - ThreadPoolExecutor-0_3 - [PROD] Payload 300/365 sent successfully. Status Code: 200
2026-07-01 19:40:40,157 - INFO - ThreadPoolExecutor-0_3 - [PROD] Sending payload 309/365 | Order Number: V87070100707
2026-07-01 19:40:40,183 - INFO - ThreadPoolExecutor-0_6 - [PROD] Payload 299/365 sent successfully. Status Code: 200
2026-07-01 19:40:40,184 - INFO - ThreadPoolExecutor-0_6 - [PROD] Sending payload 310/365 | Order Number: V87070100708
2026-07-01 19:40:40,380 - INFO - ThreadPoolExecutor-0_4 - [PROD] Payload 301/365 sent successfully. Status Code: 200
2026-07-01 19:40:40,382 - INFO - ThreadPoolExecutor-0_4 - [PROD] Sending payload 311/365 | Order Number: V87070100709
2026-07-01 19:40:40,479 - INFO - ThreadPoolExecutor-0_8 - [PROD] Payload 302/365 sent successfully. Status Code: 200
2026-07-01 19:40:40,481 - INFO - ThreadPoolExecutor-0_8 - [PROD] Sending payload 312/365 | Order Number: V87070100710
2026-07-01 19:40:40,838 - INFO - ThreadPoolExecutor-0_7 - [PROD] Payload 303/365 sent successfully. Status Code: 200
2026-07-01 19:40:40,838 - INFO - ThreadPoolExecutor-0_7 - [PROD] Sending payload 313/365 | Order Number: V87070100711
2026-07-01 19:40:41,005 - INFO - ThreadPoolExecutor-0_1 - [PROD] Payload 305/365 sent successfully. Status Code: 200
2026-07-01 19:40:41,006 - INFO - ThreadPoolExecutor-0_1 - [PROD] Sending payload 314/365 | Order Number: V87070100712
2026-07-01 19:40:41,012 - INFO - ThreadPoolExecutor-0_0 - [PROD] Payload 304/365 sent successfully. Status Code: 200
2026-07-01 19:40:41,012 - INFO - ThreadPoolExecutor-0_0 - [PROD] Sending payload 315/365 | Order Number: V87070100713
2026-07-01 19:40:41,189 - INFO - ThreadPoolExecutor-0_5 - [PROD] Payload 306/365 sent successfully. Status Code: 200
2026-07-01 19:40:41,190 - INFO - ThreadPoolExecutor-0_5 - [PROD] Sending payload 316/365 | Order Number: V87070100714
2026-07-01 19:40:41,280 - INFO - ThreadPoolExecutor-0_2 - [PROD] Payload 307/365 sent successfully. Status Code: 200
2026-07-01 19:40:41,280 - INFO - ThreadPoolExecutor-0_2 - [PROD] Sending payload 317/365 | Order Number: V87070100715
2026-07-01 19:40:41,346 - INFO - ThreadPoolExecutor-0_9 - [PROD] Payload 308/365 sent successfully. Status Code: 200
2026-07-01 19:40:41,347 - INFO - ThreadPoolExecutor-0_9 - [PROD] Sending payload 318/365 | Order Number: V87070100716
2026-07-01 19:40:41,587 - INFO - ThreadPoolExecutor-0_3 - [PROD] Payload 309/365 sent successfully. Status Code: 200
2026-07-01 19:40:41,588 - INFO - ThreadPoolExecutor-0_3 - [PROD] Sending payload 319/365 | Order Number: V87070100717
2026-07-01 19:40:41,641 - INFO - ThreadPoolExecutor-0_6 - [PROD] Payload 310/365 sent successfully. Status Code: 200
2026-07-01 19:40:41,642 - INFO - ThreadPoolExecutor-0_6 - [PROD] Sending payload 320/365 | Order Number: V87070100718
2026-07-01 19:40:41,742 - INFO - ThreadPoolExecutor-0_4 - [PROD] Payload 311/365 sent successfully. Status Code: 200
2026-07-01 19:40:41,742 - INFO - ThreadPoolExecutor-0_4 - [PROD] Sending payload 321/365 | Order Number: V87070100719
2026-07-01 19:40:41,832 - INFO - ThreadPoolExecutor-0_8 - [PROD] Payload 312/365 sent successfully. Status Code: 200
2026-07-01 19:40:41,832 - INFO - ThreadPoolExecutor-0_8 - [PROD] Sending payload 322/365 | Order Number: V87070100720
2026-07-01 19:40:42,234 - INFO - ThreadPoolExecutor-0_7 - [PROD] Payload 313/365 sent successfully. Status Code: 200
2026-07-01 19:40:42,235 - INFO - ThreadPoolExecutor-0_7 - [PROD] Sending payload 323/365 | Order Number: V87070100721
2026-07-01 19:40:42,352 - INFO - ThreadPoolExecutor-0_1 - [PROD] Payload 314/365 sent successfully. Status Code: 200
2026-07-01 19:40:42,352 - INFO - ThreadPoolExecutor-0_1 - [PROD] Sending payload 324/365 | Order Number: V87070100722
2026-07-01 19:40:42,363 - INFO - ThreadPoolExecutor-0_0 - [PROD] Payload 315/365 sent successfully. Status Code: 200
2026-07-01 19:40:42,364 - INFO - ThreadPoolExecutor-0_0 - [PROD] Sending payload 325/365 | Order Number: V87070100723
2026-07-01 19:40:42,634 - INFO - ThreadPoolExecutor-0_2 - [PROD] Payload 317/365 sent successfully. Status Code: 200
2026-07-01 19:40:42,637 - INFO - ThreadPoolExecutor-0_2 - [PROD] Sending payload 326/365 | Order Number: V87070100724
2026-07-01 19:40:42,658 - INFO - ThreadPoolExecutor-0_5 - [PROD] Payload 316/365 sent successfully. Status Code: 200
2026-07-01 19:40:42,660 - INFO - ThreadPoolExecutor-0_5 - [PROD] Sending payload 327/365 | Order Number: V87070100725
2026-07-01 19:40:42,714 - INFO - ThreadPoolExecutor-0_9 - [PROD] Payload 318/365 sent successfully. Status Code: 200
2026-07-01 19:40:42,714 - INFO - ThreadPoolExecutor-0_9 - [PROD] Sending payload 328/365 | Order Number: V87070100726
2026-07-01 19:40:42,981 - INFO - ThreadPoolExecutor-0_6 - [PROD] Payload 320/365 sent successfully. Status Code: 200
2026-07-01 19:40:42,982 - INFO - ThreadPoolExecutor-0_6 - [PROD] Sending payload 329/365 | Order Number: V87070100727
2026-07-01 19:40:42,985 - INFO - ThreadPoolExecutor-0_3 - [PROD] Payload 319/365 sent successfully. Status Code: 200
2026-07-01 19:40:42,985 - INFO - ThreadPoolExecutor-0_3 - [PROD] Sending payload 330/365 | Order Number: V87070100728
2026-07-01 19:40:43,158 - INFO - ThreadPoolExecutor-0_4 - [PROD] Payload 321/365 sent successfully. Status Code: 200
2026-07-01 19:40:43,159 - INFO - ThreadPoolExecutor-0_4 - [PROD] Sending payload 331/365 | Order Number: V87070100729
2026-07-01 19:40:43,175 - INFO - ThreadPoolExecutor-0_8 - [PROD] Payload 322/365 sent successfully. Status Code: 200
2026-07-01 19:40:43,176 - INFO - ThreadPoolExecutor-0_8 - [PROD] Sending payload 332/365 | Order Number: V87070100730
2026-07-01 19:40:43,576 - INFO - ThreadPoolExecutor-0_7 - [PROD] Payload 323/365 sent successfully. Status Code: 200
2026-07-01 19:40:43,576 - INFO - ThreadPoolExecutor-0_7 - [PROD] Sending payload 333/365 | Order Number: V87070100731
2026-07-01 19:40:43,621 - INFO - ThreadPoolExecutor-0_1 - [PROD] Payload 324/365 sent successfully. Status Code: 200
2026-07-01 19:40:43,622 - INFO - ThreadPoolExecutor-0_1 - [PROD] Sending payload 334/365 | Order Number: V87070100732
2026-07-01 19:40:43,744 - INFO - ThreadPoolExecutor-0_0 - [PROD] Payload 325/365 sent successfully. Status Code: 200
2026-07-01 19:40:43,745 - INFO - ThreadPoolExecutor-0_0 - [PROD] Sending payload 335/365 | Order Number: V87070100733
2026-07-01 19:40:43,964 - INFO - ThreadPoolExecutor-0_2 - [PROD] Payload 326/365 sent successfully. Status Code: 200
2026-07-01 19:40:43,966 - INFO - ThreadPoolExecutor-0_2 - [PROD] Sending payload 336/365 | Order Number: V87070100734
2026-07-01 19:40:43,998 - INFO - ThreadPoolExecutor-0_5 - [PROD] Payload 327/365 sent successfully. Status Code: 200
2026-07-01 19:40:43,999 - INFO - ThreadPoolExecutor-0_5 - [PROD] Sending payload 337/365 | Order Number: V87070100735
2026-07-01 19:40:44,097 - INFO - ThreadPoolExecutor-0_9 - [PROD] Payload 328/365 sent successfully. Status Code: 200
2026-07-01 19:40:44,100 - INFO - ThreadPoolExecutor-0_9 - [PROD] Sending payload 338/365 | Order Number: V87070100736
2026-07-01 19:40:44,321 - INFO - ThreadPoolExecutor-0_3 - [PROD] Payload 330/365 sent successfully. Status Code: 200
2026-07-01 19:40:44,323 - INFO - ThreadPoolExecutor-0_3 - [PROD] Sending payload 339/365 | Order Number: V87070100737
2026-07-01 19:40:44,336 - INFO - ThreadPoolExecutor-0_6 - [PROD] Payload 329/365 sent successfully. Status Code: 200
2026-07-01 19:40:44,337 - INFO - ThreadPoolExecutor-0_6 - [PROD] Sending payload 340/365 | Order Number: V87070100738
2026-07-01 19:40:44,511 - INFO - ThreadPoolExecutor-0_4 - [PROD] Payload 331/365 sent successfully. Status Code: 200
2026-07-01 19:40:44,513 - INFO - ThreadPoolExecutor-0_4 - [PROD] Sending payload 341/365 | Order Number: V87070100739
2026-07-01 19:40:44,588 - INFO - ThreadPoolExecutor-0_8 - [PROD] Payload 332/365 sent successfully. Status Code: 200
2026-07-01 19:40:44,592 - INFO - ThreadPoolExecutor-0_8 - [PROD] Sending payload 342/365 | Order Number: V87070100740
2026-07-01 19:40:44,935 - INFO - ThreadPoolExecutor-0_7 - [PROD] Payload 333/365 sent successfully. Status Code: 200
2026-07-01 19:40:44,937 - INFO - ThreadPoolExecutor-0_7 - [PROD] Sending payload 343/365 | Order Number: V87070100741
2026-07-01 19:40:45,034 - INFO - ThreadPoolExecutor-0_1 - [PROD] Payload 334/365 sent successfully. Status Code: 200
2026-07-01 19:40:45,036 - INFO - ThreadPoolExecutor-0_1 - [PROD] Sending payload 344/365 | Order Number: V87070100742
2026-07-01 19:40:45,125 - INFO - ThreadPoolExecutor-0_0 - [PROD] Payload 335/365 sent successfully. Status Code: 200
2026-07-01 19:40:45,127 - INFO - ThreadPoolExecutor-0_0 - [PROD] Sending payload 345/365 | Order Number: V87070100743
2026-07-01 19:40:45,330 - INFO - ThreadPoolExecutor-0_2 - [PROD] Payload 336/365 sent successfully. Status Code: 200
2026-07-01 19:40:45,332 - INFO - ThreadPoolExecutor-0_2 - [PROD] Sending payload 346/365 | Order Number: V87070100744
2026-07-01 19:40:45,364 - INFO - ThreadPoolExecutor-0_5 - [PROD] Payload 337/365 sent successfully. Status Code: 200
2026-07-01 19:40:45,365 - INFO - ThreadPoolExecutor-0_5 - [PROD] Sending payload 347/365 | Order Number: V87070100745
2026-07-01 19:40:45,471 - INFO - ThreadPoolExecutor-0_9 - [PROD] Payload 338/365 sent successfully. Status Code: 200
2026-07-01 19:40:45,472 - INFO - ThreadPoolExecutor-0_9 - [PROD] Sending payload 348/365 | Order Number: V87070100746
2026-07-01 19:40:45,683 - INFO - ThreadPoolExecutor-0_3 - [PROD] Payload 339/365 sent successfully. Status Code: 200
2026-07-01 19:40:45,683 - INFO - ThreadPoolExecutor-0_3 - [PROD] Sending payload 349/365 | Order Number: V87070100747
2026-07-01 19:40:45,834 - INFO - ThreadPoolExecutor-0_6 - [PROD] Payload 340/365 sent successfully. Status Code: 200
2026-07-01 19:40:45,834 - INFO - ThreadPoolExecutor-0_6 - [PROD] Sending payload 350/365 | Order Number: V87070100748
2026-07-01 19:40:45,899 - INFO - ThreadPoolExecutor-0_4 - [PROD] Payload 341/365 sent successfully. Status Code: 200
2026-07-01 19:40:45,900 - INFO - ThreadPoolExecutor-0_4 - [PROD] Sending payload 351/365 | Order Number: V87070100749
2026-07-01 19:40:45,963 - INFO - ThreadPoolExecutor-0_8 - [PROD] Payload 342/365 sent successfully. Status Code: 200
2026-07-01 19:40:45,963 - INFO - ThreadPoolExecutor-0_8 - [PROD] Sending payload 352/365 | Order Number: V87070100750
2026-07-01 19:40:46,310 - INFO - ThreadPoolExecutor-0_7 - [PROD] Payload 343/365 sent successfully. Status Code: 200
2026-07-01 19:40:46,313 - INFO - ThreadPoolExecutor-0_7 - [PROD] Sending payload 353/365 | Order Number: V87070100751
2026-07-01 19:40:46,388 - INFO - ThreadPoolExecutor-0_1 - [PROD] Payload 344/365 sent successfully. Status Code: 200
2026-07-01 19:40:46,389 - INFO - ThreadPoolExecutor-0_1 - [PROD] Sending payload 354/365 | Order Number: V87070100752
2026-07-01 19:40:46,483 - INFO - ThreadPoolExecutor-0_0 - [PROD] Payload 345/365 sent successfully. Status Code: 200
2026-07-01 19:40:46,484 - INFO - ThreadPoolExecutor-0_0 - [PROD] Sending payload 355/365 | Order Number: V87070100753
2026-07-01 19:40:46,674 - INFO - ThreadPoolExecutor-0_2 - [PROD] Payload 346/365 sent successfully. Status Code: 200
2026-07-01 19:40:46,674 - INFO - ThreadPoolExecutor-0_2 - [PROD] Sending payload 356/365 | Order Number: V87070100754
2026-07-01 19:40:46,745 - INFO - ThreadPoolExecutor-0_5 - [PROD] Payload 347/365 sent successfully. Status Code: 200
2026-07-01 19:40:46,745 - INFO - ThreadPoolExecutor-0_5 - [PROD] Sending payload 357/365 | Order Number: V87070100755
2026-07-01 19:40:46,830 - INFO - ThreadPoolExecutor-0_9 - [PROD] Payload 348/365 sent successfully. Status Code: 200
2026-07-01 19:40:46,830 - INFO - ThreadPoolExecutor-0_9 - [PROD] Sending payload 358/365 | Order Number: V87070100756
2026-07-01 19:40:47,023 - INFO - ThreadPoolExecutor-0_3 - [PROD] Payload 349/365 sent successfully. Status Code: 200
2026-07-01 19:40:47,025 - INFO - ThreadPoolExecutor-0_3 - [PROD] Sending payload 359/365 | Order Number: V87070100757
2026-07-01 19:40:47,216 - INFO - ThreadPoolExecutor-0_6 - [PROD] Payload 350/365 sent successfully. Status Code: 200
2026-07-01 19:40:47,217 - INFO - ThreadPoolExecutor-0_6 - [PROD] Sending payload 360/365 | Order Number: V87070100758
2026-07-01 19:40:47,251 - INFO - ThreadPoolExecutor-0_4 - [PROD] Payload 351/365 sent successfully. Status Code: 200
2026-07-01 19:40:47,251 - INFO - ThreadPoolExecutor-0_4 - [PROD] Sending payload 361/365 | Order Number: V87070100759
2026-07-01 19:40:47,334 - INFO - ThreadPoolExecutor-0_8 - [PROD] Payload 352/365 sent successfully. Status Code: 200
2026-07-01 19:40:47,335 - INFO - ThreadPoolExecutor-0_8 - [PROD] Sending payload 362/365 | Order Number: V87070100760
2026-07-01 19:40:47,717 - INFO - ThreadPoolExecutor-0_7 - [PROD] Payload 353/365 sent successfully. Status Code: 200
2026-07-01 19:40:47,718 - INFO - ThreadPoolExecutor-0_7 - [PROD] Sending payload 363/365 | Order Number: V87070100761
2026-07-01 19:40:47,843 - INFO - ThreadPoolExecutor-0_0 - [PROD] Payload 355/365 sent successfully. Status Code: 200
2026-07-01 19:40:47,844 - INFO - ThreadPoolExecutor-0_0 - [PROD] Sending payload 364/365 | Order Number: V87070100762
2026-07-01 19:40:47,925 - INFO - ThreadPoolExecutor-0_1 - [PROD] Payload 354/365 sent successfully. Status Code: 200
2026-07-01 19:40:47,927 - INFO - ThreadPoolExecutor-0_1 - [PROD] Sending payload 365/365 | Order Number: V87070100763
2026-07-01 19:40:47,996 - INFO - ThreadPoolExecutor-0_2 - [PROD] Payload 356/365 sent successfully. Status Code: 200
2026-07-01 19:40:48,149 - INFO - ThreadPoolExecutor-0_5 - [PROD] Payload 357/365 sent successfully. Status Code: 200
2026-07-01 19:40:48,190 - INFO - ThreadPoolExecutor-0_9 - [PROD] Payload 358/365 sent successfully. Status Code: 200
2026-07-01 19:40:48,404 - INFO - ThreadPoolExecutor-0_3 - [PROD] Payload 359/365 sent successfully. Status Code: 200
2026-07-01 19:40:48,556 - INFO - ThreadPoolExecutor-0_6 - [PROD] Payload 360/365 sent successfully. Status Code: 200
2026-07-01 19:40:48,736 - INFO - ThreadPoolExecutor-0_4 - [PROD] Payload 361/365 sent successfully. Status Code: 200
2026-07-01 19:40:48,835 - INFO - ThreadPoolExecutor-0_8 - [PROD] Payload 362/365 sent successfully. Status Code: 200
2026-07-01 19:40:49,083 - INFO - ThreadPoolExecutor-0_7 - [PROD] Payload 363/365 sent successfully. Status Code: 200
2026-07-01 19:40:49,214 - INFO - ThreadPoolExecutor-0_0 - [PROD] Payload 364/365 sent successfully. Status Code: 200
2026-07-01 19:40:49,343 - INFO - ThreadPoolExecutor-0_1 - [PROD] Payload 365/365 sent successfully. Status Code: 200
2026-07-01 19:40:49,346 - INFO - MainThread - Completed order creation. Success: 365, Failed: 0, Total: 365
