2026-06-30 21:21:29,052 - INFO - MainThread - Execution log file: /Users/vgana3/Documents/GitHub/Nike/J30/Outbound/logs/FR_Order_Creation_Prod_Multithread_20260630_212129_050954.log
2026-06-30 21:21:29,340 - INFO - MainThread - Sheets found in '/Users/vgana3/Documents/GitHub/Nike/J30/Input_files/Outbound_Worksheet.xlsx': ['CreateOrder', 'Parent_Order', 'BackUp', 'TranLog', 'MHE_Journal', 'OriginalOrderInput', 'CreateShipment', 'MasterData', 'MasterInput', 'Shipment_ID', 'Item_info', 'B2B_SUB_HUB']
2026-06-30 21:21:29,601 - INFO - MainThread - Successfully extracted 2160 data row(s) for processing.
2026-06-30 21:21:29,601 - INFO - MainThread - Processing Excel Row 1
2026-06-30 21:21:29,605 - INFO - MainThread - Order: V4063007003
2026-06-30 21:21:29,606 - INFO - MainThread - Processing Excel Row 2
2026-06-30 21:21:29,608 - INFO - MainThread - Order: V4063007004
2026-06-30 21:21:29,608 - INFO - MainThread - Processing Excel Row 3
2026-06-30 21:21:29,611 - INFO - MainThread - Order: V4063007005
2026-06-30 21:21:29,611 - INFO - MainThread - Processing Excel Row 4
2026-06-30 21:21:29,613 - INFO - MainThread - Order: V4063007006
2026-06-30 21:21:29,613 - INFO - MainThread - Processing Excel Row 5
2026-06-30 21:21:29,615 - INFO - MainThread - Order: V4063007007
2026-06-30 21:21:29,615 - INFO - MainThread - Processing Excel Row 6
2026-06-30 21:21:29,618 - INFO - MainThread - Order: V4063007008
2026-06-30 21:21:29,618 - INFO - MainThread - Processing Excel Row 7
2026-06-30 21:21:29,620 - INFO - MainThread - Order: V4063007009
2026-06-30 21:21:29,621 - INFO - MainThread - Processing Excel Row 8
2026-06-30 21:21:29,622 - INFO - MainThread - Order: V4063007010
2026-06-30 21:21:29,622 - INFO - MainThread - Processing Excel Row 9
2026-06-30 21:21:29,623 - INFO - MainThread - Order: V4063007011
2026-06-30 21:21:29,623 - INFO - MainThread - Processing Excel Row 10
2026-06-30 21:21:29,625 - INFO - MainThread - Order: V4063007012
2026-06-30 21:21:29,625 - INFO - MainThread - Processing Excel Row 11
2026-06-30 21:21:29,628 - INFO - MainThread - Order: V4063007013
2026-06-30 21:21:29,628 - INFO - MainThread - Processing Excel Row 12
2026-06-30 21:21:29,630 - INFO - MainThread - Order: V4063007014
2026-06-30 21:21:29,630 - INFO - MainThread - Processing Excel Row 13
2026-06-30 21:21:29,633 - INFO - MainThread - Order: V4063007015
2026-06-30 21:21:29,633 - INFO - MainThread - Processing Excel Row 14
2026-06-30 21:21:29,635 - INFO - MainThread - Order: V4063007016
2026-06-30 21:21:29,635 - INFO - MainThread - Processing Excel Row 15
2026-06-30 21:21:29,642 - INFO - MainThread - Order: V4063007017
2026-06-30 21:21:29,642 - INFO - MainThread - Processing Excel Row 16
2026-06-30 21:21:29,645 - INFO - MainThread - Order: V4063007018
2026-06-30 21:21:29,645 - INFO - MainThread - Processing Excel Row 17
2026-06-30 21:21:29,647 - INFO - MainThread - Order: V4063007019
2026-06-30 21:21:29,647 - INFO - MainThread - Processing Excel Row 18
2026-06-30 21:21:29,650 - INFO - MainThread - Order: V4063007020
2026-06-30 21:21:29,650 - INFO - MainThread - Processing Excel Row 19
2026-06-30 21:21:29,654 - INFO - MainThread - Order: V4063007021
2026-06-30 21:21:29,654 - INFO - MainThread - Processing Excel Row 20
2026-06-30 21:21:29,657 - INFO - MainThread - Order: V4063007022
2026-06-30 21:21:29,657 - INFO - MainThread - Processing Excel Row 21
2026-06-30 21:21:29,660 - INFO - MainThread - Order: V4063007023
2026-06-30 21:21:29,661 - INFO - MainThread - Processing Excel Row 22
2026-06-30 21:21:29,663 - INFO - MainThread - Order: V4063007024
2026-06-30 21:21:29,663 - INFO - MainThread - Processing Excel Row 23
2026-06-30 21:21:29,664 - INFO - MainThread - Order: V4063007025
2026-06-30 21:21:29,664 - INFO - MainThread - Processing Excel Row 24
2026-06-30 21:21:29,665 - INFO - MainThread - Order: V4063007026
2026-06-30 21:21:29,665 - INFO - MainThread - Processing Excel Row 25
2026-06-30 21:21:29,666 - INFO - MainThread - Order: V4063007027
2026-06-30 21:21:29,666 - INFO - MainThread - Processing Excel Row 26
2026-06-30 21:21:29,667 - INFO - MainThread - Order: V4063007028
2026-06-30 21:21:29,667 - INFO - MainThread - Processing Excel Row 27
2026-06-30 21:21:29,667 - INFO - MainThread - Order: V4063007029
2026-06-30 21:21:29,667 - INFO - MainThread - Processing Excel Row 28
2026-06-30 21:21:29,668 - INFO - MainThread - Order: V4063007030
2026-06-30 21:21:29,668 - INFO - MainThread - Processing Excel Row 29
2026-06-30 21:21:29,669 - INFO - MainThread - Order: V4063007031
2026-06-30 21:21:29,669 - INFO - MainThread - Processing Excel Row 30
2026-06-30 21:21:29,670 - INFO - MainThread - Order: V4063007032
2026-06-30 21:21:29,670 - INFO - MainThread - Processing Excel Row 31
2026-06-30 21:21:29,671 - INFO - MainThread - Order: V4063007033
2026-06-30 21:21:29,671 - INFO - MainThread - Processing Excel Row 32
2026-06-30 21:21:29,672 - INFO - MainThread - Order: V4063007034
2026-06-30 21:21:29,672 - INFO - MainThread - Processing Excel Row 33
2026-06-30 21:21:29,673 - INFO - MainThread - Order: V4063007035
2026-06-30 21:21:29,673 - INFO - MainThread - Processing Excel Row 34
2026-06-30 21:21:29,674 - INFO - MainThread - Order: V4063007036
2026-06-30 21:21:29,674 - INFO - MainThread - Processing Excel Row 35
2026-06-30 21:21:29,675 - INFO - MainThread - Order: V4063007037
2026-06-30 21:21:29,675 - INFO - MainThread - Processing Excel Row 36
2026-06-30 21:21:29,675 - INFO - MainThread - Order: V4063007038
2026-06-30 21:21:29,675 - INFO - MainThread - Processing Excel Row 37
2026-06-30 21:21:29,676 - INFO - MainThread - Order: V4063007039
2026-06-30 21:21:29,676 - INFO - MainThread - Processing Excel Row 38
2026-06-30 21:21:29,677 - INFO - MainThread - Order: V4063007040
2026-06-30 21:21:29,677 - INFO - MainThread - Processing Excel Row 39
2026-06-30 21:21:29,678 - INFO - MainThread - Order: V4063007041
2026-06-30 21:21:29,678 - INFO - MainThread - Processing Excel Row 40
2026-06-30 21:21:29,678 - INFO - MainThread - Order: V4063007042
2026-06-30 21:21:29,678 - INFO - MainThread - Processing Excel Row 41
2026-06-30 21:21:29,679 - INFO - MainThread - Order: V4063007043
2026-06-30 21:21:29,679 - INFO - MainThread - Processing Excel Row 42
2026-06-30 21:21:29,680 - INFO - MainThread - Order: V4063007044
2026-06-30 21:21:29,680 - INFO - MainThread - Processing Excel Row 43
2026-06-30 21:21:29,681 - INFO - MainThread - Order: V4063007045
2026-06-30 21:21:29,681 - INFO - MainThread - Processing Excel Row 44
2026-06-30 21:21:29,682 - INFO - MainThread - Order: V4063007046
2026-06-30 21:21:29,682 - INFO - MainThread - Processing Excel Row 45
2026-06-30 21:21:29,683 - INFO - MainThread - Order: V4063007047
2026-06-30 21:21:29,683 - INFO - MainThread - Processing Excel Row 46
2026-06-30 21:21:29,683 - INFO - MainThread - Order: V4063007048
2026-06-30 21:21:29,684 - INFO - MainThread - Processing Excel Row 47
2026-06-30 21:21:29,684 - INFO - MainThread - Order: V4063007049
2026-06-30 21:21:29,684 - INFO - MainThread - Processing Excel Row 48
2026-06-30 21:21:29,685 - INFO - MainThread - Order: V4063007050
2026-06-30 21:21:29,685 - INFO - MainThread - Processing Excel Row 49
2026-06-30 21:21:29,686 - INFO - MainThread - Order: V4063007051
2026-06-30 21:21:29,686 - INFO - MainThread - Processing Excel Row 50
2026-06-30 21:21:29,687 - INFO - MainThread - Order: V4063007052
2026-06-30 21:21:29,687 - INFO - MainThread - Processing Excel Row 51
2026-06-30 21:21:29,687 - INFO - MainThread - Order: V4063007053
2026-06-30 21:21:29,687 - INFO - MainThread - Processing Excel Row 52
2026-06-30 21:21:29,688 - INFO - MainThread - Order: V4063007054
2026-06-30 21:21:29,688 - INFO - MainThread - Processing Excel Row 53
2026-06-30 21:21:29,689 - INFO - MainThread - Order: V4063007055
2026-06-30 21:21:29,689 - INFO - MainThread - Processing Excel Row 54
2026-06-30 21:21:29,690 - INFO - MainThread - Order: V4063007056
2026-06-30 21:21:29,690 - INFO - MainThread - Processing Excel Row 55
2026-06-30 21:21:29,691 - INFO - MainThread - Order: V4063007057
2026-06-30 21:21:29,691 - INFO - MainThread - Processing Excel Row 56
2026-06-30 21:21:29,692 - INFO - MainThread - Order: V4063007058
2026-06-30 21:21:29,692 - INFO - MainThread - Processing Excel Row 57
2026-06-30 21:21:29,693 - INFO - MainThread - Order: V4063007059
2026-06-30 21:21:29,693 - INFO - MainThread - Processing Excel Row 58
2026-06-30 21:21:29,694 - INFO - MainThread - Order: V4063007060
2026-06-30 21:21:29,694 - INFO - MainThread - Processing Excel Row 59
2026-06-30 21:21:29,695 - INFO - MainThread - Order: V4063007061
2026-06-30 21:21:29,695 - INFO - MainThread - Processing Excel Row 60
2026-06-30 21:21:29,695 - INFO - MainThread - Order: V4063007062
2026-06-30 21:21:29,695 - INFO - MainThread - Processing Excel Row 61
2026-06-30 21:21:29,696 - INFO - MainThread - Order: V4063007063
2026-06-30 21:21:29,696 - INFO - MainThread - Processing Excel Row 62
2026-06-30 21:21:29,697 - INFO - MainThread - Order: V4063007064
2026-06-30 21:21:29,697 - INFO - MainThread - Processing Excel Row 63
2026-06-30 21:21:29,698 - INFO - MainThread - Order: V4063007065
2026-06-30 21:21:29,698 - INFO - MainThread - Processing Excel Row 64
2026-06-30 21:21:29,699 - INFO - MainThread - Order: V4063007066
2026-06-30 21:21:29,699 - INFO - MainThread - Processing Excel Row 65
2026-06-30 21:21:29,700 - INFO - MainThread - Order: V4063007067
2026-06-30 21:21:29,700 - INFO - MainThread - Processing Excel Row 66
2026-06-30 21:21:29,700 - INFO - MainThread - Order: V4063007068
2026-06-30 21:21:29,700 - INFO - MainThread - Processing Excel Row 67
2026-06-30 21:21:29,701 - INFO - MainThread - Order: V4063007069
2026-06-30 21:21:29,701 - INFO - MainThread - Processing Excel Row 68
2026-06-30 21:21:29,702 - INFO - MainThread - Order: V4063007070
2026-06-30 21:21:29,702 - INFO - MainThread - Processing Excel Row 69
2026-06-30 21:21:29,703 - INFO - MainThread - Order: V4063007071
2026-06-30 21:21:29,703 - INFO - MainThread - Processing Excel Row 70
2026-06-30 21:21:29,704 - INFO - MainThread - Order: V4063007072
2026-06-30 21:21:29,704 - INFO - MainThread - Processing Excel Row 71
2026-06-30 21:21:29,705 - INFO - MainThread - Order: V4063007073
2026-06-30 21:21:29,705 - INFO - MainThread - Processing Excel Row 72
2026-06-30 21:21:29,705 - INFO - MainThread - Order: V4063007074
2026-06-30 21:21:29,705 - INFO - MainThread - Processing Excel Row 73
2026-06-30 21:21:29,706 - INFO - MainThread - Order: V4063007075
2026-06-30 21:21:29,706 - INFO - MainThread - Processing Excel Row 74
2026-06-30 21:21:29,707 - INFO - MainThread - Order: V4063007076
2026-06-30 21:21:29,707 - INFO - MainThread - Processing Excel Row 75
2026-06-30 21:21:29,708 - INFO - MainThread - Order: V4063007077
2026-06-30 21:21:29,708 - INFO - MainThread - Processing Excel Row 76
2026-06-30 21:21:29,708 - INFO - MainThread - Order: V4063007078
2026-06-30 21:21:29,708 - INFO - MainThread - Processing Excel Row 77
2026-06-30 21:21:29,709 - INFO - MainThread - Order: V4063007079
2026-06-30 21:21:29,709 - INFO - MainThread - Processing Excel Row 78
2026-06-30 21:21:29,710 - INFO - MainThread - Order: V4063007080
2026-06-30 21:21:29,710 - INFO - MainThread - Processing Excel Row 79
2026-06-30 21:21:29,711 - INFO - MainThread - Order: V4063007081
2026-06-30 21:21:29,711 - INFO - MainThread - Processing Excel Row 80
2026-06-30 21:21:29,712 - INFO - MainThread - Order: V4063007082
2026-06-30 21:21:29,712 - INFO - MainThread - Processing Excel Row 81
2026-06-30 21:21:29,713 - INFO - MainThread - Order: V4063007083
2026-06-30 21:21:29,713 - INFO - MainThread - Processing Excel Row 82
2026-06-30 21:21:29,714 - INFO - MainThread - Order: V4063007084
2026-06-30 21:21:29,714 - INFO - MainThread - Processing Excel Row 83
2026-06-30 21:21:29,715 - INFO - MainThread - Order: V4063007085
2026-06-30 21:21:29,716 - INFO - MainThread - Processing Excel Row 84
2026-06-30 21:21:29,716 - INFO - MainThread - Order: V4063007086
2026-06-30 21:21:29,716 - INFO - MainThread - Processing Excel Row 85
2026-06-30 21:21:29,717 - INFO - MainThread - Order: V4063007087
2026-06-30 21:21:29,717 - INFO - MainThread - Processing Excel Row 86
2026-06-30 21:21:29,718 - INFO - MainThread - Order: V4063007088
2026-06-30 21:21:29,718 - INFO - MainThread - Processing Excel Row 87
2026-06-30 21:21:29,719 - INFO - MainThread - Order: V4063007089
2026-06-30 21:21:29,719 - INFO - MainThread - Processing Excel Row 88
2026-06-30 21:21:29,720 - INFO - MainThread - Order: V4063007090
2026-06-30 21:21:29,720 - INFO - MainThread - Processing Excel Row 89
2026-06-30 21:21:29,721 - INFO - MainThread - Order: V4063007091
2026-06-30 21:21:29,721 - INFO - MainThread - Processing Excel Row 90
2026-06-30 21:21:29,722 - INFO - MainThread - Order: V4063007092
2026-06-30 21:21:29,722 - INFO - MainThread - Processing Excel Row 91
2026-06-30 21:21:29,723 - INFO - MainThread - Order: V4063007093
2026-06-30 21:21:29,723 - INFO - MainThread - Processing Excel Row 92
2026-06-30 21:21:29,724 - INFO - MainThread - Order: V4063007094
2026-06-30 21:21:29,724 - INFO - MainThread - Processing Excel Row 93
2026-06-30 21:21:29,725 - INFO - MainThread - Order: V4063007095
2026-06-30 21:21:29,725 - INFO - MainThread - Processing Excel Row 94
2026-06-30 21:21:29,725 - INFO - MainThread - Order: V4063007096
2026-06-30 21:21:29,726 - INFO - MainThread - Processing Excel Row 95
2026-06-30 21:21:29,726 - INFO - MainThread - Order: V4063007097
2026-06-30 21:21:29,726 - INFO - MainThread - Processing Excel Row 96
2026-06-30 21:21:29,727 - INFO - MainThread - Order: V4063007098
2026-06-30 21:21:29,727 - INFO - MainThread - Processing Excel Row 97
2026-06-30 21:21:29,728 - INFO - MainThread - Order: V4063007099
2026-06-30 21:21:29,728 - INFO - MainThread - Processing Excel Row 98
2026-06-30 21:21:29,729 - INFO - MainThread - Order: V4063007100
2026-06-30 21:21:29,729 - INFO - MainThread - Processing Excel Row 99
2026-06-30 21:21:29,730 - INFO - MainThread - Order: V4063007101
2026-06-30 21:21:29,730 - INFO - MainThread - Processing Excel Row 100
2026-06-30 21:21:29,731 - INFO - MainThread - Order: V4063007102
2026-06-30 21:21:29,731 - INFO - MainThread - Processing Excel Row 101
2026-06-30 21:21:29,732 - INFO - MainThread - Order: V4063007103
2026-06-30 21:21:29,732 - INFO - MainThread - Processing Excel Row 102
2026-06-30 21:21:29,733 - INFO - MainThread - Order: V4063007104
2026-06-30 21:21:29,733 - INFO - MainThread - Processing Excel Row 103
2026-06-30 21:21:29,733 - INFO - MainThread - Order: V4063007105
2026-06-30 21:21:29,734 - INFO - MainThread - Processing Excel Row 104
2026-06-30 21:21:29,735 - INFO - MainThread - Order: V4063007106
2026-06-30 21:21:29,735 - INFO - MainThread - Processing Excel Row 105
2026-06-30 21:21:29,736 - INFO - MainThread - Order: V4063007107
2026-06-30 21:21:29,736 - INFO - MainThread - Processing Excel Row 106
2026-06-30 21:21:29,737 - INFO - MainThread - Order: V4063007108
2026-06-30 21:21:29,737 - INFO - MainThread - Processing Excel Row 107
2026-06-30 21:21:29,738 - INFO - MainThread - Order: V4063007109
2026-06-30 21:21:29,738 - INFO - MainThread - Processing Excel Row 108
2026-06-30 21:21:29,738 - INFO - MainThread - Order: V4063007110
2026-06-30 21:21:29,738 - INFO - MainThread - Processing Excel Row 109
2026-06-30 21:21:29,739 - INFO - MainThread - Order: V4063007111
2026-06-30 21:21:29,739 - INFO - MainThread - Processing Excel Row 110
2026-06-30 21:21:29,740 - INFO - MainThread - Order: V4063007112
2026-06-30 21:21:29,740 - INFO - MainThread - Processing Excel Row 111
2026-06-30 21:21:29,741 - INFO - MainThread - Order: V4063007113
2026-06-30 21:21:29,741 - INFO - MainThread - Processing Excel Row 112
2026-06-30 21:21:29,742 - INFO - MainThread - Order: V4063007114
2026-06-30 21:21:29,742 - INFO - MainThread - Processing Excel Row 113
2026-06-30 21:21:29,743 - INFO - MainThread - Order: V4063007115
2026-06-30 21:21:29,743 - INFO - MainThread - Processing Excel Row 114
2026-06-30 21:21:29,744 - INFO - MainThread - Order: V4063007116
2026-06-30 21:21:29,744 - INFO - MainThread - Processing Excel Row 115
2026-06-30 21:21:29,745 - INFO - MainThread - Order: V4063007117
2026-06-30 21:21:29,745 - INFO - MainThread - Processing Excel Row 116
2026-06-30 21:21:29,746 - INFO - MainThread - Order: V4063007118
2026-06-30 21:21:29,746 - INFO - MainThread - Processing Excel Row 117
2026-06-30 21:21:29,747 - INFO - MainThread - Order: V4063007119
2026-06-30 21:21:29,747 - INFO - MainThread - Processing Excel Row 118
2026-06-30 21:21:29,748 - INFO - MainThread - Order: V4063007120
2026-06-30 21:21:29,748 - INFO - MainThread - Processing Excel Row 119
2026-06-30 21:21:29,749 - INFO - MainThread - Order: V4063007121
2026-06-30 21:21:29,749 - INFO - MainThread - Processing Excel Row 120
2026-06-30 21:21:29,750 - INFO - MainThread - Order: V4063007122
2026-06-30 21:21:29,750 - INFO - MainThread - Processing Excel Row 121
2026-06-30 21:21:29,751 - INFO - MainThread - Order: V4063007123
2026-06-30 21:21:29,751 - INFO - MainThread - Processing Excel Row 122
2026-06-30 21:21:29,751 - INFO - MainThread - Order: V4063007124
2026-06-30 21:21:29,752 - INFO - MainThread - Processing Excel Row 123
2026-06-30 21:21:29,752 - INFO - MainThread - Order: V4063007125
2026-06-30 21:21:29,752 - INFO - MainThread - Processing Excel Row 124
2026-06-30 21:21:29,753 - INFO - MainThread - Order: V4063007126
2026-06-30 21:21:29,753 - INFO - MainThread - Processing Excel Row 125
2026-06-30 21:21:29,754 - INFO - MainThread - Order: V4063007127
2026-06-30 21:21:29,754 - INFO - MainThread - Processing Excel Row 126
2026-06-30 21:21:29,755 - INFO - MainThread - Order: V4063007128
2026-06-30 21:21:29,755 - INFO - MainThread - Processing Excel Row 127
2026-06-30 21:21:29,756 - INFO - MainThread - Order: V4063007129
2026-06-30 21:21:29,757 - INFO - MainThread - Processing Excel Row 128
2026-06-30 21:21:29,757 - INFO - MainThread - Order: V4063007130
2026-06-30 21:21:29,758 - INFO - MainThread - Processing Excel Row 129
2026-06-30 21:21:29,758 - INFO - MainThread - Order: V4063007131
2026-06-30 21:21:29,758 - INFO - MainThread - Processing Excel Row 130
2026-06-30 21:21:29,759 - INFO - MainThread - Order: V4063007132
2026-06-30 21:21:29,759 - INFO - MainThread - Processing Excel Row 131
2026-06-30 21:21:29,760 - INFO - MainThread - Order: V4063007133
2026-06-30 21:21:29,760 - INFO - MainThread - Processing Excel Row 132
2026-06-30 21:21:29,761 - INFO - MainThread - Order: V4063007134
2026-06-30 21:21:29,761 - INFO - MainThread - Processing Excel Row 133
2026-06-30 21:21:29,762 - INFO - MainThread - Order: V4063007135
2026-06-30 21:21:29,762 - INFO - MainThread - Processing Excel Row 134
2026-06-30 21:21:29,763 - INFO - MainThread - Order: V4063007136
2026-06-30 21:21:29,763 - INFO - MainThread - Processing Excel Row 135
2026-06-30 21:21:29,764 - INFO - MainThread - Order: V4063007137
2026-06-30 21:21:29,764 - INFO - MainThread - Processing Excel Row 136
2026-06-30 21:21:29,765 - INFO - MainThread - Order: V4063007138
2026-06-30 21:21:29,765 - INFO - MainThread - Processing Excel Row 137
2026-06-30 21:21:29,765 - INFO - MainThread - Order: V4063007139
2026-06-30 21:21:29,765 - INFO - MainThread - Processing Excel Row 138
2026-06-30 21:21:29,766 - INFO - MainThread - Order: V4063007140
2026-06-30 21:21:29,766 - INFO - MainThread - Processing Excel Row 139
2026-06-30 21:21:29,767 - INFO - MainThread - Order: V4063007141
2026-06-30 21:21:29,767 - INFO - MainThread - Processing Excel Row 140
2026-06-30 21:21:29,768 - INFO - MainThread - Order: V4063007142
2026-06-30 21:21:29,768 - INFO - MainThread - Processing Excel Row 141
2026-06-30 21:21:29,769 - INFO - MainThread - Order: V4063007143
2026-06-30 21:21:29,769 - INFO - MainThread - Processing Excel Row 142
2026-06-30 21:21:29,770 - INFO - MainThread - Order: V4063007144
2026-06-30 21:21:29,770 - INFO - MainThread - Processing Excel Row 143
2026-06-30 21:21:29,771 - INFO - MainThread - Order: V4063007145
2026-06-30 21:21:29,771 - INFO - MainThread - Processing Excel Row 144
2026-06-30 21:21:29,771 - INFO - MainThread - Order: V4063007146
2026-06-30 21:21:29,772 - INFO - MainThread - Processing Excel Row 145
2026-06-30 21:21:29,772 - INFO - MainThread - Order: V4063007147
2026-06-30 21:21:29,773 - INFO - MainThread - Processing Excel Row 146
2026-06-30 21:21:29,773 - INFO - MainThread - Order: V4063007148
2026-06-30 21:21:29,773 - INFO - MainThread - Processing Excel Row 147
2026-06-30 21:21:29,774 - INFO - MainThread - Order: V4063007149
2026-06-30 21:21:29,774 - INFO - MainThread - Processing Excel Row 148
2026-06-30 21:21:29,775 - INFO - MainThread - Order: V4063007150
2026-06-30 21:21:29,775 - INFO - MainThread - Processing Excel Row 149
2026-06-30 21:21:29,776 - INFO - MainThread - Order: V4063007151
2026-06-30 21:21:29,776 - INFO - MainThread - Processing Excel Row 150
2026-06-30 21:21:29,776 - INFO - MainThread - Order: V4063007152
2026-06-30 21:21:29,776 - INFO - MainThread - Processing Excel Row 151
2026-06-30 21:21:29,777 - INFO - MainThread - Order: V4063007153
2026-06-30 21:21:29,777 - INFO - MainThread - Processing Excel Row 152
2026-06-30 21:21:29,778 - INFO - MainThread - Order: V4063007154
2026-06-30 21:21:29,778 - INFO - MainThread - Processing Excel Row 153
2026-06-30 21:21:29,779 - INFO - MainThread - Order: V4063007155
2026-06-30 21:21:29,779 - INFO - MainThread - Processing Excel Row 154
2026-06-30 21:21:29,781 - INFO - MainThread - Order: V4063007156
2026-06-30 21:21:29,781 - INFO - MainThread - Processing Excel Row 155
2026-06-30 21:21:29,784 - INFO - MainThread - Order: V4063007157
2026-06-30 21:21:29,784 - INFO - MainThread - Processing Excel Row 156
2026-06-30 21:21:29,787 - INFO - MainThread - Order: V4063007158
2026-06-30 21:21:29,787 - INFO - MainThread - Processing Excel Row 157
2026-06-30 21:21:29,790 - INFO - MainThread - Order: V4063007159
2026-06-30 21:21:29,790 - INFO - MainThread - Processing Excel Row 158
2026-06-30 21:21:29,791 - INFO - MainThread - Order: V4063007160
2026-06-30 21:21:29,791 - INFO - MainThread - Processing Excel Row 159
2026-06-30 21:21:29,793 - INFO - MainThread - Order: V4063007161
2026-06-30 21:21:29,793 - INFO - MainThread - Processing Excel Row 160
2026-06-30 21:21:29,794 - INFO - MainThread - Order: V4063007162
2026-06-30 21:21:29,794 - INFO - MainThread - Processing Excel Row 161
2026-06-30 21:21:29,795 - INFO - MainThread - Order: V4063007163
2026-06-30 21:21:29,795 - INFO - MainThread - Processing Excel Row 162
2026-06-30 21:21:29,796 - INFO - MainThread - Order: V4063007164
2026-06-30 21:21:29,796 - INFO - MainThread - Processing Excel Row 163
2026-06-30 21:21:29,797 - INFO - MainThread - Order: V4063007165
2026-06-30 21:21:29,797 - INFO - MainThread - Processing Excel Row 164
2026-06-30 21:21:29,798 - INFO - MainThread - Order: V4063007166
2026-06-30 21:21:29,798 - INFO - MainThread - Processing Excel Row 165
2026-06-30 21:21:29,799 - INFO - MainThread - Order: V4063007167
2026-06-30 21:21:29,799 - INFO - MainThread - Processing Excel Row 166
2026-06-30 21:21:29,800 - INFO - MainThread - Order: V4063007168
2026-06-30 21:21:29,800 - INFO - MainThread - Processing Excel Row 167
2026-06-30 21:21:29,801 - INFO - MainThread - Order: V4063007169
2026-06-30 21:21:29,801 - INFO - MainThread - Processing Excel Row 168
2026-06-30 21:21:29,802 - INFO - MainThread - Order: V4063007170
2026-06-30 21:21:29,802 - INFO - MainThread - Processing Excel Row 169
2026-06-30 21:21:29,803 - INFO - MainThread - Order: V4063007171
2026-06-30 21:21:29,803 - INFO - MainThread - Processing Excel Row 170
2026-06-30 21:21:29,804 - INFO - MainThread - Order: V4063007172
2026-06-30 21:21:29,804 - INFO - MainThread - Processing Excel Row 171
2026-06-30 21:21:29,804 - INFO - MainThread - Order: V4063007173
2026-06-30 21:21:29,805 - INFO - MainThread - Processing Excel Row 172
2026-06-30 21:21:29,805 - INFO - MainThread - Order: V4063007174
2026-06-30 21:21:29,805 - INFO - MainThread - Processing Excel Row 173
2026-06-30 21:21:29,806 - INFO - MainThread - Order: V4063007175
2026-06-30 21:21:29,806 - INFO - MainThread - Processing Excel Row 174
2026-06-30 21:21:29,807 - INFO - MainThread - Order: V4063007176
2026-06-30 21:21:29,807 - INFO - MainThread - Processing Excel Row 175
2026-06-30 21:21:29,808 - INFO - MainThread - Order: V4063007177
2026-06-30 21:21:29,808 - INFO - MainThread - Processing Excel Row 176
2026-06-30 21:21:29,808 - INFO - MainThread - Order: V4063007178
2026-06-30 21:21:29,809 - INFO - MainThread - Processing Excel Row 177
2026-06-30 21:21:29,809 - INFO - MainThread - Order: V4063007179
2026-06-30 21:21:29,809 - INFO - MainThread - Processing Excel Row 178
2026-06-30 21:21:29,810 - INFO - MainThread - Order: V4063007180
2026-06-30 21:21:29,810 - INFO - MainThread - Processing Excel Row 179
2026-06-30 21:21:29,811 - INFO - MainThread - Order: V4063007181
2026-06-30 21:21:29,811 - INFO - MainThread - Processing Excel Row 180
2026-06-30 21:21:29,811 - INFO - MainThread - Order: V4063007182
2026-06-30 21:21:29,812 - INFO - MainThread - Processing Excel Row 181
2026-06-30 21:21:29,812 - INFO - MainThread - Order: V4063007183
2026-06-30 21:21:29,812 - INFO - MainThread - Processing Excel Row 182
2026-06-30 21:21:29,813 - INFO - MainThread - Order: V4063007184
2026-06-30 21:21:29,813 - INFO - MainThread - Processing Excel Row 183
2026-06-30 21:21:29,814 - INFO - MainThread - Order: V4063007185
2026-06-30 21:21:29,814 - INFO - MainThread - Processing Excel Row 184
2026-06-30 21:21:29,815 - INFO - MainThread - Order: V4063007186
2026-06-30 21:21:29,815 - INFO - MainThread - Processing Excel Row 185
2026-06-30 21:21:29,815 - INFO - MainThread - Order: V4063007187
2026-06-30 21:21:29,815 - INFO - MainThread - Processing Excel Row 186
2026-06-30 21:21:29,816 - INFO - MainThread - Order: V4063007188
2026-06-30 21:21:29,816 - INFO - MainThread - Processing Excel Row 187
2026-06-30 21:21:29,817 - INFO - MainThread - Order: V4063007189
2026-06-30 21:21:29,817 - INFO - MainThread - Processing Excel Row 188
2026-06-30 21:21:29,818 - INFO - MainThread - Order: V4063007190
2026-06-30 21:21:29,818 - INFO - MainThread - Processing Excel Row 189
2026-06-30 21:21:29,818 - INFO - MainThread - Order: V4063007191
2026-06-30 21:21:29,818 - INFO - MainThread - Processing Excel Row 190
2026-06-30 21:21:29,819 - INFO - MainThread - Order: V4063007192
2026-06-30 21:21:29,819 - INFO - MainThread - Processing Excel Row 191
2026-06-30 21:21:29,820 - INFO - MainThread - Order: V4063007193
2026-06-30 21:21:29,820 - INFO - MainThread - Processing Excel Row 192
2026-06-30 21:21:29,821 - INFO - MainThread - Order: V4063007194
2026-06-30 21:21:29,821 - INFO - MainThread - Processing Excel Row 193
2026-06-30 21:21:29,821 - INFO - MainThread - Order: V4063007195
2026-06-30 21:21:29,821 - INFO - MainThread - Processing Excel Row 194
2026-06-30 21:21:29,822 - INFO - MainThread - Order: V4063007196
2026-06-30 21:21:29,822 - INFO - MainThread - Processing Excel Row 195
2026-06-30 21:21:29,823 - INFO - MainThread - Order: V4063007197
2026-06-30 21:21:29,823 - INFO - MainThread - Processing Excel Row 196
2026-06-30 21:21:29,824 - INFO - MainThread - Order: V4063007198
2026-06-30 21:21:29,824 - INFO - MainThread - Processing Excel Row 197
2026-06-30 21:21:29,825 - INFO - MainThread - Order: V4063007199
2026-06-30 21:21:29,825 - INFO - MainThread - Processing Excel Row 198
2026-06-30 21:21:29,826 - INFO - MainThread - Order: V4063007200
2026-06-30 21:21:29,826 - INFO - MainThread - Processing Excel Row 199
2026-06-30 21:21:29,827 - INFO - MainThread - Order: V4063007201
2026-06-30 21:21:29,827 - INFO - MainThread - Processing Excel Row 200
2026-06-30 21:21:29,828 - INFO - MainThread - Order: V4063007202
2026-06-30 21:21:29,828 - INFO - MainThread - Processing Excel Row 201
2026-06-30 21:21:29,829 - INFO - MainThread - Order: V4063007203
2026-06-30 21:21:29,829 - INFO - MainThread - Processing Excel Row 202
2026-06-30 21:21:29,830 - INFO - MainThread - Order: V4063007204
2026-06-30 21:21:29,830 - INFO - MainThread - Processing Excel Row 203
2026-06-30 21:21:29,831 - INFO - MainThread - Order: V4063007205
2026-06-30 21:21:29,831 - INFO - MainThread - Processing Excel Row 204
2026-06-30 21:21:29,832 - INFO - MainThread - Order: V4063007206
2026-06-30 21:21:29,832 - INFO - MainThread - Processing Excel Row 205
2026-06-30 21:21:29,833 - INFO - MainThread - Order: V4063007207
2026-06-30 21:21:29,833 - INFO - MainThread - Processing Excel Row 206
2026-06-30 21:21:29,833 - INFO - MainThread - Order: V4063007208
2026-06-30 21:21:29,833 - INFO - MainThread - Processing Excel Row 207
2026-06-30 21:21:29,834 - INFO - MainThread - Order: V4063007209
2026-06-30 21:21:29,834 - INFO - MainThread - Processing Excel Row 208
2026-06-30 21:21:29,835 - INFO - MainThread - Order: V4063007210
2026-06-30 21:21:29,835 - INFO - MainThread - Processing Excel Row 209
2026-06-30 21:21:29,836 - INFO - MainThread - Order: V4063007211
2026-06-30 21:21:29,836 - INFO - MainThread - Processing Excel Row 210
2026-06-30 21:21:29,837 - INFO - MainThread - Order: V4063007212
2026-06-30 21:21:29,837 - INFO - MainThread - Processing Excel Row 211
2026-06-30 21:21:29,838 - INFO - MainThread - Order: V4063007213
2026-06-30 21:21:29,838 - INFO - MainThread - Processing Excel Row 212
2026-06-30 21:21:29,838 - INFO - MainThread - Order: V4063007214
2026-06-30 21:21:29,838 - INFO - MainThread - Processing Excel Row 213
2026-06-30 21:21:29,839 - INFO - MainThread - Order: V4063007215
2026-06-30 21:21:29,839 - INFO - MainThread - Processing Excel Row 214
2026-06-30 21:21:29,840 - INFO - MainThread - Order: V4063007216
2026-06-30 21:21:29,840 - INFO - MainThread - Processing Excel Row 215
2026-06-30 21:21:29,841 - INFO - MainThread - Order: V4063007217
2026-06-30 21:21:29,841 - INFO - MainThread - Processing Excel Row 216
2026-06-30 21:21:29,841 - INFO - MainThread - Order: V4063007218
2026-06-30 21:21:29,842 - INFO - MainThread - Processing Excel Row 217
2026-06-30 21:21:29,842 - INFO - MainThread - Order: V4063007219
2026-06-30 21:21:29,842 - INFO - MainThread - Processing Excel Row 218
2026-06-30 21:21:29,843 - INFO - MainThread - Order: V4063007220
2026-06-30 21:21:29,843 - INFO - MainThread - Processing Excel Row 219
2026-06-30 21:21:29,844 - INFO - MainThread - Order: V4063007221
2026-06-30 21:21:29,844 - INFO - MainThread - Processing Excel Row 220
2026-06-30 21:21:29,844 - INFO - MainThread - Order: V4063007222
2026-06-30 21:21:29,844 - INFO - MainThread - Processing Excel Row 221
2026-06-30 21:21:29,845 - INFO - MainThread - Order: V4063007223
2026-06-30 21:21:29,845 - INFO - MainThread - Processing Excel Row 222
2026-06-30 21:21:29,846 - INFO - MainThread - Order: V4063007224
2026-06-30 21:21:29,846 - INFO - MainThread - Processing Excel Row 223
2026-06-30 21:21:29,847 - INFO - MainThread - Order: V4063007225
2026-06-30 21:21:29,847 - INFO - MainThread - Processing Excel Row 224
2026-06-30 21:21:29,847 - INFO - MainThread - Order: V4063007226
2026-06-30 21:21:29,847 - INFO - MainThread - Processing Excel Row 225
2026-06-30 21:21:29,848 - INFO - MainThread - Order: V4063007227
2026-06-30 21:21:29,848 - INFO - MainThread - Processing Excel Row 226
2026-06-30 21:21:29,849 - INFO - MainThread - Order: V4063007228
2026-06-30 21:21:29,849 - INFO - MainThread - Processing Excel Row 227
2026-06-30 21:21:29,850 - INFO - MainThread - Order: V4063007229
2026-06-30 21:21:29,850 - INFO - MainThread - Processing Excel Row 228
2026-06-30 21:21:29,851 - INFO - MainThread - Order: V4063007230
2026-06-30 21:21:29,851 - INFO - MainThread - Processing Excel Row 229
2026-06-30 21:21:29,852 - INFO - MainThread - Order: V4063007231
2026-06-30 21:21:29,852 - INFO - MainThread - Processing Excel Row 230
2026-06-30 21:21:29,853 - INFO - MainThread - Order: V4063007232
2026-06-30 21:21:29,853 - INFO - MainThread - Processing Excel Row 231
2026-06-30 21:21:29,853 - INFO - MainThread - Order: V4063007233
2026-06-30 21:21:29,854 - INFO - MainThread - Processing Excel Row 232
2026-06-30 21:21:29,854 - INFO - MainThread - Order: V4063007234
2026-06-30 21:21:29,854 - INFO - MainThread - Processing Excel Row 233
2026-06-30 21:21:29,855 - INFO - MainThread - Order: V4063007235
2026-06-30 21:21:29,855 - INFO - MainThread - Processing Excel Row 234
2026-06-30 21:21:29,856 - INFO - MainThread - Order: V4063007236
2026-06-30 21:21:29,856 - INFO - MainThread - Processing Excel Row 235
2026-06-30 21:21:29,857 - INFO - MainThread - Order: V4063007237
2026-06-30 21:21:29,857 - INFO - MainThread - Processing Excel Row 236
2026-06-30 21:21:29,857 - INFO - MainThread - Order: V4063007238
2026-06-30 21:21:29,857 - INFO - MainThread - Processing Excel Row 237
2026-06-30 21:21:29,858 - INFO - MainThread - Order: V4063007239
2026-06-30 21:21:29,858 - INFO - MainThread - Processing Excel Row 238
2026-06-30 21:21:29,859 - INFO - MainThread - Order: V4063007240
2026-06-30 21:21:29,859 - INFO - MainThread - Processing Excel Row 239
2026-06-30 21:21:29,860 - INFO - MainThread - Order: V4063007241
2026-06-30 21:21:29,860 - INFO - MainThread - Processing Excel Row 240
2026-06-30 21:21:29,860 - INFO - MainThread - Order: V4063007242
2026-06-30 21:21:29,861 - INFO - MainThread - Processing Excel Row 241
2026-06-30 21:21:29,862 - INFO - MainThread - Order: V4063007243
2026-06-30 21:21:29,862 - INFO - MainThread - Processing Excel Row 242
2026-06-30 21:21:29,862 - INFO - MainThread - Order: V4063007244
2026-06-30 21:21:29,862 - INFO - MainThread - Processing Excel Row 243
2026-06-30 21:21:29,863 - INFO - MainThread - Order: V4063007245
2026-06-30 21:21:29,863 - INFO - MainThread - Processing Excel Row 244
2026-06-30 21:21:29,864 - INFO - MainThread - Order: V4063007246
2026-06-30 21:21:29,864 - INFO - MainThread - Processing Excel Row 245
2026-06-30 21:21:29,865 - INFO - MainThread - Order: V4063007247
2026-06-30 21:21:29,865 - INFO - MainThread - Processing Excel Row 246
2026-06-30 21:21:29,866 - INFO - MainThread - Order: V4063007248
2026-06-30 21:21:29,866 - INFO - MainThread - Processing Excel Row 247
2026-06-30 21:21:29,867 - INFO - MainThread - Order: V4063007249
2026-06-30 21:21:29,867 - INFO - MainThread - Processing Excel Row 248
2026-06-30 21:21:29,867 - INFO - MainThread - Order: V4063007250
2026-06-30 21:21:29,867 - INFO - MainThread - Processing Excel Row 249
2026-06-30 21:21:29,868 - INFO - MainThread - Order: V4063007251
2026-06-30 21:21:29,868 - INFO - MainThread - Processing Excel Row 250
2026-06-30 21:21:29,869 - INFO - MainThread - Order: V4063007252
2026-06-30 21:21:29,869 - INFO - MainThread - Processing Excel Row 251
2026-06-30 21:21:29,870 - INFO - MainThread - Order: V4063007253
2026-06-30 21:21:29,870 - INFO - MainThread - Processing Excel Row 252
2026-06-30 21:21:29,870 - INFO - MainThread - Order: V4063007254
2026-06-30 21:21:29,870 - INFO - MainThread - Processing Excel Row 253
2026-06-30 21:21:29,871 - INFO - MainThread - Order: V4063007255
2026-06-30 21:21:29,871 - INFO - MainThread - Processing Excel Row 254
2026-06-30 21:21:29,872 - INFO - MainThread - Order: V4063007256
2026-06-30 21:21:29,872 - INFO - MainThread - Processing Excel Row 255
2026-06-30 21:21:29,873 - INFO - MainThread - Order: V4063007257
2026-06-30 21:21:29,873 - INFO - MainThread - Processing Excel Row 256
2026-06-30 21:21:29,874 - INFO - MainThread - Order: V4063007258
2026-06-30 21:21:29,874 - INFO - MainThread - Processing Excel Row 257
2026-06-30 21:21:29,875 - INFO - MainThread - Order: V4063007259
2026-06-30 21:21:29,875 - INFO - MainThread - Processing Excel Row 258
2026-06-30 21:21:29,876 - INFO - MainThread - Order: V4063007260
2026-06-30 21:21:29,876 - INFO - MainThread - Processing Excel Row 259
2026-06-30 21:21:29,876 - INFO - MainThread - Order: V4063007261
2026-06-30 21:21:29,876 - INFO - MainThread - Processing Excel Row 260
2026-06-30 21:21:29,877 - INFO - MainThread - Order: V4063007262
2026-06-30 21:21:29,877 - INFO - MainThread - Processing Excel Row 261
2026-06-30 21:21:29,878 - INFO - MainThread - Order: V4063007263
2026-06-30 21:21:29,878 - INFO - MainThread - Processing Excel Row 262
2026-06-30 21:21:29,879 - INFO - MainThread - Order: V4063007264
2026-06-30 21:21:29,879 - INFO - MainThread - Processing Excel Row 263
2026-06-30 21:21:29,879 - INFO - MainThread - Order: V4063007265
2026-06-30 21:21:29,880 - INFO - MainThread - Processing Excel Row 264
2026-06-30 21:21:29,880 - INFO - MainThread - Order: V4063007266
2026-06-30 21:21:29,880 - INFO - MainThread - Processing Excel Row 265
2026-06-30 21:21:29,881 - INFO - MainThread - Order: V4063007267
2026-06-30 21:21:29,881 - INFO - MainThread - Processing Excel Row 266
2026-06-30 21:21:29,882 - INFO - MainThread - Order: V4063007268
2026-06-30 21:21:29,882 - INFO - MainThread - Processing Excel Row 267
2026-06-30 21:21:29,883 - INFO - MainThread - Order: V4063007269
2026-06-30 21:21:29,883 - INFO - MainThread - Processing Excel Row 268
2026-06-30 21:21:29,883 - INFO - MainThread - Order: V4063007270
2026-06-30 21:21:29,883 - INFO - MainThread - Processing Excel Row 269
2026-06-30 21:21:29,884 - INFO - MainThread - Order: V4063007271
2026-06-30 21:21:29,884 - INFO - MainThread - Processing Excel Row 270
2026-06-30 21:21:29,885 - INFO - MainThread - Order: V4063007272
2026-06-30 21:21:29,885 - INFO - MainThread - Processing Excel Row 271
2026-06-30 21:21:29,885 - INFO - MainThread - Order: V4063007273
2026-06-30 21:21:29,886 - INFO - MainThread - Processing Excel Row 272
2026-06-30 21:21:29,886 - INFO - MainThread - Order: V4063007274
2026-06-30 21:21:29,886 - INFO - MainThread - Processing Excel Row 273
2026-06-30 21:21:29,887 - INFO - MainThread - Order: V4063007275
2026-06-30 21:21:29,887 - INFO - MainThread - Processing Excel Row 274
2026-06-30 21:21:29,888 - INFO - MainThread - Order: V4063007276
2026-06-30 21:21:29,888 - INFO - MainThread - Processing Excel Row 275
2026-06-30 21:21:29,889 - INFO - MainThread - Order: V4063007277
2026-06-30 21:21:29,889 - INFO - MainThread - Processing Excel Row 276
2026-06-30 21:21:29,890 - INFO - MainThread - Order: V4063007278
2026-06-30 21:21:29,890 - INFO - MainThread - Processing Excel Row 277
2026-06-30 21:21:29,891 - INFO - MainThread - Order: V4063007279
2026-06-30 21:21:29,891 - INFO - MainThread - Processing Excel Row 278
2026-06-30 21:21:29,891 - INFO - MainThread - Order: V4063007280
2026-06-30 21:21:29,891 - INFO - MainThread - Processing Excel Row 279
2026-06-30 21:21:29,892 - INFO - MainThread - Order: V4063007281
2026-06-30 21:21:29,892 - INFO - MainThread - Processing Excel Row 280
2026-06-30 21:21:29,893 - INFO - MainThread - Order: V4063007282
2026-06-30 21:21:29,893 - INFO - MainThread - Processing Excel Row 281
2026-06-30 21:21:29,894 - INFO - MainThread - Order: V4063007283
2026-06-30 21:21:29,894 - INFO - MainThread - Processing Excel Row 282
2026-06-30 21:21:29,895 - INFO - MainThread - Order: V4063007284
2026-06-30 21:21:29,895 - INFO - MainThread - Processing Excel Row 283
2026-06-30 21:21:29,896 - INFO - MainThread - Order: V4063007285
2026-06-30 21:21:29,896 - INFO - MainThread - Processing Excel Row 284
2026-06-30 21:21:29,897 - INFO - MainThread - Order: V4063007286
2026-06-30 21:21:29,897 - INFO - MainThread - Processing Excel Row 285
2026-06-30 21:21:29,898 - INFO - MainThread - Order: V4063007287
2026-06-30 21:21:29,898 - INFO - MainThread - Processing Excel Row 286
2026-06-30 21:21:29,898 - INFO - MainThread - Order: V4063007288
2026-06-30 21:21:29,899 - INFO - MainThread - Processing Excel Row 287
2026-06-30 21:21:29,899 - INFO - MainThread - Order: V4063007289
2026-06-30 21:21:29,899 - INFO - MainThread - Processing Excel Row 288
2026-06-30 21:21:29,900 - INFO - MainThread - Order: V4063007290
2026-06-30 21:21:29,900 - INFO - MainThread - Processing Excel Row 289
2026-06-30 21:21:29,901 - INFO - MainThread - Order: V4063007291
2026-06-30 21:21:29,901 - INFO - MainThread - Processing Excel Row 290
2026-06-30 21:21:29,902 - INFO - MainThread - Order: V4063007292
2026-06-30 21:21:29,902 - INFO - MainThread - Processing Excel Row 291
2026-06-30 21:21:29,902 - INFO - MainThread - Order: V4063007293
2026-06-30 21:21:29,902 - INFO - MainThread - Processing Excel Row 292
2026-06-30 21:21:29,903 - INFO - MainThread - Order: V4063007294
2026-06-30 21:21:29,903 - INFO - MainThread - Processing Excel Row 293
2026-06-30 21:21:29,904 - INFO - MainThread - Order: V4063007295
2026-06-30 21:21:29,904 - INFO - MainThread - Processing Excel Row 294
2026-06-30 21:21:29,905 - INFO - MainThread - Order: V4063007296
2026-06-30 21:21:29,905 - INFO - MainThread - Processing Excel Row 295
2026-06-30 21:21:29,906 - INFO - MainThread - Order: V4063007297
2026-06-30 21:21:29,906 - INFO - MainThread - Processing Excel Row 296
2026-06-30 21:21:29,906 - INFO - MainThread - Order: V4063007298
2026-06-30 21:21:29,906 - INFO - MainThread - Processing Excel Row 297
2026-06-30 21:21:29,907 - INFO - MainThread - Order: V4063007299
2026-06-30 21:21:29,907 - INFO - MainThread - Processing Excel Row 298
2026-06-30 21:21:29,908 - INFO - MainThread - Order: V4063007300
2026-06-30 21:21:29,908 - INFO - MainThread - Processing Excel Row 299
2026-06-30 21:21:29,909 - INFO - MainThread - Order: V4063007301
2026-06-30 21:21:29,909 - INFO - MainThread - Processing Excel Row 300
2026-06-30 21:21:29,909 - INFO - MainThread - Order: V4063007302
2026-06-30 21:21:29,909 - INFO - MainThread - Processing Excel Row 301
2026-06-30 21:21:29,910 - INFO - MainThread - Order: V4063007303
2026-06-30 21:21:29,910 - INFO - MainThread - Processing Excel Row 302
2026-06-30 21:21:29,911 - INFO - MainThread - Order: V4063007304
2026-06-30 21:21:29,911 - INFO - MainThread - Processing Excel Row 303
2026-06-30 21:21:29,912 - INFO - MainThread - Order: V4063007305
2026-06-30 21:21:29,912 - INFO - MainThread - Processing Excel Row 304
2026-06-30 21:21:29,912 - INFO - MainThread - Order: V4063007306
2026-06-30 21:21:29,912 - INFO - MainThread - Processing Excel Row 305
2026-06-30 21:21:29,913 - INFO - MainThread - Order: V4063007307
2026-06-30 21:21:29,913 - INFO - MainThread - Processing Excel Row 306
2026-06-30 21:21:29,914 - INFO - MainThread - Order: V4063007308
2026-06-30 21:21:29,914 - INFO - MainThread - Processing Excel Row 307
2026-06-30 21:21:29,915 - INFO - MainThread - Order: V4063007309
2026-06-30 21:21:29,915 - INFO - MainThread - Processing Excel Row 308
2026-06-30 21:21:29,916 - INFO - MainThread - Order: V4063007310
2026-06-30 21:21:29,917 - INFO - MainThread - Processing Excel Row 309
2026-06-30 21:21:29,917 - INFO - MainThread - Order: V4063007311
2026-06-30 21:21:29,918 - INFO - MainThread - Processing Excel Row 310
2026-06-30 21:21:29,918 - INFO - MainThread - Order: V4063007312
2026-06-30 21:21:29,918 - INFO - MainThread - Processing Excel Row 311
2026-06-30 21:21:29,919 - INFO - MainThread - Order: V4063007313
2026-06-30 21:21:29,919 - INFO - MainThread - Processing Excel Row 312
2026-06-30 21:21:29,920 - INFO - MainThread - Order: V4063007314
2026-06-30 21:21:29,920 - INFO - MainThread - Processing Excel Row 313
2026-06-30 21:21:29,921 - INFO - MainThread - Order: V4063007315
2026-06-30 21:21:29,921 - INFO - MainThread - Processing Excel Row 314
2026-06-30 21:21:29,922 - INFO - MainThread - Order: V4063007316
2026-06-30 21:21:29,922 - INFO - MainThread - Processing Excel Row 315
2026-06-30 21:21:29,922 - INFO - MainThread - Order: V4063007317
2026-06-30 21:21:29,923 - INFO - MainThread - Processing Excel Row 316
2026-06-30 21:21:29,923 - INFO - MainThread - Order: V4063007318
2026-06-30 21:21:29,923 - INFO - MainThread - Processing Excel Row 317
2026-06-30 21:21:29,924 - INFO - MainThread - Order: V4063007319
2026-06-30 21:21:29,924 - INFO - MainThread - Processing Excel Row 318
2026-06-30 21:21:29,925 - INFO - MainThread - Order: V4063007320
2026-06-30 21:21:29,925 - INFO - MainThread - Processing Excel Row 319
2026-06-30 21:21:29,926 - INFO - MainThread - Order: V4063007321
2026-06-30 21:21:29,926 - INFO - MainThread - Processing Excel Row 320
2026-06-30 21:21:29,926 - INFO - MainThread - Order: V4063007322
2026-06-30 21:21:29,926 - INFO - MainThread - Processing Excel Row 321
2026-06-30 21:21:29,927 - INFO - MainThread - Order: V4063007323
2026-06-30 21:21:29,927 - INFO - MainThread - Processing Excel Row 322
2026-06-30 21:21:29,928 - INFO - MainThread - Order: V4063007324
2026-06-30 21:21:29,928 - INFO - MainThread - Processing Excel Row 323
2026-06-30 21:21:29,929 - INFO - MainThread - Order: V4063007325
2026-06-30 21:21:29,929 - INFO - MainThread - Processing Excel Row 324
2026-06-30 21:21:29,930 - INFO - MainThread - Order: V4063007326
2026-06-30 21:21:29,930 - INFO - MainThread - Processing Excel Row 325
2026-06-30 21:21:29,930 - INFO - MainThread - Order: V4063007327
2026-06-30 21:21:29,930 - INFO - MainThread - Processing Excel Row 326
2026-06-30 21:21:29,931 - INFO - MainThread - Order: V4063007328
2026-06-30 21:21:29,931 - INFO - MainThread - Processing Excel Row 327
2026-06-30 21:21:29,932 - INFO - MainThread - Order: V4063007329
2026-06-30 21:21:29,932 - INFO - MainThread - Processing Excel Row 328
2026-06-30 21:21:29,933 - INFO - MainThread - Order: V4063007330
2026-06-30 21:21:29,933 - INFO - MainThread - Processing Excel Row 329
2026-06-30 21:21:29,933 - INFO - MainThread - Order: V4063007331
2026-06-30 21:21:29,933 - INFO - MainThread - Processing Excel Row 330
2026-06-30 21:21:29,934 - INFO - MainThread - Order: V4063007332
2026-06-30 21:21:29,934 - INFO - MainThread - Processing Excel Row 331
2026-06-30 21:21:29,935 - INFO - MainThread - Order: V4063007333
2026-06-30 21:21:29,935 - INFO - MainThread - Processing Excel Row 332
2026-06-30 21:21:29,936 - INFO - MainThread - Order: V4063007334
2026-06-30 21:21:29,936 - INFO - MainThread - Processing Excel Row 333
2026-06-30 21:21:29,937 - INFO - MainThread - Order: V4063007335
2026-06-30 21:21:29,937 - INFO - MainThread - Processing Excel Row 334
2026-06-30 21:21:29,938 - INFO - MainThread - Order: V4063007336
2026-06-30 21:21:29,938 - INFO - MainThread - Processing Excel Row 335
2026-06-30 21:21:29,939 - INFO - MainThread - Order: V4063007337
2026-06-30 21:21:29,939 - INFO - MainThread - Processing Excel Row 336
2026-06-30 21:21:29,940 - INFO - MainThread - Order: V4063007338
2026-06-30 21:21:29,940 - INFO - MainThread - Processing Excel Row 337
2026-06-30 21:21:29,941 - INFO - MainThread - Order: V4063007339
2026-06-30 21:21:29,941 - INFO - MainThread - Processing Excel Row 338
2026-06-30 21:21:29,941 - INFO - MainThread - Order: V4063007340
2026-06-30 21:21:29,942 - INFO - MainThread - Processing Excel Row 339
2026-06-30 21:21:29,942 - INFO - MainThread - Order: V4063007341
2026-06-30 21:21:29,942 - INFO - MainThread - Processing Excel Row 340
2026-06-30 21:21:29,943 - INFO - MainThread - Order: V4063007342
2026-06-30 21:21:29,943 - INFO - MainThread - Processing Excel Row 341
2026-06-30 21:21:29,944 - INFO - MainThread - Order: V4063007343
2026-06-30 21:21:29,944 - INFO - MainThread - Processing Excel Row 342
2026-06-30 21:21:29,945 - INFO - MainThread - Order: V4063007344
2026-06-30 21:21:29,945 - INFO - MainThread - Processing Excel Row 343
2026-06-30 21:21:29,946 - INFO - MainThread - Order: V4063007345
2026-06-30 21:21:29,946 - INFO - MainThread - Processing Excel Row 344
2026-06-30 21:21:29,946 - INFO - MainThread - Order: V4063007346
2026-06-30 21:21:29,947 - INFO - MainThread - Processing Excel Row 345
2026-06-30 21:21:29,947 - INFO - MainThread - Order: V4063007347
2026-06-30 21:21:29,947 - INFO - MainThread - Processing Excel Row 346
2026-06-30 21:21:29,948 - INFO - MainThread - Order: V4063007348
2026-06-30 21:21:29,948 - INFO - MainThread - Processing Excel Row 347
2026-06-30 21:21:29,949 - INFO - MainThread - Order: V4063007349
2026-06-30 21:21:29,949 - INFO - MainThread - Processing Excel Row 348
2026-06-30 21:21:29,950 - INFO - MainThread - Order: V4063007350
2026-06-30 21:21:29,950 - INFO - MainThread - Processing Excel Row 349
2026-06-30 21:21:29,950 - INFO - MainThread - Order: V4063007351
2026-06-30 21:21:29,950 - INFO - MainThread - Processing Excel Row 350
2026-06-30 21:21:29,951 - INFO - MainThread - Order: V4063007352
2026-06-30 21:21:29,951 - INFO - MainThread - Processing Excel Row 351
2026-06-30 21:21:29,952 - INFO - MainThread - Order: V4063007353
2026-06-30 21:21:29,952 - INFO - MainThread - Processing Excel Row 352
2026-06-30 21:21:29,952 - INFO - MainThread - Order: V4063007354
2026-06-30 21:21:29,953 - INFO - MainThread - Processing Excel Row 353
2026-06-30 21:21:29,953 - INFO - MainThread - Order: V4063007355
2026-06-30 21:21:29,953 - INFO - MainThread - Processing Excel Row 354
2026-06-30 21:21:29,954 - INFO - MainThread - Order: V4063007356
2026-06-30 21:21:29,954 - INFO - MainThread - Processing Excel Row 355
2026-06-30 21:21:29,955 - INFO - MainThread - Order: V4063007357
2026-06-30 21:21:29,955 - INFO - MainThread - Processing Excel Row 356
2026-06-30 21:21:29,956 - INFO - MainThread - Order: V4063007358
2026-06-30 21:21:29,956 - INFO - MainThread - Processing Excel Row 357
2026-06-30 21:21:29,957 - INFO - MainThread - Order: V4063007359
2026-06-30 21:21:29,957 - INFO - MainThread - Processing Excel Row 358
2026-06-30 21:21:29,958 - INFO - MainThread - Order: V4063007360
2026-06-30 21:21:29,958 - INFO - MainThread - Processing Excel Row 359
2026-06-30 21:21:29,958 - INFO - MainThread - Order: V4063007361
2026-06-30 21:21:29,958 - INFO - MainThread - Processing Excel Row 360
2026-06-30 21:21:29,959 - INFO - MainThread - Order: V4063007362
2026-06-30 21:21:29,959 - INFO - MainThread - Processing Excel Row 361
2026-06-30 21:21:29,960 - INFO - MainThread - Order: V4063007363
2026-06-30 21:21:29,960 - INFO - MainThread - Processing Excel Row 362
2026-06-30 21:21:29,961 - INFO - MainThread - Order: V4063007364
2026-06-30 21:21:29,961 - INFO - MainThread - Processing Excel Row 363
2026-06-30 21:21:29,961 - INFO - MainThread - Order: V4063007365
2026-06-30 21:21:29,961 - INFO - MainThread - Processing Excel Row 364
2026-06-30 21:21:29,962 - INFO - MainThread - Order: V4063007366
2026-06-30 21:21:29,962 - INFO - MainThread - Processing Excel Row 365
2026-06-30 21:21:29,963 - INFO - MainThread - Order: V4063007367
2026-06-30 21:21:29,963 - INFO - MainThread - Processing Excel Row 366
2026-06-30 21:21:29,964 - INFO - MainThread - Order: V4063007368
2026-06-30 21:21:29,964 - INFO - MainThread - Processing Excel Row 367
2026-06-30 21:21:29,965 - INFO - MainThread - Order: V4063007369
2026-06-30 21:21:29,965 - INFO - MainThread - Processing Excel Row 368
2026-06-30 21:21:29,966 - INFO - MainThread - Order: V4063007370
2026-06-30 21:21:29,966 - INFO - MainThread - Processing Excel Row 369
2026-06-30 21:21:29,966 - INFO - MainThread - Order: V4063007371
2026-06-30 21:21:29,966 - INFO - MainThread - Processing Excel Row 370
2026-06-30 21:21:29,967 - INFO - MainThread - Order: V4063007372
2026-06-30 21:21:29,967 - INFO - MainThread - Processing Excel Row 371
2026-06-30 21:21:29,968 - INFO - MainThread - Order: V4063007373
2026-06-30 21:21:29,968 - INFO - MainThread - Processing Excel Row 372
2026-06-30 21:21:29,969 - INFO - MainThread - Order: V4063007374
2026-06-30 21:21:29,969 - INFO - MainThread - Processing Excel Row 373
2026-06-30 21:21:29,970 - INFO - MainThread - Order: V4063007375
2026-06-30 21:21:29,970 - INFO - MainThread - Processing Excel Row 374
2026-06-30 21:21:29,971 - INFO - MainThread - Order: V4063007376
2026-06-30 21:21:29,971 - INFO - MainThread - Processing Excel Row 375
2026-06-30 21:21:29,971 - INFO - MainThread - Order: V4063007377
2026-06-30 21:21:29,971 - INFO - MainThread - Processing Excel Row 376
2026-06-30 21:21:29,972 - INFO - MainThread - Order: V4063007378
2026-06-30 21:21:29,972 - INFO - MainThread - Processing Excel Row 377
2026-06-30 21:21:29,973 - INFO - MainThread - Order: V4063007379
2026-06-30 21:21:29,973 - INFO - MainThread - Processing Excel Row 378
2026-06-30 21:21:29,974 - INFO - MainThread - Order: V4063007380
2026-06-30 21:21:29,974 - INFO - MainThread - Processing Excel Row 379
2026-06-30 21:21:29,975 - INFO - MainThread - Order: V4063007381
2026-06-30 21:21:29,975 - INFO - MainThread - Processing Excel Row 380
2026-06-30 21:21:29,976 - INFO - MainThread - Order: V4063007382
2026-06-30 21:21:29,976 - INFO - MainThread - Processing Excel Row 381
2026-06-30 21:21:29,977 - INFO - MainThread - Order: V4063007383
2026-06-30 21:21:29,977 - INFO - MainThread - Processing Excel Row 382
2026-06-30 21:21:29,978 - INFO - MainThread - Order: V4063007384
2026-06-30 21:21:29,978 - INFO - MainThread - Processing Excel Row 383
2026-06-30 21:21:29,979 - INFO - MainThread - Order: V4063007385
2026-06-30 21:21:29,979 - INFO - MainThread - Processing Excel Row 384
2026-06-30 21:21:29,979 - INFO - MainThread - Order: V4063007386
2026-06-30 21:21:29,979 - INFO - MainThread - Processing Excel Row 385
2026-06-30 21:21:29,980 - INFO - MainThread - Order: V4063007387
2026-06-30 21:21:29,980 - INFO - MainThread - Processing Excel Row 386
2026-06-30 21:21:29,981 - INFO - MainThread - Order: V4063007388
2026-06-30 21:21:29,981 - INFO - MainThread - Processing Excel Row 387
2026-06-30 21:21:29,982 - INFO - MainThread - Order: V4063007389
2026-06-30 21:21:29,982 - INFO - MainThread - Processing Excel Row 388
2026-06-30 21:21:29,983 - INFO - MainThread - Order: V4063007390
2026-06-30 21:21:29,983 - INFO - MainThread - Processing Excel Row 389
2026-06-30 21:21:29,983 - INFO - MainThread - Order: V4063007391
2026-06-30 21:21:29,983 - INFO - MainThread - Processing Excel Row 390
2026-06-30 21:21:29,984 - INFO - MainThread - Order: V4063007392
2026-06-30 21:21:29,984 - INFO - MainThread - Processing Excel Row 391
2026-06-30 21:21:29,985 - INFO - MainThread - Order: V4063007393
2026-06-30 21:21:29,985 - INFO - MainThread - Processing Excel Row 392
2026-06-30 21:21:29,986 - INFO - MainThread - Order: V4063007394
2026-06-30 21:21:29,986 - INFO - MainThread - Processing Excel Row 393
2026-06-30 21:21:29,987 - INFO - MainThread - Order: V4063007395
2026-06-30 21:21:29,987 - INFO - MainThread - Processing Excel Row 394
2026-06-30 21:21:29,987 - INFO - MainThread - Order: V4063007396
2026-06-30 21:21:29,988 - INFO - MainThread - Processing Excel Row 395
2026-06-30 21:21:29,988 - INFO - MainThread - Order: V4063007397
2026-06-30 21:21:29,988 - INFO - MainThread - Processing Excel Row 396
2026-06-30 21:21:29,989 - INFO - MainThread - Order: V4063007398
2026-06-30 21:21:29,989 - INFO - MainThread - Processing Excel Row 397
2026-06-30 21:21:29,990 - INFO - MainThread - Order: V4063007399
2026-06-30 21:21:29,990 - INFO - MainThread - Processing Excel Row 398
2026-06-30 21:21:29,991 - INFO - MainThread - Order: V4063007400
2026-06-30 21:21:29,991 - INFO - MainThread - Processing Excel Row 399
2026-06-30 21:21:29,991 - INFO - MainThread - Order: V4063007401
2026-06-30 21:21:29,991 - INFO - MainThread - Processing Excel Row 400
2026-06-30 21:21:29,992 - INFO - MainThread - Order: V4063007402
2026-06-30 21:21:29,992 - INFO - MainThread - Processing Excel Row 401
2026-06-30 21:21:29,993 - INFO - MainThread - Order: V4063007403
2026-06-30 21:21:29,993 - INFO - MainThread - Processing Excel Row 402
2026-06-30 21:21:29,994 - INFO - MainThread - Order: V4063007404
2026-06-30 21:21:29,994 - INFO - MainThread - Processing Excel Row 403
2026-06-30 21:21:29,995 - INFO - MainThread - Order: V4063007405
2026-06-30 21:21:29,995 - INFO - MainThread - Processing Excel Row 404
2026-06-30 21:21:29,996 - INFO - MainThread - Order: V4063007406
2026-06-30 21:21:29,996 - INFO - MainThread - Processing Excel Row 405
2026-06-30 21:21:29,996 - INFO - MainThread - Order: V4063007407
2026-06-30 21:21:29,996 - INFO - MainThread - Processing Excel Row 406
2026-06-30 21:21:29,997 - INFO - MainThread - Order: V4063007408
2026-06-30 21:21:29,997 - INFO - MainThread - Processing Excel Row 407
2026-06-30 21:21:29,998 - INFO - MainThread - Order: V4063007409
2026-06-30 21:21:29,998 - INFO - MainThread - Processing Excel Row 408
2026-06-30 21:21:29,998 - INFO - MainThread - Order: V4063007410
2026-06-30 21:21:29,999 - INFO - MainThread - Processing Excel Row 409
2026-06-30 21:21:29,999 - INFO - MainThread - Order: V4063007411
2026-06-30 21:21:29,999 - INFO - MainThread - Processing Excel Row 410
2026-06-30 21:21:30,000 - INFO - MainThread - Order: V4063007412
2026-06-30 21:21:30,001 - INFO - MainThread - Processing Excel Row 411
2026-06-30 21:21:30,001 - INFO - MainThread - Order: V4063007413
2026-06-30 21:21:30,001 - INFO - MainThread - Processing Excel Row 412
2026-06-30 21:21:30,003 - INFO - MainThread - Order: V4063007414
2026-06-30 21:21:30,003 - INFO - MainThread - Processing Excel Row 413
2026-06-30 21:21:30,004 - INFO - MainThread - Order: V4063007415
2026-06-30 21:21:30,004 - INFO - MainThread - Processing Excel Row 414
2026-06-30 21:21:30,004 - INFO - MainThread - Order: V4063007416
2026-06-30 21:21:30,004 - INFO - MainThread - Processing Excel Row 415
2026-06-30 21:21:30,005 - INFO - MainThread - Order: V4063007417
2026-06-30 21:21:30,005 - INFO - MainThread - Processing Excel Row 416
2026-06-30 21:21:30,006 - INFO - MainThread - Order: V4063007418
2026-06-30 21:21:30,006 - INFO - MainThread - Processing Excel Row 417
2026-06-30 21:21:30,007 - INFO - MainThread - Order: V4063007419
2026-06-30 21:21:30,007 - INFO - MainThread - Processing Excel Row 418
2026-06-30 21:21:30,008 - INFO - MainThread - Order: V4063007420
2026-06-30 21:21:30,008 - INFO - MainThread - Processing Excel Row 419
2026-06-30 21:21:30,008 - INFO - MainThread - Order: V4063007421
2026-06-30 21:21:30,009 - INFO - MainThread - Processing Excel Row 420
2026-06-30 21:21:30,009 - INFO - MainThread - Order: V4063007422
2026-06-30 21:21:30,009 - INFO - MainThread - Processing Excel Row 421
2026-06-30 21:21:30,010 - INFO - MainThread - Order: V4063007423
2026-06-30 21:21:30,010 - INFO - MainThread - Processing Excel Row 422
2026-06-30 21:21:30,011 - INFO - MainThread - Order: V4063007424
2026-06-30 21:21:30,011 - INFO - MainThread - Processing Excel Row 423
2026-06-30 21:21:30,012 - INFO - MainThread - Order: V4063007425
2026-06-30 21:21:30,012 - INFO - MainThread - Processing Excel Row 424
2026-06-30 21:21:30,013 - INFO - MainThread - Order: V4063007426
2026-06-30 21:21:30,013 - INFO - MainThread - Processing Excel Row 425
2026-06-30 21:21:30,013 - INFO - MainThread - Order: V4063007427
2026-06-30 21:21:30,013 - INFO - MainThread - Processing Excel Row 426
2026-06-30 21:21:30,014 - INFO - MainThread - Order: V4063007428
2026-06-30 21:21:30,014 - INFO - MainThread - Processing Excel Row 427
2026-06-30 21:21:30,015 - INFO - MainThread - Order: V4063007429
2026-06-30 21:21:30,015 - INFO - MainThread - Processing Excel Row 428
2026-06-30 21:21:30,016 - INFO - MainThread - Order: V4063007430
2026-06-30 21:21:30,016 - INFO - MainThread - Processing Excel Row 429
2026-06-30 21:21:30,016 - INFO - MainThread - Order: V4063007431
2026-06-30 21:21:30,016 - INFO - MainThread - Processing Excel Row 430
2026-06-30 21:21:30,017 - INFO - MainThread - Order: V4063007432
2026-06-30 21:21:30,017 - INFO - MainThread - Processing Excel Row 431
2026-06-30 21:21:30,018 - INFO - MainThread - Order: V4063007433
2026-06-30 21:21:30,018 - INFO - MainThread - Processing Excel Row 432
2026-06-30 21:21:30,018 - INFO - MainThread - Order: V4063007434
2026-06-30 21:21:30,019 - INFO - MainThread - Processing Excel Row 433
2026-06-30 21:21:30,019 - INFO - MainThread - Order: V4063007435
2026-06-30 21:21:30,019 - INFO - MainThread - Processing Excel Row 434
2026-06-30 21:21:30,020 - INFO - MainThread - Order: V4063007436
2026-06-30 21:21:30,020 - INFO - MainThread - Processing Excel Row 435
2026-06-30 21:21:30,021 - INFO - MainThread - Order: V4063007437
2026-06-30 21:21:30,021 - INFO - MainThread - Processing Excel Row 436
2026-06-30 21:21:30,021 - INFO - MainThread - Order: V4063007438
2026-06-30 21:21:30,021 - INFO - MainThread - Processing Excel Row 437
2026-06-30 21:21:30,022 - INFO - MainThread - Order: V4063007439
2026-06-30 21:21:30,022 - INFO - MainThread - Processing Excel Row 438
2026-06-30 21:21:30,023 - INFO - MainThread - Order: V4063007440
2026-06-30 21:21:30,023 - INFO - MainThread - Processing Excel Row 439
2026-06-30 21:21:30,024 - INFO - MainThread - Order: V4063007441
2026-06-30 21:21:30,024 - INFO - MainThread - Processing Excel Row 440
2026-06-30 21:21:30,024 - INFO - MainThread - Order: V4063007442
2026-06-30 21:21:30,024 - INFO - MainThread - Processing Excel Row 441
2026-06-30 21:21:30,025 - INFO - MainThread - Order: V4063007443
2026-06-30 21:21:30,025 - INFO - MainThread - Processing Excel Row 442
2026-06-30 21:21:30,026 - INFO - MainThread - Order: V4063007444
2026-06-30 21:21:30,026 - INFO - MainThread - Processing Excel Row 443
2026-06-30 21:21:30,027 - INFO - MainThread - Order: V4063007445
2026-06-30 21:21:30,027 - INFO - MainThread - Processing Excel Row 444
2026-06-30 21:21:30,028 - INFO - MainThread - Order: V4063007446
2026-06-30 21:21:30,028 - INFO - MainThread - Processing Excel Row 445
2026-06-30 21:21:30,029 - INFO - MainThread - Order: V4063007447
2026-06-30 21:21:30,029 - INFO - MainThread - Processing Excel Row 446
2026-06-30 21:21:30,030 - INFO - MainThread - Order: V4063007448
2026-06-30 21:21:30,030 - INFO - MainThread - Processing Excel Row 447
2026-06-30 21:21:30,031 - INFO - MainThread - Order: V4063007449
2026-06-30 21:21:30,031 - INFO - MainThread - Processing Excel Row 448
2026-06-30 21:21:30,033 - INFO - MainThread - Order: V4063007450
2026-06-30 21:21:30,034 - INFO - MainThread - Processing Excel Row 449
2026-06-30 21:21:30,034 - INFO - MainThread - Order: V4063007451
2026-06-30 21:21:30,034 - INFO - MainThread - Processing Excel Row 450
2026-06-30 21:21:30,035 - INFO - MainThread - Order: V4063007452
2026-06-30 21:21:30,035 - INFO - MainThread - Processing Excel Row 451
2026-06-30 21:21:30,036 - INFO - MainThread - Order: V4063007453
2026-06-30 21:21:30,036 - INFO - MainThread - Processing Excel Row 452
2026-06-30 21:21:30,037 - INFO - MainThread - Order: V4063007454
2026-06-30 21:21:30,037 - INFO - MainThread - Processing Excel Row 453
2026-06-30 21:21:30,038 - INFO - MainThread - Order: V4063007455
2026-06-30 21:21:30,038 - INFO - MainThread - Processing Excel Row 454
2026-06-30 21:21:30,039 - INFO - MainThread - Order: V4063007456
2026-06-30 21:21:30,039 - INFO - MainThread - Processing Excel Row 455
2026-06-30 21:21:30,039 - INFO - MainThread - Order: V4063007457
2026-06-30 21:21:30,039 - INFO - MainThread - Processing Excel Row 456
2026-06-30 21:21:30,040 - INFO - MainThread - Order: V4063007458
2026-06-30 21:21:30,040 - INFO - MainThread - Processing Excel Row 457
2026-06-30 21:21:30,041 - INFO - MainThread - Order: V4063007459
2026-06-30 21:21:30,041 - INFO - MainThread - Processing Excel Row 458
2026-06-30 21:21:30,042 - INFO - MainThread - Order: V4063007460
2026-06-30 21:21:30,042 - INFO - MainThread - Processing Excel Row 459
2026-06-30 21:21:30,042 - INFO - MainThread - Order: V4063007461
2026-06-30 21:21:30,042 - INFO - MainThread - Processing Excel Row 460
2026-06-30 21:21:30,043 - INFO - MainThread - Order: V4063007462
2026-06-30 21:21:30,043 - INFO - MainThread - Processing Excel Row 461
2026-06-30 21:21:30,044 - INFO - MainThread - Order: V4063007463
2026-06-30 21:21:30,044 - INFO - MainThread - Processing Excel Row 462
2026-06-30 21:21:30,045 - INFO - MainThread - Order: V4063007464
2026-06-30 21:21:30,045 - INFO - MainThread - Processing Excel Row 463
2026-06-30 21:21:30,045 - INFO - MainThread - Order: V4063007465
2026-06-30 21:21:30,045 - INFO - MainThread - Processing Excel Row 464
2026-06-30 21:21:30,046 - INFO - MainThread - Order: V4063007466
2026-06-30 21:21:30,046 - INFO - MainThread - Processing Excel Row 465
2026-06-30 21:21:30,047 - INFO - MainThread - Order: V4063007467
2026-06-30 21:21:30,048 - INFO - MainThread - Processing Excel Row 466
2026-06-30 21:21:30,049 - INFO - MainThread - Order: V4063007468
2026-06-30 21:21:30,049 - INFO - MainThread - Processing Excel Row 467
2026-06-30 21:21:30,049 - INFO - MainThread - Order: V4063007469
2026-06-30 21:21:30,049 - INFO - MainThread - Processing Excel Row 468
2026-06-30 21:21:30,050 - INFO - MainThread - Order: V4063007470
2026-06-30 21:21:30,050 - INFO - MainThread - Processing Excel Row 469
2026-06-30 21:21:30,051 - INFO - MainThread - Order: V4063007471
2026-06-30 21:21:30,051 - INFO - MainThread - Processing Excel Row 470
2026-06-30 21:21:30,052 - INFO - MainThread - Order: V4063007472
2026-06-30 21:21:30,052 - INFO - MainThread - Processing Excel Row 471
2026-06-30 21:21:30,053 - INFO - MainThread - Order: V4063007473
2026-06-30 21:21:30,053 - INFO - MainThread - Processing Excel Row 472
2026-06-30 21:21:30,053 - INFO - MainThread - Order: V4063007474
2026-06-30 21:21:30,053 - INFO - MainThread - Processing Excel Row 473
2026-06-30 21:21:30,054 - INFO - MainThread - Order: V4063007475
2026-06-30 21:21:30,054 - INFO - MainThread - Processing Excel Row 474
2026-06-30 21:21:30,055 - INFO - MainThread - Order: V4063007476
2026-06-30 21:21:30,055 - INFO - MainThread - Processing Excel Row 475
2026-06-30 21:21:30,056 - INFO - MainThread - Order: V4063007477
2026-06-30 21:21:30,056 - INFO - MainThread - Processing Excel Row 476
2026-06-30 21:21:30,057 - INFO - MainThread - Order: V4063007478
2026-06-30 21:21:30,057 - INFO - MainThread - Processing Excel Row 477
2026-06-30 21:21:30,057 - INFO - MainThread - Order: V4063007479
2026-06-30 21:21:30,057 - INFO - MainThread - Processing Excel Row 478
2026-06-30 21:21:30,058 - INFO - MainThread - Order: V4063007480
2026-06-30 21:21:30,058 - INFO - MainThread - Processing Excel Row 479
2026-06-30 21:21:30,059 - INFO - MainThread - Order: V4063007481
2026-06-30 21:21:30,059 - INFO - MainThread - Processing Excel Row 480
2026-06-30 21:21:30,060 - INFO - MainThread - Order: V4063007482
2026-06-30 21:21:30,060 - INFO - MainThread - Processing Excel Row 481
2026-06-30 21:21:30,060 - INFO - MainThread - Order: V4063007483
2026-06-30 21:21:30,060 - INFO - MainThread - Processing Excel Row 482
2026-06-30 21:21:30,061 - INFO - MainThread - Order: V4063007484
2026-06-30 21:21:30,061 - INFO - MainThread - Processing Excel Row 483
2026-06-30 21:21:30,062 - INFO - MainThread - Order: V4063007485
2026-06-30 21:21:30,062 - INFO - MainThread - Processing Excel Row 484
2026-06-30 21:21:30,063 - INFO - MainThread - Order: V4063007486
2026-06-30 21:21:30,063 - INFO - MainThread - Processing Excel Row 485
2026-06-30 21:21:30,064 - INFO - MainThread - Order: V4063007487
2026-06-30 21:21:30,064 - INFO - MainThread - Processing Excel Row 486
2026-06-30 21:21:30,065 - INFO - MainThread - Order: V4063007488
2026-06-30 21:21:30,065 - INFO - MainThread - Processing Excel Row 487
2026-06-30 21:21:30,065 - INFO - MainThread - Order: V4063007489
2026-06-30 21:21:30,066 - INFO - MainThread - Processing Excel Row 488
2026-06-30 21:21:30,066 - INFO - MainThread - Order: V4063007490
2026-06-30 21:21:30,067 - INFO - MainThread - Processing Excel Row 489
2026-06-30 21:21:30,067 - INFO - MainThread - Order: V4063007491
2026-06-30 21:21:30,067 - INFO - MainThread - Processing Excel Row 490
2026-06-30 21:21:30,069 - INFO - MainThread - Order: V4063007492
2026-06-30 21:21:30,069 - INFO - MainThread - Processing Excel Row 491
2026-06-30 21:21:30,069 - INFO - MainThread - Order: V4063007493
2026-06-30 21:21:30,069 - INFO - MainThread - Processing Excel Row 492
2026-06-30 21:21:30,070 - INFO - MainThread - Order: V4063007494
2026-06-30 21:21:30,070 - INFO - MainThread - Processing Excel Row 493
2026-06-30 21:21:30,071 - INFO - MainThread - Order: V4063007495
2026-06-30 21:21:30,071 - INFO - MainThread - Processing Excel Row 494
2026-06-30 21:21:30,072 - INFO - MainThread - Order: V4063007496
2026-06-30 21:21:30,072 - INFO - MainThread - Processing Excel Row 495
2026-06-30 21:21:30,073 - INFO - MainThread - Order: V4063007497
2026-06-30 21:21:30,073 - INFO - MainThread - Processing Excel Row 496
2026-06-30 21:21:30,073 - INFO - MainThread - Order: V4063007498
2026-06-30 21:21:30,073 - INFO - MainThread - Processing Excel Row 497
2026-06-30 21:21:30,074 - INFO - MainThread - Order: V4063007499
2026-06-30 21:21:30,074 - INFO - MainThread - Processing Excel Row 498
2026-06-30 21:21:30,075 - INFO - MainThread - Order: V4063007500
2026-06-30 21:21:30,075 - INFO - MainThread - Processing Excel Row 499
2026-06-30 21:21:30,076 - INFO - MainThread - Order: V4063007501
2026-06-30 21:21:30,076 - INFO - MainThread - Processing Excel Row 500
2026-06-30 21:21:30,076 - INFO - MainThread - Order: V4063007502
2026-06-30 21:21:30,076 - INFO - MainThread - Processing Excel Row 501
2026-06-30 21:21:30,077 - INFO - MainThread - Order: V4063007503
2026-06-30 21:21:30,077 - INFO - MainThread - Processing Excel Row 502
2026-06-30 21:21:30,078 - INFO - MainThread - Order: V4063007504
2026-06-30 21:21:30,078 - INFO - MainThread - Processing Excel Row 503
2026-06-30 21:21:30,079 - INFO - MainThread - Order: V4063007505
2026-06-30 21:21:30,079 - INFO - MainThread - Processing Excel Row 504
2026-06-30 21:21:30,080 - INFO - MainThread - Order: V4063007506
2026-06-30 21:21:30,080 - INFO - MainThread - Processing Excel Row 505
2026-06-30 21:21:30,081 - INFO - MainThread - Order: V4063007507
2026-06-30 21:21:30,081 - INFO - MainThread - Processing Excel Row 506
2026-06-30 21:21:30,081 - INFO - MainThread - Order: V4063007508
2026-06-30 21:21:30,082 - INFO - MainThread - Processing Excel Row 507
2026-06-30 21:21:30,082 - INFO - MainThread - Order: V4063007509
2026-06-30 21:21:30,082 - INFO - MainThread - Processing Excel Row 508
2026-06-30 21:21:30,083 - INFO - MainThread - Order: V4063007510
2026-06-30 21:21:30,083 - INFO - MainThread - Processing Excel Row 509
2026-06-30 21:21:30,084 - INFO - MainThread - Order: V4063007511
2026-06-30 21:21:30,084 - INFO - MainThread - Processing Excel Row 510
2026-06-30 21:21:30,084 - INFO - MainThread - Order: V4063007512
2026-06-30 21:21:30,084 - INFO - MainThread - Processing Excel Row 511
2026-06-30 21:21:30,085 - INFO - MainThread - Order: V4063007513
2026-06-30 21:21:30,085 - INFO - MainThread - Processing Excel Row 512
2026-06-30 21:21:30,086 - INFO - MainThread - Order: V4063007514
2026-06-30 21:21:30,086 - INFO - MainThread - Processing Excel Row 513
2026-06-30 21:21:30,087 - INFO - MainThread - Order: V4063007515
2026-06-30 21:21:30,087 - INFO - MainThread - Processing Excel Row 514
2026-06-30 21:21:30,087 - INFO - MainThread - Order: V4063007516
2026-06-30 21:21:30,087 - INFO - MainThread - Processing Excel Row 515
2026-06-30 21:21:30,088 - INFO - MainThread - Order: V4063007517
2026-06-30 21:21:30,088 - INFO - MainThread - Processing Excel Row 516
2026-06-30 21:21:30,089 - INFO - MainThread - Order: V4063007518
2026-06-30 21:21:30,089 - INFO - MainThread - Processing Excel Row 517
2026-06-30 21:21:30,090 - INFO - MainThread - Order: V4063007519
2026-06-30 21:21:30,090 - INFO - MainThread - Processing Excel Row 518
2026-06-30 21:21:30,091 - INFO - MainThread - Order: V4063007520
2026-06-30 21:21:30,091 - INFO - MainThread - Processing Excel Row 519
2026-06-30 21:21:30,092 - INFO - MainThread - Order: V4063007521
2026-06-30 21:21:30,092 - INFO - MainThread - Processing Excel Row 520
2026-06-30 21:21:30,093 - INFO - MainThread - Order: V4063007522
2026-06-30 21:21:30,093 - INFO - MainThread - Processing Excel Row 521
2026-06-30 21:21:30,094 - INFO - MainThread - Order: V4063007523
2026-06-30 21:21:30,094 - INFO - MainThread - Processing Excel Row 522
2026-06-30 21:21:30,095 - INFO - MainThread - Order: V4063007524
2026-06-30 21:21:30,095 - INFO - MainThread - Processing Excel Row 523
2026-06-30 21:21:30,096 - INFO - MainThread - Order: V4063007525
2026-06-30 21:21:30,096 - INFO - MainThread - Processing Excel Row 524
2026-06-30 21:21:30,097 - INFO - MainThread - Order: V4063007526
2026-06-30 21:21:30,097 - INFO - MainThread - Processing Excel Row 525
2026-06-30 21:21:30,097 - INFO - MainThread - Order: V4063007527
2026-06-30 21:21:30,098 - INFO - MainThread - Processing Excel Row 526
2026-06-30 21:21:30,098 - INFO - MainThread - Order: V4063007528
2026-06-30 21:21:30,098 - INFO - MainThread - Processing Excel Row 527
2026-06-30 21:21:30,099 - INFO - MainThread - Order: V4063007529
2026-06-30 21:21:30,099 - INFO - MainThread - Processing Excel Row 528
2026-06-30 21:21:30,100 - INFO - MainThread - Order: V4063007530
2026-06-30 21:21:30,100 - INFO - MainThread - Processing Excel Row 529
2026-06-30 21:21:30,101 - INFO - MainThread - Order: V4063007531
2026-06-30 21:21:30,101 - INFO - MainThread - Processing Excel Row 530
2026-06-30 21:21:30,102 - INFO - MainThread - Order: V4063007532
2026-06-30 21:21:30,102 - INFO - MainThread - Processing Excel Row 531
2026-06-30 21:21:30,102 - INFO - MainThread - Order: V4063007533
2026-06-30 21:21:30,103 - INFO - MainThread - Processing Excel Row 532
2026-06-30 21:21:30,103 - INFO - MainThread - Order: V4063007534
2026-06-30 21:21:30,103 - INFO - MainThread - Processing Excel Row 533
2026-06-30 21:21:30,104 - INFO - MainThread - Order: V4063007535
2026-06-30 21:21:30,104 - INFO - MainThread - Processing Excel Row 534
2026-06-30 21:21:30,105 - INFO - MainThread - Order: V4063007536
2026-06-30 21:21:30,105 - INFO - MainThread - Processing Excel Row 535
2026-06-30 21:21:30,106 - INFO - MainThread - Order: V4063007537
2026-06-30 21:21:30,106 - INFO - MainThread - Processing Excel Row 536
2026-06-30 21:21:30,107 - INFO - MainThread - Order: V4063007538
2026-06-30 21:21:30,107 - INFO - MainThread - Processing Excel Row 537
2026-06-30 21:21:30,107 - INFO - MainThread - Order: V4063007539
2026-06-30 21:21:30,107 - INFO - MainThread - Processing Excel Row 538
2026-06-30 21:21:30,108 - INFO - MainThread - Order: V4063007540
2026-06-30 21:21:30,108 - INFO - MainThread - Processing Excel Row 539
2026-06-30 21:21:30,109 - INFO - MainThread - Order: V4063007541
2026-06-30 21:21:30,109 - INFO - MainThread - Processing Excel Row 540
2026-06-30 21:21:30,109 - INFO - MainThread - Order: V4063007542
2026-06-30 21:21:30,110 - INFO - MainThread - Processing Excel Row 541
2026-06-30 21:21:30,110 - INFO - MainThread - Order: V4063007543
2026-06-30 21:21:30,110 - INFO - MainThread - Processing Excel Row 542
2026-06-30 21:21:30,111 - INFO - MainThread - Order: V4063007544
2026-06-30 21:21:30,111 - INFO - MainThread - Processing Excel Row 543
2026-06-30 21:21:30,112 - INFO - MainThread - Order: V4063007545
2026-06-30 21:21:30,112 - INFO - MainThread - Processing Excel Row 544
2026-06-30 21:21:30,113 - INFO - MainThread - Order: V4063007546
2026-06-30 21:21:30,113 - INFO - MainThread - Processing Excel Row 545
2026-06-30 21:21:30,114 - INFO - MainThread - Order: V4063007547
2026-06-30 21:21:30,114 - INFO - MainThread - Processing Excel Row 546
2026-06-30 21:21:30,115 - INFO - MainThread - Order: V4063007548
2026-06-30 21:21:30,115 - INFO - MainThread - Processing Excel Row 547
2026-06-30 21:21:30,116 - INFO - MainThread - Order: V4063007549
2026-06-30 21:21:30,116 - INFO - MainThread - Processing Excel Row 548
2026-06-30 21:21:30,117 - INFO - MainThread - Order: V4063007550
2026-06-30 21:21:30,117 - INFO - MainThread - Processing Excel Row 549
2026-06-30 21:21:30,117 - INFO - MainThread - Order: V4063007551
2026-06-30 21:21:30,117 - INFO - MainThread - Processing Excel Row 550
2026-06-30 21:21:30,118 - INFO - MainThread - Order: V4063007552
2026-06-30 21:21:30,118 - INFO - MainThread - Processing Excel Row 551
2026-06-30 21:21:30,119 - INFO - MainThread - Order: V4063007553
2026-06-30 21:21:30,119 - INFO - MainThread - Processing Excel Row 552
2026-06-30 21:21:30,120 - INFO - MainThread - Order: V4063007554
2026-06-30 21:21:30,120 - INFO - MainThread - Processing Excel Row 553
2026-06-30 21:21:30,120 - INFO - MainThread - Order: V4063007555
2026-06-30 21:21:30,120 - INFO - MainThread - Processing Excel Row 554
2026-06-30 21:21:30,121 - INFO - MainThread - Order: V4063007556
2026-06-30 21:21:30,121 - INFO - MainThread - Processing Excel Row 555
2026-06-30 21:21:30,122 - INFO - MainThread - Order: V4063007557
2026-06-30 21:21:30,122 - INFO - MainThread - Processing Excel Row 556
2026-06-30 21:21:30,122 - INFO - MainThread - Order: V4063007558
2026-06-30 21:21:30,123 - INFO - MainThread - Processing Excel Row 557
2026-06-30 21:21:30,123 - INFO - MainThread - Order: V4063007559
2026-06-30 21:21:30,123 - INFO - MainThread - Processing Excel Row 558
2026-06-30 21:21:30,124 - INFO - MainThread - Order: V4063007560
2026-06-30 21:21:30,124 - INFO - MainThread - Processing Excel Row 559
2026-06-30 21:21:30,125 - INFO - MainThread - Order: V4063007561
2026-06-30 21:21:30,125 - INFO - MainThread - Processing Excel Row 560
2026-06-30 21:21:30,125 - INFO - MainThread - Order: V4063007562
2026-06-30 21:21:30,125 - INFO - MainThread - Processing Excel Row 561
2026-06-30 21:21:30,126 - INFO - MainThread - Order: V4063007563
2026-06-30 21:21:30,126 - INFO - MainThread - Processing Excel Row 562
2026-06-30 21:21:30,127 - INFO - MainThread - Order: V4063007564
2026-06-30 21:21:30,127 - INFO - MainThread - Processing Excel Row 563
2026-06-30 21:21:30,128 - INFO - MainThread - Order: V4063007565
2026-06-30 21:21:30,128 - INFO - MainThread - Processing Excel Row 564
2026-06-30 21:21:30,128 - INFO - MainThread - Order: V4063007566
2026-06-30 21:21:30,128 - INFO - MainThread - Processing Excel Row 565
2026-06-30 21:21:30,129 - INFO - MainThread - Order: V4063007567
2026-06-30 21:21:30,129 - INFO - MainThread - Processing Excel Row 566
2026-06-30 21:21:30,130 - INFO - MainThread - Order: V4063007568
2026-06-30 21:21:30,130 - INFO - MainThread - Processing Excel Row 567
2026-06-30 21:21:30,130 - INFO - MainThread - Order: V4063007569
2026-06-30 21:21:30,130 - INFO - MainThread - Processing Excel Row 568
2026-06-30 21:21:30,131 - INFO - MainThread - Order: V4063007570
2026-06-30 21:21:30,131 - INFO - MainThread - Processing Excel Row 569
2026-06-30 21:21:30,132 - INFO - MainThread - Order: V4063007571
2026-06-30 21:21:30,132 - INFO - MainThread - Processing Excel Row 570
2026-06-30 21:21:30,133 - INFO - MainThread - Order: V4063007572
2026-06-30 21:21:30,133 - INFO - MainThread - Processing Excel Row 571
2026-06-30 21:21:30,134 - INFO - MainThread - Order: V4063007573
2026-06-30 21:21:30,134 - INFO - MainThread - Processing Excel Row 572
2026-06-30 21:21:30,135 - INFO - MainThread - Order: V4063007574
2026-06-30 21:21:30,135 - INFO - MainThread - Processing Excel Row 573
2026-06-30 21:21:30,136 - INFO - MainThread - Order: V4063007575
2026-06-30 21:21:30,136 - INFO - MainThread - Processing Excel Row 574
2026-06-30 21:21:30,137 - INFO - MainThread - Order: V4063007576
2026-06-30 21:21:30,137 - INFO - MainThread - Processing Excel Row 575
2026-06-30 21:21:30,137 - INFO - MainThread - Order: V4063007577
2026-06-30 21:21:30,137 - INFO - MainThread - Processing Excel Row 576
2026-06-30 21:21:30,138 - INFO - MainThread - Order: V4063007578
2026-06-30 21:21:30,138 - INFO - MainThread - Processing Excel Row 577
2026-06-30 21:21:30,139 - INFO - MainThread - Order: V4063007579
2026-06-30 21:21:30,139 - INFO - MainThread - Processing Excel Row 578
2026-06-30 21:21:30,140 - INFO - MainThread - Order: V4063007580
2026-06-30 21:21:30,140 - INFO - MainThread - Processing Excel Row 579
2026-06-30 21:21:30,141 - INFO - MainThread - Order: V4063007581
2026-06-30 21:21:30,141 - INFO - MainThread - Processing Excel Row 580
2026-06-30 21:21:30,142 - INFO - MainThread - Order: V4063007582
2026-06-30 21:21:30,142 - INFO - MainThread - Processing Excel Row 581
2026-06-30 21:21:30,142 - INFO - MainThread - Order: V4063007583
2026-06-30 21:21:30,142 - INFO - MainThread - Processing Excel Row 582
2026-06-30 21:21:30,143 - INFO - MainThread - Order: V4063007584
2026-06-30 21:21:30,143 - INFO - MainThread - Processing Excel Row 583
2026-06-30 21:21:30,144 - INFO - MainThread - Order: V4063007585
2026-06-30 21:21:30,144 - INFO - MainThread - Processing Excel Row 584
2026-06-30 21:21:30,145 - INFO - MainThread - Order: V4063007586
2026-06-30 21:21:30,145 - INFO - MainThread - Processing Excel Row 585
2026-06-30 21:21:30,146 - INFO - MainThread - Order: V4063007587
2026-06-30 21:21:30,146 - INFO - MainThread - Processing Excel Row 586
2026-06-30 21:21:30,147 - INFO - MainThread - Order: V4063007588
2026-06-30 21:21:30,147 - INFO - MainThread - Processing Excel Row 587
2026-06-30 21:21:30,147 - INFO - MainThread - Order: V4063007589
2026-06-30 21:21:30,147 - INFO - MainThread - Processing Excel Row 588
2026-06-30 21:21:30,148 - INFO - MainThread - Order: V4063007590
2026-06-30 21:21:30,148 - INFO - MainThread - Processing Excel Row 589
2026-06-30 21:21:30,149 - INFO - MainThread - Order: V4063007591
2026-06-30 21:21:30,149 - INFO - MainThread - Processing Excel Row 590
2026-06-30 21:21:30,150 - INFO - MainThread - Order: V4063007592
2026-06-30 21:21:30,150 - INFO - MainThread - Processing Excel Row 591
2026-06-30 21:21:30,150 - INFO - MainThread - Order: V4063007593
2026-06-30 21:21:30,150 - INFO - MainThread - Processing Excel Row 592
2026-06-30 21:21:30,151 - INFO - MainThread - Order: V4063007594
2026-06-30 21:21:30,151 - INFO - MainThread - Processing Excel Row 593
2026-06-30 21:21:30,152 - INFO - MainThread - Order: V4063007595
2026-06-30 21:21:30,152 - INFO - MainThread - Processing Excel Row 594
2026-06-30 21:21:30,153 - INFO - MainThread - Order: V4063007596
2026-06-30 21:21:30,153 - INFO - MainThread - Processing Excel Row 595
2026-06-30 21:21:30,154 - INFO - MainThread - Order: V4063007597
2026-06-30 21:21:30,154 - INFO - MainThread - Processing Excel Row 596
2026-06-30 21:21:30,155 - INFO - MainThread - Order: V4063007598
2026-06-30 21:21:30,155 - INFO - MainThread - Processing Excel Row 597
2026-06-30 21:21:30,156 - INFO - MainThread - Order: V4063007599
2026-06-30 21:21:30,156 - INFO - MainThread - Processing Excel Row 598
2026-06-30 21:21:30,157 - INFO - MainThread - Order: V4063007600
2026-06-30 21:21:30,157 - INFO - MainThread - Processing Excel Row 599
2026-06-30 21:21:30,158 - INFO - MainThread - Order: V4063007601
2026-06-30 21:21:30,158 - INFO - MainThread - Processing Excel Row 600
2026-06-30 21:21:30,159 - INFO - MainThread - Order: V4063007602
2026-06-30 21:21:30,159 - INFO - MainThread - Processing Excel Row 601
2026-06-30 21:21:30,159 - INFO - MainThread - Order: V4063007603
2026-06-30 21:21:30,160 - INFO - MainThread - Processing Excel Row 602
2026-06-30 21:21:30,160 - INFO - MainThread - Order: V4063007604
2026-06-30 21:21:30,160 - INFO - MainThread - Processing Excel Row 603
2026-06-30 21:21:30,161 - INFO - MainThread - Order: V4063007605
2026-06-30 21:21:30,161 - INFO - MainThread - Processing Excel Row 604
2026-06-30 21:21:30,162 - INFO - MainThread - Order: V4063007606
2026-06-30 21:21:30,162 - INFO - MainThread - Processing Excel Row 605
2026-06-30 21:21:30,163 - INFO - MainThread - Order: V4063007607
2026-06-30 21:21:30,163 - INFO - MainThread - Processing Excel Row 606
2026-06-30 21:21:30,163 - INFO - MainThread - Order: V4063007608
2026-06-30 21:21:30,163 - INFO - MainThread - Processing Excel Row 607
2026-06-30 21:21:30,164 - INFO - MainThread - Order: V4063007609
2026-06-30 21:21:30,164 - INFO - MainThread - Processing Excel Row 608
2026-06-30 21:21:30,165 - INFO - MainThread - Order: V4063007610
2026-06-30 21:21:30,165 - INFO - MainThread - Processing Excel Row 609
2026-06-30 21:21:30,166 - INFO - MainThread - Order: V4063007611
2026-06-30 21:21:30,166 - INFO - MainThread - Processing Excel Row 610
2026-06-30 21:21:30,167 - INFO - MainThread - Order: V4063007612
2026-06-30 21:21:30,167 - INFO - MainThread - Processing Excel Row 611
2026-06-30 21:21:30,168 - INFO - MainThread - Order: V4063007613
2026-06-30 21:21:30,168 - INFO - MainThread - Processing Excel Row 612
2026-06-30 21:21:30,168 - INFO - MainThread - Order: V4063007614
2026-06-30 21:21:30,168 - INFO - MainThread - Processing Excel Row 613
2026-06-30 21:21:30,169 - INFO - MainThread - Order: V4063007615
2026-06-30 21:21:30,169 - INFO - MainThread - Processing Excel Row 614
2026-06-30 21:21:30,170 - INFO - MainThread - Order: V4063007616
2026-06-30 21:21:30,170 - INFO - MainThread - Processing Excel Row 615
2026-06-30 21:21:30,170 - INFO - MainThread - Order: V4063007617
2026-06-30 21:21:30,171 - INFO - MainThread - Processing Excel Row 616
2026-06-30 21:21:30,171 - INFO - MainThread - Order: V4063007618
2026-06-30 21:21:30,171 - INFO - MainThread - Processing Excel Row 617
2026-06-30 21:21:30,172 - INFO - MainThread - Order: V4063007619
2026-06-30 21:21:30,172 - INFO - MainThread - Processing Excel Row 618
2026-06-30 21:21:30,173 - INFO - MainThread - Order: V4063007620
2026-06-30 21:21:30,173 - INFO - MainThread - Processing Excel Row 619
2026-06-30 21:21:30,173 - INFO - MainThread - Order: V4063007621
2026-06-30 21:21:30,173 - INFO - MainThread - Processing Excel Row 620
2026-06-30 21:21:30,174 - INFO - MainThread - Order: V4063007622
2026-06-30 21:21:30,174 - INFO - MainThread - Processing Excel Row 621
2026-06-30 21:21:30,175 - INFO - MainThread - Order: V4063007623
2026-06-30 21:21:30,175 - INFO - MainThread - Processing Excel Row 622
2026-06-30 21:21:30,176 - INFO - MainThread - Order: V4063007624
2026-06-30 21:21:30,176 - INFO - MainThread - Processing Excel Row 623
2026-06-30 21:21:30,176 - INFO - MainThread - Order: V4063007625
2026-06-30 21:21:30,176 - INFO - MainThread - Processing Excel Row 624
2026-06-30 21:21:30,177 - INFO - MainThread - Order: V4063007626
2026-06-30 21:21:30,177 - INFO - MainThread - Processing Excel Row 625
2026-06-30 21:21:30,178 - INFO - MainThread - Order: V4063007627
2026-06-30 21:21:30,178 - INFO - MainThread - Processing Excel Row 626
2026-06-30 21:21:30,178 - INFO - MainThread - Order: V4063007628
2026-06-30 21:21:30,178 - INFO - MainThread - Processing Excel Row 627
2026-06-30 21:21:30,179 - INFO - MainThread - Order: V4063007629
2026-06-30 21:21:30,179 - INFO - MainThread - Processing Excel Row 628
2026-06-30 21:21:30,180 - INFO - MainThread - Order: V4063007630
2026-06-30 21:21:30,180 - INFO - MainThread - Processing Excel Row 629
2026-06-30 21:21:30,181 - INFO - MainThread - Order: V4063007631
2026-06-30 21:21:30,181 - INFO - MainThread - Processing Excel Row 630
2026-06-30 21:21:30,182 - INFO - MainThread - Order: V4063007632
2026-06-30 21:21:30,182 - INFO - MainThread - Processing Excel Row 631
2026-06-30 21:21:30,183 - INFO - MainThread - Order: V4063007633
2026-06-30 21:21:30,183 - INFO - MainThread - Processing Excel Row 632
2026-06-30 21:21:30,184 - INFO - MainThread - Order: V4063007634
2026-06-30 21:21:30,184 - INFO - MainThread - Processing Excel Row 633
2026-06-30 21:21:30,185 - INFO - MainThread - Order: V4063007635
2026-06-30 21:21:30,185 - INFO - MainThread - Processing Excel Row 634
2026-06-30 21:21:30,185 - INFO - MainThread - Order: V4063007636
2026-06-30 21:21:30,185 - INFO - MainThread - Processing Excel Row 635
2026-06-30 21:21:30,186 - INFO - MainThread - Order: V4063007637
2026-06-30 21:21:30,186 - INFO - MainThread - Processing Excel Row 636
2026-06-30 21:21:30,187 - INFO - MainThread - Order: V4063007638
2026-06-30 21:21:30,187 - INFO - MainThread - Processing Excel Row 637
2026-06-30 21:21:30,188 - INFO - MainThread - Order: V4063007639
2026-06-30 21:21:30,188 - INFO - MainThread - Processing Excel Row 638
2026-06-30 21:21:30,189 - INFO - MainThread - Order: V4063007640
2026-06-30 21:21:30,189 - INFO - MainThread - Processing Excel Row 639
2026-06-30 21:21:30,190 - INFO - MainThread - Order: V4063007641
2026-06-30 21:21:30,190 - INFO - MainThread - Processing Excel Row 640
2026-06-30 21:21:30,190 - INFO - MainThread - Order: V4063007642
2026-06-30 21:21:30,190 - INFO - MainThread - Processing Excel Row 641
2026-06-30 21:21:30,191 - INFO - MainThread - Order: V4063007643
2026-06-30 21:21:30,191 - INFO - MainThread - Processing Excel Row 642
2026-06-30 21:21:30,192 - INFO - MainThread - Order: V4063007644
2026-06-30 21:21:30,192 - INFO - MainThread - Processing Excel Row 643
2026-06-30 21:21:30,193 - INFO - MainThread - Order: V4063007645
2026-06-30 21:21:30,193 - INFO - MainThread - Processing Excel Row 644
2026-06-30 21:21:30,193 - INFO - MainThread - Order: V4063007646
2026-06-30 21:21:30,193 - INFO - MainThread - Processing Excel Row 645
2026-06-30 21:21:30,194 - INFO - MainThread - Order: V4063007647
2026-06-30 21:21:30,194 - INFO - MainThread - Processing Excel Row 646
2026-06-30 21:21:30,195 - INFO - MainThread - Order: V4063007648
2026-06-30 21:21:30,195 - INFO - MainThread - Processing Excel Row 647
2026-06-30 21:21:30,195 - INFO - MainThread - Order: V4063007649
2026-06-30 21:21:30,195 - INFO - MainThread - Processing Excel Row 648
2026-06-30 21:21:30,196 - INFO - MainThread - Order: V4063007650
2026-06-30 21:21:30,196 - INFO - MainThread - Processing Excel Row 649
2026-06-30 21:21:30,197 - INFO - MainThread - Order: V4063007651
2026-06-30 21:21:30,197 - INFO - MainThread - Processing Excel Row 650
2026-06-30 21:21:30,198 - INFO - MainThread - Order: V4063007652
2026-06-30 21:21:30,198 - INFO - MainThread - Processing Excel Row 651
2026-06-30 21:21:30,198 - INFO - MainThread - Order: V4063007653
2026-06-30 21:21:30,198 - INFO - MainThread - Processing Excel Row 652
2026-06-30 21:21:30,199 - INFO - MainThread - Order: V4063007654
2026-06-30 21:21:30,199 - INFO - MainThread - Processing Excel Row 653
2026-06-30 21:21:30,200 - INFO - MainThread - Order: V4063007655
2026-06-30 21:21:30,200 - INFO - MainThread - Processing Excel Row 654
2026-06-30 21:21:30,200 - INFO - MainThread - Order: V4063007656
2026-06-30 21:21:30,200 - INFO - MainThread - Processing Excel Row 655
2026-06-30 21:21:30,201 - INFO - MainThread - Order: V4063007657
2026-06-30 21:21:30,201 - INFO - MainThread - Processing Excel Row 656
2026-06-30 21:21:30,202 - INFO - MainThread - Order: V4063007658
2026-06-30 21:21:30,202 - INFO - MainThread - Processing Excel Row 657
2026-06-30 21:21:30,203 - INFO - MainThread - Order: V4063007659
2026-06-30 21:21:30,203 - INFO - MainThread - Processing Excel Row 658
2026-06-30 21:21:30,204 - INFO - MainThread - Order: V4063007660
2026-06-30 21:21:30,204 - INFO - MainThread - Processing Excel Row 659
2026-06-30 21:21:30,205 - INFO - MainThread - Order: V4063007661
2026-06-30 21:21:30,205 - INFO - MainThread - Processing Excel Row 660
2026-06-30 21:21:30,206 - INFO - MainThread - Order: V4063007662
2026-06-30 21:21:30,206 - INFO - MainThread - Processing Excel Row 661
2026-06-30 21:21:30,207 - INFO - MainThread - Order: V4063007663
2026-06-30 21:21:30,207 - INFO - MainThread - Processing Excel Row 662
2026-06-30 21:21:30,208 - INFO - MainThread - Order: V4063007664
2026-06-30 21:21:30,208 - INFO - MainThread - Processing Excel Row 663
2026-06-30 21:21:30,209 - INFO - MainThread - Order: V4063007665
2026-06-30 21:21:30,209 - INFO - MainThread - Processing Excel Row 664
2026-06-30 21:21:30,210 - INFO - MainThread - Order: V4063007666
2026-06-30 21:21:30,210 - INFO - MainThread - Processing Excel Row 665
2026-06-30 21:21:30,211 - INFO - MainThread - Order: V4063007667
2026-06-30 21:21:30,211 - INFO - MainThread - Processing Excel Row 666
2026-06-30 21:21:30,212 - INFO - MainThread - Order: V4063007668
2026-06-30 21:21:30,212 - INFO - MainThread - Processing Excel Row 667
2026-06-30 21:21:30,213 - INFO - MainThread - Order: V4063007669
2026-06-30 21:21:30,213 - INFO - MainThread - Processing Excel Row 668
2026-06-30 21:21:30,214 - INFO - MainThread - Order: V4063007670
2026-06-30 21:21:30,214 - INFO - MainThread - Processing Excel Row 669
2026-06-30 21:21:30,215 - INFO - MainThread - Order: V4063007671
2026-06-30 21:21:30,215 - INFO - MainThread - Processing Excel Row 670
2026-06-30 21:21:30,215 - INFO - MainThread - Order: V4063007672
2026-06-30 21:21:30,216 - INFO - MainThread - Processing Excel Row 671
2026-06-30 21:21:30,216 - INFO - MainThread - Order: V4063007673
2026-06-30 21:21:30,216 - INFO - MainThread - Processing Excel Row 672
2026-06-30 21:21:30,217 - INFO - MainThread - Order: V4063007674
2026-06-30 21:21:30,217 - INFO - MainThread - Processing Excel Row 673
2026-06-30 21:21:30,218 - INFO - MainThread - Order: V4063007675
2026-06-30 21:21:30,218 - INFO - MainThread - Processing Excel Row 674
2026-06-30 21:21:30,219 - INFO - MainThread - Order: V4063007676
2026-06-30 21:21:30,219 - INFO - MainThread - Processing Excel Row 675
2026-06-30 21:21:30,220 - INFO - MainThread - Order: V4063007677
2026-06-30 21:21:30,220 - INFO - MainThread - Processing Excel Row 676
2026-06-30 21:21:30,221 - INFO - MainThread - Order: V4063007678
2026-06-30 21:21:30,221 - INFO - MainThread - Processing Excel Row 677
2026-06-30 21:21:30,222 - INFO - MainThread - Order: V4063007679
2026-06-30 21:21:30,222 - INFO - MainThread - Processing Excel Row 678
2026-06-30 21:21:30,223 - INFO - MainThread - Order: V4063007680
2026-06-30 21:21:30,223 - INFO - MainThread - Processing Excel Row 679
2026-06-30 21:21:30,224 - INFO - MainThread - Order: V4063007681
2026-06-30 21:21:30,224 - INFO - MainThread - Processing Excel Row 680
2026-06-30 21:21:30,225 - INFO - MainThread - Order: V4063007682
2026-06-30 21:21:30,225 - INFO - MainThread - Processing Excel Row 681
2026-06-30 21:21:30,226 - INFO - MainThread - Order: V4063007683
2026-06-30 21:21:30,226 - INFO - MainThread - Processing Excel Row 682
2026-06-30 21:21:30,227 - INFO - MainThread - Order: V4063007684
2026-06-30 21:21:30,227 - INFO - MainThread - Processing Excel Row 683
2026-06-30 21:21:30,228 - INFO - MainThread - Order: V4063007685
2026-06-30 21:21:30,228 - INFO - MainThread - Processing Excel Row 684
2026-06-30 21:21:30,229 - INFO - MainThread - Order: V4063007686
2026-06-30 21:21:30,229 - INFO - MainThread - Processing Excel Row 685
2026-06-30 21:21:30,229 - INFO - MainThread - Order: V4063007687
2026-06-30 21:21:30,230 - INFO - MainThread - Processing Excel Row 686
2026-06-30 21:21:30,230 - INFO - MainThread - Order: V4063007688
2026-06-30 21:21:30,230 - INFO - MainThread - Processing Excel Row 687
2026-06-30 21:21:30,231 - INFO - MainThread - Order: V4063007689
2026-06-30 21:21:30,231 - INFO - MainThread - Processing Excel Row 688
2026-06-30 21:21:30,232 - INFO - MainThread - Order: V4063007690
2026-06-30 21:21:30,232 - INFO - MainThread - Processing Excel Row 689
2026-06-30 21:21:30,233 - INFO - MainThread - Order: V4063007691
2026-06-30 21:21:30,233 - INFO - MainThread - Processing Excel Row 690
2026-06-30 21:21:30,234 - INFO - MainThread - Order: V4063007692
2026-06-30 21:21:30,234 - INFO - MainThread - Processing Excel Row 691
2026-06-30 21:21:30,235 - INFO - MainThread - Order: V4063007693
2026-06-30 21:21:30,235 - INFO - MainThread - Processing Excel Row 692
2026-06-30 21:21:30,236 - INFO - MainThread - Order: V4063007694
2026-06-30 21:21:30,237 - INFO - MainThread - Processing Excel Row 693
2026-06-30 21:21:30,238 - INFO - MainThread - Order: V4063007695
2026-06-30 21:21:30,238 - INFO - MainThread - Processing Excel Row 694
2026-06-30 21:21:30,239 - INFO - MainThread - Order: V4063007696
2026-06-30 21:21:30,239 - INFO - MainThread - Processing Excel Row 695
2026-06-30 21:21:30,240 - INFO - MainThread - Order: V4063007697
2026-06-30 21:21:30,240 - INFO - MainThread - Processing Excel Row 696
2026-06-30 21:21:30,240 - INFO - MainThread - Order: V4063007698
2026-06-30 21:21:30,241 - INFO - MainThread - Processing Excel Row 697
2026-06-30 21:21:30,241 - INFO - MainThread - Order: V4063007699
2026-06-30 21:21:30,241 - INFO - MainThread - Processing Excel Row 698
2026-06-30 21:21:30,242 - INFO - MainThread - Order: V4063007700
2026-06-30 21:21:30,242 - INFO - MainThread - Processing Excel Row 699
2026-06-30 21:21:30,243 - INFO - MainThread - Order: V4063007701
2026-06-30 21:21:30,243 - INFO - MainThread - Processing Excel Row 700
2026-06-30 21:21:30,244 - INFO - MainThread - Order: V4063007702
2026-06-30 21:21:30,245 - INFO - MainThread - Processing Excel Row 701
2026-06-30 21:21:30,246 - INFO - MainThread - Order: V4063007703
2026-06-30 21:21:30,246 - INFO - MainThread - Processing Excel Row 702
2026-06-30 21:21:30,247 - INFO - MainThread - Order: V4063007704
2026-06-30 21:21:30,247 - INFO - MainThread - Processing Excel Row 703
2026-06-30 21:21:30,248 - INFO - MainThread - Order: V4063007705
2026-06-30 21:21:30,248 - INFO - MainThread - Processing Excel Row 704
2026-06-30 21:21:30,249 - INFO - MainThread - Order: V4063007706
2026-06-30 21:21:30,249 - INFO - MainThread - Processing Excel Row 705
2026-06-30 21:21:30,250 - INFO - MainThread - Order: V4063007707
2026-06-30 21:21:30,250 - INFO - MainThread - Processing Excel Row 706
2026-06-30 21:21:30,251 - INFO - MainThread - Order: V4063007708
2026-06-30 21:21:30,251 - INFO - MainThread - Processing Excel Row 707
2026-06-30 21:21:30,251 - INFO - MainThread - Order: V4063007709
2026-06-30 21:21:30,251 - INFO - MainThread - Processing Excel Row 708
2026-06-30 21:21:30,253 - INFO - MainThread - Order: V4063007710
2026-06-30 21:21:30,253 - INFO - MainThread - Processing Excel Row 709
2026-06-30 21:21:30,254 - INFO - MainThread - Order: V4063007711
2026-06-30 21:21:30,254 - INFO - MainThread - Processing Excel Row 710
2026-06-30 21:21:30,255 - INFO - MainThread - Order: V4063007712
2026-06-30 21:21:30,255 - INFO - MainThread - Processing Excel Row 711
2026-06-30 21:21:30,256 - INFO - MainThread - Order: V4063007713
2026-06-30 21:21:30,256 - INFO - MainThread - Processing Excel Row 712
2026-06-30 21:21:30,257 - INFO - MainThread - Order: V4063007714
2026-06-30 21:21:30,257 - INFO - MainThread - Processing Excel Row 713
2026-06-30 21:21:30,258 - INFO - MainThread - Order: V4063007715
2026-06-30 21:21:30,258 - INFO - MainThread - Processing Excel Row 714
2026-06-30 21:21:30,259 - INFO - MainThread - Order: V4063007716
2026-06-30 21:21:30,259 - INFO - MainThread - Processing Excel Row 715
2026-06-30 21:21:30,260 - INFO - MainThread - Order: V4063007717
2026-06-30 21:21:30,260 - INFO - MainThread - Processing Excel Row 716
2026-06-30 21:21:30,261 - INFO - MainThread - Order: V4063007718
2026-06-30 21:21:30,261 - INFO - MainThread - Processing Excel Row 717
2026-06-30 21:21:30,262 - INFO - MainThread - Order: V4063007719
2026-06-30 21:21:30,262 - INFO - MainThread - Processing Excel Row 718
2026-06-30 21:21:30,263 - INFO - MainThread - Order: V4063007720
2026-06-30 21:21:30,263 - INFO - MainThread - Processing Excel Row 719
2026-06-30 21:21:30,264 - INFO - MainThread - Order: V4063007721
2026-06-30 21:21:30,264 - INFO - MainThread - Processing Excel Row 720
2026-06-30 21:21:30,265 - INFO - MainThread - Order: V4063007722
2026-06-30 21:21:30,265 - INFO - MainThread - Processing Excel Row 721
2026-06-30 21:21:30,266 - INFO - MainThread - Order: V4063007723
2026-06-30 21:21:30,266 - INFO - MainThread - Processing Excel Row 722
2026-06-30 21:21:30,267 - INFO - MainThread - Order: V4063007724
2026-06-30 21:21:30,267 - INFO - MainThread - Processing Excel Row 723
2026-06-30 21:21:30,268 - INFO - MainThread - Order: V4063007725
2026-06-30 21:21:30,268 - INFO - MainThread - Processing Excel Row 724
2026-06-30 21:21:30,269 - INFO - MainThread - Order: V4063007726
2026-06-30 21:21:30,269 - INFO - MainThread - Processing Excel Row 725
2026-06-30 21:21:30,270 - INFO - MainThread - Order: V4063007727
2026-06-30 21:21:30,270 - INFO - MainThread - Processing Excel Row 726
2026-06-30 21:21:30,271 - INFO - MainThread - Order: V4063007728
2026-06-30 21:21:30,271 - INFO - MainThread - Processing Excel Row 727
2026-06-30 21:21:30,272 - INFO - MainThread - Order: V4063007729
2026-06-30 21:21:30,272 - INFO - MainThread - Processing Excel Row 728
2026-06-30 21:21:30,273 - INFO - MainThread - Order: V4063007730
2026-06-30 21:21:30,273 - INFO - MainThread - Processing Excel Row 729
2026-06-30 21:21:30,274 - INFO - MainThread - Order: V4063007731
2026-06-30 21:21:30,274 - INFO - MainThread - Processing Excel Row 730
2026-06-30 21:21:30,275 - INFO - MainThread - Order: V4063007732
2026-06-30 21:21:30,275 - INFO - MainThread - Processing Excel Row 731
2026-06-30 21:21:30,276 - INFO - MainThread - Order: V4063007733
2026-06-30 21:21:30,276 - INFO - MainThread - Processing Excel Row 732
2026-06-30 21:21:30,277 - INFO - MainThread - Order: V4063007734
2026-06-30 21:21:30,277 - INFO - MainThread - Processing Excel Row 733
2026-06-30 21:21:30,278 - INFO - MainThread - Order: V4063007735
2026-06-30 21:21:30,278 - INFO - MainThread - Processing Excel Row 734
2026-06-30 21:21:30,279 - INFO - MainThread - Order: V4063007736
2026-06-30 21:21:30,279 - INFO - MainThread - Processing Excel Row 735
2026-06-30 21:21:30,280 - INFO - MainThread - Order: V4063007737
2026-06-30 21:21:30,281 - INFO - MainThread - Processing Excel Row 736
2026-06-30 21:21:30,282 - INFO - MainThread - Order: V4063007738
2026-06-30 21:21:30,283 - INFO - MainThread - Processing Excel Row 737
2026-06-30 21:21:30,283 - INFO - MainThread - Order: V4063007739
2026-06-30 21:21:30,283 - INFO - MainThread - Processing Excel Row 738
2026-06-30 21:21:30,284 - INFO - MainThread - Order: V4063007740
2026-06-30 21:21:30,284 - INFO - MainThread - Processing Excel Row 739
2026-06-30 21:21:30,285 - INFO - MainThread - Order: V4063007741
2026-06-30 21:21:30,285 - INFO - MainThread - Processing Excel Row 740
2026-06-30 21:21:30,286 - INFO - MainThread - Order: V4063007742
2026-06-30 21:21:30,286 - INFO - MainThread - Processing Excel Row 741
2026-06-30 21:21:30,287 - INFO - MainThread - Order: V4063007743
2026-06-30 21:21:30,287 - INFO - MainThread - Processing Excel Row 742
2026-06-30 21:21:30,288 - INFO - MainThread - Order: V4063007744
2026-06-30 21:21:30,289 - INFO - MainThread - Processing Excel Row 743
2026-06-30 21:21:30,290 - INFO - MainThread - Order: V4063007745
2026-06-30 21:21:30,290 - INFO - MainThread - Processing Excel Row 744
2026-06-30 21:21:30,291 - INFO - MainThread - Order: V4063007746
2026-06-30 21:21:30,291 - INFO - MainThread - Processing Excel Row 745
2026-06-30 21:21:30,292 - INFO - MainThread - Order: V4063007747
2026-06-30 21:21:30,292 - INFO - MainThread - Processing Excel Row 746
2026-06-30 21:21:30,293 - INFO - MainThread - Order: V4063007748
2026-06-30 21:21:30,293 - INFO - MainThread - Processing Excel Row 747
2026-06-30 21:21:30,294 - INFO - MainThread - Order: V4063007749
2026-06-30 21:21:30,294 - INFO - MainThread - Processing Excel Row 748
2026-06-30 21:21:30,295 - INFO - MainThread - Order: V4063007750
2026-06-30 21:21:30,295 - INFO - MainThread - Processing Excel Row 749
2026-06-30 21:21:30,296 - INFO - MainThread - Order: V4063007751
2026-06-30 21:21:30,296 - INFO - MainThread - Processing Excel Row 750
2026-06-30 21:21:30,297 - INFO - MainThread - Order: V4063007752
2026-06-30 21:21:30,297 - INFO - MainThread - Processing Excel Row 751
2026-06-30 21:21:30,298 - INFO - MainThread - Order: V4063007753
2026-06-30 21:21:30,298 - INFO - MainThread - Processing Excel Row 752
2026-06-30 21:21:30,299 - INFO - MainThread - Order: V4063007754
2026-06-30 21:21:30,299 - INFO - MainThread - Processing Excel Row 753
2026-06-30 21:21:30,300 - INFO - MainThread - Order: V4063007755
2026-06-30 21:21:30,300 - INFO - MainThread - Processing Excel Row 754
2026-06-30 21:21:30,301 - INFO - MainThread - Order: V4063007756
2026-06-30 21:21:30,301 - INFO - MainThread - Processing Excel Row 755
2026-06-30 21:21:30,301 - INFO - MainThread - Order: V4063007757
2026-06-30 21:21:30,302 - INFO - MainThread - Processing Excel Row 756
2026-06-30 21:21:30,302 - INFO - MainThread - Order: V4063007758
2026-06-30 21:21:30,302 - INFO - MainThread - Processing Excel Row 757
2026-06-30 21:21:30,303 - INFO - MainThread - Order: V4063007759
2026-06-30 21:21:30,303 - INFO - MainThread - Processing Excel Row 758
2026-06-30 21:21:30,304 - INFO - MainThread - Order: V4063007760
2026-06-30 21:21:30,304 - INFO - MainThread - Processing Excel Row 759
2026-06-30 21:21:30,305 - INFO - MainThread - Order: V4063007761
2026-06-30 21:21:30,305 - INFO - MainThread - Processing Excel Row 760
2026-06-30 21:21:30,306 - INFO - MainThread - Order: V4063007762
2026-06-30 21:21:30,306 - INFO - MainThread - Processing Excel Row 761
2026-06-30 21:21:30,307 - INFO - MainThread - Order: V4063007763
2026-06-30 21:21:30,307 - INFO - MainThread - Processing Excel Row 762
2026-06-30 21:21:30,308 - INFO - MainThread - Order: V4063007764
2026-06-30 21:21:30,308 - INFO - MainThread - Processing Excel Row 763
2026-06-30 21:21:30,309 - INFO - MainThread - Order: V4063007765
2026-06-30 21:21:30,309 - INFO - MainThread - Processing Excel Row 764
2026-06-30 21:21:30,309 - INFO - MainThread - Order: V4063007766
2026-06-30 21:21:30,309 - INFO - MainThread - Processing Excel Row 765
2026-06-30 21:21:30,310 - INFO - MainThread - Order: V4063007767
2026-06-30 21:21:30,311 - INFO - MainThread - Processing Excel Row 766
2026-06-30 21:21:30,312 - INFO - MainThread - Order: V4063007768
2026-06-30 21:21:30,312 - INFO - MainThread - Processing Excel Row 767
2026-06-30 21:21:30,313 - INFO - MainThread - Order: V4063007769
2026-06-30 21:21:30,313 - INFO - MainThread - Processing Excel Row 768
2026-06-30 21:21:30,314 - INFO - MainThread - Order: V4063007770
2026-06-30 21:21:30,314 - INFO - MainThread - Processing Excel Row 769
2026-06-30 21:21:30,315 - INFO - MainThread - Order: V4063007771
2026-06-30 21:21:30,315 - INFO - MainThread - Processing Excel Row 770
2026-06-30 21:21:30,316 - INFO - MainThread - Order: V4063007772
2026-06-30 21:21:30,316 - INFO - MainThread - Processing Excel Row 771
2026-06-30 21:21:30,316 - INFO - MainThread - Order: V4063007773
2026-06-30 21:21:30,316 - INFO - MainThread - Processing Excel Row 772
2026-06-30 21:21:30,317 - INFO - MainThread - Order: V4063007774
2026-06-30 21:21:30,317 - INFO - MainThread - Processing Excel Row 773
2026-06-30 21:21:30,318 - INFO - MainThread - Order: V4063007775
2026-06-30 21:21:30,318 - INFO - MainThread - Processing Excel Row 774
2026-06-30 21:21:30,319 - INFO - MainThread - Order: V4063007776
2026-06-30 21:21:30,319 - INFO - MainThread - Processing Excel Row 775
2026-06-30 21:21:30,320 - INFO - MainThread - Order: V4063007777
2026-06-30 21:21:30,320 - INFO - MainThread - Processing Excel Row 776
2026-06-30 21:21:30,320 - INFO - MainThread - Order: V4063007778
2026-06-30 21:21:30,320 - INFO - MainThread - Processing Excel Row 777
2026-06-30 21:21:30,321 - INFO - MainThread - Order: V4063007779
2026-06-30 21:21:30,321 - INFO - MainThread - Processing Excel Row 778
2026-06-30 21:21:30,322 - INFO - MainThread - Order: V4063007780
2026-06-30 21:21:30,322 - INFO - MainThread - Processing Excel Row 779
2026-06-30 21:21:30,323 - INFO - MainThread - Order: V4063007781
2026-06-30 21:21:30,323 - INFO - MainThread - Processing Excel Row 780
2026-06-30 21:21:30,324 - INFO - MainThread - Order: V4063007782
2026-06-30 21:21:30,324 - INFO - MainThread - Processing Excel Row 781
2026-06-30 21:21:30,324 - INFO - MainThread - Order: V4063007783
2026-06-30 21:21:30,324 - INFO - MainThread - Processing Excel Row 782
2026-06-30 21:21:30,325 - INFO - MainThread - Order: V4063007784
2026-06-30 21:21:30,325 - INFO - MainThread - Processing Excel Row 783
2026-06-30 21:21:30,326 - INFO - MainThread - Order: V4063007785
2026-06-30 21:21:30,326 - INFO - MainThread - Processing Excel Row 784
2026-06-30 21:21:30,326 - INFO - MainThread - Order: V4063007786
2026-06-30 21:21:30,327 - INFO - MainThread - Processing Excel Row 785
2026-06-30 21:21:30,327 - INFO - MainThread - Order: V4063007787
2026-06-30 21:21:30,345 - INFO - MainThread - Processing Excel Row 786
2026-06-30 21:21:30,347 - INFO - MainThread - Order: V4063007788
2026-06-30 21:21:30,347 - INFO - MainThread - Processing Excel Row 787
2026-06-30 21:21:30,348 - INFO - MainThread - Order: V4063007789
2026-06-30 21:21:30,348 - INFO - MainThread - Processing Excel Row 788
2026-06-30 21:21:30,349 - INFO - MainThread - Order: V4063007790
2026-06-30 21:21:30,349 - INFO - MainThread - Processing Excel Row 789
2026-06-30 21:21:30,350 - INFO - MainThread - Order: V4063007791
2026-06-30 21:21:30,350 - INFO - MainThread - Processing Excel Row 790
2026-06-30 21:21:30,351 - INFO - MainThread - Order: V4063007792
2026-06-30 21:21:30,351 - INFO - MainThread - Processing Excel Row 791
2026-06-30 21:21:30,351 - INFO - MainThread - Order: V4063007793
2026-06-30 21:21:30,351 - INFO - MainThread - Processing Excel Row 792
2026-06-30 21:21:30,352 - INFO - MainThread - Order: V4063007794
2026-06-30 21:21:30,352 - INFO - MainThread - Processing Excel Row 793
2026-06-30 21:21:30,353 - INFO - MainThread - Order: V4063007795
2026-06-30 21:21:30,353 - INFO - MainThread - Processing Excel Row 794
2026-06-30 21:21:30,354 - INFO - MainThread - Order: V4063007796
2026-06-30 21:21:30,354 - INFO - MainThread - Processing Excel Row 795
2026-06-30 21:21:30,354 - INFO - MainThread - Order: V4063007797
2026-06-30 21:21:30,354 - INFO - MainThread - Processing Excel Row 796
2026-06-30 21:21:30,355 - INFO - MainThread - Order: V4063007798
2026-06-30 21:21:30,355 - INFO - MainThread - Processing Excel Row 797
2026-06-30 21:21:30,356 - INFO - MainThread - Order: V4063007799
2026-06-30 21:21:30,356 - INFO - MainThread - Processing Excel Row 798
2026-06-30 21:21:30,357 - INFO - MainThread - Order: V4063007800
2026-06-30 21:21:30,357 - INFO - MainThread - Processing Excel Row 799
2026-06-30 21:21:30,358 - INFO - MainThread - Order: V4063007801
2026-06-30 21:21:30,358 - INFO - MainThread - Processing Excel Row 800
2026-06-30 21:21:30,359 - INFO - MainThread - Order: V4063007802
2026-06-30 21:21:30,359 - INFO - MainThread - Processing Excel Row 801
2026-06-30 21:21:30,360 - INFO - MainThread - Order: V4063007803
2026-06-30 21:21:30,360 - INFO - MainThread - Processing Excel Row 802
2026-06-30 21:21:30,361 - INFO - MainThread - Order: V4063007804
2026-06-30 21:21:30,361 - INFO - MainThread - Processing Excel Row 803
2026-06-30 21:21:30,362 - INFO - MainThread - Order: V4063007805
2026-06-30 21:21:30,362 - INFO - MainThread - Processing Excel Row 804
2026-06-30 21:21:30,362 - INFO - MainThread - Order: V4063007806
2026-06-30 21:21:30,362 - INFO - MainThread - Processing Excel Row 805
2026-06-30 21:21:30,363 - INFO - MainThread - Order: V4063007807
2026-06-30 21:21:30,363 - INFO - MainThread - Processing Excel Row 806
2026-06-30 21:21:30,364 - INFO - MainThread - Order: V4063007808
2026-06-30 21:21:30,364 - INFO - MainThread - Processing Excel Row 807
2026-06-30 21:21:30,365 - INFO - MainThread - Order: V4063007809
2026-06-30 21:21:30,365 - INFO - MainThread - Processing Excel Row 808
2026-06-30 21:21:30,365 - INFO - MainThread - Order: V4063007810
2026-06-30 21:21:30,366 - INFO - MainThread - Processing Excel Row 809
2026-06-30 21:21:30,366 - INFO - MainThread - Order: V4063007811
2026-06-30 21:21:30,366 - INFO - MainThread - Processing Excel Row 810
2026-06-30 21:21:30,367 - INFO - MainThread - Order: V4063007812
2026-06-30 21:21:30,367 - INFO - MainThread - Processing Excel Row 811
2026-06-30 21:21:30,368 - INFO - MainThread - Order: V4063007813
2026-06-30 21:21:30,368 - INFO - MainThread - Processing Excel Row 812
2026-06-30 21:21:30,368 - INFO - MainThread - Order: V4063007814
2026-06-30 21:21:30,368 - INFO - MainThread - Processing Excel Row 813
2026-06-30 21:21:30,369 - INFO - MainThread - Order: V4063007815
2026-06-30 21:21:30,369 - INFO - MainThread - Processing Excel Row 814
2026-06-30 21:21:30,370 - INFO - MainThread - Order: V4063007816
2026-06-30 21:21:30,370 - INFO - MainThread - Processing Excel Row 815
2026-06-30 21:21:30,371 - INFO - MainThread - Order: V4063007817
2026-06-30 21:21:30,371 - INFO - MainThread - Processing Excel Row 816
2026-06-30 21:21:30,371 - INFO - MainThread - Order: V4063007818
2026-06-30 21:21:30,371 - INFO - MainThread - Processing Excel Row 817
2026-06-30 21:21:30,372 - INFO - MainThread - Order: V4063007819
2026-06-30 21:21:30,372 - INFO - MainThread - Processing Excel Row 818
2026-06-30 21:21:30,373 - INFO - MainThread - Order: V4063007820
2026-06-30 21:21:30,373 - INFO - MainThread - Processing Excel Row 819
2026-06-30 21:21:30,373 - INFO - MainThread - Order: V4063007821
2026-06-30 21:21:30,373 - INFO - MainThread - Processing Excel Row 820
2026-06-30 21:21:30,374 - INFO - MainThread - Order: V4063007822
2026-06-30 21:21:30,374 - INFO - MainThread - Processing Excel Row 821
2026-06-30 21:21:30,375 - INFO - MainThread - Order: V4063007823
2026-06-30 21:21:30,375 - INFO - MainThread - Processing Excel Row 822
2026-06-30 21:21:30,376 - INFO - MainThread - Order: V4063007824
2026-06-30 21:21:30,376 - INFO - MainThread - Processing Excel Row 823
2026-06-30 21:21:30,377 - INFO - MainThread - Order: V4063007825
2026-06-30 21:21:30,377 - INFO - MainThread - Processing Excel Row 824
2026-06-30 21:21:30,377 - INFO - MainThread - Order: V4063007826
2026-06-30 21:21:30,377 - INFO - MainThread - Processing Excel Row 825
2026-06-30 21:21:30,378 - INFO - MainThread - Order: V4063007827
2026-06-30 21:21:30,378 - INFO - MainThread - Processing Excel Row 826
2026-06-30 21:21:30,379 - INFO - MainThread - Order: V4063007828
2026-06-30 21:21:30,379 - INFO - MainThread - Processing Excel Row 827
2026-06-30 21:21:30,380 - INFO - MainThread - Order: V4063007829
2026-06-30 21:21:30,380 - INFO - MainThread - Processing Excel Row 828
2026-06-30 21:21:30,381 - INFO - MainThread - Order: V4063007830
2026-06-30 21:21:30,381 - INFO - MainThread - Processing Excel Row 829
2026-06-30 21:21:30,382 - INFO - MainThread - Order: V4063007831
2026-06-30 21:21:30,382 - INFO - MainThread - Processing Excel Row 830
2026-06-30 21:21:30,383 - INFO - MainThread - Order: V4063007832
2026-06-30 21:21:30,383 - INFO - MainThread - Processing Excel Row 831
2026-06-30 21:21:30,383 - INFO - MainThread - Order: V4063007833
2026-06-30 21:21:30,383 - INFO - MainThread - Processing Excel Row 832
2026-06-30 21:21:30,384 - INFO - MainThread - Order: V4063007834
2026-06-30 21:21:30,384 - INFO - MainThread - Processing Excel Row 833
2026-06-30 21:21:30,385 - INFO - MainThread - Order: V4063007835
2026-06-30 21:21:30,385 - INFO - MainThread - Processing Excel Row 834
2026-06-30 21:21:30,386 - INFO - MainThread - Order: V4063007836
2026-06-30 21:21:30,386 - INFO - MainThread - Processing Excel Row 835
2026-06-30 21:21:30,386 - INFO - MainThread - Order: V4063007837
2026-06-30 21:21:30,386 - INFO - MainThread - Processing Excel Row 836
2026-06-30 21:21:30,387 - INFO - MainThread - Order: V4063007838
2026-06-30 21:21:30,387 - INFO - MainThread - Processing Excel Row 837
2026-06-30 21:21:30,388 - INFO - MainThread - Order: V4063007839
2026-06-30 21:21:30,388 - INFO - MainThread - Processing Excel Row 838
2026-06-30 21:21:30,389 - INFO - MainThread - Order: V4063007840
2026-06-30 21:21:30,389 - INFO - MainThread - Processing Excel Row 839
2026-06-30 21:21:30,389 - INFO - MainThread - Order: V4063007841
2026-06-30 21:21:30,389 - INFO - MainThread - Processing Excel Row 840
2026-06-30 21:21:30,390 - INFO - MainThread - Order: V4063007842
2026-06-30 21:21:30,390 - INFO - MainThread - Processing Excel Row 841
2026-06-30 21:21:30,391 - INFO - MainThread - Order: V4063007843
2026-06-30 21:21:30,391 - INFO - MainThread - Processing Excel Row 842
2026-06-30 21:21:30,391 - INFO - MainThread - Order: V4063007844
2026-06-30 21:21:30,392 - INFO - MainThread - Processing Excel Row 843
2026-06-30 21:21:30,392 - INFO - MainThread - Order: V4063007845
2026-06-30 21:21:30,392 - INFO - MainThread - Processing Excel Row 844
2026-06-30 21:21:30,393 - INFO - MainThread - Order: V4063007846
2026-06-30 21:21:30,393 - INFO - MainThread - Processing Excel Row 845
2026-06-30 21:21:30,394 - INFO - MainThread - Order: V4063007847
2026-06-30 21:21:30,394 - INFO - MainThread - Processing Excel Row 846
2026-06-30 21:21:30,397 - INFO - MainThread - Order: V4063007848
2026-06-30 21:21:30,397 - INFO - MainThread - Processing Excel Row 847
2026-06-30 21:21:30,398 - INFO - MainThread - Order: V4063007849
2026-06-30 21:21:30,398 - INFO - MainThread - Processing Excel Row 848
2026-06-30 21:21:30,399 - INFO - MainThread - Order: V4063007850
2026-06-30 21:21:30,399 - INFO - MainThread - Processing Excel Row 849
2026-06-30 21:21:30,400 - INFO - MainThread - Order: V4063007851
2026-06-30 21:21:30,400 - INFO - MainThread - Processing Excel Row 850
2026-06-30 21:21:30,401 - INFO - MainThread - Order: V4063007852
2026-06-30 21:21:30,401 - INFO - MainThread - Processing Excel Row 851
2026-06-30 21:21:30,402 - INFO - MainThread - Order: V4063007853
2026-06-30 21:21:30,402 - INFO - MainThread - Processing Excel Row 852
2026-06-30 21:21:30,402 - INFO - MainThread - Order: V4063007854
2026-06-30 21:21:30,402 - INFO - MainThread - Processing Excel Row 853
2026-06-30 21:21:30,403 - INFO - MainThread - Order: V4063007855
2026-06-30 21:21:30,403 - INFO - MainThread - Processing Excel Row 854
2026-06-30 21:21:30,404 - INFO - MainThread - Order: V4063007856
2026-06-30 21:21:30,404 - INFO - MainThread - Processing Excel Row 855
2026-06-30 21:21:30,404 - INFO - MainThread - Order: V4063007857
2026-06-30 21:21:30,405 - INFO - MainThread - Processing Excel Row 856
2026-06-30 21:21:30,405 - INFO - MainThread - Order: V4063007858
2026-06-30 21:21:30,405 - INFO - MainThread - Processing Excel Row 857
2026-06-30 21:21:30,406 - INFO - MainThread - Order: V4063007859
2026-06-30 21:21:30,406 - INFO - MainThread - Processing Excel Row 858
2026-06-30 21:21:30,407 - INFO - MainThread - Order: V4063007860
2026-06-30 21:21:30,407 - INFO - MainThread - Processing Excel Row 859
2026-06-30 21:21:30,408 - INFO - MainThread - Order: V4063007861
2026-06-30 21:21:30,408 - INFO - MainThread - Processing Excel Row 860
2026-06-30 21:21:30,408 - INFO - MainThread - Order: V4063007862
2026-06-30 21:21:30,408 - INFO - MainThread - Processing Excel Row 861
2026-06-30 21:21:30,409 - INFO - MainThread - Order: V4063007863
2026-06-30 21:21:30,409 - INFO - MainThread - Processing Excel Row 862
2026-06-30 21:21:30,410 - INFO - MainThread - Order: V4063007864
2026-06-30 21:21:30,410 - INFO - MainThread - Processing Excel Row 863
2026-06-30 21:21:30,410 - INFO - MainThread - Order: V4063007865
2026-06-30 21:21:30,411 - INFO - MainThread - Processing Excel Row 864
2026-06-30 21:21:30,411 - INFO - MainThread - Order: V4063007866
2026-06-30 21:21:30,411 - INFO - MainThread - Processing Excel Row 865
2026-06-30 21:21:30,412 - INFO - MainThread - Order: V4063007867
2026-06-30 21:21:30,412 - INFO - MainThread - Processing Excel Row 866
2026-06-30 21:21:30,413 - INFO - MainThread - Order: V4063007868
2026-06-30 21:21:30,413 - INFO - MainThread - Processing Excel Row 867
2026-06-30 21:21:30,413 - INFO - MainThread - Order: V4063007869
2026-06-30 21:21:30,413 - INFO - MainThread - Processing Excel Row 868
2026-06-30 21:21:30,414 - INFO - MainThread - Order: V4063007870
2026-06-30 21:21:30,414 - INFO - MainThread - Processing Excel Row 869
2026-06-30 21:21:30,415 - INFO - MainThread - Order: V4063007871
2026-06-30 21:21:30,415 - INFO - MainThread - Processing Excel Row 870
2026-06-30 21:21:30,416 - INFO - MainThread - Order: V4063007872
2026-06-30 21:21:30,416 - INFO - MainThread - Processing Excel Row 871
2026-06-30 21:21:30,416 - INFO - MainThread - Order: V4063007873
2026-06-30 21:21:30,416 - INFO - MainThread - Processing Excel Row 872
2026-06-30 21:21:30,417 - INFO - MainThread - Order: V4063007874
2026-06-30 21:21:30,417 - INFO - MainThread - Processing Excel Row 873
2026-06-30 21:21:30,418 - INFO - MainThread - Order: V4063007875
2026-06-30 21:21:30,418 - INFO - MainThread - Processing Excel Row 874
2026-06-30 21:21:30,418 - INFO - MainThread - Order: V4063007876
2026-06-30 21:21:30,418 - INFO - MainThread - Processing Excel Row 875
2026-06-30 21:21:30,419 - INFO - MainThread - Order: V4063007877
2026-06-30 21:21:30,419 - INFO - MainThread - Processing Excel Row 876
2026-06-30 21:21:30,420 - INFO - MainThread - Order: V4063007878
2026-06-30 21:21:30,420 - INFO - MainThread - Processing Excel Row 877
2026-06-30 21:21:30,421 - INFO - MainThread - Order: V4063007879
2026-06-30 21:21:30,421 - INFO - MainThread - Processing Excel Row 878
2026-06-30 21:21:30,422 - INFO - MainThread - Order: V4063007880
2026-06-30 21:21:30,422 - INFO - MainThread - Processing Excel Row 879
2026-06-30 21:21:30,423 - INFO - MainThread - Order: V4063007881
2026-06-30 21:21:30,423 - INFO - MainThread - Processing Excel Row 880
2026-06-30 21:21:30,424 - INFO - MainThread - Order: V4063007882
2026-06-30 21:21:30,424 - INFO - MainThread - Processing Excel Row 881
2026-06-30 21:21:30,425 - INFO - MainThread - Order: V4063007883
2026-06-30 21:21:30,425 - INFO - MainThread - Processing Excel Row 882
2026-06-30 21:21:30,426 - INFO - MainThread - Order: V4063007884
2026-06-30 21:21:30,426 - INFO - MainThread - Processing Excel Row 883
2026-06-30 21:21:30,426 - INFO - MainThread - Order: V4063007885
2026-06-30 21:21:30,426 - INFO - MainThread - Processing Excel Row 884
2026-06-30 21:21:30,427 - INFO - MainThread - Order: V4063007886
2026-06-30 21:21:30,427 - INFO - MainThread - Processing Excel Row 885
2026-06-30 21:21:30,428 - INFO - MainThread - Order: V4063007887
2026-06-30 21:21:30,428 - INFO - MainThread - Processing Excel Row 886
2026-06-30 21:21:30,428 - INFO - MainThread - Order: V4063007888
2026-06-30 21:21:30,429 - INFO - MainThread - Processing Excel Row 887
2026-06-30 21:21:30,429 - INFO - MainThread - Order: V4063007889
2026-06-30 21:21:30,429 - INFO - MainThread - Processing Excel Row 888
2026-06-30 21:21:30,430 - INFO - MainThread - Order: V4063007890
2026-06-30 21:21:30,430 - INFO - MainThread - Processing Excel Row 889
2026-06-30 21:21:30,431 - INFO - MainThread - Order: V4063007891
2026-06-30 21:21:30,431 - INFO - MainThread - Processing Excel Row 890
2026-06-30 21:21:30,432 - INFO - MainThread - Order: V4063007892
2026-06-30 21:21:30,432 - INFO - MainThread - Processing Excel Row 891
2026-06-30 21:21:30,432 - INFO - MainThread - Order: V4063007893
2026-06-30 21:21:30,432 - INFO - MainThread - Processing Excel Row 892
2026-06-30 21:21:30,433 - INFO - MainThread - Order: V4063007894
2026-06-30 21:21:30,433 - INFO - MainThread - Processing Excel Row 893
2026-06-30 21:21:30,434 - INFO - MainThread - Order: V4063007895
2026-06-30 21:21:30,434 - INFO - MainThread - Processing Excel Row 894
2026-06-30 21:21:30,435 - INFO - MainThread - Order: V4063007896
2026-06-30 21:21:30,435 - INFO - MainThread - Processing Excel Row 895
2026-06-30 21:21:30,435 - INFO - MainThread - Order: V4063007897
2026-06-30 21:21:30,435 - INFO - MainThread - Processing Excel Row 896
2026-06-30 21:21:30,436 - INFO - MainThread - Order: V4063007898
2026-06-30 21:21:30,436 - INFO - MainThread - Processing Excel Row 897
2026-06-30 21:21:30,437 - INFO - MainThread - Order: V4063007899
2026-06-30 21:21:30,437 - INFO - MainThread - Processing Excel Row 898
2026-06-30 21:21:30,437 - INFO - MainThread - Order: V4063007900
2026-06-30 21:21:30,437 - INFO - MainThread - Processing Excel Row 899
2026-06-30 21:21:30,438 - INFO - MainThread - Order: V4063007901
2026-06-30 21:21:30,438 - INFO - MainThread - Processing Excel Row 900
2026-06-30 21:21:30,439 - INFO - MainThread - Order: V4063007902
2026-06-30 21:21:30,439 - INFO - MainThread - Processing Excel Row 901
2026-06-30 21:21:30,440 - INFO - MainThread - Order: V4063007903
2026-06-30 21:21:30,440 - INFO - MainThread - Processing Excel Row 902
2026-06-30 21:21:30,441 - INFO - MainThread - Order: V4063007904
2026-06-30 21:21:30,441 - INFO - MainThread - Processing Excel Row 903
2026-06-30 21:21:30,442 - INFO - MainThread - Order: V4063007905
2026-06-30 21:21:30,442 - INFO - MainThread - Processing Excel Row 904
2026-06-30 21:21:30,443 - INFO - MainThread - Order: V4063007906
2026-06-30 21:21:30,443 - INFO - MainThread - Processing Excel Row 905
2026-06-30 21:21:30,444 - INFO - MainThread - Order: V4063007907
2026-06-30 21:21:30,444 - INFO - MainThread - Processing Excel Row 906
2026-06-30 21:21:30,445 - INFO - MainThread - Order: V4063007908
2026-06-30 21:21:30,445 - INFO - MainThread - Processing Excel Row 907
2026-06-30 21:21:30,445 - INFO - MainThread - Order: V4063007909
2026-06-30 21:21:30,445 - INFO - MainThread - Processing Excel Row 908
2026-06-30 21:21:30,446 - INFO - MainThread - Order: V4063007910
2026-06-30 21:21:30,446 - INFO - MainThread - Processing Excel Row 909
2026-06-30 21:21:30,447 - INFO - MainThread - Order: V4063007911
2026-06-30 21:21:30,447 - INFO - MainThread - Processing Excel Row 910
2026-06-30 21:21:30,448 - INFO - MainThread - Order: V4063007912
2026-06-30 21:21:30,448 - INFO - MainThread - Processing Excel Row 911
2026-06-30 21:21:30,449 - INFO - MainThread - Order: V4063007913
2026-06-30 21:21:30,449 - INFO - MainThread - Processing Excel Row 912
2026-06-30 21:21:30,449 - INFO - MainThread - Order: V4063007914
2026-06-30 21:21:30,449 - INFO - MainThread - Processing Excel Row 913
2026-06-30 21:21:30,450 - INFO - MainThread - Order: V4063007915
2026-06-30 21:21:30,450 - INFO - MainThread - Processing Excel Row 914
2026-06-30 21:21:30,451 - INFO - MainThread - Order: V4063007916
2026-06-30 21:21:30,451 - INFO - MainThread - Processing Excel Row 915
2026-06-30 21:21:30,452 - INFO - MainThread - Order: V4063007917
2026-06-30 21:21:30,452 - INFO - MainThread - Processing Excel Row 916
2026-06-30 21:21:30,452 - INFO - MainThread - Order: V4063007918
2026-06-30 21:21:30,452 - INFO - MainThread - Processing Excel Row 917
2026-06-30 21:21:30,453 - INFO - MainThread - Order: V4063007919
2026-06-30 21:21:30,453 - INFO - MainThread - Processing Excel Row 918
2026-06-30 21:21:30,454 - INFO - MainThread - Order: V4063007920
2026-06-30 21:21:30,454 - INFO - MainThread - Processing Excel Row 919
2026-06-30 21:21:30,455 - INFO - MainThread - Order: V4063007921
2026-06-30 21:21:30,455 - INFO - MainThread - Processing Excel Row 920
2026-06-30 21:21:30,456 - INFO - MainThread - Order: V4063007922
2026-06-30 21:21:30,456 - INFO - MainThread - Processing Excel Row 921
2026-06-30 21:21:30,456 - INFO - MainThread - Order: V4063007923
2026-06-30 21:21:30,456 - INFO - MainThread - Processing Excel Row 922
2026-06-30 21:21:30,457 - INFO - MainThread - Order: V4063007924
2026-06-30 21:21:30,457 - INFO - MainThread - Processing Excel Row 923
2026-06-30 21:21:30,458 - INFO - MainThread - Order: V4063007925
2026-06-30 21:21:30,458 - INFO - MainThread - Processing Excel Row 924
2026-06-30 21:21:30,459 - INFO - MainThread - Order: V4063007926
2026-06-30 21:21:30,459 - INFO - MainThread - Processing Excel Row 925
2026-06-30 21:21:30,459 - INFO - MainThread - Order: V4063007927
2026-06-30 21:21:30,459 - INFO - MainThread - Processing Excel Row 926
2026-06-30 21:21:30,460 - INFO - MainThread - Order: V4063007928
2026-06-30 21:21:30,460 - INFO - MainThread - Processing Excel Row 927
2026-06-30 21:21:30,461 - INFO - MainThread - Order: V4063007929
2026-06-30 21:21:30,461 - INFO - MainThread - Processing Excel Row 928
2026-06-30 21:21:30,462 - INFO - MainThread - Order: V4063007930
2026-06-30 21:21:30,462 - INFO - MainThread - Processing Excel Row 929
2026-06-30 21:21:30,463 - INFO - MainThread - Order: V4063007931
2026-06-30 21:21:30,463 - INFO - MainThread - Processing Excel Row 930
2026-06-30 21:21:30,464 - INFO - MainThread - Order: V4063007932
2026-06-30 21:21:30,464 - INFO - MainThread - Processing Excel Row 931
2026-06-30 21:21:30,465 - INFO - MainThread - Order: V4063007933
2026-06-30 21:21:30,465 - INFO - MainThread - Processing Excel Row 932
2026-06-30 21:21:30,466 - INFO - MainThread - Order: V4063007934
2026-06-30 21:21:30,466 - INFO - MainThread - Processing Excel Row 933
2026-06-30 21:21:30,467 - INFO - MainThread - Order: V4063007935
2026-06-30 21:21:30,467 - INFO - MainThread - Processing Excel Row 934
2026-06-30 21:21:30,468 - INFO - MainThread - Order: V4063007936
2026-06-30 21:21:30,468 - INFO - MainThread - Processing Excel Row 935
2026-06-30 21:21:30,469 - INFO - MainThread - Order: V4063007937
2026-06-30 21:21:30,469 - INFO - MainThread - Processing Excel Row 936
2026-06-30 21:21:30,469 - INFO - MainThread - Order: V4063007938
2026-06-30 21:21:30,469 - INFO - MainThread - Processing Excel Row 937
2026-06-30 21:21:30,470 - INFO - MainThread - Order: V4063007939
2026-06-30 21:21:30,470 - INFO - MainThread - Processing Excel Row 938
2026-06-30 21:21:30,471 - INFO - MainThread - Order: V4063007940
2026-06-30 21:21:30,471 - INFO - MainThread - Processing Excel Row 939
2026-06-30 21:21:30,472 - INFO - MainThread - Order: V4063007941
2026-06-30 21:21:30,472 - INFO - MainThread - Processing Excel Row 940
2026-06-30 21:21:30,472 - INFO - MainThread - Order: V4063007942
2026-06-30 21:21:30,472 - INFO - MainThread - Processing Excel Row 941
2026-06-30 21:21:30,473 - INFO - MainThread - Order: V4063007943
2026-06-30 21:21:30,473 - INFO - MainThread - Processing Excel Row 942
2026-06-30 21:21:30,474 - INFO - MainThread - Order: V4063007944
2026-06-30 21:21:30,474 - INFO - MainThread - Processing Excel Row 943
2026-06-30 21:21:30,475 - INFO - MainThread - Order: V4063007945
2026-06-30 21:21:30,475 - INFO - MainThread - Processing Excel Row 944
2026-06-30 21:21:30,475 - INFO - MainThread - Order: V4063007946
2026-06-30 21:21:30,475 - INFO - MainThread - Processing Excel Row 945
2026-06-30 21:21:30,476 - INFO - MainThread - Order: V4063007947
2026-06-30 21:21:30,476 - INFO - MainThread - Processing Excel Row 946
2026-06-30 21:21:30,477 - INFO - MainThread - Order: V4063007948
2026-06-30 21:21:30,477 - INFO - MainThread - Processing Excel Row 947
2026-06-30 21:21:30,478 - INFO - MainThread - Order: V4063007949
2026-06-30 21:21:30,478 - INFO - MainThread - Processing Excel Row 948
2026-06-30 21:21:30,479 - INFO - MainThread - Order: V4063007950
2026-06-30 21:21:30,479 - INFO - MainThread - Processing Excel Row 949
2026-06-30 21:21:30,479 - INFO - MainThread - Order: V4063007951
2026-06-30 21:21:30,479 - INFO - MainThread - Processing Excel Row 950
2026-06-30 21:21:30,480 - INFO - MainThread - Order: V4063007952
2026-06-30 21:21:30,480 - INFO - MainThread - Processing Excel Row 951
2026-06-30 21:21:30,481 - INFO - MainThread - Order: V4063007953
2026-06-30 21:21:30,481 - INFO - MainThread - Processing Excel Row 952
2026-06-30 21:21:30,482 - INFO - MainThread - Order: V4063007954
2026-06-30 21:21:30,482 - INFO - MainThread - Processing Excel Row 953
2026-06-30 21:21:30,483 - INFO - MainThread - Order: V4063007955
2026-06-30 21:21:30,483 - INFO - MainThread - Processing Excel Row 954
2026-06-30 21:21:30,484 - INFO - MainThread - Order: V4063007956
2026-06-30 21:21:30,484 - INFO - MainThread - Processing Excel Row 955
2026-06-30 21:21:30,484 - INFO - MainThread - Order: V4063007957
2026-06-30 21:21:30,485 - INFO - MainThread - Processing Excel Row 956
2026-06-30 21:21:30,485 - INFO - MainThread - Order: V4063007958
2026-06-30 21:21:30,485 - INFO - MainThread - Processing Excel Row 957
2026-06-30 21:21:30,486 - INFO - MainThread - Order: V4063007959
2026-06-30 21:21:30,486 - INFO - MainThread - Processing Excel Row 958
2026-06-30 21:21:30,487 - INFO - MainThread - Order: V4063007960
2026-06-30 21:21:30,487 - INFO - MainThread - Processing Excel Row 959
2026-06-30 21:21:30,488 - INFO - MainThread - Order: V4063007961
2026-06-30 21:21:30,488 - INFO - MainThread - Processing Excel Row 960
2026-06-30 21:21:30,489 - INFO - MainThread - Order: V4063007962
2026-06-30 21:21:30,489 - INFO - MainThread - Processing Excel Row 961
2026-06-30 21:21:30,490 - INFO - MainThread - Order: V4063007963
2026-06-30 21:21:30,490 - INFO - MainThread - Processing Excel Row 962
2026-06-30 21:21:30,491 - INFO - MainThread - Order: V4063007964
2026-06-30 21:21:30,491 - INFO - MainThread - Processing Excel Row 963
2026-06-30 21:21:30,491 - INFO - MainThread - Order: V4063007965
2026-06-30 21:21:30,492 - INFO - MainThread - Processing Excel Row 964
2026-06-30 21:21:30,492 - INFO - MainThread - Order: V4063007966
2026-06-30 21:21:30,492 - INFO - MainThread - Processing Excel Row 965
2026-06-30 21:21:30,493 - INFO - MainThread - Order: V4063007967
2026-06-30 21:21:30,493 - INFO - MainThread - Processing Excel Row 966
2026-06-30 21:21:30,494 - INFO - MainThread - Order: V4063007968
2026-06-30 21:21:30,494 - INFO - MainThread - Processing Excel Row 967
2026-06-30 21:21:30,495 - INFO - MainThread - Order: V4063007969
2026-06-30 21:21:30,495 - INFO - MainThread - Processing Excel Row 968
2026-06-30 21:21:30,496 - INFO - MainThread - Order: V4063007970
2026-06-30 21:21:30,496 - INFO - MainThread - Processing Excel Row 969
2026-06-30 21:21:30,496 - INFO - MainThread - Order: V4063007971
2026-06-30 21:21:30,496 - INFO - MainThread - Processing Excel Row 970
2026-06-30 21:21:30,497 - INFO - MainThread - Order: V4063007972
2026-06-30 21:21:30,497 - INFO - MainThread - Processing Excel Row 971
2026-06-30 21:21:30,498 - INFO - MainThread - Order: V4063007973
2026-06-30 21:21:30,498 - INFO - MainThread - Processing Excel Row 972
2026-06-30 21:21:30,499 - INFO - MainThread - Order: V4063007974
2026-06-30 21:21:30,499 - INFO - MainThread - Processing Excel Row 973
2026-06-30 21:21:30,499 - INFO - MainThread - Order: V4063007975
2026-06-30 21:21:30,499 - INFO - MainThread - Processing Excel Row 974
2026-06-30 21:21:30,500 - INFO - MainThread - Order: V4063007976
2026-06-30 21:21:30,500 - INFO - MainThread - Processing Excel Row 975
2026-06-30 21:21:30,501 - INFO - MainThread - Order: V4063007977
2026-06-30 21:21:30,501 - INFO - MainThread - Processing Excel Row 976
2026-06-30 21:21:30,502 - INFO - MainThread - Order: V4063007978
2026-06-30 21:21:30,502 - INFO - MainThread - Processing Excel Row 977
2026-06-30 21:21:30,503 - INFO - MainThread - Order: V4063007979
2026-06-30 21:21:30,503 - INFO - MainThread - Processing Excel Row 978
2026-06-30 21:21:30,504 - INFO - MainThread - Order: V4063007980
2026-06-30 21:21:30,504 - INFO - MainThread - Processing Excel Row 979
2026-06-30 21:21:30,505 - INFO - MainThread - Order: V4063007981
2026-06-30 21:21:30,505 - INFO - MainThread - Processing Excel Row 980
2026-06-30 21:21:30,506 - INFO - MainThread - Order: V4063007982
2026-06-30 21:21:30,506 - INFO - MainThread - Processing Excel Row 981
2026-06-30 21:21:30,507 - INFO - MainThread - Order: V4063007983
2026-06-30 21:21:30,507 - INFO - MainThread - Processing Excel Row 982
2026-06-30 21:21:30,508 - INFO - MainThread - Order: V4063007984
2026-06-30 21:21:30,508 - INFO - MainThread - Processing Excel Row 983
2026-06-30 21:21:30,508 - INFO - MainThread - Order: V4063007985
2026-06-30 21:21:30,509 - INFO - MainThread - Processing Excel Row 984
2026-06-30 21:21:30,509 - INFO - MainThread - Order: V4063007986
2026-06-30 21:21:30,509 - INFO - MainThread - Processing Excel Row 985
2026-06-30 21:21:30,510 - INFO - MainThread - Order: V4063007987
2026-06-30 21:21:30,510 - INFO - MainThread - Processing Excel Row 986
2026-06-30 21:21:30,511 - INFO - MainThread - Order: V4063007988
2026-06-30 21:21:30,511 - INFO - MainThread - Processing Excel Row 987
2026-06-30 21:21:30,512 - INFO - MainThread - Order: V4063007989
2026-06-30 21:21:30,512 - INFO - MainThread - Processing Excel Row 988
2026-06-30 21:21:30,512 - INFO - MainThread - Order: V4063007990
2026-06-30 21:21:30,513 - INFO - MainThread - Processing Excel Row 989
2026-06-30 21:21:30,513 - INFO - MainThread - Order: V4063007991
2026-06-30 21:21:30,513 - INFO - MainThread - Processing Excel Row 990
2026-06-30 21:21:30,514 - INFO - MainThread - Order: V4063007992
2026-06-30 21:21:30,514 - INFO - MainThread - Processing Excel Row 991
2026-06-30 21:21:30,515 - INFO - MainThread - Order: V4063007993
2026-06-30 21:21:30,515 - INFO - MainThread - Processing Excel Row 992
2026-06-30 21:21:30,516 - INFO - MainThread - Order: V4063007994
2026-06-30 21:21:30,516 - INFO - MainThread - Processing Excel Row 993
2026-06-30 21:21:30,516 - INFO - MainThread - Order: V4063007995
2026-06-30 21:21:30,516 - INFO - MainThread - Processing Excel Row 994
2026-06-30 21:21:30,517 - INFO - MainThread - Order: V4063007996
2026-06-30 21:21:30,517 - INFO - MainThread - Processing Excel Row 995
2026-06-30 21:21:30,518 - INFO - MainThread - Order: V4063007997
2026-06-30 21:21:30,518 - INFO - MainThread - Processing Excel Row 996
2026-06-30 21:21:30,519 - INFO - MainThread - Order: V4063007998
2026-06-30 21:21:30,519 - INFO - MainThread - Processing Excel Row 997
2026-06-30 21:21:30,519 - INFO - MainThread - Order: V4063007999
2026-06-30 21:21:30,519 - INFO - MainThread - Processing Excel Row 998
2026-06-30 21:21:30,520 - INFO - MainThread - Order: V4063008000
2026-06-30 21:21:30,520 - INFO - MainThread - Processing Excel Row 999
2026-06-30 21:21:30,521 - INFO - MainThread - Order: V4063008001
2026-06-30 21:21:30,521 - INFO - MainThread - Processing Excel Row 1000
2026-06-30 21:21:30,522 - INFO - MainThread - Order: V4063008002
2026-06-30 21:21:30,522 - INFO - MainThread - Processing Excel Row 1001
2026-06-30 21:21:30,523 - INFO - MainThread - Order: V4063008003
2026-06-30 21:21:30,523 - INFO - MainThread - Processing Excel Row 1002
2026-06-30 21:21:30,523 - INFO - MainThread - Order: V4063008004
2026-06-30 21:21:30,523 - INFO - MainThread - Processing Excel Row 1003
2026-06-30 21:21:30,524 - INFO - MainThread - Order: V4063008005
2026-06-30 21:21:30,524 - INFO - MainThread - Processing Excel Row 1004
2026-06-30 21:21:30,525 - INFO - MainThread - Order: V4063008006
2026-06-30 21:21:30,525 - INFO - MainThread - Processing Excel Row 1005
2026-06-30 21:21:30,526 - INFO - MainThread - Order: V4063008007
2026-06-30 21:21:30,526 - INFO - MainThread - Processing Excel Row 1006
2026-06-30 21:21:30,527 - INFO - MainThread - Order: V4063008008
2026-06-30 21:21:30,527 - INFO - MainThread - Processing Excel Row 1007
2026-06-30 21:21:30,528 - INFO - MainThread - Order: V4063008009
2026-06-30 21:21:30,528 - INFO - MainThread - Processing Excel Row 1008
2026-06-30 21:21:30,528 - INFO - MainThread - Order: V4063008010
2026-06-30 21:21:30,529 - INFO - MainThread - Processing Excel Row 1009
2026-06-30 21:21:30,529 - INFO - MainThread - Order: V4063008011
2026-06-30 21:21:30,529 - INFO - MainThread - Processing Excel Row 1010
2026-06-30 21:21:30,530 - INFO - MainThread - Order: V4063008012
2026-06-30 21:21:30,530 - INFO - MainThread - Processing Excel Row 1011
2026-06-30 21:21:30,531 - INFO - MainThread - Order: V4063008013
2026-06-30 21:21:30,531 - INFO - MainThread - Processing Excel Row 1012
2026-06-30 21:21:30,532 - INFO - MainThread - Order: V4063008014
2026-06-30 21:21:30,532 - INFO - MainThread - Processing Excel Row 1013
2026-06-30 21:21:30,533 - INFO - MainThread - Order: V4063008015
2026-06-30 21:21:30,533 - INFO - MainThread - Processing Excel Row 1014
2026-06-30 21:21:30,533 - INFO - MainThread - Order: V4063008016
2026-06-30 21:21:30,533 - INFO - MainThread - Processing Excel Row 1015
2026-06-30 21:21:30,534 - INFO - MainThread - Order: V4063008017
2026-06-30 21:21:30,534 - INFO - MainThread - Processing Excel Row 1016
2026-06-30 21:21:30,535 - INFO - MainThread - Order: V4063008018
2026-06-30 21:21:30,535 - INFO - MainThread - Processing Excel Row 1017
2026-06-30 21:21:30,536 - INFO - MainThread - Order: V4063008019
2026-06-30 21:21:30,536 - INFO - MainThread - Processing Excel Row 1018
2026-06-30 21:21:30,536 - INFO - MainThread - Order: V4063008020
2026-06-30 21:21:30,536 - INFO - MainThread - Processing Excel Row 1019
2026-06-30 21:21:30,537 - INFO - MainThread - Order: V4063008021
2026-06-30 21:21:30,537 - INFO - MainThread - Processing Excel Row 1020
2026-06-30 21:21:30,538 - INFO - MainThread - Order: V4063008022
2026-06-30 21:21:30,538 - INFO - MainThread - Processing Excel Row 1021
2026-06-30 21:21:30,539 - INFO - MainThread - Order: V4063008023
2026-06-30 21:21:30,539 - INFO - MainThread - Processing Excel Row 1022
2026-06-30 21:21:30,539 - INFO - MainThread - Order: V4063008024
2026-06-30 21:21:30,539 - INFO - MainThread - Processing Excel Row 1023
2026-06-30 21:21:30,540 - INFO - MainThread - Order: V4063008025
2026-06-30 21:21:30,540 - INFO - MainThread - Processing Excel Row 1024
2026-06-30 21:21:30,541 - INFO - MainThread - Order: V4063008026
2026-06-30 21:21:30,541 - INFO - MainThread - Processing Excel Row 1025
2026-06-30 21:21:30,542 - INFO - MainThread - Order: V4063008027
2026-06-30 21:21:30,542 - INFO - MainThread - Processing Excel Row 1026
2026-06-30 21:21:30,543 - INFO - MainThread - Order: V4063008028
2026-06-30 21:21:30,543 - INFO - MainThread - Processing Excel Row 1027
2026-06-30 21:21:30,544 - INFO - MainThread - Order: V4063008029
2026-06-30 21:21:30,544 - INFO - MainThread - Processing Excel Row 1028
2026-06-30 21:21:30,545 - INFO - MainThread - Order: V4063008030
2026-06-30 21:21:30,545 - INFO - MainThread - Processing Excel Row 1029
2026-06-30 21:21:30,546 - INFO - MainThread - Order: V4063008031
2026-06-30 21:21:30,546 - INFO - MainThread - Processing Excel Row 1030
2026-06-30 21:21:30,547 - INFO - MainThread - Order: V4063008032
2026-06-30 21:21:30,547 - INFO - MainThread - Processing Excel Row 1031
2026-06-30 21:21:30,547 - INFO - MainThread - Order: V4063008033
2026-06-30 21:21:30,548 - INFO - MainThread - Processing Excel Row 1032
2026-06-30 21:21:30,548 - INFO - MainThread - Order: V4063008034
2026-06-30 21:21:30,549 - INFO - MainThread - Processing Excel Row 1033
2026-06-30 21:21:30,549 - INFO - MainThread - Order: V4063008035
2026-06-30 21:21:30,549 - INFO - MainThread - Processing Excel Row 1034
2026-06-30 21:21:30,550 - INFO - MainThread - Order: V4063008036
2026-06-30 21:21:30,550 - INFO - MainThread - Processing Excel Row 1035
2026-06-30 21:21:30,551 - INFO - MainThread - Order: V4063008037
2026-06-30 21:21:30,551 - INFO - MainThread - Processing Excel Row 1036
2026-06-30 21:21:30,552 - INFO - MainThread - Order: V4063008038
2026-06-30 21:21:30,552 - INFO - MainThread - Processing Excel Row 1037
2026-06-30 21:21:30,552 - INFO - MainThread - Order: V4063008039
2026-06-30 21:21:30,553 - INFO - MainThread - Processing Excel Row 1038
2026-06-30 21:21:30,553 - INFO - MainThread - Order: V4063008040
2026-06-30 21:21:30,553 - INFO - MainThread - Processing Excel Row 1039
2026-06-30 21:21:30,554 - INFO - MainThread - Order: V4063008041
2026-06-30 21:21:30,554 - INFO - MainThread - Processing Excel Row 1040
2026-06-30 21:21:30,555 - INFO - MainThread - Order: V4063008042
2026-06-30 21:21:30,555 - INFO - MainThread - Processing Excel Row 1041
2026-06-30 21:21:30,555 - INFO - MainThread - Order: V4063008043
2026-06-30 21:21:30,555 - INFO - MainThread - Processing Excel Row 1042
2026-06-30 21:21:30,556 - INFO - MainThread - Order: V4063008044
2026-06-30 21:21:30,556 - INFO - MainThread - Processing Excel Row 1043
2026-06-30 21:21:30,557 - INFO - MainThread - Order: V4063008045
2026-06-30 21:21:30,557 - INFO - MainThread - Processing Excel Row 1044
2026-06-30 21:21:30,558 - INFO - MainThread - Order: V4063008046
2026-06-30 21:21:30,558 - INFO - MainThread - Processing Excel Row 1045
2026-06-30 21:21:30,558 - INFO - MainThread - Order: V4063008047
2026-06-30 21:21:30,558 - INFO - MainThread - Processing Excel Row 1046
2026-06-30 21:21:30,559 - INFO - MainThread - Order: V4063008048
2026-06-30 21:21:30,559 - INFO - MainThread - Processing Excel Row 1047
2026-06-30 21:21:30,560 - INFO - MainThread - Order: V4063008049
2026-06-30 21:21:30,560 - INFO - MainThread - Processing Excel Row 1048
2026-06-30 21:21:30,560 - INFO - MainThread - Order: V4063008050
2026-06-30 21:21:30,561 - INFO - MainThread - Processing Excel Row 1049
2026-06-30 21:21:30,561 - INFO - MainThread - Order: V4063008051
2026-06-30 21:21:30,561 - INFO - MainThread - Processing Excel Row 1050
2026-06-30 21:21:30,562 - INFO - MainThread - Order: V4063008052
2026-06-30 21:21:30,562 - INFO - MainThread - Processing Excel Row 1051
2026-06-30 21:21:30,563 - INFO - MainThread - Order: V4063008053
2026-06-30 21:21:30,563 - INFO - MainThread - Processing Excel Row 1052
2026-06-30 21:21:30,563 - INFO - MainThread - Order: V4063008054
2026-06-30 21:21:30,564 - INFO - MainThread - Processing Excel Row 1053
2026-06-30 21:21:30,564 - INFO - MainThread - Order: V4063008055
2026-06-30 21:21:30,565 - INFO - MainThread - Processing Excel Row 1054
2026-06-30 21:21:30,566 - INFO - MainThread - Order: V4063008056
2026-06-30 21:21:30,566 - INFO - MainThread - Processing Excel Row 1055
2026-06-30 21:21:30,567 - INFO - MainThread - Order: V4063008057
2026-06-30 21:21:30,567 - INFO - MainThread - Processing Excel Row 1056
2026-06-30 21:21:30,568 - INFO - MainThread - Order: V4063008058
2026-06-30 21:21:30,568 - INFO - MainThread - Processing Excel Row 1057
2026-06-30 21:21:30,568 - INFO - MainThread - Order: V4063008059
2026-06-30 21:21:30,569 - INFO - MainThread - Processing Excel Row 1058
2026-06-30 21:21:30,569 - INFO - MainThread - Order: V4063008060
2026-06-30 21:21:30,569 - INFO - MainThread - Processing Excel Row 1059
2026-06-30 21:21:30,570 - INFO - MainThread - Order: V4063008061
2026-06-30 21:21:30,570 - INFO - MainThread - Processing Excel Row 1060
2026-06-30 21:21:30,571 - INFO - MainThread - Order: V4063008062
2026-06-30 21:21:30,571 - INFO - MainThread - Processing Excel Row 1061
2026-06-30 21:21:30,572 - INFO - MainThread - Order: V4063008063
2026-06-30 21:21:30,572 - INFO - MainThread - Processing Excel Row 1062
2026-06-30 21:21:30,573 - INFO - MainThread - Order: V4063008064
2026-06-30 21:21:30,573 - INFO - MainThread - Processing Excel Row 1063
2026-06-30 21:21:30,573 - INFO - MainThread - Order: V4063008065
2026-06-30 21:21:30,574 - INFO - MainThread - Processing Excel Row 1064
2026-06-30 21:21:30,574 - INFO - MainThread - Order: V4063008066
2026-06-30 21:21:30,574 - INFO - MainThread - Processing Excel Row 1065
2026-06-30 21:21:30,575 - INFO - MainThread - Order: V4063008067
2026-06-30 21:21:30,575 - INFO - MainThread - Processing Excel Row 1066
2026-06-30 21:21:30,576 - INFO - MainThread - Order: V4063008068
2026-06-30 21:21:30,576 - INFO - MainThread - Processing Excel Row 1067
2026-06-30 21:21:30,576 - INFO - MainThread - Order: V4063008069
2026-06-30 21:21:30,576 - INFO - MainThread - Processing Excel Row 1068
2026-06-30 21:21:30,577 - INFO - MainThread - Order: V4063008070
2026-06-30 21:21:30,577 - INFO - MainThread - Processing Excel Row 1069
2026-06-30 21:21:30,578 - INFO - MainThread - Order: V4063008071
2026-06-30 21:21:30,578 - INFO - MainThread - Processing Excel Row 1070
2026-06-30 21:21:30,579 - INFO - MainThread - Order: V4063008072
2026-06-30 21:21:30,579 - INFO - MainThread - Processing Excel Row 1071
2026-06-30 21:21:30,579 - INFO - MainThread - Order: V4063008073
2026-06-30 21:21:30,579 - INFO - MainThread - Processing Excel Row 1072
2026-06-30 21:21:30,580 - INFO - MainThread - Order: V4063008074
2026-06-30 21:21:30,580 - INFO - MainThread - Processing Excel Row 1073
2026-06-30 21:21:30,581 - INFO - MainThread - Order: V4063008075
2026-06-30 21:21:30,581 - INFO - MainThread - Processing Excel Row 1074
2026-06-30 21:21:30,582 - INFO - MainThread - Order: V4063008076
2026-06-30 21:21:30,582 - INFO - MainThread - Processing Excel Row 1075
2026-06-30 21:21:30,582 - INFO - MainThread - Order: V4063008077
2026-06-30 21:21:30,582 - INFO - MainThread - Processing Excel Row 1076
2026-06-30 21:21:30,583 - INFO - MainThread - Order: V4063008078
2026-06-30 21:21:30,583 - INFO - MainThread - Processing Excel Row 1077
2026-06-30 21:21:30,584 - INFO - MainThread - Order: V4063008079
2026-06-30 21:21:30,584 - INFO - MainThread - Processing Excel Row 1078
2026-06-30 21:21:30,585 - INFO - MainThread - Order: V4063008080
2026-06-30 21:21:30,585 - INFO - MainThread - Processing Excel Row 1079
2026-06-30 21:21:30,585 - INFO - MainThread - Order: V4063008081
2026-06-30 21:21:30,585 - INFO - MainThread - Processing Excel Row 1080
2026-06-30 21:21:30,586 - INFO - MainThread - Order: V4063008082
2026-06-30 21:21:30,586 - INFO - MainThread - Processing Excel Row 1081
2026-06-30 21:21:30,587 - INFO - MainThread - Order: V4063008083
2026-06-30 21:21:30,587 - INFO - MainThread - Processing Excel Row 1082
2026-06-30 21:21:30,588 - INFO - MainThread - Order: V4063008084
2026-06-30 21:21:30,588 - INFO - MainThread - Processing Excel Row 1083
2026-06-30 21:21:30,588 - INFO - MainThread - Order: V4063008085
2026-06-30 21:21:30,588 - INFO - MainThread - Processing Excel Row 1084
2026-06-30 21:21:30,589 - INFO - MainThread - Order: V4063008086
2026-06-30 21:21:30,589 - INFO - MainThread - Processing Excel Row 1085
2026-06-30 21:21:30,590 - INFO - MainThread - Order: V4063008087
2026-06-30 21:21:30,590 - INFO - MainThread - Processing Excel Row 1086
2026-06-30 21:21:30,591 - INFO - MainThread - Order: V4063008088
2026-06-30 21:21:30,592 - INFO - MainThread - Processing Excel Row 1087
2026-06-30 21:21:30,592 - INFO - MainThread - Order: V4063008089
2026-06-30 21:21:30,592 - INFO - MainThread - Processing Excel Row 1088
2026-06-30 21:21:30,593 - INFO - MainThread - Order: V4063008090
2026-06-30 21:21:30,593 - INFO - MainThread - Processing Excel Row 1089
2026-06-30 21:21:30,594 - INFO - MainThread - Order: V4063008091
2026-06-30 21:21:30,594 - INFO - MainThread - Processing Excel Row 1090
2026-06-30 21:21:30,595 - INFO - MainThread - Order: V4063008092
2026-06-30 21:21:30,595 - INFO - MainThread - Processing Excel Row 1091
2026-06-30 21:21:30,596 - INFO - MainThread - Order: V4063008093
2026-06-30 21:21:30,596 - INFO - MainThread - Processing Excel Row 1092
2026-06-30 21:21:30,596 - INFO - MainThread - Order: V4063008094
2026-06-30 21:21:30,596 - INFO - MainThread - Processing Excel Row 1093
2026-06-30 21:21:30,597 - INFO - MainThread - Order: V4063008095
2026-06-30 21:21:30,597 - INFO - MainThread - Processing Excel Row 1094
2026-06-30 21:21:30,598 - INFO - MainThread - Order: V4063008096
2026-06-30 21:21:30,598 - INFO - MainThread - Processing Excel Row 1095
2026-06-30 21:21:30,599 - INFO - MainThread - Order: V4063008097
2026-06-30 21:21:30,599 - INFO - MainThread - Processing Excel Row 1096
2026-06-30 21:21:30,599 - INFO - MainThread - Order: V4063008098
2026-06-30 21:21:30,599 - INFO - MainThread - Processing Excel Row 1097
2026-06-30 21:21:30,600 - INFO - MainThread - Order: V4063008099
2026-06-30 21:21:30,600 - INFO - MainThread - Processing Excel Row 1098
2026-06-30 21:21:30,601 - INFO - MainThread - Order: V4063008100
2026-06-30 21:21:30,601 - INFO - MainThread - Processing Excel Row 1099
2026-06-30 21:21:30,602 - INFO - MainThread - Order: V4063008101
2026-06-30 21:21:30,602 - INFO - MainThread - Processing Excel Row 1100
2026-06-30 21:21:30,602 - INFO - MainThread - Order: V4063008102
2026-06-30 21:21:30,602 - INFO - MainThread - Processing Excel Row 1101
2026-06-30 21:21:30,603 - INFO - MainThread - Order: V4063008103
2026-06-30 21:21:30,603 - INFO - MainThread - Processing Excel Row 1102
2026-06-30 21:21:30,604 - INFO - MainThread - Order: V4063008104
2026-06-30 21:21:30,604 - INFO - MainThread - Processing Excel Row 1103
2026-06-30 21:21:30,604 - INFO - MainThread - Order: V4063008105
2026-06-30 21:21:30,604 - INFO - MainThread - Processing Excel Row 1104
2026-06-30 21:21:30,605 - INFO - MainThread - Order: V4063008106
2026-06-30 21:21:30,605 - INFO - MainThread - Processing Excel Row 1105
2026-06-30 21:21:30,606 - INFO - MainThread - Order: V4063008107
2026-06-30 21:21:30,606 - INFO - MainThread - Processing Excel Row 1106
2026-06-30 21:21:30,607 - INFO - MainThread - Order: V4063008108
2026-06-30 21:21:30,607 - INFO - MainThread - Processing Excel Row 1107
2026-06-30 21:21:30,607 - INFO - MainThread - Order: V4063008109
2026-06-30 21:21:30,607 - INFO - MainThread - Processing Excel Row 1108
2026-06-30 21:21:30,608 - INFO - MainThread - Order: V4063008110
2026-06-30 21:21:30,608 - INFO - MainThread - Processing Excel Row 1109
2026-06-30 21:21:30,609 - INFO - MainThread - Order: V4063008111
2026-06-30 21:21:30,609 - INFO - MainThread - Processing Excel Row 1110
2026-06-30 21:21:30,609 - INFO - MainThread - Order: V4063008112
2026-06-30 21:21:30,609 - INFO - MainThread - Processing Excel Row 1111
2026-06-30 21:21:30,610 - INFO - MainThread - Order: V4063008113
2026-06-30 21:21:30,610 - INFO - MainThread - Processing Excel Row 1112
2026-06-30 21:21:30,611 - INFO - MainThread - Order: V4063008114
2026-06-30 21:21:30,611 - INFO - MainThread - Processing Excel Row 1113
2026-06-30 21:21:30,612 - INFO - MainThread - Order: V4063008115
2026-06-30 21:21:30,612 - INFO - MainThread - Processing Excel Row 1114
2026-06-30 21:21:30,613 - INFO - MainThread - Order: V4063008116
2026-06-30 21:21:30,613 - INFO - MainThread - Processing Excel Row 1115
2026-06-30 21:21:30,613 - INFO - MainThread - Order: V4063008117
2026-06-30 21:21:30,613 - INFO - MainThread - Processing Excel Row 1116
2026-06-30 21:21:30,614 - INFO - MainThread - Order: V4063008118
2026-06-30 21:21:30,614 - INFO - MainThread - Processing Excel Row 1117
2026-06-30 21:21:30,615 - INFO - MainThread - Order: V4063008119
2026-06-30 21:21:30,616 - INFO - MainThread - Processing Excel Row 1118
2026-06-30 21:21:30,616 - INFO - MainThread - Order: V4063008120
2026-06-30 21:21:30,617 - INFO - MainThread - Processing Excel Row 1119
2026-06-30 21:21:30,617 - INFO - MainThread - Order: V4063008121
2026-06-30 21:21:30,617 - INFO - MainThread - Processing Excel Row 1120
2026-06-30 21:21:30,618 - INFO - MainThread - Order: V4063008122
2026-06-30 21:21:30,618 - INFO - MainThread - Processing Excel Row 1121
2026-06-30 21:21:30,619 - INFO - MainThread - Order: V4063008123
2026-06-30 21:21:30,619 - INFO - MainThread - Processing Excel Row 1122
2026-06-30 21:21:30,620 - INFO - MainThread - Order: V4063008124
2026-06-30 21:21:30,620 - INFO - MainThread - Processing Excel Row 1123
2026-06-30 21:21:30,620 - INFO - MainThread - Order: V4063008125
2026-06-30 21:21:30,620 - INFO - MainThread - Processing Excel Row 1124
2026-06-30 21:21:30,621 - INFO - MainThread - Order: V4063008126
2026-06-30 21:21:30,621 - INFO - MainThread - Processing Excel Row 1125
2026-06-30 21:21:30,622 - INFO - MainThread - Order: V4063008127
2026-06-30 21:21:30,622 - INFO - MainThread - Processing Excel Row 1126
2026-06-30 21:21:30,623 - INFO - MainThread - Order: V4063008128
2026-06-30 21:21:30,623 - INFO - MainThread - Processing Excel Row 1127
2026-06-30 21:21:30,623 - INFO - MainThread - Order: V4063008129
2026-06-30 21:21:30,623 - INFO - MainThread - Processing Excel Row 1128
2026-06-30 21:21:30,624 - INFO - MainThread - Order: V4063008130
2026-06-30 21:21:30,624 - INFO - MainThread - Processing Excel Row 1129
2026-06-30 21:21:30,625 - INFO - MainThread - Order: V4063008131
2026-06-30 21:21:30,625 - INFO - MainThread - Processing Excel Row 1130
2026-06-30 21:21:30,626 - INFO - MainThread - Order: V4063008132
2026-06-30 21:21:30,626 - INFO - MainThread - Processing Excel Row 1131
2026-06-30 21:21:30,626 - INFO - MainThread - Order: V4063008133
2026-06-30 21:21:30,626 - INFO - MainThread - Processing Excel Row 1132
2026-06-30 21:21:30,627 - INFO - MainThread - Order: V4063008134
2026-06-30 21:21:30,627 - INFO - MainThread - Processing Excel Row 1133
2026-06-30 21:21:30,628 - INFO - MainThread - Order: V4063008135
2026-06-30 21:21:30,628 - INFO - MainThread - Processing Excel Row 1134
2026-06-30 21:21:30,629 - INFO - MainThread - Order: V4063008136
2026-06-30 21:21:30,629 - INFO - MainThread - Processing Excel Row 1135
2026-06-30 21:21:30,629 - INFO - MainThread - Order: V4063008137
2026-06-30 21:21:30,629 - INFO - MainThread - Processing Excel Row 1136
2026-06-30 21:21:30,630 - INFO - MainThread - Order: V4063008138
2026-06-30 21:21:30,630 - INFO - MainThread - Processing Excel Row 1137
2026-06-30 21:21:30,631 - INFO - MainThread - Order: V4063008139
2026-06-30 21:21:30,631 - INFO - MainThread - Processing Excel Row 1138
2026-06-30 21:21:30,632 - INFO - MainThread - Order: V4063008140
2026-06-30 21:21:30,632 - INFO - MainThread - Processing Excel Row 1139
2026-06-30 21:21:30,632 - INFO - MainThread - Order: V4063008141
2026-06-30 21:21:30,632 - INFO - MainThread - Processing Excel Row 1140
2026-06-30 21:21:30,633 - INFO - MainThread - Order: V4063008142
2026-06-30 21:21:30,633 - INFO - MainThread - Processing Excel Row 1141
2026-06-30 21:21:30,634 - INFO - MainThread - Order: V4063008143
2026-06-30 21:21:30,634 - INFO - MainThread - Processing Excel Row 1142
2026-06-30 21:21:30,634 - INFO - MainThread - Order: V4063008144
2026-06-30 21:21:30,635 - INFO - MainThread - Processing Excel Row 1143
2026-06-30 21:21:30,635 - INFO - MainThread - Order: V4063008145
2026-06-30 21:21:30,635 - INFO - MainThread - Processing Excel Row 1144
2026-06-30 21:21:30,636 - INFO - MainThread - Order: V4063008146
2026-06-30 21:21:30,636 - INFO - MainThread - Processing Excel Row 1145
2026-06-30 21:21:30,637 - INFO - MainThread - Order: V4063008147
2026-06-30 21:21:30,637 - INFO - MainThread - Processing Excel Row 1146
2026-06-30 21:21:30,638 - INFO - MainThread - Order: V4063008148
2026-06-30 21:21:30,638 - INFO - MainThread - Processing Excel Row 1147
2026-06-30 21:21:30,639 - INFO - MainThread - Order: V4063008149
2026-06-30 21:21:30,639 - INFO - MainThread - Processing Excel Row 1148
2026-06-30 21:21:30,640 - INFO - MainThread - Order: V4063008150
2026-06-30 21:21:30,640 - INFO - MainThread - Processing Excel Row 1149
2026-06-30 21:21:30,641 - INFO - MainThread - Order: V4063008151
2026-06-30 21:21:30,641 - INFO - MainThread - Processing Excel Row 1150
2026-06-30 21:21:30,641 - INFO - MainThread - Order: V4063008152
2026-06-30 21:21:30,641 - INFO - MainThread - Processing Excel Row 1151
2026-06-30 21:21:30,642 - INFO - MainThread - Order: V4063008153
2026-06-30 21:21:30,642 - INFO - MainThread - Processing Excel Row 1152
2026-06-30 21:21:30,643 - INFO - MainThread - Order: V4063008154
2026-06-30 21:21:30,643 - INFO - MainThread - Processing Excel Row 1153
2026-06-30 21:21:30,644 - INFO - MainThread - Order: V4063008155
2026-06-30 21:21:30,644 - INFO - MainThread - Processing Excel Row 1154
2026-06-30 21:21:30,644 - INFO - MainThread - Order: V4063008156
2026-06-30 21:21:30,644 - INFO - MainThread - Processing Excel Row 1155
2026-06-30 21:21:30,645 - INFO - MainThread - Order: V4063008157
2026-06-30 21:21:30,645 - INFO - MainThread - Processing Excel Row 1156
2026-06-30 21:21:30,646 - INFO - MainThread - Order: V4063008158
2026-06-30 21:21:30,646 - INFO - MainThread - Processing Excel Row 1157
2026-06-30 21:21:30,647 - INFO - MainThread - Order: V4063008159
2026-06-30 21:21:30,647 - INFO - MainThread - Processing Excel Row 1158
2026-06-30 21:21:30,647 - INFO - MainThread - Order: V4063008160
2026-06-30 21:21:30,647 - INFO - MainThread - Processing Excel Row 1159
2026-06-30 21:21:30,648 - INFO - MainThread - Order: V4063008161
2026-06-30 21:21:30,648 - INFO - MainThread - Processing Excel Row 1160
2026-06-30 21:21:30,649 - INFO - MainThread - Order: V4063008162
2026-06-30 21:21:30,649 - INFO - MainThread - Processing Excel Row 1161
2026-06-30 21:21:30,650 - INFO - MainThread - Order: V4063008163
2026-06-30 21:21:30,650 - INFO - MainThread - Processing Excel Row 1162
2026-06-30 21:21:30,650 - INFO - MainThread - Order: V4063008164
2026-06-30 21:21:30,650 - INFO - MainThread - Processing Excel Row 1163
2026-06-30 21:21:30,651 - INFO - MainThread - Order: V4063008165
2026-06-30 21:21:30,651 - INFO - MainThread - Processing Excel Row 1164
2026-06-30 21:21:30,652 - INFO - MainThread - Order: V4063008166
2026-06-30 21:21:30,652 - INFO - MainThread - Processing Excel Row 1165
2026-06-30 21:21:30,652 - INFO - MainThread - Order: V4063008167
2026-06-30 21:21:30,653 - INFO - MainThread - Processing Excel Row 1166
2026-06-30 21:21:30,653 - INFO - MainThread - Order: V4063008168
2026-06-30 21:21:30,653 - INFO - MainThread - Processing Excel Row 1167
2026-06-30 21:21:30,654 - INFO - MainThread - Order: V4063008169
2026-06-30 21:21:30,654 - INFO - MainThread - Processing Excel Row 1168
2026-06-30 21:21:30,655 - INFO - MainThread - Order: V4063008170
2026-06-30 21:21:30,655 - INFO - MainThread - Processing Excel Row 1169
2026-06-30 21:21:30,655 - INFO - MainThread - Order: V4063008171
2026-06-30 21:21:30,655 - INFO - MainThread - Processing Excel Row 1170
2026-06-30 21:21:30,656 - INFO - MainThread - Order: V4063008172
2026-06-30 21:21:30,656 - INFO - MainThread - Processing Excel Row 1171
2026-06-30 21:21:30,657 - INFO - MainThread - Order: V4063008173
2026-06-30 21:21:30,657 - INFO - MainThread - Processing Excel Row 1172
2026-06-30 21:21:30,658 - INFO - MainThread - Order: V4063008174
2026-06-30 21:21:30,658 - INFO - MainThread - Processing Excel Row 1173
2026-06-30 21:21:30,658 - INFO - MainThread - Order: V4063008175
2026-06-30 21:21:30,658 - INFO - MainThread - Processing Excel Row 1174
2026-06-30 21:21:30,659 - INFO - MainThread - Order: V4063008176
2026-06-30 21:21:30,659 - INFO - MainThread - Processing Excel Row 1175
2026-06-30 21:21:30,660 - INFO - MainThread - Order: V4063008177
2026-06-30 21:21:30,660 - INFO - MainThread - Processing Excel Row 1176
2026-06-30 21:21:30,661 - INFO - MainThread - Order: V4063008178
2026-06-30 21:21:30,661 - INFO - MainThread - Processing Excel Row 1177
2026-06-30 21:21:30,661 - INFO - MainThread - Order: V4063008179
2026-06-30 21:21:30,662 - INFO - MainThread - Processing Excel Row 1178
2026-06-30 21:21:30,662 - INFO - MainThread - Order: V4063008180
2026-06-30 21:21:30,662 - INFO - MainThread - Processing Excel Row 1179
2026-06-30 21:21:30,663 - INFO - MainThread - Order: V4063008181
2026-06-30 21:21:30,663 - INFO - MainThread - Processing Excel Row 1180
2026-06-30 21:21:30,664 - INFO - MainThread - Order: V4063008182
2026-06-30 21:21:30,664 - INFO - MainThread - Processing Excel Row 1181
2026-06-30 21:21:30,665 - INFO - MainThread - Order: V4063008183
2026-06-30 21:21:30,666 - INFO - MainThread - Processing Excel Row 1182
2026-06-30 21:21:30,666 - INFO - MainThread - Order: V4063008184
2026-06-30 21:21:30,666 - INFO - MainThread - Processing Excel Row 1183
2026-06-30 21:21:30,667 - INFO - MainThread - Order: V4063008185
2026-06-30 21:21:30,667 - INFO - MainThread - Processing Excel Row 1184
2026-06-30 21:21:30,668 - INFO - MainThread - Order: V4063008186
2026-06-30 21:21:30,668 - INFO - MainThread - Processing Excel Row 1185
2026-06-30 21:21:30,669 - INFO - MainThread - Order: V4063008187
2026-06-30 21:21:30,669 - INFO - MainThread - Processing Excel Row 1186
2026-06-30 21:21:30,669 - INFO - MainThread - Order: V4063008188
2026-06-30 21:21:30,670 - INFO - MainThread - Processing Excel Row 1187
2026-06-30 21:21:30,670 - INFO - MainThread - Order: V4063008189
2026-06-30 21:21:30,670 - INFO - MainThread - Processing Excel Row 1188
2026-06-30 21:21:30,671 - INFO - MainThread - Order: V4063008190
2026-06-30 21:21:30,671 - INFO - MainThread - Processing Excel Row 1189
2026-06-30 21:21:30,672 - INFO - MainThread - Order: V4063008191
2026-06-30 21:21:30,672 - INFO - MainThread - Processing Excel Row 1190
2026-06-30 21:21:30,672 - INFO - MainThread - Order: V4063008192
2026-06-30 21:21:30,672 - INFO - MainThread - Processing Excel Row 1191
2026-06-30 21:21:30,673 - INFO - MainThread - Order: V4063008193
2026-06-30 21:21:30,673 - INFO - MainThread - Processing Excel Row 1192
2026-06-30 21:21:30,674 - INFO - MainThread - Order: V4063008194
2026-06-30 21:21:30,674 - INFO - MainThread - Processing Excel Row 1193
2026-06-30 21:21:30,675 - INFO - MainThread - Order: V4063008195
2026-06-30 21:21:30,675 - INFO - MainThread - Processing Excel Row 1194
2026-06-30 21:21:30,676 - INFO - MainThread - Order: V4063008196
2026-06-30 21:21:30,676 - INFO - MainThread - Processing Excel Row 1195
2026-06-30 21:21:30,676 - INFO - MainThread - Order: V4063008197
2026-06-30 21:21:30,676 - INFO - MainThread - Processing Excel Row 1196
2026-06-30 21:21:30,677 - INFO - MainThread - Order: V4063008198
2026-06-30 21:21:30,677 - INFO - MainThread - Processing Excel Row 1197
2026-06-30 21:21:30,678 - INFO - MainThread - Order: V4063008199
2026-06-30 21:21:30,678 - INFO - MainThread - Processing Excel Row 1198
2026-06-30 21:21:30,679 - INFO - MainThread - Order: V4063008200
2026-06-30 21:21:30,679 - INFO - MainThread - Processing Excel Row 1199
2026-06-30 21:21:30,679 - INFO - MainThread - Order: V4063008201
2026-06-30 21:21:30,679 - INFO - MainThread - Processing Excel Row 1200
2026-06-30 21:21:30,680 - INFO - MainThread - Order: V4063008202
2026-06-30 21:21:30,680 - INFO - MainThread - Processing Excel Row 1201
2026-06-30 21:21:30,681 - INFO - MainThread - Order: V4063008203
2026-06-30 21:21:30,681 - INFO - MainThread - Processing Excel Row 1202
2026-06-30 21:21:30,682 - INFO - MainThread - Order: V4063008204
2026-06-30 21:21:30,682 - INFO - MainThread - Processing Excel Row 1203
2026-06-30 21:21:30,682 - INFO - MainThread - Order: V4063008205
2026-06-30 21:21:30,683 - INFO - MainThread - Processing Excel Row 1204
2026-06-30 21:21:30,683 - INFO - MainThread - Order: V4063008206
2026-06-30 21:21:30,684 - INFO - MainThread - Processing Excel Row 1205
2026-06-30 21:21:30,684 - INFO - MainThread - Order: V4063008207
2026-06-30 21:21:30,684 - INFO - MainThread - Processing Excel Row 1206
2026-06-30 21:21:30,685 - INFO - MainThread - Order: V4063008208
2026-06-30 21:21:30,686 - INFO - MainThread - Processing Excel Row 1207
2026-06-30 21:21:30,686 - INFO - MainThread - Order: V4063008209
2026-06-30 21:21:30,686 - INFO - MainThread - Processing Excel Row 1208
2026-06-30 21:21:30,687 - INFO - MainThread - Order: V4063008210
2026-06-30 21:21:30,687 - INFO - MainThread - Processing Excel Row 1209
2026-06-30 21:21:30,688 - INFO - MainThread - Order: V4063008211
2026-06-30 21:21:30,688 - INFO - MainThread - Processing Excel Row 1210
2026-06-30 21:21:30,689 - INFO - MainThread - Order: V4063008212
2026-06-30 21:21:30,689 - INFO - MainThread - Processing Excel Row 1211
2026-06-30 21:21:30,689 - INFO - MainThread - Order: V4063008213
2026-06-30 21:21:30,689 - INFO - MainThread - Processing Excel Row 1212
2026-06-30 21:21:30,690 - INFO - MainThread - Order: V4063008214
2026-06-30 21:21:30,690 - INFO - MainThread - Processing Excel Row 1213
2026-06-30 21:21:30,691 - INFO - MainThread - Order: V4063008215
2026-06-30 21:21:30,691 - INFO - MainThread - Processing Excel Row 1214
2026-06-30 21:21:30,692 - INFO - MainThread - Order: V4063008216
2026-06-30 21:21:30,692 - INFO - MainThread - Processing Excel Row 1215
2026-06-30 21:21:30,693 - INFO - MainThread - Order: V4063008217
2026-06-30 21:21:30,693 - INFO - MainThread - Processing Excel Row 1216
2026-06-30 21:21:30,693 - INFO - MainThread - Order: V4063008218
2026-06-30 21:21:30,693 - INFO - MainThread - Processing Excel Row 1217
2026-06-30 21:21:30,694 - INFO - MainThread - Order: V4063008219
2026-06-30 21:21:30,694 - INFO - MainThread - Processing Excel Row 1218
2026-06-30 21:21:30,695 - INFO - MainThread - Order: V4063008220
2026-06-30 21:21:30,695 - INFO - MainThread - Processing Excel Row 1219
2026-06-30 21:21:30,696 - INFO - MainThread - Order: V4063008221
2026-06-30 21:21:30,696 - INFO - MainThread - Processing Excel Row 1220
2026-06-30 21:21:30,696 - INFO - MainThread - Order: V4063008222
2026-06-30 21:21:30,696 - INFO - MainThread - Processing Excel Row 1221
2026-06-30 21:21:30,697 - INFO - MainThread - Order: V4063008223
2026-06-30 21:21:30,697 - INFO - MainThread - Processing Excel Row 1222
2026-06-30 21:21:30,698 - INFO - MainThread - Order: V4063008224
2026-06-30 21:21:30,698 - INFO - MainThread - Processing Excel Row 1223
2026-06-30 21:21:30,699 - INFO - MainThread - Order: V4063008225
2026-06-30 21:21:30,699 - INFO - MainThread - Processing Excel Row 1224
2026-06-30 21:21:30,699 - INFO - MainThread - Order: V4063008226
2026-06-30 21:21:30,699 - INFO - MainThread - Processing Excel Row 1225
2026-06-30 21:21:30,700 - INFO - MainThread - Order: V4063008227
2026-06-30 21:21:30,700 - INFO - MainThread - Processing Excel Row 1226
2026-06-30 21:21:30,701 - INFO - MainThread - Order: V4063008228
2026-06-30 21:21:30,701 - INFO - MainThread - Processing Excel Row 1227
2026-06-30 21:21:30,702 - INFO - MainThread - Order: V4063008229
2026-06-30 21:21:30,702 - INFO - MainThread - Processing Excel Row 1228
2026-06-30 21:21:30,702 - INFO - MainThread - Order: V4063008230
2026-06-30 21:21:30,702 - INFO - MainThread - Processing Excel Row 1229
2026-06-30 21:21:30,703 - INFO - MainThread - Order: V4063008231
2026-06-30 21:21:30,703 - INFO - MainThread - Processing Excel Row 1230
2026-06-30 21:21:30,704 - INFO - MainThread - Order: V4063008232
2026-06-30 21:21:30,704 - INFO - MainThread - Processing Excel Row 1231
2026-06-30 21:21:30,705 - INFO - MainThread - Order: V4063008233
2026-06-30 21:21:30,705 - INFO - MainThread - Processing Excel Row 1232
2026-06-30 21:21:30,706 - INFO - MainThread - Order: V4063008234
2026-06-30 21:21:30,707 - INFO - MainThread - Processing Excel Row 1233
2026-06-30 21:21:30,707 - INFO - MainThread - Order: V4063008235
2026-06-30 21:21:30,708 - INFO - MainThread - Processing Excel Row 1234
2026-06-30 21:21:30,708 - INFO - MainThread - Order: V4063008236
2026-06-30 21:21:30,708 - INFO - MainThread - Processing Excel Row 1235
2026-06-30 21:21:30,709 - INFO - MainThread - Order: V4063008237
2026-06-30 21:21:30,709 - INFO - MainThread - Processing Excel Row 1236
2026-06-30 21:21:30,710 - INFO - MainThread - Order: V4063008238
2026-06-30 21:21:30,710 - INFO - MainThread - Processing Excel Row 1237
2026-06-30 21:21:30,711 - INFO - MainThread - Order: V4063008239
2026-06-30 21:21:30,711 - INFO - MainThread - Processing Excel Row 1238
2026-06-30 21:21:30,712 - INFO - MainThread - Order: V4063008240
2026-06-30 21:21:30,712 - INFO - MainThread - Processing Excel Row 1239
2026-06-30 21:21:30,713 - INFO - MainThread - Order: V4063008241
2026-06-30 21:21:30,713 - INFO - MainThread - Processing Excel Row 1240
2026-06-30 21:21:30,713 - INFO - MainThread - Order: V4063008242
2026-06-30 21:21:30,714 - INFO - MainThread - Processing Excel Row 1241
2026-06-30 21:21:30,714 - INFO - MainThread - Order: V4063008243
2026-06-30 21:21:30,714 - INFO - MainThread - Processing Excel Row 1242
2026-06-30 21:21:30,715 - INFO - MainThread - Order: V4063008244
2026-06-30 21:21:30,715 - INFO - MainThread - Processing Excel Row 1243
2026-06-30 21:21:30,716 - INFO - MainThread - Order: V4063008245
2026-06-30 21:21:30,716 - INFO - MainThread - Processing Excel Row 1244
2026-06-30 21:21:30,717 - INFO - MainThread - Order: V4063008246
2026-06-30 21:21:30,717 - INFO - MainThread - Processing Excel Row 1245
2026-06-30 21:21:30,717 - INFO - MainThread - Order: V4063008247
2026-06-30 21:21:30,717 - INFO - MainThread - Processing Excel Row 1246
2026-06-30 21:21:30,718 - INFO - MainThread - Order: V4063008248
2026-06-30 21:21:30,718 - INFO - MainThread - Processing Excel Row 1247
2026-06-30 21:21:30,719 - INFO - MainThread - Order: V4063008249
2026-06-30 21:21:30,719 - INFO - MainThread - Processing Excel Row 1248
2026-06-30 21:21:30,720 - INFO - MainThread - Order: V4063008250
2026-06-30 21:21:30,720 - INFO - MainThread - Processing Excel Row 1249
2026-06-30 21:21:30,720 - INFO - MainThread - Order: V4063008251
2026-06-30 21:21:30,720 - INFO - MainThread - Processing Excel Row 1250
2026-06-30 21:21:30,721 - INFO - MainThread - Order: V4063008252
2026-06-30 21:21:30,721 - INFO - MainThread - Processing Excel Row 1251
2026-06-30 21:21:30,722 - INFO - MainThread - Order: V4063008253
2026-06-30 21:21:30,722 - INFO - MainThread - Processing Excel Row 1252
2026-06-30 21:21:30,722 - INFO - MainThread - Order: V4063008254
2026-06-30 21:21:30,723 - INFO - MainThread - Processing Excel Row 1253
2026-06-30 21:21:30,723 - INFO - MainThread - Order: V4063008255
2026-06-30 21:21:30,723 - INFO - MainThread - Processing Excel Row 1254
2026-06-30 21:21:30,724 - INFO - MainThread - Order: V4063008256
2026-06-30 21:21:30,724 - INFO - MainThread - Processing Excel Row 1255
2026-06-30 21:21:30,725 - INFO - MainThread - Order: V4063008257
2026-06-30 21:21:30,725 - INFO - MainThread - Processing Excel Row 1256
2026-06-30 21:21:30,726 - INFO - MainThread - Order: V4063008258
2026-06-30 21:21:30,726 - INFO - MainThread - Processing Excel Row 1257
2026-06-30 21:21:30,726 - INFO - MainThread - Order: V4063008259
2026-06-30 21:21:30,726 - INFO - MainThread - Processing Excel Row 1258
2026-06-30 21:21:30,727 - INFO - MainThread - Order: V4063008260
2026-06-30 21:21:30,727 - INFO - MainThread - Processing Excel Row 1259
2026-06-30 21:21:30,728 - INFO - MainThread - Order: V4063008261
2026-06-30 21:21:30,728 - INFO - MainThread - Processing Excel Row 1260
2026-06-30 21:21:30,729 - INFO - MainThread - Order: V4063008262
2026-06-30 21:21:30,729 - INFO - MainThread - Processing Excel Row 1261
2026-06-30 21:21:30,730 - INFO - MainThread - Order: V4063008263
2026-06-30 21:21:30,730 - INFO - MainThread - Processing Excel Row 1262
2026-06-30 21:21:30,730 - INFO - MainThread - Order: V4063008264
2026-06-30 21:21:30,731 - INFO - MainThread - Processing Excel Row 1263
2026-06-30 21:21:30,731 - INFO - MainThread - Order: V4063008265
2026-06-30 21:21:30,732 - INFO - MainThread - Processing Excel Row 1264
2026-06-30 21:21:30,732 - INFO - MainThread - Order: V4063008266
2026-06-30 21:21:30,733 - INFO - MainThread - Processing Excel Row 1265
2026-06-30 21:21:30,733 - INFO - MainThread - Order: V4063008267
2026-06-30 21:21:30,733 - INFO - MainThread - Processing Excel Row 1266
2026-06-30 21:21:30,734 - INFO - MainThread - Order: V4063008268
2026-06-30 21:21:30,734 - INFO - MainThread - Processing Excel Row 1267
2026-06-30 21:21:30,735 - INFO - MainThread - Order: V4063008269
2026-06-30 21:21:30,735 - INFO - MainThread - Processing Excel Row 1268
2026-06-30 21:21:30,736 - INFO - MainThread - Order: V4063008270
2026-06-30 21:21:30,736 - INFO - MainThread - Processing Excel Row 1269
2026-06-30 21:21:30,736 - INFO - MainThread - Order: V4063008271
2026-06-30 21:21:30,736 - INFO - MainThread - Processing Excel Row 1270
2026-06-30 21:21:30,737 - INFO - MainThread - Order: V4063008272
2026-06-30 21:21:30,737 - INFO - MainThread - Processing Excel Row 1271
2026-06-30 21:21:30,738 - INFO - MainThread - Order: V4063008273
2026-06-30 21:21:30,738 - INFO - MainThread - Processing Excel Row 1272
2026-06-30 21:21:30,739 - INFO - MainThread - Order: V4063008274
2026-06-30 21:21:30,739 - INFO - MainThread - Processing Excel Row 1273
2026-06-30 21:21:30,739 - INFO - MainThread - Order: V4063008275
2026-06-30 21:21:30,739 - INFO - MainThread - Processing Excel Row 1274
2026-06-30 21:21:30,740 - INFO - MainThread - Order: V4063008276
2026-06-30 21:21:30,740 - INFO - MainThread - Processing Excel Row 1275
2026-06-30 21:21:30,741 - INFO - MainThread - Order: V4063008277
2026-06-30 21:21:30,741 - INFO - MainThread - Processing Excel Row 1276
2026-06-30 21:21:30,742 - INFO - MainThread - Order: V4063008278
2026-06-30 21:21:30,742 - INFO - MainThread - Processing Excel Row 1277
2026-06-30 21:21:30,742 - INFO - MainThread - Order: V4063008279
2026-06-30 21:21:30,742 - INFO - MainThread - Processing Excel Row 1278
2026-06-30 21:21:30,743 - INFO - MainThread - Order: V4063008280
2026-06-30 21:21:30,743 - INFO - MainThread - Processing Excel Row 1279
2026-06-30 21:21:30,744 - INFO - MainThread - Order: V4063008281
2026-06-30 21:21:30,744 - INFO - MainThread - Processing Excel Row 1280
2026-06-30 21:21:30,745 - INFO - MainThread - Order: V4063008282
2026-06-30 21:21:30,745 - INFO - MainThread - Processing Excel Row 1281
2026-06-30 21:21:30,745 - INFO - MainThread - Order: V4063008283
2026-06-30 21:21:30,745 - INFO - MainThread - Processing Excel Row 1282
2026-06-30 21:21:30,746 - INFO - MainThread - Order: V4063008284
2026-06-30 21:21:30,746 - INFO - MainThread - Processing Excel Row 1283
2026-06-30 21:21:30,747 - INFO - MainThread - Order: V4063008285
2026-06-30 21:21:30,747 - INFO - MainThread - Processing Excel Row 1284
2026-06-30 21:21:30,748 - INFO - MainThread - Order: V4063008286
2026-06-30 21:21:30,748 - INFO - MainThread - Processing Excel Row 1285
2026-06-30 21:21:30,748 - INFO - MainThread - Order: V4063008287
2026-06-30 21:21:30,748 - INFO - MainThread - Processing Excel Row 1286
2026-06-30 21:21:30,749 - INFO - MainThread - Order: V4063008288
2026-06-30 21:21:30,749 - INFO - MainThread - Processing Excel Row 1287
2026-06-30 21:21:30,750 - INFO - MainThread - Order: V4063008289
2026-06-30 21:21:30,750 - INFO - MainThread - Processing Excel Row 1288
2026-06-30 21:21:30,751 - INFO - MainThread - Order: V4063008290
2026-06-30 21:21:30,751 - INFO - MainThread - Processing Excel Row 1289
2026-06-30 21:21:30,752 - INFO - MainThread - Order: V4063008291
2026-06-30 21:21:30,752 - INFO - MainThread - Processing Excel Row 1290
2026-06-30 21:21:30,753 - INFO - MainThread - Order: V4063008292
2026-06-30 21:21:30,753 - INFO - MainThread - Processing Excel Row 1291
2026-06-30 21:21:30,754 - INFO - MainThread - Order: V4063008293
2026-06-30 21:21:30,754 - INFO - MainThread - Processing Excel Row 1292
2026-06-30 21:21:30,755 - INFO - MainThread - Order: V4063008294
2026-06-30 21:21:30,755 - INFO - MainThread - Processing Excel Row 1293
2026-06-30 21:21:30,756 - INFO - MainThread - Order: V4063008295
2026-06-30 21:21:30,756 - INFO - MainThread - Processing Excel Row 1294
2026-06-30 21:21:30,757 - INFO - MainThread - Order: V4063008296
2026-06-30 21:21:30,757 - INFO - MainThread - Processing Excel Row 1295
2026-06-30 21:21:30,757 - INFO - MainThread - Order: V4063008297
2026-06-30 21:21:30,757 - INFO - MainThread - Processing Excel Row 1296
2026-06-30 21:21:30,758 - INFO - MainThread - Order: V4063008298
2026-06-30 21:21:30,758 - INFO - MainThread - Processing Excel Row 1297
2026-06-30 21:21:30,759 - INFO - MainThread - Order: V4063008299
2026-06-30 21:21:30,759 - INFO - MainThread - Processing Excel Row 1298
2026-06-30 21:21:30,760 - INFO - MainThread - Order: V4063008300
2026-06-30 21:21:30,760 - INFO - MainThread - Processing Excel Row 1299
2026-06-30 21:21:30,761 - INFO - MainThread - Order: V4063008301
2026-06-30 21:21:30,761 - INFO - MainThread - Processing Excel Row 1300
2026-06-30 21:21:30,761 - INFO - MainThread - Order: V4063008302
2026-06-30 21:21:30,761 - INFO - MainThread - Processing Excel Row 1301
2026-06-30 21:21:30,762 - INFO - MainThread - Order: V4063008303
2026-06-30 21:21:30,762 - INFO - MainThread - Processing Excel Row 1302
2026-06-30 21:21:30,763 - INFO - MainThread - Order: V4063008304
2026-06-30 21:21:30,763 - INFO - MainThread - Processing Excel Row 1303
2026-06-30 21:21:30,764 - INFO - MainThread - Order: V4063008305
2026-06-30 21:21:30,764 - INFO - MainThread - Processing Excel Row 1304
2026-06-30 21:21:30,765 - INFO - MainThread - Order: V4063008306
2026-06-30 21:21:30,765 - INFO - MainThread - Processing Excel Row 1305
2026-06-30 21:21:30,765 - INFO - MainThread - Order: V4063008307
2026-06-30 21:21:30,766 - INFO - MainThread - Processing Excel Row 1306
2026-06-30 21:21:30,766 - INFO - MainThread - Order: V4063008308
2026-06-30 21:21:30,766 - INFO - MainThread - Processing Excel Row 1307
2026-06-30 21:21:30,767 - INFO - MainThread - Order: V4063008309
2026-06-30 21:21:30,767 - INFO - MainThread - Processing Excel Row 1308
2026-06-30 21:21:30,768 - INFO - MainThread - Order: V4063008310
2026-06-30 21:21:30,768 - INFO - MainThread - Processing Excel Row 1309
2026-06-30 21:21:30,769 - INFO - MainThread - Order: V4063008311
2026-06-30 21:21:30,769 - INFO - MainThread - Processing Excel Row 1310
2026-06-30 21:21:30,769 - INFO - MainThread - Order: V4063008312
2026-06-30 21:21:30,769 - INFO - MainThread - Processing Excel Row 1311
2026-06-30 21:21:30,770 - INFO - MainThread - Order: V4063008313
2026-06-30 21:21:30,770 - INFO - MainThread - Processing Excel Row 1312
2026-06-30 21:21:30,771 - INFO - MainThread - Order: V4063008314
2026-06-30 21:21:30,771 - INFO - MainThread - Processing Excel Row 1313
2026-06-30 21:21:30,772 - INFO - MainThread - Order: V4063008315
2026-06-30 21:21:30,772 - INFO - MainThread - Processing Excel Row 1314
2026-06-30 21:21:30,773 - INFO - MainThread - Order: V4063008316
2026-06-30 21:21:30,773 - INFO - MainThread - Processing Excel Row 1315
2026-06-30 21:21:30,774 - INFO - MainThread - Order: V4063008317
2026-06-30 21:21:30,774 - INFO - MainThread - Processing Excel Row 1316
2026-06-30 21:21:30,775 - INFO - MainThread - Order: V4063008318
2026-06-30 21:21:30,775 - INFO - MainThread - Processing Excel Row 1317
2026-06-30 21:21:30,776 - INFO - MainThread - Order: V4063008319
2026-06-30 21:21:30,776 - INFO - MainThread - Processing Excel Row 1318
2026-06-30 21:21:30,777 - INFO - MainThread - Order: V4063008320
2026-06-30 21:21:30,777 - INFO - MainThread - Processing Excel Row 1319
2026-06-30 21:21:30,777 - INFO - MainThread - Order: V4063008321
2026-06-30 21:21:30,777 - INFO - MainThread - Processing Excel Row 1320
2026-06-30 21:21:30,778 - INFO - MainThread - Order: V4063008322
2026-06-30 21:21:30,778 - INFO - MainThread - Processing Excel Row 1321
2026-06-30 21:21:30,779 - INFO - MainThread - Order: V4063008323
2026-06-30 21:21:30,779 - INFO - MainThread - Processing Excel Row 1322
2026-06-30 21:21:30,780 - INFO - MainThread - Order: V4063008324
2026-06-30 21:21:30,780 - INFO - MainThread - Processing Excel Row 1323
2026-06-30 21:21:30,780 - INFO - MainThread - Order: V4063008325
2026-06-30 21:21:30,780 - INFO - MainThread - Processing Excel Row 1324
2026-06-30 21:21:30,781 - INFO - MainThread - Order: V4063008326
2026-06-30 21:21:30,781 - INFO - MainThread - Processing Excel Row 1325
2026-06-30 21:21:30,782 - INFO - MainThread - Order: V4063008327
2026-06-30 21:21:30,782 - INFO - MainThread - Processing Excel Row 1326
2026-06-30 21:21:30,783 - INFO - MainThread - Order: V4063008328
2026-06-30 21:21:30,783 - INFO - MainThread - Processing Excel Row 1327
2026-06-30 21:21:30,783 - INFO - MainThread - Order: V4063008329
2026-06-30 21:21:30,784 - INFO - MainThread - Processing Excel Row 1328
2026-06-30 21:21:30,784 - INFO - MainThread - Order: V4063008330
2026-06-30 21:21:30,784 - INFO - MainThread - Processing Excel Row 1329
2026-06-30 21:21:30,785 - INFO - MainThread - Order: V4063008331
2026-06-30 21:21:30,785 - INFO - MainThread - Processing Excel Row 1330
2026-06-30 21:21:30,786 - INFO - MainThread - Order: V4063008332
2026-06-30 21:21:30,786 - INFO - MainThread - Processing Excel Row 1331
2026-06-30 21:21:30,786 - INFO - MainThread - Order: V4063008333
2026-06-30 21:21:30,787 - INFO - MainThread - Processing Excel Row 1332
2026-06-30 21:21:30,787 - INFO - MainThread - Order: V4063008334
2026-06-30 21:21:30,787 - INFO - MainThread - Processing Excel Row 1333
2026-06-30 21:21:30,788 - INFO - MainThread - Order: V4063008335
2026-06-30 21:21:30,788 - INFO - MainThread - Processing Excel Row 1334
2026-06-30 21:21:30,789 - INFO - MainThread - Order: V4063008336
2026-06-30 21:21:30,789 - INFO - MainThread - Processing Excel Row 1335
2026-06-30 21:21:30,790 - INFO - MainThread - Order: V4063008337
2026-06-30 21:21:30,790 - INFO - MainThread - Processing Excel Row 1336
2026-06-30 21:21:30,790 - INFO - MainThread - Order: V4063008338
2026-06-30 21:21:30,790 - INFO - MainThread - Processing Excel Row 1337
2026-06-30 21:21:30,791 - INFO - MainThread - Order: V4063008339
2026-06-30 21:21:30,791 - INFO - MainThread - Processing Excel Row 1338
2026-06-30 21:21:30,792 - INFO - MainThread - Order: V4063008340
2026-06-30 21:21:30,792 - INFO - MainThread - Processing Excel Row 1339
2026-06-30 21:21:30,793 - INFO - MainThread - Order: V4063008341
2026-06-30 21:21:30,793 - INFO - MainThread - Processing Excel Row 1340
2026-06-30 21:21:30,794 - INFO - MainThread - Order: V4063008342
2026-06-30 21:21:30,794 - INFO - MainThread - Processing Excel Row 1341
2026-06-30 21:21:30,795 - INFO - MainThread - Order: V4063008343
2026-06-30 21:21:30,795 - INFO - MainThread - Processing Excel Row 1342
2026-06-30 21:21:30,796 - INFO - MainThread - Order: V4063008344
2026-06-30 21:21:30,796 - INFO - MainThread - Processing Excel Row 1343
2026-06-30 21:21:30,796 - INFO - MainThread - Order: V4063008345
2026-06-30 21:21:30,796 - INFO - MainThread - Processing Excel Row 1344
2026-06-30 21:21:30,797 - INFO - MainThread - Order: V4063008346
2026-06-30 21:21:30,797 - INFO - MainThread - Processing Excel Row 1345
2026-06-30 21:21:30,798 - INFO - MainThread - Order: V4063008347
2026-06-30 21:21:30,798 - INFO - MainThread - Processing Excel Row 1346
2026-06-30 21:21:30,799 - INFO - MainThread - Order: V4063008348
2026-06-30 21:21:30,799 - INFO - MainThread - Processing Excel Row 1347
2026-06-30 21:21:30,800 - INFO - MainThread - Order: V4063008349
2026-06-30 21:21:30,800 - INFO - MainThread - Processing Excel Row 1348
2026-06-30 21:21:30,800 - INFO - MainThread - Order: V4063008350
2026-06-30 21:21:30,800 - INFO - MainThread - Processing Excel Row 1349
2026-06-30 21:21:30,801 - INFO - MainThread - Order: V4063008351
2026-06-30 21:21:30,801 - INFO - MainThread - Processing Excel Row 1350
2026-06-30 21:21:30,802 - INFO - MainThread - Order: V4063008352
2026-06-30 21:21:30,802 - INFO - MainThread - Processing Excel Row 1351
2026-06-30 21:21:30,803 - INFO - MainThread - Order: V4063008353
2026-06-30 21:21:30,803 - INFO - MainThread - Processing Excel Row 1352
2026-06-30 21:21:30,804 - INFO - MainThread - Order: V4063008354
2026-06-30 21:21:30,804 - INFO - MainThread - Processing Excel Row 1353
2026-06-30 21:21:30,804 - INFO - MainThread - Order: V4063008355
2026-06-30 21:21:30,804 - INFO - MainThread - Processing Excel Row 1354
2026-06-30 21:21:30,805 - INFO - MainThread - Order: V4063008356
2026-06-30 21:21:30,805 - INFO - MainThread - Processing Excel Row 1355
2026-06-30 21:21:30,806 - INFO - MainThread - Order: V4063008357
2026-06-30 21:21:30,806 - INFO - MainThread - Processing Excel Row 1356
2026-06-30 21:21:30,806 - INFO - MainThread - Order: V4063008358
2026-06-30 21:21:30,807 - INFO - MainThread - Processing Excel Row 1357
2026-06-30 21:21:30,807 - INFO - MainThread - Order: V4063008359
2026-06-30 21:21:30,807 - INFO - MainThread - Processing Excel Row 1358
2026-06-30 21:21:30,808 - INFO - MainThread - Order: V4063008360
2026-06-30 21:21:30,808 - INFO - MainThread - Processing Excel Row 1359
2026-06-30 21:21:30,809 - INFO - MainThread - Order: V4063008361
2026-06-30 21:21:30,809 - INFO - MainThread - Processing Excel Row 1360
2026-06-30 21:21:30,809 - INFO - MainThread - Order: V4063008362
2026-06-30 21:21:30,809 - INFO - MainThread - Processing Excel Row 1361
2026-06-30 21:21:30,810 - INFO - MainThread - Order: V4063008363
2026-06-30 21:21:30,810 - INFO - MainThread - Processing Excel Row 1362
2026-06-30 21:21:30,811 - INFO - MainThread - Order: V4063008364
2026-06-30 21:21:30,811 - INFO - MainThread - Processing Excel Row 1363
2026-06-30 21:21:30,812 - INFO - MainThread - Order: V4063008365
2026-06-30 21:21:30,812 - INFO - MainThread - Processing Excel Row 1364
2026-06-30 21:21:30,813 - INFO - MainThread - Order: V4063008366
2026-06-30 21:21:30,813 - INFO - MainThread - Processing Excel Row 1365
2026-06-30 21:21:30,814 - INFO - MainThread - Order: V4063008367
2026-06-30 21:21:30,814 - INFO - MainThread - Processing Excel Row 1366
2026-06-30 21:21:30,815 - INFO - MainThread - Order: V4063008368
2026-06-30 21:21:30,815 - INFO - MainThread - Processing Excel Row 1367
2026-06-30 21:21:30,816 - INFO - MainThread - Order: V4063008369
2026-06-30 21:21:30,816 - INFO - MainThread - Processing Excel Row 1368
2026-06-30 21:21:30,816 - INFO - MainThread - Order: V4063008370
2026-06-30 21:21:30,816 - INFO - MainThread - Processing Excel Row 1369
2026-06-30 21:21:30,817 - INFO - MainThread - Order: V4063008371
2026-06-30 21:21:30,817 - INFO - MainThread - Processing Excel Row 1370
2026-06-30 21:21:30,818 - INFO - MainThread - Order: V4063008372
2026-06-30 21:21:30,818 - INFO - MainThread - Processing Excel Row 1371
2026-06-30 21:21:30,819 - INFO - MainThread - Order: V4063008373
2026-06-30 21:21:30,819 - INFO - MainThread - Processing Excel Row 1372
2026-06-30 21:21:30,819 - INFO - MainThread - Order: V4063008374
2026-06-30 21:21:30,819 - INFO - MainThread - Processing Excel Row 1373
2026-06-30 21:21:30,820 - INFO - MainThread - Order: V4063008375
2026-06-30 21:21:30,820 - INFO - MainThread - Processing Excel Row 1374
2026-06-30 21:21:30,821 - INFO - MainThread - Order: V4063008376
2026-06-30 21:21:30,821 - INFO - MainThread - Processing Excel Row 1375
2026-06-30 21:21:30,821 - INFO - MainThread - Order: V4063008377
2026-06-30 21:21:30,821 - INFO - MainThread - Processing Excel Row 1376
2026-06-30 21:21:30,822 - INFO - MainThread - Order: V4063008378
2026-06-30 21:21:30,822 - INFO - MainThread - Processing Excel Row 1377
2026-06-30 21:21:30,823 - INFO - MainThread - Order: V4063008379
2026-06-30 21:21:30,823 - INFO - MainThread - Processing Excel Row 1378
2026-06-30 21:21:30,824 - INFO - MainThread - Order: V4063008380
2026-06-30 21:21:30,824 - INFO - MainThread - Processing Excel Row 1379
2026-06-30 21:21:30,825 - INFO - MainThread - Order: V4063008381
2026-06-30 21:21:30,825 - INFO - MainThread - Processing Excel Row 1380
2026-06-30 21:21:30,825 - INFO - MainThread - Order: V4063008382
2026-06-30 21:21:30,826 - INFO - MainThread - Processing Excel Row 1381
2026-06-30 21:21:30,827 - INFO - MainThread - Order: V4063008383
2026-06-30 21:21:30,827 - INFO - MainThread - Processing Excel Row 1382
2026-06-30 21:21:30,828 - INFO - MainThread - Order: V4063008384
2026-06-30 21:21:30,828 - INFO - MainThread - Processing Excel Row 1383
2026-06-30 21:21:30,829 - INFO - MainThread - Order: V4063008385
2026-06-30 21:21:30,829 - INFO - MainThread - Processing Excel Row 1384
2026-06-30 21:21:30,829 - INFO - MainThread - Order: V4063008386
2026-06-30 21:21:30,829 - INFO - MainThread - Processing Excel Row 1385
2026-06-30 21:21:30,830 - INFO - MainThread - Order: V4063008387
2026-06-30 21:21:30,830 - INFO - MainThread - Processing Excel Row 1386
2026-06-30 21:21:30,831 - INFO - MainThread - Order: V4063008388
2026-06-30 21:21:30,831 - INFO - MainThread - Processing Excel Row 1387
2026-06-30 21:21:30,832 - INFO - MainThread - Order: V4063008389
2026-06-30 21:21:30,832 - INFO - MainThread - Processing Excel Row 1388
2026-06-30 21:21:30,832 - INFO - MainThread - Order: V4063008390
2026-06-30 21:21:30,832 - INFO - MainThread - Processing Excel Row 1389
2026-06-30 21:21:30,833 - INFO - MainThread - Order: V4063008391
2026-06-30 21:21:30,833 - INFO - MainThread - Processing Excel Row 1390
2026-06-30 21:21:30,834 - INFO - MainThread - Order: V4063008392
2026-06-30 21:21:30,834 - INFO - MainThread - Processing Excel Row 1391
2026-06-30 21:21:30,835 - INFO - MainThread - Order: V4063008393
2026-06-30 21:21:30,835 - INFO - MainThread - Processing Excel Row 1392
2026-06-30 21:21:30,836 - INFO - MainThread - Order: V4063008394
2026-06-30 21:21:30,836 - INFO - MainThread - Processing Excel Row 1393
2026-06-30 21:21:30,837 - INFO - MainThread - Order: V4063008395
2026-06-30 21:21:30,837 - INFO - MainThread - Processing Excel Row 1394
2026-06-30 21:21:30,838 - INFO - MainThread - Order: V4063008396
2026-06-30 21:21:30,838 - INFO - MainThread - Processing Excel Row 1395
2026-06-30 21:21:30,839 - INFO - MainThread - Order: V4063008397
2026-06-30 21:21:30,839 - INFO - MainThread - Processing Excel Row 1396
2026-06-30 21:21:30,840 - INFO - MainThread - Order: V4063008398
2026-06-30 21:21:30,840 - INFO - MainThread - Processing Excel Row 1397
2026-06-30 21:21:30,841 - INFO - MainThread - Order: V4063008399
2026-06-30 21:21:30,841 - INFO - MainThread - Processing Excel Row 1398
2026-06-30 21:21:30,841 - INFO - MainThread - Order: V4063008400
2026-06-30 21:21:30,841 - INFO - MainThread - Processing Excel Row 1399
2026-06-30 21:21:30,842 - INFO - MainThread - Order: V4063008401
2026-06-30 21:21:30,842 - INFO - MainThread - Processing Excel Row 1400
2026-06-30 21:21:30,843 - INFO - MainThread - Order: V4063008402
2026-06-30 21:21:30,843 - INFO - MainThread - Processing Excel Row 1401
2026-06-30 21:21:30,843 - INFO - MainThread - Order: V4063008403
2026-06-30 21:21:30,843 - INFO - MainThread - Processing Excel Row 1402
2026-06-30 21:21:30,844 - INFO - MainThread - Order: V4063008404
2026-06-30 21:21:30,844 - INFO - MainThread - Processing Excel Row 1403
2026-06-30 21:21:30,845 - INFO - MainThread - Order: V4063008405
2026-06-30 21:21:30,845 - INFO - MainThread - Processing Excel Row 1404
2026-06-30 21:21:30,846 - INFO - MainThread - Order: V4063008406
2026-06-30 21:21:30,846 - INFO - MainThread - Processing Excel Row 1405
2026-06-30 21:21:30,846 - INFO - MainThread - Order: V4063008407
2026-06-30 21:21:30,846 - INFO - MainThread - Processing Excel Row 1406
2026-06-30 21:21:30,847 - INFO - MainThread - Order: V4063008408
2026-06-30 21:21:30,847 - INFO - MainThread - Processing Excel Row 1407
2026-06-30 21:21:30,848 - INFO - MainThread - Order: V4063008409
2026-06-30 21:21:30,848 - INFO - MainThread - Processing Excel Row 1408
2026-06-30 21:21:30,849 - INFO - MainThread - Order: V4063008410
2026-06-30 21:21:30,849 - INFO - MainThread - Processing Excel Row 1409
2026-06-30 21:21:30,849 - INFO - MainThread - Order: V4063008411
2026-06-30 21:21:30,849 - INFO - MainThread - Processing Excel Row 1410
2026-06-30 21:21:30,850 - INFO - MainThread - Order: V4063008412
2026-06-30 21:21:30,850 - INFO - MainThread - Processing Excel Row 1411
2026-06-30 21:21:30,851 - INFO - MainThread - Order: V4063008413
2026-06-30 21:21:30,851 - INFO - MainThread - Processing Excel Row 1412
2026-06-30 21:21:30,851 - INFO - MainThread - Order: V4063008414
2026-06-30 21:21:30,852 - INFO - MainThread - Processing Excel Row 1413
2026-06-30 21:21:30,852 - INFO - MainThread - Order: V4063008415
2026-06-30 21:21:30,852 - INFO - MainThread - Processing Excel Row 1414
2026-06-30 21:21:30,853 - INFO - MainThread - Order: V4063008416
2026-06-30 21:21:30,853 - INFO - MainThread - Processing Excel Row 1415
2026-06-30 21:21:30,854 - INFO - MainThread - Order: V4063008417
2026-06-30 21:21:30,854 - INFO - MainThread - Processing Excel Row 1416
2026-06-30 21:21:30,854 - INFO - MainThread - Order: V4063008418
2026-06-30 21:21:30,854 - INFO - MainThread - Processing Excel Row 1417
2026-06-30 21:21:30,855 - INFO - MainThread - Order: V4063008419
2026-06-30 21:21:30,855 - INFO - MainThread - Processing Excel Row 1418
2026-06-30 21:21:30,856 - INFO - MainThread - Order: V4063008420
2026-06-30 21:21:30,856 - INFO - MainThread - Processing Excel Row 1419
2026-06-30 21:21:30,857 - INFO - MainThread - Order: V4063008421
2026-06-30 21:21:30,857 - INFO - MainThread - Processing Excel Row 1420
2026-06-30 21:21:30,858 - INFO - MainThread - Order: V4063008422
2026-06-30 21:21:30,858 - INFO - MainThread - Processing Excel Row 1421
2026-06-30 21:21:30,859 - INFO - MainThread - Order: V4063008423
2026-06-30 21:21:30,859 - INFO - MainThread - Processing Excel Row 1422
2026-06-30 21:21:30,860 - INFO - MainThread - Order: V4063008424
2026-06-30 21:21:30,860 - INFO - MainThread - Processing Excel Row 1423
2026-06-30 21:21:30,861 - INFO - MainThread - Order: V4063008425
2026-06-30 21:21:30,861 - INFO - MainThread - Processing Excel Row 1424
2026-06-30 21:21:30,862 - INFO - MainThread - Order: V4063008426
2026-06-30 21:21:30,862 - INFO - MainThread - Processing Excel Row 1425
2026-06-30 21:21:30,862 - INFO - MainThread - Order: V4063008427
2026-06-30 21:21:30,862 - INFO - MainThread - Processing Excel Row 1426
2026-06-30 21:21:30,863 - INFO - MainThread - Order: V4063008428
2026-06-30 21:21:30,863 - INFO - MainThread - Processing Excel Row 1427
2026-06-30 21:21:30,864 - INFO - MainThread - Order: V4063008429
2026-06-30 21:21:30,864 - INFO - MainThread - Processing Excel Row 1428
2026-06-30 21:21:30,865 - INFO - MainThread - Order: V4063008430
2026-06-30 21:21:30,865 - INFO - MainThread - Processing Excel Row 1429
2026-06-30 21:21:30,865 - INFO - MainThread - Order: V4063008431
2026-06-30 21:21:30,865 - INFO - MainThread - Processing Excel Row 1430
2026-06-30 21:21:30,866 - INFO - MainThread - Order: V4063008432
2026-06-30 21:21:30,866 - INFO - MainThread - Processing Excel Row 1431
2026-06-30 21:21:30,867 - INFO - MainThread - Order: V4063008433
2026-06-30 21:21:30,867 - INFO - MainThread - Processing Excel Row 1432
2026-06-30 21:21:30,868 - INFO - MainThread - Order: V4063008434
2026-06-30 21:21:30,868 - INFO - MainThread - Processing Excel Row 1433
2026-06-30 21:21:30,869 - INFO - MainThread - Order: V4063008435
2026-06-30 21:21:30,869 - INFO - MainThread - Processing Excel Row 1434
2026-06-30 21:21:30,869 - INFO - MainThread - Order: V4063008436
2026-06-30 21:21:30,869 - INFO - MainThread - Processing Excel Row 1435
2026-06-30 21:21:30,870 - INFO - MainThread - Order: V4063008437
2026-06-30 21:21:30,870 - INFO - MainThread - Processing Excel Row 1436
2026-06-30 21:21:30,871 - INFO - MainThread - Order: V4063008438
2026-06-30 21:21:30,871 - INFO - MainThread - Processing Excel Row 1437
2026-06-30 21:21:30,872 - INFO - MainThread - Order: V4063008439
2026-06-30 21:21:30,872 - INFO - MainThread - Processing Excel Row 1438
2026-06-30 21:21:30,872 - INFO - MainThread - Order: V4063008440
2026-06-30 21:21:30,872 - INFO - MainThread - Processing Excel Row 1439
2026-06-30 21:21:30,873 - INFO - MainThread - Order: V4063008441
2026-06-30 21:21:30,873 - INFO - MainThread - Processing Excel Row 1440
2026-06-30 21:21:30,874 - INFO - MainThread - Order: V4063008442
2026-06-30 21:21:30,874 - INFO - MainThread - Processing Excel Row 1441
2026-06-30 21:21:30,874 - INFO - MainThread - Order: V4063008443
2026-06-30 21:21:30,875 - INFO - MainThread - Processing Excel Row 1442
2026-06-30 21:21:30,875 - INFO - MainThread - Order: V4063008444
2026-06-30 21:21:30,875 - INFO - MainThread - Processing Excel Row 1443
2026-06-30 21:21:30,876 - INFO - MainThread - Order: V4063008445
2026-06-30 21:21:30,876 - INFO - MainThread - Processing Excel Row 1444
2026-06-30 21:21:30,877 - INFO - MainThread - Order: V4063008446
2026-06-30 21:21:30,877 - INFO - MainThread - Processing Excel Row 1445
2026-06-30 21:21:30,878 - INFO - MainThread - Order: V4063008447
2026-06-30 21:21:30,878 - INFO - MainThread - Processing Excel Row 1446
2026-06-30 21:21:30,879 - INFO - MainThread - Order: V4063008448
2026-06-30 21:21:30,879 - INFO - MainThread - Processing Excel Row 1447
2026-06-30 21:21:30,880 - INFO - MainThread - Order: V4063008449
2026-06-30 21:21:30,880 - INFO - MainThread - Processing Excel Row 1448
2026-06-30 21:21:30,881 - INFO - MainThread - Order: V4063008450
2026-06-30 21:21:30,881 - INFO - MainThread - Processing Excel Row 1449
2026-06-30 21:21:30,881 - INFO - MainThread - Order: V4063008451
2026-06-30 21:21:30,881 - INFO - MainThread - Processing Excel Row 1450
2026-06-30 21:21:30,882 - INFO - MainThread - Order: V4063008452
2026-06-30 21:21:30,882 - INFO - MainThread - Processing Excel Row 1451
2026-06-30 21:21:30,883 - INFO - MainThread - Order: V4063008453
2026-06-30 21:21:30,883 - INFO - MainThread - Processing Excel Row 1452
2026-06-30 21:21:30,884 - INFO - MainThread - Order: V4063008454
2026-06-30 21:21:30,884 - INFO - MainThread - Processing Excel Row 1453
2026-06-30 21:21:30,884 - INFO - MainThread - Order: V4063008455
2026-06-30 21:21:30,884 - INFO - MainThread - Processing Excel Row 1454
2026-06-30 21:21:30,885 - INFO - MainThread - Order: V4063008456
2026-06-30 21:21:30,885 - INFO - MainThread - Processing Excel Row 1455
2026-06-30 21:21:30,886 - INFO - MainThread - Order: V4063008457
2026-06-30 21:21:30,886 - INFO - MainThread - Processing Excel Row 1456
2026-06-30 21:21:30,887 - INFO - MainThread - Order: V4063008458
2026-06-30 21:21:30,887 - INFO - MainThread - Processing Excel Row 1457
2026-06-30 21:21:30,887 - INFO - MainThread - Order: V4063008459
2026-06-30 21:21:30,887 - INFO - MainThread - Processing Excel Row 1458
2026-06-30 21:21:30,888 - INFO - MainThread - Order: V4063008460
2026-06-30 21:21:30,888 - INFO - MainThread - Processing Excel Row 1459
2026-06-30 21:21:30,889 - INFO - MainThread - Order: V4063008461
2026-06-30 21:21:30,889 - INFO - MainThread - Processing Excel Row 1460
2026-06-30 21:21:30,890 - INFO - MainThread - Order: V4063008462
2026-06-30 21:21:30,890 - INFO - MainThread - Processing Excel Row 1461
2026-06-30 21:21:30,890 - INFO - MainThread - Order: V4063008463
2026-06-30 21:21:30,890 - INFO - MainThread - Processing Excel Row 1462
2026-06-30 21:21:30,891 - INFO - MainThread - Order: V4063008464
2026-06-30 21:21:30,891 - INFO - MainThread - Processing Excel Row 1463
2026-06-30 21:21:30,892 - INFO - MainThread - Order: V4063008465
2026-06-30 21:21:30,892 - INFO - MainThread - Processing Excel Row 1464
2026-06-30 21:21:30,892 - INFO - MainThread - Order: V4063008466
2026-06-30 21:21:30,892 - INFO - MainThread - Processing Excel Row 1465
2026-06-30 21:21:30,893 - INFO - MainThread - Order: V4063008467
2026-06-30 21:21:30,893 - INFO - MainThread - Processing Excel Row 1466
2026-06-30 21:21:30,894 - INFO - MainThread - Order: V4063008468
2026-06-30 21:21:30,894 - INFO - MainThread - Processing Excel Row 1467
2026-06-30 21:21:30,895 - INFO - MainThread - Order: V4063008469
2026-06-30 21:21:30,895 - INFO - MainThread - Processing Excel Row 1468
2026-06-30 21:21:30,895 - INFO - MainThread - Order: V4063008470
2026-06-30 21:21:30,895 - INFO - MainThread - Processing Excel Row 1469
2026-06-30 21:21:30,896 - INFO - MainThread - Order: V4063008471
2026-06-30 21:21:30,896 - INFO - MainThread - Processing Excel Row 1470
2026-06-30 21:21:30,897 - INFO - MainThread - Order: V4063008472
2026-06-30 21:21:30,897 - INFO - MainThread - Processing Excel Row 1471
2026-06-30 21:21:30,898 - INFO - MainThread - Order: V4063008473
2026-06-30 21:21:30,898 - INFO - MainThread - Processing Excel Row 1472
2026-06-30 21:21:30,899 - INFO - MainThread - Order: V4063008474
2026-06-30 21:21:30,899 - INFO - MainThread - Processing Excel Row 1473
2026-06-30 21:21:30,900 - INFO - MainThread - Order: V4063008475
2026-06-30 21:21:30,900 - INFO - MainThread - Processing Excel Row 1474
2026-06-30 21:21:30,901 - INFO - MainThread - Order: V4063008476
2026-06-30 21:21:30,901 - INFO - MainThread - Processing Excel Row 1475
2026-06-30 21:21:30,902 - INFO - MainThread - Order: V4063008477
2026-06-30 21:21:30,902 - INFO - MainThread - Processing Excel Row 1476
2026-06-30 21:21:30,902 - INFO - MainThread - Order: V4063008478
2026-06-30 21:21:30,903 - INFO - MainThread - Processing Excel Row 1477
2026-06-30 21:21:30,903 - INFO - MainThread - Order: V4063008479
2026-06-30 21:21:30,903 - INFO - MainThread - Processing Excel Row 1478
2026-06-30 21:21:30,904 - INFO - MainThread - Order: V4063008480
2026-06-30 21:21:30,904 - INFO - MainThread - Processing Excel Row 1479
2026-06-30 21:21:30,905 - INFO - MainThread - Order: V4063008481
2026-06-30 21:21:30,905 - INFO - MainThread - Processing Excel Row 1480
2026-06-30 21:21:30,906 - INFO - MainThread - Order: V4063008482
2026-06-30 21:21:30,906 - INFO - MainThread - Processing Excel Row 1481
2026-06-30 21:21:30,906 - INFO - MainThread - Order: V4063008483
2026-06-30 21:21:30,906 - INFO - MainThread - Processing Excel Row 1482
2026-06-30 21:21:30,907 - INFO - MainThread - Order: V4063008484
2026-06-30 21:21:30,907 - INFO - MainThread - Processing Excel Row 1483
2026-06-30 21:21:30,908 - INFO - MainThread - Order: V4063008485
2026-06-30 21:21:30,908 - INFO - MainThread - Processing Excel Row 1484
2026-06-30 21:21:30,909 - INFO - MainThread - Order: V4063008486
2026-06-30 21:21:30,909 - INFO - MainThread - Processing Excel Row 1485
2026-06-30 21:21:30,910 - INFO - MainThread - Order: V4063008487
2026-06-30 21:21:30,910 - INFO - MainThread - Processing Excel Row 1486
2026-06-30 21:21:30,910 - INFO - MainThread - Order: V4063008488
2026-06-30 21:21:30,910 - INFO - MainThread - Processing Excel Row 1487
2026-06-30 21:21:30,911 - INFO - MainThread - Order: V4063008489
2026-06-30 21:21:30,911 - INFO - MainThread - Processing Excel Row 1488
2026-06-30 21:21:30,912 - INFO - MainThread - Order: V4063008490
2026-06-30 21:21:30,912 - INFO - MainThread - Processing Excel Row 1489
2026-06-30 21:21:30,913 - INFO - MainThread - Order: V4063008491
2026-06-30 21:21:30,913 - INFO - MainThread - Processing Excel Row 1490
2026-06-30 21:21:30,913 - INFO - MainThread - Order: V4063008492
2026-06-30 21:21:30,913 - INFO - MainThread - Processing Excel Row 1491
2026-06-30 21:21:30,914 - INFO - MainThread - Order: V4063008493
2026-06-30 21:21:30,914 - INFO - MainThread - Processing Excel Row 1492
2026-06-30 21:21:30,915 - INFO - MainThread - Order: V4063008494
2026-06-30 21:21:30,915 - INFO - MainThread - Processing Excel Row 1493
2026-06-30 21:21:30,915 - INFO - MainThread - Order: V4063008495
2026-06-30 21:21:30,916 - INFO - MainThread - Processing Excel Row 1494
2026-06-30 21:21:30,916 - INFO - MainThread - Order: V4063008496
2026-06-30 21:21:30,916 - INFO - MainThread - Processing Excel Row 1495
2026-06-30 21:21:30,917 - INFO - MainThread - Order: V4063008497
2026-06-30 21:21:30,917 - INFO - MainThread - Processing Excel Row 1496
2026-06-30 21:21:30,918 - INFO - MainThread - Order: V4063008498
2026-06-30 21:21:30,918 - INFO - MainThread - Processing Excel Row 1497
2026-06-30 21:21:30,919 - INFO - MainThread - Order: V4063008499
2026-06-30 21:21:30,919 - INFO - MainThread - Processing Excel Row 1498
2026-06-30 21:21:30,920 - INFO - MainThread - Order: V4063008500
2026-06-30 21:21:30,920 - INFO - MainThread - Processing Excel Row 1499
2026-06-30 21:21:30,921 - INFO - MainThread - Order: V4063008501
2026-06-30 21:21:30,921 - INFO - MainThread - Processing Excel Row 1500
2026-06-30 21:21:30,922 - INFO - MainThread - Order: V4063008502
2026-06-30 21:21:30,922 - INFO - MainThread - Processing Excel Row 1501
2026-06-30 21:21:30,923 - INFO - MainThread - Order: V4063008503
2026-06-30 21:21:30,923 - INFO - MainThread - Processing Excel Row 1502
2026-06-30 21:21:30,923 - INFO - MainThread - Order: V4063008504
2026-06-30 21:21:30,924 - INFO - MainThread - Processing Excel Row 1503
2026-06-30 21:21:30,924 - INFO - MainThread - Order: V4063008505
2026-06-30 21:21:30,924 - INFO - MainThread - Processing Excel Row 1504
2026-06-30 21:21:30,925 - INFO - MainThread - Order: V4063008506
2026-06-30 21:21:30,925 - INFO - MainThread - Processing Excel Row 1505
2026-06-30 21:21:30,926 - INFO - MainThread - Order: V4063008507
2026-06-30 21:21:30,926 - INFO - MainThread - Processing Excel Row 1506
2026-06-30 21:21:30,926 - INFO - MainThread - Order: V4063008508
2026-06-30 21:21:30,927 - INFO - MainThread - Processing Excel Row 1507
2026-06-30 21:21:30,927 - INFO - MainThread - Order: V4063008509
2026-06-30 21:21:30,927 - INFO - MainThread - Processing Excel Row 1508
2026-06-30 21:21:30,928 - INFO - MainThread - Order: V4063008510
2026-06-30 21:21:30,928 - INFO - MainThread - Processing Excel Row 1509
2026-06-30 21:21:30,929 - INFO - MainThread - Order: V4063008511
2026-06-30 21:21:30,929 - INFO - MainThread - Processing Excel Row 1510
2026-06-30 21:21:30,929 - INFO - MainThread - Order: V4063008512
2026-06-30 21:21:30,929 - INFO - MainThread - Processing Excel Row 1511
2026-06-30 21:21:30,930 - INFO - MainThread - Order: V4063008513
2026-06-30 21:21:30,930 - INFO - MainThread - Processing Excel Row 1512
2026-06-30 21:21:30,931 - INFO - MainThread - Order: V4063008514
2026-06-30 21:21:30,931 - INFO - MainThread - Processing Excel Row 1513
2026-06-30 21:21:30,932 - INFO - MainThread - Order: V4063008515
2026-06-30 21:21:30,932 - INFO - MainThread - Processing Excel Row 1514
2026-06-30 21:21:30,932 - INFO - MainThread - Order: V4063008516
2026-06-30 21:21:30,932 - INFO - MainThread - Processing Excel Row 1515
2026-06-30 21:21:30,933 - INFO - MainThread - Order: V4063008517
2026-06-30 21:21:30,933 - INFO - MainThread - Processing Excel Row 1516
2026-06-30 21:21:30,934 - INFO - MainThread - Order: V4063008518
2026-06-30 21:21:30,934 - INFO - MainThread - Processing Excel Row 1517
2026-06-30 21:21:30,935 - INFO - MainThread - Order: V4063008519
2026-06-30 21:21:30,935 - INFO - MainThread - Processing Excel Row 1518
2026-06-30 21:21:30,935 - INFO - MainThread - Order: V4063008520
2026-06-30 21:21:30,935 - INFO - MainThread - Processing Excel Row 1519
2026-06-30 21:21:30,936 - INFO - MainThread - Order: V4063008521
2026-06-30 21:21:30,936 - INFO - MainThread - Processing Excel Row 1520
2026-06-30 21:21:30,937 - INFO - MainThread - Order: V4063008522
2026-06-30 21:21:30,937 - INFO - MainThread - Processing Excel Row 1521
2026-06-30 21:21:30,937 - INFO - MainThread - Order: V4063008523
2026-06-30 21:21:30,937 - INFO - MainThread - Processing Excel Row 1522
2026-06-30 21:21:30,938 - INFO - MainThread - Order: V4063008524
2026-06-30 21:21:30,938 - INFO - MainThread - Processing Excel Row 1523
2026-06-30 21:21:30,939 - INFO - MainThread - Order: V4063008525
2026-06-30 21:21:30,939 - INFO - MainThread - Processing Excel Row 1524
2026-06-30 21:21:30,940 - INFO - MainThread - Order: V4063008526
2026-06-30 21:21:30,940 - INFO - MainThread - Processing Excel Row 1525
2026-06-30 21:21:30,941 - INFO - MainThread - Order: V4063008527
2026-06-30 21:21:30,941 - INFO - MainThread - Processing Excel Row 1526
2026-06-30 21:21:30,942 - INFO - MainThread - Order: V4063008528
2026-06-30 21:21:30,942 - INFO - MainThread - Processing Excel Row 1527
2026-06-30 21:21:30,943 - INFO - MainThread - Order: V4063008529
2026-06-30 21:21:30,943 - INFO - MainThread - Processing Excel Row 1528
2026-06-30 21:21:30,943 - INFO - MainThread - Order: V4063008530
2026-06-30 21:21:30,943 - INFO - MainThread - Processing Excel Row 1529
2026-06-30 21:21:30,944 - INFO - MainThread - Order: V4063008531
2026-06-30 21:21:30,944 - INFO - MainThread - Processing Excel Row 1530
2026-06-30 21:21:30,945 - INFO - MainThread - Order: V4063008532
2026-06-30 21:21:30,945 - INFO - MainThread - Processing Excel Row 1531
2026-06-30 21:21:30,946 - INFO - MainThread - Order: V4063008533
2026-06-30 21:21:30,946 - INFO - MainThread - Processing Excel Row 1532
2026-06-30 21:21:30,947 - INFO - MainThread - Order: V4063008534
2026-06-30 21:21:30,947 - INFO - MainThread - Processing Excel Row 1533
2026-06-30 21:21:30,947 - INFO - MainThread - Order: V4063008535
2026-06-30 21:21:30,947 - INFO - MainThread - Processing Excel Row 1534
2026-06-30 21:21:30,948 - INFO - MainThread - Order: V4063008536
2026-06-30 21:21:30,948 - INFO - MainThread - Processing Excel Row 1535
2026-06-30 21:21:30,949 - INFO - MainThread - Order: V4063008537
2026-06-30 21:21:30,949 - INFO - MainThread - Processing Excel Row 1536
2026-06-30 21:21:30,950 - INFO - MainThread - Order: V4063008538
2026-06-30 21:21:30,950 - INFO - MainThread - Processing Excel Row 1537
2026-06-30 21:21:30,950 - INFO - MainThread - Order: V4063008539
2026-06-30 21:21:30,950 - INFO - MainThread - Processing Excel Row 1538
2026-06-30 21:21:30,951 - INFO - MainThread - Order: V4063008540
2026-06-30 21:21:30,951 - INFO - MainThread - Processing Excel Row 1539
2026-06-30 21:21:30,952 - INFO - MainThread - Order: V4063008541
2026-06-30 21:21:30,952 - INFO - MainThread - Processing Excel Row 1540
2026-06-30 21:21:30,953 - INFO - MainThread - Order: V4063008542
2026-06-30 21:21:30,953 - INFO - MainThread - Processing Excel Row 1541
2026-06-30 21:21:30,954 - INFO - MainThread - Order: V4063008543
2026-06-30 21:21:30,954 - INFO - MainThread - Processing Excel Row 1542
2026-06-30 21:21:30,954 - INFO - MainThread - Order: V4063008544
2026-06-30 21:21:30,954 - INFO - MainThread - Processing Excel Row 1543
2026-06-30 21:21:30,955 - INFO - MainThread - Order: V4063008545
2026-06-30 21:21:30,955 - INFO - MainThread - Processing Excel Row 1544
2026-06-30 21:21:30,956 - INFO - MainThread - Order: V4063008546
2026-06-30 21:21:30,956 - INFO - MainThread - Processing Excel Row 1545
2026-06-30 21:21:30,956 - INFO - MainThread - Order: V4063008547
2026-06-30 21:21:30,956 - INFO - MainThread - Processing Excel Row 1546
2026-06-30 21:21:30,957 - INFO - MainThread - Order: V4063008548
2026-06-30 21:21:30,957 - INFO - MainThread - Processing Excel Row 1547
2026-06-30 21:21:30,958 - INFO - MainThread - Order: V4063008549
2026-06-30 21:21:30,958 - INFO - MainThread - Processing Excel Row 1548
2026-06-30 21:21:30,959 - INFO - MainThread - Order: V4063008550
2026-06-30 21:21:30,959 - INFO - MainThread - Processing Excel Row 1549
2026-06-30 21:21:30,959 - INFO - MainThread - Order: V4063008551
2026-06-30 21:21:30,959 - INFO - MainThread - Processing Excel Row 1550
2026-06-30 21:21:30,960 - INFO - MainThread - Order: V4063008552
2026-06-30 21:21:30,960 - INFO - MainThread - Processing Excel Row 1551
2026-06-30 21:21:30,961 - INFO - MainThread - Order: V4063008553
2026-06-30 21:21:30,961 - INFO - MainThread - Processing Excel Row 1552
2026-06-30 21:21:30,961 - INFO - MainThread - Order: V4063008554
2026-06-30 21:21:30,961 - INFO - MainThread - Processing Excel Row 1553
2026-06-30 21:21:30,962 - INFO - MainThread - Order: V4063008555
2026-06-30 21:21:30,962 - INFO - MainThread - Processing Excel Row 1554
2026-06-30 21:21:30,963 - INFO - MainThread - Order: V4063008556
2026-06-30 21:21:30,963 - INFO - MainThread - Processing Excel Row 1555
2026-06-30 21:21:30,964 - INFO - MainThread - Order: V4063008557
2026-06-30 21:21:30,964 - INFO - MainThread - Processing Excel Row 1556
2026-06-30 21:21:30,964 - INFO - MainThread - Order: V4063008558
2026-06-30 21:21:30,965 - INFO - MainThread - Processing Excel Row 1557
2026-06-30 21:21:30,965 - INFO - MainThread - Order: V4063008559
2026-06-30 21:21:30,965 - INFO - MainThread - Processing Excel Row 1558
2026-06-30 21:21:30,966 - INFO - MainThread - Order: V4063008560
2026-06-30 21:21:30,966 - INFO - MainThread - Processing Excel Row 1559
2026-06-30 21:21:30,967 - INFO - MainThread - Order: V4063008561
2026-06-30 21:21:30,967 - INFO - MainThread - Processing Excel Row 1560
2026-06-30 21:21:30,968 - INFO - MainThread - Order: V4063008562
2026-06-30 21:21:30,968 - INFO - MainThread - Processing Excel Row 1561
2026-06-30 21:21:30,969 - INFO - MainThread - Order: V4063008563
2026-06-30 21:21:30,969 - INFO - MainThread - Processing Excel Row 1562
2026-06-30 21:21:30,971 - INFO - MainThread - Order: V4063008564
2026-06-30 21:21:30,971 - INFO - MainThread - Processing Excel Row 1563
2026-06-30 21:21:30,971 - INFO - MainThread - Order: V4063008565
2026-06-30 21:21:30,971 - INFO - MainThread - Processing Excel Row 1564
2026-06-30 21:21:30,972 - INFO - MainThread - Order: V4063008566
2026-06-30 21:21:30,972 - INFO - MainThread - Processing Excel Row 1565
2026-06-30 21:21:30,973 - INFO - MainThread - Order: V4063008567
2026-06-30 21:21:30,973 - INFO - MainThread - Processing Excel Row 1566
2026-06-30 21:21:30,974 - INFO - MainThread - Order: V4063008568
2026-06-30 21:21:30,974 - INFO - MainThread - Processing Excel Row 1567
2026-06-30 21:21:30,974 - INFO - MainThread - Order: V4063008569
2026-06-30 21:21:30,974 - INFO - MainThread - Processing Excel Row 1568
2026-06-30 21:21:30,975 - INFO - MainThread - Order: V4063008570
2026-06-30 21:21:30,975 - INFO - MainThread - Processing Excel Row 1569
2026-06-30 21:21:30,976 - INFO - MainThread - Order: V4063008571
2026-06-30 21:21:30,976 - INFO - MainThread - Processing Excel Row 1570
2026-06-30 21:21:30,977 - INFO - MainThread - Order: V4063008572
2026-06-30 21:21:30,977 - INFO - MainThread - Processing Excel Row 1571
2026-06-30 21:21:30,977 - INFO - MainThread - Order: V4063008573
2026-06-30 21:21:30,977 - INFO - MainThread - Processing Excel Row 1572
2026-06-30 21:21:30,978 - INFO - MainThread - Order: V4063008574
2026-06-30 21:21:30,978 - INFO - MainThread - Processing Excel Row 1573
2026-06-30 21:21:30,979 - INFO - MainThread - Order: V4063008575
2026-06-30 21:21:30,979 - INFO - MainThread - Processing Excel Row 1574
2026-06-30 21:21:30,980 - INFO - MainThread - Order: V4063008576
2026-06-30 21:21:30,980 - INFO - MainThread - Processing Excel Row 1575
2026-06-30 21:21:30,980 - INFO - MainThread - Order: V4063008577
2026-06-30 21:21:30,980 - INFO - MainThread - Processing Excel Row 1576
2026-06-30 21:21:30,981 - INFO - MainThread - Order: V4063008578
2026-06-30 21:21:30,981 - INFO - MainThread - Processing Excel Row 1577
2026-06-30 21:21:30,982 - INFO - MainThread - Order: V4063008579
2026-06-30 21:21:30,982 - INFO - MainThread - Processing Excel Row 1578
2026-06-30 21:21:30,983 - INFO - MainThread - Order: V4063008580
2026-06-30 21:21:30,983 - INFO - MainThread - Processing Excel Row 1579
2026-06-30 21:21:30,984 - INFO - MainThread - Order: V4063008581
2026-06-30 21:21:30,984 - INFO - MainThread - Processing Excel Row 1580
2026-06-30 21:21:30,984 - INFO - MainThread - Order: V4063008582
2026-06-30 21:21:30,984 - INFO - MainThread - Processing Excel Row 1581
2026-06-30 21:21:30,985 - INFO - MainThread - Order: V4063008583
2026-06-30 21:21:30,985 - INFO - MainThread - Processing Excel Row 1582
2026-06-30 21:21:30,986 - INFO - MainThread - Order: V4063008584
2026-06-30 21:21:30,986 - INFO - MainThread - Processing Excel Row 1583
2026-06-30 21:21:30,987 - INFO - MainThread - Order: V4063008585
2026-06-30 21:21:30,987 - INFO - MainThread - Processing Excel Row 1584
2026-06-30 21:21:30,988 - INFO - MainThread - Order: V4063008586
2026-06-30 21:21:30,988 - INFO - MainThread - Processing Excel Row 1585
2026-06-30 21:21:30,988 - INFO - MainThread - Order: V4063008587
2026-06-30 21:21:30,989 - INFO - MainThread - Processing Excel Row 1586
2026-06-30 21:21:30,989 - INFO - MainThread - Order: V4063008588
2026-06-30 21:21:30,989 - INFO - MainThread - Processing Excel Row 1587
2026-06-30 21:21:30,990 - INFO - MainThread - Order: V4063008589
2026-06-30 21:21:30,990 - INFO - MainThread - Processing Excel Row 1588
2026-06-30 21:21:30,991 - INFO - MainThread - Order: V4063008590
2026-06-30 21:21:30,991 - INFO - MainThread - Processing Excel Row 1589
2026-06-30 21:21:30,992 - INFO - MainThread - Order: V4063008591
2026-06-30 21:21:30,992 - INFO - MainThread - Processing Excel Row 1590
2026-06-30 21:21:30,993 - INFO - MainThread - Order: V4063008592
2026-06-30 21:21:30,993 - INFO - MainThread - Processing Excel Row 1591
2026-06-30 21:21:30,993 - INFO - MainThread - Order: V4063008593
2026-06-30 21:21:30,994 - INFO - MainThread - Processing Excel Row 1592
2026-06-30 21:21:30,994 - INFO - MainThread - Order: V4063008594
2026-06-30 21:21:30,994 - INFO - MainThread - Processing Excel Row 1593
2026-06-30 21:21:30,995 - INFO - MainThread - Order: V4063008595
2026-06-30 21:21:30,995 - INFO - MainThread - Processing Excel Row 1594
2026-06-30 21:21:30,996 - INFO - MainThread - Order: V4063008596
2026-06-30 21:21:30,996 - INFO - MainThread - Processing Excel Row 1595
2026-06-30 21:21:30,996 - INFO - MainThread - Order: V4063008597
2026-06-30 21:21:30,996 - INFO - MainThread - Processing Excel Row 1596
2026-06-30 21:21:30,997 - INFO - MainThread - Order: V4063008598
2026-06-30 21:21:30,997 - INFO - MainThread - Processing Excel Row 1597
2026-06-30 21:21:30,998 - INFO - MainThread - Order: V4063008599
2026-06-30 21:21:30,998 - INFO - MainThread - Processing Excel Row 1598
2026-06-30 21:21:30,999 - INFO - MainThread - Order: V4063008600
2026-06-30 21:21:30,999 - INFO - MainThread - Processing Excel Row 1599
2026-06-30 21:21:30,999 - INFO - MainThread - Order: V4063008601
2026-06-30 21:21:31,000 - INFO - MainThread - Processing Excel Row 1600
2026-06-30 21:21:31,000 - INFO - MainThread - Order: V4063008602
2026-06-30 21:21:31,000 - INFO - MainThread - Processing Excel Row 1601
2026-06-30 21:21:31,001 - INFO - MainThread - Order: V4063008603
2026-06-30 21:21:31,001 - INFO - MainThread - Processing Excel Row 1602
2026-06-30 21:21:31,002 - INFO - MainThread - Order: V4063008604
2026-06-30 21:21:31,002 - INFO - MainThread - Processing Excel Row 1603
2026-06-30 21:21:31,002 - INFO - MainThread - Order: V4063008605
2026-06-30 21:21:31,002 - INFO - MainThread - Processing Excel Row 1604
2026-06-30 21:21:31,003 - INFO - MainThread - Order: V4063008606
2026-06-30 21:21:31,003 - INFO - MainThread - Processing Excel Row 1605
2026-06-30 21:21:31,004 - INFO - MainThread - Order: V4063008607
2026-06-30 21:21:31,004 - INFO - MainThread - Processing Excel Row 1606
2026-06-30 21:21:31,004 - INFO - MainThread - Order: V4063008608
2026-06-30 21:21:31,005 - INFO - MainThread - Processing Excel Row 1607
2026-06-30 21:21:31,005 - INFO - MainThread - Order: V4063008609
2026-06-30 21:21:31,005 - INFO - MainThread - Processing Excel Row 1608
2026-06-30 21:21:31,006 - INFO - MainThread - Order: V4063008610
2026-06-30 21:21:31,006 - INFO - MainThread - Processing Excel Row 1609
2026-06-30 21:21:31,007 - INFO - MainThread - Order: V4063008611
2026-06-30 21:21:31,007 - INFO - MainThread - Processing Excel Row 1610
2026-06-30 21:21:31,007 - INFO - MainThread - Order: V4063008612
2026-06-30 21:21:31,007 - INFO - MainThread - Processing Excel Row 1611
2026-06-30 21:21:31,008 - INFO - MainThread - Order: V4063008613
2026-06-30 21:21:31,008 - INFO - MainThread - Processing Excel Row 1612
2026-06-30 21:21:31,009 - INFO - MainThread - Order: V4063008614
2026-06-30 21:21:31,009 - INFO - MainThread - Processing Excel Row 1613
2026-06-30 21:21:31,009 - INFO - MainThread - Order: V4063008615
2026-06-30 21:21:31,009 - INFO - MainThread - Processing Excel Row 1614
2026-06-30 21:21:31,010 - INFO - MainThread - Order: V4063008616
2026-06-30 21:21:31,010 - INFO - MainThread - Processing Excel Row 1615
2026-06-30 21:21:31,011 - INFO - MainThread - Order: V4063008617
2026-06-30 21:21:31,011 - INFO - MainThread - Processing Excel Row 1616
2026-06-30 21:21:31,012 - INFO - MainThread - Order: V4063008618
2026-06-30 21:21:31,012 - INFO - MainThread - Processing Excel Row 1617
2026-06-30 21:21:31,013 - INFO - MainThread - Order: V4063008619
2026-06-30 21:21:31,013 - INFO - MainThread - Processing Excel Row 1618
2026-06-30 21:21:31,014 - INFO - MainThread - Order: V4063008620
2026-06-30 21:21:31,014 - INFO - MainThread - Processing Excel Row 1619
2026-06-30 21:21:31,015 - INFO - MainThread - Order: V4063008621
2026-06-30 21:21:31,015 - INFO - MainThread - Processing Excel Row 1620
2026-06-30 21:21:31,015 - INFO - MainThread - Order: V4063008622
2026-06-30 21:21:31,015 - INFO - MainThread - Processing Excel Row 1621
2026-06-30 21:21:31,016 - INFO - MainThread - Order: V4063008623
2026-06-30 21:21:31,016 - INFO - MainThread - Processing Excel Row 1622
2026-06-30 21:21:31,017 - INFO - MainThread - Order: V4063008624
2026-06-30 21:21:31,017 - INFO - MainThread - Processing Excel Row 1623
2026-06-30 21:21:31,017 - INFO - MainThread - Order: V4063008625
2026-06-30 21:21:31,018 - INFO - MainThread - Processing Excel Row 1624
2026-06-30 21:21:31,018 - INFO - MainThread - Order: V4063008626
2026-06-30 21:21:31,018 - INFO - MainThread - Processing Excel Row 1625
2026-06-30 21:21:31,019 - INFO - MainThread - Order: V4063008627
2026-06-30 21:21:31,019 - INFO - MainThread - Processing Excel Row 1626
2026-06-30 21:21:31,020 - INFO - MainThread - Order: V4063008628
2026-06-30 21:21:31,020 - INFO - MainThread - Processing Excel Row 1627
2026-06-30 21:21:31,020 - INFO - MainThread - Order: V4063008629
2026-06-30 21:21:31,020 - INFO - MainThread - Processing Excel Row 1628
2026-06-30 21:21:31,021 - INFO - MainThread - Order: V4063008630
2026-06-30 21:21:31,021 - INFO - MainThread - Processing Excel Row 1629
2026-06-30 21:21:31,022 - INFO - MainThread - Order: V4063008631
2026-06-30 21:21:31,022 - INFO - MainThread - Processing Excel Row 1630
2026-06-30 21:21:31,023 - INFO - MainThread - Order: V4063008632
2026-06-30 21:21:31,023 - INFO - MainThread - Processing Excel Row 1631
2026-06-30 21:21:31,023 - INFO - MainThread - Order: V4063008633
2026-06-30 21:21:31,023 - INFO - MainThread - Processing Excel Row 1632
2026-06-30 21:21:31,024 - INFO - MainThread - Order: V4063008634
2026-06-30 21:21:31,024 - INFO - MainThread - Processing Excel Row 1633
2026-06-30 21:21:31,025 - INFO - MainThread - Order: V4063008635
2026-06-30 21:21:31,025 - INFO - MainThread - Processing Excel Row 1634
2026-06-30 21:21:31,026 - INFO - MainThread - Order: V4063008636
2026-06-30 21:21:31,026 - INFO - MainThread - Processing Excel Row 1635
2026-06-30 21:21:31,026 - INFO - MainThread - Order: V4063008637
2026-06-30 21:21:31,026 - INFO - MainThread - Processing Excel Row 1636
2026-06-30 21:21:31,027 - INFO - MainThread - Order: V4063008638
2026-06-30 21:21:31,027 - INFO - MainThread - Processing Excel Row 1637
2026-06-30 21:21:31,028 - INFO - MainThread - Order: V4063008639
2026-06-30 21:21:31,028 - INFO - MainThread - Processing Excel Row 1638
2026-06-30 21:21:31,029 - INFO - MainThread - Order: V4063008640
2026-06-30 21:21:31,029 - INFO - MainThread - Processing Excel Row 1639
2026-06-30 21:21:31,029 - INFO - MainThread - Order: V4063008641
2026-06-30 21:21:31,029 - INFO - MainThread - Processing Excel Row 1640
2026-06-30 21:21:31,030 - INFO - MainThread - Order: V4063008642
2026-06-30 21:21:31,030 - INFO - MainThread - Processing Excel Row 1641
2026-06-30 21:21:31,031 - INFO - MainThread - Order: V4063008643
2026-06-30 21:21:31,031 - INFO - MainThread - Processing Excel Row 1642
2026-06-30 21:21:31,032 - INFO - MainThread - Order: V4063008644
2026-06-30 21:21:31,032 - INFO - MainThread - Processing Excel Row 1643
2026-06-30 21:21:31,033 - INFO - MainThread - Order: V4063008645
2026-06-30 21:21:31,033 - INFO - MainThread - Processing Excel Row 1644
2026-06-30 21:21:31,034 - INFO - MainThread - Order: V4063008646
2026-06-30 21:21:31,034 - INFO - MainThread - Processing Excel Row 1645
2026-06-30 21:21:31,035 - INFO - MainThread - Order: V4063008647
2026-06-30 21:21:31,035 - INFO - MainThread - Processing Excel Row 1646
2026-06-30 21:21:31,035 - INFO - MainThread - Order: V4063008648
2026-06-30 21:21:31,035 - INFO - MainThread - Processing Excel Row 1647
2026-06-30 21:21:31,036 - INFO - MainThread - Order: V4063008649
2026-06-30 21:21:31,036 - INFO - MainThread - Processing Excel Row 1648
2026-06-30 21:21:31,037 - INFO - MainThread - Order: V4063008650
2026-06-30 21:21:31,037 - INFO - MainThread - Processing Excel Row 1649
2026-06-30 21:21:31,038 - INFO - MainThread - Order: V4063008651
2026-06-30 21:21:31,038 - INFO - MainThread - Processing Excel Row 1650
2026-06-30 21:21:31,038 - INFO - MainThread - Order: V4063008652
2026-06-30 21:21:31,038 - INFO - MainThread - Processing Excel Row 1651
2026-06-30 21:21:31,039 - INFO - MainThread - Order: V4063008653
2026-06-30 21:21:31,039 - INFO - MainThread - Processing Excel Row 1652
2026-06-30 21:21:31,040 - INFO - MainThread - Order: V4063008654
2026-06-30 21:21:31,040 - INFO - MainThread - Processing Excel Row 1653
2026-06-30 21:21:31,041 - INFO - MainThread - Order: V4063008655
2026-06-30 21:21:31,041 - INFO - MainThread - Processing Excel Row 1654
2026-06-30 21:21:31,042 - INFO - MainThread - Order: V4063008656
2026-06-30 21:21:31,042 - INFO - MainThread - Processing Excel Row 1655
2026-06-30 21:21:31,042 - INFO - MainThread - Order: V4063008657
2026-06-30 21:21:31,043 - INFO - MainThread - Processing Excel Row 1656
2026-06-30 21:21:31,043 - INFO - MainThread - Order: V4063008658
2026-06-30 21:21:31,043 - INFO - MainThread - Processing Excel Row 1657
2026-06-30 21:21:31,044 - INFO - MainThread - Order: V4063008659
2026-06-30 21:21:31,044 - INFO - MainThread - Processing Excel Row 1658
2026-06-30 21:21:31,045 - INFO - MainThread - Order: V4063008660
2026-06-30 21:21:31,045 - INFO - MainThread - Processing Excel Row 1659
2026-06-30 21:21:31,045 - INFO - MainThread - Order: V4063008661
2026-06-30 21:21:31,045 - INFO - MainThread - Processing Excel Row 1660
2026-06-30 21:21:31,046 - INFO - MainThread - Order: V4063008662
2026-06-30 21:21:31,046 - INFO - MainThread - Processing Excel Row 1661
2026-06-30 21:21:31,047 - INFO - MainThread - Order: V4063008663
2026-06-30 21:21:31,047 - INFO - MainThread - Processing Excel Row 1662
2026-06-30 21:21:31,048 - INFO - MainThread - Order: V4063008664
2026-06-30 21:21:31,048 - INFO - MainThread - Processing Excel Row 1663
2026-06-30 21:21:31,048 - INFO - MainThread - Order: V4063008665
2026-06-30 21:21:31,048 - INFO - MainThread - Processing Excel Row 1664
2026-06-30 21:21:31,049 - INFO - MainThread - Order: V4063008666
2026-06-30 21:21:31,049 - INFO - MainThread - Processing Excel Row 1665
2026-06-30 21:21:31,050 - INFO - MainThread - Order: V4063008667
2026-06-30 21:21:31,050 - INFO - MainThread - Processing Excel Row 1666
2026-06-30 21:21:31,050 - INFO - MainThread - Order: V4063008668
2026-06-30 21:21:31,051 - INFO - MainThread - Processing Excel Row 1667
2026-06-30 21:21:31,051 - INFO - MainThread - Order: V4063008669
2026-06-30 21:21:31,051 - INFO - MainThread - Processing Excel Row 1668
2026-06-30 21:21:31,052 - INFO - MainThread - Order: V4063008670
2026-06-30 21:21:31,052 - INFO - MainThread - Processing Excel Row 1669
2026-06-30 21:21:31,053 - INFO - MainThread - Order: V4063008671
2026-06-30 21:21:31,053 - INFO - MainThread - Processing Excel Row 1670
2026-06-30 21:21:31,054 - INFO - MainThread - Order: V4063008672
2026-06-30 21:21:31,054 - INFO - MainThread - Processing Excel Row 1671
2026-06-30 21:21:31,055 - INFO - MainThread - Order: V4063008673
2026-06-30 21:21:31,055 - INFO - MainThread - Processing Excel Row 1672
2026-06-30 21:21:31,055 - INFO - MainThread - Order: V4063008674
2026-06-30 21:21:31,055 - INFO - MainThread - Processing Excel Row 1673
2026-06-30 21:21:31,056 - INFO - MainThread - Order: V4063008675
2026-06-30 21:21:31,057 - INFO - MainThread - Processing Excel Row 1674
2026-06-30 21:21:31,057 - INFO - MainThread - Order: V4063008676
2026-06-30 21:21:31,057 - INFO - MainThread - Processing Excel Row 1675
2026-06-30 21:21:31,058 - INFO - MainThread - Order: V4063008677
2026-06-30 21:21:31,058 - INFO - MainThread - Processing Excel Row 1676
2026-06-30 21:21:31,059 - INFO - MainThread - Order: V4063008678
2026-06-30 21:21:31,059 - INFO - MainThread - Processing Excel Row 1677
2026-06-30 21:21:31,060 - INFO - MainThread - Order: V4063008679
2026-06-30 21:21:31,060 - INFO - MainThread - Processing Excel Row 1678
2026-06-30 21:21:31,060 - INFO - MainThread - Order: V4063008680
2026-06-30 21:21:31,060 - INFO - MainThread - Processing Excel Row 1679
2026-06-30 21:21:31,061 - INFO - MainThread - Order: V4063008681
2026-06-30 21:21:31,061 - INFO - MainThread - Processing Excel Row 1680
2026-06-30 21:21:31,062 - INFO - MainThread - Order: V4063008682
2026-06-30 21:21:31,062 - INFO - MainThread - Processing Excel Row 1681
2026-06-30 21:21:31,063 - INFO - MainThread - Order: V4063008683
2026-06-30 21:21:31,063 - INFO - MainThread - Processing Excel Row 1682
2026-06-30 21:21:31,063 - INFO - MainThread - Order: V4063008684
2026-06-30 21:21:31,063 - INFO - MainThread - Processing Excel Row 1683
2026-06-30 21:21:31,064 - INFO - MainThread - Order: V4063008685
2026-06-30 21:21:31,064 - INFO - MainThread - Processing Excel Row 1684
2026-06-30 21:21:31,065 - INFO - MainThread - Order: V4063008686
2026-06-30 21:21:31,065 - INFO - MainThread - Processing Excel Row 1685
2026-06-30 21:21:31,066 - INFO - MainThread - Order: V4063008687
2026-06-30 21:21:31,066 - INFO - MainThread - Processing Excel Row 1686
2026-06-30 21:21:31,067 - INFO - MainThread - Order: V4063008688
2026-06-30 21:21:31,067 - INFO - MainThread - Processing Excel Row 1687
2026-06-30 21:21:31,067 - INFO - MainThread - Order: V4063008689
2026-06-30 21:21:31,067 - INFO - MainThread - Processing Excel Row 1688
2026-06-30 21:21:31,068 - INFO - MainThread - Order: V4063008690
2026-06-30 21:21:31,068 - INFO - MainThread - Processing Excel Row 1689
2026-06-30 21:21:31,069 - INFO - MainThread - Order: V4063008691
2026-06-30 21:21:31,069 - INFO - MainThread - Processing Excel Row 1690
2026-06-30 21:21:31,070 - INFO - MainThread - Order: V4063008692
2026-06-30 21:21:31,070 - INFO - MainThread - Processing Excel Row 1691
2026-06-30 21:21:31,070 - INFO - MainThread - Order: V4063008693
2026-06-30 21:21:31,070 - INFO - MainThread - Processing Excel Row 1692
2026-06-30 21:21:31,071 - INFO - MainThread - Order: V4063008694
2026-06-30 21:21:31,071 - INFO - MainThread - Processing Excel Row 1693
2026-06-30 21:21:31,072 - INFO - MainThread - Order: V4063008695
2026-06-30 21:21:31,072 - INFO - MainThread - Processing Excel Row 1694
2026-06-30 21:21:31,072 - INFO - MainThread - Order: V4063008696
2026-06-30 21:21:31,072 - INFO - MainThread - Processing Excel Row 1695
2026-06-30 21:21:31,073 - INFO - MainThread - Order: V4063008697
2026-06-30 21:21:31,073 - INFO - MainThread - Processing Excel Row 1696
2026-06-30 21:21:31,074 - INFO - MainThread - Order: V4063008698
2026-06-30 21:21:31,074 - INFO - MainThread - Processing Excel Row 1697
2026-06-30 21:21:31,075 - INFO - MainThread - Order: V4063008699
2026-06-30 21:21:31,075 - INFO - MainThread - Processing Excel Row 1698
2026-06-30 21:21:31,075 - INFO - MainThread - Order: V4063008700
2026-06-30 21:21:31,075 - INFO - MainThread - Processing Excel Row 1699
2026-06-30 21:21:31,076 - INFO - MainThread - Order: V4063008701
2026-06-30 21:21:31,076 - INFO - MainThread - Processing Excel Row 1700
2026-06-30 21:21:31,077 - INFO - MainThread - Order: V4063008702
2026-06-30 21:21:31,077 - INFO - MainThread - Processing Excel Row 1701
2026-06-30 21:21:31,078 - INFO - MainThread - Order: V4063008703
2026-06-30 21:21:31,078 - INFO - MainThread - Processing Excel Row 1702
2026-06-30 21:21:31,079 - INFO - MainThread - Order: V4063008704
2026-06-30 21:21:31,079 - INFO - MainThread - Processing Excel Row 1703
2026-06-30 21:21:31,080 - INFO - MainThread - Order: V4063008705
2026-06-30 21:21:31,080 - INFO - MainThread - Processing Excel Row 1704
2026-06-30 21:21:31,081 - INFO - MainThread - Order: V4063008706
2026-06-30 21:21:31,081 - INFO - MainThread - Processing Excel Row 1705
2026-06-30 21:21:31,081 - INFO - MainThread - Order: V4063008707
2026-06-30 21:21:31,082 - INFO - MainThread - Processing Excel Row 1706
2026-06-30 21:21:31,082 - INFO - MainThread - Order: V4063008708
2026-06-30 21:21:31,082 - INFO - MainThread - Processing Excel Row 1707
2026-06-30 21:21:31,083 - INFO - MainThread - Order: V4063008709
2026-06-30 21:21:31,083 - INFO - MainThread - Processing Excel Row 1708
2026-06-30 21:21:31,084 - INFO - MainThread - Order: V4063008710
2026-06-30 21:21:31,084 - INFO - MainThread - Processing Excel Row 1709
2026-06-30 21:21:31,084 - INFO - MainThread - Order: V4063008711
2026-06-30 21:21:31,084 - INFO - MainThread - Processing Excel Row 1710
2026-06-30 21:21:31,085 - INFO - MainThread - Order: V4063008712
2026-06-30 21:21:31,085 - INFO - MainThread - Processing Excel Row 1711
2026-06-30 21:21:31,086 - INFO - MainThread - Order: V4063008713
2026-06-30 21:21:31,086 - INFO - MainThread - Processing Excel Row 1712
2026-06-30 21:21:31,087 - INFO - MainThread - Order: V4063008714
2026-06-30 21:21:31,087 - INFO - MainThread - Processing Excel Row 1713
2026-06-30 21:21:31,087 - INFO - MainThread - Order: V4063008715
2026-06-30 21:21:31,087 - INFO - MainThread - Processing Excel Row 1714
2026-06-30 21:21:31,088 - INFO - MainThread - Order: V4063008716
2026-06-30 21:21:31,088 - INFO - MainThread - Processing Excel Row 1715
2026-06-30 21:21:31,089 - INFO - MainThread - Order: V4063008717
2026-06-30 21:21:31,089 - INFO - MainThread - Processing Excel Row 1716
2026-06-30 21:21:31,089 - INFO - MainThread - Order: V4063008718
2026-06-30 21:21:31,089 - INFO - MainThread - Processing Excel Row 1717
2026-06-30 21:21:31,090 - INFO - MainThread - Order: V4063008719
2026-06-30 21:21:31,090 - INFO - MainThread - Processing Excel Row 1718
2026-06-30 21:21:31,091 - INFO - MainThread - Order: V4063008720
2026-06-30 21:21:31,091 - INFO - MainThread - Processing Excel Row 1719
2026-06-30 21:21:31,092 - INFO - MainThread - Order: V4063008721
2026-06-30 21:21:31,092 - INFO - MainThread - Processing Excel Row 1720
2026-06-30 21:21:31,092 - INFO - MainThread - Order: V4063008722
2026-06-30 21:21:31,093 - INFO - MainThread - Processing Excel Row 1721
2026-06-30 21:21:31,093 - INFO - MainThread - Order: V4063008723
2026-06-30 21:21:31,093 - INFO - MainThread - Processing Excel Row 1722
2026-06-30 21:21:31,094 - INFO - MainThread - Order: V4063008724
2026-06-30 21:21:31,094 - INFO - MainThread - Processing Excel Row 1723
2026-06-30 21:21:31,095 - INFO - MainThread - Order: V4063008725
2026-06-30 21:21:31,095 - INFO - MainThread - Processing Excel Row 1724
2026-06-30 21:21:31,095 - INFO - MainThread - Order: V4063008726
2026-06-30 21:21:31,095 - INFO - MainThread - Processing Excel Row 1725
2026-06-30 21:21:31,096 - INFO - MainThread - Order: V4063008727
2026-06-30 21:21:31,096 - INFO - MainThread - Processing Excel Row 1726
2026-06-30 21:21:31,097 - INFO - MainThread - Order: V4063008728
2026-06-30 21:21:31,097 - INFO - MainThread - Processing Excel Row 1727
2026-06-30 21:21:31,098 - INFO - MainThread - Order: V4063008729
2026-06-30 21:21:31,098 - INFO - MainThread - Processing Excel Row 1728
2026-06-30 21:21:31,099 - INFO - MainThread - Order: V4063008730
2026-06-30 21:21:31,099 - INFO - MainThread - Processing Excel Row 1729
2026-06-30 21:21:31,100 - INFO - MainThread - Order: V4063008731
2026-06-30 21:21:31,100 - INFO - MainThread - Processing Excel Row 1730
2026-06-30 21:21:31,101 - INFO - MainThread - Order: V4063008732
2026-06-30 21:21:31,101 - INFO - MainThread - Processing Excel Row 1731
2026-06-30 21:21:31,102 - INFO - MainThread - Order: V4063008733
2026-06-30 21:21:31,102 - INFO - MainThread - Processing Excel Row 1732
2026-06-30 21:21:31,102 - INFO - MainThread - Order: V4063008734
2026-06-30 21:21:31,103 - INFO - MainThread - Processing Excel Row 1733
2026-06-30 21:21:31,103 - INFO - MainThread - Order: V4063008735
2026-06-30 21:21:31,103 - INFO - MainThread - Processing Excel Row 1734
2026-06-30 21:21:31,104 - INFO - MainThread - Order: V4063008736
2026-06-30 21:21:31,104 - INFO - MainThread - Processing Excel Row 1735
2026-06-30 21:21:31,105 - INFO - MainThread - Order: V4063008737
2026-06-30 21:21:31,105 - INFO - MainThread - Processing Excel Row 1736
2026-06-30 21:21:31,106 - INFO - MainThread - Order: V4063008738
2026-06-30 21:21:31,106 - INFO - MainThread - Processing Excel Row 1737
2026-06-30 21:21:31,106 - INFO - MainThread - Order: V4063008739
2026-06-30 21:21:31,106 - INFO - MainThread - Processing Excel Row 1738
2026-06-30 21:21:31,107 - INFO - MainThread - Order: V4063008740
2026-06-30 21:21:31,107 - INFO - MainThread - Processing Excel Row 1739
2026-06-30 21:21:31,108 - INFO - MainThread - Order: V4063008741
2026-06-30 21:21:31,108 - INFO - MainThread - Processing Excel Row 1740
2026-06-30 21:21:31,109 - INFO - MainThread - Order: V4063008742
2026-06-30 21:21:31,109 - INFO - MainThread - Processing Excel Row 1741
2026-06-30 21:21:31,109 - INFO - MainThread - Order: V4063008743
2026-06-30 21:21:31,109 - INFO - MainThread - Processing Excel Row 1742
2026-06-30 21:21:31,110 - INFO - MainThread - Order: V4063008744
2026-06-30 21:21:31,110 - INFO - MainThread - Processing Excel Row 1743
2026-06-30 21:21:31,111 - INFO - MainThread - Order: V4063008745
2026-06-30 21:21:31,111 - INFO - MainThread - Processing Excel Row 1744
2026-06-30 21:21:31,112 - INFO - MainThread - Order: V4063008746
2026-06-30 21:21:31,112 - INFO - MainThread - Processing Excel Row 1745
2026-06-30 21:21:31,112 - INFO - MainThread - Order: V4063008747
2026-06-30 21:21:31,112 - INFO - MainThread - Processing Excel Row 1746
2026-06-30 21:21:31,113 - INFO - MainThread - Order: V4063008748
2026-06-30 21:21:31,113 - INFO - MainThread - Processing Excel Row 1747
2026-06-30 21:21:31,114 - INFO - MainThread - Order: V4063008749
2026-06-30 21:21:31,114 - INFO - MainThread - Processing Excel Row 1748
2026-06-30 21:21:31,114 - INFO - MainThread - Order: V4063008750
2026-06-30 21:21:31,115 - INFO - MainThread - Processing Excel Row 1749
2026-06-30 21:21:31,115 - INFO - MainThread - Order: V4063008751
2026-06-30 21:21:31,115 - INFO - MainThread - Processing Excel Row 1750
2026-06-30 21:21:31,116 - INFO - MainThread - Order: V4063008752
2026-06-30 21:21:31,116 - INFO - MainThread - Processing Excel Row 1751
2026-06-30 21:21:31,117 - INFO - MainThread - Order: V4063008753
2026-06-30 21:21:31,117 - INFO - MainThread - Processing Excel Row 1752
2026-06-30 21:21:31,117 - INFO - MainThread - Order: V4063008754
2026-06-30 21:21:31,117 - INFO - MainThread - Processing Excel Row 1753
2026-06-30 21:21:31,118 - INFO - MainThread - Order: V4063008755
2026-06-30 21:21:31,118 - INFO - MainThread - Processing Excel Row 1754
2026-06-30 21:21:31,119 - INFO - MainThread - Order: V4063008756
2026-06-30 21:21:31,119 - INFO - MainThread - Processing Excel Row 1755
2026-06-30 21:21:31,120 - INFO - MainThread - Order: V4063008757
2026-06-30 21:21:31,120 - INFO - MainThread - Processing Excel Row 1756
2026-06-30 21:21:31,121 - INFO - MainThread - Order: V4063008758
2026-06-30 21:21:31,121 - INFO - MainThread - Processing Excel Row 1757
2026-06-30 21:21:31,122 - INFO - MainThread - Order: V4063008759
2026-06-30 21:21:31,122 - INFO - MainThread - Processing Excel Row 1758
2026-06-30 21:21:31,123 - INFO - MainThread - Order: V4063008760
2026-06-30 21:21:31,123 - INFO - MainThread - Processing Excel Row 1759
2026-06-30 21:21:31,124 - INFO - MainThread - Order: V4063008761
2026-06-30 21:21:31,124 - INFO - MainThread - Processing Excel Row 1760
2026-06-30 21:21:31,125 - INFO - MainThread - Order: V4063008762
2026-06-30 21:21:31,125 - INFO - MainThread - Processing Excel Row 1761
2026-06-30 21:21:31,125 - INFO - MainThread - Order: V4063008763
2026-06-30 21:21:31,125 - INFO - MainThread - Processing Excel Row 1762
2026-06-30 21:21:31,126 - INFO - MainThread - Order: V4063008764
2026-06-30 21:21:31,126 - INFO - MainThread - Processing Excel Row 1763
2026-06-30 21:21:31,127 - INFO - MainThread - Order: V4063008765
2026-06-30 21:21:31,127 - INFO - MainThread - Processing Excel Row 1764
2026-06-30 21:21:31,128 - INFO - MainThread - Order: V4063008766
2026-06-30 21:21:31,128 - INFO - MainThread - Processing Excel Row 1765
2026-06-30 21:21:31,128 - INFO - MainThread - Order: V4063008767
2026-06-30 21:21:31,128 - INFO - MainThread - Processing Excel Row 1766
2026-06-30 21:21:31,129 - INFO - MainThread - Order: V4063008768
2026-06-30 21:21:31,129 - INFO - MainThread - Processing Excel Row 1767
2026-06-30 21:21:31,130 - INFO - MainThread - Order: V4063008769
2026-06-30 21:21:31,130 - INFO - MainThread - Processing Excel Row 1768
2026-06-30 21:21:31,130 - INFO - MainThread - Order: V4063008770
2026-06-30 21:21:31,131 - INFO - MainThread - Processing Excel Row 1769
2026-06-30 21:21:31,131 - INFO - MainThread - Order: V4063008771
2026-06-30 21:21:31,131 - INFO - MainThread - Processing Excel Row 1770
2026-06-30 21:21:31,132 - INFO - MainThread - Order: V4063008772
2026-06-30 21:21:31,132 - INFO - MainThread - Processing Excel Row 1771
2026-06-30 21:21:31,133 - INFO - MainThread - Order: V4063008773
2026-06-30 21:21:31,133 - INFO - MainThread - Processing Excel Row 1772
2026-06-30 21:21:31,134 - INFO - MainThread - Order: V4063008774
2026-06-30 21:21:31,134 - INFO - MainThread - Processing Excel Row 1773
2026-06-30 21:21:31,134 - INFO - MainThread - Order: V4063008775
2026-06-30 21:21:31,134 - INFO - MainThread - Processing Excel Row 1774
2026-06-30 21:21:31,135 - INFO - MainThread - Order: V4063008776
2026-06-30 21:21:31,135 - INFO - MainThread - Processing Excel Row 1775
2026-06-30 21:21:31,136 - INFO - MainThread - Order: V4063008777
2026-06-30 21:21:31,136 - INFO - MainThread - Processing Excel Row 1776
2026-06-30 21:21:31,136 - INFO - MainThread - Order: V4063008778
2026-06-30 21:21:31,137 - INFO - MainThread - Processing Excel Row 1777
2026-06-30 21:21:31,137 - INFO - MainThread - Order: V4063008779
2026-06-30 21:21:31,137 - INFO - MainThread - Processing Excel Row 1778
2026-06-30 21:21:31,138 - INFO - MainThread - Order: V4063008780
2026-06-30 21:21:31,138 - INFO - MainThread - Processing Excel Row 1779
2026-06-30 21:21:31,139 - INFO - MainThread - Order: V4063008781
2026-06-30 21:21:31,139 - INFO - MainThread - Processing Excel Row 1780
2026-06-30 21:21:31,139 - INFO - MainThread - Order: V4063008782
2026-06-30 21:21:31,139 - INFO - MainThread - Processing Excel Row 1781
2026-06-30 21:21:31,140 - INFO - MainThread - Order: V4063008783
2026-06-30 21:21:31,140 - INFO - MainThread - Processing Excel Row 1782
2026-06-30 21:21:31,141 - INFO - MainThread - Order: V4063008784
2026-06-30 21:21:31,141 - INFO - MainThread - Processing Excel Row 1783
2026-06-30 21:21:31,142 - INFO - MainThread - Order: V4063008785
2026-06-30 21:21:31,142 - INFO - MainThread - Processing Excel Row 1784
2026-06-30 21:21:31,143 - INFO - MainThread - Order: V4063008786
2026-06-30 21:21:31,143 - INFO - MainThread - Processing Excel Row 1785
2026-06-30 21:21:31,144 - INFO - MainThread - Order: V4063008787
2026-06-30 21:21:31,144 - INFO - MainThread - Processing Excel Row 1786
2026-06-30 21:21:31,145 - INFO - MainThread - Order: V4063008788
2026-06-30 21:21:31,145 - INFO - MainThread - Processing Excel Row 1787
2026-06-30 21:21:31,146 - INFO - MainThread - Order: V4063008789
2026-06-30 21:21:31,146 - INFO - MainThread - Processing Excel Row 1788
2026-06-30 21:21:31,147 - INFO - MainThread - Order: V4063008790
2026-06-30 21:21:31,147 - INFO - MainThread - Processing Excel Row 1789
2026-06-30 21:21:31,148 - INFO - MainThread - Order: V4063008791
2026-06-30 21:21:31,148 - INFO - MainThread - Processing Excel Row 1790
2026-06-30 21:21:31,149 - INFO - MainThread - Order: V4063008792
2026-06-30 21:21:31,149 - INFO - MainThread - Processing Excel Row 1791
2026-06-30 21:21:31,149 - INFO - MainThread - Order: V4063008793
2026-06-30 21:21:31,149 - INFO - MainThread - Processing Excel Row 1792
2026-06-30 21:21:31,150 - INFO - MainThread - Order: V4063008794
2026-06-30 21:21:31,150 - INFO - MainThread - Processing Excel Row 1793
2026-06-30 21:21:31,151 - INFO - MainThread - Order: V4063008795
2026-06-30 21:21:31,151 - INFO - MainThread - Processing Excel Row 1794
2026-06-30 21:21:31,152 - INFO - MainThread - Order: V4063008796
2026-06-30 21:21:31,152 - INFO - MainThread - Processing Excel Row 1795
2026-06-30 21:21:31,152 - INFO - MainThread - Order: V4063008797
2026-06-30 21:21:31,152 - INFO - MainThread - Processing Excel Row 1796
2026-06-30 21:21:31,153 - INFO - MainThread - Order: V4063008798
2026-06-30 21:21:31,153 - INFO - MainThread - Processing Excel Row 1797
2026-06-30 21:21:31,154 - INFO - MainThread - Order: V4063008799
2026-06-30 21:21:31,154 - INFO - MainThread - Processing Excel Row 1798
2026-06-30 21:21:31,155 - INFO - MainThread - Order: V4063008800
2026-06-30 21:21:31,155 - INFO - MainThread - Processing Excel Row 1799
2026-06-30 21:21:31,155 - INFO - MainThread - Order: V4063008801
2026-06-30 21:21:31,155 - INFO - MainThread - Processing Excel Row 1800
2026-06-30 21:21:31,156 - INFO - MainThread - Order: V4063008802
2026-06-30 21:21:31,156 - INFO - MainThread - Processing Excel Row 1801
2026-06-30 21:21:31,157 - INFO - MainThread - Order: V4063008803
2026-06-30 21:21:31,157 - INFO - MainThread - Processing Excel Row 1802
2026-06-30 21:21:31,158 - INFO - MainThread - Order: V4063008804
2026-06-30 21:21:31,158 - INFO - MainThread - Processing Excel Row 1803
2026-06-30 21:21:31,158 - INFO - MainThread - Order: V4063008805
2026-06-30 21:21:31,158 - INFO - MainThread - Processing Excel Row 1804
2026-06-30 21:21:31,159 - INFO - MainThread - Order: V4063008806
2026-06-30 21:21:31,159 - INFO - MainThread - Processing Excel Row 1805
2026-06-30 21:21:31,160 - INFO - MainThread - Order: V4063008807
2026-06-30 21:21:31,160 - INFO - MainThread - Processing Excel Row 1806
2026-06-30 21:21:31,161 - INFO - MainThread - Order: V4063008808
2026-06-30 21:21:31,161 - INFO - MainThread - Processing Excel Row 1807
2026-06-30 21:21:31,161 - INFO - MainThread - Order: V4063008809
2026-06-30 21:21:31,161 - INFO - MainThread - Processing Excel Row 1808
2026-06-30 21:21:31,162 - INFO - MainThread - Order: V4063008810
2026-06-30 21:21:31,162 - INFO - MainThread - Processing Excel Row 1809
2026-06-30 21:21:31,163 - INFO - MainThread - Order: V4063008811
2026-06-30 21:21:31,163 - INFO - MainThread - Processing Excel Row 1810
2026-06-30 21:21:31,164 - INFO - MainThread - Order: V4063008812
2026-06-30 21:21:31,164 - INFO - MainThread - Processing Excel Row 1811
2026-06-30 21:21:31,165 - INFO - MainThread - Order: V4063008813
2026-06-30 21:21:31,165 - INFO - MainThread - Processing Excel Row 1812
2026-06-30 21:21:31,166 - INFO - MainThread - Order: V4063008814
2026-06-30 21:21:31,166 - INFO - MainThread - Processing Excel Row 1813
2026-06-30 21:21:31,167 - INFO - MainThread - Order: V4063008815
2026-06-30 21:21:31,167 - INFO - MainThread - Processing Excel Row 1814
2026-06-30 21:21:31,168 - INFO - MainThread - Order: V4063008816
2026-06-30 21:21:31,168 - INFO - MainThread - Processing Excel Row 1815
2026-06-30 21:21:31,168 - INFO - MainThread - Order: V4063008817
2026-06-30 21:21:31,168 - INFO - MainThread - Processing Excel Row 1816
2026-06-30 21:21:31,169 - INFO - MainThread - Order: V4063008818
2026-06-30 21:21:31,169 - INFO - MainThread - Processing Excel Row 1817
2026-06-30 21:21:31,170 - INFO - MainThread - Order: V4063008819
2026-06-30 21:21:31,170 - INFO - MainThread - Processing Excel Row 1818
2026-06-30 21:21:31,171 - INFO - MainThread - Order: V4063008820
2026-06-30 21:21:31,171 - INFO - MainThread - Processing Excel Row 1819
2026-06-30 21:21:31,171 - INFO - MainThread - Order: V4063008821
2026-06-30 21:21:31,172 - INFO - MainThread - Processing Excel Row 1820
2026-06-30 21:21:31,172 - INFO - MainThread - Order: V4063008822
2026-06-30 21:21:31,172 - INFO - MainThread - Processing Excel Row 1821
2026-06-30 21:21:31,173 - INFO - MainThread - Order: V4063008823
2026-06-30 21:21:31,173 - INFO - MainThread - Processing Excel Row 1822
2026-06-30 21:21:31,174 - INFO - MainThread - Order: V4063008824
2026-06-30 21:21:31,174 - INFO - MainThread - Processing Excel Row 1823
2026-06-30 21:21:31,175 - INFO - MainThread - Order: V4063008825
2026-06-30 21:21:31,175 - INFO - MainThread - Processing Excel Row 1824
2026-06-30 21:21:31,175 - INFO - MainThread - Order: V4063008826
2026-06-30 21:21:31,175 - INFO - MainThread - Processing Excel Row 1825
2026-06-30 21:21:31,176 - INFO - MainThread - Order: V4063008827
2026-06-30 21:21:31,176 - INFO - MainThread - Processing Excel Row 1826
2026-06-30 21:21:31,177 - INFO - MainThread - Order: V4063008828
2026-06-30 21:21:31,177 - INFO - MainThread - Processing Excel Row 1827
2026-06-30 21:21:31,178 - INFO - MainThread - Order: V4063008829
2026-06-30 21:21:31,178 - INFO - MainThread - Processing Excel Row 1828
2026-06-30 21:21:31,179 - INFO - MainThread - Order: V4063008830
2026-06-30 21:21:31,179 - INFO - MainThread - Processing Excel Row 1829
2026-06-30 21:21:31,179 - INFO - MainThread - Order: V4063008831
2026-06-30 21:21:31,179 - INFO - MainThread - Processing Excel Row 1830
2026-06-30 21:21:31,180 - INFO - MainThread - Order: V4063008832
2026-06-30 21:21:31,180 - INFO - MainThread - Processing Excel Row 1831
2026-06-30 21:21:31,181 - INFO - MainThread - Order: V4063008833
2026-06-30 21:21:31,181 - INFO - MainThread - Processing Excel Row 1832
2026-06-30 21:21:31,182 - INFO - MainThread - Order: V4063008834
2026-06-30 21:21:31,182 - INFO - MainThread - Processing Excel Row 1833
2026-06-30 21:21:31,182 - INFO - MainThread - Order: V4063008835
2026-06-30 21:21:31,182 - INFO - MainThread - Processing Excel Row 1834
2026-06-30 21:21:31,183 - INFO - MainThread - Order: V4063008836
2026-06-30 21:21:31,183 - INFO - MainThread - Processing Excel Row 1835
2026-06-30 21:21:31,184 - INFO - MainThread - Order: V4063008837
2026-06-30 21:21:31,184 - INFO - MainThread - Processing Excel Row 1836
2026-06-30 21:21:31,185 - INFO - MainThread - Order: V4063008838
2026-06-30 21:21:31,185 - INFO - MainThread - Processing Excel Row 1837
2026-06-30 21:21:31,185 - INFO - MainThread - Order: V4063008839
2026-06-30 21:21:31,185 - INFO - MainThread - Processing Excel Row 1838
2026-06-30 21:21:31,186 - INFO - MainThread - Order: V4063008840
2026-06-30 21:21:31,186 - INFO - MainThread - Processing Excel Row 1839
2026-06-30 21:21:31,187 - INFO - MainThread - Order: V4063008841
2026-06-30 21:21:31,187 - INFO - MainThread - Processing Excel Row 1840
2026-06-30 21:21:31,188 - INFO - MainThread - Order: V4063008842
2026-06-30 21:21:31,188 - INFO - MainThread - Processing Excel Row 1841
2026-06-30 21:21:31,189 - INFO - MainThread - Order: V4063008843
2026-06-30 21:21:31,189 - INFO - MainThread - Processing Excel Row 1842
2026-06-30 21:21:31,190 - INFO - MainThread - Order: V4063008844
2026-06-30 21:21:31,190 - INFO - MainThread - Processing Excel Row 1843
2026-06-30 21:21:31,191 - INFO - MainThread - Order: V4063008845
2026-06-30 21:21:31,191 - INFO - MainThread - Processing Excel Row 1844
2026-06-30 21:21:31,191 - INFO - MainThread - Order: V4063008846
2026-06-30 21:21:31,191 - INFO - MainThread - Processing Excel Row 1845
2026-06-30 21:21:31,192 - INFO - MainThread - Order: V4063008847
2026-06-30 21:21:31,192 - INFO - MainThread - Processing Excel Row 1846
2026-06-30 21:21:31,193 - INFO - MainThread - Order: V4063008848
2026-06-30 21:21:31,193 - INFO - MainThread - Processing Excel Row 1847
2026-06-30 21:21:31,193 - INFO - MainThread - Order: V4063008849
2026-06-30 21:21:31,193 - INFO - MainThread - Processing Excel Row 1848
2026-06-30 21:21:31,194 - INFO - MainThread - Order: V4063008850
2026-06-30 21:21:31,194 - INFO - MainThread - Processing Excel Row 1849
2026-06-30 21:21:31,195 - INFO - MainThread - Order: V4063008851
2026-06-30 21:21:31,195 - INFO - MainThread - Processing Excel Row 1850
2026-06-30 21:21:31,196 - INFO - MainThread - Order: V4063008852
2026-06-30 21:21:31,196 - INFO - MainThread - Processing Excel Row 1851
2026-06-30 21:21:31,196 - INFO - MainThread - Order: V4063008853
2026-06-30 21:21:31,196 - INFO - MainThread - Processing Excel Row 1852
2026-06-30 21:21:31,197 - INFO - MainThread - Order: V4063008854
2026-06-30 21:21:31,197 - INFO - MainThread - Processing Excel Row 1853
2026-06-30 21:21:31,198 - INFO - MainThread - Order: V4063008855
2026-06-30 21:21:31,198 - INFO - MainThread - Processing Excel Row 1854
2026-06-30 21:21:31,199 - INFO - MainThread - Order: V4063008856
2026-06-30 21:21:31,199 - INFO - MainThread - Processing Excel Row 1855
2026-06-30 21:21:31,199 - INFO - MainThread - Order: V4063008857
2026-06-30 21:21:31,199 - INFO - MainThread - Processing Excel Row 1856
2026-06-30 21:21:31,200 - INFO - MainThread - Order: V4063008858
2026-06-30 21:21:31,200 - INFO - MainThread - Processing Excel Row 1857
2026-06-30 21:21:31,201 - INFO - MainThread - Order: V4063008859
2026-06-30 21:21:31,201 - INFO - MainThread - Processing Excel Row 1858
2026-06-30 21:21:31,201 - INFO - MainThread - Order: V4063008860
2026-06-30 21:21:31,201 - INFO - MainThread - Processing Excel Row 1859
2026-06-30 21:21:31,202 - INFO - MainThread - Order: V4063008861
2026-06-30 21:21:31,202 - INFO - MainThread - Processing Excel Row 1860
2026-06-30 21:21:31,203 - INFO - MainThread - Order: V4063008862
2026-06-30 21:21:31,203 - INFO - MainThread - Processing Excel Row 1861
2026-06-30 21:21:31,204 - INFO - MainThread - Order: V4063008863
2026-06-30 21:21:31,204 - INFO - MainThread - Processing Excel Row 1862
2026-06-30 21:21:31,205 - INFO - MainThread - Order: V4063008864
2026-06-30 21:21:31,205 - INFO - MainThread - Processing Excel Row 1863
2026-06-30 21:21:31,206 - INFO - MainThread - Order: V4063008865
2026-06-30 21:21:31,206 - INFO - MainThread - Processing Excel Row 1864
2026-06-30 21:21:31,207 - INFO - MainThread - Order: V4063008866
2026-06-30 21:21:31,207 - INFO - MainThread - Processing Excel Row 1865
2026-06-30 21:21:31,208 - INFO - MainThread - Order: V4063008867
2026-06-30 21:21:31,208 - INFO - MainThread - Processing Excel Row 1866
2026-06-30 21:21:31,209 - INFO - MainThread - Order: V4063008868
2026-06-30 21:21:31,209 - INFO - MainThread - Processing Excel Row 1867
2026-06-30 21:21:31,209 - INFO - MainThread - Order: V4063008869
2026-06-30 21:21:31,209 - INFO - MainThread - Processing Excel Row 1868
2026-06-30 21:21:31,210 - INFO - MainThread - Order: V4063008870
2026-06-30 21:21:31,210 - INFO - MainThread - Processing Excel Row 1869
2026-06-30 21:21:31,211 - INFO - MainThread - Order: V4063008871
2026-06-30 21:21:31,211 - INFO - MainThread - Processing Excel Row 1870
2026-06-30 21:21:31,212 - INFO - MainThread - Order: V4063008872
2026-06-30 21:21:31,212 - INFO - MainThread - Processing Excel Row 1871
2026-06-30 21:21:31,212 - INFO - MainThread - Order: V4063008873
2026-06-30 21:21:31,212 - INFO - MainThread - Processing Excel Row 1872
2026-06-30 21:21:31,213 - INFO - MainThread - Order: V4063008874
2026-06-30 21:21:31,213 - INFO - MainThread - Processing Excel Row 1873
2026-06-30 21:21:31,214 - INFO - MainThread - Order: V4063008875
2026-06-30 21:21:31,214 - INFO - MainThread - Processing Excel Row 1874
2026-06-30 21:21:31,215 - INFO - MainThread - Order: V4063008876
2026-06-30 21:21:31,215 - INFO - MainThread - Processing Excel Row 1875
2026-06-30 21:21:31,215 - INFO - MainThread - Order: V4063008877
2026-06-30 21:21:31,215 - INFO - MainThread - Processing Excel Row 1876
2026-06-30 21:21:31,216 - INFO - MainThread - Order: V4063008878
2026-06-30 21:21:31,216 - INFO - MainThread - Processing Excel Row 1877
2026-06-30 21:21:31,217 - INFO - MainThread - Order: V4063008879
2026-06-30 21:21:31,217 - INFO - MainThread - Processing Excel Row 1878
2026-06-30 21:21:31,218 - INFO - MainThread - Order: V4063008880
2026-06-30 21:21:31,218 - INFO - MainThread - Processing Excel Row 1879
2026-06-30 21:21:31,219 - INFO - MainThread - Order: V4063008881
2026-06-30 21:21:31,219 - INFO - MainThread - Processing Excel Row 1880
2026-06-30 21:21:31,219 - INFO - MainThread - Order: V4063008882
2026-06-30 21:21:31,219 - INFO - MainThread - Processing Excel Row 1881
2026-06-30 21:21:31,220 - INFO - MainThread - Order: V4063008883
2026-06-30 21:21:31,220 - INFO - MainThread - Processing Excel Row 1882
2026-06-30 21:21:31,221 - INFO - MainThread - Order: V4063008884
2026-06-30 21:21:31,221 - INFO - MainThread - Processing Excel Row 1883
2026-06-30 21:21:31,221 - INFO - MainThread - Order: V4063008885
2026-06-30 21:21:31,221 - INFO - MainThread - Processing Excel Row 1884
2026-06-30 21:21:31,222 - INFO - MainThread - Order: V4063008886
2026-06-30 21:21:31,222 - INFO - MainThread - Processing Excel Row 1885
2026-06-30 21:21:31,223 - INFO - MainThread - Order: V4063008887
2026-06-30 21:21:31,223 - INFO - MainThread - Processing Excel Row 1886
2026-06-30 21:21:31,224 - INFO - MainThread - Order: V4063008888
2026-06-30 21:21:31,224 - INFO - MainThread - Processing Excel Row 1887
2026-06-30 21:21:31,224 - INFO - MainThread - Order: V4063008889
2026-06-30 21:21:31,224 - INFO - MainThread - Processing Excel Row 1888
2026-06-30 21:21:31,225 - INFO - MainThread - Order: V4063008890
2026-06-30 21:21:31,225 - INFO - MainThread - Processing Excel Row 1889
2026-06-30 21:21:31,226 - INFO - MainThread - Order: V4063008891
2026-06-30 21:21:31,226 - INFO - MainThread - Processing Excel Row 1890
2026-06-30 21:21:31,226 - INFO - MainThread - Order: V4063008892
2026-06-30 21:21:31,226 - INFO - MainThread - Processing Excel Row 1891
2026-06-30 21:21:31,227 - INFO - MainThread - Order: V4063008893
2026-06-30 21:21:31,227 - INFO - MainThread - Processing Excel Row 1892
2026-06-30 21:21:31,228 - INFO - MainThread - Order: V4063008894
2026-06-30 21:21:31,228 - INFO - MainThread - Processing Excel Row 1893
2026-06-30 21:21:31,229 - INFO - MainThread - Order: V4063008895
2026-06-30 21:21:31,229 - INFO - MainThread - Processing Excel Row 1894
2026-06-30 21:21:31,230 - INFO - MainThread - Order: V4063008896
2026-06-30 21:21:31,230 - INFO - MainThread - Processing Excel Row 1895
2026-06-30 21:21:31,231 - INFO - MainThread - Order: V4063008897
2026-06-30 21:21:31,231 - INFO - MainThread - Processing Excel Row 1896
2026-06-30 21:21:31,232 - INFO - MainThread - Order: V4063008898
2026-06-30 21:21:31,232 - INFO - MainThread - Processing Excel Row 1897
2026-06-30 21:21:31,233 - INFO - MainThread - Order: V4063008899
2026-06-30 21:21:31,233 - INFO - MainThread - Processing Excel Row 1898
2026-06-30 21:21:31,233 - INFO - MainThread - Order: V4063008900
2026-06-30 21:21:31,233 - INFO - MainThread - Processing Excel Row 1899
2026-06-30 21:21:31,234 - INFO - MainThread - Order: V4063008901
2026-06-30 21:21:31,234 - INFO - MainThread - Processing Excel Row 1900
2026-06-30 21:21:31,235 - INFO - MainThread - Order: V4063008902
2026-06-30 21:21:31,235 - INFO - MainThread - Processing Excel Row 1901
2026-06-30 21:21:31,236 - INFO - MainThread - Order: V4063008903
2026-06-30 21:21:31,236 - INFO - MainThread - Processing Excel Row 1902
2026-06-30 21:21:31,236 - INFO - MainThread - Order: V4063008904
2026-06-30 21:21:31,236 - INFO - MainThread - Processing Excel Row 1903
2026-06-30 21:21:31,237 - INFO - MainThread - Order: V4063008905
2026-06-30 21:21:31,237 - INFO - MainThread - Processing Excel Row 1904
2026-06-30 21:21:31,238 - INFO - MainThread - Order: V4063008906
2026-06-30 21:21:31,238 - INFO - MainThread - Processing Excel Row 1905
2026-06-30 21:21:31,238 - INFO - MainThread - Order: V4063008907
2026-06-30 21:21:31,238 - INFO - MainThread - Processing Excel Row 1906
2026-06-30 21:21:31,239 - INFO - MainThread - Order: V4063008908
2026-06-30 21:21:31,239 - INFO - MainThread - Processing Excel Row 1907
2026-06-30 21:21:31,240 - INFO - MainThread - Order: V4063008909
2026-06-30 21:21:31,240 - INFO - MainThread - Processing Excel Row 1908
2026-06-30 21:21:31,241 - INFO - MainThread - Order: V4063008910
2026-06-30 21:21:31,241 - INFO - MainThread - Processing Excel Row 1909
2026-06-30 21:21:31,242 - INFO - MainThread - Order: V4063008911
2026-06-30 21:21:31,242 - INFO - MainThread - Processing Excel Row 1910
2026-06-30 21:21:31,242 - INFO - MainThread - Order: V4063008912
2026-06-30 21:21:31,242 - INFO - MainThread - Processing Excel Row 1911
2026-06-30 21:21:31,243 - INFO - MainThread - Order: V4063008913
2026-06-30 21:21:31,243 - INFO - MainThread - Processing Excel Row 1912
2026-06-30 21:21:31,244 - INFO - MainThread - Order: V4063008914
2026-06-30 21:21:31,244 - INFO - MainThread - Processing Excel Row 1913
2026-06-30 21:21:31,244 - INFO - MainThread - Order: V4063008915
2026-06-30 21:21:31,244 - INFO - MainThread - Processing Excel Row 1914
2026-06-30 21:21:31,245 - INFO - MainThread - Order: V4063008916
2026-06-30 21:21:31,245 - INFO - MainThread - Processing Excel Row 1915
2026-06-30 21:21:31,246 - INFO - MainThread - Order: V4063008917
2026-06-30 21:21:31,246 - INFO - MainThread - Processing Excel Row 1916
2026-06-30 21:21:31,247 - INFO - MainThread - Order: V4063008918
2026-06-30 21:21:31,247 - INFO - MainThread - Processing Excel Row 1917
2026-06-30 21:21:31,247 - INFO - MainThread - Order: V4063008919
2026-06-30 21:21:31,247 - INFO - MainThread - Processing Excel Row 1918
2026-06-30 21:21:31,248 - INFO - MainThread - Order: V4063008920
2026-06-30 21:21:31,248 - INFO - MainThread - Processing Excel Row 1919
2026-06-30 21:21:31,249 - INFO - MainThread - Order: V4063008921
2026-06-30 21:21:31,249 - INFO - MainThread - Processing Excel Row 1920
2026-06-30 21:21:31,249 - INFO - MainThread - Order: V4063008922
2026-06-30 21:21:31,249 - INFO - MainThread - Processing Excel Row 1921
2026-06-30 21:21:31,250 - INFO - MainThread - Order: V4063008923
2026-06-30 21:21:31,250 - INFO - MainThread - Processing Excel Row 1922
2026-06-30 21:21:31,251 - INFO - MainThread - Order: V4063008924
2026-06-30 21:21:31,251 - INFO - MainThread - Processing Excel Row 1923
2026-06-30 21:21:31,252 - INFO - MainThread - Order: V4063008925
2026-06-30 21:21:31,252 - INFO - MainThread - Processing Excel Row 1924
2026-06-30 21:21:31,253 - INFO - MainThread - Order: V4063008926
2026-06-30 21:21:31,253 - INFO - MainThread - Processing Excel Row 1925
2026-06-30 21:21:31,254 - INFO - MainThread - Order: V4063008927
2026-06-30 21:21:31,254 - INFO - MainThread - Processing Excel Row 1926
2026-06-30 21:21:31,255 - INFO - MainThread - Order: V4063008928
2026-06-30 21:21:31,255 - INFO - MainThread - Processing Excel Row 1927
2026-06-30 21:21:31,256 - INFO - MainThread - Order: V4063008929
2026-06-30 21:21:31,256 - INFO - MainThread - Processing Excel Row 1928
2026-06-30 21:21:31,257 - INFO - MainThread - Order: V4063008930
2026-06-30 21:21:31,257 - INFO - MainThread - Processing Excel Row 1929
2026-06-30 21:21:31,257 - INFO - MainThread - Order: V4063008931
2026-06-30 21:21:31,257 - INFO - MainThread - Processing Excel Row 1930
2026-06-30 21:21:31,258 - INFO - MainThread - Order: V4063008932
2026-06-30 21:21:31,258 - INFO - MainThread - Processing Excel Row 1931
2026-06-30 21:21:31,259 - INFO - MainThread - Order: V4063008933
2026-06-30 21:21:31,259 - INFO - MainThread - Processing Excel Row 1932
2026-06-30 21:21:31,259 - INFO - MainThread - Order: V4063008934
2026-06-30 21:21:31,259 - INFO - MainThread - Processing Excel Row 1933
2026-06-30 21:21:31,260 - INFO - MainThread - Order: V4063008935
2026-06-30 21:21:31,260 - INFO - MainThread - Processing Excel Row 1934
2026-06-30 21:21:31,261 - INFO - MainThread - Order: V4063008936
2026-06-30 21:21:31,261 - INFO - MainThread - Processing Excel Row 1935
2026-06-30 21:21:31,262 - INFO - MainThread - Order: V4063008937
2026-06-30 21:21:31,262 - INFO - MainThread - Processing Excel Row 1936
2026-06-30 21:21:31,262 - INFO - MainThread - Order: V4063008938
2026-06-30 21:21:31,263 - INFO - MainThread - Processing Excel Row 1937
2026-06-30 21:21:31,263 - INFO - MainThread - Order: V4063008939
2026-06-30 21:21:31,263 - INFO - MainThread - Processing Excel Row 1938
2026-06-30 21:21:31,264 - INFO - MainThread - Order: V4063008940
2026-06-30 21:21:31,264 - INFO - MainThread - Processing Excel Row 1939
2026-06-30 21:21:31,265 - INFO - MainThread - Order: V4063008941
2026-06-30 21:21:31,265 - INFO - MainThread - Processing Excel Row 1940
2026-06-30 21:21:31,265 - INFO - MainThread - Order: V4063008942
2026-06-30 21:21:31,265 - INFO - MainThread - Processing Excel Row 1941
2026-06-30 21:21:31,266 - INFO - MainThread - Order: V4063008943
2026-06-30 21:21:31,266 - INFO - MainThread - Processing Excel Row 1942
2026-06-30 21:21:31,267 - INFO - MainThread - Order: V4063008944
2026-06-30 21:21:31,267 - INFO - MainThread - Processing Excel Row 1943
2026-06-30 21:21:31,268 - INFO - MainThread - Order: V4063008945
2026-06-30 21:21:31,268 - INFO - MainThread - Processing Excel Row 1944
2026-06-30 21:21:31,268 - INFO - MainThread - Order: V4063008946
2026-06-30 21:21:31,268 - INFO - MainThread - Processing Excel Row 1945
2026-06-30 21:21:31,269 - INFO - MainThread - Order: V4063008947
2026-06-30 21:21:31,269 - INFO - MainThread - Processing Excel Row 1946
2026-06-30 21:21:31,270 - INFO - MainThread - Order: V4063008948
2026-06-30 21:21:31,270 - INFO - MainThread - Processing Excel Row 1947
2026-06-30 21:21:31,271 - INFO - MainThread - Order: V4063008949
2026-06-30 21:21:31,271 - INFO - MainThread - Processing Excel Row 1948
2026-06-30 21:21:31,272 - INFO - MainThread - Order: V4063008950
2026-06-30 21:21:31,272 - INFO - MainThread - Processing Excel Row 1949
2026-06-30 21:21:31,273 - INFO - MainThread - Order: V4063008951
2026-06-30 21:21:31,273 - INFO - MainThread - Processing Excel Row 1950
2026-06-30 21:21:31,274 - INFO - MainThread - Order: V4063008952
2026-06-30 21:21:31,274 - INFO - MainThread - Processing Excel Row 1951
2026-06-30 21:21:31,275 - INFO - MainThread - Order: V4063008953
2026-06-30 21:21:31,275 - INFO - MainThread - Processing Excel Row 1952
2026-06-30 21:21:31,276 - INFO - MainThread - Order: V4063008954
2026-06-30 21:21:31,276 - INFO - MainThread - Processing Excel Row 1953
2026-06-30 21:21:31,277 - INFO - MainThread - Order: V4063008955
2026-06-30 21:21:31,277 - INFO - MainThread - Processing Excel Row 1954
2026-06-30 21:21:31,277 - INFO - MainThread - Order: V4063008956
2026-06-30 21:21:31,277 - INFO - MainThread - Processing Excel Row 1955
2026-06-30 21:21:31,278 - INFO - MainThread - Order: V4063008957
2026-06-30 21:21:31,278 - INFO - MainThread - Processing Excel Row 1956
2026-06-30 21:21:31,279 - INFO - MainThread - Order: V4063008958
2026-06-30 21:21:31,279 - INFO - MainThread - Processing Excel Row 1957
2026-06-30 21:21:31,280 - INFO - MainThread - Order: V4063008959
2026-06-30 21:21:31,280 - INFO - MainThread - Processing Excel Row 1958
2026-06-30 21:21:31,280 - INFO - MainThread - Order: V4063008960
2026-06-30 21:21:31,280 - INFO - MainThread - Processing Excel Row 1959
2026-06-30 21:21:31,281 - INFO - MainThread - Order: V4063008961
2026-06-30 21:21:31,281 - INFO - MainThread - Processing Excel Row 1960
2026-06-30 21:21:31,282 - INFO - MainThread - Order: V4063008962
2026-06-30 21:21:31,282 - INFO - MainThread - Processing Excel Row 1961
2026-06-30 21:21:31,283 - INFO - MainThread - Order: V4063008963
2026-06-30 21:21:31,283 - INFO - MainThread - Processing Excel Row 1962
2026-06-30 21:21:31,283 - INFO - MainThread - Order: V4063008964
2026-06-30 21:21:31,283 - INFO - MainThread - Processing Excel Row 1963
2026-06-30 21:21:31,284 - INFO - MainThread - Order: V4063008965
2026-06-30 21:21:31,284 - INFO - MainThread - Processing Excel Row 1964
2026-06-30 21:21:31,285 - INFO - MainThread - Order: V4063008966
2026-06-30 21:21:31,285 - INFO - MainThread - Processing Excel Row 1965
2026-06-30 21:21:31,285 - INFO - MainThread - Order: V4063008967
2026-06-30 21:21:31,285 - INFO - MainThread - Processing Excel Row 1966
2026-06-30 21:21:31,286 - INFO - MainThread - Order: V4063008968
2026-06-30 21:21:31,286 - INFO - MainThread - Processing Excel Row 1967
2026-06-30 21:21:31,287 - INFO - MainThread - Order: V4063008969
2026-06-30 21:21:31,287 - INFO - MainThread - Processing Excel Row 1968
2026-06-30 21:21:31,288 - INFO - MainThread - Order: V4063008970
2026-06-30 21:21:31,288 - INFO - MainThread - Processing Excel Row 1969
2026-06-30 21:21:31,288 - INFO - MainThread - Order: V4063008971
2026-06-30 21:21:31,288 - INFO - MainThread - Processing Excel Row 1970
2026-06-30 21:21:31,289 - INFO - MainThread - Order: V4063008972
2026-06-30 21:21:31,289 - INFO - MainThread - Processing Excel Row 1971
2026-06-30 21:21:31,290 - INFO - MainThread - Order: V4063008973
2026-06-30 21:21:31,290 - INFO - MainThread - Processing Excel Row 1972
2026-06-30 21:21:31,291 - INFO - MainThread - Order: V4063008974
2026-06-30 21:21:31,291 - INFO - MainThread - Processing Excel Row 1973
2026-06-30 21:21:31,291 - INFO - MainThread - Order: V4063008975
2026-06-30 21:21:31,291 - INFO - MainThread - Processing Excel Row 1974
2026-06-30 21:21:31,292 - INFO - MainThread - Order: V4063008976
2026-06-30 21:21:31,293 - INFO - MainThread - Processing Excel Row 1975
2026-06-30 21:21:31,294 - INFO - MainThread - Order: V4063008977
2026-06-30 21:21:31,294 - INFO - MainThread - Processing Excel Row 1976
2026-06-30 21:21:31,294 - INFO - MainThread - Order: V4063008978
2026-06-30 21:21:31,295 - INFO - MainThread - Processing Excel Row 1977
2026-06-30 21:21:31,295 - INFO - MainThread - Order: V4063008979
2026-06-30 21:21:31,295 - INFO - MainThread - Processing Excel Row 1978
2026-06-30 21:21:31,296 - INFO - MainThread - Order: V4063008980
2026-06-30 21:21:31,296 - INFO - MainThread - Processing Excel Row 1979
2026-06-30 21:21:31,297 - INFO - MainThread - Order: V4063008981
2026-06-30 21:21:31,297 - INFO - MainThread - Processing Excel Row 1980
2026-06-30 21:21:31,298 - INFO - MainThread - Order: V4063008982
2026-06-30 21:21:31,298 - INFO - MainThread - Processing Excel Row 1981
2026-06-30 21:21:31,299 - INFO - MainThread - Order: V4063008983
2026-06-30 21:21:31,299 - INFO - MainThread - Processing Excel Row 1982
2026-06-30 21:21:31,300 - INFO - MainThread - Order: V4063008984
2026-06-30 21:21:31,300 - INFO - MainThread - Processing Excel Row 1983
2026-06-30 21:21:31,301 - INFO - MainThread - Order: V4063008985
2026-06-30 21:21:31,301 - INFO - MainThread - Processing Excel Row 1984
2026-06-30 21:21:31,302 - INFO - MainThread - Order: V4063008986
2026-06-30 21:21:31,302 - INFO - MainThread - Processing Excel Row 1985
2026-06-30 21:21:31,302 - INFO - MainThread - Order: V4063008987
2026-06-30 21:21:31,302 - INFO - MainThread - Processing Excel Row 1986
2026-06-30 21:21:31,303 - INFO - MainThread - Order: V4063008988
2026-06-30 21:21:31,303 - INFO - MainThread - Processing Excel Row 1987
2026-06-30 21:21:31,304 - INFO - MainThread - Order: V4063008989
2026-06-30 21:21:31,304 - INFO - MainThread - Processing Excel Row 1988
2026-06-30 21:21:31,305 - INFO - MainThread - Order: V4063008990
2026-06-30 21:21:31,305 - INFO - MainThread - Processing Excel Row 1989
2026-06-30 21:21:31,306 - INFO - MainThread - Order: V4063008991
2026-06-30 21:21:31,306 - INFO - MainThread - Processing Excel Row 1990
2026-06-30 21:21:31,307 - INFO - MainThread - Order: V4063008992
2026-06-30 21:21:31,307 - INFO - MainThread - Processing Excel Row 1991
2026-06-30 21:21:31,307 - INFO - MainThread - Order: V4063008993
2026-06-30 21:21:31,307 - INFO - MainThread - Processing Excel Row 1992
2026-06-30 21:21:31,308 - INFO - MainThread - Order: V4063008994
2026-06-30 21:21:31,308 - INFO - MainThread - Processing Excel Row 1993
2026-06-30 21:21:31,309 - INFO - MainThread - Order: V4063008995
2026-06-30 21:21:31,309 - INFO - MainThread - Processing Excel Row 1994
2026-06-30 21:21:31,310 - INFO - MainThread - Order: V4063008996
2026-06-30 21:21:31,310 - INFO - MainThread - Processing Excel Row 1995
2026-06-30 21:21:31,311 - INFO - MainThread - Order: V4063008997
2026-06-30 21:21:31,311 - INFO - MainThread - Processing Excel Row 1996
2026-06-30 21:21:31,312 - INFO - MainThread - Order: V4063008998
2026-06-30 21:21:31,312 - INFO - MainThread - Processing Excel Row 1997
2026-06-30 21:21:31,312 - INFO - MainThread - Order: V4063008999
2026-06-30 21:21:31,313 - INFO - MainThread - Processing Excel Row 1998
2026-06-30 21:21:31,313 - INFO - MainThread - Order: V4063009000
2026-06-30 21:21:31,313 - INFO - MainThread - Processing Excel Row 1999
2026-06-30 21:21:31,314 - INFO - MainThread - Order: V4063009001
2026-06-30 21:21:31,314 - INFO - MainThread - Processing Excel Row 2000
2026-06-30 21:21:31,315 - INFO - MainThread - Order: V4063009002
2026-06-30 21:21:31,315 - INFO - MainThread - Processing Excel Row 2001
2026-06-30 21:21:31,316 - INFO - MainThread - Order: V4063009003
2026-06-30 21:21:31,316 - INFO - MainThread - Processing Excel Row 2002
2026-06-30 21:21:31,317 - INFO - MainThread - Order: V4063009004
2026-06-30 21:21:31,317 - INFO - MainThread - Processing Excel Row 2003
2026-06-30 21:21:31,318 - INFO - MainThread - Order: V4063009005
2026-06-30 21:21:31,318 - INFO - MainThread - Processing Excel Row 2004
2026-06-30 21:21:31,319 - INFO - MainThread - Order: V4063009006
2026-06-30 21:21:31,319 - INFO - MainThread - Processing Excel Row 2005
2026-06-30 21:21:31,320 - INFO - MainThread - Order: V4063009007
2026-06-30 21:21:31,320 - INFO - MainThread - Processing Excel Row 2006
2026-06-30 21:21:31,321 - INFO - MainThread - Order: V4063009008
2026-06-30 21:21:31,321 - INFO - MainThread - Processing Excel Row 2007
2026-06-30 21:21:31,322 - INFO - MainThread - Order: V4063009009
2026-06-30 21:21:31,322 - INFO - MainThread - Processing Excel Row 2008
2026-06-30 21:21:31,322 - INFO - MainThread - Order: V4063009010
2026-06-30 21:21:31,322 - INFO - MainThread - Processing Excel Row 2009
2026-06-30 21:21:31,323 - INFO - MainThread - Order: V4063009011
2026-06-30 21:21:31,323 - INFO - MainThread - Processing Excel Row 2010
2026-06-30 21:21:31,324 - INFO - MainThread - Order: V4063009012
2026-06-30 21:21:31,324 - INFO - MainThread - Processing Excel Row 2011
2026-06-30 21:21:31,325 - INFO - MainThread - Order: V4063009013
2026-06-30 21:21:31,325 - INFO - MainThread - Processing Excel Row 2012
2026-06-30 21:21:31,326 - INFO - MainThread - Order: V4063009014
2026-06-30 21:21:31,326 - INFO - MainThread - Processing Excel Row 2013
2026-06-30 21:21:31,327 - INFO - MainThread - Order: V4063009015
2026-06-30 21:21:31,327 - INFO - MainThread - Processing Excel Row 2014
2026-06-30 21:21:31,327 - INFO - MainThread - Order: V4063009016
2026-06-30 21:21:31,327 - INFO - MainThread - Processing Excel Row 2015
2026-06-30 21:21:31,328 - INFO - MainThread - Order: V4063009017
2026-06-30 21:21:31,328 - INFO - MainThread - Processing Excel Row 2016
2026-06-30 21:21:31,329 - INFO - MainThread - Order: V4063009018
2026-06-30 21:21:31,329 - INFO - MainThread - Processing Excel Row 2017
2026-06-30 21:21:31,330 - INFO - MainThread - Order: V4063009019
2026-06-30 21:21:31,330 - INFO - MainThread - Processing Excel Row 2018
2026-06-30 21:21:31,331 - INFO - MainThread - Order: V4063009020
2026-06-30 21:21:31,331 - INFO - MainThread - Processing Excel Row 2019
2026-06-30 21:21:31,331 - INFO - MainThread - Order: V4063009021
2026-06-30 21:21:31,332 - INFO - MainThread - Processing Excel Row 2020
2026-06-30 21:21:31,332 - INFO - MainThread - Order: V4063009022
2026-06-30 21:21:31,332 - INFO - MainThread - Processing Excel Row 2021
2026-06-30 21:21:31,333 - INFO - MainThread - Order: V4063009023
2026-06-30 21:21:31,333 - INFO - MainThread - Processing Excel Row 2022
2026-06-30 21:21:31,334 - INFO - MainThread - Order: V4063009024
2026-06-30 21:21:31,334 - INFO - MainThread - Processing Excel Row 2023
2026-06-30 21:21:31,335 - INFO - MainThread - Order: V4063009025
2026-06-30 21:21:31,335 - INFO - MainThread - Processing Excel Row 2024
2026-06-30 21:21:31,335 - INFO - MainThread - Order: V4063009026
2026-06-30 21:21:31,336 - INFO - MainThread - Processing Excel Row 2025
2026-06-30 21:21:31,336 - INFO - MainThread - Order: V4063009027
2026-06-30 21:21:31,336 - INFO - MainThread - Processing Excel Row 2026
2026-06-30 21:21:31,337 - INFO - MainThread - Order: V4063009028
2026-06-30 21:21:31,338 - INFO - MainThread - Processing Excel Row 2027
2026-06-30 21:21:31,338 - INFO - MainThread - Order: V4063009029
2026-06-30 21:21:31,339 - INFO - MainThread - Processing Excel Row 2028
2026-06-30 21:21:31,340 - INFO - MainThread - Order: V4063009030
2026-06-30 21:21:31,340 - INFO - MainThread - Processing Excel Row 2029
2026-06-30 21:21:31,341 - INFO - MainThread - Order: V4063009031
2026-06-30 21:21:31,341 - INFO - MainThread - Processing Excel Row 2030
2026-06-30 21:21:31,342 - INFO - MainThread - Order: V4063009032
2026-06-30 21:21:31,342 - INFO - MainThread - Processing Excel Row 2031
2026-06-30 21:21:31,342 - INFO - MainThread - Order: V4063009033
2026-06-30 21:21:31,343 - INFO - MainThread - Processing Excel Row 2032
2026-06-30 21:21:31,343 - INFO - MainThread - Order: V4063009034
2026-06-30 21:21:31,343 - INFO - MainThread - Processing Excel Row 2033
2026-06-30 21:21:31,344 - INFO - MainThread - Order: V4063009035
2026-06-30 21:21:31,344 - INFO - MainThread - Processing Excel Row 2034
2026-06-30 21:21:31,345 - INFO - MainThread - Order: V4063009036
2026-06-30 21:21:31,345 - INFO - MainThread - Processing Excel Row 2035
2026-06-30 21:21:31,346 - INFO - MainThread - Order: V4063009037
2026-06-30 21:21:31,346 - INFO - MainThread - Processing Excel Row 2036
2026-06-30 21:21:31,346 - INFO - MainThread - Order: V4063009038
2026-06-30 21:21:31,347 - INFO - MainThread - Processing Excel Row 2037
2026-06-30 21:21:31,347 - INFO - MainThread - Order: V4063009039
2026-06-30 21:21:31,347 - INFO - MainThread - Processing Excel Row 2038
2026-06-30 21:21:31,348 - INFO - MainThread - Order: V4063009040
2026-06-30 21:21:31,348 - INFO - MainThread - Processing Excel Row 2039
2026-06-30 21:21:31,349 - INFO - MainThread - Order: V4063009041
2026-06-30 21:21:31,349 - INFO - MainThread - Processing Excel Row 2040
2026-06-30 21:21:31,350 - INFO - MainThread - Order: V4063009042
2026-06-30 21:21:31,350 - INFO - MainThread - Processing Excel Row 2041
2026-06-30 21:21:31,350 - INFO - MainThread - Order: V4063009043
2026-06-30 21:21:31,350 - INFO - MainThread - Processing Excel Row 2042
2026-06-30 21:21:31,351 - INFO - MainThread - Order: V4063009044
2026-06-30 21:21:31,351 - INFO - MainThread - Processing Excel Row 2043
2026-06-30 21:21:31,352 - INFO - MainThread - Order: V4063009045
2026-06-30 21:21:31,352 - INFO - MainThread - Processing Excel Row 2044
2026-06-30 21:21:31,353 - INFO - MainThread - Order: V4063009046
2026-06-30 21:21:31,353 - INFO - MainThread - Processing Excel Row 2045
2026-06-30 21:21:31,354 - INFO - MainThread - Order: V4063009047
2026-06-30 21:21:31,354 - INFO - MainThread - Processing Excel Row 2046
2026-06-30 21:21:31,355 - INFO - MainThread - Order: V4063009048
2026-06-30 21:21:31,355 - INFO - MainThread - Processing Excel Row 2047
2026-06-30 21:21:31,355 - INFO - MainThread - Order: V4063009049
2026-06-30 21:21:31,356 - INFO - MainThread - Processing Excel Row 2048
2026-06-30 21:21:31,356 - INFO - MainThread - Order: V4063009050
2026-06-30 21:21:31,356 - INFO - MainThread - Processing Excel Row 2049
2026-06-30 21:21:31,357 - INFO - MainThread - Order: V4063009051
2026-06-30 21:21:31,357 - INFO - MainThread - Processing Excel Row 2050
2026-06-30 21:21:31,358 - INFO - MainThread - Order: V4063009052
2026-06-30 21:21:31,358 - INFO - MainThread - Processing Excel Row 2051
2026-06-30 21:21:31,359 - INFO - MainThread - Order: V4063009053
2026-06-30 21:21:31,359 - INFO - MainThread - Processing Excel Row 2052
2026-06-30 21:21:31,360 - INFO - MainThread - Order: V4063009054
2026-06-30 21:21:31,360 - INFO - MainThread - Processing Excel Row 2053
2026-06-30 21:21:31,360 - INFO - MainThread - Order: V4063009055
2026-06-30 21:21:31,361 - INFO - MainThread - Processing Excel Row 2054
2026-06-30 21:21:31,361 - INFO - MainThread - Order: V4063009056
2026-06-30 21:21:31,361 - INFO - MainThread - Processing Excel Row 2055
2026-06-30 21:21:31,362 - INFO - MainThread - Order: V4063009057
2026-06-30 21:21:31,362 - INFO - MainThread - Processing Excel Row 2056
2026-06-30 21:21:31,364 - INFO - MainThread - Order: V4063009058
2026-06-30 21:21:31,364 - INFO - MainThread - Processing Excel Row 2057
2026-06-30 21:21:31,365 - INFO - MainThread - Order: V4063009059
2026-06-30 21:21:31,365 - INFO - MainThread - Processing Excel Row 2058
2026-06-30 21:21:31,366 - INFO - MainThread - Order: V4063009060
2026-06-30 21:21:31,366 - INFO - MainThread - Processing Excel Row 2059
2026-06-30 21:21:31,367 - INFO - MainThread - Order: V4063009061
2026-06-30 21:21:31,367 - INFO - MainThread - Processing Excel Row 2060
2026-06-30 21:21:31,368 - INFO - MainThread - Order: V4063009062
2026-06-30 21:21:31,368 - INFO - MainThread - Processing Excel Row 2061
2026-06-30 21:21:31,369 - INFO - MainThread - Order: V4063009063
2026-06-30 21:21:31,369 - INFO - MainThread - Processing Excel Row 2062
2026-06-30 21:21:31,369 - INFO - MainThread - Order: V4063009064
2026-06-30 21:21:31,369 - INFO - MainThread - Processing Excel Row 2063
2026-06-30 21:21:31,370 - INFO - MainThread - Order: V4063009065
2026-06-30 21:21:31,370 - INFO - MainThread - Processing Excel Row 2064
2026-06-30 21:21:31,371 - INFO - MainThread - Order: V4063009066
2026-06-30 21:21:31,371 - INFO - MainThread - Processing Excel Row 2065
2026-06-30 21:21:31,372 - INFO - MainThread - Order: V4063009067
2026-06-30 21:21:31,372 - INFO - MainThread - Processing Excel Row 2066
2026-06-30 21:21:31,373 - INFO - MainThread - Order: V4063009068
2026-06-30 21:21:31,373 - INFO - MainThread - Processing Excel Row 2067
2026-06-30 21:21:31,374 - INFO - MainThread - Order: V4063009069
2026-06-30 21:21:31,374 - INFO - MainThread - Processing Excel Row 2068
2026-06-30 21:21:31,374 - INFO - MainThread - Order: V4063009070
2026-06-30 21:21:31,375 - INFO - MainThread - Processing Excel Row 2069
2026-06-30 21:21:31,375 - INFO - MainThread - Order: V4063009071
2026-06-30 21:21:31,375 - INFO - MainThread - Processing Excel Row 2070
2026-06-30 21:21:31,376 - INFO - MainThread - Order: V4063009072
2026-06-30 21:21:31,376 - INFO - MainThread - Processing Excel Row 2071
2026-06-30 21:21:31,377 - INFO - MainThread - Order: V4063009073
2026-06-30 21:21:31,377 - INFO - MainThread - Processing Excel Row 2072
2026-06-30 21:21:31,378 - INFO - MainThread - Order: V4063009074
2026-06-30 21:21:31,378 - INFO - MainThread - Processing Excel Row 2073
2026-06-30 21:21:31,378 - INFO - MainThread - Order: V4063009075
2026-06-30 21:21:31,379 - INFO - MainThread - Processing Excel Row 2074
2026-06-30 21:21:31,379 - INFO - MainThread - Order: V4063009076
2026-06-30 21:21:31,379 - INFO - MainThread - Processing Excel Row 2075
2026-06-30 21:21:31,380 - INFO - MainThread - Order: V4063009077
2026-06-30 21:21:31,380 - INFO - MainThread - Processing Excel Row 2076
2026-06-30 21:21:31,381 - INFO - MainThread - Order: V4063009078
2026-06-30 21:21:31,381 - INFO - MainThread - Processing Excel Row 2077
2026-06-30 21:21:31,382 - INFO - MainThread - Order: V4063009079
2026-06-30 21:21:31,382 - INFO - MainThread - Processing Excel Row 2078
2026-06-30 21:21:31,383 - INFO - MainThread - Order: V4063009080
2026-06-30 21:21:31,383 - INFO - MainThread - Processing Excel Row 2079
2026-06-30 21:21:31,384 - INFO - MainThread - Order: V4063009081
2026-06-30 21:21:31,384 - INFO - MainThread - Processing Excel Row 2080
2026-06-30 21:21:31,384 - INFO - MainThread - Order: V4063009082
2026-06-30 21:21:31,385 - INFO - MainThread - Processing Excel Row 2081
2026-06-30 21:21:31,385 - INFO - MainThread - Order: V4063009083
2026-06-30 21:21:31,386 - INFO - MainThread - Processing Excel Row 2082
2026-06-30 21:21:31,386 - INFO - MainThread - Order: V4063009084
2026-06-30 21:21:31,386 - INFO - MainThread - Processing Excel Row 2083
2026-06-30 21:21:31,387 - INFO - MainThread - Order: V4063009085
2026-06-30 21:21:31,387 - INFO - MainThread - Processing Excel Row 2084
2026-06-30 21:21:31,388 - INFO - MainThread - Order: V4063009086
2026-06-30 21:21:31,388 - INFO - MainThread - Processing Excel Row 2085
2026-06-30 21:21:31,389 - INFO - MainThread - Order: V4063009087
2026-06-30 21:21:31,389 - INFO - MainThread - Processing Excel Row 2086
2026-06-30 21:21:31,389 - INFO - MainThread - Order: V4063009088
2026-06-30 21:21:31,390 - INFO - MainThread - Processing Excel Row 2087
2026-06-30 21:21:31,390 - INFO - MainThread - Order: V4063009089
2026-06-30 21:21:31,390 - INFO - MainThread - Processing Excel Row 2088
2026-06-30 21:21:31,391 - INFO - MainThread - Order: V4063009090
2026-06-30 21:21:31,391 - INFO - MainThread - Processing Excel Row 2089
2026-06-30 21:21:31,392 - INFO - MainThread - Order: V4063009091
2026-06-30 21:21:31,392 - INFO - MainThread - Processing Excel Row 2090
2026-06-30 21:21:31,392 - INFO - MainThread - Order: V4063009092
2026-06-30 21:21:31,392 - INFO - MainThread - Processing Excel Row 2091
2026-06-30 21:21:31,393 - INFO - MainThread - Order: V4063009093
2026-06-30 21:21:31,393 - INFO - MainThread - Processing Excel Row 2092
2026-06-30 21:21:31,394 - INFO - MainThread - Order: V4063009094
2026-06-30 21:21:31,394 - INFO - MainThread - Processing Excel Row 2093
2026-06-30 21:21:31,395 - INFO - MainThread - Order: V4063009095
2026-06-30 21:21:31,395 - INFO - MainThread - Processing Excel Row 2094
2026-06-30 21:21:31,395 - INFO - MainThread - Order: V4063009096
2026-06-30 21:21:31,395 - INFO - MainThread - Processing Excel Row 2095
2026-06-30 21:21:31,396 - INFO - MainThread - Order: V4063009097
2026-06-30 21:21:31,396 - INFO - MainThread - Processing Excel Row 2096
2026-06-30 21:21:31,397 - INFO - MainThread - Order: V4063009098
2026-06-30 21:21:31,397 - INFO - MainThread - Processing Excel Row 2097
2026-06-30 21:21:31,398 - INFO - MainThread - Order: V4063009099
2026-06-30 21:21:31,398 - INFO - MainThread - Processing Excel Row 2098
2026-06-30 21:21:31,398 - INFO - MainThread - Order: V4063009100
2026-06-30 21:21:31,398 - INFO - MainThread - Processing Excel Row 2099
2026-06-30 21:21:31,399 - INFO - MainThread - Order: V4063009101
2026-06-30 21:21:31,399 - INFO - MainThread - Processing Excel Row 2100
2026-06-30 21:21:31,400 - INFO - MainThread - Order: V4063009102
2026-06-30 21:21:31,400 - INFO - MainThread - Processing Excel Row 2101
2026-06-30 21:21:31,400 - INFO - MainThread - Order: V4063009103
2026-06-30 21:21:31,400 - INFO - MainThread - Processing Excel Row 2102
2026-06-30 21:21:31,401 - INFO - MainThread - Order: V4063009104
2026-06-30 21:21:31,401 - INFO - MainThread - Processing Excel Row 2103
2026-06-30 21:21:31,402 - INFO - MainThread - Order: V4063009105
2026-06-30 21:21:31,402 - INFO - MainThread - Processing Excel Row 2104
2026-06-30 21:21:31,403 - INFO - MainThread - Order: V4063009106
2026-06-30 21:21:31,403 - INFO - MainThread - Processing Excel Row 2105
2026-06-30 21:21:31,404 - INFO - MainThread - Order: V4063009107
2026-06-30 21:21:31,404 - INFO - MainThread - Processing Excel Row 2106
2026-06-30 21:21:31,405 - INFO - MainThread - Order: V4063009108
2026-06-30 21:21:31,405 - INFO - MainThread - Processing Excel Row 2107
2026-06-30 21:21:31,406 - INFO - MainThread - Order: V4063009109
2026-06-30 21:21:31,406 - INFO - MainThread - Processing Excel Row 2108
2026-06-30 21:21:31,407 - INFO - MainThread - Order: V4063009110
2026-06-30 21:21:31,407 - INFO - MainThread - Processing Excel Row 2109
2026-06-30 21:21:31,408 - INFO - MainThread - Order: V4063009111
2026-06-30 21:21:31,408 - INFO - MainThread - Processing Excel Row 2110
2026-06-30 21:21:31,408 - INFO - MainThread - Order: V4063009112
2026-06-30 21:21:31,408 - INFO - MainThread - Processing Excel Row 2111
2026-06-30 21:21:31,409 - INFO - MainThread - Order: V4063009113
2026-06-30 21:21:31,409 - INFO - MainThread - Processing Excel Row 2112
2026-06-30 21:21:31,410 - INFO - MainThread - Order: V4063009114
2026-06-30 21:21:31,410 - INFO - MainThread - Processing Excel Row 2113
2026-06-30 21:21:31,410 - INFO - MainThread - Order: V4063009115
2026-06-30 21:21:31,411 - INFO - MainThread - Processing Excel Row 2114
2026-06-30 21:21:31,411 - INFO - MainThread - Order: V4063009116
2026-06-30 21:21:31,411 - INFO - MainThread - Processing Excel Row 2115
2026-06-30 21:21:31,412 - INFO - MainThread - Order: V4063009117
2026-06-30 21:21:31,412 - INFO - MainThread - Processing Excel Row 2116
2026-06-30 21:21:31,413 - INFO - MainThread - Order: V4063009118
2026-06-30 21:21:31,413 - INFO - MainThread - Processing Excel Row 2117
2026-06-30 21:21:31,413 - INFO - MainThread - Order: V4063009119
2026-06-30 21:21:31,413 - INFO - MainThread - Processing Excel Row 2118
2026-06-30 21:21:31,414 - INFO - MainThread - Order: V4063009120
2026-06-30 21:21:31,414 - INFO - MainThread - Processing Excel Row 2119
2026-06-30 21:21:31,415 - INFO - MainThread - Order: V4063009121
2026-06-30 21:21:31,415 - INFO - MainThread - Processing Excel Row 2120
2026-06-30 21:21:31,416 - INFO - MainThread - Order: V4063009122
2026-06-30 21:21:31,416 - INFO - MainThread - Processing Excel Row 2121
2026-06-30 21:21:31,416 - INFO - MainThread - Order: V4063009123
2026-06-30 21:21:31,416 - INFO - MainThread - Processing Excel Row 2122
2026-06-30 21:21:31,417 - INFO - MainThread - Order: V4063009124
2026-06-30 21:21:31,417 - INFO - MainThread - Processing Excel Row 2123
2026-06-30 21:21:31,418 - INFO - MainThread - Order: V4063009125
2026-06-30 21:21:31,418 - INFO - MainThread - Processing Excel Row 2124
2026-06-30 21:21:31,419 - INFO - MainThread - Order: V4063009126
2026-06-30 21:21:31,419 - INFO - MainThread - Processing Excel Row 2125
2026-06-30 21:21:31,419 - INFO - MainThread - Order: V4063009127
2026-06-30 21:21:31,419 - INFO - MainThread - Processing Excel Row 2126
2026-06-30 21:21:31,420 - INFO - MainThread - Order: V4063009128
2026-06-30 21:21:31,420 - INFO - MainThread - Processing Excel Row 2127
2026-06-30 21:21:31,421 - INFO - MainThread - Order: V4063009129
2026-06-30 21:21:31,421 - INFO - MainThread - Processing Excel Row 2128
2026-06-30 21:21:31,422 - INFO - MainThread - Order: V4063009130
2026-06-30 21:21:31,422 - INFO - MainThread - Processing Excel Row 2129
2026-06-30 21:21:31,422 - INFO - MainThread - Order: V4063009131
2026-06-30 21:21:31,422 - INFO - MainThread - Processing Excel Row 2130
2026-06-30 21:21:31,423 - INFO - MainThread - Order: V4063009132
2026-06-30 21:21:31,423 - INFO - MainThread - Processing Excel Row 2131
2026-06-30 21:21:31,424 - INFO - MainThread - Order: V4063009133
2026-06-30 21:21:31,424 - INFO - MainThread - Processing Excel Row 2132
2026-06-30 21:21:31,425 - INFO - MainThread - Order: V4063009134
2026-06-30 21:21:31,425 - INFO - MainThread - Processing Excel Row 2133
2026-06-30 21:21:31,426 - INFO - MainThread - Order: V4063009135
2026-06-30 21:21:31,426 - INFO - MainThread - Processing Excel Row 2134
2026-06-30 21:21:31,426 - INFO - MainThread - Order: V4063009136
2026-06-30 21:21:31,426 - INFO - MainThread - Processing Excel Row 2135
2026-06-30 21:21:31,427 - INFO - MainThread - Order: V4063009137
2026-06-30 21:21:31,427 - INFO - MainThread - Processing Excel Row 2136
2026-06-30 21:21:31,428 - INFO - MainThread - Order: V4063009138
2026-06-30 21:21:31,428 - INFO - MainThread - Processing Excel Row 2137
2026-06-30 21:21:31,429 - INFO - MainThread - Order: V4063009139
2026-06-30 21:21:31,429 - INFO - MainThread - Processing Excel Row 2138
2026-06-30 21:21:31,430 - INFO - MainThread - Order: V4063009140
2026-06-30 21:21:31,430 - INFO - MainThread - Processing Excel Row 2139
2026-06-30 21:21:31,431 - INFO - MainThread - Order: V4063009141
2026-06-30 21:21:31,431 - INFO - MainThread - Processing Excel Row 2140
2026-06-30 21:21:31,431 - INFO - MainThread - Order: V4063009142
2026-06-30 21:21:31,431 - INFO - MainThread - Processing Excel Row 2141
2026-06-30 21:21:31,432 - INFO - MainThread - Order: V4063009143
2026-06-30 21:21:31,432 - INFO - MainThread - Processing Excel Row 2142
2026-06-30 21:21:31,433 - INFO - MainThread - Order: V4063009144
2026-06-30 21:21:31,433 - INFO - MainThread - Processing Excel Row 2143
2026-06-30 21:21:31,434 - INFO - MainThread - Order: V4063009145
2026-06-30 21:21:31,434 - INFO - MainThread - Processing Excel Row 2144
2026-06-30 21:21:31,434 - INFO - MainThread - Order: V4063009146
2026-06-30 21:21:31,435 - INFO - MainThread - Processing Excel Row 2145
2026-06-30 21:21:31,435 - INFO - MainThread - Order: V4063009147
2026-06-30 21:21:31,435 - INFO - MainThread - Processing Excel Row 2146
2026-06-30 21:21:31,436 - INFO - MainThread - Order: V4063009148
2026-06-30 21:21:31,436 - INFO - MainThread - Processing Excel Row 2147
2026-06-30 21:21:31,437 - INFO - MainThread - Order: V4063009149
2026-06-30 21:21:31,437 - INFO - MainThread - Processing Excel Row 2148
2026-06-30 21:21:31,438 - INFO - MainThread - Order: V4063009150
2026-06-30 21:21:31,438 - INFO - MainThread - Processing Excel Row 2149
2026-06-30 21:21:31,438 - INFO - MainThread - Order: V4063009151
2026-06-30 21:21:31,438 - INFO - MainThread - Processing Excel Row 2150
2026-06-30 21:21:31,439 - INFO - MainThread - Order: V4063009152
2026-06-30 21:21:31,439 - INFO - MainThread - Processing Excel Row 2151
2026-06-30 21:21:31,440 - INFO - MainThread - Order: V4063009153
2026-06-30 21:21:31,440 - INFO - MainThread - Processing Excel Row 2152
2026-06-30 21:21:31,440 - INFO - MainThread - Order: V4063009154
2026-06-30 21:21:31,440 - INFO - MainThread - Processing Excel Row 2153
2026-06-30 21:21:31,441 - INFO - MainThread - Order: V4063009155
2026-06-30 21:21:31,441 - INFO - MainThread - Processing Excel Row 2154
2026-06-30 21:21:31,442 - INFO - MainThread - Order: V4063009156
2026-06-30 21:21:31,442 - INFO - MainThread - Processing Excel Row 2155
2026-06-30 21:21:31,443 - INFO - MainThread - Order: V4063009157
2026-06-30 21:21:31,443 - INFO - MainThread - Processing Excel Row 2156
2026-06-30 21:21:31,443 - INFO - MainThread - Order: V4063009158
2026-06-30 21:21:31,443 - INFO - MainThread - Processing Excel Row 2157
2026-06-30 21:21:31,444 - INFO - MainThread - Order: V4063009159
2026-06-30 21:21:31,444 - INFO - MainThread - Processing Excel Row 2158
2026-06-30 21:21:31,445 - INFO - MainThread - Order: V4063009160
2026-06-30 21:21:31,445 - INFO - MainThread - Processing Excel Row 2159
2026-06-30 21:21:31,446 - INFO - MainThread - Order: V4063009161
2026-06-30 21:21:31,446 - INFO - MainThread - Processing Excel Row 2160
2026-06-30 21:21:31,447 - INFO - MainThread - Order: V4063009162
2026-06-30 21:21:31,544 - INFO - MainThread - Sheets found in '/Users/vgana3/Documents/GitHub/Nike/J30/Input_files/Outbound_Worksheet.xlsx': ['CreateOrder', 'Parent_Order', 'BackUp', 'TranLog', 'MHE_Journal', 'OriginalOrderInput', 'CreateShipment', 'MasterData', 'MasterInput', 'Shipment_ID', 'Item_info', 'B2B_SUB_HUB']
2026-06-30 21:21:31,805 - INFO - MainThread - Total payloads to send: 2160
2026-06-30 21:21:31,805 - INFO - MainThread - Using 10 worker thread(s).
2026-06-30 21:21:32,641 - INFO - ThreadPoolExecutor-0_0 - [PROD] Sending payload 1/2160 | Order Number: V4063007003
2026-06-30 21:21:32,641 - INFO - ThreadPoolExecutor-0_1 - [PROD] Sending payload 2/2160 | Order Number: V4063007004
2026-06-30 21:21:32,641 - INFO - ThreadPoolExecutor-0_2 - [PROD] Sending payload 3/2160 | Order Number: V4063007005
2026-06-30 21:21:32,641 - INFO - ThreadPoolExecutor-0_3 - [PROD] Sending payload 4/2160 | Order Number: V4063007006
2026-06-30 21:21:32,641 - INFO - ThreadPoolExecutor-0_4 - [PROD] Sending payload 5/2160 | Order Number: V4063007007
2026-06-30 21:21:32,642 - INFO - ThreadPoolExecutor-0_5 - [PROD] Sending payload 6/2160 | Order Number: V4063007008
2026-06-30 21:21:32,644 - INFO - ThreadPoolExecutor-0_6 - [PROD] Sending payload 7/2160 | Order Number: V4063007009
2026-06-30 21:21:32,646 - INFO - ThreadPoolExecutor-0_7 - [PROD] Sending payload 8/2160 | Order Number: V4063007010
2026-06-30 21:21:32,646 - INFO - ThreadPoolExecutor-0_8 - [PROD] Sending payload 9/2160 | Order Number: V4063007011
2026-06-30 21:21:32,647 - INFO - ThreadPoolExecutor-0_9 - [PROD] Sending payload 10/2160 | Order Number: V4063007012
2026-06-30 21:21:35,917 - INFO - ThreadPoolExecutor-0_2 - [PROD] Payload 3/2160 sent successfully. Status Code: 200
2026-06-30 21:21:35,921 - INFO - ThreadPoolExecutor-0_0 - [PROD] Payload 1/2160 sent successfully. Status Code: 200
2026-06-30 21:21:35,921 - INFO - ThreadPoolExecutor-0_3 - [PROD] Payload 4/2160 sent successfully. Status Code: 200
2026-06-30 21:21:35,921 - INFO - ThreadPoolExecutor-0_7 - [PROD] Payload 8/2160 sent successfully. Status Code: 200
2026-06-30 21:21:35,922 - INFO - ThreadPoolExecutor-0_2 - [PROD] Sending payload 11/2160 | Order Number: V4063007013
2026-06-30 21:21:35,923 - INFO - ThreadPoolExecutor-0_0 - [PROD] Sending payload 12/2160 | Order Number: V4063007014
2026-06-30 21:21:35,923 - INFO - ThreadPoolExecutor-0_3 - [PROD] Sending payload 13/2160 | Order Number: V4063007015
2026-06-30 21:21:35,923 - INFO - ThreadPoolExecutor-0_7 - [PROD] Sending payload 14/2160 | Order Number: V4063007016
2026-06-30 21:21:35,966 - INFO - ThreadPoolExecutor-0_1 - [PROD] Payload 2/2160 sent successfully. Status Code: 200
2026-06-30 21:21:35,966 - INFO - ThreadPoolExecutor-0_1 - [PROD] Sending payload 15/2160 | Order Number: V4063007017
2026-06-30 21:21:35,978 - INFO - ThreadPoolExecutor-0_4 - [PROD] Payload 5/2160 sent successfully. Status Code: 200
2026-06-30 21:21:35,978 - INFO - ThreadPoolExecutor-0_4 - [PROD] Sending payload 16/2160 | Order Number: V4063007018
2026-06-30 21:21:36,049 - INFO - ThreadPoolExecutor-0_9 - [PROD] Payload 10/2160 sent successfully. Status Code: 200
2026-06-30 21:21:36,049 - INFO - ThreadPoolExecutor-0_9 - [PROD] Sending payload 17/2160 | Order Number: V4063007019
2026-06-30 21:21:36,121 - INFO - ThreadPoolExecutor-0_8 - [PROD] Payload 9/2160 sent successfully. Status Code: 200
2026-06-30 21:21:36,122 - INFO - ThreadPoolExecutor-0_8 - [PROD] Sending payload 18/2160 | Order Number: V4063007020
2026-06-30 21:21:36,170 - INFO - ThreadPoolExecutor-0_5 - [PROD] Payload 6/2160 sent successfully. Status Code: 200
2026-06-30 21:21:36,171 - INFO - ThreadPoolExecutor-0_5 - [PROD] Sending payload 19/2160 | Order Number: V4063007021
2026-06-30 21:21:37,002 - INFO - ThreadPoolExecutor-0_6 - [PROD] Payload 7/2160 sent successfully. Status Code: 200
2026-06-30 21:21:37,003 - INFO - ThreadPoolExecutor-0_6 - [PROD] Sending payload 20/2160 | Order Number: V4063007022
2026-06-30 21:21:37,863 - INFO - ThreadPoolExecutor-0_0 - [PROD] Payload 12/2160 sent successfully. Status Code: 200
2026-06-30 21:21:37,864 - INFO - ThreadPoolExecutor-0_0 - [PROD] Sending payload 21/2160 | Order Number: V4063007023
2026-06-30 21:21:37,950 - INFO - ThreadPoolExecutor-0_7 - [PROD] Payload 14/2160 sent successfully. Status Code: 200
2026-06-30 21:21:37,951 - INFO - ThreadPoolExecutor-0_7 - [PROD] Sending payload 22/2160 | Order Number: V4063007024
2026-06-30 21:21:38,040 - INFO - ThreadPoolExecutor-0_8 - [PROD] Payload 18/2160 sent successfully. Status Code: 200
2026-06-30 21:21:38,041 - INFO - ThreadPoolExecutor-0_8 - [PROD] Sending payload 23/2160 | Order Number: V4063007025
2026-06-30 21:21:38,066 - INFO - ThreadPoolExecutor-0_3 - [PROD] Payload 13/2160 sent successfully. Status Code: 200
2026-06-30 21:21:38,067 - INFO - ThreadPoolExecutor-0_3 - [PROD] Sending payload 24/2160 | Order Number: V4063007026
2026-06-30 21:21:38,291 - INFO - ThreadPoolExecutor-0_5 - [PROD] Payload 19/2160 sent successfully. Status Code: 200
2026-06-30 21:21:38,292 - INFO - ThreadPoolExecutor-0_5 - [PROD] Sending payload 25/2160 | Order Number: V4063007027
2026-06-30 21:21:38,299 - INFO - ThreadPoolExecutor-0_9 - [PROD] Payload 17/2160 sent successfully. Status Code: 200
2026-06-30 21:21:38,299 - INFO - ThreadPoolExecutor-0_9 - [PROD] Sending payload 26/2160 | Order Number: V4063007028
2026-06-30 21:21:38,358 - INFO - ThreadPoolExecutor-0_4 - [PROD] Payload 16/2160 sent successfully. Status Code: 200
2026-06-30 21:21:38,358 - INFO - ThreadPoolExecutor-0_4 - [PROD] Sending payload 27/2160 | Order Number: V4063007029
2026-06-30 21:21:38,428 - INFO - ThreadPoolExecutor-0_1 - [PROD] Payload 15/2160 sent successfully. Status Code: 200
2026-06-30 21:21:38,429 - INFO - ThreadPoolExecutor-0_1 - [PROD] Sending payload 28/2160 | Order Number: V4063007030
2026-06-30 21:21:38,452 - INFO - ThreadPoolExecutor-0_2 - [PROD] Payload 11/2160 sent successfully. Status Code: 200
2026-06-30 21:21:38,453 - INFO - ThreadPoolExecutor-0_2 - [PROD] Sending payload 29/2160 | Order Number: V4063007031
2026-06-30 21:21:38,813 - INFO - ThreadPoolExecutor-0_6 - [PROD] Payload 20/2160 sent successfully. Status Code: 200
2026-06-30 21:21:38,813 - INFO - ThreadPoolExecutor-0_6 - [PROD] Sending payload 30/2160 | Order Number: V4063007032
2026-06-30 21:21:39,807 - INFO - ThreadPoolExecutor-0_0 - [PROD] Payload 21/2160 sent successfully. Status Code: 200
2026-06-30 21:21:39,809 - INFO - ThreadPoolExecutor-0_0 - [PROD] Sending payload 31/2160 | Order Number: V4063007033
2026-06-30 21:21:39,887 - INFO - ThreadPoolExecutor-0_8 - [PROD] Payload 23/2160 sent successfully. Status Code: 200
2026-06-30 21:21:39,887 - INFO - ThreadPoolExecutor-0_8 - [PROD] Sending payload 32/2160 | Order Number: V4063007034
2026-06-30 21:21:40,154 - INFO - ThreadPoolExecutor-0_3 - [PROD] Payload 24/2160 sent successfully. Status Code: 200
2026-06-30 21:21:40,155 - INFO - ThreadPoolExecutor-0_3 - [PROD] Sending payload 33/2160 | Order Number: V4063007035
2026-06-30 21:21:40,162 - INFO - ThreadPoolExecutor-0_9 - [PROD] Payload 26/2160 sent successfully. Status Code: 200
2026-06-30 21:21:40,162 - INFO - ThreadPoolExecutor-0_9 - [PROD] Sending payload 34/2160 | Order Number: V4063007036
2026-06-30 21:21:40,241 - INFO - ThreadPoolExecutor-0_5 - [PROD] Payload 25/2160 sent successfully. Status Code: 200
2026-06-30 21:21:40,242 - INFO - ThreadPoolExecutor-0_5 - [PROD] Sending payload 35/2160 | Order Number: V4063007037
2026-06-30 21:21:40,354 - INFO - ThreadPoolExecutor-0_1 - [PROD] Payload 28/2160 sent successfully. Status Code: 200
2026-06-30 21:21:40,355 - INFO - ThreadPoolExecutor-0_1 - [PROD] Sending payload 36/2160 | Order Number: V4063007038
2026-06-30 21:21:40,369 - INFO - ThreadPoolExecutor-0_7 - [PROD] Payload 22/2160 sent successfully. Status Code: 200
2026-06-30 21:21:40,369 - INFO - ThreadPoolExecutor-0_7 - [PROD] Sending payload 37/2160 | Order Number: V4063007039
2026-06-30 21:21:40,406 - INFO - ThreadPoolExecutor-0_2 - [PROD] Payload 29/2160 sent successfully. Status Code: 200
2026-06-30 21:21:40,406 - INFO - ThreadPoolExecutor-0_2 - [PROD] Sending payload 38/2160 | Order Number: V4063007040
2026-06-30 21:21:40,510 - INFO - ThreadPoolExecutor-0_4 - [PROD] Payload 27/2160 sent successfully. Status Code: 200
2026-06-30 21:21:40,512 - INFO - ThreadPoolExecutor-0_4 - [PROD] Sending payload 39/2160 | Order Number: V4063007041
2026-06-30 21:21:40,630 - INFO - ThreadPoolExecutor-0_6 - [PROD] Payload 30/2160 sent successfully. Status Code: 200
2026-06-30 21:21:40,631 - INFO - ThreadPoolExecutor-0_6 - [PROD] Sending payload 40/2160 | Order Number: V4063007042
2026-06-30 21:21:41,649 - INFO - ThreadPoolExecutor-0_0 - [PROD] Payload 31/2160 sent successfully. Status Code: 200
2026-06-30 21:21:41,651 - INFO - ThreadPoolExecutor-0_0 - [PROD] Sending payload 41/2160 | Order Number: V4063007043
2026-06-30 21:21:41,846 - INFO - ThreadPoolExecutor-0_8 - [PROD] Payload 32/2160 sent successfully. Status Code: 200
2026-06-30 21:21:41,848 - INFO - ThreadPoolExecutor-0_8 - [PROD] Sending payload 42/2160 | Order Number: V4063007044
2026-06-30 21:21:41,958 - INFO - ThreadPoolExecutor-0_9 - [PROD] Payload 34/2160 sent successfully. Status Code: 200
2026-06-30 21:21:41,959 - INFO - ThreadPoolExecutor-0_9 - [PROD] Sending payload 43/2160 | Order Number: V4063007045
2026-06-30 21:21:42,065 - INFO - ThreadPoolExecutor-0_3 - [PROD] Payload 33/2160 sent successfully. Status Code: 200
2026-06-30 21:21:42,066 - INFO - ThreadPoolExecutor-0_3 - [PROD] Sending payload 44/2160 | Order Number: V4063007046
2026-06-30 21:21:42,168 - INFO - ThreadPoolExecutor-0_5 - [PROD] Payload 35/2160 sent successfully. Status Code: 200
2026-06-30 21:21:42,169 - INFO - ThreadPoolExecutor-0_7 - [PROD] Payload 37/2160 sent successfully. Status Code: 200
2026-06-30 21:21:42,170 - INFO - ThreadPoolExecutor-0_5 - [PROD] Sending payload 45/2160 | Order Number: V4063007047
2026-06-30 21:21:42,171 - INFO - ThreadPoolExecutor-0_7 - [PROD] Sending payload 46/2160 | Order Number: V4063007048
2026-06-30 21:21:42,300 - INFO - ThreadPoolExecutor-0_1 - [PROD] Payload 36/2160 sent successfully. Status Code: 200
2026-06-30 21:21:42,301 - INFO - ThreadPoolExecutor-0_1 - [PROD] Sending payload 47/2160 | Order Number: V4063007049
2026-06-30 21:21:42,446 - INFO - ThreadPoolExecutor-0_2 - [PROD] Payload 38/2160 sent successfully. Status Code: 200
2026-06-30 21:21:42,449 - INFO - ThreadPoolExecutor-0_2 - [PROD] Sending payload 48/2160 | Order Number: V4063007050
2026-06-30 21:21:42,466 - INFO - ThreadPoolExecutor-0_4 - [PROD] Payload 39/2160 sent successfully. Status Code: 200
2026-06-30 21:21:42,467 - INFO - ThreadPoolExecutor-0_4 - [PROD] Sending payload 49/2160 | Order Number: V4063007051
2026-06-30 21:21:42,723 - INFO - ThreadPoolExecutor-0_6 - [PROD] Payload 40/2160 sent successfully. Status Code: 200
2026-06-30 21:21:42,725 - INFO - ThreadPoolExecutor-0_6 - [PROD] Sending payload 50/2160 | Order Number: V4063007052
2026-06-30 21:21:43,595 - INFO - ThreadPoolExecutor-0_0 - [PROD] Payload 41/2160 sent successfully. Status Code: 200
2026-06-30 21:21:43,596 - INFO - ThreadPoolExecutor-0_0 - [PROD] Sending payload 51/2160 | Order Number: V4063007053
2026-06-30 21:21:43,669 - INFO - ThreadPoolExecutor-0_8 - [PROD] Payload 42/2160 sent successfully. Status Code: 200
2026-06-30 21:21:43,670 - INFO - ThreadPoolExecutor-0_8 - [PROD] Sending payload 52/2160 | Order Number: V4063007054
2026-06-30 21:21:43,743 - INFO - ThreadPoolExecutor-0_9 - [PROD] Payload 43/2160 sent successfully. Status Code: 200
2026-06-30 21:21:43,744 - INFO - ThreadPoolExecutor-0_9 - [PROD] Sending payload 53/2160 | Order Number: V4063007055
2026-06-30 21:21:43,939 - INFO - ThreadPoolExecutor-0_3 - [PROD] Payload 44/2160 sent successfully. Status Code: 200
2026-06-30 21:21:43,942 - INFO - ThreadPoolExecutor-0_3 - [PROD] Sending payload 54/2160 | Order Number: V4063007056
2026-06-30 21:21:44,154 - INFO - ThreadPoolExecutor-0_5 - [PROD] Payload 45/2160 sent successfully. Status Code: 200
2026-06-30 21:21:44,156 - INFO - ThreadPoolExecutor-0_5 - [PROD] Sending payload 55/2160 | Order Number: V4063007057
2026-06-30 21:21:44,183 - INFO - ThreadPoolExecutor-0_1 - [PROD] Payload 47/2160 sent successfully. Status Code: 200
2026-06-30 21:21:44,183 - INFO - ThreadPoolExecutor-0_1 - [PROD] Sending payload 56/2160 | Order Number: V4063007058
2026-06-30 21:21:44,274 - INFO - ThreadPoolExecutor-0_4 - [PROD] Payload 49/2160 sent successfully. Status Code: 200
2026-06-30 21:21:44,276 - INFO - ThreadPoolExecutor-0_4 - [PROD] Sending payload 57/2160 | Order Number: V4063007059
2026-06-30 21:21:44,321 - INFO - ThreadPoolExecutor-0_7 - [PROD] Payload 46/2160 sent successfully. Status Code: 200
2026-06-30 21:21:44,322 - INFO - ThreadPoolExecutor-0_7 - [PROD] Sending payload 58/2160 | Order Number: V4063007060
2026-06-30 21:21:44,382 - INFO - ThreadPoolExecutor-0_2 - [PROD] Payload 48/2160 sent successfully. Status Code: 200
2026-06-30 21:21:44,383 - INFO - ThreadPoolExecutor-0_2 - [PROD] Sending payload 59/2160 | Order Number: V4063007061
2026-06-30 21:21:44,517 - INFO - ThreadPoolExecutor-0_6 - [PROD] Payload 50/2160 sent successfully. Status Code: 200
2026-06-30 21:21:44,519 - INFO - ThreadPoolExecutor-0_6 - [PROD] Sending payload 60/2160 | Order Number: V4063007062
2026-06-30 21:21:45,647 - INFO - ThreadPoolExecutor-0_0 - [PROD] Payload 51/2160 sent successfully. Status Code: 200
2026-06-30 21:21:45,648 - INFO - ThreadPoolExecutor-0_8 - [PROD] Payload 52/2160 sent successfully. Status Code: 200
2026-06-30 21:21:45,650 - INFO - ThreadPoolExecutor-0_0 - [PROD] Sending payload 61/2160 | Order Number: V4063007063
2026-06-30 21:21:45,650 - INFO - ThreadPoolExecutor-0_9 - [PROD] Payload 53/2160 sent successfully. Status Code: 200
2026-06-30 21:21:45,651 - INFO - ThreadPoolExecutor-0_8 - [PROD] Sending payload 62/2160 | Order Number: V4063007064
2026-06-30 21:21:45,652 - INFO - ThreadPoolExecutor-0_9 - [PROD] Sending payload 63/2160 | Order Number: V4063007065
2026-06-30 21:21:45,661 - ERROR - ThreadPoolExecutor-0_8 - API request failed for payload 62: HTTPSConnectionPool(host='node-fr-preprocessor-ap-prod.nodemanagement-prod.nikecloud.com', port=443): Max retries exceeded with url: /api/node/preprocessor/send/v1 (Caused by NameResolutionError("<urllib3.connection.HTTPSConnection object at 0x1147c6c10>: Failed to resolve 'node-fr-preprocessor-ap-prod.nodemanagement-prod.nikecloud.com' ([Errno 8] nodename nor servname provided, or not known)"))
2026-06-30 21:21:45,661 - INFO - ThreadPoolExecutor-0_8 - [PROD] Sending payload 64/2160 | Order Number: V4063007066
2026-06-30 21:21:45,952 - INFO - ThreadPoolExecutor-0_3 - [PROD] Payload 54/2160 sent successfully. Status Code: 200
2026-06-30 21:21:45,953 - INFO - ThreadPoolExecutor-0_3 - [PROD] Sending payload 65/2160 | Order Number: V4063007067
2026-06-30 21:21:45,995 - INFO - ThreadPoolExecutor-0_1 - [PROD] Payload 56/2160 sent successfully. Status Code: 200
2026-06-30 21:21:45,996 - INFO - ThreadPoolExecutor-0_1 - [PROD] Sending payload 66/2160 | Order Number: V4063007068
2026-06-30 21:21:46,057 - INFO - ThreadPoolExecutor-0_5 - [PROD] Payload 55/2160 sent successfully. Status Code: 200
2026-06-30 21:21:46,058 - INFO - ThreadPoolExecutor-0_5 - [PROD] Sending payload 67/2160 | Order Number: V4063007069
2026-06-30 21:21:46,099 - INFO - ThreadPoolExecutor-0_7 - [PROD] Payload 58/2160 sent successfully. Status Code: 200
2026-06-30 21:21:46,099 - INFO - ThreadPoolExecutor-0_7 - [PROD] Sending payload 68/2160 | Order Number: V4063007070
2026-06-30 21:21:46,291 - INFO - ThreadPoolExecutor-0_4 - [PROD] Payload 57/2160 sent successfully. Status Code: 200
2026-06-30 21:21:46,293 - INFO - ThreadPoolExecutor-0_4 - [PROD] Sending payload 69/2160 | Order Number: V4063007071
2026-06-30 21:21:46,404 - INFO - ThreadPoolExecutor-0_2 - [PROD] Payload 59/2160 sent successfully. Status Code: 200
2026-06-30 21:21:46,404 - INFO - ThreadPoolExecutor-0_2 - [PROD] Sending payload 70/2160 | Order Number: V4063007072
2026-06-30 21:21:46,475 - INFO - ThreadPoolExecutor-0_6 - [PROD] Payload 60/2160 sent successfully. Status Code: 200
2026-06-30 21:21:46,476 - INFO - ThreadPoolExecutor-0_6 - [PROD] Sending payload 71/2160 | Order Number: V4063007073
2026-06-30 21:21:47,486 - INFO - ThreadPoolExecutor-0_8 - [PROD] Payload 64/2160 sent successfully. Status Code: 200
2026-06-30 21:21:47,487 - INFO - ThreadPoolExecutor-0_8 - [PROD] Sending payload 72/2160 | Order Number: V4063007074
2026-06-30 21:21:47,601 - INFO - ThreadPoolExecutor-0_0 - [PROD] Payload 61/2160 sent successfully. Status Code: 200
2026-06-30 21:21:47,603 - INFO - ThreadPoolExecutor-0_0 - [PROD] Sending payload 73/2160 | Order Number: V4063007075
2026-06-30 21:21:47,631 - INFO - ThreadPoolExecutor-0_9 - [PROD] Payload 63/2160 sent successfully. Status Code: 200
2026-06-30 21:21:47,631 - INFO - ThreadPoolExecutor-0_9 - [PROD] Sending payload 74/2160 | Order Number: V4063007076
2026-06-30 21:21:47,874 - INFO - ThreadPoolExecutor-0_3 - [PROD] Payload 65/2160 sent successfully. Status Code: 200
2026-06-30 21:21:47,883 - INFO - ThreadPoolExecutor-0_3 - [PROD] Sending payload 75/2160 | Order Number: V4063007077
2026-06-30 21:21:47,905 - INFO - ThreadPoolExecutor-0_1 - [PROD] Payload 66/2160 sent successfully. Status Code: 200
2026-06-30 21:21:47,905 - INFO - ThreadPoolExecutor-0_1 - [PROD] Sending payload 76/2160 | Order Number: V4063007078
2026-06-30 21:21:47,993 - INFO - ThreadPoolExecutor-0_7 - [PROD] Payload 68/2160 sent successfully. Status Code: 200
2026-06-30 21:21:47,994 - INFO - ThreadPoolExecutor-0_7 - [PROD] Sending payload 77/2160 | Order Number: V4063007079
2026-06-30 21:21:48,125 - INFO - ThreadPoolExecutor-0_4 - [PROD] Payload 69/2160 sent successfully. Status Code: 200
2026-06-30 21:21:48,126 - INFO - ThreadPoolExecutor-0_4 - [PROD] Sending payload 78/2160 | Order Number: V4063007080
2026-06-30 21:21:48,310 - INFO - ThreadPoolExecutor-0_5 - [PROD] Payload 67/2160 sent successfully. Status Code: 200
2026-06-30 21:21:48,312 - INFO - ThreadPoolExecutor-0_5 - [PROD] Sending payload 79/2160 | Order Number: V4063007081
2026-06-30 21:21:48,331 - INFO - ThreadPoolExecutor-0_2 - [PROD] Payload 70/2160 sent successfully. Status Code: 200
2026-06-30 21:21:48,331 - INFO - ThreadPoolExecutor-0_2 - [PROD] Sending payload 80/2160 | Order Number: V4063007082
2026-06-30 21:21:48,355 - INFO - ThreadPoolExecutor-0_6 - [PROD] Payload 71/2160 sent successfully. Status Code: 200
2026-06-30 21:21:48,355 - INFO - ThreadPoolExecutor-0_6 - [PROD] Sending payload 81/2160 | Order Number: V4063007083
2026-06-30 21:21:49,412 - INFO - ThreadPoolExecutor-0_8 - [PROD] Payload 72/2160 sent successfully. Status Code: 200
2026-06-30 21:21:49,413 - INFO - ThreadPoolExecutor-0_8 - [PROD] Sending payload 82/2160 | Order Number: V4063007084
2026-06-30 21:21:49,435 - INFO - ThreadPoolExecutor-0_0 - [PROD] Payload 73/2160 sent successfully. Status Code: 200
2026-06-30 21:21:49,435 - INFO - ThreadPoolExecutor-0_0 - [PROD] Sending payload 83/2160 | Order Number: V4063007085
2026-06-30 21:21:49,519 - INFO - ThreadPoolExecutor-0_9 - [PROD] Payload 74/2160 sent successfully. Status Code: 200
2026-06-30 21:21:49,521 - INFO - ThreadPoolExecutor-0_9 - [PROD] Sending payload 84/2160 | Order Number: V4063007086
2026-06-30 21:21:49,822 - INFO - ThreadPoolExecutor-0_3 - [PROD] Payload 75/2160 sent successfully. Status Code: 200
2026-06-30 21:21:49,823 - INFO - ThreadPoolExecutor-0_7 - [PROD] Payload 77/2160 sent successfully. Status Code: 200
2026-06-30 21:21:49,824 - INFO - ThreadPoolExecutor-0_3 - [PROD] Sending payload 85/2160 | Order Number: V4063007087
2026-06-30 21:21:49,824 - INFO - ThreadPoolExecutor-0_7 - [PROD] Sending payload 86/2160 | Order Number: V4063007088
2026-06-30 21:21:49,925 - INFO - ThreadPoolExecutor-0_1 - [PROD] Payload 76/2160 sent successfully. Status Code: 200
2026-06-30 21:21:49,925 - INFO - ThreadPoolExecutor-0_1 - [PROD] Sending payload 87/2160 | Order Number: V4063007089
2026-06-30 21:21:50,111 - INFO - ThreadPoolExecutor-0_4 - [PROD] Payload 78/2160 sent successfully. Status Code: 200
2026-06-30 21:21:50,114 - INFO - ThreadPoolExecutor-0_4 - [PROD] Sending payload 88/2160 | Order Number: V4063007090
2026-06-30 21:21:50,174 - INFO - ThreadPoolExecutor-0_5 - [PROD] Payload 79/2160 sent successfully. Status Code: 200
2026-06-30 21:21:50,175 - INFO - ThreadPoolExecutor-0_5 - [PROD] Sending payload 89/2160 | Order Number: V4063007091
2026-06-30 21:21:50,220 - INFO - ThreadPoolExecutor-0_2 - [PROD] Payload 80/2160 sent successfully. Status Code: 200
2026-06-30 21:21:50,220 - INFO - ThreadPoolExecutor-0_2 - [PROD] Sending payload 90/2160 | Order Number: V4063007092
2026-06-30 21:21:50,353 - INFO - ThreadPoolExecutor-0_6 - [PROD] Payload 81/2160 sent successfully. Status Code: 200
2026-06-30 21:21:50,354 - INFO - ThreadPoolExecutor-0_6 - [PROD] Sending payload 91/2160 | Order Number: V4063007093
2026-06-30 21:21:51,277 - INFO - ThreadPoolExecutor-0_8 - [PROD] Payload 82/2160 sent successfully. Status Code: 200
2026-06-30 21:21:51,278 - INFO - ThreadPoolExecutor-0_8 - [PROD] Sending payload 92/2160 | Order Number: V4063007094
2026-06-30 21:21:51,281 - INFO - ThreadPoolExecutor-0_0 - [PROD] Payload 83/2160 sent successfully. Status Code: 200
2026-06-30 21:21:51,282 - INFO - ThreadPoolExecutor-0_0 - [PROD] Sending payload 93/2160 | Order Number: V4063007095
2026-06-30 21:21:51,436 - INFO - ThreadPoolExecutor-0_9 - [PROD] Payload 84/2160 sent successfully. Status Code: 200
2026-06-30 21:21:51,438 - INFO - ThreadPoolExecutor-0_9 - [PROD] Sending payload 94/2160 | Order Number: V4063007096
2026-06-30 21:21:51,727 - INFO - ThreadPoolExecutor-0_3 - [PROD] Payload 85/2160 sent successfully. Status Code: 200
2026-06-30 21:21:51,729 - INFO - ThreadPoolExecutor-0_3 - [PROD] Sending payload 95/2160 | Order Number: V4063007097
2026-06-30 21:21:51,731 - INFO - ThreadPoolExecutor-0_7 - [PROD] Payload 86/2160 sent successfully. Status Code: 200
2026-06-30 21:21:51,732 - INFO - ThreadPoolExecutor-0_7 - [PROD] Sending payload 96/2160 | Order Number: V4063007098
2026-06-30 21:21:51,803 - INFO - ThreadPoolExecutor-0_1 - [PROD] Payload 87/2160 sent successfully. Status Code: 200
2026-06-30 21:21:51,805 - INFO - ThreadPoolExecutor-0_1 - [PROD] Sending payload 97/2160 | Order Number: V4063007099
2026-06-30 21:21:51,975 - INFO - ThreadPoolExecutor-0_4 - [PROD] Payload 88/2160 sent successfully. Status Code: 200
2026-06-30 21:21:51,976 - INFO - ThreadPoolExecutor-0_4 - [PROD] Sending payload 98/2160 | Order Number: V4063007100
2026-06-30 21:21:52,050 - INFO - ThreadPoolExecutor-0_5 - [PROD] Payload 89/2160 sent successfully. Status Code: 200
2026-06-30 21:21:52,051 - INFO - ThreadPoolExecutor-0_5 - [PROD] Sending payload 99/2160 | Order Number: V4063007101
2026-06-30 21:21:52,281 - INFO - ThreadPoolExecutor-0_2 - [PROD] Payload 90/2160 sent successfully. Status Code: 200
2026-06-30 21:21:52,283 - INFO - ThreadPoolExecutor-0_2 - [PROD] Sending payload 100/2160 | Order Number: V4063007102
2026-06-30 21:21:52,332 - INFO - ThreadPoolExecutor-0_6 - [PROD] Payload 91/2160 sent successfully. Status Code: 200
2026-06-30 21:21:52,333 - INFO - ThreadPoolExecutor-0_6 - [PROD] Sending payload 101/2160 | Order Number: V4063007103
2026-06-30 21:21:53,150 - INFO - ThreadPoolExecutor-0_8 - [PROD] Payload 92/2160 sent successfully. Status Code: 200
2026-06-30 21:21:53,152 - INFO - ThreadPoolExecutor-0_8 - [PROD] Sending payload 102/2160 | Order Number: V4063007104
2026-06-30 21:21:53,198 - INFO - ThreadPoolExecutor-0_0 - [PROD] Payload 93/2160 sent successfully. Status Code: 200
2026-06-30 21:21:53,199 - INFO - ThreadPoolExecutor-0_0 - [PROD] Sending payload 103/2160 | Order Number: V4063007105
2026-06-30 21:21:53,314 - INFO - ThreadPoolExecutor-0_9 - [PROD] Payload 94/2160 sent successfully. Status Code: 200
2026-06-30 21:21:53,315 - INFO - ThreadPoolExecutor-0_9 - [PROD] Sending payload 104/2160 | Order Number: V4063007106
2026-06-30 21:21:53,616 - INFO - ThreadPoolExecutor-0_1 - [PROD] Payload 97/2160 sent successfully. Status Code: 200
2026-06-30 21:21:53,619 - INFO - ThreadPoolExecutor-0_1 - [PROD] Sending payload 105/2160 | Order Number: V4063007107
2026-06-30 21:21:53,628 - INFO - ThreadPoolExecutor-0_3 - [PROD] Payload 95/2160 sent successfully. Status Code: 200
2026-06-30 21:21:53,629 - INFO - ThreadPoolExecutor-0_3 - [PROD] Sending payload 106/2160 | Order Number: V4063007108
2026-06-30 21:21:53,760 - INFO - ThreadPoolExecutor-0_4 - [PROD] Payload 98/2160 sent successfully. Status Code: 200
2026-06-30 21:21:53,762 - INFO - ThreadPoolExecutor-0_4 - [PROD] Sending payload 107/2160 | Order Number: V4063007109
2026-06-30 21:21:53,813 - INFO - ThreadPoolExecutor-0_7 - [PROD] Payload 96/2160 sent successfully. Status Code: 200
2026-06-30 21:21:53,814 - INFO - ThreadPoolExecutor-0_7 - [PROD] Sending payload 108/2160 | Order Number: V4063007110
2026-06-30 21:21:53,951 - INFO - ThreadPoolExecutor-0_5 - [PROD] Payload 99/2160 sent successfully. Status Code: 200
2026-06-30 21:21:53,952 - INFO - ThreadPoolExecutor-0_5 - [PROD] Sending payload 109/2160 | Order Number: V4063007111
2026-06-30 21:21:54,153 - INFO - ThreadPoolExecutor-0_2 - [PROD] Payload 100/2160 sent successfully. Status Code: 200
2026-06-30 21:21:54,154 - INFO - ThreadPoolExecutor-0_2 - [PROD] Sending payload 110/2160 | Order Number: V4063007112
2026-06-30 21:21:54,408 - INFO - ThreadPoolExecutor-0_6 - [PROD] Payload 101/2160 sent successfully. Status Code: 200
2026-06-30 21:21:54,408 - INFO - ThreadPoolExecutor-0_6 - [PROD] Sending payload 111/2160 | Order Number: V4063007113
2026-06-30 21:21:54,972 - INFO - ThreadPoolExecutor-0_0 - [PROD] Payload 103/2160 sent successfully. Status Code: 200
2026-06-30 21:21:54,978 - INFO - ThreadPoolExecutor-0_0 - [PROD] Sending payload 112/2160 | Order Number: V4063007114
2026-06-30 21:21:55,067 - INFO - ThreadPoolExecutor-0_8 - [PROD] Payload 102/2160 sent successfully. Status Code: 200
2026-06-30 21:21:55,067 - INFO - ThreadPoolExecutor-0_8 - [PROD] Sending payload 113/2160 | Order Number: V4063007115
2026-06-30 21:21:55,177 - INFO - ThreadPoolExecutor-0_9 - [PROD] Payload 104/2160 sent successfully. Status Code: 200
2026-06-30 21:21:55,177 - INFO - ThreadPoolExecutor-0_9 - [PROD] Sending payload 114/2160 | Order Number: V4063007116
2026-06-30 21:21:55,449 - INFO - ThreadPoolExecutor-0_1 - [PROD] Payload 105/2160 sent successfully. Status Code: 200
2026-06-30 21:21:55,451 - INFO - ThreadPoolExecutor-0_1 - [PROD] Sending payload 115/2160 | Order Number: V4063007117
2026-06-30 21:21:55,552 - INFO - ThreadPoolExecutor-0_3 - [PROD] Payload 106/2160 sent successfully. Status Code: 200
2026-06-30 21:21:55,553 - INFO - ThreadPoolExecutor-0_3 - [PROD] Sending payload 116/2160 | Order Number: V4063007118
2026-06-30 21:21:55,748 - INFO - ThreadPoolExecutor-0_4 - [PROD] Payload 107/2160 sent successfully. Status Code: 200
2026-06-30 21:21:55,750 - INFO - ThreadPoolExecutor-0_4 - [PROD] Sending payload 117/2160 | Order Number: V4063007119
2026-06-30 21:21:55,752 - INFO - ThreadPoolExecutor-0_7 - [PROD] Payload 108/2160 sent successfully. Status Code: 200
2026-06-30 21:21:55,753 - INFO - ThreadPoolExecutor-0_7 - [PROD] Sending payload 118/2160 | Order Number: V4063007120
2026-06-30 21:21:55,804 - INFO - ThreadPoolExecutor-0_5 - [PROD] Payload 109/2160 sent successfully. Status Code: 200
2026-06-30 21:21:55,805 - INFO - ThreadPoolExecutor-0_5 - [PROD] Sending payload 119/2160 | Order Number: V4063007121
2026-06-30 21:21:56,065 - INFO - ThreadPoolExecutor-0_2 - [PROD] Payload 110/2160 sent successfully. Status Code: 200
2026-06-30 21:21:56,066 - INFO - ThreadPoolExecutor-0_2 - [PROD] Sending payload 120/2160 | Order Number: V4063007122
2026-06-30 21:21:56,321 - INFO - ThreadPoolExecutor-0_6 - [PROD] Payload 111/2160 sent successfully. Status Code: 200
2026-06-30 21:21:56,324 - INFO - ThreadPoolExecutor-0_6 - [PROD] Sending payload 121/2160 | Order Number: V4063007123
2026-06-30 21:21:56,944 - INFO - ThreadPoolExecutor-0_8 - [PROD] Payload 113/2160 sent successfully. Status Code: 200
2026-06-30 21:21:56,946 - INFO - ThreadPoolExecutor-0_8 - [PROD] Sending payload 122/2160 | Order Number: V4063007124
2026-06-30 21:21:56,966 - INFO - ThreadPoolExecutor-0_0 - [PROD] Payload 112/2160 sent successfully. Status Code: 200
2026-06-30 21:21:56,966 - INFO - ThreadPoolExecutor-0_0 - [PROD] Sending payload 123/2160 | Order Number: V4063007125
2026-06-30 21:21:57,149 - INFO - ThreadPoolExecutor-0_9 - [PROD] Payload 114/2160 sent successfully. Status Code: 200
2026-06-30 21:21:57,149 - INFO - ThreadPoolExecutor-0_9 - [PROD] Sending payload 124/2160 | Order Number: V4063007126
2026-06-30 21:21:57,282 - INFO - ThreadPoolExecutor-0_1 - [PROD] Payload 115/2160 sent successfully. Status Code: 200
2026-06-30 21:21:57,285 - INFO - ThreadPoolExecutor-0_1 - [PROD] Sending payload 125/2160 | Order Number: V4063007127
2026-06-30 21:21:57,467 - INFO - ThreadPoolExecutor-0_3 - [PROD] Payload 116/2160 sent successfully. Status Code: 200
2026-06-30 21:21:57,469 - INFO - ThreadPoolExecutor-0_3 - [PROD] Sending payload 126/2160 | Order Number: V4063007128
2026-06-30 21:21:57,571 - INFO - ThreadPoolExecutor-0_4 - [PROD] Payload 117/2160 sent successfully. Status Code: 200
2026-06-30 21:21:57,575 - INFO - ThreadPoolExecutor-0_4 - [PROD] Sending payload 127/2160 | Order Number: V4063007129
2026-06-30 21:21:57,603 - INFO - ThreadPoolExecutor-0_7 - [PROD] Payload 118/2160 sent successfully. Status Code: 200
2026-06-30 21:21:57,603 - INFO - ThreadPoolExecutor-0_7 - [PROD] Sending payload 128/2160 | Order Number: V4063007130
2026-06-30 21:21:57,810 - INFO - ThreadPoolExecutor-0_5 - [PROD] Payload 119/2160 sent successfully. Status Code: 200
2026-06-30 21:21:57,812 - INFO - ThreadPoolExecutor-0_5 - [PROD] Sending payload 129/2160 | Order Number: V4063007131
2026-06-30 21:21:57,855 - INFO - ThreadPoolExecutor-0_2 - [PROD] Payload 120/2160 sent successfully. Status Code: 200
2026-06-30 21:21:57,856 - INFO - ThreadPoolExecutor-0_2 - [PROD] Sending payload 130/2160 | Order Number: V4063007132
2026-06-30 21:21:58,129 - INFO - ThreadPoolExecutor-0_6 - [PROD] Payload 121/2160 sent successfully. Status Code: 200
2026-06-30 21:21:58,131 - INFO - ThreadPoolExecutor-0_6 - [PROD] Sending payload 131/2160 | Order Number: V4063007133
2026-06-30 21:21:58,969 - INFO - ThreadPoolExecutor-0_8 - [PROD] Payload 122/2160 sent successfully. Status Code: 200
2026-06-30 21:21:58,971 - INFO - ThreadPoolExecutor-0_9 - [PROD] Payload 124/2160 sent successfully. Status Code: 200
2026-06-30 21:21:58,971 - INFO - ThreadPoolExecutor-0_0 - [PROD] Payload 123/2160 sent successfully. Status Code: 200
2026-06-30 21:21:58,972 - INFO - ThreadPoolExecutor-0_8 - [PROD] Sending payload 132/2160 | Order Number: V4063007134
2026-06-30 21:21:58,972 - INFO - ThreadPoolExecutor-0_9 - [PROD] Sending payload 133/2160 | Order Number: V4063007135
2026-06-30 21:21:58,972 - INFO - ThreadPoolExecutor-0_0 - [PROD] Sending payload 134/2160 | Order Number: V4063007136
2026-06-30 21:21:59,134 - INFO - ThreadPoolExecutor-0_1 - [PROD] Payload 125/2160 sent successfully. Status Code: 200
2026-06-30 21:21:59,136 - INFO - ThreadPoolExecutor-0_1 - [PROD] Sending payload 135/2160 | Order Number: V4063007137
2026-06-30 21:21:59,280 - INFO - ThreadPoolExecutor-0_3 - [PROD] Payload 126/2160 sent successfully. Status Code: 200
2026-06-30 21:21:59,282 - INFO - ThreadPoolExecutor-0_3 - [PROD] Sending payload 136/2160 | Order Number: V4063007138
2026-06-30 21:21:59,423 - INFO - ThreadPoolExecutor-0_7 - [PROD] Payload 128/2160 sent successfully. Status Code: 200
2026-06-30 21:21:59,425 - INFO - ThreadPoolExecutor-0_7 - [PROD] Sending payload 137/2160 | Order Number: V4063007139
2026-06-30 21:21:59,445 - INFO - ThreadPoolExecutor-0_4 - [PROD] Payload 127/2160 sent successfully. Status Code: 200
2026-06-30 21:21:59,446 - INFO - ThreadPoolExecutor-0_4 - [PROD] Sending payload 138/2160 | Order Number: V4063007140
2026-06-30 21:21:59,632 - INFO - ThreadPoolExecutor-0_5 - [PROD] Payload 129/2160 sent successfully. Status Code: 200
2026-06-30 21:21:59,633 - INFO - ThreadPoolExecutor-0_5 - [PROD] Sending payload 139/2160 | Order Number: V4063007141
2026-06-30 21:21:59,651 - INFO - ThreadPoolExecutor-0_2 - [PROD] Payload 130/2160 sent successfully. Status Code: 200
2026-06-30 21:21:59,652 - INFO - ThreadPoolExecutor-0_2 - [PROD] Sending payload 140/2160 | Order Number: V4063007142
2026-06-30 21:21:59,987 - INFO - ThreadPoolExecutor-0_6 - [PROD] Payload 131/2160 sent successfully. Status Code: 200
2026-06-30 21:21:59,989 - INFO - ThreadPoolExecutor-0_6 - [PROD] Sending payload 141/2160 | Order Number: V4063007143
2026-06-30 21:22:00,905 - INFO - ThreadPoolExecutor-0_0 - [PROD] Payload 134/2160 sent successfully. Status Code: 200
2026-06-30 21:22:00,907 - INFO - ThreadPoolExecutor-0_9 - [PROD] Payload 133/2160 sent successfully. Status Code: 200
2026-06-30 21:22:00,907 - INFO - ThreadPoolExecutor-0_8 - [PROD] Payload 132/2160 sent successfully. Status Code: 200
2026-06-30 21:22:00,909 - INFO - ThreadPoolExecutor-0_0 - [PROD] Sending payload 142/2160 | Order Number: V4063007144
2026-06-30 21:22:00,909 - INFO - ThreadPoolExecutor-0_9 - [PROD] Sending payload 143/2160 | Order Number: V4063007145
2026-06-30 21:22:00,910 - INFO - ThreadPoolExecutor-0_8 - [PROD] Sending payload 144/2160 | Order Number: V4063007146
2026-06-30 21:22:00,988 - INFO - ThreadPoolExecutor-0_1 - [PROD] Payload 135/2160 sent successfully. Status Code: 200
2026-06-30 21:22:00,988 - INFO - ThreadPoolExecutor-0_1 - [PROD] Sending payload 145/2160 | Order Number: V4063007147
2026-06-30 21:22:01,274 - INFO - ThreadPoolExecutor-0_3 - [PROD] Payload 136/2160 sent successfully. Status Code: 200
2026-06-30 21:22:01,275 - INFO - ThreadPoolExecutor-0_3 - [PROD] Sending payload 146/2160 | Order Number: V4063007148
2026-06-30 21:22:01,396 - INFO - ThreadPoolExecutor-0_4 - [PROD] Payload 138/2160 sent successfully. Status Code: 200
2026-06-30 21:22:01,398 - INFO - ThreadPoolExecutor-0_4 - [PROD] Sending payload 147/2160 | Order Number: V4063007149
2026-06-30 21:22:01,493 - INFO - ThreadPoolExecutor-0_5 - [PROD] Payload 139/2160 sent successfully. Status Code: 200
2026-06-30 21:22:01,494 - INFO - ThreadPoolExecutor-0_5 - [PROD] Sending payload 148/2160 | Order Number: V4063007150
2026-06-30 21:22:01,576 - INFO - ThreadPoolExecutor-0_7 - [PROD] Payload 137/2160 sent successfully. Status Code: 200
2026-06-30 21:22:01,578 - INFO - ThreadPoolExecutor-0_7 - [PROD] Sending payload 149/2160 | Order Number: V4063007151
2026-06-30 21:22:01,610 - INFO - ThreadPoolExecutor-0_2 - [PROD] Payload 140/2160 sent successfully. Status Code: 200
2026-06-30 21:22:01,611 - INFO - ThreadPoolExecutor-0_2 - [PROD] Sending payload 150/2160 | Order Number: V4063007152
2026-06-30 21:22:01,950 - INFO - ThreadPoolExecutor-0_6 - [PROD] Payload 141/2160 sent successfully. Status Code: 200
2026-06-30 21:22:01,952 - INFO - ThreadPoolExecutor-0_6 - [PROD] Sending payload 151/2160 | Order Number: V4063007153
2026-06-30 21:22:02,713 - INFO - ThreadPoolExecutor-0_8 - [PROD] Payload 144/2160 sent successfully. Status Code: 200
2026-06-30 21:22:02,715 - INFO - ThreadPoolExecutor-0_8 - [PROD] Sending payload 152/2160 | Order Number: V4063007154
2026-06-30 21:22:02,757 - INFO - ThreadPoolExecutor-0_0 - [PROD] Payload 142/2160 sent successfully. Status Code: 200
2026-06-30 21:22:02,758 - INFO - ThreadPoolExecutor-0_0 - [PROD] Sending payload 153/2160 | Order Number: V4063007155
2026-06-30 21:22:02,905 - INFO - ThreadPoolExecutor-0_9 - [PROD] Payload 143/2160 sent successfully. Status Code: 200
2026-06-30 21:22:02,907 - INFO - ThreadPoolExecutor-0_9 - [PROD] Sending payload 154/2160 | Order Number: V4063007156
2026-06-30 21:22:02,982 - INFO - ThreadPoolExecutor-0_1 - [PROD] Payload 145/2160 sent successfully. Status Code: 200
2026-06-30 21:22:02,984 - INFO - ThreadPoolExecutor-0_1 - [PROD] Sending payload 155/2160 | Order Number: V4063007157
2026-06-30 21:22:03,273 - INFO - ThreadPoolExecutor-0_3 - [PROD] Payload 146/2160 sent successfully. Status Code: 200
2026-06-30 21:22:03,275 - INFO - ThreadPoolExecutor-0_3 - [PROD] Sending payload 156/2160 | Order Number: V4063007158
2026-06-30 21:22:03,356 - INFO - ThreadPoolExecutor-0_4 - [PROD] Payload 147/2160 sent successfully. Status Code: 200
2026-06-30 21:22:03,357 - INFO - ThreadPoolExecutor-0_4 - [PROD] Sending payload 157/2160 | Order Number: V4063007159
2026-06-30 21:22:03,364 - INFO - ThreadPoolExecutor-0_5 - [PROD] Payload 148/2160 sent successfully. Status Code: 200
2026-06-30 21:22:03,364 - INFO - ThreadPoolExecutor-0_5 - [PROD] Sending payload 158/2160 | Order Number: V4063007160
2026-06-30 21:22:03,466 - INFO - ThreadPoolExecutor-0_7 - [PROD] Payload 149/2160 sent successfully. Status Code: 200
2026-06-30 21:22:03,468 - INFO - ThreadPoolExecutor-0_7 - [PROD] Sending payload 159/2160 | Order Number: V4063007161
2026-06-30 21:22:03,499 - INFO - ThreadPoolExecutor-0_2 - [PROD] Payload 150/2160 sent successfully. Status Code: 200
2026-06-30 21:22:03,499 - INFO - ThreadPoolExecutor-0_2 - [PROD] Sending payload 160/2160 | Order Number: V4063007162
2026-06-30 21:22:03,834 - INFO - ThreadPoolExecutor-0_6 - [PROD] Payload 151/2160 sent successfully. Status Code: 200
2026-06-30 21:22:03,835 - INFO - ThreadPoolExecutor-0_6 - [PROD] Sending payload 161/2160 | Order Number: V4063007163
2026-06-30 21:22:04,572 - INFO - ThreadPoolExecutor-0_8 - [PROD] Payload 152/2160 sent successfully. Status Code: 200
2026-06-30 21:22:04,573 - INFO - ThreadPoolExecutor-0_8 - [PROD] Sending payload 162/2160 | Order Number: V4063007164
2026-06-30 21:22:04,589 - INFO - ThreadPoolExecutor-0_0 - [PROD] Payload 153/2160 sent successfully. Status Code: 200
2026-06-30 21:22:04,589 - INFO - ThreadPoolExecutor-0_0 - [PROD] Sending payload 163/2160 | Order Number: V4063007165
2026-06-30 21:22:04,720 - INFO - ThreadPoolExecutor-0_9 - [PROD] Payload 154/2160 sent successfully. Status Code: 200
2026-06-30 21:22:04,721 - INFO - ThreadPoolExecutor-0_9 - [PROD] Sending payload 164/2160 | Order Number: V4063007166
2026-06-30 21:22:04,787 - INFO - ThreadPoolExecutor-0_1 - [PROD] Payload 155/2160 sent successfully. Status Code: 200
2026-06-30 21:22:04,787 - INFO - ThreadPoolExecutor-0_1 - [PROD] Sending payload 165/2160 | Order Number: V4063007167
2026-06-30 21:22:05,095 - INFO - ThreadPoolExecutor-0_3 - [PROD] Payload 156/2160 sent successfully. Status Code: 200
2026-06-30 21:22:05,095 - INFO - ThreadPoolExecutor-0_3 - [PROD] Sending payload 166/2160 | Order Number: V4063007168
2026-06-30 21:22:05,139 - INFO - ThreadPoolExecutor-0_5 - [PROD] Payload 158/2160 sent successfully. Status Code: 200
2026-06-30 21:22:05,139 - INFO - ThreadPoolExecutor-0_5 - [PROD] Sending payload 167/2160 | Order Number: V4063007169
2026-06-30 21:22:05,178 - INFO - ThreadPoolExecutor-0_4 - [PROD] Payload 157/2160 sent successfully. Status Code: 200
2026-06-30 21:22:05,178 - INFO - ThreadPoolExecutor-0_4 - [PROD] Sending payload 168/2160 | Order Number: V4063007170
2026-06-30 21:22:05,314 - INFO - ThreadPoolExecutor-0_7 - [PROD] Payload 159/2160 sent successfully. Status Code: 200
2026-06-30 21:22:05,314 - INFO - ThreadPoolExecutor-0_7 - [PROD] Sending payload 169/2160 | Order Number: V4063007171
2026-06-30 21:22:05,357 - INFO - ThreadPoolExecutor-0_2 - [PROD] Payload 160/2160 sent successfully. Status Code: 200
2026-06-30 21:22:05,357 - INFO - ThreadPoolExecutor-0_2 - [PROD] Sending payload 170/2160 | Order Number: V4063007172
2026-06-30 21:22:05,677 - INFO - ThreadPoolExecutor-0_6 - [PROD] Payload 161/2160 sent successfully. Status Code: 200
2026-06-30 21:22:05,678 - INFO - ThreadPoolExecutor-0_6 - [PROD] Sending payload 171/2160 | Order Number: V4063007173
2026-06-30 21:22:06,432 - INFO - ThreadPoolExecutor-0_8 - [PROD] Payload 162/2160 sent successfully. Status Code: 200
2026-06-30 21:22:06,433 - INFO - ThreadPoolExecutor-0_0 - [PROD] Payload 163/2160 sent successfully. Status Code: 200
2026-06-30 21:22:06,433 - INFO - ThreadPoolExecutor-0_8 - [PROD] Sending payload 172/2160 | Order Number: V4063007174
2026-06-30 21:22:06,434 - INFO - ThreadPoolExecutor-0_0 - [PROD] Sending payload 173/2160 | Order Number: V4063007175
2026-06-30 21:22:06,571 - INFO - ThreadPoolExecutor-0_9 - [PROD] Payload 164/2160 sent successfully. Status Code: 200
2026-06-30 21:22:06,572 - INFO - ThreadPoolExecutor-0_9 - [PROD] Sending payload 174/2160 | Order Number: V4063007176
2026-06-30 21:22:06,632 - INFO - ThreadPoolExecutor-0_1 - [PROD] Payload 165/2160 sent successfully. Status Code: 200
2026-06-30 21:22:06,633 - INFO - ThreadPoolExecutor-0_1 - [PROD] Sending payload 175/2160 | Order Number: V4063007177
2026-06-30 21:22:06,965 - INFO - ThreadPoolExecutor-0_5 - [PROD] Payload 167/2160 sent successfully. Status Code: 200
2026-06-30 21:22:06,966 - INFO - ThreadPoolExecutor-0_3 - [PROD] Payload 166/2160 sent successfully. Status Code: 200
2026-06-30 21:22:06,967 - INFO - ThreadPoolExecutor-0_5 - [PROD] Sending payload 176/2160 | Order Number: V4063007178
2026-06-30 21:22:06,968 - INFO - ThreadPoolExecutor-0_3 - [PROD] Sending payload 177/2160 | Order Number: V4063007179
2026-06-30 21:22:07,161 - INFO - ThreadPoolExecutor-0_7 - [PROD] Payload 169/2160 sent successfully. Status Code: 200
2026-06-30 21:22:07,165 - INFO - ThreadPoolExecutor-0_7 - [PROD] Sending payload 178/2160 | Order Number: V4063007180
2026-06-30 21:22:07,187 - INFO - ThreadPoolExecutor-0_4 - [PROD] Payload 168/2160 sent successfully. Status Code: 200
2026-06-30 21:22:07,187 - INFO - ThreadPoolExecutor-0_4 - [PROD] Sending payload 179/2160 | Order Number: V4063007181
2026-06-30 21:22:07,212 - INFO - ThreadPoolExecutor-0_2 - [PROD] Payload 170/2160 sent successfully. Status Code: 200
2026-06-30 21:22:07,212 - INFO - ThreadPoolExecutor-0_2 - [PROD] Sending payload 180/2160 | Order Number: V4063007182
2026-06-30 21:22:07,477 - INFO - ThreadPoolExecutor-0_6 - [PROD] Payload 171/2160 sent successfully. Status Code: 200
2026-06-30 21:22:07,478 - INFO - ThreadPoolExecutor-0_6 - [PROD] Sending payload 181/2160 | Order Number: V4063007183
2026-06-30 21:22:08,395 - INFO - ThreadPoolExecutor-0_8 - [PROD] Payload 172/2160 sent successfully. Status Code: 200
2026-06-30 21:22:08,396 - INFO - ThreadPoolExecutor-0_8 - [PROD] Sending payload 182/2160 | Order Number: V4063007184
2026-06-30 21:22:08,433 - INFO - ThreadPoolExecutor-0_9 - [PROD] Payload 174/2160 sent successfully. Status Code: 200
2026-06-30 21:22:08,433 - INFO - ThreadPoolExecutor-0_9 - [PROD] Sending payload 183/2160 | Order Number: V4063007185
2026-06-30 21:22:08,481 - INFO - ThreadPoolExecutor-0_1 - [PROD] Payload 175/2160 sent successfully. Status Code: 200
2026-06-30 21:22:08,482 - INFO - ThreadPoolExecutor-0_1 - [PROD] Sending payload 184/2160 | Order Number: V4063007186
2026-06-30 21:22:08,487 - INFO - ThreadPoolExecutor-0_0 - [PROD] Payload 173/2160 sent successfully. Status Code: 200
2026-06-30 21:22:08,487 - INFO - ThreadPoolExecutor-0_0 - [PROD] Sending payload 185/2160 | Order Number: V4063007187
2026-06-30 21:22:08,835 - INFO - ThreadPoolExecutor-0_5 - [PROD] Payload 176/2160 sent successfully. Status Code: 200
2026-06-30 21:22:08,836 - INFO - ThreadPoolExecutor-0_5 - [PROD] Sending payload 186/2160 | Order Number: V4063007188
2026-06-30 21:22:08,839 - INFO - ThreadPoolExecutor-0_3 - [PROD] Payload 177/2160 sent successfully. Status Code: 200
2026-06-30 21:22:08,840 - INFO - ThreadPoolExecutor-0_3 - [PROD] Sending payload 187/2160 | Order Number: V4063007189
2026-06-30 21:22:08,994 - INFO - ThreadPoolExecutor-0_4 - [PROD] Payload 179/2160 sent successfully. Status Code: 200
2026-06-30 21:22:08,995 - INFO - ThreadPoolExecutor-0_4 - [PROD] Sending payload 188/2160 | Order Number: V4063007190
2026-06-30 21:22:09,012 - INFO - ThreadPoolExecutor-0_7 - [PROD] Payload 178/2160 sent successfully. Status Code: 200
2026-06-30 21:22:09,013 - INFO - ThreadPoolExecutor-0_7 - [PROD] Sending payload 189/2160 | Order Number: V4063007191
2026-06-30 21:22:09,180 - INFO - ThreadPoolExecutor-0_2 - [PROD] Payload 180/2160 sent successfully. Status Code: 200
2026-06-30 21:22:09,182 - INFO - ThreadPoolExecutor-0_2 - [PROD] Sending payload 190/2160 | Order Number: V4063007192
2026-06-30 21:22:09,301 - INFO - ThreadPoolExecutor-0_6 - [PROD] Payload 181/2160 sent successfully. Status Code: 200
2026-06-30 21:22:09,303 - INFO - ThreadPoolExecutor-0_6 - [PROD] Sending payload 191/2160 | Order Number: V4063007193
2026-06-30 21:22:10,243 - INFO - ThreadPoolExecutor-0_8 - [PROD] Payload 182/2160 sent successfully. Status Code: 200
2026-06-30 21:22:10,245 - INFO - ThreadPoolExecutor-0_8 - [PROD] Sending payload 192/2160 | Order Number: V4063007194
2026-06-30 21:22:10,253 - INFO - ThreadPoolExecutor-0_9 - [PROD] Payload 183/2160 sent successfully. Status Code: 200
2026-06-30 21:22:10,253 - INFO - ThreadPoolExecutor-0_9 - [PROD] Sending payload 193/2160 | Order Number: V4063007195
2026-06-30 21:22:10,291 - INFO - ThreadPoolExecutor-0_0 - [PROD] Payload 185/2160 sent successfully. Status Code: 200
2026-06-30 21:22:10,291 - INFO - ThreadPoolExecutor-0_0 - [PROD] Sending payload 194/2160 | Order Number: V4063007196
2026-06-30 21:22:10,477 - INFO - ThreadPoolExecutor-0_1 - [PROD] Payload 184/2160 sent successfully. Status Code: 200
2026-06-30 21:22:10,479 - INFO - ThreadPoolExecutor-0_1 - [PROD] Sending payload 195/2160 | Order Number: V4063007197
2026-06-30 21:22:10,655 - INFO - ThreadPoolExecutor-0_5 - [PROD] Payload 186/2160 sent successfully. Status Code: 200
2026-06-30 21:22:10,657 - INFO - ThreadPoolExecutor-0_5 - [PROD] Sending payload 196/2160 | Order Number: V4063007198
2026-06-30 21:22:10,814 - INFO - ThreadPoolExecutor-0_7 - [PROD] Payload 189/2160 sent successfully. Status Code: 200
2026-06-30 21:22:10,816 - INFO - ThreadPoolExecutor-0_7 - [PROD] Sending payload 197/2160 | Order Number: V4063007199
2026-06-30 21:22:10,863 - INFO - ThreadPoolExecutor-0_3 - [PROD] Payload 187/2160 sent successfully. Status Code: 200
2026-06-30 21:22:10,864 - INFO - ThreadPoolExecutor-0_3 - [PROD] Sending payload 198/2160 | Order Number: V4063007200
2026-06-30 21:22:10,977 - INFO - ThreadPoolExecutor-0_4 - [PROD] Payload 188/2160 sent successfully. Status Code: 200
2026-06-30 21:22:10,980 - INFO - ThreadPoolExecutor-0_4 - [PROD] Sending payload 199/2160 | Order Number: V4063007201
2026-06-30 21:22:11,027 - INFO - ThreadPoolExecutor-0_2 - [PROD] Payload 190/2160 sent successfully. Status Code: 200
2026-06-30 21:22:11,027 - INFO - ThreadPoolExecutor-0_2 - [PROD] Sending payload 200/2160 | Order Number: V4063007202
2026-06-30 21:22:11,217 - INFO - ThreadPoolExecutor-0_6 - [PROD] Payload 191/2160 sent successfully. Status Code: 200
2026-06-30 21:22:11,218 - INFO - ThreadPoolExecutor-0_6 - [PROD] Sending payload 201/2160 | Order Number: V4063007203
2026-06-30 21:22:12,192 - INFO - ThreadPoolExecutor-0_0 - [PROD] Payload 194/2160 sent successfully. Status Code: 200
2026-06-30 21:22:12,194 - INFO - ThreadPoolExecutor-0_9 - [PROD] Payload 193/2160 sent successfully. Status Code: 200
2026-06-30 21:22:12,196 - INFO - ThreadPoolExecutor-0_0 - [PROD] Sending payload 202/2160 | Order Number: V4063007204
2026-06-30 21:22:12,197 - INFO - ThreadPoolExecutor-0_9 - [PROD] Sending payload 203/2160 | Order Number: V4063007205
2026-06-30 21:22:12,335 - INFO - ThreadPoolExecutor-0_8 - [PROD] Payload 192/2160 sent successfully. Status Code: 200
2026-06-30 21:22:12,336 - INFO - ThreadPoolExecutor-0_8 - [PROD] Sending payload 204/2160 | Order Number: V4063007206
2026-06-30 21:22:12,345 - INFO - ThreadPoolExecutor-0_1 - [PROD] Payload 195/2160 sent successfully. Status Code: 200
2026-06-30 21:22:12,345 - INFO - ThreadPoolExecutor-0_1 - [PROD] Sending payload 205/2160 | Order Number: V4063007207
2026-06-30 21:22:12,435 - INFO - ThreadPoolExecutor-0_5 - [PROD] Payload 196/2160 sent successfully. Status Code: 200
2026-06-30 21:22:12,436 - INFO - ThreadPoolExecutor-0_5 - [PROD] Sending payload 206/2160 | Order Number: V4063007208
2026-06-30 21:22:12,702 - INFO - ThreadPoolExecutor-0_7 - [PROD] Payload 197/2160 sent successfully. Status Code: 200
2026-06-30 21:22:12,704 - INFO - ThreadPoolExecutor-0_7 - [PROD] Sending payload 207/2160 | Order Number: V4063007209
2026-06-30 21:22:12,728 - INFO - ThreadPoolExecutor-0_3 - [PROD] Payload 198/2160 sent successfully. Status Code: 200
2026-06-30 21:22:12,729 - INFO - ThreadPoolExecutor-0_3 - [PROD] Sending payload 208/2160 | Order Number: V4063007210
2026-06-30 21:22:12,886 - INFO - ThreadPoolExecutor-0_2 - [PROD] Payload 200/2160 sent successfully. Status Code: 200
2026-06-30 21:22:12,888 - INFO - ThreadPoolExecutor-0_2 - [PROD] Sending payload 209/2160 | Order Number: V4063007211
2026-06-30 21:22:12,891 - INFO - ThreadPoolExecutor-0_4 - [PROD] Payload 199/2160 sent successfully. Status Code: 200
2026-06-30 21:22:12,892 - INFO - ThreadPoolExecutor-0_4 - [PROD] Sending payload 210/2160 | Order Number: V4063007212
2026-06-30 21:22:13,072 - INFO - ThreadPoolExecutor-0_6 - [PROD] Payload 201/2160 sent successfully. Status Code: 200
2026-06-30 21:22:13,073 - INFO - ThreadPoolExecutor-0_6 - [PROD] Sending payload 211/2160 | Order Number: V4063007213
2026-06-30 21:22:14,137 - INFO - ThreadPoolExecutor-0_0 - [PROD] Payload 202/2160 sent successfully. Status Code: 200
2026-06-30 21:22:14,137 - INFO - ThreadPoolExecutor-0_0 - [PROD] Sending payload 212/2160 | Order Number: V4063007214
2026-06-30 21:22:14,159 - INFO - ThreadPoolExecutor-0_8 - [PROD] Payload 204/2160 sent successfully. Status Code: 200
2026-06-30 21:22:14,160 - INFO - ThreadPoolExecutor-0_8 - [PROD] Sending payload 213/2160 | Order Number: V4063007215
2026-06-30 21:22:14,228 - INFO - ThreadPoolExecutor-0_9 - [PROD] Payload 203/2160 sent successfully. Status Code: 200
2026-06-30 21:22:14,228 - INFO - ThreadPoolExecutor-0_9 - [PROD] Sending payload 214/2160 | Order Number: V4063007216
2026-06-30 21:22:14,265 - INFO - ThreadPoolExecutor-0_5 - [PROD] Payload 206/2160 sent successfully. Status Code: 200
2026-06-30 21:22:14,266 - INFO - ThreadPoolExecutor-0_5 - [PROD] Sending payload 215/2160 | Order Number: V4063007217
2026-06-30 21:22:14,345 - INFO - ThreadPoolExecutor-0_1 - [PROD] Payload 205/2160 sent successfully. Status Code: 200
2026-06-30 21:22:14,345 - INFO - ThreadPoolExecutor-0_1 - [PROD] Sending payload 216/2160 | Order Number: V4063007218
2026-06-30 21:22:14,537 - INFO - ThreadPoolExecutor-0_7 - [PROD] Payload 207/2160 sent successfully. Status Code: 200
2026-06-30 21:22:14,540 - INFO - ThreadPoolExecutor-0_7 - [PROD] Sending payload 217/2160 | Order Number: V4063007219
2026-06-30 21:22:14,573 - INFO - ThreadPoolExecutor-0_3 - [PROD] Payload 208/2160 sent successfully. Status Code: 200
2026-06-30 21:22:14,573 - INFO - ThreadPoolExecutor-0_3 - [PROD] Sending payload 218/2160 | Order Number: V4063007220
2026-06-30 21:22:14,768 - INFO - ThreadPoolExecutor-0_4 - [PROD] Payload 210/2160 sent successfully. Status Code: 200
2026-06-30 21:22:14,770 - INFO - ThreadPoolExecutor-0_4 - [PROD] Sending payload 219/2160 | Order Number: V4063007221
2026-06-30 21:22:14,821 - INFO - ThreadPoolExecutor-0_2 - [PROD] Payload 209/2160 sent successfully. Status Code: 200
2026-06-30 21:22:14,822 - INFO - ThreadPoolExecutor-0_2 - [PROD] Sending payload 220/2160 | Order Number: V4063007222
2026-06-30 21:22:14,856 - INFO - ThreadPoolExecutor-0_6 - [PROD] Payload 211/2160 sent successfully. Status Code: 200
2026-06-30 21:22:14,856 - INFO - ThreadPoolExecutor-0_6 - [PROD] Sending payload 221/2160 | Order Number: V4063007223
2026-06-30 21:22:15,999 - INFO - ThreadPoolExecutor-0_8 - [PROD] Payload 213/2160 sent successfully. Status Code: 200
2026-06-30 21:22:16,002 - INFO - ThreadPoolExecutor-0_8 - [PROD] Sending payload 222/2160 | Order Number: V4063007224
2026-06-30 21:22:16,005 - INFO - ThreadPoolExecutor-0_0 - [PROD] Payload 212/2160 sent successfully. Status Code: 200
2026-06-30 21:22:16,005 - INFO - ThreadPoolExecutor-0_9 - [PROD] Payload 214/2160 sent successfully. Status Code: 200
2026-06-30 21:22:16,006 - INFO - ThreadPoolExecutor-0_0 - [PROD] Sending payload 223/2160 | Order Number: V4063007225
2026-06-30 21:22:16,006 - INFO - ThreadPoolExecutor-0_9 - [PROD] Sending payload 224/2160 | Order Number: V4063007226
2026-06-30 21:22:16,174 - INFO - ThreadPoolExecutor-0_1 - [PROD] Payload 216/2160 sent successfully. Status Code: 200
2026-06-30 21:22:16,178 - INFO - ThreadPoolExecutor-0_1 - [PROD] Sending payload 225/2160 | Order Number: V4063007227
2026-06-30 21:22:16,191 - INFO - ThreadPoolExecutor-0_5 - [PROD] Payload 215/2160 sent successfully. Status Code: 200
2026-06-30 21:22:16,192 - INFO - ThreadPoolExecutor-0_5 - [PROD] Sending payload 226/2160 | Order Number: V4063007228
2026-06-30 21:22:16,347 - INFO - ThreadPoolExecutor-0_7 - [PROD] Payload 217/2160 sent successfully. Status Code: 200
2026-06-30 21:22:16,349 - INFO - ThreadPoolExecutor-0_7 - [PROD] Sending payload 227/2160 | Order Number: V4063007229
2026-06-30 21:22:16,500 - INFO - ThreadPoolExecutor-0_3 - [PROD] Payload 218/2160 sent successfully. Status Code: 200
2026-06-30 21:22:16,501 - INFO - ThreadPoolExecutor-0_3 - [PROD] Sending payload 228/2160 | Order Number: V4063007230
2026-06-30 21:22:16,617 - INFO - ThreadPoolExecutor-0_4 - [PROD] Payload 219/2160 sent successfully. Status Code: 200
2026-06-30 21:22:16,618 - INFO - ThreadPoolExecutor-0_4 - [PROD] Sending payload 229/2160 | Order Number: V4063007231
2026-06-30 21:22:16,660 - INFO - ThreadPoolExecutor-0_2 - [PROD] Payload 220/2160 sent successfully. Status Code: 200
2026-06-30 21:22:16,660 - INFO - ThreadPoolExecutor-0_2 - [PROD] Sending payload 230/2160 | Order Number: V4063007232
2026-06-30 21:22:16,694 - INFO - ThreadPoolExecutor-0_6 - [PROD] Payload 221/2160 sent successfully. Status Code: 200
2026-06-30 21:22:16,695 - INFO - ThreadPoolExecutor-0_6 - [PROD] Sending payload 231/2160 | Order Number: V4063007233
2026-06-30 21:22:17,821 - INFO - ThreadPoolExecutor-0_9 - [PROD] Payload 224/2160 sent successfully. Status Code: 200
2026-06-30 21:22:17,823 - INFO - ThreadPoolExecutor-0_9 - [PROD] Sending payload 232/2160 | Order Number: V4063007234
2026-06-30 21:22:17,873 - INFO - ThreadPoolExecutor-0_0 - [PROD] Payload 223/2160 sent successfully. Status Code: 200
2026-06-30 21:22:17,875 - INFO - ThreadPoolExecutor-0_0 - [PROD] Sending payload 233/2160 | Order Number: V4063007235
2026-06-30 21:22:17,938 - INFO - ThreadPoolExecutor-0_8 - [PROD] Payload 222/2160 sent successfully. Status Code: 200
2026-06-30 21:22:17,940 - INFO - ThreadPoolExecutor-0_8 - [PROD] Sending payload 234/2160 | Order Number: V4063007236
2026-06-30 21:22:18,140 - INFO - ThreadPoolExecutor-0_5 - [PROD] Payload 226/2160 sent successfully. Status Code: 200
2026-06-30 21:22:18,141 - INFO - ThreadPoolExecutor-0_5 - [PROD] Sending payload 235/2160 | Order Number: V4063007237
2026-06-30 21:22:18,143 - INFO - ThreadPoolExecutor-0_1 - [PROD] Payload 225/2160 sent successfully. Status Code: 200
2026-06-30 21:22:18,144 - INFO - ThreadPoolExecutor-0_1 - [PROD] Sending payload 236/2160 | Order Number: V4063007238
2026-06-30 21:22:18,215 - INFO - ThreadPoolExecutor-0_7 - [PROD] Payload 227/2160 sent successfully. Status Code: 200
2026-06-30 21:22:18,217 - INFO - ThreadPoolExecutor-0_7 - [PROD] Sending payload 237/2160 | Order Number: V4063007239
2026-06-30 21:22:18,426 - INFO - ThreadPoolExecutor-0_4 - [PROD] Payload 229/2160 sent successfully. Status Code: 200
2026-06-30 21:22:18,428 - INFO - ThreadPoolExecutor-0_4 - [PROD] Sending payload 238/2160 | Order Number: V4063007240
2026-06-30 21:22:18,435 - INFO - ThreadPoolExecutor-0_3 - [PROD] Payload 228/2160 sent successfully. Status Code: 200
2026-06-30 21:22:18,435 - INFO - ThreadPoolExecutor-0_3 - [PROD] Sending payload 239/2160 | Order Number: V4063007241
2026-06-30 21:22:18,534 - INFO - ThreadPoolExecutor-0_2 - [PROD] Payload 230/2160 sent successfully. Status Code: 200
2026-06-30 21:22:18,535 - INFO - ThreadPoolExecutor-0_2 - [PROD] Sending payload 240/2160 | Order Number: V4063007242
2026-06-30 21:22:18,670 - INFO - ThreadPoolExecutor-0_6 - [PROD] Payload 231/2160 sent successfully. Status Code: 200
2026-06-30 21:22:18,672 - INFO - ThreadPoolExecutor-0_6 - [PROD] Sending payload 241/2160 | Order Number: V4063007243
2026-06-30 21:22:19,680 - INFO - ThreadPoolExecutor-0_9 - [PROD] Payload 232/2160 sent successfully. Status Code: 200
2026-06-30 21:22:19,681 - INFO - ThreadPoolExecutor-0_9 - [PROD] Sending payload 242/2160 | Order Number: V4063007244
2026-06-30 21:22:19,705 - INFO - ThreadPoolExecutor-0_0 - [PROD] Payload 233/2160 sent successfully. Status Code: 200
2026-06-30 21:22:19,706 - INFO - ThreadPoolExecutor-0_0 - [PROD] Sending payload 243/2160 | Order Number: V4063007245
2026-06-30 21:22:19,820 - INFO - ThreadPoolExecutor-0_8 - [PROD] Payload 234/2160 sent successfully. Status Code: 200
2026-06-30 21:22:19,821 - INFO - ThreadPoolExecutor-0_8 - [PROD] Sending payload 244/2160 | Order Number: V4063007246
2026-06-30 21:22:19,992 - INFO - ThreadPoolExecutor-0_5 - [PROD] Payload 235/2160 sent successfully. Status Code: 200
2026-06-30 21:22:19,994 - INFO - ThreadPoolExecutor-0_5 - [PROD] Sending payload 245/2160 | Order Number: V4063007247
2026-06-30 21:22:20,032 - INFO - ThreadPoolExecutor-0_7 - [PROD] Payload 237/2160 sent successfully. Status Code: 200
2026-06-30 21:22:20,032 - INFO - ThreadPoolExecutor-0_7 - [PROD] Sending payload 246/2160 | Order Number: V4063007248
2026-06-30 21:22:20,042 - INFO - ThreadPoolExecutor-0_1 - [PROD] Payload 236/2160 sent successfully. Status Code: 200
2026-06-30 21:22:20,043 - INFO - ThreadPoolExecutor-0_1 - [PROD] Sending payload 247/2160 | Order Number: V4063007249
2026-06-30 21:22:20,224 - INFO - ThreadPoolExecutor-0_4 - [PROD] Payload 238/2160 sent successfully. Status Code: 200
2026-06-30 21:22:20,226 - INFO - ThreadPoolExecutor-0_4 - [PROD] Sending payload 248/2160 | Order Number: V4063007250
2026-06-30 21:22:20,289 - INFO - ThreadPoolExecutor-0_3 - [PROD] Payload 239/2160 sent successfully. Status Code: 200
2026-06-30 21:22:20,290 - INFO - ThreadPoolExecutor-0_3 - [PROD] Sending payload 249/2160 | Order Number: V4063007251
2026-06-30 21:22:20,375 - INFO - ThreadPoolExecutor-0_2 - [PROD] Payload 240/2160 sent successfully. Status Code: 200
2026-06-30 21:22:20,377 - INFO - ThreadPoolExecutor-0_2 - [PROD] Sending payload 250/2160 | Order Number: V4063007252
2026-06-30 21:22:20,503 - INFO - ThreadPoolExecutor-0_6 - [PROD] Payload 241/2160 sent successfully. Status Code: 200
2026-06-30 21:22:20,504 - INFO - ThreadPoolExecutor-0_6 - [PROD] Sending payload 251/2160 | Order Number: V4063007253
2026-06-30 21:22:21,725 - INFO - ThreadPoolExecutor-0_9 - [PROD] Payload 242/2160 sent successfully. Status Code: 200
2026-06-30 21:22:21,726 - INFO - ThreadPoolExecutor-0_8 - [PROD] Payload 244/2160 sent successfully. Status Code: 200
2026-06-30 21:22:21,727 - INFO - ThreadPoolExecutor-0_9 - [PROD] Sending payload 252/2160 | Order Number: V4063007254
2026-06-30 21:22:21,728 - INFO - ThreadPoolExecutor-0_8 - [PROD] Sending payload 253/2160 | Order Number: V4063007255
2026-06-30 21:22:21,730 - INFO - ThreadPoolExecutor-0_0 - [PROD] Payload 243/2160 sent successfully. Status Code: 200
2026-06-30 21:22:21,732 - INFO - ThreadPoolExecutor-0_0 - [PROD] Sending payload 254/2160 | Order Number: V4063007256
2026-06-30 21:22:21,835 - INFO - ThreadPoolExecutor-0_5 - [PROD] Payload 245/2160 sent successfully. Status Code: 200
2026-06-30 21:22:21,837 - INFO - ThreadPoolExecutor-0_5 - [PROD] Sending payload 255/2160 | Order Number: V4063007257
2026-06-30 21:22:21,851 - INFO - ThreadPoolExecutor-0_7 - [PROD] Payload 246/2160 sent successfully. Status Code: 200
2026-06-30 21:22:21,852 - INFO - ThreadPoolExecutor-0_7 - [PROD] Sending payload 256/2160 | Order Number: V4063007258
2026-06-30 21:22:22,004 - INFO - ThreadPoolExecutor-0_4 - [PROD] Payload 248/2160 sent successfully. Status Code: 200
2026-06-30 21:22:22,005 - INFO - ThreadPoolExecutor-0_4 - [PROD] Sending payload 257/2160 | Order Number: V4063007259
2026-06-30 21:22:22,017 - INFO - ThreadPoolExecutor-0_1 - [PROD] Payload 247/2160 sent successfully. Status Code: 200
2026-06-30 21:22:22,017 - INFO - ThreadPoolExecutor-0_1 - [PROD] Sending payload 258/2160 | Order Number: V4063007260
2026-06-30 21:22:22,122 - INFO - ThreadPoolExecutor-0_3 - [PROD] Payload 249/2160 sent successfully. Status Code: 200
2026-06-30 21:22:22,124 - INFO - ThreadPoolExecutor-0_3 - [PROD] Sending payload 259/2160 | Order Number: V4063007261
2026-06-30 21:22:22,302 - INFO - ThreadPoolExecutor-0_6 - [PROD] Payload 251/2160 sent successfully. Status Code: 200
2026-06-30 21:22:22,304 - INFO - ThreadPoolExecutor-0_6 - [PROD] Sending payload 260/2160 | Order Number: V4063007262
2026-06-30 21:22:22,407 - INFO - ThreadPoolExecutor-0_2 - [PROD] Payload 250/2160 sent successfully. Status Code: 200
2026-06-30 21:22:22,408 - INFO - ThreadPoolExecutor-0_2 - [PROD] Sending payload 261/2160 | Order Number: V4063007263
2026-06-30 21:22:23,568 - INFO - ThreadPoolExecutor-0_8 - [PROD] Payload 253/2160 sent successfully. Status Code: 200
2026-06-30 21:22:23,569 - INFO - ThreadPoolExecutor-0_8 - [PROD] Sending payload 262/2160 | Order Number: V4063007264
2026-06-30 21:22:23,589 - INFO - ThreadPoolExecutor-0_0 - [PROD] Payload 254/2160 sent successfully. Status Code: 200
2026-06-30 21:22:23,589 - INFO - ThreadPoolExecutor-0_0 - [PROD] Sending payload 263/2160 | Order Number: V4063007265
2026-06-30 21:22:23,828 - INFO - ThreadPoolExecutor-0_1 - [PROD] Payload 258/2160 sent successfully. Status Code: 200
2026-06-30 21:22:23,830 - INFO - ThreadPoolExecutor-0_1 - [PROD] Sending payload 264/2160 | Order Number: V4063007266
2026-06-30 21:22:23,939 - INFO - ThreadPoolExecutor-0_4 - [PROD] Payload 257/2160 sent successfully. Status Code: 200
2026-06-30 21:22:23,942 - INFO - ThreadPoolExecutor-0_4 - [PROD] Sending payload 265/2160 | Order Number: V4063007267
2026-06-30 21:22:24,015 - INFO - ThreadPoolExecutor-0_7 - [PROD] Payload 256/2160 sent successfully. Status Code: 200
2026-06-30 21:22:24,016 - INFO - ThreadPoolExecutor-0_7 - [PROD] Sending payload 266/2160 | Order Number: V4063007268
2026-06-30 21:22:24,141 - INFO - ThreadPoolExecutor-0_3 - [PROD] Payload 259/2160 sent successfully. Status Code: 200
2026-06-30 21:22:24,143 - INFO - ThreadPoolExecutor-0_3 - [PROD] Sending payload 267/2160 | Order Number: V4063007269
2026-06-30 21:22:24,171 - INFO - ThreadPoolExecutor-0_9 - [PROD] Payload 252/2160 sent successfully. Status Code: 200
2026-06-30 21:22:24,171 - INFO - ThreadPoolExecutor-0_5 - [PROD] Payload 255/2160 sent successfully. Status Code: 200
2026-06-30 21:22:24,172 - INFO - ThreadPoolExecutor-0_9 - [PROD] Sending payload 268/2160 | Order Number: V4063007270
2026-06-30 21:22:24,172 - INFO - ThreadPoolExecutor-0_5 - [PROD] Sending payload 269/2160 | Order Number: V4063007271
2026-06-30 21:22:24,195 - INFO - ThreadPoolExecutor-0_6 - [PROD] Payload 260/2160 sent successfully. Status Code: 200
2026-06-30 21:22:24,196 - INFO - ThreadPoolExecutor-0_6 - [PROD] Sending payload 270/2160 | Order Number: V4063007272
2026-06-30 21:22:24,365 - INFO - ThreadPoolExecutor-0_2 - [PROD] Payload 261/2160 sent successfully. Status Code: 200
2026-06-30 21:22:24,366 - INFO - ThreadPoolExecutor-0_2 - [PROD] Sending payload 271/2160 | Order Number: V4063007273
2026-06-30 21:22:25,410 - INFO - ThreadPoolExecutor-0_8 - [PROD] Payload 262/2160 sent successfully. Status Code: 200
2026-06-30 21:22:25,411 - INFO - ThreadPoolExecutor-0_0 - [PROD] Payload 263/2160 sent successfully. Status Code: 200
2026-06-30 21:22:25,411 - INFO - ThreadPoolExecutor-0_8 - [PROD] Sending payload 272/2160 | Order Number: V4063007274
2026-06-30 21:22:25,412 - INFO - ThreadPoolExecutor-0_0 - [PROD] Sending payload 273/2160 | Order Number: V4063007275
2026-06-30 21:22:25,721 - INFO - ThreadPoolExecutor-0_1 - [PROD] Payload 264/2160 sent successfully. Status Code: 200
2026-06-30 21:22:25,724 - INFO - ThreadPoolExecutor-0_1 - [PROD] Sending payload 274/2160 | Order Number: V4063007276
2026-06-30 21:22:25,726 - INFO - ThreadPoolExecutor-0_4 - [PROD] Payload 265/2160 sent successfully. Status Code: 200
2026-06-30 21:22:25,727 - INFO - ThreadPoolExecutor-0_4 - [PROD] Sending payload 275/2160 | Order Number: V4063007277
2026-06-30 21:22:25,894 - INFO - ThreadPoolExecutor-0_7 - [PROD] Payload 266/2160 sent successfully. Status Code: 200
2026-06-30 21:22:25,896 - INFO - ThreadPoolExecutor-0_7 - [PROD] Sending payload 276/2160 | Order Number: V4063007278
2026-06-30 21:22:25,929 - INFO - ThreadPoolExecutor-0_3 - [PROD] Payload 267/2160 sent successfully. Status Code: 200
2026-06-30 21:22:25,929 - INFO - ThreadPoolExecutor-0_3 - [PROD] Sending payload 277/2160 | Order Number: V4063007279
2026-06-30 21:22:25,978 - INFO - ThreadPoolExecutor-0_5 - [PROD] Payload 269/2160 sent successfully. Status Code: 200
2026-06-30 21:22:25,978 - INFO - ThreadPoolExecutor-0_5 - [PROD] Sending payload 278/2160 | Order Number: V4063007280
2026-06-30 21:22:26,122 - INFO - ThreadPoolExecutor-0_9 - [PROD] Payload 268/2160 sent successfully. Status Code: 200
2026-06-30 21:22:26,122 - INFO - ThreadPoolExecutor-0_9 - [PROD] Sending payload 279/2160 | Order Number: V4063007281
2026-06-30 21:22:26,223 - INFO - ThreadPoolExecutor-0_6 - [PROD] Payload 270/2160 sent successfully. Status Code: 200
2026-06-30 21:22:26,224 - INFO - ThreadPoolExecutor-0_6 - [PROD] Sending payload 280/2160 | Order Number: V4063007282
2026-06-30 21:22:26,315 - INFO - ThreadPoolExecutor-0_2 - [PROD] Payload 271/2160 sent successfully. Status Code: 200
2026-06-30 21:22:26,316 - INFO - ThreadPoolExecutor-0_2 - [PROD] Sending payload 281/2160 | Order Number: V4063007283
2026-06-30 21:22:27,288 - INFO - ThreadPoolExecutor-0_8 - [PROD] Payload 272/2160 sent successfully. Status Code: 200
2026-06-30 21:22:27,289 - INFO - ThreadPoolExecutor-0_8 - [PROD] Sending payload 282/2160 | Order Number: V4063007284
2026-06-30 21:22:27,295 - INFO - ThreadPoolExecutor-0_0 - [PROD] Payload 273/2160 sent successfully. Status Code: 200
2026-06-30 21:22:27,296 - INFO - ThreadPoolExecutor-0_0 - [PROD] Sending payload 283/2160 | Order Number: V4063007285
2026-06-30 21:22:27,585 - INFO - ThreadPoolExecutor-0_4 - [PROD] Payload 275/2160 sent successfully. Status Code: 200
2026-06-30 21:22:27,586 - INFO - ThreadPoolExecutor-0_4 - [PROD] Sending payload 284/2160 | Order Number: V4063007286
2026-06-30 21:22:27,755 - INFO - ThreadPoolExecutor-0_3 - [PROD] Payload 277/2160 sent successfully. Status Code: 200
2026-06-30 21:22:27,757 - INFO - ThreadPoolExecutor-0_3 - [PROD] Sending payload 285/2160 | Order Number: V4063007287
2026-06-30 21:22:27,760 - INFO - ThreadPoolExecutor-0_1 - [PROD] Payload 274/2160 sent successfully. Status Code: 200
2026-06-30 21:22:27,761 - INFO - ThreadPoolExecutor-0_1 - [PROD] Sending payload 286/2160 | Order Number: V4063007288
2026-06-30 21:22:27,774 - INFO - ThreadPoolExecutor-0_5 - [PROD] Payload 278/2160 sent successfully. Status Code: 200
2026-06-30 21:22:27,774 - INFO - ThreadPoolExecutor-0_5 - [PROD] Sending payload 287/2160 | Order Number: V4063007289
2026-06-30 21:22:27,948 - INFO - ThreadPoolExecutor-0_7 - [PROD] Payload 276/2160 sent successfully. Status Code: 200
2026-06-30 21:22:27,949 - INFO - ThreadPoolExecutor-0_7 - [PROD] Sending payload 288/2160 | Order Number: V4063007290
2026-06-30 21:22:27,952 - INFO - ThreadPoolExecutor-0_9 - [PROD] Payload 279/2160 sent successfully. Status Code: 200
2026-06-30 21:22:27,953 - INFO - ThreadPoolExecutor-0_9 - [PROD] Sending payload 289/2160 | Order Number: V4063007291
2026-06-30 21:22:28,087 - INFO - ThreadPoolExecutor-0_6 - [PROD] Payload 280/2160 sent successfully. Status Code: 200
2026-06-30 21:22:28,089 - INFO - ThreadPoolExecutor-0_6 - [PROD] Sending payload 290/2160 | Order Number: V4063007292
2026-06-30 21:22:28,269 - INFO - ThreadPoolExecutor-0_2 - [PROD] Payload 281/2160 sent successfully. Status Code: 200
2026-06-30 21:22:28,271 - INFO - ThreadPoolExecutor-0_2 - [PROD] Sending payload 291/2160 | Order Number: V4063007293
2026-06-30 21:22:29,207 - INFO - ThreadPoolExecutor-0_0 - [PROD] Payload 283/2160 sent successfully. Status Code: 200
2026-06-30 21:22:29,211 - INFO - ThreadPoolExecutor-0_8 - [PROD] Payload 282/2160 sent successfully. Status Code: 200
2026-06-30 21:22:29,214 - INFO - ThreadPoolExecutor-0_0 - [PROD] Sending payload 292/2160 | Order Number: V4063007294
2026-06-30 21:22:29,214 - INFO - ThreadPoolExecutor-0_8 - [PROD] Sending payload 293/2160 | Order Number: V4063007295
2026-06-30 21:22:29,415 - INFO - ThreadPoolExecutor-0_4 - [PROD] Payload 284/2160 sent successfully. Status Code: 200
2026-06-30 21:22:29,416 - INFO - ThreadPoolExecutor-0_4 - [PROD] Sending payload 294/2160 | Order Number: V4063007296
2026-06-30 21:22:29,566 - INFO - ThreadPoolExecutor-0_5 - [PROD] Payload 287/2160 sent successfully. Status Code: 200
2026-06-30 21:22:29,568 - INFO - ThreadPoolExecutor-0_5 - [PROD] Sending payload 295/2160 | Order Number: V4063007297
2026-06-30 21:22:29,604 - INFO - ThreadPoolExecutor-0_3 - [PROD] Payload 285/2160 sent successfully. Status Code: 200
2026-06-30 21:22:29,605 - INFO - ThreadPoolExecutor-0_3 - [PROD] Sending payload 296/2160 | Order Number: V4063007298
2026-06-30 21:22:29,629 - INFO - ThreadPoolExecutor-0_1 - [PROD] Payload 286/2160 sent successfully. Status Code: 200
2026-06-30 21:22:29,629 - INFO - ThreadPoolExecutor-0_1 - [PROD] Sending payload 297/2160 | Order Number: V4063007299
2026-06-30 21:22:29,771 - INFO - ThreadPoolExecutor-0_7 - [PROD] Payload 288/2160 sent successfully. Status Code: 200
2026-06-30 21:22:29,772 - INFO - ThreadPoolExecutor-0_7 - [PROD] Sending payload 298/2160 | Order Number: V4063007300
2026-06-30 21:22:29,842 - INFO - ThreadPoolExecutor-0_9 - [PROD] Payload 289/2160 sent successfully. Status Code: 200
2026-06-30 21:22:29,844 - INFO - ThreadPoolExecutor-0_9 - [PROD] Sending payload 299/2160 | Order Number: V4063007301
2026-06-30 21:22:30,148 - INFO - ThreadPoolExecutor-0_2 - [PROD] Payload 291/2160 sent successfully. Status Code: 200
2026-06-30 21:22:30,150 - INFO - ThreadPoolExecutor-0_2 - [PROD] Sending payload 300/2160 | Order Number: V4063007302
2026-06-30 21:22:30,153 - INFO - ThreadPoolExecutor-0_6 - [PROD] Payload 290/2160 sent successfully. Status Code: 200
2026-06-30 21:22:30,154 - INFO - ThreadPoolExecutor-0_6 - [PROD] Sending payload 301/2160 | Order Number: V4063007303
2026-06-30 21:22:31,091 - INFO - ThreadPoolExecutor-0_8 - [PROD] Payload 293/2160 sent successfully. Status Code: 200
2026-06-30 21:22:31,093 - INFO - ThreadPoolExecutor-0_8 - [PROD] Sending payload 302/2160 | Order Number: V4063007304
2026-06-30 21:22:31,096 - INFO - ThreadPoolExecutor-0_0 - [PROD] Payload 292/2160 sent successfully. Status Code: 200
2026-06-30 21:22:31,096 - INFO - ThreadPoolExecutor-0_0 - [PROD] Sending payload 303/2160 | Order Number: V4063007305
2026-06-30 21:22:31,318 - INFO - ThreadPoolExecutor-0_4 - [PROD] Payload 294/2160 sent successfully. Status Code: 200
2026-06-30 21:22:31,319 - INFO - ThreadPoolExecutor-0_4 - [PROD] Sending payload 304/2160 | Order Number: V4063007306
2026-06-30 21:22:31,452 - INFO - ThreadPoolExecutor-0_5 - [PROD] Payload 295/2160 sent successfully. Status Code: 200
2026-06-30 21:22:31,454 - INFO - ThreadPoolExecutor-0_5 - [PROD] Sending payload 305/2160 | Order Number: V4063007307
2026-06-30 21:22:31,512 - INFO - ThreadPoolExecutor-0_3 - [PROD] Payload 296/2160 sent successfully. Status Code: 200
2026-06-30 21:22:31,513 - INFO - ThreadPoolExecutor-0_3 - [PROD] Sending payload 306/2160 | Order Number: V4063007308
2026-06-30 21:22:31,629 - INFO - ThreadPoolExecutor-0_1 - [PROD] Payload 297/2160 sent successfully. Status Code: 200
2026-06-30 21:22:31,631 - INFO - ThreadPoolExecutor-0_1 - [PROD] Sending payload 307/2160 | Order Number: V4063007309
2026-06-30 21:22:31,711 - INFO - ThreadPoolExecutor-0_7 - [PROD] Payload 298/2160 sent successfully. Status Code: 200
2026-06-30 21:22:31,711 - INFO - ThreadPoolExecutor-0_7 - [PROD] Sending payload 308/2160 | Order Number: V4063007310
2026-06-30 21:22:31,959 - INFO - ThreadPoolExecutor-0_9 - [PROD] Payload 299/2160 sent successfully. Status Code: 200
2026-06-30 21:22:31,961 - INFO - ThreadPoolExecutor-0_9 - [PROD] Sending payload 309/2160 | Order Number: V4063007311
2026-06-30 21:22:32,017 - INFO - ThreadPoolExecutor-0_2 - [PROD] Payload 300/2160 sent successfully. Status Code: 200
2026-06-30 21:22:32,019 - INFO - ThreadPoolExecutor-0_2 - [PROD] Sending payload 310/2160 | Order Number: V4063007312
2026-06-30 21:22:32,190 - INFO - ThreadPoolExecutor-0_6 - [PROD] Payload 301/2160 sent successfully. Status Code: 200
2026-06-30 21:22:32,192 - INFO - ThreadPoolExecutor-0_6 - [PROD] Sending payload 311/2160 | Order Number: V4063007313
2026-06-30 21:22:32,927 - INFO - ThreadPoolExecutor-0_8 - [PROD] Payload 302/2160 sent successfully. Status Code: 200
2026-06-30 21:22:32,929 - INFO - ThreadPoolExecutor-0_8 - [PROD] Sending payload 312/2160 | Order Number: V4063007314
2026-06-30 21:22:33,093 - INFO - ThreadPoolExecutor-0_0 - [PROD] Payload 303/2160 sent successfully. Status Code: 200
2026-06-30 21:22:33,094 - INFO - ThreadPoolExecutor-0_0 - [PROD] Sending payload 313/2160 | Order Number: V4063007315
2026-06-30 21:22:33,245 - INFO - ThreadPoolExecutor-0_4 - [PROD] Payload 304/2160 sent successfully. Status Code: 200
2026-06-30 21:22:33,247 - INFO - ThreadPoolExecutor-0_4 - [PROD] Sending payload 314/2160 | Order Number: V4063007316
2026-06-30 21:22:33,255 - INFO - ThreadPoolExecutor-0_5 - [PROD] Payload 305/2160 sent successfully. Status Code: 200
2026-06-30 21:22:33,255 - INFO - ThreadPoolExecutor-0_5 - [PROD] Sending payload 315/2160 | Order Number: V4063007317
2026-06-30 21:22:33,390 - INFO - ThreadPoolExecutor-0_3 - [PROD] Payload 306/2160 sent successfully. Status Code: 200
2026-06-30 21:22:33,392 - INFO - ThreadPoolExecutor-0_3 - [PROD] Sending payload 316/2160 | Order Number: V4063007318
2026-06-30 21:22:33,584 - INFO - ThreadPoolExecutor-0_1 - [PROD] Payload 307/2160 sent successfully. Status Code: 200
2026-06-30 21:22:33,585 - INFO - ThreadPoolExecutor-0_1 - [PROD] Sending payload 317/2160 | Order Number: V4063007319
2026-06-30 21:22:33,689 - INFO - ThreadPoolExecutor-0_7 - [PROD] Payload 308/2160 sent successfully. Status Code: 200
2026-06-30 21:22:33,691 - INFO - ThreadPoolExecutor-0_7 - [PROD] Sending payload 318/2160 | Order Number: V4063007320
2026-06-30 21:22:33,760 - INFO - ThreadPoolExecutor-0_9 - [PROD] Payload 309/2160 sent successfully. Status Code: 200
2026-06-30 21:22:33,763 - INFO - ThreadPoolExecutor-0_9 - [PROD] Sending payload 319/2160 | Order Number: V4063007321
2026-06-30 21:22:34,032 - INFO - ThreadPoolExecutor-0_6 - [PROD] Payload 311/2160 sent successfully. Status Code: 200
2026-06-30 21:22:34,034 - INFO - ThreadPoolExecutor-0_6 - [PROD] Sending payload 320/2160 | Order Number: V4063007322
2026-06-30 21:22:34,730 - INFO - ThreadPoolExecutor-0_8 - [PROD] Payload 312/2160 sent successfully. Status Code: 200
2026-06-30 21:22:34,732 - INFO - ThreadPoolExecutor-0_8 - [PROD] Sending payload 321/2160 | Order Number: V4063007323
2026-06-30 21:22:34,849 - INFO - ThreadPoolExecutor-0_2 - [PROD] Payload 310/2160 sent successfully. Status Code: 200
2026-06-30 21:22:34,851 - INFO - ThreadPoolExecutor-0_2 - [PROD] Sending payload 322/2160 | Order Number: V4063007324
2026-06-30 21:22:34,933 - INFO - ThreadPoolExecutor-0_0 - [PROD] Payload 313/2160 sent successfully. Status Code: 200
2026-06-30 21:22:34,936 - INFO - ThreadPoolExecutor-0_0 - [PROD] Sending payload 323/2160 | Order Number: V4063007325
2026-06-30 21:22:35,149 - INFO - ThreadPoolExecutor-0_4 - [PROD] Payload 314/2160 sent successfully. Status Code: 200
2026-06-30 21:22:35,149 - INFO - ThreadPoolExecutor-0_5 - [PROD] Payload 315/2160 sent successfully. Status Code: 200
2026-06-30 21:22:35,150 - INFO - ThreadPoolExecutor-0_4 - [PROD] Sending payload 324/2160 | Order Number: V4063007326
2026-06-30 21:22:35,151 - INFO - ThreadPoolExecutor-0_5 - [PROD] Sending payload 325/2160 | Order Number: V4063007327
2026-06-30 21:22:35,224 - INFO - ThreadPoolExecutor-0_3 - [PROD] Payload 316/2160 sent successfully. Status Code: 200
2026-06-30 21:22:35,226 - INFO - ThreadPoolExecutor-0_3 - [PROD] Sending payload 326/2160 | Order Number: V4063007328
2026-06-30 21:22:35,429 - INFO - ThreadPoolExecutor-0_1 - [PROD] Payload 317/2160 sent successfully. Status Code: 200
2026-06-30 21:22:35,431 - INFO - ThreadPoolExecutor-0_1 - [PROD] Sending payload 327/2160 | Order Number: V4063007329
2026-06-30 21:22:35,518 - INFO - ThreadPoolExecutor-0_7 - [PROD] Payload 318/2160 sent successfully. Status Code: 200
2026-06-30 21:22:35,519 - INFO - ThreadPoolExecutor-0_7 - [PROD] Sending payload 328/2160 | Order Number: V4063007330
2026-06-30 21:22:35,642 - INFO - ThreadPoolExecutor-0_9 - [PROD] Payload 319/2160 sent successfully. Status Code: 200
2026-06-30 21:22:35,644 - INFO - ThreadPoolExecutor-0_9 - [PROD] Sending payload 329/2160 | Order Number: V4063007331
2026-06-30 21:22:35,863 - INFO - ThreadPoolExecutor-0_6 - [PROD] Payload 320/2160 sent successfully. Status Code: 200
2026-06-30 21:22:35,865 - INFO - ThreadPoolExecutor-0_6 - [PROD] Sending payload 330/2160 | Order Number: V4063007332
2026-06-30 21:22:36,566 - INFO - ThreadPoolExecutor-0_8 - [PROD] Payload 321/2160 sent successfully. Status Code: 200
2026-06-30 21:22:36,568 - INFO - ThreadPoolExecutor-0_8 - [PROD] Sending payload 331/2160 | Order Number: V4063007333
2026-06-30 21:22:36,688 - INFO - ThreadPoolExecutor-0_2 - [PROD] Payload 322/2160 sent successfully. Status Code: 200
2026-06-30 21:22:36,689 - INFO - ThreadPoolExecutor-0_2 - [PROD] Sending payload 332/2160 | Order Number: V4063007334
2026-06-30 21:22:36,777 - INFO - ThreadPoolExecutor-0_0 - [PROD] Payload 323/2160 sent successfully. Status Code: 200
2026-06-30 21:22:36,778 - INFO - ThreadPoolExecutor-0_0 - [PROD] Sending payload 333/2160 | Order Number: V4063007335
2026-06-30 21:22:36,989 - INFO - ThreadPoolExecutor-0_5 - [PROD] Payload 325/2160 sent successfully. Status Code: 200
2026-06-30 21:22:36,990 - INFO - ThreadPoolExecutor-0_5 - [PROD] Sending payload 334/2160 | Order Number: V4063007336
2026-06-30 21:22:37,020 - INFO - ThreadPoolExecutor-0_4 - [PROD] Payload 324/2160 sent successfully. Status Code: 200
2026-06-30 21:22:37,021 - INFO - ThreadPoolExecutor-0_4 - [PROD] Sending payload 335/2160 | Order Number: V4063007337
2026-06-30 21:22:37,215 - INFO - ThreadPoolExecutor-0_3 - [PROD] Payload 326/2160 sent successfully. Status Code: 200
2026-06-30 21:22:37,217 - INFO - ThreadPoolExecutor-0_3 - [PROD] Sending payload 336/2160 | Order Number: V4063007338
2026-06-30 21:22:37,296 - INFO - ThreadPoolExecutor-0_1 - [PROD] Payload 327/2160 sent successfully. Status Code: 200
2026-06-30 21:22:37,297 - INFO - ThreadPoolExecutor-0_1 - [PROD] Sending payload 337/2160 | Order Number: V4063007339
2026-06-30 21:22:37,390 - INFO - ThreadPoolExecutor-0_7 - [PROD] Payload 328/2160 sent successfully. Status Code: 200
2026-06-30 21:22:37,392 - INFO - ThreadPoolExecutor-0_7 - [PROD] Sending payload 338/2160 | Order Number: V4063007340
2026-06-30 21:22:37,479 - INFO - ThreadPoolExecutor-0_9 - [PROD] Payload 329/2160 sent successfully. Status Code: 200
2026-06-30 21:22:37,479 - INFO - ThreadPoolExecutor-0_9 - [PROD] Sending payload 339/2160 | Order Number: V4063007341
2026-06-30 21:22:37,660 - INFO - ThreadPoolExecutor-0_6 - [PROD] Payload 330/2160 sent successfully. Status Code: 200
2026-06-30 21:22:37,662 - INFO - ThreadPoolExecutor-0_6 - [PROD] Sending payload 340/2160 | Order Number: V4063007342
2026-06-30 21:22:38,425 - INFO - ThreadPoolExecutor-0_8 - [PROD] Payload 331/2160 sent successfully. Status Code: 200
2026-06-30 21:22:38,427 - INFO - ThreadPoolExecutor-0_8 - [PROD] Sending payload 341/2160 | Order Number: V4063007343
2026-06-30 21:22:38,594 - INFO - ThreadPoolExecutor-0_0 - [PROD] Payload 333/2160 sent successfully. Status Code: 200
2026-06-30 21:22:38,596 - INFO - ThreadPoolExecutor-0_0 - [PROD] Sending payload 342/2160 | Order Number: V4063007344
2026-06-30 21:22:38,598 - INFO - ThreadPoolExecutor-0_2 - [PROD] Payload 332/2160 sent successfully. Status Code: 200
2026-06-30 21:22:38,599 - INFO - ThreadPoolExecutor-0_2 - [PROD] Sending payload 343/2160 | Order Number: V4063007345
2026-06-30 21:22:38,841 - INFO - ThreadPoolExecutor-0_5 - [PROD] Payload 334/2160 sent successfully. Status Code: 200
2026-06-30 21:22:38,848 - INFO - ThreadPoolExecutor-0_5 - [PROD] Sending payload 344/2160 | Order Number: V4063007346
2026-06-30 21:22:38,883 - INFO - ThreadPoolExecutor-0_4 - [PROD] Payload 335/2160 sent successfully. Status Code: 200
2026-06-30 21:22:38,884 - INFO - ThreadPoolExecutor-0_4 - [PROD] Sending payload 345/2160 | Order Number: V4063007347
2026-06-30 21:22:39,022 - INFO - ThreadPoolExecutor-0_3 - [PROD] Payload 336/2160 sent successfully. Status Code: 200
2026-06-30 21:22:39,024 - INFO - ThreadPoolExecutor-0_3 - [PROD] Sending payload 346/2160 | Order Number: V4063007348
2026-06-30 21:22:39,141 - INFO - ThreadPoolExecutor-0_1 - [PROD] Payload 337/2160 sent successfully. Status Code: 200
2026-06-30 21:22:39,142 - INFO - ThreadPoolExecutor-0_1 - [PROD] Sending payload 347/2160 | Order Number: V4063007349
2026-06-30 21:22:39,193 - INFO - ThreadPoolExecutor-0_7 - [PROD] Payload 338/2160 sent successfully. Status Code: 200
2026-06-30 21:22:39,193 - INFO - ThreadPoolExecutor-0_7 - [PROD] Sending payload 348/2160 | Order Number: V4063007350
2026-06-30 21:22:39,321 - INFO - ThreadPoolExecutor-0_9 - [PROD] Payload 339/2160 sent successfully. Status Code: 200
2026-06-30 21:22:39,322 - INFO - ThreadPoolExecutor-0_9 - [PROD] Sending payload 349/2160 | Order Number: V4063007351
2026-06-30 21:22:39,561 - INFO - ThreadPoolExecutor-0_6 - [PROD] Payload 340/2160 sent successfully. Status Code: 200
2026-06-30 21:22:39,563 - INFO - ThreadPoolExecutor-0_6 - [PROD] Sending payload 350/2160 | Order Number: V4063007352
2026-06-30 21:22:40,345 - INFO - ThreadPoolExecutor-0_8 - [PROD] Payload 341/2160 sent successfully. Status Code: 200
2026-06-30 21:22:40,346 - INFO - ThreadPoolExecutor-0_8 - [PROD] Sending payload 351/2160 | Order Number: V4063007353
2026-06-30 21:22:40,475 - INFO - ThreadPoolExecutor-0_2 - [PROD] Payload 343/2160 sent successfully. Status Code: 200
2026-06-30 21:22:40,476 - INFO - ThreadPoolExecutor-0_2 - [PROD] Sending payload 352/2160 | Order Number: V4063007354
2026-06-30 21:22:40,501 - INFO - ThreadPoolExecutor-0_0 - [PROD] Payload 342/2160 sent successfully. Status Code: 200
2026-06-30 21:22:40,501 - INFO - ThreadPoolExecutor-0_0 - [PROD] Sending payload 353/2160 | Order Number: V4063007355
2026-06-30 21:22:40,707 - INFO - ThreadPoolExecutor-0_5 - [PROD] Payload 344/2160 sent successfully. Status Code: 200
2026-06-30 21:22:40,707 - INFO - ThreadPoolExecutor-0_5 - [PROD] Sending payload 354/2160 | Order Number: V4063007356
2026-06-30 21:22:40,794 - INFO - ThreadPoolExecutor-0_4 - [PROD] Payload 345/2160 sent successfully. Status Code: 200
2026-06-30 21:22:40,796 - INFO - ThreadPoolExecutor-0_4 - [PROD] Sending payload 355/2160 | Order Number: V4063007357
2026-06-30 21:22:40,800 - INFO - ThreadPoolExecutor-0_3 - [PROD] Payload 346/2160 sent successfully. Status Code: 200
2026-06-30 21:22:40,800 - INFO - ThreadPoolExecutor-0_3 - [PROD] Sending payload 356/2160 | Order Number: V4063007358
2026-06-30 21:22:40,952 - INFO - ThreadPoolExecutor-0_1 - [PROD] Payload 347/2160 sent successfully. Status Code: 200
2026-06-30 21:22:40,954 - INFO - ThreadPoolExecutor-0_1 - [PROD] Sending payload 357/2160 | Order Number: V4063007359
2026-06-30 21:22:41,034 - INFO - ThreadPoolExecutor-0_7 - [PROD] Payload 348/2160 sent successfully. Status Code: 200
2026-06-30 21:22:41,036 - INFO - ThreadPoolExecutor-0_7 - [PROD] Sending payload 358/2160 | Order Number: V4063007360
2026-06-30 21:22:41,214 - INFO - ThreadPoolExecutor-0_9 - [PROD] Payload 349/2160 sent successfully. Status Code: 200
2026-06-30 21:22:41,215 - INFO - ThreadPoolExecutor-0_9 - [PROD] Sending payload 359/2160 | Order Number: V4063007361
2026-06-30 21:22:41,442 - INFO - ThreadPoolExecutor-0_6 - [PROD] Payload 350/2160 sent successfully. Status Code: 200
2026-06-30 21:22:41,444 - INFO - ThreadPoolExecutor-0_6 - [PROD] Sending payload 360/2160 | Order Number: V4063007362
2026-06-30 21:22:42,188 - INFO - ThreadPoolExecutor-0_8 - [PROD] Payload 351/2160 sent successfully. Status Code: 200
2026-06-30 21:22:42,190 - INFO - ThreadPoolExecutor-0_8 - [PROD] Sending payload 361/2160 | Order Number: V4063007363
2026-06-30 21:22:42,341 - INFO - ThreadPoolExecutor-0_2 - [PROD] Payload 352/2160 sent successfully. Status Code: 200
2026-06-30 21:22:42,344 - INFO - ThreadPoolExecutor-0_2 - [PROD] Sending payload 362/2160 | Order Number: V4063007364
2026-06-30 21:22:42,482 - INFO - ThreadPoolExecutor-0_0 - [PROD] Payload 353/2160 sent successfully. Status Code: 200
2026-06-30 21:22:42,484 - INFO - ThreadPoolExecutor-0_0 - [PROD] Sending payload 363/2160 | Order Number: V4063007365
2026-06-30 21:22:42,623 - INFO - ThreadPoolExecutor-0_3 - [PROD] Payload 356/2160 sent successfully. Status Code: 200
2026-06-30 21:22:42,624 - INFO - ThreadPoolExecutor-0_3 - [PROD] Sending payload 364/2160 | Order Number: V4063007366
2026-06-30 21:22:42,680 - INFO - ThreadPoolExecutor-0_4 - [PROD] Payload 355/2160 sent successfully. Status Code: 200
2026-06-30 21:22:42,681 - INFO - ThreadPoolExecutor-0_4 - [PROD] Sending payload 365/2160 | Order Number: V4063007367
2026-06-30 21:22:42,746 - INFO - ThreadPoolExecutor-0_5 - [PROD] Payload 354/2160 sent successfully. Status Code: 200
2026-06-30 21:22:42,747 - INFO - ThreadPoolExecutor-0_5 - [PROD] Sending payload 366/2160 | Order Number: V4063007368
2026-06-30 21:22:42,942 - INFO - ThreadPoolExecutor-0_1 - [PROD] Payload 357/2160 sent successfully. Status Code: 200
2026-06-30 21:22:42,944 - INFO - ThreadPoolExecutor-0_1 - [PROD] Sending payload 367/2160 | Order Number: V4063007369
2026-06-30 21:22:42,996 - INFO - ThreadPoolExecutor-0_9 - [PROD] Payload 359/2160 sent successfully. Status Code: 200
2026-06-30 21:22:42,998 - INFO - ThreadPoolExecutor-0_9 - [PROD] Sending payload 368/2160 | Order Number: V4063007370
2026-06-30 21:22:43,071 - INFO - ThreadPoolExecutor-0_7 - [PROD] Payload 358/2160 sent successfully. Status Code: 200
2026-06-30 21:22:43,072 - INFO - ThreadPoolExecutor-0_7 - [PROD] Sending payload 369/2160 | Order Number: V4063007371
2026-06-30 21:22:43,266 - INFO - ThreadPoolExecutor-0_6 - [PROD] Payload 360/2160 sent successfully. Status Code: 200
2026-06-30 21:22:43,268 - INFO - ThreadPoolExecutor-0_6 - [PROD] Sending payload 370/2160 | Order Number: V4063007372
2026-06-30 21:22:44,056 - INFO - ThreadPoolExecutor-0_8 - [PROD] Payload 361/2160 sent successfully. Status Code: 200
2026-06-30 21:22:44,058 - INFO - ThreadPoolExecutor-0_8 - [PROD] Sending payload 371/2160 | Order Number: V4063007373
2026-06-30 21:22:44,181 - INFO - ThreadPoolExecutor-0_2 - [PROD] Payload 362/2160 sent successfully. Status Code: 200
2026-06-30 21:22:44,182 - INFO - ThreadPoolExecutor-0_2 - [PROD] Sending payload 372/2160 | Order Number: V4063007374
2026-06-30 21:22:44,361 - INFO - ThreadPoolExecutor-0_0 - [PROD] Payload 363/2160 sent successfully. Status Code: 200
2026-06-30 21:22:44,365 - INFO - ThreadPoolExecutor-0_0 - [PROD] Sending payload 373/2160 | Order Number: V4063007375
2026-06-30 21:22:44,486 - INFO - ThreadPoolExecutor-0_3 - [PROD] Payload 364/2160 sent successfully. Status Code: 200
2026-06-30 21:22:44,488 - INFO - ThreadPoolExecutor-0_3 - [PROD] Sending payload 374/2160 | Order Number: V4063007376
2026-06-30 21:22:44,576 - INFO - ThreadPoolExecutor-0_5 - [PROD] Payload 366/2160 sent successfully. Status Code: 200
2026-06-30 21:22:44,578 - INFO - ThreadPoolExecutor-0_5 - [PROD] Sending payload 375/2160 | Order Number: V4063007377
2026-06-30 21:22:44,600 - INFO - ThreadPoolExecutor-0_4 - [PROD] Payload 365/2160 sent successfully. Status Code: 200
2026-06-30 21:22:44,601 - INFO - ThreadPoolExecutor-0_4 - [PROD] Sending payload 376/2160 | Order Number: V4063007378
2026-06-30 21:22:44,773 - INFO - ThreadPoolExecutor-0_1 - [PROD] Payload 367/2160 sent successfully. Status Code: 200
2026-06-30 21:22:44,775 - INFO - ThreadPoolExecutor-0_1 - [PROD] Sending payload 377/2160 | Order Number: V4063007379
2026-06-30 21:22:44,781 - INFO - ThreadPoolExecutor-0_9 - [PROD] Payload 368/2160 sent successfully. Status Code: 200
2026-06-30 21:22:44,782 - INFO - ThreadPoolExecutor-0_9 - [PROD] Sending payload 378/2160 | Order Number: V4063007380
2026-06-30 21:22:44,964 - INFO - ThreadPoolExecutor-0_7 - [PROD] Payload 369/2160 sent successfully. Status Code: 200
2026-06-30 21:22:44,964 - INFO - ThreadPoolExecutor-0_7 - [PROD] Sending payload 379/2160 | Order Number: V4063007381
2026-06-30 21:22:45,182 - INFO - ThreadPoolExecutor-0_6 - [PROD] Payload 370/2160 sent successfully. Status Code: 200
2026-06-30 21:22:45,183 - INFO - ThreadPoolExecutor-0_6 - [PROD] Sending payload 380/2160 | Order Number: V4063007382
2026-06-30 21:22:45,899 - INFO - ThreadPoolExecutor-0_8 - [PROD] Payload 371/2160 sent successfully. Status Code: 200
2026-06-30 21:22:45,901 - INFO - ThreadPoolExecutor-0_8 - [PROD] Sending payload 381/2160 | Order Number: V4063007383
2026-06-30 21:22:45,971 - INFO - ThreadPoolExecutor-0_2 - [PROD] Payload 372/2160 sent successfully. Status Code: 200
2026-06-30 21:22:45,972 - INFO - ThreadPoolExecutor-0_2 - [PROD] Sending payload 382/2160 | Order Number: V4063007384
2026-06-30 21:22:46,222 - INFO - ThreadPoolExecutor-0_0 - [PROD] Payload 373/2160 sent successfully. Status Code: 200
2026-06-30 21:22:46,223 - INFO - ThreadPoolExecutor-0_0 - [PROD] Sending payload 383/2160 | Order Number: V4063007385
2026-06-30 21:22:46,274 - INFO - ThreadPoolExecutor-0_3 - [PROD] Payload 374/2160 sent successfully. Status Code: 200
2026-06-30 21:22:46,275 - INFO - ThreadPoolExecutor-0_3 - [PROD] Sending payload 384/2160 | Order Number: V4063007386
2026-06-30 21:22:46,399 - INFO - ThreadPoolExecutor-0_5 - [PROD] Payload 375/2160 sent successfully. Status Code: 200
2026-06-30 21:22:46,401 - INFO - ThreadPoolExecutor-0_5 - [PROD] Sending payload 385/2160 | Order Number: V4063007387
2026-06-30 21:22:46,426 - INFO - ThreadPoolExecutor-0_4 - [PROD] Payload 376/2160 sent successfully. Status Code: 200
2026-06-30 21:22:46,427 - INFO - ThreadPoolExecutor-0_4 - [PROD] Sending payload 386/2160 | Order Number: V4063007388
2026-06-30 21:22:46,619 - INFO - ThreadPoolExecutor-0_1 - [PROD] Payload 377/2160 sent successfully. Status Code: 200
2026-06-30 21:22:46,621 - INFO - ThreadPoolExecutor-0_1 - [PROD] Sending payload 387/2160 | Order Number: V4063007389
2026-06-30 21:22:46,805 - INFO - ThreadPoolExecutor-0_9 - [PROD] Payload 378/2160 sent successfully. Status Code: 200
2026-06-30 21:22:46,807 - INFO - ThreadPoolExecutor-0_9 - [PROD] Sending payload 388/2160 | Order Number: V4063007390
2026-06-30 21:22:46,863 - INFO - ThreadPoolExecutor-0_7 - [PROD] Payload 379/2160 sent successfully. Status Code: 200
2026-06-30 21:22:46,864 - INFO - ThreadPoolExecutor-0_7 - [PROD] Sending payload 389/2160 | Order Number: V4063007391
2026-06-30 21:22:47,025 - INFO - ThreadPoolExecutor-0_6 - [PROD] Payload 380/2160 sent successfully. Status Code: 200
2026-06-30 21:22:47,029 - INFO - ThreadPoolExecutor-0_6 - [PROD] Sending payload 390/2160 | Order Number: V4063007392
2026-06-30 21:22:47,745 - INFO - ThreadPoolExecutor-0_8 - [PROD] Payload 381/2160 sent successfully. Status Code: 200
2026-06-30 21:22:47,747 - INFO - ThreadPoolExecutor-0_8 - [PROD] Sending payload 391/2160 | Order Number: V4063007393
2026-06-30 21:22:47,892 - INFO - ThreadPoolExecutor-0_2 - [PROD] Payload 382/2160 sent successfully. Status Code: 200
2026-06-30 21:22:47,894 - INFO - ThreadPoolExecutor-0_2 - [PROD] Sending payload 392/2160 | Order Number: V4063007394
2026-06-30 21:22:48,001 - INFO - ThreadPoolExecutor-0_0 - [PROD] Payload 383/2160 sent successfully. Status Code: 200
2026-06-30 21:22:48,004 - INFO - ThreadPoolExecutor-0_0 - [PROD] Sending payload 393/2160 | Order Number: V4063007395
2026-06-30 21:22:48,236 - INFO - ThreadPoolExecutor-0_5 - [PROD] Payload 385/2160 sent successfully. Status Code: 200
2026-06-30 21:22:48,240 - INFO - ThreadPoolExecutor-0_5 - [PROD] Sending payload 394/2160 | Order Number: V4063007396
2026-06-30 21:22:48,286 - INFO - ThreadPoolExecutor-0_4 - [PROD] Payload 386/2160 sent successfully. Status Code: 200
2026-06-30 21:22:48,286 - INFO - ThreadPoolExecutor-0_4 - [PROD] Sending payload 395/2160 | Order Number: V4063007397
2026-06-30 21:22:48,514 - INFO - ThreadPoolExecutor-0_1 - [PROD] Payload 387/2160 sent successfully. Status Code: 200
2026-06-30 21:22:48,516 - INFO - ThreadPoolExecutor-0_1 - [PROD] Sending payload 396/2160 | Order Number: V4063007398
2026-06-30 21:22:48,634 - INFO - ThreadPoolExecutor-0_9 - [PROD] Payload 388/2160 sent successfully. Status Code: 200
2026-06-30 21:22:48,635 - INFO - ThreadPoolExecutor-0_9 - [PROD] Sending payload 397/2160 | Order Number: V4063007399
2026-06-30 21:22:48,737 - INFO - ThreadPoolExecutor-0_3 - [PROD] Payload 384/2160 sent successfully. Status Code: 200
2026-06-30 21:22:48,738 - INFO - ThreadPoolExecutor-0_3 - [PROD] Sending payload 398/2160 | Order Number: V4063007400
2026-06-30 21:22:48,844 - INFO - ThreadPoolExecutor-0_6 - [PROD] Payload 390/2160 sent successfully. Status Code: 200
2026-06-30 21:22:48,846 - INFO - ThreadPoolExecutor-0_6 - [PROD] Sending payload 399/2160 | Order Number: V4063007401
2026-06-30 21:22:48,917 - INFO - ThreadPoolExecutor-0_7 - [PROD] Payload 389/2160 sent successfully. Status Code: 200
2026-06-30 21:22:48,919 - INFO - ThreadPoolExecutor-0_7 - [PROD] Sending payload 400/2160 | Order Number: V4063007402
2026-06-30 21:22:49,589 - INFO - ThreadPoolExecutor-0_8 - [PROD] Payload 391/2160 sent successfully. Status Code: 200
2026-06-30 21:22:49,591 - INFO - ThreadPoolExecutor-0_8 - [PROD] Sending payload 401/2160 | Order Number: V4063007403
2026-06-30 21:22:49,665 - INFO - ThreadPoolExecutor-0_2 - [PROD] Payload 392/2160 sent successfully. Status Code: 200
2026-06-30 21:22:49,667 - INFO - ThreadPoolExecutor-0_2 - [PROD] Sending payload 402/2160 | Order Number: V4063007404
2026-06-30 21:22:49,768 - INFO - ThreadPoolExecutor-0_0 - [PROD] Payload 393/2160 sent successfully. Status Code: 200
2026-06-30 21:22:49,769 - INFO - ThreadPoolExecutor-0_0 - [PROD] Sending payload 403/2160 | Order Number: V4063007405
2026-06-30 21:22:50,073 - INFO - ThreadPoolExecutor-0_4 - [PROD] Payload 395/2160 sent successfully. Status Code: 200
2026-06-30 21:22:50,075 - INFO - ThreadPoolExecutor-0_4 - [PROD] Sending payload 404/2160 | Order Number: V4063007406
2026-06-30 21:22:50,110 - INFO - ThreadPoolExecutor-0_5 - [PROD] Payload 394/2160 sent successfully. Status Code: 200
2026-06-30 21:22:50,111 - INFO - ThreadPoolExecutor-0_5 - [PROD] Sending payload 405/2160 | Order Number: V4063007407
2026-06-30 21:22:50,386 - INFO - ThreadPoolExecutor-0_1 - [PROD] Payload 396/2160 sent successfully. Status Code: 200
2026-06-30 21:22:50,388 - INFO - ThreadPoolExecutor-0_1 - [PROD] Sending payload 406/2160 | Order Number: V4063007408
2026-06-30 21:22:50,508 - INFO - ThreadPoolExecutor-0_9 - [PROD] Payload 397/2160 sent successfully. Status Code: 200
2026-06-30 21:22:50,509 - INFO - ThreadPoolExecutor-0_3 - [PROD] Payload 398/2160 sent successfully. Status Code: 200
2026-06-30 21:22:50,510 - INFO - ThreadPoolExecutor-0_9 - [PROD] Sending payload 407/2160 | Order Number: V4063007409
2026-06-30 21:22:50,511 - INFO - ThreadPoolExecutor-0_3 - [PROD] Sending payload 408/2160 | Order Number: V4063007410
2026-06-30 21:22:50,759 - INFO - ThreadPoolExecutor-0_7 - [PROD] Payload 400/2160 sent successfully. Status Code: 200
2026-06-30 21:22:50,761 - INFO - ThreadPoolExecutor-0_7 - [PROD] Sending payload 409/2160 | Order Number: V4063007411
2026-06-30 21:22:50,835 - INFO - ThreadPoolExecutor-0_6 - [PROD] Payload 399/2160 sent successfully. Status Code: 200
2026-06-30 21:22:50,836 - INFO - ThreadPoolExecutor-0_6 - [PROD] Sending payload 410/2160 | Order Number: V4063007412
2026-06-30 21:22:51,379 - INFO - ThreadPoolExecutor-0_8 - [PROD] Payload 401/2160 sent successfully. Status Code: 200
2026-06-30 21:22:51,381 - INFO - ThreadPoolExecutor-0_8 - [PROD] Sending payload 411/2160 | Order Number: V4063007413
2026-06-30 21:22:51,485 - INFO - ThreadPoolExecutor-0_2 - [PROD] Payload 402/2160 sent successfully. Status Code: 200
2026-06-30 21:22:51,485 - INFO - ThreadPoolExecutor-0_2 - [PROD] Sending payload 412/2160 | Order Number: V4063007414
2026-06-30 21:22:51,621 - INFO - ThreadPoolExecutor-0_0 - [PROD] Payload 403/2160 sent successfully. Status Code: 200
2026-06-30 21:22:51,622 - INFO - ThreadPoolExecutor-0_0 - [PROD] Sending payload 413/2160 | Order Number: V4063007415
2026-06-30 21:22:51,902 - INFO - ThreadPoolExecutor-0_4 - [PROD] Payload 404/2160 sent successfully. Status Code: 200
2026-06-30 21:22:51,903 - INFO - ThreadPoolExecutor-0_4 - [PROD] Sending payload 414/2160 | Order Number: V4063007416
2026-06-30 21:22:51,935 - INFO - ThreadPoolExecutor-0_5 - [PROD] Payload 405/2160 sent successfully. Status Code: 200
2026-06-30 21:22:51,936 - INFO - ThreadPoolExecutor-0_5 - [PROD] Sending payload 415/2160 | Order Number: V4063007417
2026-06-30 21:22:52,396 - INFO - ThreadPoolExecutor-0_1 - [PROD] Payload 406/2160 sent successfully. Status Code: 200
2026-06-30 21:22:52,397 - INFO - ThreadPoolExecutor-0_1 - [PROD] Sending payload 416/2160 | Order Number: V4063007418
2026-06-30 21:22:52,523 - INFO - ThreadPoolExecutor-0_3 - [PROD] Payload 408/2160 sent successfully. Status Code: 200
2026-06-30 21:22:52,525 - INFO - ThreadPoolExecutor-0_3 - [PROD] Sending payload 417/2160 | Order Number: V4063007419
2026-06-30 21:22:52,620 - INFO - ThreadPoolExecutor-0_7 - [PROD] Payload 409/2160 sent successfully. Status Code: 200
2026-06-30 21:22:52,621 - INFO - ThreadPoolExecutor-0_7 - [PROD] Sending payload 418/2160 | Order Number: V4063007420
2026-06-30 21:22:52,641 - INFO - ThreadPoolExecutor-0_6 - [PROD] Payload 410/2160 sent successfully. Status Code: 200
2026-06-30 21:22:52,642 - INFO - ThreadPoolExecutor-0_6 - [PROD] Sending payload 419/2160 | Order Number: V4063007421
2026-06-30 21:22:52,716 - INFO - ThreadPoolExecutor-0_9 - [PROD] Payload 407/2160 sent successfully. Status Code: 200
2026-06-30 21:22:52,717 - INFO - ThreadPoolExecutor-0_9 - [PROD] Sending payload 420/2160 | Order Number: V4063007422
2026-06-30 21:22:53,164 - INFO - ThreadPoolExecutor-0_8 - [PROD] Payload 411/2160 sent successfully. Status Code: 200
2026-06-30 21:22:53,165 - INFO - ThreadPoolExecutor-0_8 - [PROD] Sending payload 421/2160 | Order Number: V4063007423
2026-06-30 21:22:53,338 - INFO - ThreadPoolExecutor-0_2 - [PROD] Payload 412/2160 sent successfully. Status Code: 200
2026-06-30 21:22:53,339 - INFO - ThreadPoolExecutor-0_2 - [PROD] Sending payload 422/2160 | Order Number: V4063007424
2026-06-30 21:22:53,483 - INFO - ThreadPoolExecutor-0_0 - [PROD] Payload 413/2160 sent successfully. Status Code: 200
2026-06-30 21:22:53,485 - INFO - ThreadPoolExecutor-0_0 - [PROD] Sending payload 423/2160 | Order Number: V4063007425
2026-06-30 21:22:54,046 - INFO - ThreadPoolExecutor-0_4 - [PROD] Payload 414/2160 sent successfully. Status Code: 200
2026-06-30 21:22:54,048 - INFO - ThreadPoolExecutor-0_4 - [PROD] Sending payload 424/2160 | Order Number: V4063007426
2026-06-30 21:22:54,176 - INFO - ThreadPoolExecutor-0_5 - [PROD] Payload 415/2160 sent successfully. Status Code: 200
2026-06-30 21:22:54,178 - INFO - ThreadPoolExecutor-0_5 - [PROD] Sending payload 425/2160 | Order Number: V4063007427
2026-06-30 21:22:54,467 - INFO - ThreadPoolExecutor-0_7 - [PROD] Payload 418/2160 sent successfully. Status Code: 200
2026-06-30 21:22:54,468 - INFO - ThreadPoolExecutor-0_7 - [PROD] Sending payload 426/2160 | Order Number: V4063007428
2026-06-30 21:22:54,799 - INFO - ThreadPoolExecutor-0_3 - [PROD] Payload 417/2160 sent successfully. Status Code: 200
2026-06-30 21:22:54,800 - INFO - ThreadPoolExecutor-0_3 - [PROD] Sending payload 427/2160 | Order Number: V4063007429
2026-06-30 21:22:54,850 - INFO - ThreadPoolExecutor-0_6 - [PROD] Payload 419/2160 sent successfully. Status Code: 200
2026-06-30 21:22:54,851 - INFO - ThreadPoolExecutor-0_6 - [PROD] Sending payload 428/2160 | Order Number: V4063007430
2026-06-30 21:22:54,966 - INFO - ThreadPoolExecutor-0_1 - [PROD] Payload 416/2160 sent successfully. Status Code: 200
2026-06-30 21:22:54,968 - INFO - ThreadPoolExecutor-0_1 - [PROD] Sending payload 429/2160 | Order Number: V4063007431
2026-06-30 21:22:55,197 - INFO - ThreadPoolExecutor-0_2 - [PROD] Payload 422/2160 sent successfully. Status Code: 200
2026-06-30 21:22:55,199 - INFO - ThreadPoolExecutor-0_2 - [PROD] Sending payload 430/2160 | Order Number: V4063007432
2026-06-30 21:22:55,276 - INFO - ThreadPoolExecutor-0_9 - [PROD] Payload 420/2160 sent successfully. Status Code: 200
2026-06-30 21:22:55,278 - INFO - ThreadPoolExecutor-0_9 - [PROD] Sending payload 431/2160 | Order Number: V4063007433
2026-06-30 21:22:55,281 - INFO - ThreadPoolExecutor-0_8 - [PROD] Payload 421/2160 sent successfully. Status Code: 200
2026-06-30 21:22:55,282 - INFO - ThreadPoolExecutor-0_8 - [PROD] Sending payload 432/2160 | Order Number: V4063007434
2026-06-30 21:22:55,450 - INFO - ThreadPoolExecutor-0_0 - [PROD] Payload 423/2160 sent successfully. Status Code: 200
2026-06-30 21:22:55,451 - INFO - ThreadPoolExecutor-0_0 - [PROD] Sending payload 433/2160 | Order Number: V4063007435
2026-06-30 21:22:55,975 - INFO - ThreadPoolExecutor-0_4 - [PROD] Payload 424/2160 sent successfully. Status Code: 200
2026-06-30 21:22:55,978 - INFO - ThreadPoolExecutor-0_4 - [PROD] Sending payload 434/2160 | Order Number: V4063007436
2026-06-30 21:22:56,253 - INFO - ThreadPoolExecutor-0_5 - [PROD] Payload 425/2160 sent successfully. Status Code: 200
2026-06-30 21:22:56,255 - INFO - ThreadPoolExecutor-0_5 - [PROD] Sending payload 435/2160 | Order Number: V4063007437
2026-06-30 21:22:56,358 - INFO - ThreadPoolExecutor-0_7 - [PROD] Payload 426/2160 sent successfully. Status Code: 200
2026-06-30 21:22:56,359 - INFO - ThreadPoolExecutor-0_7 - [PROD] Sending payload 436/2160 | Order Number: V4063007438
2026-06-30 21:22:56,633 - INFO - ThreadPoolExecutor-0_6 - [PROD] Payload 428/2160 sent successfully. Status Code: 200
2026-06-30 21:22:56,635 - INFO - ThreadPoolExecutor-0_6 - [PROD] Sending payload 437/2160 | Order Number: V4063007439
2026-06-30 21:22:56,694 - INFO - ThreadPoolExecutor-0_3 - [PROD] Payload 427/2160 sent successfully. Status Code: 200
2026-06-30 21:22:56,696 - INFO - ThreadPoolExecutor-0_3 - [PROD] Sending payload 438/2160 | Order Number: V4063007440
2026-06-30 21:22:56,875 - INFO - ThreadPoolExecutor-0_1 - [PROD] Payload 429/2160 sent successfully. Status Code: 200
2026-06-30 21:22:56,876 - INFO - ThreadPoolExecutor-0_1 - [PROD] Sending payload 439/2160 | Order Number: V4063007441
2026-06-30 21:22:57,075 - INFO - ThreadPoolExecutor-0_2 - [PROD] Payload 430/2160 sent successfully. Status Code: 200
2026-06-30 21:22:57,078 - INFO - ThreadPoolExecutor-0_2 - [PROD] Sending payload 440/2160 | Order Number: V4063007442
2026-06-30 21:22:57,094 - INFO - ThreadPoolExecutor-0_9 - [PROD] Payload 431/2160 sent successfully. Status Code: 200
2026-06-30 21:22:57,094 - INFO - ThreadPoolExecutor-0_9 - [PROD] Sending payload 441/2160 | Order Number: V4063007443
2026-06-30 21:22:57,218 - INFO - ThreadPoolExecutor-0_8 - [PROD] Payload 432/2160 sent successfully. Status Code: 200
2026-06-30 21:22:57,220 - INFO - ThreadPoolExecutor-0_8 - [PROD] Sending payload 442/2160 | Order Number: V4063007444
2026-06-30 21:22:57,280 - INFO - ThreadPoolExecutor-0_0 - [PROD] Payload 433/2160 sent successfully. Status Code: 200
2026-06-30 21:22:57,281 - INFO - ThreadPoolExecutor-0_0 - [PROD] Sending payload 443/2160 | Order Number: V4063007445
2026-06-30 21:22:57,898 - INFO - ThreadPoolExecutor-0_4 - [PROD] Payload 434/2160 sent successfully. Status Code: 200
2026-06-30 21:22:57,899 - INFO - ThreadPoolExecutor-0_4 - [PROD] Sending payload 444/2160 | Order Number: V4063007446
2026-06-30 21:22:58,102 - INFO - ThreadPoolExecutor-0_5 - [PROD] Payload 435/2160 sent successfully. Status Code: 200
2026-06-30 21:22:58,104 - INFO - ThreadPoolExecutor-0_5 - [PROD] Sending payload 445/2160 | Order Number: V4063007447
2026-06-30 21:22:58,276 - INFO - ThreadPoolExecutor-0_7 - [PROD] Payload 436/2160 sent successfully. Status Code: 200
2026-06-30 21:22:58,278 - INFO - ThreadPoolExecutor-0_7 - [PROD] Sending payload 446/2160 | Order Number: V4063007448
2026-06-30 21:22:58,458 - INFO - ThreadPoolExecutor-0_6 - [PROD] Payload 437/2160 sent successfully. Status Code: 200
2026-06-30 21:22:58,459 - INFO - ThreadPoolExecutor-0_6 - [PROD] Sending payload 447/2160 | Order Number: V4063007449
2026-06-30 21:22:58,528 - INFO - ThreadPoolExecutor-0_3 - [PROD] Payload 438/2160 sent successfully. Status Code: 200
2026-06-30 21:22:58,530 - INFO - ThreadPoolExecutor-0_3 - [PROD] Sending payload 448/2160 | Order Number: V4063007450
2026-06-30 21:22:58,779 - INFO - ThreadPoolExecutor-0_1 - [PROD] Payload 439/2160 sent successfully. Status Code: 200
2026-06-30 21:22:58,781 - INFO - ThreadPoolExecutor-0_1 - [PROD] Sending payload 449/2160 | Order Number: V4063007451
2026-06-30 21:22:58,879 - INFO - ThreadPoolExecutor-0_9 - [PROD] Payload 441/2160 sent successfully. Status Code: 200
2026-06-30 21:22:58,882 - INFO - ThreadPoolExecutor-0_9 - [PROD] Sending payload 450/2160 | Order Number: V4063007452
2026-06-30 21:22:59,001 - INFO - ThreadPoolExecutor-0_2 - [PROD] Payload 440/2160 sent successfully. Status Code: 200
2026-06-30 21:22:59,003 - INFO - ThreadPoolExecutor-0_2 - [PROD] Sending payload 451/2160 | Order Number: V4063007453
2026-06-30 21:22:59,097 - INFO - ThreadPoolExecutor-0_0 - [PROD] Payload 443/2160 sent successfully. Status Code: 200
2026-06-30 21:22:59,098 - INFO - ThreadPoolExecutor-0_0 - [PROD] Sending payload 452/2160 | Order Number: V4063007454
2026-06-30 21:22:59,402 - INFO - ThreadPoolExecutor-0_8 - [PROD] Payload 442/2160 sent successfully. Status Code: 200
2026-06-30 21:22:59,405 - INFO - ThreadPoolExecutor-0_8 - [PROD] Sending payload 453/2160 | Order Number: V4063007455
2026-06-30 21:22:59,688 - INFO - ThreadPoolExecutor-0_4 - [PROD] Payload 444/2160 sent successfully. Status Code: 200
2026-06-30 21:22:59,690 - INFO - ThreadPoolExecutor-0_4 - [PROD] Sending payload 454/2160 | Order Number: V4063007456
2026-06-30 21:23:00,016 - INFO - ThreadPoolExecutor-0_5 - [PROD] Payload 445/2160 sent successfully. Status Code: 200
2026-06-30 21:23:00,018 - INFO - ThreadPoolExecutor-0_5 - [PROD] Sending payload 455/2160 | Order Number: V4063007457
2026-06-30 21:23:00,126 - INFO - ThreadPoolExecutor-0_7 - [PROD] Payload 446/2160 sent successfully. Status Code: 200
2026-06-30 21:23:00,128 - INFO - ThreadPoolExecutor-0_7 - [PROD] Sending payload 456/2160 | Order Number: V4063007458
2026-06-30 21:23:00,361 - INFO - ThreadPoolExecutor-0_3 - [PROD] Payload 448/2160 sent successfully. Status Code: 200
2026-06-30 21:23:00,362 - INFO - ThreadPoolExecutor-0_3 - [PROD] Sending payload 457/2160 | Order Number: V4063007459
2026-06-30 21:23:00,474 - INFO - ThreadPoolExecutor-0_6 - [PROD] Payload 447/2160 sent successfully. Status Code: 200
2026-06-30 21:23:00,476 - INFO - ThreadPoolExecutor-0_6 - [PROD] Sending payload 458/2160 | Order Number: V4063007460
2026-06-30 21:23:00,740 - INFO - ThreadPoolExecutor-0_9 - [PROD] Payload 450/2160 sent successfully. Status Code: 200
2026-06-30 21:23:00,741 - INFO - ThreadPoolExecutor-0_9 - [PROD] Sending payload 459/2160 | Order Number: V4063007461
2026-06-30 21:23:00,958 - INFO - ThreadPoolExecutor-0_1 - [PROD] Payload 449/2160 sent successfully. Status Code: 200
2026-06-30 21:23:00,959 - INFO - ThreadPoolExecutor-0_1 - [PROD] Sending payload 460/2160 | Order Number: V4063007462
2026-06-30 21:23:00,972 - INFO - ThreadPoolExecutor-0_0 - [PROD] Payload 452/2160 sent successfully. Status Code: 200
2026-06-30 21:23:00,972 - INFO - ThreadPoolExecutor-0_2 - [PROD] Payload 451/2160 sent successfully. Status Code: 200
2026-06-30 21:23:00,973 - INFO - ThreadPoolExecutor-0_0 - [PROD] Sending payload 461/2160 | Order Number: V4063007463
2026-06-30 21:23:00,974 - INFO - ThreadPoolExecutor-0_2 - [PROD] Sending payload 462/2160 | Order Number: V4063007464
2026-06-30 21:23:01,220 - INFO - ThreadPoolExecutor-0_8 - [PROD] Payload 453/2160 sent successfully. Status Code: 200
2026-06-30 21:23:01,222 - INFO - ThreadPoolExecutor-0_8 - [PROD] Sending payload 463/2160 | Order Number: V4063007465
2026-06-30 21:23:01,646 - INFO - ThreadPoolExecutor-0_4 - [PROD] Payload 454/2160 sent successfully. Status Code: 200
2026-06-30 21:23:01,647 - INFO - ThreadPoolExecutor-0_4 - [PROD] Sending payload 464/2160 | Order Number: V4063007466
2026-06-30 21:23:01,862 - INFO - ThreadPoolExecutor-0_5 - [PROD] Payload 455/2160 sent successfully. Status Code: 200
2026-06-30 21:23:01,863 - INFO - ThreadPoolExecutor-0_5 - [PROD] Sending payload 465/2160 | Order Number: V4063007467
2026-06-30 21:23:02,155 - INFO - ThreadPoolExecutor-0_7 - [PROD] Payload 456/2160 sent successfully. Status Code: 200
2026-06-30 21:23:02,158 - INFO - ThreadPoolExecutor-0_7 - [PROD] Sending payload 466/2160 | Order Number: V4063007468
2026-06-30 21:23:02,465 - INFO - ThreadPoolExecutor-0_3 - [PROD] Payload 457/2160 sent successfully. Status Code: 200
2026-06-30 21:23:02,467 - INFO - ThreadPoolExecutor-0_3 - [PROD] Sending payload 467/2160 | Order Number: V4063007469
2026-06-30 21:23:02,557 - INFO - ThreadPoolExecutor-0_9 - [PROD] Payload 459/2160 sent successfully. Status Code: 200
2026-06-30 21:23:02,564 - INFO - ThreadPoolExecutor-0_9 - [PROD] Sending payload 468/2160 | Order Number: V4063007470
2026-06-30 21:23:02,593 - INFO - ThreadPoolExecutor-0_6 - [PROD] Payload 458/2160 sent successfully. Status Code: 200
2026-06-30 21:23:02,594 - INFO - ThreadPoolExecutor-0_6 - [PROD] Sending payload 469/2160 | Order Number: V4063007471
2026-06-30 21:23:02,772 - INFO - ThreadPoolExecutor-0_1 - [PROD] Payload 460/2160 sent successfully. Status Code: 200
2026-06-30 21:23:02,773 - INFO - ThreadPoolExecutor-0_1 - [PROD] Sending payload 470/2160 | Order Number: V4063007472
2026-06-30 21:23:03,011 - INFO - ThreadPoolExecutor-0_2 - [PROD] Payload 462/2160 sent successfully. Status Code: 200
2026-06-30 21:23:03,012 - INFO - ThreadPoolExecutor-0_2 - [PROD] Sending payload 471/2160 | Order Number: V4063007473
2026-06-30 21:23:03,181 - INFO - ThreadPoolExecutor-0_0 - [PROD] Payload 461/2160 sent successfully. Status Code: 200
2026-06-30 21:23:03,182 - INFO - ThreadPoolExecutor-0_8 - [PROD] Payload 463/2160 sent successfully. Status Code: 200
2026-06-30 21:23:03,184 - INFO - ThreadPoolExecutor-0_0 - [PROD] Sending payload 472/2160 | Order Number: V4063007474
2026-06-30 21:23:03,185 - INFO - ThreadPoolExecutor-0_8 - [PROD] Sending payload 473/2160 | Order Number: V4063007475
2026-06-30 21:23:03,464 - INFO - ThreadPoolExecutor-0_4 - [PROD] Payload 464/2160 sent successfully. Status Code: 200
2026-06-30 21:23:03,464 - INFO - ThreadPoolExecutor-0_4 - [PROD] Sending payload 474/2160 | Order Number: V4063007476
2026-06-30 21:23:03,767 - INFO - ThreadPoolExecutor-0_5 - [PROD] Payload 465/2160 sent successfully. Status Code: 200
2026-06-30 21:23:03,767 - INFO - ThreadPoolExecutor-0_5 - [PROD] Sending payload 475/2160 | Order Number: V4063007477
2026-06-30 21:23:04,028 - INFO - ThreadPoolExecutor-0_7 - [PROD] Payload 466/2160 sent successfully. Status Code: 200
2026-06-30 21:23:04,029 - INFO - ThreadPoolExecutor-0_7 - [PROD] Sending payload 476/2160 | Order Number: V4063007478
2026-06-30 21:23:04,481 - INFO - ThreadPoolExecutor-0_6 - [PROD] Payload 469/2160 sent successfully. Status Code: 200
2026-06-30 21:23:04,484 - INFO - ThreadPoolExecutor-0_6 - [PROD] Sending payload 477/2160 | Order Number: V4063007479
2026-06-30 21:23:04,664 - INFO - ThreadPoolExecutor-0_1 - [PROD] Payload 470/2160 sent successfully. Status Code: 200
2026-06-30 21:23:04,666 - INFO - ThreadPoolExecutor-0_1 - [PROD] Sending payload 478/2160 | Order Number: V4063007480
2026-06-30 21:23:04,678 - INFO - ThreadPoolExecutor-0_3 - [PROD] Payload 467/2160 sent successfully. Status Code: 200
2026-06-30 21:23:04,679 - INFO - ThreadPoolExecutor-0_3 - [PROD] Sending payload 479/2160 | Order Number: V4063007481
2026-06-30 21:23:04,821 - INFO - ThreadPoolExecutor-0_2 - [PROD] Payload 471/2160 sent successfully. Status Code: 200
2026-06-30 21:23:04,822 - INFO - ThreadPoolExecutor-0_2 - [PROD] Sending payload 480/2160 | Order Number: V4063007482
2026-06-30 21:23:04,856 - INFO - ThreadPoolExecutor-0_9 - [PROD] Payload 468/2160 sent successfully. Status Code: 200
2026-06-30 21:23:04,857 - INFO - ThreadPoolExecutor-0_9 - [PROD] Sending payload 481/2160 | Order Number: V4063007483
2026-06-30 21:23:05,022 - INFO - ThreadPoolExecutor-0_0 - [PROD] Payload 472/2160 sent successfully. Status Code: 200
2026-06-30 21:23:05,023 - INFO - ThreadPoolExecutor-0_0 - [PROD] Sending payload 482/2160 | Order Number: V4063007484
2026-06-30 21:23:05,064 - INFO - ThreadPoolExecutor-0_8 - [PROD] Payload 473/2160 sent successfully. Status Code: 200
2026-06-30 21:23:05,065 - INFO - ThreadPoolExecutor-0_8 - [PROD] Sending payload 483/2160 | Order Number: V4063007485
2026-06-30 21:23:05,302 - INFO - ThreadPoolExecutor-0_4 - [PROD] Payload 474/2160 sent successfully. Status Code: 200
2026-06-30 21:23:05,304 - INFO - ThreadPoolExecutor-0_4 - [PROD] Sending payload 484/2160 | Order Number: V4063007486
2026-06-30 21:23:05,621 - INFO - ThreadPoolExecutor-0_5 - [PROD] Payload 475/2160 sent successfully. Status Code: 200
2026-06-30 21:23:05,622 - INFO - ThreadPoolExecutor-0_5 - [PROD] Sending payload 485/2160 | Order Number: V4063007487
2026-06-30 21:23:05,804 - INFO - ThreadPoolExecutor-0_7 - [PROD] Payload 476/2160 sent successfully. Status Code: 200
2026-06-30 21:23:05,804 - INFO - ThreadPoolExecutor-0_7 - [PROD] Sending payload 486/2160 | Order Number: V4063007488
2026-06-30 21:23:06,363 - INFO - ThreadPoolExecutor-0_6 - [PROD] Payload 477/2160 sent successfully. Status Code: 200
2026-06-30 21:23:06,365 - INFO - ThreadPoolExecutor-0_6 - [PROD] Sending payload 487/2160 | Order Number: V4063007489
2026-06-30 21:23:06,510 - INFO - ThreadPoolExecutor-0_1 - [PROD] Payload 478/2160 sent successfully. Status Code: 200
2026-06-30 21:23:06,510 - INFO - ThreadPoolExecutor-0_3 - [PROD] Payload 479/2160 sent successfully. Status Code: 200
2026-06-30 21:23:06,511 - INFO - ThreadPoolExecutor-0_1 - [PROD] Sending payload 488/2160 | Order Number: V4063007490
2026-06-30 21:23:06,512 - INFO - ThreadPoolExecutor-0_3 - [PROD] Sending payload 489/2160 | Order Number: V4063007491
2026-06-30 21:23:06,738 - INFO - ThreadPoolExecutor-0_2 - [PROD] Payload 480/2160 sent successfully. Status Code: 200
2026-06-30 21:23:06,740 - INFO - ThreadPoolExecutor-0_2 - [PROD] Sending payload 490/2160 | Order Number: V4063007492
2026-06-30 21:23:06,769 - INFO - ThreadPoolExecutor-0_9 - [PROD] Payload 481/2160 sent successfully. Status Code: 200
2026-06-30 21:23:06,770 - INFO - ThreadPoolExecutor-0_9 - [PROD] Sending payload 491/2160 | Order Number: V4063007493
2026-06-30 21:23:06,801 - INFO - ThreadPoolExecutor-0_0 - [PROD] Payload 482/2160 sent successfully. Status Code: 200
2026-06-30 21:23:06,802 - INFO - ThreadPoolExecutor-0_0 - [PROD] Sending payload 492/2160 | Order Number: V4063007494
2026-06-30 21:23:07,075 - INFO - ThreadPoolExecutor-0_8 - [PROD] Payload 483/2160 sent successfully. Status Code: 200
2026-06-30 21:23:07,078 - INFO - ThreadPoolExecutor-0_8 - [PROD] Sending payload 493/2160 | Order Number: V4063007495
2026-06-30 21:23:07,158 - INFO - ThreadPoolExecutor-0_4 - [PROD] Payload 484/2160 sent successfully. Status Code: 200
2026-06-30 21:23:07,160 - INFO - ThreadPoolExecutor-0_4 - [PROD] Sending payload 494/2160 | Order Number: V4063007496
2026-06-30 21:23:07,494 - INFO - ThreadPoolExecutor-0_5 - [PROD] Payload 485/2160 sent successfully. Status Code: 200
2026-06-30 21:23:07,497 - INFO - ThreadPoolExecutor-0_5 - [PROD] Sending payload 495/2160 | Order Number: V4063007497
2026-06-30 21:23:07,648 - INFO - ThreadPoolExecutor-0_7 - [PROD] Payload 486/2160 sent successfully. Status Code: 200
2026-06-30 21:23:07,650 - INFO - ThreadPoolExecutor-0_7 - [PROD] Sending payload 496/2160 | Order Number: V4063007498
2026-06-30 21:23:08,211 - INFO - ThreadPoolExecutor-0_6 - [PROD] Payload 487/2160 sent successfully. Status Code: 200
2026-06-30 21:23:08,213 - INFO - ThreadPoolExecutor-0_6 - [PROD] Sending payload 497/2160 | Order Number: V4063007499
2026-06-30 21:23:08,388 - INFO - ThreadPoolExecutor-0_3 - [PROD] Payload 489/2160 sent successfully. Status Code: 200
2026-06-30 21:23:08,390 - INFO - ThreadPoolExecutor-0_3 - [PROD] Sending payload 498/2160 | Order Number: V4063007500
2026-06-30 21:23:08,409 - INFO - ThreadPoolExecutor-0_1 - [PROD] Payload 488/2160 sent successfully. Status Code: 200
2026-06-30 21:23:08,411 - INFO - ThreadPoolExecutor-0_1 - [PROD] Sending payload 499/2160 | Order Number: V4063007501
2026-06-30 21:23:08,654 - INFO - ThreadPoolExecutor-0_2 - [PROD] Payload 490/2160 sent successfully. Status Code: 200
2026-06-30 21:23:08,656 - INFO - ThreadPoolExecutor-0_2 - [PROD] Sending payload 500/2160 | Order Number: V4063007502
2026-06-30 21:23:08,660 - INFO - ThreadPoolExecutor-0_9 - [PROD] Payload 491/2160 sent successfully. Status Code: 200
2026-06-30 21:23:08,661 - INFO - ThreadPoolExecutor-0_0 - [PROD] Payload 492/2160 sent successfully. Status Code: 200
2026-06-30 21:23:08,662 - INFO - ThreadPoolExecutor-0_9 - [PROD] Sending payload 501/2160 | Order Number: V4063007503
2026-06-30 21:23:08,662 - INFO - ThreadPoolExecutor-0_0 - [PROD] Sending payload 502/2160 | Order Number: V4063007504
2026-06-30 21:23:08,991 - INFO - ThreadPoolExecutor-0_8 - [PROD] Payload 493/2160 sent successfully. Status Code: 200
2026-06-30 21:23:08,993 - INFO - ThreadPoolExecutor-0_8 - [PROD] Sending payload 503/2160 | Order Number: V4063007505
2026-06-30 21:23:09,003 - INFO - ThreadPoolExecutor-0_4 - [PROD] Payload 494/2160 sent successfully. Status Code: 200
2026-06-30 21:23:09,003 - INFO - ThreadPoolExecutor-0_4 - [PROD] Sending payload 504/2160 | Order Number: V4063007506
2026-06-30 21:23:09,335 - INFO - ThreadPoolExecutor-0_5 - [PROD] Payload 495/2160 sent successfully. Status Code: 200
2026-06-30 21:23:09,337 - INFO - ThreadPoolExecutor-0_5 - [PROD] Sending payload 505/2160 | Order Number: V4063007507
2026-06-30 21:23:09,479 - INFO - ThreadPoolExecutor-0_7 - [PROD] Payload 496/2160 sent successfully. Status Code: 200
2026-06-30 21:23:09,481 - INFO - ThreadPoolExecutor-0_7 - [PROD] Sending payload 506/2160 | Order Number: V4063007508
2026-06-30 21:23:10,171 - INFO - ThreadPoolExecutor-0_6 - [PROD] Payload 497/2160 sent successfully. Status Code: 200
2026-06-30 21:23:10,172 - INFO - ThreadPoolExecutor-0_6 - [PROD] Sending payload 507/2160 | Order Number: V4063007509
2026-06-30 21:23:10,236 - INFO - ThreadPoolExecutor-0_1 - [PROD] Payload 499/2160 sent successfully. Status Code: 200
2026-06-30 21:23:10,238 - INFO - ThreadPoolExecutor-0_1 - [PROD] Sending payload 508/2160 | Order Number: V4063007510
2026-06-30 21:23:10,256 - INFO - ThreadPoolExecutor-0_3 - [PROD] Payload 498/2160 sent successfully. Status Code: 200
2026-06-30 21:23:10,257 - INFO - ThreadPoolExecutor-0_3 - [PROD] Sending payload 509/2160 | Order Number: V4063007511
2026-06-30 21:23:10,568 - INFO - ThreadPoolExecutor-0_9 - [PROD] Payload 501/2160 sent successfully. Status Code: 200
2026-06-30 21:23:10,570 - INFO - ThreadPoolExecutor-0_9 - [PROD] Sending payload 510/2160 | Order Number: V4063007512
2026-06-30 21:23:10,642 - INFO - ThreadPoolExecutor-0_2 - [PROD] Payload 500/2160 sent successfully. Status Code: 200
2026-06-30 21:23:10,644 - INFO - ThreadPoolExecutor-0_2 - [PROD] Sending payload 511/2160 | Order Number: V4063007513
2026-06-30 21:23:10,734 - INFO - ThreadPoolExecutor-0_0 - [PROD] Payload 502/2160 sent successfully. Status Code: 200
2026-06-30 21:23:10,736 - INFO - ThreadPoolExecutor-0_0 - [PROD] Sending payload 512/2160 | Order Number: V4063007514
2026-06-30 21:23:10,814 - INFO - ThreadPoolExecutor-0_8 - [PROD] Payload 503/2160 sent successfully. Status Code: 200
2026-06-30 21:23:10,816 - INFO - ThreadPoolExecutor-0_8 - [PROD] Sending payload 513/2160 | Order Number: V4063007515
2026-06-30 21:23:11,008 - INFO - ThreadPoolExecutor-0_4 - [PROD] Payload 504/2160 sent successfully. Status Code: 200
2026-06-30 21:23:11,010 - INFO - ThreadPoolExecutor-0_4 - [PROD] Sending payload 514/2160 | Order Number: V4063007516
2026-06-30 21:23:11,244 - INFO - ThreadPoolExecutor-0_5 - [PROD] Payload 505/2160 sent successfully. Status Code: 200
2026-06-30 21:23:11,247 - INFO - ThreadPoolExecutor-0_5 - [PROD] Sending payload 515/2160 | Order Number: V4063007517
2026-06-30 21:23:11,473 - INFO - ThreadPoolExecutor-0_7 - [PROD] Payload 506/2160 sent successfully. Status Code: 200
2026-06-30 21:23:11,475 - INFO - ThreadPoolExecutor-0_7 - [PROD] Sending payload 516/2160 | Order Number: V4063007518
2026-06-30 21:23:12,065 - INFO - ThreadPoolExecutor-0_6 - [PROD] Payload 507/2160 sent successfully. Status Code: 200
2026-06-30 21:23:12,066 - INFO - ThreadPoolExecutor-0_6 - [PROD] Sending payload 517/2160 | Order Number: V4063007519
2026-06-30 21:23:12,103 - INFO - ThreadPoolExecutor-0_1 - [PROD] Payload 508/2160 sent successfully. Status Code: 200
2026-06-30 21:23:12,103 - INFO - ThreadPoolExecutor-0_1 - [PROD] Sending payload 518/2160 | Order Number: V4063007520
2026-06-30 21:23:12,250 - INFO - ThreadPoolExecutor-0_3 - [PROD] Payload 509/2160 sent successfully. Status Code: 200
2026-06-30 21:23:12,251 - INFO - ThreadPoolExecutor-0_3 - [PROD] Sending payload 519/2160 | Order Number: V4063007521
2026-06-30 21:23:12,490 - INFO - ThreadPoolExecutor-0_9 - [PROD] Payload 510/2160 sent successfully. Status Code: 200
2026-06-30 21:23:12,491 - INFO - ThreadPoolExecutor-0_9 - [PROD] Sending payload 520/2160 | Order Number: V4063007522
2026-06-30 21:23:12,503 - INFO - ThreadPoolExecutor-0_2 - [PROD] Payload 511/2160 sent successfully. Status Code: 200
2026-06-30 21:23:12,504 - INFO - ThreadPoolExecutor-0_2 - [PROD] Sending payload 521/2160 | Order Number: V4063007523
2026-06-30 21:23:12,564 - INFO - ThreadPoolExecutor-0_0 - [PROD] Payload 512/2160 sent successfully. Status Code: 200
2026-06-30 21:23:12,565 - INFO - ThreadPoolExecutor-0_0 - [PROD] Sending payload 522/2160 | Order Number: V4063007524
2026-06-30 21:23:12,669 - INFO - ThreadPoolExecutor-0_8 - [PROD] Payload 513/2160 sent successfully. Status Code: 200
2026-06-30 21:23:12,672 - INFO - ThreadPoolExecutor-0_8 - [PROD] Sending payload 523/2160 | Order Number: V4063007525
2026-06-30 21:23:13,027 - INFO - ThreadPoolExecutor-0_4 - [PROD] Payload 514/2160 sent successfully. Status Code: 200
2026-06-30 21:23:13,029 - INFO - ThreadPoolExecutor-0_4 - [PROD] Sending payload 524/2160 | Order Number: V4063007526
2026-06-30 21:23:13,048 - INFO - ThreadPoolExecutor-0_5 - [PROD] Payload 515/2160 sent successfully. Status Code: 200
2026-06-30 21:23:13,049 - INFO - ThreadPoolExecutor-0_5 - [PROD] Sending payload 525/2160 | Order Number: V4063007527
2026-06-30 21:23:13,294 - INFO - ThreadPoolExecutor-0_7 - [PROD] Payload 516/2160 sent successfully. Status Code: 200
2026-06-30 21:23:13,296 - INFO - ThreadPoolExecutor-0_7 - [PROD] Sending payload 526/2160 | Order Number: V4063007528
2026-06-30 21:23:13,972 - INFO - ThreadPoolExecutor-0_1 - [PROD] Payload 518/2160 sent successfully. Status Code: 200
2026-06-30 21:23:13,974 - INFO - ThreadPoolExecutor-0_1 - [PROD] Sending payload 527/2160 | Order Number: V4063007529
2026-06-30 21:23:14,067 - INFO - ThreadPoolExecutor-0_3 - [PROD] Payload 519/2160 sent successfully. Status Code: 200
2026-06-30 21:23:14,068 - INFO - ThreadPoolExecutor-0_3 - [PROD] Sending payload 528/2160 | Order Number: V4063007530
2026-06-30 21:23:14,187 - INFO - ThreadPoolExecutor-0_6 - [PROD] Payload 517/2160 sent successfully. Status Code: 200
2026-06-30 21:23:14,189 - INFO - ThreadPoolExecutor-0_6 - [PROD] Sending payload 529/2160 | Order Number: V4063007531
2026-06-30 21:23:14,305 - INFO - ThreadPoolExecutor-0_2 - [PROD] Payload 521/2160 sent successfully. Status Code: 200
2026-06-30 21:23:14,307 - INFO - ThreadPoolExecutor-0_2 - [PROD] Sending payload 530/2160 | Order Number: V4063007532
2026-06-30 21:23:14,310 - INFO - ThreadPoolExecutor-0_9 - [PROD] Payload 520/2160 sent successfully. Status Code: 200
2026-06-30 21:23:14,311 - INFO - ThreadPoolExecutor-0_9 - [PROD] Sending payload 531/2160 | Order Number: V4063007533
2026-06-30 21:23:14,506 - INFO - ThreadPoolExecutor-0_0 - [PROD] Payload 522/2160 sent successfully. Status Code: 200
2026-06-30 21:23:14,507 - INFO - ThreadPoolExecutor-0_0 - [PROD] Sending payload 532/2160 | Order Number: V4063007534
2026-06-30 21:23:14,518 - INFO - ThreadPoolExecutor-0_8 - [PROD] Payload 523/2160 sent successfully. Status Code: 200
2026-06-30 21:23:14,519 - INFO - ThreadPoolExecutor-0_8 - [PROD] Sending payload 533/2160 | Order Number: V4063007535
2026-06-30 21:23:14,898 - INFO - ThreadPoolExecutor-0_4 - [PROD] Payload 524/2160 sent successfully. Status Code: 200
2026-06-30 21:23:14,898 - INFO - ThreadPoolExecutor-0_4 - [PROD] Sending payload 534/2160 | Order Number: V4063007536
2026-06-30 21:23:14,933 - INFO - ThreadPoolExecutor-0_5 - [PROD] Payload 525/2160 sent successfully. Status Code: 200
2026-06-30 21:23:14,933 - INFO - ThreadPoolExecutor-0_5 - [PROD] Sending payload 535/2160 | Order Number: V4063007537
2026-06-30 21:23:15,203 - INFO - ThreadPoolExecutor-0_7 - [PROD] Payload 526/2160 sent successfully. Status Code: 200
2026-06-30 21:23:15,205 - INFO - ThreadPoolExecutor-0_7 - [PROD] Sending payload 536/2160 | Order Number: V4063007538
2026-06-30 21:23:15,794 - INFO - ThreadPoolExecutor-0_1 - [PROD] Payload 527/2160 sent successfully. Status Code: 200
2026-06-30 21:23:15,797 - INFO - ThreadPoolExecutor-0_1 - [PROD] Sending payload 537/2160 | Order Number: V4063007539
2026-06-30 21:23:15,952 - INFO - ThreadPoolExecutor-0_3 - [PROD] Payload 528/2160 sent successfully. Status Code: 200
2026-06-30 21:23:15,954 - INFO - ThreadPoolExecutor-0_3 - [PROD] Sending payload 538/2160 | Order Number: V4063007540
2026-06-30 21:23:16,104 - INFO - ThreadPoolExecutor-0_6 - [PROD] Payload 529/2160 sent successfully. Status Code: 200
2026-06-30 21:23:16,107 - INFO - ThreadPoolExecutor-0_6 - [PROD] Sending payload 539/2160 | Order Number: V4063007541
2026-06-30 21:23:16,129 - INFO - ThreadPoolExecutor-0_9 - [PROD] Payload 531/2160 sent successfully. Status Code: 200
2026-06-30 21:23:16,129 - INFO - ThreadPoolExecutor-0_9 - [PROD] Sending payload 540/2160 | Order Number: V4063007542
2026-06-30 21:23:16,284 - INFO - ThreadPoolExecutor-0_2 - [PROD] Payload 530/2160 sent successfully. Status Code: 200
2026-06-30 21:23:16,286 - INFO - ThreadPoolExecutor-0_2 - [PROD] Sending payload 541/2160 | Order Number: V4063007543
2026-06-30 21:23:16,398 - INFO - ThreadPoolExecutor-0_0 - [PROD] Payload 532/2160 sent successfully. Status Code: 200
2026-06-30 21:23:16,399 - INFO - ThreadPoolExecutor-0_0 - [PROD] Sending payload 542/2160 | Order Number: V4063007544
2026-06-30 21:23:16,401 - INFO - ThreadPoolExecutor-0_8 - [PROD] Payload 533/2160 sent successfully. Status Code: 200
2026-06-30 21:23:16,401 - INFO - ThreadPoolExecutor-0_8 - [PROD] Sending payload 543/2160 | Order Number: V4063007545
2026-06-30 21:23:16,905 - INFO - ThreadPoolExecutor-0_5 - [PROD] Payload 535/2160 sent successfully. Status Code: 200
2026-06-30 21:23:16,907 - INFO - ThreadPoolExecutor-0_5 - [PROD] Sending payload 544/2160 | Order Number: V4063007546
2026-06-30 21:23:16,993 - INFO - ThreadPoolExecutor-0_4 - [PROD] Payload 534/2160 sent successfully. Status Code: 200
2026-06-30 21:23:16,995 - INFO - ThreadPoolExecutor-0_4 - [PROD] Sending payload 545/2160 | Order Number: V4063007547
2026-06-30 21:23:17,029 - INFO - ThreadPoolExecutor-0_7 - [PROD] Payload 536/2160 sent successfully. Status Code: 200
2026-06-30 21:23:17,029 - INFO - ThreadPoolExecutor-0_7 - [PROD] Sending payload 546/2160 | Order Number: V4063007548
2026-06-30 21:23:17,748 - INFO - ThreadPoolExecutor-0_1 - [PROD] Payload 537/2160 sent successfully. Status Code: 200
2026-06-30 21:23:17,750 - INFO - ThreadPoolExecutor-0_1 - [PROD] Sending payload 547/2160 | Order Number: V4063007549
2026-06-30 21:23:17,787 - INFO - ThreadPoolExecutor-0_3 - [PROD] Payload 538/2160 sent successfully. Status Code: 200
2026-06-30 21:23:17,788 - INFO - ThreadPoolExecutor-0_3 - [PROD] Sending payload 548/2160 | Order Number: V4063007550
2026-06-30 21:23:18,210 - INFO - ThreadPoolExecutor-0_2 - [PROD] Payload 541/2160 sent successfully. Status Code: 200
2026-06-30 21:23:18,211 - INFO - ThreadPoolExecutor-0_2 - [PROD] Sending payload 549/2160 | Order Number: V4063007551
2026-06-30 21:23:18,275 - INFO - ThreadPoolExecutor-0_6 - [PROD] Payload 539/2160 sent successfully. Status Code: 200
2026-06-30 21:23:18,277 - INFO - ThreadPoolExecutor-0_6 - [PROD] Sending payload 550/2160 | Order Number: V4063007552
2026-06-30 21:23:18,348 - INFO - ThreadPoolExecutor-0_0 - [PROD] Payload 542/2160 sent successfully. Status Code: 200
2026-06-30 21:23:18,349 - INFO - ThreadPoolExecutor-0_0 - [PROD] Sending payload 551/2160 | Order Number: V4063007553
2026-06-30 21:23:18,742 - INFO - ThreadPoolExecutor-0_5 - [PROD] Payload 544/2160 sent successfully. Status Code: 200
2026-06-30 21:23:18,743 - INFO - ThreadPoolExecutor-0_5 - [PROD] Sending payload 552/2160 | Order Number: V4063007554
2026-06-30 21:23:18,789 - INFO - ThreadPoolExecutor-0_8 - [PROD] Payload 543/2160 sent successfully. Status Code: 200
2026-06-30 21:23:18,790 - INFO - ThreadPoolExecutor-0_8 - [PROD] Sending payload 553/2160 | Order Number: V4063007555
2026-06-30 21:23:18,846 - INFO - ThreadPoolExecutor-0_7 - [PROD] Payload 546/2160 sent successfully. Status Code: 200
2026-06-30 21:23:18,846 - INFO - ThreadPoolExecutor-0_7 - [PROD] Sending payload 554/2160 | Order Number: V4063007556
2026-06-30 21:23:18,933 - INFO - ThreadPoolExecutor-0_4 - [PROD] Payload 545/2160 sent successfully. Status Code: 200
2026-06-30 21:23:18,935 - INFO - ThreadPoolExecutor-0_4 - [PROD] Sending payload 555/2160 | Order Number: V4063007557
2026-06-30 21:23:19,064 - INFO - ThreadPoolExecutor-0_9 - [PROD] Payload 540/2160 sent successfully. Status Code: 200
2026-06-30 21:23:19,065 - INFO - ThreadPoolExecutor-0_9 - [PROD] Sending payload 556/2160 | Order Number: V4063007558
2026-06-30 21:23:19,540 - INFO - ThreadPoolExecutor-0_1 - [PROD] Payload 547/2160 sent successfully. Status Code: 200
2026-06-30 21:23:19,541 - INFO - ThreadPoolExecutor-0_1 - [PROD] Sending payload 557/2160 | Order Number: V4063007559
2026-06-30 21:23:19,789 - INFO - ThreadPoolExecutor-0_3 - [PROD] Payload 548/2160 sent successfully. Status Code: 200
2026-06-30 21:23:19,792 - INFO - ThreadPoolExecutor-0_3 - [PROD] Sending payload 558/2160 | Order Number: V4063007560
2026-06-30 21:23:20,060 - INFO - ThreadPoolExecutor-0_6 - [PROD] Payload 550/2160 sent successfully. Status Code: 200
2026-06-30 21:23:20,062 - INFO - ThreadPoolExecutor-0_6 - [PROD] Sending payload 559/2160 | Order Number: V4063007561
2026-06-30 21:23:20,067 - INFO - ThreadPoolExecutor-0_2 - [PROD] Payload 549/2160 sent successfully. Status Code: 200
2026-06-30 21:23:20,068 - INFO - ThreadPoolExecutor-0_2 - [PROD] Sending payload 560/2160 | Order Number: V4063007562
2026-06-30 21:23:20,209 - INFO - ThreadPoolExecutor-0_0 - [PROD] Payload 551/2160 sent successfully. Status Code: 200
2026-06-30 21:23:20,211 - INFO - ThreadPoolExecutor-0_0 - [PROD] Sending payload 561/2160 | Order Number: V4063007563
2026-06-30 21:23:20,560 - INFO - ThreadPoolExecutor-0_5 - [PROD] Payload 552/2160 sent successfully. Status Code: 200
2026-06-30 21:23:20,562 - INFO - ThreadPoolExecutor-0_5 - [PROD] Sending payload 562/2160 | Order Number: V4063007564
2026-06-30 21:23:20,644 - INFO - ThreadPoolExecutor-0_8 - [PROD] Payload 553/2160 sent successfully. Status Code: 200
2026-06-30 21:23:20,647 - INFO - ThreadPoolExecutor-0_8 - [PROD] Sending payload 563/2160 | Order Number: V4063007565
2026-06-30 21:23:20,786 - INFO - ThreadPoolExecutor-0_7 - [PROD] Payload 554/2160 sent successfully. Status Code: 200
2026-06-30 21:23:20,788 - INFO - ThreadPoolExecutor-0_7 - [PROD] Sending payload 564/2160 | Order Number: V4063007566
2026-06-30 21:23:20,821 - INFO - ThreadPoolExecutor-0_4 - [PROD] Payload 555/2160 sent successfully. Status Code: 200
2026-06-30 21:23:20,822 - INFO - ThreadPoolExecutor-0_4 - [PROD] Sending payload 565/2160 | Order Number: V4063007567
2026-06-30 21:23:21,003 - INFO - ThreadPoolExecutor-0_9 - [PROD] Payload 556/2160 sent successfully. Status Code: 200
2026-06-30 21:23:21,005 - INFO - ThreadPoolExecutor-0_9 - [PROD] Sending payload 566/2160 | Order Number: V4063007568
2026-06-30 21:23:21,390 - INFO - ThreadPoolExecutor-0_1 - [PROD] Payload 557/2160 sent successfully. Status Code: 200
2026-06-30 21:23:21,392 - INFO - ThreadPoolExecutor-0_1 - [PROD] Sending payload 567/2160 | Order Number: V4063007569
2026-06-30 21:23:21,674 - INFO - ThreadPoolExecutor-0_3 - [PROD] Payload 558/2160 sent successfully. Status Code: 200
2026-06-30 21:23:21,676 - INFO - ThreadPoolExecutor-0_3 - [PROD] Sending payload 568/2160 | Order Number: V4063007570
2026-06-30 21:23:21,854 - INFO - ThreadPoolExecutor-0_6 - [PROD] Payload 559/2160 sent successfully. Status Code: 200
2026-06-30 21:23:21,855 - INFO - ThreadPoolExecutor-0_6 - [PROD] Sending payload 569/2160 | Order Number: V4063007571
2026-06-30 21:23:21,904 - INFO - ThreadPoolExecutor-0_2 - [PROD] Payload 560/2160 sent successfully. Status Code: 200
2026-06-30 21:23:21,904 - INFO - ThreadPoolExecutor-0_2 - [PROD] Sending payload 570/2160 | Order Number: V4063007572
2026-06-30 21:23:22,048 - INFO - ThreadPoolExecutor-0_0 - [PROD] Payload 561/2160 sent successfully. Status Code: 200
2026-06-30 21:23:22,048 - INFO - ThreadPoolExecutor-0_0 - [PROD] Sending payload 571/2160 | Order Number: V4063007573
2026-06-30 21:23:22,373 - INFO - ThreadPoolExecutor-0_5 - [PROD] Payload 562/2160 sent successfully. Status Code: 200
2026-06-30 21:23:22,374 - INFO - ThreadPoolExecutor-0_5 - [PROD] Sending payload 572/2160 | Order Number: V4063007574
2026-06-30 21:23:22,486 - INFO - ThreadPoolExecutor-0_8 - [PROD] Payload 563/2160 sent successfully. Status Code: 200
2026-06-30 21:23:22,488 - INFO - ThreadPoolExecutor-0_8 - [PROD] Sending payload 573/2160 | Order Number: V4063007575
2026-06-30 21:23:22,589 - INFO - ThreadPoolExecutor-0_7 - [PROD] Payload 564/2160 sent successfully. Status Code: 200
2026-06-30 21:23:22,595 - INFO - ThreadPoolExecutor-0_7 - [PROD] Sending payload 574/2160 | Order Number: V4063007576
2026-06-30 21:23:22,619 - INFO - ThreadPoolExecutor-0_4 - [PROD] Payload 565/2160 sent successfully. Status Code: 200
2026-06-30 21:23:22,619 - INFO - ThreadPoolExecutor-0_4 - [PROD] Sending payload 575/2160 | Order Number: V4063007577
2026-06-30 21:23:22,975 - INFO - ThreadPoolExecutor-0_9 - [PROD] Payload 566/2160 sent successfully. Status Code: 200
2026-06-30 21:23:22,977 - INFO - ThreadPoolExecutor-0_9 - [PROD] Sending payload 576/2160 | Order Number: V4063007578
2026-06-30 21:23:23,239 - INFO - ThreadPoolExecutor-0_1 - [PROD] Payload 567/2160 sent successfully. Status Code: 200
2026-06-30 21:23:23,240 - INFO - ThreadPoolExecutor-0_1 - [PROD] Sending payload 577/2160 | Order Number: V4063007579
2026-06-30 21:23:23,486 - INFO - ThreadPoolExecutor-0_3 - [PROD] Payload 568/2160 sent successfully. Status Code: 200
2026-06-30 21:23:23,488 - INFO - ThreadPoolExecutor-0_3 - [PROD] Sending payload 578/2160 | Order Number: V4063007580
2026-06-30 21:23:23,755 - INFO - ThreadPoolExecutor-0_6 - [PROD] Payload 569/2160 sent successfully. Status Code: 200
2026-06-30 21:23:23,757 - INFO - ThreadPoolExecutor-0_6 - [PROD] Sending payload 579/2160 | Order Number: V4063007581
2026-06-30 21:23:23,759 - INFO - ThreadPoolExecutor-0_2 - [PROD] Payload 570/2160 sent successfully. Status Code: 200
2026-06-30 21:23:23,759 - INFO - ThreadPoolExecutor-0_2 - [PROD] Sending payload 580/2160 | Order Number: V4063007582
2026-06-30 21:23:23,945 - INFO - ThreadPoolExecutor-0_0 - [PROD] Payload 571/2160 sent successfully. Status Code: 200
2026-06-30 21:23:23,947 - INFO - ThreadPoolExecutor-0_0 - [PROD] Sending payload 581/2160 | Order Number: V4063007583
2026-06-30 21:23:24,264 - INFO - ThreadPoolExecutor-0_5 - [PROD] Payload 572/2160 sent successfully. Status Code: 200
2026-06-30 21:23:24,265 - INFO - ThreadPoolExecutor-0_5 - [PROD] Sending payload 582/2160 | Order Number: V4063007584
2026-06-30 21:23:24,449 - INFO - ThreadPoolExecutor-0_8 - [PROD] Payload 573/2160 sent successfully. Status Code: 200
2026-06-30 21:23:24,451 - INFO - ThreadPoolExecutor-0_8 - [PROD] Sending payload 583/2160 | Order Number: V4063007585
2026-06-30 21:23:24,466 - INFO - ThreadPoolExecutor-0_4 - [PROD] Payload 575/2160 sent successfully. Status Code: 200
2026-06-30 21:23:24,466 - INFO - ThreadPoolExecutor-0_4 - [PROD] Sending payload 584/2160 | Order Number: V4063007586
2026-06-30 21:23:24,692 - INFO - ThreadPoolExecutor-0_7 - [PROD] Payload 574/2160 sent successfully. Status Code: 200
2026-06-30 21:23:24,696 - INFO - ThreadPoolExecutor-0_7 - [PROD] Sending payload 585/2160 | Order Number: V4063007587
2026-06-30 21:23:24,846 - INFO - ThreadPoolExecutor-0_9 - [PROD] Payload 576/2160 sent successfully. Status Code: 200
2026-06-30 21:23:24,847 - INFO - ThreadPoolExecutor-0_9 - [PROD] Sending payload 586/2160 | Order Number: V4063007588
2026-06-30 21:23:25,122 - INFO - ThreadPoolExecutor-0_1 - [PROD] Payload 577/2160 sent successfully. Status Code: 200
2026-06-30 21:23:25,124 - INFO - ThreadPoolExecutor-0_1 - [PROD] Sending payload 587/2160 | Order Number: V4063007589
2026-06-30 21:23:25,309 - INFO - ThreadPoolExecutor-0_3 - [PROD] Payload 578/2160 sent successfully. Status Code: 200
2026-06-30 21:23:25,311 - INFO - ThreadPoolExecutor-0_3 - [PROD] Sending payload 588/2160 | Order Number: V4063007590
2026-06-30 21:23:25,759 - INFO - ThreadPoolExecutor-0_2 - [PROD] Payload 580/2160 sent successfully. Status Code: 200
2026-06-30 21:23:25,761 - INFO - ThreadPoolExecutor-0_2 - [PROD] Sending payload 589/2160 | Order Number: V4063007591
2026-06-30 21:23:25,819 - INFO - ThreadPoolExecutor-0_0 - [PROD] Payload 581/2160 sent successfully. Status Code: 200
2026-06-30 21:23:25,819 - INFO - ThreadPoolExecutor-0_0 - [PROD] Sending payload 590/2160 | Order Number: V4063007592
2026-06-30 21:23:26,018 - INFO - ThreadPoolExecutor-0_6 - [PROD] Payload 579/2160 sent successfully. Status Code: 200
2026-06-30 21:23:26,019 - INFO - ThreadPoolExecutor-0_6 - [PROD] Sending payload 591/2160 | Order Number: V4063007593
2026-06-30 21:23:26,076 - INFO - ThreadPoolExecutor-0_5 - [PROD] Payload 582/2160 sent successfully. Status Code: 200
2026-06-30 21:23:26,076 - INFO - ThreadPoolExecutor-0_5 - [PROD] Sending payload 592/2160 | Order Number: V4063007594
2026-06-30 21:23:26,275 - INFO - ThreadPoolExecutor-0_4 - [PROD] Payload 584/2160 sent successfully. Status Code: 200
2026-06-30 21:23:26,277 - INFO - ThreadPoolExecutor-0_4 - [PROD] Sending payload 593/2160 | Order Number: V4063007595
2026-06-30 21:23:26,324 - INFO - ThreadPoolExecutor-0_8 - [PROD] Payload 583/2160 sent successfully. Status Code: 200
2026-06-30 21:23:26,325 - INFO - ThreadPoolExecutor-0_8 - [PROD] Sending payload 594/2160 | Order Number: V4063007596
2026-06-30 21:23:26,738 - INFO - ThreadPoolExecutor-0_7 - [PROD] Payload 585/2160 sent successfully. Status Code: 200
2026-06-30 21:23:26,740 - INFO - ThreadPoolExecutor-0_7 - [PROD] Sending payload 595/2160 | Order Number: V4063007597
2026-06-30 21:23:26,806 - INFO - ThreadPoolExecutor-0_9 - [PROD] Payload 586/2160 sent successfully. Status Code: 200
2026-06-30 21:23:26,808 - INFO - ThreadPoolExecutor-0_9 - [PROD] Sending payload 596/2160 | Order Number: V4063007598
2026-06-30 21:23:26,948 - INFO - ThreadPoolExecutor-0_1 - [PROD] Payload 587/2160 sent successfully. Status Code: 200
2026-06-30 21:23:26,950 - INFO - ThreadPoolExecutor-0_1 - [PROD] Sending payload 597/2160 | Order Number: V4063007599
2026-06-30 21:23:27,112 - INFO - ThreadPoolExecutor-0_3 - [PROD] Payload 588/2160 sent successfully. Status Code: 200
2026-06-30 21:23:27,114 - INFO - ThreadPoolExecutor-0_3 - [PROD] Sending payload 598/2160 | Order Number: V4063007600
2026-06-30 21:23:27,566 - INFO - ThreadPoolExecutor-0_2 - [PROD] Payload 589/2160 sent successfully. Status Code: 200
2026-06-30 21:23:27,567 - INFO - ThreadPoolExecutor-0_2 - [PROD] Sending payload 599/2160 | Order Number: V4063007601
2026-06-30 21:23:28,020 - INFO - ThreadPoolExecutor-0_5 - [PROD] Payload 592/2160 sent successfully. Status Code: 200
2026-06-30 21:23:28,022 - INFO - ThreadPoolExecutor-0_5 - [PROD] Sending payload 600/2160 | Order Number: V4063007602
2026-06-30 21:23:28,071 - INFO - ThreadPoolExecutor-0_6 - [PROD] Payload 591/2160 sent successfully. Status Code: 200
2026-06-30 21:23:28,072 - INFO - ThreadPoolExecutor-0_6 - [PROD] Sending payload 601/2160 | Order Number: V4063007603
2026-06-30 21:23:28,075 - INFO - ThreadPoolExecutor-0_4 - [PROD] Payload 593/2160 sent successfully. Status Code: 200
2026-06-30 21:23:28,075 - INFO - ThreadPoolExecutor-0_4 - [PROD] Sending payload 602/2160 | Order Number: V4063007604
2026-06-30 21:23:28,195 - INFO - ThreadPoolExecutor-0_8 - [PROD] Payload 594/2160 sent successfully. Status Code: 200
2026-06-30 21:23:28,200 - INFO - ThreadPoolExecutor-0_8 - [PROD] Sending payload 603/2160 | Order Number: V4063007605
2026-06-30 21:23:28,625 - INFO - ThreadPoolExecutor-0_0 - [PROD] Payload 590/2160 sent successfully. Status Code: 200
2026-06-30 21:23:28,626 - INFO - ThreadPoolExecutor-0_0 - [PROD] Sending payload 604/2160 | Order Number: V4063007606
2026-06-30 21:23:28,647 - INFO - ThreadPoolExecutor-0_9 - [PROD] Payload 596/2160 sent successfully. Status Code: 200
2026-06-30 21:23:28,648 - INFO - ThreadPoolExecutor-0_9 - [PROD] Sending payload 605/2160 | Order Number: V4063007607
2026-06-30 21:23:28,912 - INFO - ThreadPoolExecutor-0_3 - [PROD] Payload 598/2160 sent successfully. Status Code: 200
2026-06-30 21:23:28,914 - INFO - ThreadPoolExecutor-0_3 - [PROD] Sending payload 606/2160 | Order Number: V4063007608
2026-06-30 21:23:29,049 - INFO - ThreadPoolExecutor-0_1 - [PROD] Payload 597/2160 sent successfully. Status Code: 200
2026-06-30 21:23:29,051 - INFO - ThreadPoolExecutor-0_1 - [PROD] Sending payload 607/2160 | Order Number: V4063007609
2026-06-30 21:23:29,518 - INFO - ThreadPoolExecutor-0_7 - [PROD] Payload 595/2160 sent successfully. Status Code: 200
2026-06-30 21:23:29,519 - INFO - ThreadPoolExecutor-0_7 - [PROD] Sending payload 608/2160 | Order Number: V4063007610
2026-06-30 21:23:29,532 - INFO - ThreadPoolExecutor-0_2 - [PROD] Payload 599/2160 sent successfully. Status Code: 200
2026-06-30 21:23:29,533 - INFO - ThreadPoolExecutor-0_2 - [PROD] Sending payload 609/2160 | Order Number: V4063007611
2026-06-30 21:23:29,899 - INFO - ThreadPoolExecutor-0_6 - [PROD] Payload 601/2160 sent successfully. Status Code: 200
2026-06-30 21:23:29,901 - INFO - ThreadPoolExecutor-0_6 - [PROD] Sending payload 610/2160 | Order Number: V4063007612
2026-06-30 21:23:29,903 - INFO - ThreadPoolExecutor-0_5 - [PROD] Payload 600/2160 sent successfully. Status Code: 200
2026-06-30 21:23:29,904 - INFO - ThreadPoolExecutor-0_5 - [PROD] Sending payload 611/2160 | Order Number: V4063007613
2026-06-30 21:23:30,031 - INFO - ThreadPoolExecutor-0_8 - [PROD] Payload 603/2160 sent successfully. Status Code: 200
2026-06-30 21:23:30,032 - INFO - ThreadPoolExecutor-0_8 - [PROD] Sending payload 612/2160 | Order Number: V4063007614
2026-06-30 21:23:30,204 - INFO - ThreadPoolExecutor-0_4 - [PROD] Payload 602/2160 sent successfully. Status Code: 200
2026-06-30 21:23:30,206 - INFO - ThreadPoolExecutor-0_4 - [PROD] Sending payload 613/2160 | Order Number: V4063007615
2026-06-30 21:23:30,460 - INFO - ThreadPoolExecutor-0_9 - [PROD] Payload 605/2160 sent successfully. Status Code: 200
2026-06-30 21:23:30,462 - INFO - ThreadPoolExecutor-0_9 - [PROD] Sending payload 614/2160 | Order Number: V4063007616
2026-06-30 21:23:30,532 - INFO - ThreadPoolExecutor-0_0 - [PROD] Payload 604/2160 sent successfully. Status Code: 200
2026-06-30 21:23:30,533 - INFO - ThreadPoolExecutor-0_0 - [PROD] Sending payload 615/2160 | Order Number: V4063007617
2026-06-30 21:23:30,868 - INFO - ThreadPoolExecutor-0_3 - [PROD] Payload 606/2160 sent successfully. Status Code: 200
2026-06-30 21:23:30,870 - INFO - ThreadPoolExecutor-0_3 - [PROD] Sending payload 616/2160 | Order Number: V4063007618
2026-06-30 21:23:30,903 - INFO - ThreadPoolExecutor-0_1 - [PROD] Payload 607/2160 sent successfully. Status Code: 200
2026-06-30 21:23:30,904 - INFO - ThreadPoolExecutor-0_1 - [PROD] Sending payload 617/2160 | Order Number: V4063007619
2026-06-30 21:23:31,389 - INFO - ThreadPoolExecutor-0_2 - [PROD] Payload 609/2160 sent successfully. Status Code: 200
2026-06-30 21:23:31,390 - INFO - ThreadPoolExecutor-0_2 - [PROD] Sending payload 618/2160 | Order Number: V4063007620
2026-06-30 21:23:31,467 - INFO - ThreadPoolExecutor-0_7 - [PROD] Payload 608/2160 sent successfully. Status Code: 200
2026-06-30 21:23:31,469 - INFO - ThreadPoolExecutor-0_7 - [PROD] Sending payload 619/2160 | Order Number: V4063007621
2026-06-30 21:23:31,807 - INFO - ThreadPoolExecutor-0_6 - [PROD] Payload 610/2160 sent successfully. Status Code: 200
2026-06-30 21:23:31,809 - INFO - ThreadPoolExecutor-0_6 - [PROD] Sending payload 620/2160 | Order Number: V4063007622
2026-06-30 21:23:31,884 - INFO - ThreadPoolExecutor-0_8 - [PROD] Payload 612/2160 sent successfully. Status Code: 200
2026-06-30 21:23:31,886 - INFO - ThreadPoolExecutor-0_8 - [PROD] Sending payload 621/2160 | Order Number: V4063007623
2026-06-30 21:23:31,987 - INFO - ThreadPoolExecutor-0_5 - [PROD] Payload 611/2160 sent successfully. Status Code: 200
2026-06-30 21:23:31,989 - INFO - ThreadPoolExecutor-0_5 - [PROD] Sending payload 622/2160 | Order Number: V4063007624
2026-06-30 21:23:32,059 - INFO - ThreadPoolExecutor-0_4 - [PROD] Payload 613/2160 sent successfully. Status Code: 200
2026-06-30 21:23:32,061 - INFO - ThreadPoolExecutor-0_4 - [PROD] Sending payload 623/2160 | Order Number: V4063007625
2026-06-30 21:23:32,368 - INFO - ThreadPoolExecutor-0_0 - [PROD] Payload 615/2160 sent successfully. Status Code: 200
2026-06-30 21:23:32,368 - INFO - ThreadPoolExecutor-0_0 - [PROD] Sending payload 624/2160 | Order Number: V4063007626
2026-06-30 21:23:32,449 - INFO - ThreadPoolExecutor-0_9 - [PROD] Payload 614/2160 sent successfully. Status Code: 200
2026-06-30 21:23:32,449 - INFO - ThreadPoolExecutor-0_9 - [PROD] Sending payload 625/2160 | Order Number: V4063007627
2026-06-30 21:23:32,678 - INFO - ThreadPoolExecutor-0_3 - [PROD] Payload 616/2160 sent successfully. Status Code: 200
2026-06-30 21:23:32,680 - INFO - ThreadPoolExecutor-0_3 - [PROD] Sending payload 626/2160 | Order Number: V4063007628
2026-06-30 21:23:32,766 - INFO - ThreadPoolExecutor-0_1 - [PROD] Payload 617/2160 sent successfully. Status Code: 200
2026-06-30 21:23:32,768 - INFO - ThreadPoolExecutor-0_1 - [PROD] Sending payload 627/2160 | Order Number: V4063007629
2026-06-30 21:23:33,276 - INFO - ThreadPoolExecutor-0_2 - [PROD] Payload 618/2160 sent successfully. Status Code: 200
2026-06-30 21:23:33,277 - INFO - ThreadPoolExecutor-0_2 - [PROD] Sending payload 628/2160 | Order Number: V4063007630
2026-06-30 21:23:33,381 - INFO - ThreadPoolExecutor-0_7 - [PROD] Payload 619/2160 sent successfully. Status Code: 200
2026-06-30 21:23:33,382 - INFO - ThreadPoolExecutor-0_7 - [PROD] Sending payload 629/2160 | Order Number: V4063007631
2026-06-30 21:23:33,635 - INFO - ThreadPoolExecutor-0_6 - [PROD] Payload 620/2160 sent successfully. Status Code: 200
2026-06-30 21:23:33,637 - INFO - ThreadPoolExecutor-0_6 - [PROD] Sending payload 630/2160 | Order Number: V4063007632
2026-06-30 21:23:33,726 - INFO - ThreadPoolExecutor-0_8 - [PROD] Payload 621/2160 sent successfully. Status Code: 200
2026-06-30 21:23:33,728 - INFO - ThreadPoolExecutor-0_8 - [PROD] Sending payload 631/2160 | Order Number: V4063007633
2026-06-30 21:23:33,825 - INFO - ThreadPoolExecutor-0_5 - [PROD] Payload 622/2160 sent successfully. Status Code: 200
2026-06-30 21:23:33,827 - INFO - ThreadPoolExecutor-0_5 - [PROD] Sending payload 632/2160 | Order Number: V4063007634
2026-06-30 21:23:33,988 - INFO - ThreadPoolExecutor-0_4 - [PROD] Payload 623/2160 sent successfully. Status Code: 200
2026-06-30 21:23:33,990 - INFO - ThreadPoolExecutor-0_4 - [PROD] Sending payload 633/2160 | Order Number: V4063007635
2026-06-30 21:23:34,158 - INFO - ThreadPoolExecutor-0_0 - [PROD] Payload 624/2160 sent successfully. Status Code: 200
2026-06-30 21:23:34,160 - INFO - ThreadPoolExecutor-0_0 - [PROD] Sending payload 634/2160 | Order Number: V4063007636
2026-06-30 21:23:34,299 - INFO - ThreadPoolExecutor-0_9 - [PROD] Payload 625/2160 sent successfully. Status Code: 200
2026-06-30 21:23:34,301 - INFO - ThreadPoolExecutor-0_9 - [PROD] Sending payload 635/2160 | Order Number: V4063007637
2026-06-30 21:23:34,551 - INFO - ThreadPoolExecutor-0_3 - [PROD] Payload 626/2160 sent successfully. Status Code: 200
2026-06-30 21:23:34,556 - INFO - ThreadPoolExecutor-0_3 - [PROD] Sending payload 636/2160 | Order Number: V4063007638
2026-06-30 21:23:34,734 - INFO - ThreadPoolExecutor-0_1 - [PROD] Payload 627/2160 sent successfully. Status Code: 200
2026-06-30 21:23:34,735 - INFO - ThreadPoolExecutor-0_1 - [PROD] Sending payload 637/2160 | Order Number: V4063007639
2026-06-30 21:23:35,082 - INFO - ThreadPoolExecutor-0_2 - [PROD] Payload 628/2160 sent successfully. Status Code: 200
2026-06-30 21:23:35,084 - INFO - ThreadPoolExecutor-0_2 - [PROD] Sending payload 638/2160 | Order Number: V4063007640
2026-06-30 21:23:35,279 - INFO - ThreadPoolExecutor-0_7 - [PROD] Payload 629/2160 sent successfully. Status Code: 200
2026-06-30 21:23:35,279 - INFO - ThreadPoolExecutor-0_7 - [PROD] Sending payload 639/2160 | Order Number: V4063007641
2026-06-30 21:23:35,548 - INFO - ThreadPoolExecutor-0_8 - [PROD] Payload 631/2160 sent successfully. Status Code: 200
2026-06-30 21:23:35,550 - INFO - ThreadPoolExecutor-0_8 - [PROD] Sending payload 640/2160 | Order Number: V4063007642
2026-06-30 21:23:35,570 - INFO - ThreadPoolExecutor-0_6 - [PROD] Payload 630/2160 sent successfully. Status Code: 200
2026-06-30 21:23:35,570 - INFO - ThreadPoolExecutor-0_6 - [PROD] Sending payload 641/2160 | Order Number: V4063007643
2026-06-30 21:23:35,750 - INFO - ThreadPoolExecutor-0_5 - [PROD] Payload 632/2160 sent successfully. Status Code: 200
2026-06-30 21:23:35,751 - INFO - ThreadPoolExecutor-0_5 - [PROD] Sending payload 642/2160 | Order Number: V4063007644
2026-06-30 21:23:35,903 - INFO - ThreadPoolExecutor-0_4 - [PROD] Payload 633/2160 sent successfully. Status Code: 200
2026-06-30 21:23:35,903 - INFO - ThreadPoolExecutor-0_4 - [PROD] Sending payload 643/2160 | Order Number: V4063007645
2026-06-30 21:23:36,024 - INFO - ThreadPoolExecutor-0_0 - [PROD] Payload 634/2160 sent successfully. Status Code: 200
2026-06-30 21:23:36,029 - INFO - ThreadPoolExecutor-0_0 - [PROD] Sending payload 644/2160 | Order Number: V4063007646
2026-06-30 21:23:36,134 - INFO - ThreadPoolExecutor-0_9 - [PROD] Payload 635/2160 sent successfully. Status Code: 200
2026-06-30 21:23:36,136 - INFO - ThreadPoolExecutor-0_9 - [PROD] Sending payload 645/2160 | Order Number: V4063007647
2026-06-30 21:23:36,369 - INFO - ThreadPoolExecutor-0_3 - [PROD] Payload 636/2160 sent successfully. Status Code: 200
2026-06-30 21:23:36,371 - INFO - ThreadPoolExecutor-0_3 - [PROD] Sending payload 646/2160 | Order Number: V4063007648
2026-06-30 21:23:36,550 - INFO - ThreadPoolExecutor-0_1 - [PROD] Payload 637/2160 sent successfully. Status Code: 200
2026-06-30 21:23:36,552 - INFO - ThreadPoolExecutor-0_1 - [PROD] Sending payload 647/2160 | Order Number: V4063007649
2026-06-30 21:23:36,887 - INFO - ThreadPoolExecutor-0_2 - [PROD] Payload 638/2160 sent successfully. Status Code: 200
2026-06-30 21:23:36,889 - INFO - ThreadPoolExecutor-0_2 - [PROD] Sending payload 648/2160 | Order Number: V4063007650
2026-06-30 21:23:37,084 - INFO - ThreadPoolExecutor-0_7 - [PROD] Payload 639/2160 sent successfully. Status Code: 200
2026-06-30 21:23:37,085 - INFO - ThreadPoolExecutor-0_7 - [PROD] Sending payload 649/2160 | Order Number: V4063007651
2026-06-30 21:23:37,379 - INFO - ThreadPoolExecutor-0_6 - [PROD] Payload 641/2160 sent successfully. Status Code: 200
2026-06-30 21:23:37,380 - INFO - ThreadPoolExecutor-0_6 - [PROD] Sending payload 650/2160 | Order Number: V4063007652
2026-06-30 21:23:37,494 - INFO - ThreadPoolExecutor-0_8 - [PROD] Payload 640/2160 sent successfully. Status Code: 200
2026-06-30 21:23:37,496 - INFO - ThreadPoolExecutor-0_8 - [PROD] Sending payload 651/2160 | Order Number: V4063007653
2026-06-30 21:23:37,753 - INFO - ThreadPoolExecutor-0_4 - [PROD] Payload 643/2160 sent successfully. Status Code: 200
2026-06-30 21:23:37,754 - INFO - ThreadPoolExecutor-0_4 - [PROD] Sending payload 652/2160 | Order Number: V4063007654
2026-06-30 21:23:38,045 - INFO - ThreadPoolExecutor-0_0 - [PROD] Payload 644/2160 sent successfully. Status Code: 200
2026-06-30 21:23:38,048 - INFO - ThreadPoolExecutor-0_0 - [PROD] Sending payload 653/2160 | Order Number: V4063007655
2026-06-30 21:23:38,076 - INFO - ThreadPoolExecutor-0_9 - [PROD] Payload 645/2160 sent successfully. Status Code: 200
2026-06-30 21:23:38,077 - INFO - ThreadPoolExecutor-0_9 - [PROD] Sending payload 654/2160 | Order Number: V4063007656
2026-06-30 21:23:38,219 - INFO - ThreadPoolExecutor-0_3 - [PROD] Payload 646/2160 sent successfully. Status Code: 200
2026-06-30 21:23:38,221 - INFO - ThreadPoolExecutor-0_3 - [PROD] Sending payload 655/2160 | Order Number: V4063007657
2026-06-30 21:23:38,382 - INFO - ThreadPoolExecutor-0_1 - [PROD] Payload 647/2160 sent successfully. Status Code: 200
2026-06-30 21:23:38,384 - INFO - ThreadPoolExecutor-0_1 - [PROD] Sending payload 656/2160 | Order Number: V4063007658
2026-06-30 21:23:38,583 - INFO - ThreadPoolExecutor-0_5 - [PROD] Payload 642/2160 sent successfully. Status Code: 200
2026-06-30 21:23:38,587 - INFO - ThreadPoolExecutor-0_5 - [PROD] Sending payload 657/2160 | Order Number: V4063007659
2026-06-30 21:23:38,672 - INFO - ThreadPoolExecutor-0_2 - [PROD] Payload 648/2160 sent successfully. Status Code: 200
2026-06-30 21:23:38,674 - INFO - ThreadPoolExecutor-0_2 - [PROD] Sending payload 658/2160 | Order Number: V4063007660
2026-06-30 21:23:38,946 - INFO - ThreadPoolExecutor-0_7 - [PROD] Payload 649/2160 sent successfully. Status Code: 200
2026-06-30 21:23:38,949 - INFO - ThreadPoolExecutor-0_7 - [PROD] Sending payload 659/2160 | Order Number: V4063007661
2026-06-30 21:23:39,174 - INFO - ThreadPoolExecutor-0_6 - [PROD] Payload 650/2160 sent successfully. Status Code: 200
2026-06-30 21:23:39,176 - INFO - ThreadPoolExecutor-0_6 - [PROD] Sending payload 660/2160 | Order Number: V4063007662
2026-06-30 21:23:39,337 - INFO - ThreadPoolExecutor-0_8 - [PROD] Payload 651/2160 sent successfully. Status Code: 200
2026-06-30 21:23:39,339 - INFO - ThreadPoolExecutor-0_8 - [PROD] Sending payload 661/2160 | Order Number: V4063007663
2026-06-30 21:23:39,591 - INFO - ThreadPoolExecutor-0_4 - [PROD] Payload 652/2160 sent successfully. Status Code: 200
2026-06-30 21:23:39,593 - INFO - ThreadPoolExecutor-0_4 - [PROD] Sending payload 662/2160 | Order Number: V4063007664
2026-06-30 21:23:40,078 - INFO - ThreadPoolExecutor-0_3 - [PROD] Payload 655/2160 sent successfully. Status Code: 200
2026-06-30 21:23:40,080 - INFO - ThreadPoolExecutor-0_3 - [PROD] Sending payload 663/2160 | Order Number: V4063007665
2026-06-30 21:23:40,081 - INFO - ThreadPoolExecutor-0_0 - [PROD] Payload 653/2160 sent successfully. Status Code: 200
2026-06-30 21:23:40,083 - INFO - ThreadPoolExecutor-0_0 - [PROD] Sending payload 664/2160 | Order Number: V4063007666
2026-06-30 21:23:40,276 - INFO - ThreadPoolExecutor-0_9 - [PROD] Payload 654/2160 sent successfully. Status Code: 200
2026-06-30 21:23:40,279 - INFO - ThreadPoolExecutor-0_9 - [PROD] Sending payload 665/2160 | Order Number: V4063007667
2026-06-30 21:23:40,330 - INFO - ThreadPoolExecutor-0_1 - [PROD] Payload 656/2160 sent successfully. Status Code: 200
2026-06-30 21:23:40,330 - INFO - ThreadPoolExecutor-0_1 - [PROD] Sending payload 666/2160 | Order Number: V4063007668
2026-06-30 21:23:40,624 - INFO - ThreadPoolExecutor-0_5 - [PROD] Payload 657/2160 sent successfully. Status Code: 200
2026-06-30 21:23:40,626 - INFO - ThreadPoolExecutor-0_5 - [PROD] Sending payload 667/2160 | Order Number: V4063007669
2026-06-30 21:23:40,735 - INFO - ThreadPoolExecutor-0_2 - [PROD] Payload 658/2160 sent successfully. Status Code: 200
2026-06-30 21:23:40,737 - INFO - ThreadPoolExecutor-0_2 - [PROD] Sending payload 668/2160 | Order Number: V4063007670
2026-06-30 21:23:40,788 - INFO - ThreadPoolExecutor-0_7 - [PROD] Payload 659/2160 sent successfully. Status Code: 200
2026-06-30 21:23:40,789 - INFO - ThreadPoolExecutor-0_7 - [PROD] Sending payload 669/2160 | Order Number: V4063007671
2026-06-30 21:23:41,065 - INFO - ThreadPoolExecutor-0_6 - [PROD] Payload 660/2160 sent successfully. Status Code: 200
2026-06-30 21:23:41,067 - INFO - ThreadPoolExecutor-0_6 - [PROD] Sending payload 670/2160 | Order Number: V4063007672
2026-06-30 21:23:41,250 - INFO - ThreadPoolExecutor-0_8 - [PROD] Payload 661/2160 sent successfully. Status Code: 200
2026-06-30 21:23:41,252 - INFO - ThreadPoolExecutor-0_8 - [PROD] Sending payload 671/2160 | Order Number: V4063007673
2026-06-30 21:23:41,782 - INFO - ThreadPoolExecutor-0_4 - [PROD] Payload 662/2160 sent successfully. Status Code: 200
2026-06-30 21:23:41,782 - INFO - ThreadPoolExecutor-0_4 - [PROD] Sending payload 672/2160 | Order Number: V4063007674
2026-06-30 21:23:42,212 - INFO - ThreadPoolExecutor-0_3 - [PROD] Payload 663/2160 sent successfully. Status Code: 200
2026-06-30 21:23:42,214 - INFO - ThreadPoolExecutor-0_3 - [PROD] Sending payload 673/2160 | Order Number: V4063007675
2026-06-30 21:23:42,244 - INFO - ThreadPoolExecutor-0_9 - [PROD] Payload 665/2160 sent successfully. Status Code: 200
2026-06-30 21:23:42,245 - INFO - ThreadPoolExecutor-0_9 - [PROD] Sending payload 674/2160 | Order Number: V4063007676
2026-06-30 21:23:42,354 - INFO - ThreadPoolExecutor-0_0 - [PROD] Payload 664/2160 sent successfully. Status Code: 200
2026-06-30 21:23:42,355 - INFO - ThreadPoolExecutor-0_0 - [PROD] Sending payload 675/2160 | Order Number: V4063007677
2026-06-30 21:23:42,426 - INFO - ThreadPoolExecutor-0_1 - [PROD] Payload 666/2160 sent successfully. Status Code: 200
2026-06-30 21:23:42,426 - INFO - ThreadPoolExecutor-0_1 - [PROD] Sending payload 676/2160 | Order Number: V4063007678
2026-06-30 21:23:42,557 - INFO - ThreadPoolExecutor-0_5 - [PROD] Payload 667/2160 sent successfully. Status Code: 200
2026-06-30 21:23:42,559 - INFO - ThreadPoolExecutor-0_5 - [PROD] Sending payload 677/2160 | Order Number: V4063007679
2026-06-30 21:23:42,795 - INFO - ThreadPoolExecutor-0_7 - [PROD] Payload 669/2160 sent successfully. Status Code: 200
2026-06-30 21:23:42,798 - INFO - ThreadPoolExecutor-0_7 - [PROD] Sending payload 678/2160 | Order Number: V4063007680
2026-06-30 21:23:42,898 - INFO - ThreadPoolExecutor-0_6 - [PROD] Payload 670/2160 sent successfully. Status Code: 200
2026-06-30 21:23:42,899 - INFO - ThreadPoolExecutor-0_6 - [PROD] Sending payload 679/2160 | Order Number: V4063007681
2026-06-30 21:23:42,986 - INFO - ThreadPoolExecutor-0_2 - [PROD] Payload 668/2160 sent successfully. Status Code: 200
2026-06-30 21:23:42,988 - INFO - ThreadPoolExecutor-0_2 - [PROD] Sending payload 680/2160 | Order Number: V4063007682
2026-06-30 21:23:43,163 - INFO - ThreadPoolExecutor-0_8 - [PROD] Payload 671/2160 sent successfully. Status Code: 200
2026-06-30 21:23:43,165 - INFO - ThreadPoolExecutor-0_8 - [PROD] Sending payload 681/2160 | Order Number: V4063007683
2026-06-30 21:23:43,659 - INFO - ThreadPoolExecutor-0_4 - [PROD] Payload 672/2160 sent successfully. Status Code: 200
2026-06-30 21:23:43,661 - INFO - ThreadPoolExecutor-0_4 - [PROD] Sending payload 682/2160 | Order Number: V4063007684
2026-06-30 21:23:44,201 - INFO - ThreadPoolExecutor-0_9 - [PROD] Payload 674/2160 sent successfully. Status Code: 200
2026-06-30 21:23:44,201 - INFO - ThreadPoolExecutor-0_9 - [PROD] Sending payload 683/2160 | Order Number: V4063007685
2026-06-30 21:23:44,256 - INFO - ThreadPoolExecutor-0_0 - [PROD] Payload 675/2160 sent successfully. Status Code: 200
2026-06-30 21:23:44,257 - INFO - ThreadPoolExecutor-0_0 - [PROD] Sending payload 684/2160 | Order Number: V4063007686
2026-06-30 21:23:44,373 - INFO - ThreadPoolExecutor-0_5 - [PROD] Payload 677/2160 sent successfully. Status Code: 200
2026-06-30 21:23:44,374 - INFO - ThreadPoolExecutor-0_3 - [PROD] Payload 673/2160 sent successfully. Status Code: 200
2026-06-30 21:23:44,375 - INFO - ThreadPoolExecutor-0_5 - [PROD] Sending payload 685/2160 | Order Number: V4063007687
2026-06-30 21:23:44,375 - INFO - ThreadPoolExecutor-0_3 - [PROD] Sending payload 686/2160 | Order Number: V4063007688
2026-06-30 21:23:44,468 - INFO - ThreadPoolExecutor-0_1 - [PROD] Payload 676/2160 sent successfully. Status Code: 200
2026-06-30 21:23:44,470 - INFO - ThreadPoolExecutor-0_1 - [PROD] Sending payload 687/2160 | Order Number: V4063007689
2026-06-30 21:23:44,718 - INFO - ThreadPoolExecutor-0_6 - [PROD] Payload 679/2160 sent successfully. Status Code: 200
2026-06-30 21:23:44,719 - INFO - ThreadPoolExecutor-0_6 - [PROD] Sending payload 688/2160 | Order Number: V4063007690
2026-06-30 21:23:44,736 - INFO - ThreadPoolExecutor-0_7 - [PROD] Payload 678/2160 sent successfully. Status Code: 200
2026-06-30 21:23:44,737 - INFO - ThreadPoolExecutor-0_7 - [PROD] Sending payload 689/2160 | Order Number: V4063007691
2026-06-30 21:23:44,823 - INFO - ThreadPoolExecutor-0_2 - [PROD] Payload 680/2160 sent successfully. Status Code: 200
2026-06-30 21:23:44,825 - INFO - ThreadPoolExecutor-0_2 - [PROD] Sending payload 690/2160 | Order Number: V4063007692
2026-06-30 21:23:45,156 - INFO - ThreadPoolExecutor-0_8 - [PROD] Payload 681/2160 sent successfully. Status Code: 200
2026-06-30 21:23:45,158 - INFO - ThreadPoolExecutor-0_8 - [PROD] Sending payload 691/2160 | Order Number: V4063007693
2026-06-30 21:23:45,571 - INFO - ThreadPoolExecutor-0_4 - [PROD] Payload 682/2160 sent successfully. Status Code: 200
2026-06-30 21:23:45,573 - INFO - ThreadPoolExecutor-0_4 - [PROD] Sending payload 692/2160 | Order Number: V4063007694
2026-06-30 21:23:46,096 - INFO - ThreadPoolExecutor-0_9 - [PROD] Payload 683/2160 sent successfully. Status Code: 200
2026-06-30 21:23:46,097 - INFO - ThreadPoolExecutor-0_9 - [PROD] Sending payload 693/2160 | Order Number: V4063007695
2026-06-30 21:23:46,216 - INFO - ThreadPoolExecutor-0_0 - [PROD] Payload 684/2160 sent successfully. Status Code: 200
2026-06-30 21:23:46,218 - INFO - ThreadPoolExecutor-0_0 - [PROD] Sending payload 694/2160 | Order Number: V4063007696
2026-06-30 21:23:46,256 - INFO - ThreadPoolExecutor-0_3 - [PROD] Payload 686/2160 sent successfully. Status Code: 200
2026-06-30 21:23:46,257 - INFO - ThreadPoolExecutor-0_3 - [PROD] Sending payload 695/2160 | Order Number: V4063007697
2026-06-30 21:23:46,271 - INFO - ThreadPoolExecutor-0_5 - [PROD] Payload 685/2160 sent successfully. Status Code: 200
2026-06-30 21:23:46,271 - INFO - ThreadPoolExecutor-0_5 - [PROD] Sending payload 696/2160 | Order Number: V4063007698
2026-06-30 21:23:46,410 - INFO - ThreadPoolExecutor-0_1 - [PROD] Payload 687/2160 sent successfully. Status Code: 200
2026-06-30 21:23:46,412 - INFO - ThreadPoolExecutor-0_1 - [PROD] Sending payload 697/2160 | Order Number: V4063007699
2026-06-30 21:23:46,565 - INFO - ThreadPoolExecutor-0_6 - [PROD] Payload 688/2160 sent successfully. Status Code: 200
2026-06-30 21:23:46,568 - INFO - ThreadPoolExecutor-0_6 - [PROD] Sending payload 698/2160 | Order Number: V4063007700
2026-06-30 21:23:46,709 - INFO - ThreadPoolExecutor-0_7 - [PROD] Payload 689/2160 sent successfully. Status Code: 200
2026-06-30 21:23:46,711 - INFO - ThreadPoolExecutor-0_7 - [PROD] Sending payload 699/2160 | Order Number: V4063007701
2026-06-30 21:23:46,734 - INFO - ThreadPoolExecutor-0_2 - [PROD] Payload 690/2160 sent successfully. Status Code: 200
2026-06-30 21:23:46,735 - INFO - ThreadPoolExecutor-0_2 - [PROD] Sending payload 700/2160 | Order Number: V4063007702
2026-06-30 21:23:47,012 - INFO - ThreadPoolExecutor-0_8 - [PROD] Payload 691/2160 sent successfully. Status Code: 200
2026-06-30 21:23:47,014 - INFO - ThreadPoolExecutor-0_8 - [PROD] Sending payload 701/2160 | Order Number: V4063007703
2026-06-30 21:23:47,439 - INFO - ThreadPoolExecutor-0_4 - [PROD] Payload 692/2160 sent successfully. Status Code: 200
2026-06-30 21:23:47,441 - INFO - ThreadPoolExecutor-0_4 - [PROD] Sending payload 702/2160 | Order Number: V4063007704
2026-06-30 21:23:48,050 - INFO - ThreadPoolExecutor-0_3 - [PROD] Payload 695/2160 sent successfully. Status Code: 200
2026-06-30 21:23:48,051 - INFO - ThreadPoolExecutor-0_3 - [PROD] Sending payload 703/2160 | Order Number: V4063007705
2026-06-30 21:23:48,091 - INFO - ThreadPoolExecutor-0_0 - [PROD] Payload 694/2160 sent successfully. Status Code: 200
2026-06-30 21:23:48,092 - INFO - ThreadPoolExecutor-0_0 - [PROD] Sending payload 704/2160 | Order Number: V4063007706
2026-06-30 21:23:48,104 - INFO - ThreadPoolExecutor-0_9 - [PROD] Payload 693/2160 sent successfully. Status Code: 200
2026-06-30 21:23:48,105 - INFO - ThreadPoolExecutor-0_9 - [PROD] Sending payload 705/2160 | Order Number: V4063007707
2026-06-30 21:23:48,285 - INFO - ThreadPoolExecutor-0_5 - [PROD] Payload 696/2160 sent successfully. Status Code: 200
2026-06-30 21:23:48,286 - INFO - ThreadPoolExecutor-0_5 - [PROD] Sending payload 706/2160 | Order Number: V4063007708
2026-06-30 21:23:48,379 - INFO - ThreadPoolExecutor-0_1 - [PROD] Payload 697/2160 sent successfully. Status Code: 200
2026-06-30 21:23:48,381 - INFO - ThreadPoolExecutor-0_1 - [PROD] Sending payload 707/2160 | Order Number: V4063007709
2026-06-30 21:23:48,398 - INFO - ThreadPoolExecutor-0_6 - [PROD] Payload 698/2160 sent successfully. Status Code: 200
2026-06-30 21:23:48,398 - INFO - ThreadPoolExecutor-0_6 - [PROD] Sending payload 708/2160 | Order Number: V4063007710
2026-06-30 21:23:48,574 - INFO - ThreadPoolExecutor-0_2 - [PROD] Payload 700/2160 sent successfully. Status Code: 200
2026-06-30 21:23:48,575 - INFO - ThreadPoolExecutor-0_2 - [PROD] Sending payload 709/2160 | Order Number: V4063007711
2026-06-30 21:23:48,607 - INFO - ThreadPoolExecutor-0_7 - [PROD] Payload 699/2160 sent successfully. Status Code: 200
2026-06-30 21:23:48,607 - INFO - ThreadPoolExecutor-0_7 - [PROD] Sending payload 710/2160 | Order Number: V4063007712
2026-06-30 21:23:48,845 - INFO - ThreadPoolExecutor-0_8 - [PROD] Payload 701/2160 sent successfully. Status Code: 200
2026-06-30 21:23:48,847 - INFO - ThreadPoolExecutor-0_8 - [PROD] Sending payload 711/2160 | Order Number: V4063007713
2026-06-30 21:23:49,296 - INFO - ThreadPoolExecutor-0_4 - [PROD] Payload 702/2160 sent successfully. Status Code: 200
2026-06-30 21:23:49,298 - INFO - ThreadPoolExecutor-0_4 - [PROD] Sending payload 712/2160 | Order Number: V4063007714
2026-06-30 21:23:50,009 - INFO - ThreadPoolExecutor-0_3 - [PROD] Payload 703/2160 sent successfully. Status Code: 200
2026-06-30 21:23:50,010 - INFO - ThreadPoolExecutor-0_0 - [PROD] Payload 704/2160 sent successfully. Status Code: 200
2026-06-30 21:23:50,011 - INFO - ThreadPoolExecutor-0_0 - [PROD] Sending payload 713/2160 | Order Number: V4063007715
2026-06-30 21:23:50,012 - INFO - ThreadPoolExecutor-0_3 - [PROD] Sending payload 714/2160 | Order Number: V4063007716
2026-06-30 21:23:50,030 - INFO - ThreadPoolExecutor-0_9 - [PROD] Payload 705/2160 sent successfully. Status Code: 200
2026-06-30 21:23:50,031 - INFO - ThreadPoolExecutor-0_9 - [PROD] Sending payload 715/2160 | Order Number: V4063007717
2026-06-30 21:23:50,251 - INFO - ThreadPoolExecutor-0_5 - [PROD] Payload 706/2160 sent successfully. Status Code: 200
2026-06-30 21:23:50,252 - INFO - ThreadPoolExecutor-0_5 - [PROD] Sending payload 716/2160 | Order Number: V4063007718
2026-06-30 21:23:50,254 - INFO - ThreadPoolExecutor-0_1 - [PROD] Payload 707/2160 sent successfully. Status Code: 200
2026-06-30 21:23:50,255 - INFO - ThreadPoolExecutor-0_1 - [PROD] Sending payload 717/2160 | Order Number: V4063007719
2026-06-30 21:23:50,429 - INFO - ThreadPoolExecutor-0_6 - [PROD] Payload 708/2160 sent successfully. Status Code: 200
2026-06-30 21:23:50,430 - INFO - ThreadPoolExecutor-0_6 - [PROD] Sending payload 718/2160 | Order Number: V4063007720
2026-06-30 21:23:50,621 - INFO - ThreadPoolExecutor-0_7 - [PROD] Payload 710/2160 sent successfully. Status Code: 200
2026-06-30 21:23:50,623 - INFO - ThreadPoolExecutor-0_7 - [PROD] Sending payload 719/2160 | Order Number: V4063007721
2026-06-30 21:23:50,626 - INFO - ThreadPoolExecutor-0_2 - [PROD] Payload 709/2160 sent successfully. Status Code: 200
2026-06-30 21:23:50,627 - INFO - ThreadPoolExecutor-0_2 - [PROD] Sending payload 720/2160 | Order Number: V4063007722
2026-06-30 21:23:50,828 - INFO - ThreadPoolExecutor-0_8 - [PROD] Payload 711/2160 sent successfully. Status Code: 200
2026-06-30 21:23:50,830 - INFO - ThreadPoolExecutor-0_8 - [PROD] Sending payload 721/2160 | Order Number: V4063007723
2026-06-30 21:23:51,136 - INFO - ThreadPoolExecutor-0_4 - [PROD] Payload 712/2160 sent successfully. Status Code: 200
2026-06-30 21:23:51,138 - INFO - ThreadPoolExecutor-0_4 - [PROD] Sending payload 722/2160 | Order Number: V4063007724
2026-06-30 21:23:51,849 - INFO - ThreadPoolExecutor-0_3 - [PROD] Payload 714/2160 sent successfully. Status Code: 200
2026-06-30 21:23:51,850 - INFO - ThreadPoolExecutor-0_3 - [PROD] Sending payload 723/2160 | Order Number: V4063007725
2026-06-30 21:23:51,911 - INFO - ThreadPoolExecutor-0_0 - [PROD] Payload 713/2160 sent successfully. Status Code: 200
2026-06-30 21:23:51,912 - INFO - ThreadPoolExecutor-0_0 - [PROD] Sending payload 724/2160 | Order Number: V4063007726
2026-06-30 21:23:52,065 - INFO - ThreadPoolExecutor-0_1 - [PROD] Payload 717/2160 sent successfully. Status Code: 200
2026-06-30 21:23:52,066 - INFO - ThreadPoolExecutor-0_1 - [PROD] Sending payload 725/2160 | Order Number: V4063007727
2026-06-30 21:23:52,087 - INFO - ThreadPoolExecutor-0_9 - [PROD] Payload 715/2160 sent successfully. Status Code: 200
2026-06-30 21:23:52,089 - INFO - ThreadPoolExecutor-0_9 - [PROD] Sending payload 726/2160 | Order Number: V4063007728
2026-06-30 21:23:52,399 - INFO - ThreadPoolExecutor-0_6 - [PROD] Payload 718/2160 sent successfully. Status Code: 200
2026-06-30 21:23:52,401 - INFO - ThreadPoolExecutor-0_6 - [PROD] Sending payload 727/2160 | Order Number: V4063007729
2026-06-30 21:23:52,481 - INFO - ThreadPoolExecutor-0_7 - [PROD] Payload 719/2160 sent successfully. Status Code: 200
2026-06-30 21:23:52,482 - INFO - ThreadPoolExecutor-0_7 - [PROD] Sending payload 728/2160 | Order Number: V4063007730
2026-06-30 21:23:52,666 - INFO - ThreadPoolExecutor-0_8 - [PROD] Payload 721/2160 sent successfully. Status Code: 200
2026-06-30 21:23:52,668 - INFO - ThreadPoolExecutor-0_8 - [PROD] Sending payload 729/2160 | Order Number: V4063007731
2026-06-30 21:23:52,685 - INFO - ThreadPoolExecutor-0_2 - [PROD] Payload 720/2160 sent successfully. Status Code: 200
2026-06-30 21:23:52,686 - INFO - ThreadPoolExecutor-0_2 - [PROD] Sending payload 730/2160 | Order Number: V4063007732
2026-06-30 21:23:52,732 - INFO - ThreadPoolExecutor-0_5 - [PROD] Payload 716/2160 sent successfully. Status Code: 200
2026-06-30 21:23:52,733 - INFO - ThreadPoolExecutor-0_5 - [PROD] Sending payload 731/2160 | Order Number: V4063007733
2026-06-30 21:23:53,642 - INFO - ThreadPoolExecutor-0_4 - [PROD] Payload 722/2160 sent successfully. Status Code: 200
2026-06-30 21:23:53,644 - INFO - ThreadPoolExecutor-0_4 - [PROD] Sending payload 732/2160 | Order Number: V4063007734
2026-06-30 21:23:53,701 - INFO - ThreadPoolExecutor-0_3 - [PROD] Payload 723/2160 sent successfully. Status Code: 200
2026-06-30 21:23:53,702 - INFO - ThreadPoolExecutor-0_3 - [PROD] Sending payload 733/2160 | Order Number: V4063007735
2026-06-30 21:23:53,966 - INFO - ThreadPoolExecutor-0_1 - [PROD] Payload 725/2160 sent successfully. Status Code: 200
2026-06-30 21:23:53,968 - INFO - ThreadPoolExecutor-0_1 - [PROD] Sending payload 734/2160 | Order Number: V4063007736
2026-06-30 21:23:54,000 - INFO - ThreadPoolExecutor-0_9 - [PROD] Payload 726/2160 sent successfully. Status Code: 200
2026-06-30 21:23:54,001 - INFO - ThreadPoolExecutor-0_9 - [PROD] Sending payload 735/2160 | Order Number: V4063007737
2026-06-30 21:23:54,371 - INFO - ThreadPoolExecutor-0_6 - [PROD] Payload 727/2160 sent successfully. Status Code: 200
2026-06-30 21:23:54,373 - INFO - ThreadPoolExecutor-0_6 - [PROD] Sending payload 736/2160 | Order Number: V4063007738
2026-06-30 21:23:54,457 - INFO - ThreadPoolExecutor-0_0 - [PROD] Payload 724/2160 sent successfully. Status Code: 200
2026-06-30 21:23:54,458 - INFO - ThreadPoolExecutor-0_0 - [PROD] Sending payload 737/2160 | Order Number: V4063007739
2026-06-30 21:23:54,560 - INFO - ThreadPoolExecutor-0_2 - [PROD] Payload 730/2160 sent successfully. Status Code: 200
2026-06-30 21:23:54,563 - INFO - ThreadPoolExecutor-0_2 - [PROD] Sending payload 738/2160 | Order Number: V4063007740
2026-06-30 21:23:54,724 - INFO - ThreadPoolExecutor-0_7 - [PROD] Payload 728/2160 sent successfully. Status Code: 200
2026-06-30 21:23:54,727 - INFO - ThreadPoolExecutor-0_7 - [PROD] Sending payload 739/2160 | Order Number: V4063007741
2026-06-30 21:23:54,808 - INFO - ThreadPoolExecutor-0_8 - [PROD] Payload 729/2160 sent successfully. Status Code: 200
2026-06-30 21:23:54,811 - INFO - ThreadPoolExecutor-0_8 - [PROD] Sending payload 740/2160 | Order Number: V4063007742
2026-06-30 21:23:54,975 - INFO - ThreadPoolExecutor-0_5 - [PROD] Payload 731/2160 sent successfully. Status Code: 200
2026-06-30 21:23:54,977 - INFO - ThreadPoolExecutor-0_5 - [PROD] Sending payload 741/2160 | Order Number: V4063007743
2026-06-30 21:23:55,842 - INFO - ThreadPoolExecutor-0_1 - [PROD] Payload 734/2160 sent successfully. Status Code: 200
2026-06-30 21:23:55,844 - INFO - ThreadPoolExecutor-0_1 - [PROD] Sending payload 742/2160 | Order Number: V4063007744
2026-06-30 21:23:56,149 - INFO - ThreadPoolExecutor-0_4 - [PROD] Payload 732/2160 sent successfully. Status Code: 200
2026-06-30 21:23:56,149 - INFO - ThreadPoolExecutor-0_4 - [PROD] Sending payload 743/2160 | Order Number: V4063007745
2026-06-30 21:23:56,230 - INFO - ThreadPoolExecutor-0_9 - [PROD] Payload 735/2160 sent successfully. Status Code: 200
2026-06-30 21:23:56,232 - INFO - ThreadPoolExecutor-0_9 - [PROD] Sending payload 744/2160 | Order Number: V4063007746
2026-06-30 21:23:56,340 - INFO - ThreadPoolExecutor-0_3 - [PROD] Payload 733/2160 sent successfully. Status Code: 200
2026-06-30 21:23:56,341 - INFO - ThreadPoolExecutor-0_6 - [PROD] Payload 736/2160 sent successfully. Status Code: 200
2026-06-30 21:23:56,342 - INFO - ThreadPoolExecutor-0_3 - [PROD] Sending payload 745/2160 | Order Number: V4063007747
2026-06-30 21:23:56,343 - INFO - ThreadPoolExecutor-0_6 - [PROD] Sending payload 746/2160 | Order Number: V4063007748
2026-06-30 21:23:56,516 - INFO - ThreadPoolExecutor-0_0 - [PROD] Payload 737/2160 sent successfully. Status Code: 200
2026-06-30 21:23:56,519 - INFO - ThreadPoolExecutor-0_0 - [PROD] Sending payload 747/2160 | Order Number: V4063007749
2026-06-30 21:23:56,701 - INFO - ThreadPoolExecutor-0_7 - [PROD] Payload 739/2160 sent successfully. Status Code: 200
2026-06-30 21:23:56,703 - INFO - ThreadPoolExecutor-0_7 - [PROD] Sending payload 748/2160 | Order Number: V4063007750
2026-06-30 21:23:56,838 - INFO - ThreadPoolExecutor-0_5 - [PROD] Payload 741/2160 sent successfully. Status Code: 200
2026-06-30 21:23:56,840 - INFO - ThreadPoolExecutor-0_5 - [PROD] Sending payload 749/2160 | Order Number: V4063007751
2026-06-30 21:23:56,886 - INFO - ThreadPoolExecutor-0_2 - [PROD] Payload 738/2160 sent successfully. Status Code: 200
2026-06-30 21:23:56,886 - INFO - ThreadPoolExecutor-0_2 - [PROD] Sending payload 750/2160 | Order Number: V4063007752
2026-06-30 21:23:57,795 - INFO - ThreadPoolExecutor-0_1 - [PROD] Payload 742/2160 sent successfully. Status Code: 200
2026-06-30 21:23:57,796 - INFO - ThreadPoolExecutor-0_1 - [PROD] Sending payload 751/2160 | Order Number: V4063007753
2026-06-30 21:23:57,843 - INFO - ThreadPoolExecutor-0_8 - [PROD] Payload 740/2160 sent successfully. Status Code: 200
2026-06-30 21:23:57,843 - INFO - ThreadPoolExecutor-0_8 - [PROD] Sending payload 752/2160 | Order Number: V4063007754
2026-06-30 21:23:58,024 - INFO - ThreadPoolExecutor-0_4 - [PROD] Payload 743/2160 sent successfully. Status Code: 200
2026-06-30 21:23:58,025 - INFO - ThreadPoolExecutor-0_4 - [PROD] Sending payload 753/2160 | Order Number: V4063007755
2026-06-30 21:23:58,105 - INFO - ThreadPoolExecutor-0_9 - [PROD] Payload 744/2160 sent successfully. Status Code: 200
2026-06-30 21:23:58,107 - INFO - ThreadPoolExecutor-0_9 - [PROD] Sending payload 754/2160 | Order Number: V4063007756
2026-06-30 21:23:58,183 - INFO - ThreadPoolExecutor-0_3 - [PROD] Payload 745/2160 sent successfully. Status Code: 200
2026-06-30 21:23:58,184 - INFO - ThreadPoolExecutor-0_3 - [PROD] Sending payload 755/2160 | Order Number: V4063007757
2026-06-30 21:23:58,303 - INFO - ThreadPoolExecutor-0_6 - [PROD] Payload 746/2160 sent successfully. Status Code: 200
2026-06-30 21:23:58,305 - INFO - ThreadPoolExecutor-0_6 - [PROD] Sending payload 756/2160 | Order Number: V4063007758
2026-06-30 21:23:58,482 - INFO - ThreadPoolExecutor-0_7 - [PROD] Payload 748/2160 sent successfully. Status Code: 200
2026-06-30 21:23:58,484 - INFO - ThreadPoolExecutor-0_7 - [PROD] Sending payload 757/2160 | Order Number: V4063007759
2026-06-30 21:23:58,511 - INFO - ThreadPoolExecutor-0_0 - [PROD] Payload 747/2160 sent successfully. Status Code: 200
2026-06-30 21:23:58,511 - INFO - ThreadPoolExecutor-0_0 - [PROD] Sending payload 758/2160 | Order Number: V4063007760
2026-06-30 21:23:58,842 - INFO - ThreadPoolExecutor-0_5 - [PROD] Payload 749/2160 sent successfully. Status Code: 200
2026-06-30 21:23:58,844 - INFO - ThreadPoolExecutor-0_5 - [PROD] Sending payload 759/2160 | Order Number: V4063007761
2026-06-30 21:23:58,860 - INFO - ThreadPoolExecutor-0_2 - [PROD] Payload 750/2160 sent successfully. Status Code: 200
2026-06-30 21:23:58,860 - INFO - ThreadPoolExecutor-0_2 - [PROD] Sending payload 760/2160 | Order Number: V4063007762
2026-06-30 21:23:59,738 - INFO - ThreadPoolExecutor-0_8 - [PROD] Payload 752/2160 sent successfully. Status Code: 200
2026-06-30 21:23:59,740 - INFO - ThreadPoolExecutor-0_1 - [PROD] Payload 751/2160 sent successfully. Status Code: 200
2026-06-30 21:23:59,742 - INFO - ThreadPoolExecutor-0_1 - [PROD] Sending payload 762/2160 | Order Number: V4063007764
2026-06-30 21:23:59,741 - INFO - ThreadPoolExecutor-0_8 - [PROD] Sending payload 761/2160 | Order Number: V4063007763
2026-06-30 21:23:59,877 - INFO - ThreadPoolExecutor-0_4 - [PROD] Payload 753/2160 sent successfully. Status Code: 200
2026-06-30 21:23:59,878 - INFO - ThreadPoolExecutor-0_4 - [PROD] Sending payload 763/2160 | Order Number: V4063007765
2026-06-30 21:23:59,966 - INFO - ThreadPoolExecutor-0_9 - [PROD] Payload 754/2160 sent successfully. Status Code: 200
2026-06-30 21:23:59,967 - INFO - ThreadPoolExecutor-0_9 - [PROD] Sending payload 764/2160 | Order Number: V4063007766
2026-06-30 21:24:00,278 - INFO - ThreadPoolExecutor-0_6 - [PROD] Payload 756/2160 sent successfully. Status Code: 200
2026-06-30 21:24:00,280 - INFO - ThreadPoolExecutor-0_6 - [PROD] Sending payload 765/2160 | Order Number: V4063007767
2026-06-30 21:24:00,350 - INFO - ThreadPoolExecutor-0_3 - [PROD] Payload 755/2160 sent successfully. Status Code: 200
2026-06-30 21:24:00,352 - INFO - ThreadPoolExecutor-0_3 - [PROD] Sending payload 766/2160 | Order Number: V4063007768
2026-06-30 21:24:00,452 - INFO - ThreadPoolExecutor-0_7 - [PROD] Payload 757/2160 sent successfully. Status Code: 200
2026-06-30 21:24:00,454 - INFO - ThreadPoolExecutor-0_7 - [PROD] Sending payload 767/2160 | Order Number: V4063007769
2026-06-30 21:24:00,556 - INFO - ThreadPoolExecutor-0_0 - [PROD] Payload 758/2160 sent successfully. Status Code: 200
2026-06-30 21:24:00,557 - INFO - ThreadPoolExecutor-0_0 - [PROD] Sending payload 768/2160 | Order Number: V4063007770
2026-06-30 21:24:00,936 - INFO - ThreadPoolExecutor-0_2 - [PROD] Payload 760/2160 sent successfully. Status Code: 200
2026-06-30 21:24:00,937 - INFO - ThreadPoolExecutor-0_2 - [PROD] Sending payload 769/2160 | Order Number: V4063007771
2026-06-30 21:24:01,885 - INFO - ThreadPoolExecutor-0_1 - [PROD] Payload 762/2160 sent successfully. Status Code: 200
2026-06-30 21:24:01,885 - INFO - ThreadPoolExecutor-0_5 - [PROD] Payload 759/2160 sent successfully. Status Code: 200
2026-06-30 21:24:01,886 - INFO - ThreadPoolExecutor-0_1 - [PROD] Sending payload 770/2160 | Order Number: V4063007772
2026-06-30 21:24:01,887 - INFO - ThreadPoolExecutor-0_5 - [PROD] Sending payload 771/2160 | Order Number: V4063007773
2026-06-30 21:24:01,957 - INFO - ThreadPoolExecutor-0_4 - [PROD] Payload 763/2160 sent successfully. Status Code: 200
2026-06-30 21:24:01,960 - INFO - ThreadPoolExecutor-0_4 - [PROD] Sending payload 772/2160 | Order Number: V4063007774
2026-06-30 21:24:02,096 - INFO - ThreadPoolExecutor-0_6 - [PROD] Payload 765/2160 sent successfully. Status Code: 200
2026-06-30 21:24:02,098 - INFO - ThreadPoolExecutor-0_6 - [PROD] Sending payload 773/2160 | Order Number: V4063007775
2026-06-30 21:24:02,183 - INFO - ThreadPoolExecutor-0_8 - [PROD] Payload 761/2160 sent successfully. Status Code: 200
2026-06-30 21:24:02,185 - INFO - ThreadPoolExecutor-0_8 - [PROD] Sending payload 774/2160 | Order Number: V4063007776
2026-06-30 21:24:02,461 - INFO - ThreadPoolExecutor-0_3 - [PROD] Payload 766/2160 sent successfully. Status Code: 200
2026-06-30 21:24:02,462 - INFO - ThreadPoolExecutor-0_3 - [PROD] Sending payload 775/2160 | Order Number: V4063007777
2026-06-30 21:24:02,601 - INFO - ThreadPoolExecutor-0_7 - [PROD] Payload 767/2160 sent successfully. Status Code: 200
2026-06-30 21:24:02,603 - INFO - ThreadPoolExecutor-0_7 - [PROD] Sending payload 776/2160 | Order Number: V4063007778
2026-06-30 21:24:02,775 - INFO - ThreadPoolExecutor-0_9 - [PROD] Payload 764/2160 sent successfully. Status Code: 200
2026-06-30 21:24:02,777 - INFO - ThreadPoolExecutor-0_9 - [PROD] Sending payload 777/2160 | Order Number: V4063007779
2026-06-30 21:24:03,000 - INFO - ThreadPoolExecutor-0_0 - [PROD] Payload 768/2160 sent successfully. Status Code: 200
2026-06-30 21:24:03,007 - INFO - ThreadPoolExecutor-0_0 - [PROD] Sending payload 778/2160 | Order Number: V4063007780
2026-06-30 21:24:03,018 - INFO - ThreadPoolExecutor-0_2 - [PROD] Payload 769/2160 sent successfully. Status Code: 200
2026-06-30 21:24:03,018 - INFO - ThreadPoolExecutor-0_2 - [PROD] Sending payload 779/2160 | Order Number: V4063007781
2026-06-30 21:24:03,726 - INFO - ThreadPoolExecutor-0_1 - [PROD] Payload 770/2160 sent successfully. Status Code: 200
2026-06-30 21:24:03,726 - INFO - ThreadPoolExecutor-0_1 - [PROD] Sending payload 780/2160 | Order Number: V4063007782
2026-06-30 21:24:03,866 - INFO - ThreadPoolExecutor-0_5 - [PROD] Payload 771/2160 sent successfully. Status Code: 200
2026-06-30 21:24:03,867 - INFO - ThreadPoolExecutor-0_5 - [PROD] Sending payload 781/2160 | Order Number: V4063007783
2026-06-30 21:24:04,024 - INFO - ThreadPoolExecutor-0_8 - [PROD] Payload 774/2160 sent successfully. Status Code: 200
2026-06-30 21:24:04,026 - INFO - ThreadPoolExecutor-0_8 - [PROD] Sending payload 782/2160 | Order Number: V4063007784
2026-06-30 21:24:04,084 - INFO - ThreadPoolExecutor-0_4 - [PROD] Payload 772/2160 sent successfully. Status Code: 200
2026-06-30 21:24:04,084 - INFO - ThreadPoolExecutor-0_4 - [PROD] Sending payload 783/2160 | Order Number: V4063007785
2026-06-30 21:24:04,393 - INFO - ThreadPoolExecutor-0_3 - [PROD] Payload 775/2160 sent successfully. Status Code: 200
2026-06-30 21:24:04,395 - INFO - ThreadPoolExecutor-0_3 - [PROD] Sending payload 784/2160 | Order Number: V4063007786
2026-06-30 21:24:04,458 - INFO - ThreadPoolExecutor-0_7 - [PROD] Payload 776/2160 sent successfully. Status Code: 200
2026-06-30 21:24:04,459 - INFO - ThreadPoolExecutor-0_7 - [PROD] Sending payload 785/2160 | Order Number: V4063007787
2026-06-30 21:24:04,672 - INFO - ThreadPoolExecutor-0_6 - [PROD] Payload 773/2160 sent successfully. Status Code: 200
2026-06-30 21:24:04,676 - INFO - ThreadPoolExecutor-0_6 - [PROD] Sending payload 786/2160 | Order Number: V4063007788
2026-06-30 21:24:04,754 - INFO - ThreadPoolExecutor-0_9 - [PROD] Payload 777/2160 sent successfully. Status Code: 200
2026-06-30 21:24:04,756 - INFO - ThreadPoolExecutor-0_9 - [PROD] Sending payload 787/2160 | Order Number: V4063007789
2026-06-30 21:24:04,861 - INFO - ThreadPoolExecutor-0_2 - [PROD] Payload 779/2160 sent successfully. Status Code: 200
2026-06-30 21:24:04,863 - INFO - ThreadPoolExecutor-0_2 - [PROD] Sending payload 788/2160 | Order Number: V4063007790
2026-06-30 21:24:04,917 - INFO - ThreadPoolExecutor-0_0 - [PROD] Payload 778/2160 sent successfully. Status Code: 200
2026-06-30 21:24:04,918 - INFO - ThreadPoolExecutor-0_0 - [PROD] Sending payload 789/2160 | Order Number: V4063007791
2026-06-30 21:24:05,775 - INFO - ThreadPoolExecutor-0_5 - [PROD] Payload 781/2160 sent successfully. Status Code: 200
2026-06-30 21:24:05,777 - INFO - ThreadPoolExecutor-0_5 - [PROD] Sending payload 790/2160 | Order Number: V4063007792
2026-06-30 21:24:05,897 - INFO - ThreadPoolExecutor-0_8 - [PROD] Payload 782/2160 sent successfully. Status Code: 200
2026-06-30 21:24:05,898 - INFO - ThreadPoolExecutor-0_8 - [PROD] Sending payload 791/2160 | Order Number: V4063007793
2026-06-30 21:24:06,204 - INFO - ThreadPoolExecutor-0_1 - [PROD] Payload 780/2160 sent successfully. Status Code: 200
2026-06-30 21:24:06,205 - INFO - ThreadPoolExecutor-0_1 - [PROD] Sending payload 792/2160 | Order Number: V4063007794
2026-06-30 21:24:06,264 - INFO - ThreadPoolExecutor-0_7 - [PROD] Payload 785/2160 sent successfully. Status Code: 200
2026-06-30 21:24:06,265 - INFO - ThreadPoolExecutor-0_7 - [PROD] Sending payload 793/2160 | Order Number: V4063007795
2026-06-30 21:24:06,422 - INFO - ThreadPoolExecutor-0_3 - [PROD] Payload 784/2160 sent successfully. Status Code: 200
2026-06-30 21:24:06,424 - INFO - ThreadPoolExecutor-0_3 - [PROD] Sending payload 794/2160 | Order Number: V4063007796
2026-06-30 21:24:06,540 - INFO - ThreadPoolExecutor-0_6 - [PROD] Payload 786/2160 sent successfully. Status Code: 200
2026-06-30 21:24:06,542 - INFO - ThreadPoolExecutor-0_6 - [PROD] Sending payload 795/2160 | Order Number: V4063007797
2026-06-30 21:24:06,560 - INFO - ThreadPoolExecutor-0_4 - [PROD] Payload 783/2160 sent successfully. Status Code: 200
2026-06-30 21:24:06,561 - INFO - ThreadPoolExecutor-0_4 - [PROD] Sending payload 796/2160 | Order Number: V4063007798
2026-06-30 21:24:06,584 - INFO - ThreadPoolExecutor-0_9 - [PROD] Payload 787/2160 sent successfully. Status Code: 200
2026-06-30 21:24:06,584 - INFO - ThreadPoolExecutor-0_9 - [PROD] Sending payload 797/2160 | Order Number: V4063007799
2026-06-30 21:24:06,731 - INFO - ThreadPoolExecutor-0_2 - [PROD] Payload 788/2160 sent successfully. Status Code: 200
2026-06-30 21:24:06,733 - INFO - ThreadPoolExecutor-0_2 - [PROD] Sending payload 798/2160 | Order Number: V4063007800
2026-06-30 21:24:07,023 - INFO - ThreadPoolExecutor-0_0 - [PROD] Payload 789/2160 sent successfully. Status Code: 200
2026-06-30 21:24:07,025 - INFO - ThreadPoolExecutor-0_0 - [PROD] Sending payload 799/2160 | Order Number: V4063007801
2026-06-30 21:24:07,590 - INFO - ThreadPoolExecutor-0_5 - [PROD] Payload 790/2160 sent successfully. Status Code: 200
2026-06-30 21:24:07,591 - INFO - ThreadPoolExecutor-0_5 - [PROD] Sending payload 800/2160 | Order Number: V4063007802
2026-06-30 21:24:07,818 - INFO - ThreadPoolExecutor-0_8 - [PROD] Payload 791/2160 sent successfully. Status Code: 200
2026-06-30 21:24:07,823 - INFO - ThreadPoolExecutor-0_8 - [PROD] Sending payload 801/2160 | Order Number: V4063007803
2026-06-30 21:24:08,185 - INFO - ThreadPoolExecutor-0_7 - [PROD] Payload 793/2160 sent successfully. Status Code: 200
2026-06-30 21:24:08,187 - INFO - ThreadPoolExecutor-0_7 - [PROD] Sending payload 802/2160 | Order Number: V4063007804
2026-06-30 21:24:08,361 - INFO - ThreadPoolExecutor-0_3 - [PROD] Payload 794/2160 sent successfully. Status Code: 200
2026-06-30 21:24:08,363 - INFO - ThreadPoolExecutor-0_3 - [PROD] Sending payload 803/2160 | Order Number: V4063007805
2026-06-30 21:24:08,365 - INFO - ThreadPoolExecutor-0_9 - [PROD] Payload 797/2160 sent successfully. Status Code: 200
2026-06-30 21:24:08,366 - INFO - ThreadPoolExecutor-0_9 - [PROD] Sending payload 804/2160 | Order Number: V4063007806
2026-06-30 21:24:08,527 - INFO - ThreadPoolExecutor-0_6 - [PROD] Payload 795/2160 sent successfully. Status Code: 200
2026-06-30 21:24:08,529 - INFO - ThreadPoolExecutor-0_6 - [PROD] Sending payload 805/2160 | Order Number: V4063007807
2026-06-30 21:24:08,549 - INFO - ThreadPoolExecutor-0_2 - [PROD] Payload 798/2160 sent successfully. Status Code: 200
2026-06-30 21:24:08,550 - INFO - ThreadPoolExecutor-0_2 - [PROD] Sending payload 806/2160 | Order Number: V4063007808
2026-06-30 21:24:08,560 - INFO - ThreadPoolExecutor-0_4 - [PROD] Payload 796/2160 sent successfully. Status Code: 200
2026-06-30 21:24:08,561 - INFO - ThreadPoolExecutor-0_4 - [PROD] Sending payload 807/2160 | Order Number: V4063007809
2026-06-30 21:24:08,675 - INFO - ThreadPoolExecutor-0_1 - [PROD] Payload 792/2160 sent successfully. Status Code: 200
2026-06-30 21:24:08,678 - INFO - ThreadPoolExecutor-0_1 - [PROD] Sending payload 808/2160 | Order Number: V4063007810
2026-06-30 21:24:08,867 - INFO - ThreadPoolExecutor-0_0 - [PROD] Payload 799/2160 sent successfully. Status Code: 200
2026-06-30 21:24:08,869 - INFO - ThreadPoolExecutor-0_0 - [PROD] Sending payload 809/2160 | Order Number: V4063007811
2026-06-30 21:24:09,435 - INFO - ThreadPoolExecutor-0_5 - [PROD] Payload 800/2160 sent successfully. Status Code: 200
2026-06-30 21:24:09,437 - INFO - ThreadPoolExecutor-0_5 - [PROD] Sending payload 810/2160 | Order Number: V4063007812
2026-06-30 21:24:10,281 - INFO - ThreadPoolExecutor-0_7 - [PROD] Payload 802/2160 sent successfully. Status Code: 200
2026-06-30 21:24:10,282 - INFO - ThreadPoolExecutor-0_9 - [PROD] Payload 804/2160 sent successfully. Status Code: 200
2026-06-30 21:24:10,283 - INFO - ThreadPoolExecutor-0_7 - [PROD] Sending payload 811/2160 | Order Number: V4063007813
2026-06-30 21:24:10,283 - INFO - ThreadPoolExecutor-0_9 - [PROD] Sending payload 812/2160 | Order Number: V4063007814
2026-06-30 21:24:10,297 - INFO - ThreadPoolExecutor-0_8 - [PROD] Payload 801/2160 sent successfully. Status Code: 200
2026-06-30 21:24:10,297 - INFO - ThreadPoolExecutor-0_8 - [PROD] Sending payload 813/2160 | Order Number: V4063007815
2026-06-30 21:24:10,362 - INFO - ThreadPoolExecutor-0_3 - [PROD] Payload 803/2160 sent successfully. Status Code: 200
2026-06-30 21:24:10,362 - INFO - ThreadPoolExecutor-0_3 - [PROD] Sending payload 814/2160 | Order Number: V4063007816
2026-06-30 21:24:10,466 - INFO - ThreadPoolExecutor-0_6 - [PROD] Payload 805/2160 sent successfully. Status Code: 200
2026-06-30 21:24:10,469 - INFO - ThreadPoolExecutor-0_6 - [PROD] Sending payload 815/2160 | Order Number: V4063007817
2026-06-30 21:24:10,752 - INFO - ThreadPoolExecutor-0_1 - [PROD] Payload 808/2160 sent successfully. Status Code: 200
2026-06-30 21:24:10,754 - INFO - ThreadPoolExecutor-0_1 - [PROD] Sending payload 816/2160 | Order Number: V4063007818
2026-06-30 21:24:10,766 - INFO - ThreadPoolExecutor-0_4 - [PROD] Payload 807/2160 sent successfully. Status Code: 200
2026-06-30 21:24:10,767 - INFO - ThreadPoolExecutor-0_4 - [PROD] Sending payload 817/2160 | Order Number: V4063007819
2026-06-30 21:24:10,796 - INFO - ThreadPoolExecutor-0_2 - [PROD] Payload 806/2160 sent successfully. Status Code: 200
2026-06-30 21:24:10,797 - INFO - ThreadPoolExecutor-0_2 - [PROD] Sending payload 818/2160 | Order Number: V4063007820
2026-06-30 21:24:10,966 - INFO - ThreadPoolExecutor-0_0 - [PROD] Payload 809/2160 sent successfully. Status Code: 200
2026-06-30 21:24:10,968 - INFO - ThreadPoolExecutor-0_0 - [PROD] Sending payload 819/2160 | Order Number: V4063007821
2026-06-30 21:24:12,124 - INFO - ThreadPoolExecutor-0_5 - [PROD] Payload 810/2160 sent successfully. Status Code: 200
2026-06-30 21:24:12,125 - INFO - ThreadPoolExecutor-0_8 - [PROD] Payload 813/2160 sent successfully. Status Code: 200
2026-06-30 21:24:12,125 - INFO - ThreadPoolExecutor-0_7 - [PROD] Payload 811/2160 sent successfully. Status Code: 200
2026-06-30 21:24:12,126 - INFO - ThreadPoolExecutor-0_9 - [PROD] Payload 812/2160 sent successfully. Status Code: 200
2026-06-30 21:24:12,126 - INFO - ThreadPoolExecutor-0_5 - [PROD] Sending payload 820/2160 | Order Number: V4063007822
2026-06-30 21:24:12,127 - INFO - ThreadPoolExecutor-0_8 - [PROD] Sending payload 821/2160 | Order Number: V4063007823
2026-06-30 21:24:12,127 - INFO - ThreadPoolExecutor-0_7 - [PROD] Sending payload 822/2160 | Order Number: V4063007824
2026-06-30 21:24:12,127 - INFO - ThreadPoolExecutor-0_9 - [PROD] Sending payload 823/2160 | Order Number: V4063007825
2026-06-30 21:24:12,296 - INFO - ThreadPoolExecutor-0_6 - [PROD] Payload 815/2160 sent successfully. Status Code: 200
2026-06-30 21:24:12,297 - INFO - ThreadPoolExecutor-0_6 - [PROD] Sending payload 824/2160 | Order Number: V4063007826
2026-06-30 21:24:12,621 - INFO - ThreadPoolExecutor-0_1 - [PROD] Payload 816/2160 sent successfully. Status Code: 200
2026-06-30 21:24:12,622 - INFO - ThreadPoolExecutor-0_1 - [PROD] Sending payload 825/2160 | Order Number: V4063007827
2026-06-30 21:24:12,658 - INFO - ThreadPoolExecutor-0_4 - [PROD] Payload 817/2160 sent successfully. Status Code: 200
2026-06-30 21:24:12,659 - INFO - ThreadPoolExecutor-0_4 - [PROD] Sending payload 826/2160 | Order Number: V4063007828
2026-06-30 21:24:12,893 - INFO - ThreadPoolExecutor-0_0 - [PROD] Payload 819/2160 sent successfully. Status Code: 200
2026-06-30 21:24:12,895 - INFO - ThreadPoolExecutor-0_0 - [PROD] Sending payload 827/2160 | Order Number: V4063007829
2026-06-30 21:24:13,370 - INFO - ThreadPoolExecutor-0_3 - [PROD] Payload 814/2160 sent successfully. Status Code: 200
2026-06-30 21:24:13,372 - INFO - ThreadPoolExecutor-0_3 - [PROD] Sending payload 828/2160 | Order Number: V4063007830
2026-06-30 21:24:13,406 - INFO - ThreadPoolExecutor-0_2 - [PROD] Payload 818/2160 sent successfully. Status Code: 200
2026-06-30 21:24:13,407 - INFO - ThreadPoolExecutor-0_2 - [PROD] Sending payload 829/2160 | Order Number: V4063007831
2026-06-30 21:24:13,972 - INFO - ThreadPoolExecutor-0_7 - [PROD] Payload 822/2160 sent successfully. Status Code: 200
2026-06-30 21:24:13,973 - INFO - ThreadPoolExecutor-0_8 - [PROD] Payload 821/2160 sent successfully. Status Code: 200
2026-06-30 21:24:13,973 - INFO - ThreadPoolExecutor-0_7 - [PROD] Sending payload 830/2160 | Order Number: V4063007832
2026-06-30 21:24:13,973 - INFO - ThreadPoolExecutor-0_8 - [PROD] Sending payload 831/2160 | Order Number: V4063007833
2026-06-30 21:24:14,000 - INFO - ThreadPoolExecutor-0_9 - [PROD] Payload 823/2160 sent successfully. Status Code: 200
2026-06-30 21:24:14,001 - INFO - ThreadPoolExecutor-0_9 - [PROD] Sending payload 832/2160 | Order Number: V4063007834
2026-06-30 21:24:14,216 - INFO - ThreadPoolExecutor-0_6 - [PROD] Payload 824/2160 sent successfully. Status Code: 200
2026-06-30 21:24:14,217 - INFO - ThreadPoolExecutor-0_6 - [PROD] Sending payload 833/2160 | Order Number: V4063007835
2026-06-30 21:24:14,469 - INFO - ThreadPoolExecutor-0_1 - [PROD] Payload 825/2160 sent successfully. Status Code: 200
2026-06-30 21:24:14,470 - INFO - ThreadPoolExecutor-0_1 - [PROD] Sending payload 834/2160 | Order Number: V4063007836
2026-06-30 21:24:14,510 - INFO - ThreadPoolExecutor-0_4 - [PROD] Payload 826/2160 sent successfully. Status Code: 200
2026-06-30 21:24:14,510 - INFO - ThreadPoolExecutor-0_4 - [PROD] Sending payload 835/2160 | Order Number: V4063007837
2026-06-30 21:24:14,848 - INFO - ThreadPoolExecutor-0_5 - [PROD] Payload 820/2160 sent successfully. Status Code: 200
2026-06-30 21:24:14,849 - INFO - ThreadPoolExecutor-0_5 - [PROD] Sending payload 836/2160 | Order Number: V4063007838
2026-06-30 21:24:15,070 - INFO - ThreadPoolExecutor-0_0 - [PROD] Payload 827/2160 sent successfully. Status Code: 200
2026-06-30 21:24:15,071 - INFO - ThreadPoolExecutor-0_0 - [PROD] Sending payload 837/2160 | Order Number: V4063007839
2026-06-30 21:24:15,400 - INFO - ThreadPoolExecutor-0_3 - [PROD] Payload 828/2160 sent successfully. Status Code: 200
2026-06-30 21:24:15,402 - INFO - ThreadPoolExecutor-0_3 - [PROD] Sending payload 838/2160 | Order Number: V4063007840
2026-06-30 21:24:15,561 - INFO - ThreadPoolExecutor-0_2 - [PROD] Payload 829/2160 sent successfully. Status Code: 200
2026-06-30 21:24:15,564 - INFO - ThreadPoolExecutor-0_2 - [PROD] Sending payload 839/2160 | Order Number: V4063007841
2026-06-30 21:24:16,528 - INFO - ThreadPoolExecutor-0_8 - [PROD] Payload 831/2160 sent successfully. Status Code: 200
2026-06-30 21:24:16,529 - INFO - ThreadPoolExecutor-0_8 - [PROD] Sending payload 840/2160 | Order Number: V4063007842
2026-06-30 21:24:16,530 - INFO - ThreadPoolExecutor-0_9 - [PROD] Payload 832/2160 sent successfully. Status Code: 200
2026-06-30 21:24:16,531 - INFO - ThreadPoolExecutor-0_6 - [PROD] Payload 833/2160 sent successfully. Status Code: 200
2026-06-30 21:24:16,531 - INFO - ThreadPoolExecutor-0_9 - [PROD] Sending payload 841/2160 | Order Number: V4063007843
2026-06-30 21:24:16,532 - INFO - ThreadPoolExecutor-0_6 - [PROD] Sending payload 842/2160 | Order Number: V4063007844
2026-06-30 21:24:16,552 - INFO - ThreadPoolExecutor-0_7 - [PROD] Payload 830/2160 sent successfully. Status Code: 200
2026-06-30 21:24:16,552 - INFO - ThreadPoolExecutor-0_7 - [PROD] Sending payload 843/2160 | Order Number: V4063007845
2026-06-30 21:24:16,741 - INFO - ThreadPoolExecutor-0_5 - [PROD] Payload 836/2160 sent successfully. Status Code: 200
2026-06-30 21:24:16,742 - INFO - ThreadPoolExecutor-0_5 - [PROD] Sending payload 844/2160 | Order Number: V4063007846
2026-06-30 21:24:16,932 - INFO - ThreadPoolExecutor-0_0 - [PROD] Payload 837/2160 sent successfully. Status Code: 200
2026-06-30 21:24:16,934 - INFO - ThreadPoolExecutor-0_0 - [PROD] Sending payload 845/2160 | Order Number: V4063007847
2026-06-30 21:24:17,032 - INFO - ThreadPoolExecutor-0_4 - [PROD] Payload 835/2160 sent successfully. Status Code: 200
2026-06-30 21:24:17,034 - INFO - ThreadPoolExecutor-0_4 - [PROD] Sending payload 846/2160 | Order Number: V4063007848
2026-06-30 21:24:17,047 - INFO - ThreadPoolExecutor-0_1 - [PROD] Payload 834/2160 sent successfully. Status Code: 200
2026-06-30 21:24:17,047 - INFO - ThreadPoolExecutor-0_1 - [PROD] Sending payload 847/2160 | Order Number: V4063007849
2026-06-30 21:24:17,311 - INFO - ThreadPoolExecutor-0_3 - [PROD] Payload 838/2160 sent successfully. Status Code: 200
2026-06-30 21:24:17,313 - INFO - ThreadPoolExecutor-0_3 - [PROD] Sending payload 848/2160 | Order Number: V4063007850
2026-06-30 21:24:17,453 - INFO - ThreadPoolExecutor-0_2 - [PROD] Payload 839/2160 sent successfully. Status Code: 200
2026-06-30 21:24:17,454 - INFO - ThreadPoolExecutor-0_2 - [PROD] Sending payload 849/2160 | Order Number: V4063007851
2026-06-30 21:24:18,347 - INFO - ThreadPoolExecutor-0_8 - [PROD] Payload 840/2160 sent successfully. Status Code: 200
2026-06-30 21:24:18,349 - INFO - ThreadPoolExecutor-0_8 - [PROD] Sending payload 850/2160 | Order Number: V4063007852
2026-06-30 21:24:18,479 - INFO - ThreadPoolExecutor-0_6 - [PROD] Payload 842/2160 sent successfully. Status Code: 200
2026-06-30 21:24:18,480 - INFO - ThreadPoolExecutor-0_6 - [PROD] Sending payload 851/2160 | Order Number: V4063007853
2026-06-30 21:24:18,518 - INFO - ThreadPoolExecutor-0_7 - [PROD] Payload 843/2160 sent successfully. Status Code: 200
2026-06-30 21:24:18,519 - INFO - ThreadPoolExecutor-0_7 - [PROD] Sending payload 852/2160 | Order Number: V4063007854
2026-06-30 21:24:18,532 - INFO - ThreadPoolExecutor-0_9 - [PROD] Payload 841/2160 sent successfully. Status Code: 200
2026-06-30 21:24:18,533 - INFO - ThreadPoolExecutor-0_9 - [PROD] Sending payload 853/2160 | Order Number: V4063007855
2026-06-30 21:24:18,680 - INFO - ThreadPoolExecutor-0_5 - [PROD] Payload 844/2160 sent successfully. Status Code: 200
2026-06-30 21:24:18,681 - INFO - ThreadPoolExecutor-0_5 - [PROD] Sending payload 854/2160 | Order Number: V4063007856
2026-06-30 21:24:18,783 - INFO - ThreadPoolExecutor-0_0 - [PROD] Payload 845/2160 sent successfully. Status Code: 200
2026-06-30 21:24:18,786 - INFO - ThreadPoolExecutor-0_0 - [PROD] Sending payload 855/2160 | Order Number: V4063007857
2026-06-30 21:24:18,919 - INFO - ThreadPoolExecutor-0_1 - [PROD] Payload 847/2160 sent successfully. Status Code: 200
2026-06-30 21:24:18,921 - INFO - ThreadPoolExecutor-0_1 - [PROD] Sending payload 856/2160 | Order Number: V4063007858
2026-06-30 21:24:18,975 - INFO - ThreadPoolExecutor-0_4 - [PROD] Payload 846/2160 sent successfully. Status Code: 200
2026-06-30 21:24:18,975 - INFO - ThreadPoolExecutor-0_4 - [PROD] Sending payload 857/2160 | Order Number: V4063007859
2026-06-30 21:24:19,135 - INFO - ThreadPoolExecutor-0_3 - [PROD] Payload 848/2160 sent successfully. Status Code: 200
2026-06-30 21:24:19,137 - INFO - ThreadPoolExecutor-0_3 - [PROD] Sending payload 858/2160 | Order Number: V4063007860
2026-06-30 21:24:19,294 - INFO - ThreadPoolExecutor-0_2 - [PROD] Payload 849/2160 sent successfully. Status Code: 200
2026-06-30 21:24:19,296 - INFO - ThreadPoolExecutor-0_2 - [PROD] Sending payload 859/2160 | Order Number: V4063007861
2026-06-30 21:24:20,213 - INFO - ThreadPoolExecutor-0_8 - [PROD] Payload 850/2160 sent successfully. Status Code: 200
2026-06-30 21:24:20,215 - INFO - ThreadPoolExecutor-0_8 - [PROD] Sending payload 860/2160 | Order Number: V4063007862
2026-06-30 21:24:20,450 - INFO - ThreadPoolExecutor-0_6 - [PROD] Payload 851/2160 sent successfully. Status Code: 200
2026-06-30 21:24:20,452 - INFO - ThreadPoolExecutor-0_6 - [PROD] Sending payload 861/2160 | Order Number: V4063007863
2026-06-30 21:24:20,511 - INFO - ThreadPoolExecutor-0_9 - [PROD] Payload 853/2160 sent successfully. Status Code: 200
2026-06-30 21:24:20,514 - INFO - ThreadPoolExecutor-0_9 - [PROD] Sending payload 862/2160 | Order Number: V4063007864
2026-06-30 21:24:20,557 - INFO - ThreadPoolExecutor-0_5 - [PROD] Payload 854/2160 sent successfully. Status Code: 200
2026-06-30 21:24:20,558 - INFO - ThreadPoolExecutor-0_5 - [PROD] Sending payload 863/2160 | Order Number: V4063007865
2026-06-30 21:24:20,754 - INFO - ThreadPoolExecutor-0_7 - [PROD] Payload 852/2160 sent successfully. Status Code: 200
2026-06-30 21:24:20,756 - INFO - ThreadPoolExecutor-0_7 - [PROD] Sending payload 864/2160 | Order Number: V4063007866
2026-06-30 21:24:20,802 - INFO - ThreadPoolExecutor-0_1 - [PROD] Payload 856/2160 sent successfully. Status Code: 200
2026-06-30 21:24:20,802 - INFO - ThreadPoolExecutor-0_1 - [PROD] Sending payload 865/2160 | Order Number: V4063007867
2026-06-30 21:24:21,110 - INFO - ThreadPoolExecutor-0_3 - [PROD] Payload 858/2160 sent successfully. Status Code: 200
2026-06-30 21:24:21,112 - INFO - ThreadPoolExecutor-0_3 - [PROD] Sending payload 866/2160 | Order Number: V4063007868
2026-06-30 21:24:21,150 - INFO - ThreadPoolExecutor-0_4 - [PROD] Payload 857/2160 sent successfully. Status Code: 200
2026-06-30 21:24:21,150 - INFO - ThreadPoolExecutor-0_4 - [PROD] Sending payload 867/2160 | Order Number: V4063007869
2026-06-30 21:24:21,291 - INFO - ThreadPoolExecutor-0_2 - [PROD] Payload 859/2160 sent successfully. Status Code: 200
2026-06-30 21:24:21,292 - INFO - ThreadPoolExecutor-0_2 - [PROD] Sending payload 868/2160 | Order Number: V4063007870
2026-06-30 21:24:21,451 - INFO - ThreadPoolExecutor-0_0 - [PROD] Payload 855/2160 sent successfully. Status Code: 200
2026-06-30 21:24:21,453 - INFO - ThreadPoolExecutor-0_0 - [PROD] Sending payload 869/2160 | Order Number: V4063007871
2026-06-30 21:24:22,161 - INFO - ThreadPoolExecutor-0_8 - [PROD] Payload 860/2160 sent successfully. Status Code: 200
2026-06-30 21:24:22,164 - INFO - ThreadPoolExecutor-0_8 - [PROD] Sending payload 870/2160 | Order Number: V4063007872
2026-06-30 21:24:22,323 - INFO - ThreadPoolExecutor-0_6 - [PROD] Payload 861/2160 sent successfully. Status Code: 200
2026-06-30 21:24:22,325 - INFO - ThreadPoolExecutor-0_6 - [PROD] Sending payload 871/2160 | Order Number: V4063007873
2026-06-30 21:24:22,423 - INFO - ThreadPoolExecutor-0_5 - [PROD] Payload 863/2160 sent successfully. Status Code: 200
2026-06-30 21:24:22,423 - INFO - ThreadPoolExecutor-0_5 - [PROD] Sending payload 872/2160 | Order Number: V4063007874
2026-06-30 21:24:22,434 - INFO - ThreadPoolExecutor-0_9 - [PROD] Payload 862/2160 sent successfully. Status Code: 200
2026-06-30 21:24:22,435 - INFO - ThreadPoolExecutor-0_9 - [PROD] Sending payload 873/2160 | Order Number: V4063007875
2026-06-30 21:24:22,592 - INFO - ThreadPoolExecutor-0_7 - [PROD] Payload 864/2160 sent successfully. Status Code: 200
2026-06-30 21:24:22,592 - INFO - ThreadPoolExecutor-0_7 - [PROD] Sending payload 874/2160 | Order Number: V4063007876
2026-06-30 21:24:22,791 - INFO - ThreadPoolExecutor-0_1 - [PROD] Payload 865/2160 sent successfully. Status Code: 200
2026-06-30 21:24:22,792 - INFO - ThreadPoolExecutor-0_1 - [PROD] Sending payload 875/2160 | Order Number: V4063007877
2026-06-30 21:24:22,984 - INFO - ThreadPoolExecutor-0_4 - [PROD] Payload 867/2160 sent successfully. Status Code: 200
2026-06-30 21:24:22,985 - INFO - ThreadPoolExecutor-0_4 - [PROD] Sending payload 876/2160 | Order Number: V4063007878
2026-06-30 21:24:23,086 - INFO - ThreadPoolExecutor-0_2 - [PROD] Payload 868/2160 sent successfully. Status Code: 200
2026-06-30 21:24:23,088 - INFO - ThreadPoolExecutor-0_2 - [PROD] Sending payload 877/2160 | Order Number: V4063007879
2026-06-30 21:24:23,186 - INFO - ThreadPoolExecutor-0_3 - [PROD] Payload 866/2160 sent successfully. Status Code: 200
2026-06-30 21:24:23,188 - INFO - ThreadPoolExecutor-0_3 - [PROD] Sending payload 878/2160 | Order Number: V4063007880
2026-06-30 21:24:23,296 - INFO - ThreadPoolExecutor-0_0 - [PROD] Payload 869/2160 sent successfully. Status Code: 200
2026-06-30 21:24:23,298 - INFO - ThreadPoolExecutor-0_0 - [PROD] Sending payload 879/2160 | Order Number: V4063007881
2026-06-30 21:24:24,003 - INFO - ThreadPoolExecutor-0_8 - [PROD] Payload 870/2160 sent successfully. Status Code: 200
2026-06-30 21:24:24,005 - INFO - ThreadPoolExecutor-0_8 - [PROD] Sending payload 880/2160 | Order Number: V4063007882
2026-06-30 21:24:24,119 - INFO - ThreadPoolExecutor-0_6 - [PROD] Payload 871/2160 sent successfully. Status Code: 200
2026-06-30 21:24:24,121 - INFO - ThreadPoolExecutor-0_6 - [PROD] Sending payload 881/2160 | Order Number: V4063007883
2026-06-30 21:24:24,297 - INFO - ThreadPoolExecutor-0_9 - [PROD] Payload 873/2160 sent successfully. Status Code: 200
2026-06-30 21:24:24,300 - INFO - ThreadPoolExecutor-0_9 - [PROD] Sending payload 882/2160 | Order Number: V4063007884
2026-06-30 21:24:24,385 - INFO - ThreadPoolExecutor-0_5 - [PROD] Payload 872/2160 sent successfully. Status Code: 200
2026-06-30 21:24:24,386 - INFO - ThreadPoolExecutor-0_5 - [PROD] Sending payload 883/2160 | Order Number: V4063007885
2026-06-30 21:24:24,540 - INFO - ThreadPoolExecutor-0_7 - [PROD] Payload 874/2160 sent successfully. Status Code: 200
2026-06-30 21:24:24,541 - INFO - ThreadPoolExecutor-0_7 - [PROD] Sending payload 884/2160 | Order Number: V4063007886
2026-06-30 21:24:24,654 - INFO - ThreadPoolExecutor-0_1 - [PROD] Payload 875/2160 sent successfully. Status Code: 200
2026-06-30 21:24:24,655 - INFO - ThreadPoolExecutor-0_1 - [PROD] Sending payload 885/2160 | Order Number: V4063007887
2026-06-30 21:24:24,848 - INFO - ThreadPoolExecutor-0_4 - [PROD] Payload 876/2160 sent successfully. Status Code: 200
2026-06-30 21:24:24,849 - INFO - ThreadPoolExecutor-0_4 - [PROD] Sending payload 886/2160 | Order Number: V4063007888
2026-06-30 21:24:24,962 - INFO - ThreadPoolExecutor-0_2 - [PROD] Payload 877/2160 sent successfully. Status Code: 200
2026-06-30 21:24:24,963 - INFO - ThreadPoolExecutor-0_2 - [PROD] Sending payload 887/2160 | Order Number: V4063007889
2026-06-30 21:24:25,084 - INFO - ThreadPoolExecutor-0_3 - [PROD] Payload 878/2160 sent successfully. Status Code: 200
2026-06-30 21:24:25,085 - INFO - ThreadPoolExecutor-0_3 - [PROD] Sending payload 888/2160 | Order Number: V4063007890
2026-06-30 21:24:25,130 - INFO - ThreadPoolExecutor-0_0 - [PROD] Payload 879/2160 sent successfully. Status Code: 200
2026-06-30 21:24:25,130 - INFO - ThreadPoolExecutor-0_0 - [PROD] Sending payload 889/2160 | Order Number: V4063007891
2026-06-30 21:24:25,846 - INFO - ThreadPoolExecutor-0_8 - [PROD] Payload 880/2160 sent successfully. Status Code: 200
2026-06-30 21:24:25,848 - INFO - ThreadPoolExecutor-0_8 - [PROD] Sending payload 890/2160 | Order Number: V4063007892
2026-06-30 21:24:26,099 - INFO - ThreadPoolExecutor-0_6 - [PROD] Payload 881/2160 sent successfully. Status Code: 200
2026-06-30 21:24:26,102 - INFO - ThreadPoolExecutor-0_6 - [PROD] Sending payload 891/2160 | Order Number: V4063007893
2026-06-30 21:24:26,239 - INFO - ThreadPoolExecutor-0_9 - [PROD] Payload 882/2160 sent successfully. Status Code: 200
2026-06-30 21:24:26,242 - INFO - ThreadPoolExecutor-0_9 - [PROD] Sending payload 892/2160 | Order Number: V4063007894
2026-06-30 21:24:26,270 - INFO - ThreadPoolExecutor-0_5 - [PROD] Payload 883/2160 sent successfully. Status Code: 200
2026-06-30 21:24:26,270 - INFO - ThreadPoolExecutor-0_5 - [PROD] Sending payload 893/2160 | Order Number: V4063007895
2026-06-30 21:24:26,467 - INFO - ThreadPoolExecutor-0_7 - [PROD] Payload 884/2160 sent successfully. Status Code: 200
2026-06-30 21:24:26,469 - INFO - ThreadPoolExecutor-0_7 - [PROD] Sending payload 894/2160 | Order Number: V4063007896
2026-06-30 21:24:26,473 - INFO - ThreadPoolExecutor-0_1 - [PROD] Payload 885/2160 sent successfully. Status Code: 200
2026-06-30 21:24:26,474 - INFO - ThreadPoolExecutor-0_1 - [PROD] Sending payload 895/2160 | Order Number: V4063007897
2026-06-30 21:24:26,808 - INFO - ThreadPoolExecutor-0_2 - [PROD] Payload 887/2160 sent successfully. Status Code: 200
2026-06-30 21:24:26,810 - INFO - ThreadPoolExecutor-0_2 - [PROD] Sending payload 896/2160 | Order Number: V4063007898
2026-06-30 21:24:26,918 - INFO - ThreadPoolExecutor-0_3 - [PROD] Payload 888/2160 sent successfully. Status Code: 200
2026-06-30 21:24:26,920 - INFO - ThreadPoolExecutor-0_3 - [PROD] Sending payload 897/2160 | Order Number: V4063007899
2026-06-30 21:24:26,931 - INFO - ThreadPoolExecutor-0_4 - [PROD] Payload 886/2160 sent successfully. Status Code: 200
2026-06-30 21:24:26,931 - INFO - ThreadPoolExecutor-0_4 - [PROD] Sending payload 898/2160 | Order Number: V4063007900
2026-06-30 21:24:27,094 - INFO - ThreadPoolExecutor-0_0 - [PROD] Payload 889/2160 sent successfully. Status Code: 200
2026-06-30 21:24:27,096 - INFO - ThreadPoolExecutor-0_0 - [PROD] Sending payload 899/2160 | Order Number: V4063007901
2026-06-30 21:24:27,660 - INFO - ThreadPoolExecutor-0_8 - [PROD] Payload 890/2160 sent successfully. Status Code: 200
2026-06-30 21:24:27,662 - INFO - ThreadPoolExecutor-0_8 - [PROD] Sending payload 900/2160 | Order Number: V4063007902
2026-06-30 21:24:27,931 - INFO - ThreadPoolExecutor-0_6 - [PROD] Payload 891/2160 sent successfully. Status Code: 200
2026-06-30 21:24:27,932 - INFO - ThreadPoolExecutor-0_6 - [PROD] Sending payload 901/2160 | Order Number: V4063007903
2026-06-30 21:24:28,104 - INFO - ThreadPoolExecutor-0_9 - [PROD] Payload 892/2160 sent successfully. Status Code: 200
2026-06-30 21:24:28,105 - INFO - ThreadPoolExecutor-0_9 - [PROD] Sending payload 902/2160 | Order Number: V4063007904
2026-06-30 21:24:28,280 - INFO - ThreadPoolExecutor-0_5 - [PROD] Payload 893/2160 sent successfully. Status Code: 200
2026-06-30 21:24:28,282 - INFO - ThreadPoolExecutor-0_5 - [PROD] Sending payload 903/2160 | Order Number: V4063007905
2026-06-30 21:24:28,316 - INFO - ThreadPoolExecutor-0_7 - [PROD] Payload 894/2160 sent successfully. Status Code: 200
2026-06-30 21:24:28,317 - INFO - ThreadPoolExecutor-0_7 - [PROD] Sending payload 904/2160 | Order Number: V4063007906
2026-06-30 21:24:28,496 - INFO - ThreadPoolExecutor-0_1 - [PROD] Payload 895/2160 sent successfully. Status Code: 200
2026-06-30 21:24:28,497 - INFO - ThreadPoolExecutor-0_1 - [PROD] Sending payload 905/2160 | Order Number: V4063007907
2026-06-30 21:24:28,720 - INFO - ThreadPoolExecutor-0_3 - [PROD] Payload 897/2160 sent successfully. Status Code: 200
2026-06-30 21:24:28,722 - INFO - ThreadPoolExecutor-0_3 - [PROD] Sending payload 906/2160 | Order Number: V4063007908
2026-06-30 21:24:28,725 - INFO - ThreadPoolExecutor-0_2 - [PROD] Payload 896/2160 sent successfully. Status Code: 200
2026-06-30 21:24:28,726 - INFO - ThreadPoolExecutor-0_2 - [PROD] Sending payload 907/2160 | Order Number: V4063007909
2026-06-30 21:24:28,864 - INFO - ThreadPoolExecutor-0_4 - [PROD] Payload 898/2160 sent successfully. Status Code: 200
2026-06-30 21:24:28,866 - INFO - ThreadPoolExecutor-0_4 - [PROD] Sending payload 908/2160 | Order Number: V4063007910
2026-06-30 21:24:28,947 - INFO - ThreadPoolExecutor-0_0 - [PROD] Payload 899/2160 sent successfully. Status Code: 200
2026-06-30 21:24:28,948 - INFO - ThreadPoolExecutor-0_0 - [PROD] Sending payload 909/2160 | Order Number: V4063007911
2026-06-30 21:24:29,637 - INFO - ThreadPoolExecutor-0_8 - [PROD] Payload 900/2160 sent successfully. Status Code: 200
2026-06-30 21:24:29,639 - INFO - ThreadPoolExecutor-0_8 - [PROD] Sending payload 910/2160 | Order Number: V4063007912
2026-06-30 21:24:29,776 - INFO - ThreadPoolExecutor-0_6 - [PROD] Payload 901/2160 sent successfully. Status Code: 200
2026-06-30 21:24:29,777 - INFO - ThreadPoolExecutor-0_6 - [PROD] Sending payload 911/2160 | Order Number: V4063007913
2026-06-30 21:24:29,958 - INFO - ThreadPoolExecutor-0_9 - [PROD] Payload 902/2160 sent successfully. Status Code: 200
2026-06-30 21:24:29,960 - INFO - ThreadPoolExecutor-0_9 - [PROD] Sending payload 912/2160 | Order Number: V4063007914
2026-06-30 21:24:30,159 - INFO - ThreadPoolExecutor-0_5 - [PROD] Payload 903/2160 sent successfully. Status Code: 200
2026-06-30 21:24:30,161 - INFO - ThreadPoolExecutor-0_5 - [PROD] Sending payload 913/2160 | Order Number: V4063007915
2026-06-30 21:24:30,291 - INFO - ThreadPoolExecutor-0_1 - [PROD] Payload 905/2160 sent successfully. Status Code: 200
2026-06-30 21:24:30,292 - INFO - ThreadPoolExecutor-0_1 - [PROD] Sending payload 914/2160 | Order Number: V4063007916
2026-06-30 21:24:30,339 - INFO - ThreadPoolExecutor-0_7 - [PROD] Payload 904/2160 sent successfully. Status Code: 200
2026-06-30 21:24:30,339 - INFO - ThreadPoolExecutor-0_7 - [PROD] Sending payload 915/2160 | Order Number: V4063007917
2026-06-30 21:24:30,657 - INFO - ThreadPoolExecutor-0_3 - [PROD] Payload 906/2160 sent successfully. Status Code: 200
2026-06-30 21:24:30,660 - INFO - ThreadPoolExecutor-0_3 - [PROD] Sending payload 916/2160 | Order Number: V4063007918
2026-06-30 21:24:30,676 - INFO - ThreadPoolExecutor-0_4 - [PROD] Payload 908/2160 sent successfully. Status Code: 200
2026-06-30 21:24:30,677 - INFO - ThreadPoolExecutor-0_4 - [PROD] Sending payload 917/2160 | Order Number: V4063007919
2026-06-30 21:24:30,730 - INFO - ThreadPoolExecutor-0_2 - [PROD] Payload 907/2160 sent successfully. Status Code: 200
2026-06-30 21:24:30,731 - INFO - ThreadPoolExecutor-0_2 - [PROD] Sending payload 918/2160 | Order Number: V4063007920
2026-06-30 21:24:30,904 - INFO - ThreadPoolExecutor-0_0 - [PROD] Payload 909/2160 sent successfully. Status Code: 200
2026-06-30 21:24:30,906 - INFO - ThreadPoolExecutor-0_0 - [PROD] Sending payload 919/2160 | Order Number: V4063007921
2026-06-30 21:24:31,579 - INFO - ThreadPoolExecutor-0_8 - [PROD] Payload 910/2160 sent successfully. Status Code: 200
2026-06-30 21:24:31,581 - INFO - ThreadPoolExecutor-0_8 - [PROD] Sending payload 920/2160 | Order Number: V4063007922
2026-06-30 21:24:31,911 - INFO - ThreadPoolExecutor-0_6 - [PROD] Payload 911/2160 sent successfully. Status Code: 200
2026-06-30 21:24:31,912 - INFO - ThreadPoolExecutor-0_6 - [PROD] Sending payload 921/2160 | Order Number: V4063007923
2026-06-30 21:24:31,929 - INFO - ThreadPoolExecutor-0_9 - [PROD] Payload 912/2160 sent successfully. Status Code: 200
2026-06-30 21:24:31,930 - INFO - ThreadPoolExecutor-0_9 - [PROD] Sending payload 922/2160 | Order Number: V4063007924
2026-06-30 21:24:32,106 - INFO - ThreadPoolExecutor-0_5 - [PROD] Payload 913/2160 sent successfully. Status Code: 200
2026-06-30 21:24:32,107 - INFO - ThreadPoolExecutor-0_5 - [PROD] Sending payload 923/2160 | Order Number: V4063007925
2026-06-30 21:24:32,126 - INFO - ThreadPoolExecutor-0_7 - [PROD] Payload 915/2160 sent successfully. Status Code: 200
2026-06-30 21:24:32,127 - INFO - ThreadPoolExecutor-0_7 - [PROD] Sending payload 924/2160 | Order Number: V4063007926
2026-06-30 21:24:32,238 - INFO - ThreadPoolExecutor-0_1 - [PROD] Payload 914/2160 sent successfully. Status Code: 200
2026-06-30 21:24:32,240 - INFO - ThreadPoolExecutor-0_1 - [PROD] Sending payload 925/2160 | Order Number: V4063007927
2026-06-30 21:24:32,509 - INFO - ThreadPoolExecutor-0_3 - [PROD] Payload 916/2160 sent successfully. Status Code: 200
2026-06-30 21:24:32,511 - INFO - ThreadPoolExecutor-0_3 - [PROD] Sending payload 926/2160 | Order Number: V4063007928
2026-06-30 21:24:32,551 - INFO - ThreadPoolExecutor-0_4 - [PROD] Payload 917/2160 sent successfully. Status Code: 200
2026-06-30 21:24:32,551 - INFO - ThreadPoolExecutor-0_4 - [PROD] Sending payload 927/2160 | Order Number: V4063007929
2026-06-30 21:24:32,742 - INFO - ThreadPoolExecutor-0_0 - [PROD] Payload 919/2160 sent successfully. Status Code: 200
2026-06-30 21:24:32,744 - INFO - ThreadPoolExecutor-0_0 - [PROD] Sending payload 928/2160 | Order Number: V4063007930
2026-06-30 21:24:33,029 - INFO - ThreadPoolExecutor-0_2 - [PROD] Payload 918/2160 sent successfully. Status Code: 200
2026-06-30 21:24:33,030 - INFO - ThreadPoolExecutor-0_2 - [PROD] Sending payload 929/2160 | Order Number: V4063007931
2026-06-30 21:24:33,732 - INFO - ThreadPoolExecutor-0_8 - [PROD] Payload 920/2160 sent successfully. Status Code: 200
2026-06-30 21:24:33,733 - INFO - ThreadPoolExecutor-0_8 - [PROD] Sending payload 930/2160 | Order Number: V4063007932
2026-06-30 21:24:33,735 - INFO - ThreadPoolExecutor-0_6 - [PROD] Payload 921/2160 sent successfully. Status Code: 200
2026-06-30 21:24:33,737 - INFO - ThreadPoolExecutor-0_6 - [PROD] Sending payload 931/2160 | Order Number: V4063007933
2026-06-30 21:24:34,124 - INFO - ThreadPoolExecutor-0_9 - [PROD] Payload 922/2160 sent successfully. Status Code: 200
2026-06-30 21:24:34,127 - INFO - ThreadPoolExecutor-0_9 - [PROD] Sending payload 932/2160 | Order Number: V4063007934
2026-06-30 21:24:34,213 - INFO - ThreadPoolExecutor-0_5 - [PROD] Payload 923/2160 sent successfully. Status Code: 200
2026-06-30 21:24:34,215 - INFO - ThreadPoolExecutor-0_5 - [PROD] Sending payload 933/2160 | Order Number: V4063007935
2026-06-30 21:24:34,383 - INFO - ThreadPoolExecutor-0_3 - [PROD] Payload 926/2160 sent successfully. Status Code: 200
2026-06-30 21:24:34,385 - INFO - ThreadPoolExecutor-0_3 - [PROD] Sending payload 934/2160 | Order Number: V4063007936
2026-06-30 21:24:34,418 - INFO - ThreadPoolExecutor-0_7 - [PROD] Payload 924/2160 sent successfully. Status Code: 200
2026-06-30 21:24:34,418 - INFO - ThreadPoolExecutor-0_7 - [PROD] Sending payload 935/2160 | Order Number: V4063007937
2026-06-30 21:24:34,606 - INFO - ThreadPoolExecutor-0_0 - [PROD] Payload 928/2160 sent successfully. Status Code: 200
2026-06-30 21:24:34,608 - INFO - ThreadPoolExecutor-0_0 - [PROD] Sending payload 936/2160 | Order Number: V4063007938
2026-06-30 21:24:34,670 - INFO - ThreadPoolExecutor-0_1 - [PROD] Payload 925/2160 sent successfully. Status Code: 200
2026-06-30 21:24:34,672 - INFO - ThreadPoolExecutor-0_1 - [PROD] Sending payload 937/2160 | Order Number: V4063007939
2026-06-30 21:24:35,184 - INFO - ThreadPoolExecutor-0_4 - [PROD] Payload 927/2160 sent successfully. Status Code: 200
2026-06-30 21:24:35,186 - INFO - ThreadPoolExecutor-0_4 - [PROD] Sending payload 938/2160 | Order Number: V4063007940
2026-06-30 21:24:35,482 - INFO - ThreadPoolExecutor-0_2 - [PROD] Payload 929/2160 sent successfully. Status Code: 200
2026-06-30 21:24:35,484 - INFO - ThreadPoolExecutor-0_2 - [PROD] Sending payload 939/2160 | Order Number: V4063007941
2026-06-30 21:24:35,990 - INFO - ThreadPoolExecutor-0_9 - [PROD] Payload 932/2160 sent successfully. Status Code: 200
2026-06-30 21:24:35,992 - INFO - ThreadPoolExecutor-0_9 - [PROD] Sending payload 940/2160 | Order Number: V4063007942
2026-06-30 21:24:36,069 - INFO - ThreadPoolExecutor-0_8 - [PROD] Payload 930/2160 sent successfully. Status Code: 200
2026-06-30 21:24:36,070 - INFO - ThreadPoolExecutor-0_8 - [PROD] Sending payload 941/2160 | Order Number: V4063007943
2026-06-30 21:24:36,129 - INFO - ThreadPoolExecutor-0_5 - [PROD] Payload 933/2160 sent successfully. Status Code: 200
2026-06-30 21:24:36,130 - INFO - ThreadPoolExecutor-0_5 - [PROD] Sending payload 942/2160 | Order Number: V4063007944
2026-06-30 21:24:36,162 - INFO - ThreadPoolExecutor-0_6 - [PROD] Payload 931/2160 sent successfully. Status Code: 200
2026-06-30 21:24:36,163 - INFO - ThreadPoolExecutor-0_6 - [PROD] Sending payload 943/2160 | Order Number: V4063007945
2026-06-30 21:24:36,478 - INFO - ThreadPoolExecutor-0_0 - [PROD] Payload 936/2160 sent successfully. Status Code: 200
2026-06-30 21:24:36,480 - INFO - ThreadPoolExecutor-0_0 - [PROD] Sending payload 944/2160 | Order Number: V4063007946
2026-06-30 21:24:36,535 - INFO - ThreadPoolExecutor-0_3 - [PROD] Payload 934/2160 sent successfully. Status Code: 200
2026-06-30 21:24:36,536 - INFO - ThreadPoolExecutor-0_3 - [PROD] Sending payload 945/2160 | Order Number: V4063007947
2026-06-30 21:24:36,569 - INFO - ThreadPoolExecutor-0_7 - [PROD] Payload 935/2160 sent successfully. Status Code: 200
2026-06-30 21:24:36,570 - INFO - ThreadPoolExecutor-0_7 - [PROD] Sending payload 946/2160 | Order Number: V4063007948
2026-06-30 21:24:36,728 - INFO - ThreadPoolExecutor-0_1 - [PROD] Payload 937/2160 sent successfully. Status Code: 200
2026-06-30 21:24:36,730 - INFO - ThreadPoolExecutor-0_1 - [PROD] Sending payload 947/2160 | Order Number: V4063007949
2026-06-30 21:24:37,050 - INFO - ThreadPoolExecutor-0_4 - [PROD] Payload 938/2160 sent successfully. Status Code: 200
2026-06-30 21:24:37,052 - INFO - ThreadPoolExecutor-0_4 - [PROD] Sending payload 948/2160 | Order Number: V4063007950
2026-06-30 21:24:37,393 - INFO - ThreadPoolExecutor-0_2 - [PROD] Payload 939/2160 sent successfully. Status Code: 200
2026-06-30 21:24:37,395 - INFO - ThreadPoolExecutor-0_2 - [PROD] Sending payload 949/2160 | Order Number: V4063007951
2026-06-30 21:24:37,805 - INFO - ThreadPoolExecutor-0_9 - [PROD] Payload 940/2160 sent successfully. Status Code: 200
2026-06-30 21:24:37,807 - INFO - ThreadPoolExecutor-0_9 - [PROD] Sending payload 950/2160 | Order Number: V4063007952
2026-06-30 21:24:38,024 - INFO - ThreadPoolExecutor-0_6 - [PROD] Payload 943/2160 sent successfully. Status Code: 200
2026-06-30 21:24:38,026 - INFO - ThreadPoolExecutor-0_6 - [PROD] Sending payload 951/2160 | Order Number: V4063007953
2026-06-30 21:24:38,354 - INFO - ThreadPoolExecutor-0_5 - [PROD] Payload 942/2160 sent successfully. Status Code: 200
2026-06-30 21:24:38,355 - INFO - ThreadPoolExecutor-0_5 - [PROD] Sending payload 952/2160 | Order Number: V4063007954
2026-06-30 21:24:38,358 - INFO - ThreadPoolExecutor-0_8 - [PROD] Payload 941/2160 sent successfully. Status Code: 200
2026-06-30 21:24:38,359 - INFO - ThreadPoolExecutor-0_8 - [PROD] Sending payload 953/2160 | Order Number: V4063007955
2026-06-30 21:24:38,380 - INFO - ThreadPoolExecutor-0_3 - [PROD] Payload 945/2160 sent successfully. Status Code: 200
2026-06-30 21:24:38,381 - INFO - ThreadPoolExecutor-0_3 - [PROD] Sending payload 954/2160 | Order Number: V4063007956
2026-06-30 21:24:38,530 - INFO - ThreadPoolExecutor-0_0 - [PROD] Payload 944/2160 sent successfully. Status Code: 200
2026-06-30 21:24:38,531 - INFO - ThreadPoolExecutor-0_0 - [PROD] Sending payload 955/2160 | Order Number: V4063007957
2026-06-30 21:24:38,538 - INFO - ThreadPoolExecutor-0_7 - [PROD] Payload 946/2160 sent successfully. Status Code: 200
2026-06-30 21:24:38,538 - INFO - ThreadPoolExecutor-0_7 - [PROD] Sending payload 956/2160 | Order Number: V4063007958
2026-06-30 21:24:38,960 - INFO - ThreadPoolExecutor-0_4 - [PROD] Payload 948/2160 sent successfully. Status Code: 200
2026-06-30 21:24:38,962 - INFO - ThreadPoolExecutor-0_4 - [PROD] Sending payload 957/2160 | Order Number: V4063007959
2026-06-30 21:24:39,137 - INFO - ThreadPoolExecutor-0_1 - [PROD] Payload 947/2160 sent successfully. Status Code: 200
2026-06-30 21:24:39,139 - INFO - ThreadPoolExecutor-0_1 - [PROD] Sending payload 958/2160 | Order Number: V4063007960
2026-06-30 21:24:39,192 - INFO - ThreadPoolExecutor-0_2 - [PROD] Payload 949/2160 sent successfully. Status Code: 200
2026-06-30 21:24:39,193 - INFO - ThreadPoolExecutor-0_2 - [PROD] Sending payload 959/2160 | Order Number: V4063007961
2026-06-30 21:24:39,692 - INFO - ThreadPoolExecutor-0_9 - [PROD] Payload 950/2160 sent successfully. Status Code: 200
2026-06-30 21:24:39,693 - INFO - ThreadPoolExecutor-0_9 - [PROD] Sending payload 960/2160 | Order Number: V4063007962
2026-06-30 21:24:39,865 - INFO - ThreadPoolExecutor-0_6 - [PROD] Payload 951/2160 sent successfully. Status Code: 200
2026-06-30 21:24:39,867 - INFO - ThreadPoolExecutor-0_6 - [PROD] Sending payload 961/2160 | Order Number: V4063007963
2026-06-30 21:24:40,207 - INFO - ThreadPoolExecutor-0_8 - [PROD] Payload 953/2160 sent successfully. Status Code: 200
2026-06-30 21:24:40,211 - INFO - ThreadPoolExecutor-0_8 - [PROD] Sending payload 962/2160 | Order Number: V4063007964
2026-06-30 21:24:40,391 - INFO - ThreadPoolExecutor-0_5 - [PROD] Payload 952/2160 sent successfully. Status Code: 200
2026-06-30 21:24:40,392 - INFO - ThreadPoolExecutor-0_5 - [PROD] Sending payload 963/2160 | Order Number: V4063007965
2026-06-30 21:24:40,397 - INFO - ThreadPoolExecutor-0_7 - [PROD] Payload 956/2160 sent successfully. Status Code: 200
2026-06-30 21:24:40,398 - INFO - ThreadPoolExecutor-0_7 - [PROD] Sending payload 964/2160 | Order Number: V4063007966
2026-06-30 21:24:40,431 - INFO - ThreadPoolExecutor-0_0 - [PROD] Payload 955/2160 sent successfully. Status Code: 200
2026-06-30 21:24:40,432 - INFO - ThreadPoolExecutor-0_0 - [PROD] Sending payload 965/2160 | Order Number: V4063007967
2026-06-30 21:24:40,620 - INFO - ThreadPoolExecutor-0_3 - [PROD] Payload 954/2160 sent successfully. Status Code: 200
2026-06-30 21:24:40,620 - INFO - ThreadPoolExecutor-0_3 - [PROD] Sending payload 966/2160 | Order Number: V4063007968
2026-06-30 21:24:40,914 - INFO - ThreadPoolExecutor-0_1 - [PROD] Payload 958/2160 sent successfully. Status Code: 200
2026-06-30 21:24:40,915 - INFO - ThreadPoolExecutor-0_1 - [PROD] Sending payload 967/2160 | Order Number: V4063007969
2026-06-30 21:24:40,968 - INFO - ThreadPoolExecutor-0_4 - [PROD] Payload 957/2160 sent successfully. Status Code: 200
2026-06-30 21:24:40,968 - INFO - ThreadPoolExecutor-0_4 - [PROD] Sending payload 968/2160 | Order Number: V4063007970
2026-06-30 21:24:41,031 - INFO - ThreadPoolExecutor-0_2 - [PROD] Payload 959/2160 sent successfully. Status Code: 200
2026-06-30 21:24:41,033 - INFO - ThreadPoolExecutor-0_2 - [PROD] Sending payload 969/2160 | Order Number: V4063007971
2026-06-30 21:24:41,494 - INFO - ThreadPoolExecutor-0_9 - [PROD] Payload 960/2160 sent successfully. Status Code: 200
2026-06-30 21:24:41,495 - INFO - ThreadPoolExecutor-0_9 - [PROD] Sending payload 970/2160 | Order Number: V4063007972
2026-06-30 21:24:41,670 - INFO - ThreadPoolExecutor-0_6 - [PROD] Payload 961/2160 sent successfully. Status Code: 200
2026-06-30 21:24:41,672 - INFO - ThreadPoolExecutor-0_6 - [PROD] Sending payload 971/2160 | Order Number: V4063007973
2026-06-30 21:24:42,087 - INFO - ThreadPoolExecutor-0_8 - [PROD] Payload 962/2160 sent successfully. Status Code: 200
2026-06-30 21:24:42,088 - INFO - ThreadPoolExecutor-0_8 - [PROD] Sending payload 972/2160 | Order Number: V4063007974
2026-06-30 21:24:42,177 - INFO - ThreadPoolExecutor-0_7 - [PROD] Payload 964/2160 sent successfully. Status Code: 200
2026-06-30 21:24:42,179 - INFO - ThreadPoolExecutor-0_7 - [PROD] Sending payload 973/2160 | Order Number: V4063007975
2026-06-30 21:24:42,315 - INFO - ThreadPoolExecutor-0_5 - [PROD] Payload 963/2160 sent successfully. Status Code: 200
2026-06-30 21:24:42,316 - INFO - ThreadPoolExecutor-0_5 - [PROD] Sending payload 974/2160 | Order Number: V4063007976
2026-06-30 21:24:42,357 - INFO - ThreadPoolExecutor-0_0 - [PROD] Payload 965/2160 sent successfully. Status Code: 200
2026-06-30 21:24:42,357 - INFO - ThreadPoolExecutor-0_0 - [PROD] Sending payload 975/2160 | Order Number: V4063007977
2026-06-30 21:24:42,456 - INFO - ThreadPoolExecutor-0_3 - [PROD] Payload 966/2160 sent successfully. Status Code: 200
2026-06-30 21:24:42,457 - INFO - ThreadPoolExecutor-0_3 - [PROD] Sending payload 976/2160 | Order Number: V4063007978
2026-06-30 21:24:42,757 - INFO - ThreadPoolExecutor-0_1 - [PROD] Payload 967/2160 sent successfully. Status Code: 200
2026-06-30 21:24:42,759 - INFO - ThreadPoolExecutor-0_1 - [PROD] Sending payload 977/2160 | Order Number: V4063007979
2026-06-30 21:24:42,802 - INFO - ThreadPoolExecutor-0_4 - [PROD] Payload 968/2160 sent successfully. Status Code: 200
2026-06-30 21:24:42,803 - INFO - ThreadPoolExecutor-0_4 - [PROD] Sending payload 978/2160 | Order Number: V4063007980
2026-06-30 21:24:42,864 - INFO - ThreadPoolExecutor-0_2 - [PROD] Payload 969/2160 sent successfully. Status Code: 200
2026-06-30 21:24:42,865 - INFO - ThreadPoolExecutor-0_2 - [PROD] Sending payload 979/2160 | Order Number: V4063007981
2026-06-30 21:24:43,334 - INFO - ThreadPoolExecutor-0_9 - [PROD] Payload 970/2160 sent successfully. Status Code: 200
2026-06-30 21:24:43,335 - INFO - ThreadPoolExecutor-0_9 - [PROD] Sending payload 980/2160 | Order Number: V4063007982
2026-06-30 21:24:43,476 - INFO - ThreadPoolExecutor-0_6 - [PROD] Payload 971/2160 sent successfully. Status Code: 200
2026-06-30 21:24:43,478 - INFO - ThreadPoolExecutor-0_6 - [PROD] Sending payload 981/2160 | Order Number: V4063007983
2026-06-30 21:24:44,016 - INFO - ThreadPoolExecutor-0_8 - [PROD] Payload 972/2160 sent successfully. Status Code: 200
2026-06-30 21:24:44,017 - INFO - ThreadPoolExecutor-0_7 - [PROD] Payload 973/2160 sent successfully. Status Code: 200
2026-06-30 21:24:44,018 - INFO - ThreadPoolExecutor-0_8 - [PROD] Sending payload 982/2160 | Order Number: V4063007984
2026-06-30 21:24:44,018 - INFO - ThreadPoolExecutor-0_7 - [PROD] Sending payload 983/2160 | Order Number: V4063007985
2026-06-30 21:24:44,149 - INFO - ThreadPoolExecutor-0_5 - [PROD] Payload 974/2160 sent successfully. Status Code: 200
2026-06-30 21:24:44,150 - INFO - ThreadPoolExecutor-0_5 - [PROD] Sending payload 984/2160 | Order Number: V4063007986
2026-06-30 21:24:44,203 - INFO - ThreadPoolExecutor-0_0 - [PROD] Payload 975/2160 sent successfully. Status Code: 200
2026-06-30 21:24:44,203 - INFO - ThreadPoolExecutor-0_0 - [PROD] Sending payload 985/2160 | Order Number: V4063007987
2026-06-30 21:24:44,313 - INFO - ThreadPoolExecutor-0_3 - [PROD] Payload 976/2160 sent successfully. Status Code: 200
2026-06-30 21:24:44,315 - INFO - ThreadPoolExecutor-0_3 - [PROD] Sending payload 986/2160 | Order Number: V4063007988
2026-06-30 21:24:44,651 - INFO - ThreadPoolExecutor-0_4 - [PROD] Payload 978/2160 sent successfully. Status Code: 200
2026-06-30 21:24:44,653 - INFO - ThreadPoolExecutor-0_4 - [PROD] Sending payload 987/2160 | Order Number: V4063007989
2026-06-30 21:24:44,660 - INFO - ThreadPoolExecutor-0_1 - [PROD] Payload 977/2160 sent successfully. Status Code: 200
2026-06-30 21:24:44,660 - INFO - ThreadPoolExecutor-0_1 - [PROD] Sending payload 988/2160 | Order Number: V4063007990
2026-06-30 21:24:44,849 - INFO - ThreadPoolExecutor-0_2 - [PROD] Payload 979/2160 sent successfully. Status Code: 200
2026-06-30 21:24:44,850 - INFO - ThreadPoolExecutor-0_2 - [PROD] Sending payload 989/2160 | Order Number: V4063007991
2026-06-30 21:24:45,189 - INFO - ThreadPoolExecutor-0_9 - [PROD] Payload 980/2160 sent successfully. Status Code: 200
2026-06-30 21:24:45,191 - INFO - ThreadPoolExecutor-0_9 - [PROD] Sending payload 990/2160 | Order Number: V4063007992
2026-06-30 21:24:45,274 - INFO - ThreadPoolExecutor-0_6 - [PROD] Payload 981/2160 sent successfully. Status Code: 200
2026-06-30 21:24:45,276 - INFO - ThreadPoolExecutor-0_6 - [PROD] Sending payload 991/2160 | Order Number: V4063007993
2026-06-30 21:24:45,845 - INFO - ThreadPoolExecutor-0_7 - [PROD] Payload 983/2160 sent successfully. Status Code: 200
2026-06-30 21:24:45,846 - INFO - ThreadPoolExecutor-0_7 - [PROD] Sending payload 992/2160 | Order Number: V4063007994
2026-06-30 21:24:45,940 - INFO - ThreadPoolExecutor-0_8 - [PROD] Payload 982/2160 sent successfully. Status Code: 200
2026-06-30 21:24:45,941 - INFO - ThreadPoolExecutor-0_8 - [PROD] Sending payload 993/2160 | Order Number: V4063007995
2026-06-30 21:24:45,996 - INFO - ThreadPoolExecutor-0_5 - [PROD] Payload 984/2160 sent successfully. Status Code: 200
2026-06-30 21:24:45,998 - INFO - ThreadPoolExecutor-0_5 - [PROD] Sending payload 994/2160 | Order Number: V4063007996
2026-06-30 21:24:46,101 - INFO - ThreadPoolExecutor-0_0 - [PROD] Payload 985/2160 sent successfully. Status Code: 200
2026-06-30 21:24:46,103 - INFO - ThreadPoolExecutor-0_0 - [PROD] Sending payload 995/2160 | Order Number: V4063007997
2026-06-30 21:24:46,194 - INFO - ThreadPoolExecutor-0_3 - [PROD] Payload 986/2160 sent successfully. Status Code: 200
2026-06-30 21:24:46,195 - INFO - ThreadPoolExecutor-0_3 - [PROD] Sending payload 996/2160 | Order Number: V4063007998
2026-06-30 21:24:46,468 - INFO - ThreadPoolExecutor-0_1 - [PROD] Payload 988/2160 sent successfully. Status Code: 200
2026-06-30 21:24:46,470 - INFO - ThreadPoolExecutor-0_1 - [PROD] Sending payload 997/2160 | Order Number: V4063007999
2026-06-30 21:24:46,661 - INFO - ThreadPoolExecutor-0_2 - [PROD] Payload 989/2160 sent successfully. Status Code: 200
2026-06-30 21:24:46,662 - INFO - ThreadPoolExecutor-0_4 - [PROD] Payload 987/2160 sent successfully. Status Code: 200
2026-06-30 21:24:46,663 - INFO - ThreadPoolExecutor-0_2 - [PROD] Sending payload 998/2160 | Order Number: V4063008000
2026-06-30 21:24:46,663 - INFO - ThreadPoolExecutor-0_4 - [PROD] Sending payload 999/2160 | Order Number: V4063008001
2026-06-30 21:24:47,038 - INFO - ThreadPoolExecutor-0_9 - [PROD] Payload 990/2160 sent successfully. Status Code: 200
2026-06-30 21:24:47,039 - INFO - ThreadPoolExecutor-0_9 - [PROD] Sending payload 1000/2160 | Order Number: V4063008002
2026-06-30 21:24:47,107 - INFO - ThreadPoolExecutor-0_6 - [PROD] Payload 991/2160 sent successfully. Status Code: 200
2026-06-30 21:24:47,108 - INFO - ThreadPoolExecutor-0_6 - [PROD] Sending payload 1001/2160 | Order Number: V4063008003
2026-06-30 21:24:47,759 - INFO - ThreadPoolExecutor-0_7 - [PROD] Payload 992/2160 sent successfully. Status Code: 200
2026-06-30 21:24:47,759 - INFO - ThreadPoolExecutor-0_8 - [PROD] Payload 993/2160 sent successfully. Status Code: 200
2026-06-30 21:24:47,760 - INFO - ThreadPoolExecutor-0_7 - [PROD] Sending payload 1002/2160 | Order Number: V4063008004
2026-06-30 21:24:47,760 - INFO - ThreadPoolExecutor-0_8 - [PROD] Sending payload 1003/2160 | Order Number: V4063008005
2026-06-30 21:24:47,878 - INFO - ThreadPoolExecutor-0_5 - [PROD] Payload 994/2160 sent successfully. Status Code: 200
2026-06-30 21:24:47,879 - INFO - ThreadPoolExecutor-0_5 - [PROD] Sending payload 1004/2160 | Order Number: V4063008006
2026-06-30 21:24:47,915 - INFO - ThreadPoolExecutor-0_0 - [PROD] Payload 995/2160 sent successfully. Status Code: 200
2026-06-30 21:24:47,916 - INFO - ThreadPoolExecutor-0_0 - [PROD] Sending payload 1005/2160 | Order Number: V4063008007
2026-06-30 21:24:48,030 - INFO - ThreadPoolExecutor-0_3 - [PROD] Payload 996/2160 sent successfully. Status Code: 200
2026-06-30 21:24:48,030 - INFO - ThreadPoolExecutor-0_3 - [PROD] Sending payload 1006/2160 | Order Number: V4063008008
2026-06-30 21:24:48,342 - INFO - ThreadPoolExecutor-0_1 - [PROD] Payload 997/2160 sent successfully. Status Code: 200
2026-06-30 21:24:48,345 - INFO - ThreadPoolExecutor-0_1 - [PROD] Sending payload 1007/2160 | Order Number: V4063008009
2026-06-30 21:24:48,536 - INFO - ThreadPoolExecutor-0_4 - [PROD] Payload 999/2160 sent successfully. Status Code: 200
2026-06-30 21:24:48,538 - INFO - ThreadPoolExecutor-0_4 - [PROD] Sending payload 1008/2160 | Order Number: V4063008010
2026-06-30 21:24:48,546 - INFO - ThreadPoolExecutor-0_2 - [PROD] Payload 998/2160 sent successfully. Status Code: 200
2026-06-30 21:24:48,546 - INFO - ThreadPoolExecutor-0_2 - [PROD] Sending payload 1009/2160 | Order Number: V4063008011
2026-06-30 21:24:49,017 - INFO - ThreadPoolExecutor-0_6 - [PROD] Payload 1001/2160 sent successfully. Status Code: 200
2026-06-30 21:24:49,018 - INFO - ThreadPoolExecutor-0_9 - [PROD] Payload 1000/2160 sent successfully. Status Code: 200
2026-06-30 21:24:49,019 - INFO - ThreadPoolExecutor-0_6 - [PROD] Sending payload 1010/2160 | Order Number: V4063008012
2026-06-30 21:24:49,020 - INFO - ThreadPoolExecutor-0_9 - [PROD] Sending payload 1011/2160 | Order Number: V4063008013
2026-06-30 21:24:49,559 - INFO - ThreadPoolExecutor-0_7 - [PROD] Payload 1002/2160 sent successfully. Status Code: 200
2026-06-30 21:24:49,560 - INFO - ThreadPoolExecutor-0_7 - [PROD] Sending payload 1012/2160 | Order Number: V4063008014
2026-06-30 21:24:49,600 - INFO - ThreadPoolExecutor-0_8 - [PROD] Payload 1003/2160 sent successfully. Status Code: 200
2026-06-30 21:24:49,601 - INFO - ThreadPoolExecutor-0_8 - [PROD] Sending payload 1013/2160 | Order Number: V4063008015
2026-06-30 21:24:49,675 - INFO - ThreadPoolExecutor-0_5 - [PROD] Payload 1004/2160 sent successfully. Status Code: 200
2026-06-30 21:24:49,677 - INFO - ThreadPoolExecutor-0_5 - [PROD] Sending payload 1014/2160 | Order Number: V4063008016
2026-06-30 21:24:49,829 - INFO - ThreadPoolExecutor-0_3 - [PROD] Payload 1006/2160 sent successfully. Status Code: 200
2026-06-30 21:24:49,830 - INFO - ThreadPoolExecutor-0_3 - [PROD] Sending payload 1015/2160 | Order Number: V4063008017
2026-06-30 21:24:49,858 - INFO - ThreadPoolExecutor-0_0 - [PROD] Payload 1005/2160 sent successfully. Status Code: 200
2026-06-30 21:24:49,859 - INFO - ThreadPoolExecutor-0_0 - [PROD] Sending payload 1016/2160 | Order Number: V4063008018
2026-06-30 21:24:50,119 - INFO - ThreadPoolExecutor-0_1 - [PROD] Payload 1007/2160 sent successfully. Status Code: 200
2026-06-30 21:24:50,121 - INFO - ThreadPoolExecutor-0_1 - [PROD] Sending payload 1017/2160 | Order Number: V4063008019
2026-06-30 21:24:50,371 - INFO - ThreadPoolExecutor-0_4 - [PROD] Payload 1008/2160 sent successfully. Status Code: 200
2026-06-30 21:24:50,372 - INFO - ThreadPoolExecutor-0_2 - [PROD] Payload 1009/2160 sent successfully. Status Code: 200
2026-06-30 21:24:50,373 - INFO - ThreadPoolExecutor-0_4 - [PROD] Sending payload 1018/2160 | Order Number: V4063008020
2026-06-30 21:24:50,373 - INFO - ThreadPoolExecutor-0_2 - [PROD] Sending payload 1019/2160 | Order Number: V4063008021
2026-06-30 21:24:50,855 - INFO - ThreadPoolExecutor-0_9 - [PROD] Payload 1011/2160 sent successfully. Status Code: 200
2026-06-30 21:24:50,857 - INFO - ThreadPoolExecutor-0_9 - [PROD] Sending payload 1020/2160 | Order Number: V4063008022
2026-06-30 21:24:50,946 - INFO - ThreadPoolExecutor-0_6 - [PROD] Payload 1010/2160 sent successfully. Status Code: 200
2026-06-30 21:24:50,948 - INFO - ThreadPoolExecutor-0_6 - [PROD] Sending payload 1021/2160 | Order Number: V4063008023
2026-06-30 21:24:51,375 - INFO - ThreadPoolExecutor-0_7 - [PROD] Payload 1012/2160 sent successfully. Status Code: 200
2026-06-30 21:24:51,378 - INFO - ThreadPoolExecutor-0_7 - [PROD] Sending payload 1022/2160 | Order Number: V4063008024
2026-06-30 21:24:51,418 - INFO - ThreadPoolExecutor-0_8 - [PROD] Payload 1013/2160 sent successfully. Status Code: 200
2026-06-30 21:24:51,418 - INFO - ThreadPoolExecutor-0_8 - [PROD] Sending payload 1023/2160 | Order Number: V4063008025
2026-06-30 21:24:51,488 - INFO - ThreadPoolExecutor-0_5 - [PROD] Payload 1014/2160 sent successfully. Status Code: 200
2026-06-30 21:24:51,488 - INFO - ThreadPoolExecutor-0_5 - [PROD] Sending payload 1024/2160 | Order Number: V4063008026
2026-06-30 21:24:51,694 - INFO - ThreadPoolExecutor-0_3 - [PROD] Payload 1015/2160 sent successfully. Status Code: 200
2026-06-30 21:24:51,696 - INFO - ThreadPoolExecutor-0_3 - [PROD] Sending payload 1025/2160 | Order Number: V4063008027
2026-06-30 21:24:51,742 - INFO - ThreadPoolExecutor-0_0 - [PROD] Payload 1016/2160 sent successfully. Status Code: 200
2026-06-30 21:24:51,743 - INFO - ThreadPoolExecutor-0_0 - [PROD] Sending payload 1026/2160 | Order Number: V4063008028
2026-06-30 21:24:51,942 - INFO - ThreadPoolExecutor-0_1 - [PROD] Payload 1017/2160 sent successfully. Status Code: 200
2026-06-30 21:24:51,943 - INFO - ThreadPoolExecutor-0_1 - [PROD] Sending payload 1027/2160 | Order Number: V4063008029
2026-06-30 21:24:52,202 - INFO - ThreadPoolExecutor-0_4 - [PROD] Payload 1018/2160 sent successfully. Status Code: 200
2026-06-30 21:24:52,204 - INFO - ThreadPoolExecutor-0_4 - [PROD] Sending payload 1028/2160 | Order Number: V4063008030
2026-06-30 21:24:52,220 - INFO - ThreadPoolExecutor-0_2 - [PROD] Payload 1019/2160 sent successfully. Status Code: 200
2026-06-30 21:24:52,220 - INFO - ThreadPoolExecutor-0_2 - [PROD] Sending payload 1029/2160 | Order Number: V4063008031
2026-06-30 21:24:52,728 - INFO - ThreadPoolExecutor-0_9 - [PROD] Payload 1020/2160 sent successfully. Status Code: 200
2026-06-30 21:24:52,730 - INFO - ThreadPoolExecutor-0_9 - [PROD] Sending payload 1030/2160 | Order Number: V4063008032
2026-06-30 21:24:52,806 - INFO - ThreadPoolExecutor-0_6 - [PROD] Payload 1021/2160 sent successfully. Status Code: 200
2026-06-30 21:24:52,808 - INFO - ThreadPoolExecutor-0_6 - [PROD] Sending payload 1031/2160 | Order Number: V4063008033
2026-06-30 21:24:53,186 - INFO - ThreadPoolExecutor-0_7 - [PROD] Payload 1022/2160 sent successfully. Status Code: 200
2026-06-30 21:24:53,187 - INFO - ThreadPoolExecutor-0_7 - [PROD] Sending payload 1032/2160 | Order Number: V4063008034
2026-06-30 21:24:53,315 - INFO - ThreadPoolExecutor-0_5 - [PROD] Payload 1024/2160 sent successfully. Status Code: 200
2026-06-30 21:24:53,317 - INFO - ThreadPoolExecutor-0_5 - [PROD] Sending payload 1033/2160 | Order Number: V4063008035
2026-06-30 21:24:53,380 - INFO - ThreadPoolExecutor-0_8 - [PROD] Payload 1023/2160 sent successfully. Status Code: 200
2026-06-30 21:24:53,381 - INFO - ThreadPoolExecutor-0_8 - [PROD] Sending payload 1034/2160 | Order Number: V4063008036
2026-06-30 21:24:53,533 - INFO - ThreadPoolExecutor-0_0 - [PROD] Payload 1026/2160 sent successfully. Status Code: 200
2026-06-30 21:24:53,536 - INFO - ThreadPoolExecutor-0_0 - [PROD] Sending payload 1035/2160 | Order Number: V4063008037
2026-06-30 21:24:53,538 - INFO - ThreadPoolExecutor-0_3 - [PROD] Payload 1025/2160 sent successfully. Status Code: 200
2026-06-30 21:24:53,540 - INFO - ThreadPoolExecutor-0_3 - [PROD] Sending payload 1036/2160 | Order Number: V4063008038
2026-06-30 21:24:53,844 - INFO - ThreadPoolExecutor-0_1 - [PROD] Payload 1027/2160 sent successfully. Status Code: 200
2026-06-30 21:24:53,846 - INFO - ThreadPoolExecutor-0_1 - [PROD] Sending payload 1037/2160 | Order Number: V4063008039
2026-06-30 21:24:54,049 - INFO - ThreadPoolExecutor-0_4 - [PROD] Payload 1028/2160 sent successfully. Status Code: 200
2026-06-30 21:24:54,051 - INFO - ThreadPoolExecutor-0_4 - [PROD] Sending payload 1038/2160 | Order Number: V4063008040
2026-06-30 21:24:54,055 - INFO - ThreadPoolExecutor-0_2 - [PROD] Payload 1029/2160 sent successfully. Status Code: 200
2026-06-30 21:24:54,056 - INFO - ThreadPoolExecutor-0_2 - [PROD] Sending payload 1039/2160 | Order Number: V4063008041
2026-06-30 21:24:54,512 - INFO - ThreadPoolExecutor-0_9 - [PROD] Payload 1030/2160 sent successfully. Status Code: 200
2026-06-30 21:24:54,514 - INFO - ThreadPoolExecutor-0_9 - [PROD] Sending payload 1040/2160 | Order Number: V4063008042
2026-06-30 21:24:54,705 - INFO - ThreadPoolExecutor-0_6 - [PROD] Payload 1031/2160 sent successfully. Status Code: 200
2026-06-30 21:24:54,707 - INFO - ThreadPoolExecutor-0_6 - [PROD] Sending payload 1041/2160 | Order Number: V4063008043
2026-06-30 21:24:55,049 - INFO - ThreadPoolExecutor-0_7 - [PROD] Payload 1032/2160 sent successfully. Status Code: 200
2026-06-30 21:24:55,049 - INFO - ThreadPoolExecutor-0_7 - [PROD] Sending payload 1042/2160 | Order Number: V4063008044
2026-06-30 21:24:55,158 - INFO - ThreadPoolExecutor-0_5 - [PROD] Payload 1033/2160 sent successfully. Status Code: 200
2026-06-30 21:24:55,159 - INFO - ThreadPoolExecutor-0_5 - [PROD] Sending payload 1043/2160 | Order Number: V4063008045
2026-06-30 21:24:55,253 - INFO - ThreadPoolExecutor-0_8 - [PROD] Payload 1034/2160 sent successfully. Status Code: 200
2026-06-30 21:24:55,254 - INFO - ThreadPoolExecutor-0_8 - [PROD] Sending payload 1044/2160 | Order Number: V4063008046
2026-06-30 21:24:55,380 - INFO - ThreadPoolExecutor-0_3 - [PROD] Payload 1036/2160 sent successfully. Status Code: 200
2026-06-30 21:24:55,382 - INFO - ThreadPoolExecutor-0_3 - [PROD] Sending payload 1045/2160 | Order Number: V4063008047
2026-06-30 21:24:55,423 - INFO - ThreadPoolExecutor-0_0 - [PROD] Payload 1035/2160 sent successfully. Status Code: 200
2026-06-30 21:24:55,424 - INFO - ThreadPoolExecutor-0_0 - [PROD] Sending payload 1046/2160 | Order Number: V4063008048
2026-06-30 21:24:55,722 - INFO - ThreadPoolExecutor-0_1 - [PROD] Payload 1037/2160 sent successfully. Status Code: 200
2026-06-30 21:24:55,724 - INFO - ThreadPoolExecutor-0_1 - [PROD] Sending payload 1047/2160 | Order Number: V4063008049
2026-06-30 21:24:55,900 - INFO - ThreadPoolExecutor-0_4 - [PROD] Payload 1038/2160 sent successfully. Status Code: 200
2026-06-30 21:24:55,902 - INFO - ThreadPoolExecutor-0_4 - [PROD] Sending payload 1048/2160 | Order Number: V4063008050
2026-06-30 21:24:56,068 - INFO - ThreadPoolExecutor-0_2 - [PROD] Payload 1039/2160 sent successfully. Status Code: 200
2026-06-30 21:24:56,070 - INFO - ThreadPoolExecutor-0_2 - [PROD] Sending payload 1049/2160 | Order Number: V4063008051
2026-06-30 21:24:56,546 - INFO - ThreadPoolExecutor-0_6 - [PROD] Payload 1041/2160 sent successfully. Status Code: 200
2026-06-30 21:24:56,548 - INFO - ThreadPoolExecutor-0_6 - [PROD] Sending payload 1050/2160 | Order Number: V4063008052
2026-06-30 21:24:56,694 - INFO - ThreadPoolExecutor-0_9 - [PROD] Payload 1040/2160 sent successfully. Status Code: 200
2026-06-30 21:24:56,695 - INFO - ThreadPoolExecutor-0_9 - [PROD] Sending payload 1051/2160 | Order Number: V4063008053
2026-06-30 21:24:56,894 - INFO - ThreadPoolExecutor-0_7 - [PROD] Payload 1042/2160 sent successfully. Status Code: 200
2026-06-30 21:24:56,896 - INFO - ThreadPoolExecutor-0_7 - [PROD] Sending payload 1052/2160 | Order Number: V4063008054
2026-06-30 21:24:56,947 - INFO - ThreadPoolExecutor-0_5 - [PROD] Payload 1043/2160 sent successfully. Status Code: 200
2026-06-30 21:24:56,948 - INFO - ThreadPoolExecutor-0_5 - [PROD] Sending payload 1053/2160 | Order Number: V4063008055
2026-06-30 21:24:57,104 - INFO - ThreadPoolExecutor-0_8 - [PROD] Payload 1044/2160 sent successfully. Status Code: 200
2026-06-30 21:24:57,107 - INFO - ThreadPoolExecutor-0_8 - [PROD] Sending payload 1054/2160 | Order Number: V4063008056
2026-06-30 21:24:57,223 - INFO - ThreadPoolExecutor-0_3 - [PROD] Payload 1045/2160 sent successfully. Status Code: 200
2026-06-30 21:24:57,226 - INFO - ThreadPoolExecutor-0_3 - [PROD] Sending payload 1055/2160 | Order Number: V4063008057
2026-06-30 21:24:57,238 - INFO - ThreadPoolExecutor-0_0 - [PROD] Payload 1046/2160 sent successfully. Status Code: 200
2026-06-30 21:24:57,238 - INFO - ThreadPoolExecutor-0_0 - [PROD] Sending payload 1056/2160 | Order Number: V4063008058
2026-06-30 21:24:57,619 - INFO - ThreadPoolExecutor-0_1 - [PROD] Payload 1047/2160 sent successfully. Status Code: 200
2026-06-30 21:24:57,621 - INFO - ThreadPoolExecutor-0_1 - [PROD] Sending payload 1057/2160 | Order Number: V4063008059
2026-06-30 21:24:57,844 - INFO - ThreadPoolExecutor-0_4 - [PROD] Payload 1048/2160 sent successfully. Status Code: 200
2026-06-30 21:24:57,845 - INFO - ThreadPoolExecutor-0_4 - [PROD] Sending payload 1058/2160 | Order Number: V4063008060
2026-06-30 21:24:57,882 - INFO - ThreadPoolExecutor-0_2 - [PROD] Payload 1049/2160 sent successfully. Status Code: 200
2026-06-30 21:24:57,883 - INFO - ThreadPoolExecutor-0_2 - [PROD] Sending payload 1059/2160 | Order Number: V4063008061
2026-06-30 21:24:58,410 - INFO - ThreadPoolExecutor-0_6 - [PROD] Payload 1050/2160 sent successfully. Status Code: 200
2026-06-30 21:24:58,410 - INFO - ThreadPoolExecutor-0_6 - [PROD] Sending payload 1060/2160 | Order Number: V4063008062
2026-06-30 21:24:58,581 - INFO - ThreadPoolExecutor-0_9 - [PROD] Payload 1051/2160 sent successfully. Status Code: 200
2026-06-30 21:24:58,583 - INFO - ThreadPoolExecutor-0_9 - [PROD] Sending payload 1061/2160 | Order Number: V4063008063
2026-06-30 21:24:58,775 - INFO - ThreadPoolExecutor-0_7 - [PROD] Payload 1052/2160 sent successfully. Status Code: 200
2026-06-30 21:24:58,776 - INFO - ThreadPoolExecutor-0_7 - [PROD] Sending payload 1062/2160 | Order Number: V4063008064
2026-06-30 21:24:58,779 - INFO - ThreadPoolExecutor-0_5 - [PROD] Payload 1053/2160 sent successfully. Status Code: 200
2026-06-30 21:24:58,780 - INFO - ThreadPoolExecutor-0_5 - [PROD] Sending payload 1063/2160 | Order Number: V4063008065
2026-06-30 21:24:59,018 - INFO - ThreadPoolExecutor-0_8 - [PROD] Payload 1054/2160 sent successfully. Status Code: 200
2026-06-30 21:24:59,020 - INFO - ThreadPoolExecutor-0_8 - [PROD] Sending payload 1064/2160 | Order Number: V4063008066
2026-06-30 21:24:59,063 - INFO - ThreadPoolExecutor-0_3 - [PROD] Payload 1055/2160 sent successfully. Status Code: 200
2026-06-30 21:24:59,064 - INFO - ThreadPoolExecutor-0_3 - [PROD] Sending payload 1065/2160 | Order Number: V4063008067
2026-06-30 21:24:59,204 - INFO - ThreadPoolExecutor-0_0 - [PROD] Payload 1056/2160 sent successfully. Status Code: 200
2026-06-30 21:24:59,206 - INFO - ThreadPoolExecutor-0_0 - [PROD] Sending payload 1066/2160 | Order Number: V4063008068
2026-06-30 21:24:59,455 - INFO - ThreadPoolExecutor-0_1 - [PROD] Payload 1057/2160 sent successfully. Status Code: 200
2026-06-30 21:24:59,456 - INFO - ThreadPoolExecutor-0_1 - [PROD] Sending payload 1067/2160 | Order Number: V4063008069
2026-06-30 21:24:59,703 - INFO - ThreadPoolExecutor-0_4 - [PROD] Payload 1058/2160 sent successfully. Status Code: 200
2026-06-30 21:24:59,704 - INFO - ThreadPoolExecutor-0_4 - [PROD] Sending payload 1068/2160 | Order Number: V4063008070
2026-06-30 21:24:59,964 - INFO - ThreadPoolExecutor-0_2 - [PROD] Payload 1059/2160 sent successfully. Status Code: 200
2026-06-30 21:24:59,965 - INFO - ThreadPoolExecutor-0_2 - [PROD] Sending payload 1069/2160 | Order Number: V4063008071
2026-06-30 21:25:00,333 - INFO - ThreadPoolExecutor-0_6 - [PROD] Payload 1060/2160 sent successfully. Status Code: 200
2026-06-30 21:25:00,335 - INFO - ThreadPoolExecutor-0_6 - [PROD] Sending payload 1070/2160 | Order Number: V4063008072
2026-06-30 21:25:00,513 - INFO - ThreadPoolExecutor-0_9 - [PROD] Payload 1061/2160 sent successfully. Status Code: 200
2026-06-30 21:25:00,515 - INFO - ThreadPoolExecutor-0_9 - [PROD] Sending payload 1071/2160 | Order Number: V4063008073
2026-06-30 21:25:00,695 - INFO - ThreadPoolExecutor-0_5 - [PROD] Payload 1063/2160 sent successfully. Status Code: 200
2026-06-30 21:25:00,697 - INFO - ThreadPoolExecutor-0_5 - [PROD] Sending payload 1072/2160 | Order Number: V4063008074
2026-06-30 21:25:00,830 - INFO - ThreadPoolExecutor-0_7 - [PROD] Payload 1062/2160 sent successfully. Status Code: 200
2026-06-30 21:25:00,832 - INFO - ThreadPoolExecutor-0_7 - [PROD] Sending payload 1073/2160 | Order Number: V4063008075
2026-06-30 21:25:00,910 - INFO - ThreadPoolExecutor-0_3 - [PROD] Payload 1065/2160 sent successfully. Status Code: 200
2026-06-30 21:25:00,912 - INFO - ThreadPoolExecutor-0_3 - [PROD] Sending payload 1074/2160 | Order Number: V4063008076
2026-06-30 21:25:00,999 - INFO - ThreadPoolExecutor-0_8 - [PROD] Payload 1064/2160 sent successfully. Status Code: 200
2026-06-30 21:25:01,000 - INFO - ThreadPoolExecutor-0_8 - [PROD] Sending payload 1075/2160 | Order Number: V4063008077
2026-06-30 21:25:01,038 - INFO - ThreadPoolExecutor-0_0 - [PROD] Payload 1066/2160 sent successfully. Status Code: 200
2026-06-30 21:25:01,038 - INFO - ThreadPoolExecutor-0_0 - [PROD] Sending payload 1076/2160 | Order Number: V4063008078
2026-06-30 21:25:01,260 - INFO - ThreadPoolExecutor-0_1 - [PROD] Payload 1067/2160 sent successfully. Status Code: 200
2026-06-30 21:25:01,262 - INFO - ThreadPoolExecutor-0_1 - [PROD] Sending payload 1077/2160 | Order Number: V4063008079
2026-06-30 21:25:01,812 - INFO - ThreadPoolExecutor-0_4 - [PROD] Payload 1068/2160 sent successfully. Status Code: 200
2026-06-30 21:25:01,813 - INFO - ThreadPoolExecutor-0_4 - [PROD] Sending payload 1078/2160 | Order Number: V4063008080
2026-06-30 21:25:02,120 - INFO - ThreadPoolExecutor-0_2 - [PROD] Payload 1069/2160 sent successfully. Status Code: 200
2026-06-30 21:25:02,122 - INFO - ThreadPoolExecutor-0_2 - [PROD] Sending payload 1079/2160 | Order Number: V4063008081
2026-06-30 21:25:02,273 - INFO - ThreadPoolExecutor-0_6 - [PROD] Payload 1070/2160 sent successfully. Status Code: 200
2026-06-30 21:25:02,274 - INFO - ThreadPoolExecutor-0_6 - [PROD] Sending payload 1080/2160 | Order Number: V4063008082
2026-06-30 21:25:02,512 - INFO - ThreadPoolExecutor-0_9 - [PROD] Payload 1071/2160 sent successfully. Status Code: 200
2026-06-30 21:25:02,515 - INFO - ThreadPoolExecutor-0_9 - [PROD] Sending payload 1081/2160 | Order Number: V4063008083
2026-06-30 21:25:02,587 - INFO - ThreadPoolExecutor-0_5 - [PROD] Payload 1072/2160 sent successfully. Status Code: 200
2026-06-30 21:25:02,588 - INFO - ThreadPoolExecutor-0_5 - [PROD] Sending payload 1082/2160 | Order Number: V4063008084
2026-06-30 21:25:02,875 - INFO - ThreadPoolExecutor-0_8 - [PROD] Payload 1075/2160 sent successfully. Status Code: 200
2026-06-30 21:25:02,878 - INFO - ThreadPoolExecutor-0_8 - [PROD] Sending payload 1083/2160 | Order Number: V4063008085
2026-06-30 21:25:02,894 - INFO - ThreadPoolExecutor-0_7 - [PROD] Payload 1073/2160 sent successfully. Status Code: 200
2026-06-30 21:25:02,895 - INFO - ThreadPoolExecutor-0_7 - [PROD] Sending payload 1084/2160 | Order Number: V4063008086
2026-06-30 21:25:02,979 - INFO - ThreadPoolExecutor-0_3 - [PROD] Payload 1074/2160 sent successfully. Status Code: 200
2026-06-30 21:25:02,980 - INFO - ThreadPoolExecutor-0_3 - [PROD] Sending payload 1085/2160 | Order Number: V4063008087
2026-06-30 21:25:03,223 - INFO - ThreadPoolExecutor-0_1 - [PROD] Payload 1077/2160 sent successfully. Status Code: 200
2026-06-30 21:25:03,226 - INFO - ThreadPoolExecutor-0_1 - [PROD] Sending payload 1086/2160 | Order Number: V4063008088
2026-06-30 21:25:03,681 - INFO - ThreadPoolExecutor-0_4 - [PROD] Payload 1078/2160 sent successfully. Status Code: 200
2026-06-30 21:25:03,682 - INFO - ThreadPoolExecutor-0_4 - [PROD] Sending payload 1087/2160 | Order Number: V4063008089
2026-06-30 21:25:03,751 - INFO - ThreadPoolExecutor-0_0 - [PROD] Payload 1076/2160 sent successfully. Status Code: 200
2026-06-30 21:25:03,752 - INFO - ThreadPoolExecutor-0_0 - [PROD] Sending payload 1088/2160 | Order Number: V4063008090
2026-06-30 21:25:04,019 - INFO - ThreadPoolExecutor-0_2 - [PROD] Payload 1079/2160 sent successfully. Status Code: 200
2026-06-30 21:25:04,021 - INFO - ThreadPoolExecutor-0_2 - [PROD] Sending payload 1089/2160 | Order Number: V4063008091
2026-06-30 21:25:04,222 - INFO - ThreadPoolExecutor-0_6 - [PROD] Payload 1080/2160 sent successfully. Status Code: 200
2026-06-30 21:25:04,224 - INFO - ThreadPoolExecutor-0_6 - [PROD] Sending payload 1090/2160 | Order Number: V4063008092
2026-06-30 21:25:04,473 - INFO - ThreadPoolExecutor-0_9 - [PROD] Payload 1081/2160 sent successfully. Status Code: 200
2026-06-30 21:25:04,475 - INFO - ThreadPoolExecutor-0_9 - [PROD] Sending payload 1091/2160 | Order Number: V4063008093
2026-06-30 21:25:04,537 - INFO - ThreadPoolExecutor-0_5 - [PROD] Payload 1082/2160 sent successfully. Status Code: 200
2026-06-30 21:25:04,538 - INFO - ThreadPoolExecutor-0_5 - [PROD] Sending payload 1092/2160 | Order Number: V4063008094
2026-06-30 21:25:04,691 - INFO - ThreadPoolExecutor-0_7 - [PROD] Payload 1084/2160 sent successfully. Status Code: 200
2026-06-30 21:25:04,692 - INFO - ThreadPoolExecutor-0_7 - [PROD] Sending payload 1093/2160 | Order Number: V4063008095
2026-06-30 21:25:04,791 - INFO - ThreadPoolExecutor-0_8 - [PROD] Payload 1083/2160 sent successfully. Status Code: 200
2026-06-30 21:25:04,792 - INFO - ThreadPoolExecutor-0_8 - [PROD] Sending payload 1094/2160 | Order Number: V4063008096
2026-06-30 21:25:05,007 - INFO - ThreadPoolExecutor-0_3 - [PROD] Payload 1085/2160 sent successfully. Status Code: 200
2026-06-30 21:25:05,009 - INFO - ThreadPoolExecutor-0_3 - [PROD] Sending payload 1095/2160 | Order Number: V4063008097
2026-06-30 21:25:05,272 - INFO - ThreadPoolExecutor-0_1 - [PROD] Payload 1086/2160 sent successfully. Status Code: 200
2026-06-30 21:25:05,274 - INFO - ThreadPoolExecutor-0_1 - [PROD] Sending payload 1096/2160 | Order Number: V4063008098
2026-06-30 21:25:05,637 - INFO - ThreadPoolExecutor-0_4 - [PROD] Payload 1087/2160 sent successfully. Status Code: 200
2026-06-30 21:25:05,639 - INFO - ThreadPoolExecutor-0_4 - [PROD] Sending payload 1097/2160 | Order Number: V4063008099
2026-06-30 21:25:05,724 - INFO - ThreadPoolExecutor-0_0 - [PROD] Payload 1088/2160 sent successfully. Status Code: 200
2026-06-30 21:25:05,725 - INFO - ThreadPoolExecutor-0_0 - [PROD] Sending payload 1098/2160 | Order Number: V4063008100
2026-06-30 21:25:05,927 - INFO - ThreadPoolExecutor-0_2 - [PROD] Payload 1089/2160 sent successfully. Status Code: 200
2026-06-30 21:25:05,928 - INFO - ThreadPoolExecutor-0_2 - [PROD] Sending payload 1099/2160 | Order Number: V4063008101
2026-06-30 21:25:06,065 - INFO - ThreadPoolExecutor-0_6 - [PROD] Payload 1090/2160 sent successfully. Status Code: 200
2026-06-30 21:25:06,067 - INFO - ThreadPoolExecutor-0_6 - [PROD] Sending payload 1100/2160 | Order Number: V4063008102
2026-06-30 21:25:06,255 - INFO - ThreadPoolExecutor-0_9 - [PROD] Payload 1091/2160 sent successfully. Status Code: 200
2026-06-30 21:25:06,256 - INFO - ThreadPoolExecutor-0_9 - [PROD] Sending payload 1101/2160 | Order Number: V4063008103
2026-06-30 21:25:06,495 - INFO - ThreadPoolExecutor-0_5 - [PROD] Payload 1092/2160 sent successfully. Status Code: 200
2026-06-30 21:25:06,497 - INFO - ThreadPoolExecutor-0_5 - [PROD] Sending payload 1102/2160 | Order Number: V4063008104
2026-06-30 21:25:06,698 - INFO - ThreadPoolExecutor-0_7 - [PROD] Payload 1093/2160 sent successfully. Status Code: 200
2026-06-30 21:25:06,700 - INFO - ThreadPoolExecutor-0_7 - [PROD] Sending payload 1103/2160 | Order Number: V4063008105
2026-06-30 21:25:06,751 - INFO - ThreadPoolExecutor-0_8 - [PROD] Payload 1094/2160 sent successfully. Status Code: 200
2026-06-30 21:25:06,752 - INFO - ThreadPoolExecutor-0_8 - [PROD] Sending payload 1104/2160 | Order Number: V4063008106
2026-06-30 21:25:06,819 - INFO - ThreadPoolExecutor-0_3 - [PROD] Payload 1095/2160 sent successfully. Status Code: 200
2026-06-30 21:25:06,820 - INFO - ThreadPoolExecutor-0_3 - [PROD] Sending payload 1105/2160 | Order Number: V4063008107
2026-06-30 21:25:07,257 - INFO - ThreadPoolExecutor-0_1 - [PROD] Payload 1096/2160 sent successfully. Status Code: 200
2026-06-30 21:25:07,259 - INFO - ThreadPoolExecutor-0_1 - [PROD] Sending payload 1106/2160 | Order Number: V4063008108
2026-06-30 21:25:07,440 - INFO - ThreadPoolExecutor-0_4 - [PROD] Payload 1097/2160 sent successfully. Status Code: 200
2026-06-30 21:25:07,441 - INFO - ThreadPoolExecutor-0_4 - [PROD] Sending payload 1107/2160 | Order Number: V4063008109
2026-06-30 21:25:07,793 - INFO - ThreadPoolExecutor-0_0 - [PROD] Payload 1098/2160 sent successfully. Status Code: 200
2026-06-30 21:25:07,795 - INFO - ThreadPoolExecutor-0_0 - [PROD] Sending payload 1108/2160 | Order Number: V4063008110
2026-06-30 21:25:07,879 - INFO - ThreadPoolExecutor-0_2 - [PROD] Payload 1099/2160 sent successfully. Status Code: 200
2026-06-30 21:25:07,881 - INFO - ThreadPoolExecutor-0_2 - [PROD] Sending payload 1109/2160 | Order Number: V4063008111
2026-06-30 21:25:07,915 - INFO - ThreadPoolExecutor-0_6 - [PROD] Payload 1100/2160 sent successfully. Status Code: 200
2026-06-30 21:25:07,915 - INFO - ThreadPoolExecutor-0_6 - [PROD] Sending payload 1110/2160 | Order Number: V4063008112
2026-06-30 21:25:08,119 - INFO - ThreadPoolExecutor-0_9 - [PROD] Payload 1101/2160 sent successfully. Status Code: 200
2026-06-30 21:25:08,121 - INFO - ThreadPoolExecutor-0_9 - [PROD] Sending payload 1111/2160 | Order Number: V4063008113
2026-06-30 21:25:08,305 - INFO - ThreadPoolExecutor-0_5 - [PROD] Payload 1102/2160 sent successfully. Status Code: 200
2026-06-30 21:25:08,306 - INFO - ThreadPoolExecutor-0_5 - [PROD] Sending payload 1112/2160 | Order Number: V4063008114
2026-06-30 21:25:08,710 - INFO - ThreadPoolExecutor-0_8 - [PROD] Payload 1104/2160 sent successfully. Status Code: 200
2026-06-30 21:25:08,712 - INFO - ThreadPoolExecutor-0_8 - [PROD] Sending payload 1113/2160 | Order Number: V4063008115
2026-06-30 21:25:08,804 - INFO - ThreadPoolExecutor-0_3 - [PROD] Payload 1105/2160 sent successfully. Status Code: 200
2026-06-30 21:25:08,805 - INFO - ThreadPoolExecutor-0_3 - [PROD] Sending payload 1114/2160 | Order Number: V4063008116
2026-06-30 21:25:08,960 - INFO - ThreadPoolExecutor-0_7 - [PROD] Payload 1103/2160 sent successfully. Status Code: 200
2026-06-30 21:25:08,962 - INFO - ThreadPoolExecutor-0_7 - [PROD] Sending payload 1115/2160 | Order Number: V4063008117
2026-06-30 21:25:09,200 - INFO - ThreadPoolExecutor-0_1 - [PROD] Payload 1106/2160 sent successfully. Status Code: 200
2026-06-30 21:25:09,202 - INFO - ThreadPoolExecutor-0_1 - [PROD] Sending payload 1116/2160 | Order Number: V4063008118
2026-06-30 21:25:09,276 - INFO - ThreadPoolExecutor-0_4 - [PROD] Payload 1107/2160 sent successfully. Status Code: 200
2026-06-30 21:25:09,278 - INFO - ThreadPoolExecutor-0_4 - [PROD] Sending payload 1117/2160 | Order Number: V4063008119
2026-06-30 21:25:09,615 - INFO - ThreadPoolExecutor-0_0 - [PROD] Payload 1108/2160 sent successfully. Status Code: 200
2026-06-30 21:25:09,617 - INFO - ThreadPoolExecutor-0_0 - [PROD] Sending payload 1118/2160 | Order Number: V4063008120
2026-06-30 21:25:09,692 - INFO - ThreadPoolExecutor-0_6 - [PROD] Payload 1110/2160 sent successfully. Status Code: 200
2026-06-30 21:25:09,694 - INFO - ThreadPoolExecutor-0_6 - [PROD] Sending payload 1119/2160 | Order Number: V4063008121
2026-06-30 21:25:09,973 - INFO - ThreadPoolExecutor-0_9 - [PROD] Payload 1111/2160 sent successfully. Status Code: 200
2026-06-30 21:25:09,975 - INFO - ThreadPoolExecutor-0_9 - [PROD] Sending payload 1120/2160 | Order Number: V4063008122
2026-06-30 21:25:10,140 - INFO - ThreadPoolExecutor-0_5 - [PROD] Payload 1112/2160 sent successfully. Status Code: 200
2026-06-30 21:25:10,142 - INFO - ThreadPoolExecutor-0_5 - [PROD] Sending payload 1121/2160 | Order Number: V4063008123
2026-06-30 21:25:10,171 - INFO - ThreadPoolExecutor-0_2 - [PROD] Payload 1109/2160 sent successfully. Status Code: 200
2026-06-30 21:25:10,171 - INFO - ThreadPoolExecutor-0_2 - [PROD] Sending payload 1122/2160 | Order Number: V4063008124
2026-06-30 21:25:10,552 - INFO - ThreadPoolExecutor-0_8 - [PROD] Payload 1113/2160 sent successfully. Status Code: 200
2026-06-30 21:25:10,554 - INFO - ThreadPoolExecutor-0_8 - [PROD] Sending payload 1123/2160 | Order Number: V4063008125
2026-06-30 21:25:10,636 - INFO - ThreadPoolExecutor-0_3 - [PROD] Payload 1114/2160 sent successfully. Status Code: 200
2026-06-30 21:25:10,637 - INFO - ThreadPoolExecutor-0_3 - [PROD] Sending payload 1124/2160 | Order Number: V4063008126
2026-06-30 21:25:10,825 - INFO - ThreadPoolExecutor-0_7 - [PROD] Payload 1115/2160 sent successfully. Status Code: 200
2026-06-30 21:25:10,826 - INFO - ThreadPoolExecutor-0_7 - [PROD] Sending payload 1125/2160 | Order Number: V4063008127
2026-06-30 21:25:10,977 - INFO - ThreadPoolExecutor-0_1 - [PROD] Payload 1116/2160 sent successfully. Status Code: 200
2026-06-30 21:25:10,978 - INFO - ThreadPoolExecutor-0_1 - [PROD] Sending payload 1126/2160 | Order Number: V4063008128
2026-06-30 21:25:11,169 - INFO - ThreadPoolExecutor-0_4 - [PROD] Payload 1117/2160 sent successfully. Status Code: 200
2026-06-30 21:25:11,170 - INFO - ThreadPoolExecutor-0_4 - [PROD] Sending payload 1127/2160 | Order Number: V4063008129
2026-06-30 21:25:11,452 - INFO - ThreadPoolExecutor-0_0 - [PROD] Payload 1118/2160 sent successfully. Status Code: 200
2026-06-30 21:25:11,454 - INFO - ThreadPoolExecutor-0_0 - [PROD] Sending payload 1128/2160 | Order Number: V4063008130
2026-06-30 21:25:11,606 - INFO - ThreadPoolExecutor-0_6 - [PROD] Payload 1119/2160 sent successfully. Status Code: 200
2026-06-30 21:25:11,607 - INFO - ThreadPoolExecutor-0_6 - [PROD] Sending payload 1129/2160 | Order Number: V4063008131
2026-06-30 21:25:12,114 - INFO - ThreadPoolExecutor-0_5 - [PROD] Payload 1121/2160 sent successfully. Status Code: 200
2026-06-30 21:25:12,117 - INFO - ThreadPoolExecutor-0_5 - [PROD] Sending payload 1130/2160 | Order Number: V4063008132
2026-06-30 21:25:12,130 - INFO - ThreadPoolExecutor-0_9 - [PROD] Payload 1120/2160 sent successfully. Status Code: 200
2026-06-30 21:25:12,131 - INFO - ThreadPoolExecutor-0_9 - [PROD] Sending payload 1131/2160 | Order Number: V4063008133
2026-06-30 21:25:12,347 - INFO - ThreadPoolExecutor-0_8 - [PROD] Payload 1123/2160 sent successfully. Status Code: 200
2026-06-30 21:25:12,349 - INFO - ThreadPoolExecutor-0_8 - [PROD] Sending payload 1132/2160 | Order Number: V4063008134
2026-06-30 21:25:12,467 - INFO - ThreadPoolExecutor-0_2 - [PROD] Payload 1122/2160 sent successfully. Status Code: 200
2026-06-30 21:25:12,469 - INFO - ThreadPoolExecutor-0_2 - [PROD] Sending payload 1133/2160 | Order Number: V4063008135
2026-06-30 21:25:12,747 - INFO - ThreadPoolExecutor-0_1 - [PROD] Payload 1126/2160 sent successfully. Status Code: 200
2026-06-30 21:25:12,750 - INFO - ThreadPoolExecutor-0_1 - [PROD] Sending payload 1134/2160 | Order Number: V4063008136
2026-06-30 21:25:12,797 - INFO - ThreadPoolExecutor-0_7 - [PROD] Payload 1125/2160 sent successfully. Status Code: 200
2026-06-30 21:25:12,797 - INFO - ThreadPoolExecutor-0_7 - [PROD] Sending payload 1135/2160 | Order Number: V4063008137
2026-06-30 21:25:13,080 - INFO - ThreadPoolExecutor-0_4 - [PROD] Payload 1127/2160 sent successfully. Status Code: 200
2026-06-30 21:25:13,082 - INFO - ThreadPoolExecutor-0_4 - [PROD] Sending payload 1136/2160 | Order Number: V4063008138
2026-06-30 21:25:13,356 - INFO - ThreadPoolExecutor-0_3 - [PROD] Payload 1124/2160 sent successfully. Status Code: 200
2026-06-30 21:25:13,357 - INFO - ThreadPoolExecutor-0_3 - [PROD] Sending payload 1137/2160 | Order Number: V4063008139
2026-06-30 21:25:13,417 - INFO - ThreadPoolExecutor-0_6 - [PROD] Payload 1129/2160 sent successfully. Status Code: 200
2026-06-30 21:25:13,420 - INFO - ThreadPoolExecutor-0_6 - [PROD] Sending payload 1138/2160 | Order Number: V4063008140
2026-06-30 21:25:13,550 - INFO - ThreadPoolExecutor-0_0 - [PROD] Payload 1128/2160 sent successfully. Status Code: 200
2026-06-30 21:25:13,551 - INFO - ThreadPoolExecutor-0_0 - [PROD] Sending payload 1139/2160 | Order Number: V4063008141
2026-06-30 21:25:14,017 - INFO - ThreadPoolExecutor-0_9 - [PROD] Payload 1131/2160 sent successfully. Status Code: 200
2026-06-30 21:25:14,018 - INFO - ThreadPoolExecutor-0_5 - [PROD] Payload 1130/2160 sent successfully. Status Code: 200
2026-06-30 21:25:14,020 - INFO - ThreadPoolExecutor-0_5 - [PROD] Sending payload 1140/2160 | Order Number: V4063008142
2026-06-30 21:25:14,021 - INFO - ThreadPoolExecutor-0_9 - [PROD] Sending payload 1141/2160 | Order Number: V4063008143
2026-06-30 21:25:14,118 - INFO - ThreadPoolExecutor-0_8 - [PROD] Payload 1132/2160 sent successfully. Status Code: 200
2026-06-30 21:25:14,119 - INFO - ThreadPoolExecutor-0_8 - [PROD] Sending payload 1142/2160 | Order Number: V4063008144
2026-06-30 21:25:14,388 - INFO - ThreadPoolExecutor-0_2 - [PROD] Payload 1133/2160 sent successfully. Status Code: 200
2026-06-30 21:25:14,389 - INFO - ThreadPoolExecutor-0_2 - [PROD] Sending payload 1143/2160 | Order Number: V4063008145
2026-06-30 21:25:14,582 - INFO - ThreadPoolExecutor-0_1 - [PROD] Payload 1134/2160 sent successfully. Status Code: 200
2026-06-30 21:25:14,584 - INFO - ThreadPoolExecutor-0_1 - [PROD] Sending payload 1144/2160 | Order Number: V4063008146
2026-06-30 21:25:14,881 - INFO - ThreadPoolExecutor-0_7 - [PROD] Payload 1135/2160 sent successfully. Status Code: 200
2026-06-30 21:25:14,882 - INFO - ThreadPoolExecutor-0_7 - [PROD] Sending payload 1145/2160 | Order Number: V4063008147
2026-06-30 21:25:15,046 - INFO - ThreadPoolExecutor-0_4 - [PROD] Payload 1136/2160 sent successfully. Status Code: 200
2026-06-30 21:25:15,048 - INFO - ThreadPoolExecutor-0_4 - [PROD] Sending payload 1146/2160 | Order Number: V4063008148
2026-06-30 21:25:15,164 - INFO - ThreadPoolExecutor-0_3 - [PROD] Payload 1137/2160 sent successfully. Status Code: 200
2026-06-30 21:25:15,166 - INFO - ThreadPoolExecutor-0_3 - [PROD] Sending payload 1147/2160 | Order Number: V4063008149
2026-06-30 21:25:15,286 - INFO - ThreadPoolExecutor-0_6 - [PROD] Payload 1138/2160 sent successfully. Status Code: 200
2026-06-30 21:25:15,288 - INFO - ThreadPoolExecutor-0_6 - [PROD] Sending payload 1148/2160 | Order Number: V4063008150
2026-06-30 21:25:15,392 - INFO - ThreadPoolExecutor-0_0 - [PROD] Payload 1139/2160 sent successfully. Status Code: 200
2026-06-30 21:25:15,393 - INFO - ThreadPoolExecutor-0_0 - [PROD] Sending payload 1149/2160 | Order Number: V4063008151
2026-06-30 21:25:15,817 - INFO - ThreadPoolExecutor-0_9 - [PROD] Payload 1141/2160 sent successfully. Status Code: 200
2026-06-30 21:25:15,819 - INFO - ThreadPoolExecutor-0_9 - [PROD] Sending payload 1150/2160 | Order Number: V4063008152
2026-06-30 21:25:15,963 - INFO - ThreadPoolExecutor-0_5 - [PROD] Payload 1140/2160 sent successfully. Status Code: 200
2026-06-30 21:25:15,964 - INFO - ThreadPoolExecutor-0_5 - [PROD] Sending payload 1151/2160 | Order Number: V4063008153
2026-06-30 21:25:16,052 - INFO - ThreadPoolExecutor-0_8 - [PROD] Payload 1142/2160 sent successfully. Status Code: 200
2026-06-30 21:25:16,053 - INFO - ThreadPoolExecutor-0_8 - [PROD] Sending payload 1152/2160 | Order Number: V4063008154
2026-06-30 21:25:16,280 - INFO - ThreadPoolExecutor-0_2 - [PROD] Payload 1143/2160 sent successfully. Status Code: 200
2026-06-30 21:25:16,282 - INFO - ThreadPoolExecutor-0_2 - [PROD] Sending payload 1153/2160 | Order Number: V4063008155
2026-06-30 21:25:16,413 - INFO - ThreadPoolExecutor-0_1 - [PROD] Payload 1144/2160 sent successfully. Status Code: 200
2026-06-30 21:25:16,415 - INFO - ThreadPoolExecutor-0_1 - [PROD] Sending payload 1154/2160 | Order Number: V4063008156
2026-06-30 21:25:16,815 - INFO - ThreadPoolExecutor-0_7 - [PROD] Payload 1145/2160 sent successfully. Status Code: 200
2026-06-30 21:25:16,816 - INFO - ThreadPoolExecutor-0_7 - [PROD] Sending payload 1155/2160 | Order Number: V4063008157
2026-06-30 21:25:16,850 - INFO - ThreadPoolExecutor-0_4 - [PROD] Payload 1146/2160 sent successfully. Status Code: 200
2026-06-30 21:25:16,850 - INFO - ThreadPoolExecutor-0_4 - [PROD] Sending payload 1156/2160 | Order Number: V4063008158
2026-06-30 21:25:17,068 - INFO - ThreadPoolExecutor-0_3 - [PROD] Payload 1147/2160 sent successfully. Status Code: 200
2026-06-30 21:25:17,070 - INFO - ThreadPoolExecutor-0_3 - [PROD] Sending payload 1157/2160 | Order Number: V4063008159
2026-06-30 21:25:17,115 - INFO - ThreadPoolExecutor-0_6 - [PROD] Payload 1148/2160 sent successfully. Status Code: 200
2026-06-30 21:25:17,116 - INFO - ThreadPoolExecutor-0_6 - [PROD] Sending payload 1158/2160 | Order Number: V4063008160
2026-06-30 21:25:17,197 - INFO - ThreadPoolExecutor-0_0 - [PROD] Payload 1149/2160 sent successfully. Status Code: 200
2026-06-30 21:25:17,200 - INFO - ThreadPoolExecutor-0_0 - [PROD] Sending payload 1159/2160 | Order Number: V4063008161
2026-06-30 21:25:17,754 - INFO - ThreadPoolExecutor-0_9 - [PROD] Payload 1150/2160 sent successfully. Status Code: 200
2026-06-30 21:25:17,755 - INFO - ThreadPoolExecutor-0_9 - [PROD] Sending payload 1160/2160 | Order Number: V4063008162
2026-06-30 21:25:17,834 - INFO - ThreadPoolExecutor-0_5 - [PROD] Payload 1151/2160 sent successfully. Status Code: 200
2026-06-30 21:25:17,836 - INFO - ThreadPoolExecutor-0_5 - [PROD] Sending payload 1161/2160 | Order Number: V4063008163
2026-06-30 21:25:18,071 - INFO - ThreadPoolExecutor-0_8 - [PROD] Payload 1152/2160 sent successfully. Status Code: 200
2026-06-30 21:25:18,072 - INFO - ThreadPoolExecutor-0_8 - [PROD] Sending payload 1162/2160 | Order Number: V4063008164
2026-06-30 21:25:18,197 - INFO - ThreadPoolExecutor-0_2 - [PROD] Payload 1153/2160 sent successfully. Status Code: 200
2026-06-30 21:25:18,199 - INFO - ThreadPoolExecutor-0_2 - [PROD] Sending payload 1163/2160 | Order Number: V4063008165
2026-06-30 21:25:18,301 - INFO - ThreadPoolExecutor-0_1 - [PROD] Payload 1154/2160 sent successfully. Status Code: 200
2026-06-30 21:25:18,302 - INFO - ThreadPoolExecutor-0_1 - [PROD] Sending payload 1164/2160 | Order Number: V4063008166
2026-06-30 21:25:18,599 - INFO - ThreadPoolExecutor-0_7 - [PROD] Payload 1155/2160 sent successfully. Status Code: 200
2026-06-30 21:25:18,600 - INFO - ThreadPoolExecutor-0_7 - [PROD] Sending payload 1165/2160 | Order Number: V4063008167
2026-06-30 21:25:18,627 - INFO - ThreadPoolExecutor-0_4 - [PROD] Payload 1156/2160 sent successfully. Status Code: 200
2026-06-30 21:25:18,629 - INFO - ThreadPoolExecutor-0_4 - [PROD] Sending payload 1166/2160 | Order Number: V4063008168
2026-06-30 21:25:18,971 - INFO - ThreadPoolExecutor-0_3 - [PROD] Payload 1157/2160 sent successfully. Status Code: 200
2026-06-30 21:25:18,973 - INFO - ThreadPoolExecutor-0_3 - [PROD] Sending payload 1167/2160 | Order Number: V4063008169
2026-06-30 21:25:19,031 - INFO - ThreadPoolExecutor-0_0 - [PROD] Payload 1159/2160 sent successfully. Status Code: 200
2026-06-30 21:25:19,032 - INFO - ThreadPoolExecutor-0_0 - [PROD] Sending payload 1168/2160 | Order Number: V4063008170
2026-06-30 21:25:19,046 - INFO - ThreadPoolExecutor-0_6 - [PROD] Payload 1158/2160 sent successfully. Status Code: 200
2026-06-30 21:25:19,046 - INFO - ThreadPoolExecutor-0_6 - [PROD] Sending payload 1169/2160 | Order Number: V4063008171
2026-06-30 21:25:19,608 - INFO - ThreadPoolExecutor-0_5 - [PROD] Payload 1161/2160 sent successfully. Status Code: 200
2026-06-30 21:25:19,609 - INFO - ThreadPoolExecutor-0_5 - [PROD] Sending payload 1170/2160 | Order Number: V4063008172
2026-06-30 21:25:19,659 - INFO - ThreadPoolExecutor-0_9 - [PROD] Payload 1160/2160 sent successfully. Status Code: 200
2026-06-30 21:25:19,660 - INFO - ThreadPoolExecutor-0_9 - [PROD] Sending payload 1171/2160 | Order Number: V4063008173
2026-06-30 21:25:19,886 - INFO - ThreadPoolExecutor-0_8 - [PROD] Payload 1162/2160 sent successfully. Status Code: 200
2026-06-30 21:25:19,889 - INFO - ThreadPoolExecutor-0_8 - [PROD] Sending payload 1172/2160 | Order Number: V4063008174
2026-06-30 21:25:20,030 - INFO - ThreadPoolExecutor-0_2 - [PROD] Payload 1163/2160 sent successfully. Status Code: 200
2026-06-30 21:25:20,033 - INFO - ThreadPoolExecutor-0_2 - [PROD] Sending payload 1173/2160 | Order Number: V4063008175
2026-06-30 21:25:20,170 - INFO - ThreadPoolExecutor-0_1 - [PROD] Payload 1164/2160 sent successfully. Status Code: 200
2026-06-30 21:25:20,173 - INFO - ThreadPoolExecutor-0_1 - [PROD] Sending payload 1174/2160 | Order Number: V4063008176
2026-06-30 21:25:20,483 - INFO - ThreadPoolExecutor-0_7 - [PROD] Payload 1165/2160 sent successfully. Status Code: 200
2026-06-30 21:25:20,483 - INFO - ThreadPoolExecutor-0_4 - [PROD] Payload 1166/2160 sent successfully. Status Code: 200
2026-06-30 21:25:20,485 - INFO - ThreadPoolExecutor-0_7 - [PROD] Sending payload 1175/2160 | Order Number: V4063008177
2026-06-30 21:25:20,486 - INFO - ThreadPoolExecutor-0_4 - [PROD] Sending payload 1176/2160 | Order Number: V4063008178
2026-06-30 21:25:20,787 - INFO - ThreadPoolExecutor-0_3 - [PROD] Payload 1167/2160 sent successfully. Status Code: 200
2026-06-30 21:25:20,788 - INFO - ThreadPoolExecutor-0_3 - [PROD] Sending payload 1177/2160 | Order Number: V4063008179
2026-06-30 21:25:20,881 - INFO - ThreadPoolExecutor-0_6 - [PROD] Payload 1169/2160 sent successfully. Status Code: 200
2026-06-30 21:25:20,883 - INFO - ThreadPoolExecutor-0_6 - [PROD] Sending payload 1178/2160 | Order Number: V4063008180
2026-06-30 21:25:20,929 - INFO - ThreadPoolExecutor-0_0 - [PROD] Payload 1168/2160 sent successfully. Status Code: 200
2026-06-30 21:25:20,930 - INFO - ThreadPoolExecutor-0_0 - [PROD] Sending payload 1179/2160 | Order Number: V4063008181
2026-06-30 21:25:21,398 - INFO - ThreadPoolExecutor-0_5 - [PROD] Payload 1170/2160 sent successfully. Status Code: 200
2026-06-30 21:25:21,399 - INFO - ThreadPoolExecutor-0_5 - [PROD] Sending payload 1180/2160 | Order Number: V4063008182
2026-06-30 21:25:21,499 - INFO - ThreadPoolExecutor-0_9 - [PROD] Payload 1171/2160 sent successfully. Status Code: 200
2026-06-30 21:25:21,500 - INFO - ThreadPoolExecutor-0_9 - [PROD] Sending payload 1181/2160 | Order Number: V4063008183
2026-06-30 21:25:21,688 - INFO - ThreadPoolExecutor-0_8 - [PROD] Payload 1172/2160 sent successfully. Status Code: 200
2026-06-30 21:25:21,692 - INFO - ThreadPoolExecutor-0_8 - [PROD] Sending payload 1182/2160 | Order Number: V4063008184
2026-06-30 21:25:21,914 - INFO - ThreadPoolExecutor-0_2 - [PROD] Payload 1173/2160 sent successfully. Status Code: 200
2026-06-30 21:25:21,916 - INFO - ThreadPoolExecutor-0_2 - [PROD] Sending payload 1183/2160 | Order Number: V4063008185
2026-06-30 21:25:21,967 - INFO - ThreadPoolExecutor-0_1 - [PROD] Payload 1174/2160 sent successfully. Status Code: 200
2026-06-30 21:25:21,969 - INFO - ThreadPoolExecutor-0_1 - [PROD] Sending payload 1184/2160 | Order Number: V4063008186
2026-06-30 21:25:22,314 - INFO - ThreadPoolExecutor-0_4 - [PROD] Payload 1176/2160 sent successfully. Status Code: 200
2026-06-30 21:25:22,315 - INFO - ThreadPoolExecutor-0_4 - [PROD] Sending payload 1185/2160 | Order Number: V4063008187
2026-06-30 21:25:22,336 - INFO - ThreadPoolExecutor-0_7 - [PROD] Payload 1175/2160 sent successfully. Status Code: 200
2026-06-30 21:25:22,336 - INFO - ThreadPoolExecutor-0_7 - [PROD] Sending payload 1186/2160 | Order Number: V4063008188
2026-06-30 21:25:22,605 - INFO - ThreadPoolExecutor-0_3 - [PROD] Payload 1177/2160 sent successfully. Status Code: 200
2026-06-30 21:25:22,606 - INFO - ThreadPoolExecutor-0_3 - [PROD] Sending payload 1187/2160 | Order Number: V4063008189
2026-06-30 21:25:22,736 - INFO - ThreadPoolExecutor-0_0 - [PROD] Payload 1179/2160 sent successfully. Status Code: 200
2026-06-30 21:25:22,737 - INFO - ThreadPoolExecutor-0_0 - [PROD] Sending payload 1188/2160 | Order Number: V4063008190
2026-06-30 21:25:22,768 - INFO - ThreadPoolExecutor-0_6 - [PROD] Payload 1178/2160 sent successfully. Status Code: 200
2026-06-30 21:25:22,769 - INFO - ThreadPoolExecutor-0_6 - [PROD] Sending payload 1189/2160 | Order Number: V4063008191
2026-06-30 21:25:23,254 - INFO - ThreadPoolExecutor-0_5 - [PROD] Payload 1180/2160 sent successfully. Status Code: 200
2026-06-30 21:25:23,255 - INFO - ThreadPoolExecutor-0_5 - [PROD] Sending payload 1190/2160 | Order Number: V4063008192
2026-06-30 21:25:23,292 - INFO - ThreadPoolExecutor-0_9 - [PROD] Payload 1181/2160 sent successfully. Status Code: 200
2026-06-30 21:25:23,293 - INFO - ThreadPoolExecutor-0_9 - [PROD] Sending payload 1191/2160 | Order Number: V4063008193
2026-06-30 21:25:23,498 - INFO - ThreadPoolExecutor-0_8 - [PROD] Payload 1182/2160 sent successfully. Status Code: 200
2026-06-30 21:25:23,499 - INFO - ThreadPoolExecutor-0_8 - [PROD] Sending payload 1192/2160 | Order Number: V4063008194
2026-06-30 21:25:23,737 - INFO - ThreadPoolExecutor-0_2 - [PROD] Payload 1183/2160 sent successfully. Status Code: 200
2026-06-30 21:25:23,737 - INFO - ThreadPoolExecutor-0_2 - [PROD] Sending payload 1193/2160 | Order Number: V4063008195
2026-06-30 21:25:23,741 - INFO - ThreadPoolExecutor-0_1 - [PROD] Payload 1184/2160 sent successfully. Status Code: 200
2026-06-30 21:25:23,741 - INFO - ThreadPoolExecutor-0_1 - [PROD] Sending payload 1194/2160 | Order Number: V4063008196
2026-06-30 21:25:24,115 - INFO - ThreadPoolExecutor-0_7 - [PROD] Payload 1186/2160 sent successfully. Status Code: 200
2026-06-30 21:25:24,117 - INFO - ThreadPoolExecutor-0_7 - [PROD] Sending payload 1195/2160 | Order Number: V4063008197
2026-06-30 21:25:24,127 - INFO - ThreadPoolExecutor-0_4 - [PROD] Payload 1185/2160 sent successfully. Status Code: 200
2026-06-30 21:25:24,128 - INFO - ThreadPoolExecutor-0_4 - [PROD] Sending payload 1196/2160 | Order Number: V4063008198
2026-06-30 21:25:24,436 - INFO - ThreadPoolExecutor-0_3 - [PROD] Payload 1187/2160 sent successfully. Status Code: 200
2026-06-30 21:25:24,438 - INFO - ThreadPoolExecutor-0_3 - [PROD] Sending payload 1197/2160 | Order Number: V4063008199
2026-06-30 21:25:24,598 - INFO - ThreadPoolExecutor-0_0 - [PROD] Payload 1188/2160 sent successfully. Status Code: 200
2026-06-30 21:25:24,603 - INFO - ThreadPoolExecutor-0_0 - [PROD] Sending payload 1198/2160 | Order Number: V4063008200
2026-06-30 21:25:24,607 - INFO - ThreadPoolExecutor-0_6 - [PROD] Payload 1189/2160 sent successfully. Status Code: 200
2026-06-30 21:25:24,609 - INFO - ThreadPoolExecutor-0_6 - [PROD] Sending payload 1199/2160 | Order Number: V4063008201
2026-06-30 21:25:25,102 - INFO - ThreadPoolExecutor-0_5 - [PROD] Payload 1190/2160 sent successfully. Status Code: 200
2026-06-30 21:25:25,103 - INFO - ThreadPoolExecutor-0_5 - [PROD] Sending payload 1200/2160 | Order Number: V4063008202
2026-06-30 21:25:25,300 - INFO - ThreadPoolExecutor-0_8 - [PROD] Payload 1192/2160 sent successfully. Status Code: 200
2026-06-30 21:25:25,302 - INFO - ThreadPoolExecutor-0_8 - [PROD] Sending payload 1201/2160 | Order Number: V4063008203
2026-06-30 21:25:25,313 - INFO - ThreadPoolExecutor-0_9 - [PROD] Payload 1191/2160 sent successfully. Status Code: 200
2026-06-30 21:25:25,313 - INFO - ThreadPoolExecutor-0_9 - [PROD] Sending payload 1202/2160 | Order Number: V4063008204
2026-06-30 21:25:25,611 - INFO - ThreadPoolExecutor-0_2 - [PROD] Payload 1193/2160 sent successfully. Status Code: 200
2026-06-30 21:25:25,613 - INFO - ThreadPoolExecutor-0_2 - [PROD] Sending payload 1203/2160 | Order Number: V4063008205
2026-06-30 21:25:25,738 - INFO - ThreadPoolExecutor-0_1 - [PROD] Payload 1194/2160 sent successfully. Status Code: 200
2026-06-30 21:25:25,739 - INFO - ThreadPoolExecutor-0_1 - [PROD] Sending payload 1204/2160 | Order Number: V4063008206
2026-06-30 21:25:25,902 - INFO - ThreadPoolExecutor-0_7 - [PROD] Payload 1195/2160 sent successfully. Status Code: 200
2026-06-30 21:25:25,904 - INFO - ThreadPoolExecutor-0_7 - [PROD] Sending payload 1205/2160 | Order Number: V4063008207
2026-06-30 21:25:25,989 - INFO - ThreadPoolExecutor-0_4 - [PROD] Payload 1196/2160 sent successfully. Status Code: 200
2026-06-30 21:25:25,991 - INFO - ThreadPoolExecutor-0_4 - [PROD] Sending payload 1206/2160 | Order Number: V4063008208
2026-06-30 21:25:26,257 - INFO - ThreadPoolExecutor-0_3 - [PROD] Payload 1197/2160 sent successfully. Status Code: 200
2026-06-30 21:25:26,259 - INFO - ThreadPoolExecutor-0_3 - [PROD] Sending payload 1207/2160 | Order Number: V4063008209
2026-06-30 21:25:26,544 - INFO - ThreadPoolExecutor-0_0 - [PROD] Payload 1198/2160 sent successfully. Status Code: 200
2026-06-30 21:25:26,547 - INFO - ThreadPoolExecutor-0_0 - [PROD] Sending payload 1208/2160 | Order Number: V4063008210
2026-06-30 21:25:26,724 - INFO - ThreadPoolExecutor-0_6 - [PROD] Payload 1199/2160 sent successfully. Status Code: 200
2026-06-30 21:25:26,726 - INFO - ThreadPoolExecutor-0_6 - [PROD] Sending payload 1209/2160 | Order Number: V4063008211
2026-06-30 21:25:26,948 - INFO - ThreadPoolExecutor-0_5 - [PROD] Payload 1200/2160 sent successfully. Status Code: 200
2026-06-30 21:25:26,950 - INFO - ThreadPoolExecutor-0_5 - [PROD] Sending payload 1210/2160 | Order Number: V4063008212
2026-06-30 21:25:27,132 - INFO - ThreadPoolExecutor-0_8 - [PROD] Payload 1201/2160 sent successfully. Status Code: 200
2026-06-30 21:25:27,135 - INFO - ThreadPoolExecutor-0_8 - [PROD] Sending payload 1211/2160 | Order Number: V4063008213
2026-06-30 21:25:27,189 - INFO - ThreadPoolExecutor-0_9 - [PROD] Payload 1202/2160 sent successfully. Status Code: 200
2026-06-30 21:25:27,189 - INFO - ThreadPoolExecutor-0_9 - [PROD] Sending payload 1212/2160 | Order Number: V4063008214
2026-06-30 21:25:27,451 - INFO - ThreadPoolExecutor-0_2 - [PROD] Payload 1203/2160 sent successfully. Status Code: 200
2026-06-30 21:25:27,453 - INFO - ThreadPoolExecutor-0_2 - [PROD] Sending payload 1213/2160 | Order Number: V4063008215
2026-06-30 21:25:27,696 - INFO - ThreadPoolExecutor-0_7 - [PROD] Payload 1205/2160 sent successfully. Status Code: 200
2026-06-30 21:25:27,697 - INFO - ThreadPoolExecutor-0_7 - [PROD] Sending payload 1214/2160 | Order Number: V4063008216
2026-06-30 21:25:27,837 - INFO - ThreadPoolExecutor-0_4 - [PROD] Payload 1206/2160 sent successfully. Status Code: 200
2026-06-30 21:25:27,838 - INFO - ThreadPoolExecutor-0_4 - [PROD] Sending payload 1215/2160 | Order Number: V4063008217
2026-06-30 21:25:28,252 - INFO - ThreadPoolExecutor-0_3 - [PROD] Payload 1207/2160 sent successfully. Status Code: 200
2026-06-30 21:25:28,253 - INFO - ThreadPoolExecutor-0_3 - [PROD] Sending payload 1216/2160 | Order Number: V4063008218
2026-06-30 21:25:28,341 - INFO - ThreadPoolExecutor-0_1 - [PROD] Payload 1204/2160 sent successfully. Status Code: 200
2026-06-30 21:25:28,343 - INFO - ThreadPoolExecutor-0_1 - [PROD] Sending payload 1217/2160 | Order Number: V4063008219
2026-06-30 21:25:28,393 - INFO - ThreadPoolExecutor-0_0 - [PROD] Payload 1208/2160 sent successfully. Status Code: 200
2026-06-30 21:25:28,394 - INFO - ThreadPoolExecutor-0_0 - [PROD] Sending payload 1218/2160 | Order Number: V4063008220
2026-06-30 21:25:28,539 - INFO - ThreadPoolExecutor-0_6 - [PROD] Payload 1209/2160 sent successfully. Status Code: 200
2026-06-30 21:25:28,539 - INFO - ThreadPoolExecutor-0_6 - [PROD] Sending payload 1219/2160 | Order Number: V4063008221
2026-06-30 21:25:28,774 - INFO - ThreadPoolExecutor-0_5 - [PROD] Payload 1210/2160 sent successfully. Status Code: 200
2026-06-30 21:25:28,775 - INFO - ThreadPoolExecutor-0_5 - [PROD] Sending payload 1220/2160 | Order Number: V4063008222
2026-06-30 21:25:28,973 - INFO - ThreadPoolExecutor-0_8 - [PROD] Payload 1211/2160 sent successfully. Status Code: 200
2026-06-30 21:25:28,973 - INFO - ThreadPoolExecutor-0_8 - [PROD] Sending payload 1221/2160 | Order Number: V4063008223
2026-06-30 21:25:29,117 - INFO - ThreadPoolExecutor-0_9 - [PROD] Payload 1212/2160 sent successfully. Status Code: 200
2026-06-30 21:25:29,118 - INFO - ThreadPoolExecutor-0_9 - [PROD] Sending payload 1222/2160 | Order Number: V4063008224
2026-06-30 21:25:29,297 - INFO - ThreadPoolExecutor-0_2 - [PROD] Payload 1213/2160 sent successfully. Status Code: 200
2026-06-30 21:25:29,299 - INFO - ThreadPoolExecutor-0_2 - [PROD] Sending payload 1223/2160 | Order Number: V4063008225
2026-06-30 21:25:29,560 - INFO - ThreadPoolExecutor-0_7 - [PROD] Payload 1214/2160 sent successfully. Status Code: 200
2026-06-30 21:25:29,562 - INFO - ThreadPoolExecutor-0_7 - [PROD] Sending payload 1224/2160 | Order Number: V4063008226
2026-06-30 21:25:29,651 - INFO - ThreadPoolExecutor-0_4 - [PROD] Payload 1215/2160 sent successfully. Status Code: 200
2026-06-30 21:25:29,653 - INFO - ThreadPoolExecutor-0_4 - [PROD] Sending payload 1225/2160 | Order Number: V4063008227
2026-06-30 21:25:30,115 - INFO - ThreadPoolExecutor-0_3 - [PROD] Payload 1216/2160 sent successfully. Status Code: 200
2026-06-30 21:25:30,117 - INFO - ThreadPoolExecutor-0_3 - [PROD] Sending payload 1226/2160 | Order Number: V4063008228
2026-06-30 21:25:30,132 - INFO - ThreadPoolExecutor-0_1 - [PROD] Payload 1217/2160 sent successfully. Status Code: 200
2026-06-30 21:25:30,132 - INFO - ThreadPoolExecutor-0_1 - [PROD] Sending payload 1227/2160 | Order Number: V4063008229
2026-06-30 21:25:30,370 - INFO - ThreadPoolExecutor-0_6 - [PROD] Payload 1219/2160 sent successfully. Status Code: 200
2026-06-30 21:25:30,372 - INFO - ThreadPoolExecutor-0_6 - [PROD] Sending payload 1228/2160 | Order Number: V4063008230
2026-06-30 21:25:30,591 - INFO - ThreadPoolExecutor-0_5 - [PROD] Payload 1220/2160 sent successfully. Status Code: 200
2026-06-30 21:25:30,593 - INFO - ThreadPoolExecutor-0_5 - [PROD] Sending payload 1229/2160 | Order Number: V4063008231
2026-06-30 21:25:30,871 - INFO - ThreadPoolExecutor-0_8 - [PROD] Payload 1221/2160 sent successfully. Status Code: 200
2026-06-30 21:25:30,873 - INFO - ThreadPoolExecutor-0_8 - [PROD] Sending payload 1230/2160 | Order Number: V4063008232
2026-06-30 21:25:30,961 - INFO - ThreadPoolExecutor-0_9 - [PROD] Payload 1222/2160 sent successfully. Status Code: 200
2026-06-30 21:25:30,962 - INFO - ThreadPoolExecutor-0_9 - [PROD] Sending payload 1231/2160 | Order Number: V4063008233
2026-06-30 21:25:31,242 - INFO - ThreadPoolExecutor-0_0 - [PROD] Payload 1218/2160 sent successfully. Status Code: 200
2026-06-30 21:25:31,244 - INFO - ThreadPoolExecutor-0_0 - [PROD] Sending payload 1232/2160 | Order Number: V4063008234
2026-06-30 21:25:31,351 - INFO - ThreadPoolExecutor-0_7 - [PROD] Payload 1224/2160 sent successfully. Status Code: 200
2026-06-30 21:25:31,353 - INFO - ThreadPoolExecutor-0_7 - [PROD] Sending payload 1233/2160 | Order Number: V4063008235
2026-06-30 21:25:31,490 - INFO - ThreadPoolExecutor-0_4 - [PROD] Payload 1225/2160 sent successfully. Status Code: 200
2026-06-30 21:25:31,492 - INFO - ThreadPoolExecutor-0_4 - [PROD] Sending payload 1234/2160 | Order Number: V4063008236
2026-06-30 21:25:31,810 - INFO - ThreadPoolExecutor-0_2 - [PROD] Payload 1223/2160 sent successfully. Status Code: 200
2026-06-30 21:25:31,812 - INFO - ThreadPoolExecutor-0_2 - [PROD] Sending payload 1235/2160 | Order Number: V4063008237
2026-06-30 21:25:31,896 - INFO - ThreadPoolExecutor-0_1 - [PROD] Payload 1227/2160 sent successfully. Status Code: 200
2026-06-30 21:25:31,899 - INFO - ThreadPoolExecutor-0_1 - [PROD] Sending payload 1236/2160 | Order Number: V4063008238
2026-06-30 21:25:31,932 - INFO - ThreadPoolExecutor-0_3 - [PROD] Payload 1226/2160 sent successfully. Status Code: 200
2026-06-30 21:25:31,933 - INFO - ThreadPoolExecutor-0_3 - [PROD] Sending payload 1237/2160 | Order Number: V4063008239
2026-06-30 21:25:32,215 - INFO - ThreadPoolExecutor-0_6 - [PROD] Payload 1228/2160 sent successfully. Status Code: 200
2026-06-30 21:25:32,217 - INFO - ThreadPoolExecutor-0_6 - [PROD] Sending payload 1238/2160 | Order Number: V4063008240
2026-06-30 21:25:32,733 - INFO - ThreadPoolExecutor-0_8 - [PROD] Payload 1230/2160 sent successfully. Status Code: 200
2026-06-30 21:25:32,737 - INFO - ThreadPoolExecutor-0_8 - [PROD] Sending payload 1239/2160 | Order Number: V4063008241
2026-06-30 21:25:32,758 - INFO - ThreadPoolExecutor-0_9 - [PROD] Payload 1231/2160 sent successfully. Status Code: 200
2026-06-30 21:25:32,758 - INFO - ThreadPoolExecutor-0_9 - [PROD] Sending payload 1240/2160 | Order Number: V4063008242
2026-06-30 21:25:33,035 - INFO - ThreadPoolExecutor-0_5 - [PROD] Payload 1229/2160 sent successfully. Status Code: 200
2026-06-30 21:25:33,037 - INFO - ThreadPoolExecutor-0_5 - [PROD] Sending payload 1241/2160 | Order Number: V4063008243
2026-06-30 21:25:33,339 - INFO - ThreadPoolExecutor-0_0 - [PROD] Payload 1232/2160 sent successfully. Status Code: 200
2026-06-30 21:25:33,342 - INFO - ThreadPoolExecutor-0_0 - [PROD] Sending payload 1242/2160 | Order Number: V4063008244
2026-06-30 21:25:33,429 - INFO - ThreadPoolExecutor-0_7 - [PROD] Payload 1233/2160 sent successfully. Status Code: 200
2026-06-30 21:25:33,431 - INFO - ThreadPoolExecutor-0_7 - [PROD] Sending payload 1243/2160 | Order Number: V4063008245
2026-06-30 21:25:33,479 - INFO - ThreadPoolExecutor-0_4 - [PROD] Payload 1234/2160 sent successfully. Status Code: 200
2026-06-30 21:25:33,481 - INFO - ThreadPoolExecutor-0_4 - [PROD] Sending payload 1244/2160 | Order Number: V4063008246
2026-06-30 21:25:33,603 - INFO - ThreadPoolExecutor-0_2 - [PROD] Payload 1235/2160 sent successfully. Status Code: 200
2026-06-30 21:25:33,605 - INFO - ThreadPoolExecutor-0_2 - [PROD] Sending payload 1245/2160 | Order Number: V4063008247
2026-06-30 21:25:33,781 - INFO - ThreadPoolExecutor-0_1 - [PROD] Payload 1236/2160 sent successfully. Status Code: 200
2026-06-30 21:25:33,782 - INFO - ThreadPoolExecutor-0_1 - [PROD] Sending payload 1246/2160 | Order Number: V4063008248
2026-06-30 21:25:33,850 - INFO - ThreadPoolExecutor-0_3 - [PROD] Payload 1237/2160 sent successfully. Status Code: 200
2026-06-30 21:25:33,852 - INFO - ThreadPoolExecutor-0_3 - [PROD] Sending payload 1247/2160 | Order Number: V4063008249
2026-06-30 21:25:34,038 - INFO - ThreadPoolExecutor-0_6 - [PROD] Payload 1238/2160 sent successfully. Status Code: 200
2026-06-30 21:25:34,040 - INFO - ThreadPoolExecutor-0_6 - [PROD] Sending payload 1248/2160 | Order Number: V4063008250
2026-06-30 21:25:34,536 - INFO - ThreadPoolExecutor-0_9 - [PROD] Payload 1240/2160 sent successfully. Status Code: 200
2026-06-30 21:25:34,538 - INFO - ThreadPoolExecutor-0_9 - [PROD] Sending payload 1249/2160 | Order Number: V4063008251
2026-06-30 21:25:34,586 - INFO - ThreadPoolExecutor-0_8 - [PROD] Payload 1239/2160 sent successfully. Status Code: 200
2026-06-30 21:25:34,587 - INFO - ThreadPoolExecutor-0_8 - [PROD] Sending payload 1250/2160 | Order Number: V4063008252
2026-06-30 21:25:35,261 - INFO - ThreadPoolExecutor-0_5 - [PROD] Payload 1241/2160 sent successfully. Status Code: 200
2026-06-30 21:25:35,263 - INFO - ThreadPoolExecutor-0_5 - [PROD] Sending payload 1251/2160 | Order Number: V4063008253
2026-06-30 21:25:35,270 - INFO - ThreadPoolExecutor-0_7 - [PROD] Payload 1243/2160 sent successfully. Status Code: 200
2026-06-30 21:25:35,271 - INFO - ThreadPoolExecutor-0_7 - [PROD] Sending payload 1252/2160 | Order Number: V4063008254
2026-06-30 21:25:35,370 - INFO - ThreadPoolExecutor-0_0 - [PROD] Payload 1242/2160 sent successfully. Status Code: 200
2026-06-30 21:25:35,372 - INFO - ThreadPoolExecutor-0_0 - [PROD] Sending payload 1253/2160 | Order Number: V4063008255
2026-06-30 21:25:35,437 - INFO - ThreadPoolExecutor-0_4 - [PROD] Payload 1244/2160 sent successfully. Status Code: 200
2026-06-30 21:25:35,439 - INFO - ThreadPoolExecutor-0_4 - [PROD] Sending payload 1254/2160 | Order Number: V4063008256
2026-06-30 21:25:35,561 - INFO - ThreadPoolExecutor-0_2 - [PROD] Payload 1245/2160 sent successfully. Status Code: 200
2026-06-30 21:25:35,562 - INFO - ThreadPoolExecutor-0_2 - [PROD] Sending payload 1255/2160 | Order Number: V4063008257
2026-06-30 21:25:35,837 - INFO - ThreadPoolExecutor-0_6 - [PROD] Payload 1248/2160 sent successfully. Status Code: 200
2026-06-30 21:25:35,838 - INFO - ThreadPoolExecutor-0_6 - [PROD] Sending payload 1256/2160 | Order Number: V4063008258
2026-06-30 21:25:35,905 - INFO - ThreadPoolExecutor-0_1 - [PROD] Payload 1246/2160 sent successfully. Status Code: 200
2026-06-30 21:25:35,907 - INFO - ThreadPoolExecutor-0_1 - [PROD] Sending payload 1257/2160 | Order Number: V4063008259
2026-06-30 21:25:36,001 - INFO - ThreadPoolExecutor-0_3 - [PROD] Payload 1247/2160 sent successfully. Status Code: 200
2026-06-30 21:25:36,003 - INFO - ThreadPoolExecutor-0_3 - [PROD] Sending payload 1258/2160 | Order Number: V4063008260
2026-06-30 21:25:36,347 - INFO - ThreadPoolExecutor-0_9 - [PROD] Payload 1249/2160 sent successfully. Status Code: 200
2026-06-30 21:25:36,350 - INFO - ThreadPoolExecutor-0_9 - [PROD] Sending payload 1259/2160 | Order Number: V4063008261
2026-06-30 21:25:36,452 - INFO - ThreadPoolExecutor-0_8 - [PROD] Payload 1250/2160 sent successfully. Status Code: 200
2026-06-30 21:25:36,453 - INFO - ThreadPoolExecutor-0_8 - [PROD] Sending payload 1260/2160 | Order Number: V4063008262
2026-06-30 21:25:37,085 - INFO - ThreadPoolExecutor-0_7 - [PROD] Payload 1252/2160 sent successfully. Status Code: 200
2026-06-30 21:25:37,087 - INFO - ThreadPoolExecutor-0_7 - [PROD] Sending payload 1261/2160 | Order Number: V4063008263
2026-06-30 21:25:37,094 - INFO - ThreadPoolExecutor-0_5 - [PROD] Payload 1251/2160 sent successfully. Status Code: 200
2026-06-30 21:25:37,094 - INFO - ThreadPoolExecutor-0_5 - [PROD] Sending payload 1262/2160 | Order Number: V4063008264
2026-06-30 21:25:37,366 - INFO - ThreadPoolExecutor-0_4 - [PROD] Payload 1254/2160 sent successfully. Status Code: 200
2026-06-30 21:25:37,368 - INFO - ThreadPoolExecutor-0_4 - [PROD] Sending payload 1263/2160 | Order Number: V4063008265
2026-06-30 21:25:37,399 - INFO - ThreadPoolExecutor-0_2 - [PROD] Payload 1255/2160 sent successfully. Status Code: 200
2026-06-30 21:25:37,400 - INFO - ThreadPoolExecutor-0_2 - [PROD] Sending payload 1264/2160 | Order Number: V4063008266
2026-06-30 21:25:37,617 - INFO - ThreadPoolExecutor-0_6 - [PROD] Payload 1256/2160 sent successfully. Status Code: 200
2026-06-30 21:25:37,621 - INFO - ThreadPoolExecutor-0_6 - [PROD] Sending payload 1265/2160 | Order Number: V4063008267
2026-06-30 21:25:37,798 - INFO - ThreadPoolExecutor-0_0 - [PROD] Payload 1253/2160 sent successfully. Status Code: 200
2026-06-30 21:25:37,800 - INFO - ThreadPoolExecutor-0_0 - [PROD] Sending payload 1266/2160 | Order Number: V4063008268
2026-06-30 21:25:37,831 - INFO - ThreadPoolExecutor-0_1 - [PROD] Payload 1257/2160 sent successfully. Status Code: 200
2026-06-30 21:25:37,832 - INFO - ThreadPoolExecutor-0_1 - [PROD] Sending payload 1267/2160 | Order Number: V4063008269
2026-06-30 21:25:38,228 - INFO - ThreadPoolExecutor-0_9 - [PROD] Payload 1259/2160 sent successfully. Status Code: 200
2026-06-30 21:25:38,230 - INFO - ThreadPoolExecutor-0_9 - [PROD] Sending payload 1268/2160 | Order Number: V4063008270
2026-06-30 21:25:38,277 - INFO - ThreadPoolExecutor-0_8 - [PROD] Payload 1260/2160 sent successfully. Status Code: 200
2026-06-30 21:25:38,278 - INFO - ThreadPoolExecutor-0_8 - [PROD] Sending payload 1269/2160 | Order Number: V4063008271
2026-06-30 21:25:38,452 - INFO - ThreadPoolExecutor-0_3 - [PROD] Payload 1258/2160 sent successfully. Status Code: 200
2026-06-30 21:25:38,453 - INFO - ThreadPoolExecutor-0_3 - [PROD] Sending payload 1270/2160 | Order Number: V4063008272
2026-06-30 21:25:38,975 - INFO - ThreadPoolExecutor-0_5 - [PROD] Payload 1262/2160 sent successfully. Status Code: 200
2026-06-30 21:25:38,977 - INFO - ThreadPoolExecutor-0_7 - [PROD] Payload 1261/2160 sent successfully. Status Code: 200
2026-06-30 21:25:38,979 - INFO - ThreadPoolExecutor-0_5 - [PROD] Sending payload 1271/2160 | Order Number: V4063008273
2026-06-30 21:25:38,979 - INFO - ThreadPoolExecutor-0_7 - [PROD] Sending payload 1272/2160 | Order Number: V4063008274
2026-06-30 21:25:39,192 - INFO - ThreadPoolExecutor-0_4 - [PROD] Payload 1263/2160 sent successfully. Status Code: 200
2026-06-30 21:25:39,193 - INFO - ThreadPoolExecutor-0_4 - [PROD] Sending payload 1273/2160 | Order Number: V4063008275
2026-06-30 21:25:39,253 - INFO - ThreadPoolExecutor-0_2 - [PROD] Payload 1264/2160 sent successfully. Status Code: 200
2026-06-30 21:25:39,254 - INFO - ThreadPoolExecutor-0_2 - [PROD] Sending payload 1274/2160 | Order Number: V4063008276
2026-06-30 21:25:39,478 - INFO - ThreadPoolExecutor-0_6 - [PROD] Payload 1265/2160 sent successfully. Status Code: 200
2026-06-30 21:25:39,479 - INFO - ThreadPoolExecutor-0_6 - [PROD] Sending payload 1275/2160 | Order Number: V4063008277
2026-06-30 21:25:39,671 - INFO - ThreadPoolExecutor-0_1 - [PROD] Payload 1267/2160 sent successfully. Status Code: 200
2026-06-30 21:25:39,673 - INFO - ThreadPoolExecutor-0_1 - [PROD] Sending payload 1276/2160 | Order Number: V4063008278
2026-06-30 21:25:39,688 - INFO - ThreadPoolExecutor-0_0 - [PROD] Payload 1266/2160 sent successfully. Status Code: 200
2026-06-30 21:25:39,689 - INFO - ThreadPoolExecutor-0_0 - [PROD] Sending payload 1277/2160 | Order Number: V4063008279
2026-06-30 21:25:40,096 - INFO - ThreadPoolExecutor-0_8 - [PROD] Payload 1269/2160 sent successfully. Status Code: 200
2026-06-30 21:25:40,098 - INFO - ThreadPoolExecutor-0_8 - [PROD] Sending payload 1278/2160 | Order Number: V4063008280
2026-06-30 21:25:40,127 - INFO - ThreadPoolExecutor-0_9 - [PROD] Payload 1268/2160 sent successfully. Status Code: 200
2026-06-30 21:25:40,127 - INFO - ThreadPoolExecutor-0_9 - [PROD] Sending payload 1279/2160 | Order Number: V4063008281
2026-06-30 21:25:40,281 - INFO - ThreadPoolExecutor-0_3 - [PROD] Payload 1270/2160 sent successfully. Status Code: 200
2026-06-30 21:25:40,283 - INFO - ThreadPoolExecutor-0_3 - [PROD] Sending payload 1280/2160 | Order Number: V4063008282
2026-06-30 21:25:40,822 - INFO - ThreadPoolExecutor-0_5 - [PROD] Payload 1271/2160 sent successfully. Status Code: 200
2026-06-30 21:25:40,822 - INFO - ThreadPoolExecutor-0_5 - [PROD] Sending payload 1281/2160 | Order Number: V4063008283
2026-06-30 21:25:40,838 - INFO - ThreadPoolExecutor-0_7 - [PROD] Payload 1272/2160 sent successfully. Status Code: 200
2026-06-30 21:25:40,839 - INFO - ThreadPoolExecutor-0_7 - [PROD] Sending payload 1282/2160 | Order Number: V4063008284
2026-06-30 21:25:41,029 - INFO - ThreadPoolExecutor-0_2 - [PROD] Payload 1274/2160 sent successfully. Status Code: 200
2026-06-30 21:25:41,029 - INFO - ThreadPoolExecutor-0_2 - [PROD] Sending payload 1283/2160 | Order Number: V4063008285
2026-06-30 21:25:41,093 - INFO - ThreadPoolExecutor-0_4 - [PROD] Payload 1273/2160 sent successfully. Status Code: 200
2026-06-30 21:25:41,093 - INFO - ThreadPoolExecutor-0_4 - [PROD] Sending payload 1284/2160 | Order Number: V4063008286
2026-06-30 21:25:41,300 - INFO - ThreadPoolExecutor-0_6 - [PROD] Payload 1275/2160 sent successfully. Status Code: 200
2026-06-30 21:25:41,302 - INFO - ThreadPoolExecutor-0_6 - [PROD] Sending payload 1285/2160 | Order Number: V4063008287
2026-06-30 21:25:41,601 - INFO - ThreadPoolExecutor-0_0 - [PROD] Payload 1277/2160 sent successfully. Status Code: 200
2026-06-30 21:25:41,602 - INFO - ThreadPoolExecutor-0_0 - [PROD] Sending payload 1286/2160 | Order Number: V4063008288
2026-06-30 21:25:41,604 - INFO - ThreadPoolExecutor-0_1 - [PROD] Payload 1276/2160 sent successfully. Status Code: 200
2026-06-30 21:25:41,606 - INFO - ThreadPoolExecutor-0_1 - [PROD] Sending payload 1287/2160 | Order Number: V4063008289
2026-06-30 21:25:41,930 - INFO - ThreadPoolExecutor-0_8 - [PROD] Payload 1278/2160 sent successfully. Status Code: 200
2026-06-30 21:25:41,932 - INFO - ThreadPoolExecutor-0_8 - [PROD] Sending payload 1288/2160 | Order Number: V4063008290
2026-06-30 21:25:41,939 - INFO - ThreadPoolExecutor-0_9 - [PROD] Payload 1279/2160 sent successfully. Status Code: 200
2026-06-30 21:25:41,939 - INFO - ThreadPoolExecutor-0_9 - [PROD] Sending payload 1289/2160 | Order Number: V4063008291
2026-06-30 21:25:42,118 - INFO - ThreadPoolExecutor-0_3 - [PROD] Payload 1280/2160 sent successfully. Status Code: 200
2026-06-30 21:25:42,120 - INFO - ThreadPoolExecutor-0_3 - [PROD] Sending payload 1290/2160 | Order Number: V4063008292
2026-06-30 21:25:42,733 - INFO - ThreadPoolExecutor-0_7 - [PROD] Payload 1282/2160 sent successfully. Status Code: 200
2026-06-30 21:25:42,733 - INFO - ThreadPoolExecutor-0_7 - [PROD] Sending payload 1291/2160 | Order Number: V4063008293
2026-06-30 21:25:42,747 - INFO - ThreadPoolExecutor-0_5 - [PROD] Payload 1281/2160 sent successfully. Status Code: 200
2026-06-30 21:25:42,748 - INFO - ThreadPoolExecutor-0_5 - [PROD] Sending payload 1292/2160 | Order Number: V4063008294
2026-06-30 21:25:42,869 - INFO - ThreadPoolExecutor-0_2 - [PROD] Payload 1283/2160 sent successfully. Status Code: 200
2026-06-30 21:25:42,871 - INFO - ThreadPoolExecutor-0_2 - [PROD] Sending payload 1293/2160 | Order Number: V4063008295
2026-06-30 21:25:42,919 - INFO - ThreadPoolExecutor-0_4 - [PROD] Payload 1284/2160 sent successfully. Status Code: 200
2026-06-30 21:25:42,919 - INFO - ThreadPoolExecutor-0_4 - [PROD] Sending payload 1294/2160 | Order Number: V4063008296
2026-06-30 21:25:43,129 - INFO - ThreadPoolExecutor-0_6 - [PROD] Payload 1285/2160 sent successfully. Status Code: 200
2026-06-30 21:25:43,131 - INFO - ThreadPoolExecutor-0_6 - [PROD] Sending payload 1295/2160 | Order Number: V4063008297
2026-06-30 21:25:43,990 - INFO - ThreadPoolExecutor-0_8 - [PROD] Payload 1288/2160 sent successfully. Status Code: 200
2026-06-30 21:25:43,991 - INFO - ThreadPoolExecutor-0_9 - [PROD] Payload 1289/2160 sent successfully. Status Code: 200
2026-06-30 21:25:43,993 - INFO - ThreadPoolExecutor-0_8 - [PROD] Sending payload 1296/2160 | Order Number: V4063008298
2026-06-30 21:25:43,993 - INFO - ThreadPoolExecutor-0_9 - [PROD] Sending payload 1297/2160 | Order Number: V4063008299
2026-06-30 21:25:44,093 - INFO - ThreadPoolExecutor-0_3 - [PROD] Payload 1290/2160 sent successfully. Status Code: 200
2026-06-30 21:25:44,095 - INFO - ThreadPoolExecutor-0_3 - [PROD] Sending payload 1298/2160 | Order Number: V4063008300
2026-06-30 21:25:44,450 - INFO - ThreadPoolExecutor-0_1 - [PROD] Payload 1287/2160 sent successfully. Status Code: 200
2026-06-30 21:25:44,452 - INFO - ThreadPoolExecutor-0_1 - [PROD] Sending payload 1299/2160 | Order Number: V4063008301
2026-06-30 21:25:44,539 - INFO - ThreadPoolExecutor-0_7 - [PROD] Payload 1291/2160 sent successfully. Status Code: 200
2026-06-30 21:25:44,541 - INFO - ThreadPoolExecutor-0_7 - [PROD] Sending payload 1300/2160 | Order Number: V4063008302
2026-06-30 21:25:44,660 - INFO - ThreadPoolExecutor-0_0 - [PROD] Payload 1286/2160 sent successfully. Status Code: 200
2026-06-30 21:25:44,661 - INFO - ThreadPoolExecutor-0_0 - [PROD] Sending payload 1301/2160 | Order Number: V4063008303
2026-06-30 21:25:44,697 - INFO - ThreadPoolExecutor-0_2 - [PROD] Payload 1293/2160 sent successfully. Status Code: 200
2026-06-30 21:25:44,697 - INFO - ThreadPoolExecutor-0_2 - [PROD] Sending payload 1302/2160 | Order Number: V4063008304
2026-06-30 21:25:44,729 - INFO - ThreadPoolExecutor-0_4 - [PROD] Payload 1294/2160 sent successfully. Status Code: 200
2026-06-30 21:25:44,729 - INFO - ThreadPoolExecutor-0_4 - [PROD] Sending payload 1303/2160 | Order Number: V4063008305
2026-06-30 21:25:44,904 - INFO - ThreadPoolExecutor-0_5 - [PROD] Payload 1292/2160 sent successfully. Status Code: 200
2026-06-30 21:25:44,906 - INFO - ThreadPoolExecutor-0_5 - [PROD] Sending payload 1304/2160 | Order Number: V4063008306
2026-06-30 21:25:44,927 - INFO - ThreadPoolExecutor-0_6 - [PROD] Payload 1295/2160 sent successfully. Status Code: 200
2026-06-30 21:25:44,927 - INFO - ThreadPoolExecutor-0_6 - [PROD] Sending payload 1305/2160 | Order Number: V4063008307
2026-06-30 21:25:45,856 - INFO - ThreadPoolExecutor-0_9 - [PROD] Payload 1297/2160 sent successfully. Status Code: 200
2026-06-30 21:25:45,857 - INFO - ThreadPoolExecutor-0_9 - [PROD] Sending payload 1306/2160 | Order Number: V4063008308
2026-06-30 21:25:45,897 - INFO - ThreadPoolExecutor-0_8 - [PROD] Payload 1296/2160 sent successfully. Status Code: 200
2026-06-30 21:25:45,897 - INFO - ThreadPoolExecutor-0_8 - [PROD] Sending payload 1307/2160 | Order Number: V4063008309
2026-06-30 21:25:45,934 - INFO - ThreadPoolExecutor-0_3 - [PROD] Payload 1298/2160 sent successfully. Status Code: 200
2026-06-30 21:25:45,934 - INFO - ThreadPoolExecutor-0_3 - [PROD] Sending payload 1308/2160 | Order Number: V4063008310
2026-06-30 21:25:46,311 - INFO - ThreadPoolExecutor-0_1 - [PROD] Payload 1299/2160 sent successfully. Status Code: 200
2026-06-30 21:25:46,313 - INFO - ThreadPoolExecutor-0_1 - [PROD] Sending payload 1309/2160 | Order Number: V4063008311
2026-06-30 21:25:46,319 - INFO - ThreadPoolExecutor-0_7 - [PROD] Payload 1300/2160 sent successfully. Status Code: 200
2026-06-30 21:25:46,320 - INFO - ThreadPoolExecutor-0_7 - [PROD] Sending payload 1310/2160 | Order Number: V4063008312
2026-06-30 21:25:46,503 - INFO - ThreadPoolExecutor-0_0 - [PROD] Payload 1301/2160 sent successfully. Status Code: 200
2026-06-30 21:25:46,505 - INFO - ThreadPoolExecutor-0_0 - [PROD] Sending payload 1311/2160 | Order Number: V4063008313
2026-06-30 21:25:46,625 - INFO - ThreadPoolExecutor-0_4 - [PROD] Payload 1303/2160 sent successfully. Status Code: 200
2026-06-30 21:25:46,627 - INFO - ThreadPoolExecutor-0_4 - [PROD] Sending payload 1312/2160 | Order Number: V4063008314
2026-06-30 21:25:46,736 - INFO - ThreadPoolExecutor-0_5 - [PROD] Payload 1304/2160 sent successfully. Status Code: 200
2026-06-30 21:25:46,737 - INFO - ThreadPoolExecutor-0_5 - [PROD] Sending payload 1313/2160 | Order Number: V4063008315
2026-06-30 21:25:46,808 - INFO - ThreadPoolExecutor-0_2 - [PROD] Payload 1302/2160 sent successfully. Status Code: 200
2026-06-30 21:25:46,810 - INFO - ThreadPoolExecutor-0_2 - [PROD] Sending payload 1314/2160 | Order Number: V4063008316
2026-06-30 21:25:46,847 - INFO - ThreadPoolExecutor-0_6 - [PROD] Payload 1305/2160 sent successfully. Status Code: 200
2026-06-30 21:25:46,848 - INFO - ThreadPoolExecutor-0_6 - [PROD] Sending payload 1315/2160 | Order Number: V4063008317
2026-06-30 21:25:47,658 - INFO - ThreadPoolExecutor-0_9 - [PROD] Payload 1306/2160 sent successfully. Status Code: 200
2026-06-30 21:25:47,659 - INFO - ThreadPoolExecutor-0_9 - [PROD] Sending payload 1316/2160 | Order Number: V4063008318
2026-06-30 21:25:47,716 - INFO - ThreadPoolExecutor-0_8 - [PROD] Payload 1307/2160 sent successfully. Status Code: 200
2026-06-30 21:25:47,717 - INFO - ThreadPoolExecutor-0_8 - [PROD] Sending payload 1317/2160 | Order Number: V4063008319
2026-06-30 21:25:47,900 - INFO - ThreadPoolExecutor-0_3 - [PROD] Payload 1308/2160 sent successfully. Status Code: 200
2026-06-30 21:25:47,901 - INFO - ThreadPoolExecutor-0_3 - [PROD] Sending payload 1318/2160 | Order Number: V4063008320
2026-06-30 21:25:48,180 - INFO - ThreadPoolExecutor-0_1 - [PROD] Payload 1309/2160 sent successfully. Status Code: 200
2026-06-30 21:25:48,181 - INFO - ThreadPoolExecutor-0_1 - [PROD] Sending payload 1319/2160 | Order Number: V4063008321
2026-06-30 21:25:48,348 - INFO - ThreadPoolExecutor-0_7 - [PROD] Payload 1310/2160 sent successfully. Status Code: 200
2026-06-30 21:25:48,349 - INFO - ThreadPoolExecutor-0_7 - [PROD] Sending payload 1320/2160 | Order Number: V4063008322
2026-06-30 21:25:48,385 - INFO - ThreadPoolExecutor-0_0 - [PROD] Payload 1311/2160 sent successfully. Status Code: 200
2026-06-30 21:25:48,386 - INFO - ThreadPoolExecutor-0_0 - [PROD] Sending payload 1321/2160 | Order Number: V4063008323
2026-06-30 21:25:48,564 - INFO - ThreadPoolExecutor-0_4 - [PROD] Payload 1312/2160 sent successfully. Status Code: 200
2026-06-30 21:25:48,566 - INFO - ThreadPoolExecutor-0_4 - [PROD] Sending payload 1322/2160 | Order Number: V4063008324
2026-06-30 21:25:48,585 - INFO - ThreadPoolExecutor-0_5 - [PROD] Payload 1313/2160 sent successfully. Status Code: 200
2026-06-30 21:25:48,587 - INFO - ThreadPoolExecutor-0_5 - [PROD] Sending payload 1323/2160 | Order Number: V4063008325
2026-06-30 21:25:48,650 - INFO - ThreadPoolExecutor-0_2 - [PROD] Payload 1314/2160 sent successfully. Status Code: 200
2026-06-30 21:25:48,651 - INFO - ThreadPoolExecutor-0_2 - [PROD] Sending payload 1324/2160 | Order Number: V4063008326
2026-06-30 21:25:48,843 - INFO - ThreadPoolExecutor-0_6 - [PROD] Payload 1315/2160 sent successfully. Status Code: 200
2026-06-30 21:25:48,844 - INFO - ThreadPoolExecutor-0_6 - [PROD] Sending payload 1325/2160 | Order Number: V4063008327
2026-06-30 21:25:49,485 - INFO - ThreadPoolExecutor-0_9 - [PROD] Payload 1316/2160 sent successfully. Status Code: 200
2026-06-30 21:25:49,486 - INFO - ThreadPoolExecutor-0_9 - [PROD] Sending payload 1326/2160 | Order Number: V4063008328
2026-06-30 21:25:49,488 - INFO - ThreadPoolExecutor-0_8 - [PROD] Payload 1317/2160 sent successfully. Status Code: 200
2026-06-30 21:25:49,488 - INFO - ThreadPoolExecutor-0_8 - [PROD] Sending payload 1327/2160 | Order Number: V4063008329
2026-06-30 21:25:49,714 - INFO - ThreadPoolExecutor-0_3 - [PROD] Payload 1318/2160 sent successfully. Status Code: 200
2026-06-30 21:25:49,716 - INFO - ThreadPoolExecutor-0_3 - [PROD] Sending payload 1328/2160 | Order Number: V4063008330
2026-06-30 21:25:49,992 - INFO - ThreadPoolExecutor-0_1 - [PROD] Payload 1319/2160 sent successfully. Status Code: 200
2026-06-30 21:25:49,994 - INFO - ThreadPoolExecutor-0_1 - [PROD] Sending payload 1329/2160 | Order Number: V4063008331
2026-06-30 21:25:50,155 - INFO - ThreadPoolExecutor-0_7 - [PROD] Payload 1320/2160 sent successfully. Status Code: 200
2026-06-30 21:25:50,156 - INFO - ThreadPoolExecutor-0_7 - [PROD] Sending payload 1330/2160 | Order Number: V4063008332
2026-06-30 21:25:50,183 - INFO - ThreadPoolExecutor-0_0 - [PROD] Payload 1321/2160 sent successfully. Status Code: 200
2026-06-30 21:25:50,184 - INFO - ThreadPoolExecutor-0_0 - [PROD] Sending payload 1331/2160 | Order Number: V4063008333
2026-06-30 21:25:50,377 - INFO - ThreadPoolExecutor-0_5 - [PROD] Payload 1323/2160 sent successfully. Status Code: 200
2026-06-30 21:25:50,379 - INFO - ThreadPoolExecutor-0_5 - [PROD] Sending payload 1332/2160 | Order Number: V4063008334
2026-06-30 21:25:50,570 - INFO - ThreadPoolExecutor-0_2 - [PROD] Payload 1324/2160 sent successfully. Status Code: 200
2026-06-30 21:25:50,571 - INFO - ThreadPoolExecutor-0_2 - [PROD] Sending payload 1333/2160 | Order Number: V4063008335
2026-06-30 21:25:50,850 - INFO - ThreadPoolExecutor-0_6 - [PROD] Payload 1325/2160 sent successfully. Status Code: 200
2026-06-30 21:25:50,852 - INFO - ThreadPoolExecutor-0_6 - [PROD] Sending payload 1334/2160 | Order Number: V4063008336
2026-06-30 21:25:51,313 - INFO - ThreadPoolExecutor-0_8 - [PROD] Payload 1327/2160 sent successfully. Status Code: 200
2026-06-30 21:25:51,314 - INFO - ThreadPoolExecutor-0_8 - [PROD] Sending payload 1335/2160 | Order Number: V4063008337
2026-06-30 21:25:51,316 - INFO - ThreadPoolExecutor-0_9 - [PROD] Payload 1326/2160 sent successfully. Status Code: 200
2026-06-30 21:25:51,317 - INFO - ThreadPoolExecutor-0_9 - [PROD] Sending payload 1336/2160 | Order Number: V4063008338
2026-06-30 21:25:51,503 - INFO - ThreadPoolExecutor-0_4 - [PROD] Payload 1322/2160 sent successfully. Status Code: 200
2026-06-30 21:25:51,504 - INFO - ThreadPoolExecutor-0_4 - [PROD] Sending payload 1337/2160 | Order Number: V4063008339
2026-06-30 21:25:51,659 - INFO - ThreadPoolExecutor-0_3 - [PROD] Payload 1328/2160 sent successfully. Status Code: 200
2026-06-30 21:25:51,661 - INFO - ThreadPoolExecutor-0_3 - [PROD] Sending payload 1338/2160 | Order Number: V4063008340
2026-06-30 21:25:51,810 - INFO - ThreadPoolExecutor-0_1 - [PROD] Payload 1329/2160 sent successfully. Status Code: 200
2026-06-30 21:25:51,811 - INFO - ThreadPoolExecutor-0_1 - [PROD] Sending payload 1339/2160 | Order Number: V4063008341
2026-06-30 21:25:51,968 - INFO - ThreadPoolExecutor-0_0 - [PROD] Payload 1331/2160 sent successfully. Status Code: 200
2026-06-30 21:25:51,971 - INFO - ThreadPoolExecutor-0_0 - [PROD] Sending payload 1340/2160 | Order Number: V4063008342
2026-06-30 21:25:52,136 - INFO - ThreadPoolExecutor-0_7 - [PROD] Payload 1330/2160 sent successfully. Status Code: 200
2026-06-30 21:25:52,138 - INFO - ThreadPoolExecutor-0_7 - [PROD] Sending payload 1341/2160 | Order Number: V4063008343
2026-06-30 21:25:52,372 - INFO - ThreadPoolExecutor-0_5 - [PROD] Payload 1332/2160 sent successfully. Status Code: 200
2026-06-30 21:25:52,374 - INFO - ThreadPoolExecutor-0_5 - [PROD] Sending payload 1342/2160 | Order Number: V4063008344
2026-06-30 21:25:52,503 - INFO - ThreadPoolExecutor-0_2 - [PROD] Payload 1333/2160 sent successfully. Status Code: 200
2026-06-30 21:25:52,505 - INFO - ThreadPoolExecutor-0_2 - [PROD] Sending payload 1343/2160 | Order Number: V4063008345
2026-06-30 21:25:52,688 - INFO - ThreadPoolExecutor-0_6 - [PROD] Payload 1334/2160 sent successfully. Status Code: 200
2026-06-30 21:25:52,690 - INFO - ThreadPoolExecutor-0_6 - [PROD] Sending payload 1344/2160 | Order Number: V4063008346
2026-06-30 21:25:53,157 - INFO - ThreadPoolExecutor-0_9 - [PROD] Payload 1336/2160 sent successfully. Status Code: 200
2026-06-30 21:25:53,160 - INFO - ThreadPoolExecutor-0_9 - [PROD] Sending payload 1345/2160 | Order Number: V4063008347
2026-06-30 21:25:53,168 - INFO - ThreadPoolExecutor-0_8 - [PROD] Payload 1335/2160 sent successfully. Status Code: 200
2026-06-30 21:25:53,169 - INFO - ThreadPoolExecutor-0_8 - [PROD] Sending payload 1346/2160 | Order Number: V4063008348
2026-06-30 21:25:53,297 - INFO - ThreadPoolExecutor-0_4 - [PROD] Payload 1337/2160 sent successfully. Status Code: 200
2026-06-30 21:25:53,298 - INFO - ThreadPoolExecutor-0_4 - [PROD] Sending payload 1347/2160 | Order Number: V4063008349
2026-06-30 21:25:53,571 - INFO - ThreadPoolExecutor-0_3 - [PROD] Payload 1338/2160 sent successfully. Status Code: 200
2026-06-30 21:25:53,573 - INFO - ThreadPoolExecutor-0_3 - [PROD] Sending payload 1348/2160 | Order Number: V4063008350
2026-06-30 21:25:53,635 - INFO - ThreadPoolExecutor-0_1 - [PROD] Payload 1339/2160 sent successfully. Status Code: 200
2026-06-30 21:25:53,637 - INFO - ThreadPoolExecutor-0_1 - [PROD] Sending payload 1349/2160 | Order Number: V4063008351
2026-06-30 21:25:53,792 - INFO - ThreadPoolExecutor-0_0 - [PROD] Payload 1340/2160 sent successfully. Status Code: 200
2026-06-30 21:25:53,795 - INFO - ThreadPoolExecutor-0_0 - [PROD] Sending payload 1350/2160 | Order Number: V4063008352
2026-06-30 21:25:53,983 - INFO - ThreadPoolExecutor-0_7 - [PROD] Payload 1341/2160 sent successfully. Status Code: 200
2026-06-30 21:25:53,986 - INFO - ThreadPoolExecutor-0_7 - [PROD] Sending payload 1351/2160 | Order Number: V4063008353
2026-06-30 21:25:54,152 - INFO - ThreadPoolExecutor-0_5 - [PROD] Payload 1342/2160 sent successfully. Status Code: 200
2026-06-30 21:25:54,153 - INFO - ThreadPoolExecutor-0_5 - [PROD] Sending payload 1352/2160 | Order Number: V4063008354
2026-06-30 21:25:54,327 - INFO - ThreadPoolExecutor-0_2 - [PROD] Payload 1343/2160 sent successfully. Status Code: 200
2026-06-30 21:25:54,329 - INFO - ThreadPoolExecutor-0_2 - [PROD] Sending payload 1353/2160 | Order Number: V4063008355
2026-06-30 21:25:54,527 - INFO - ThreadPoolExecutor-0_6 - [PROD] Payload 1344/2160 sent successfully. Status Code: 200
2026-06-30 21:25:54,531 - INFO - ThreadPoolExecutor-0_6 - [PROD] Sending payload 1354/2160 | Order Number: V4063008356
2026-06-30 21:25:54,994 - INFO - ThreadPoolExecutor-0_8 - [PROD] Payload 1346/2160 sent successfully. Status Code: 200
2026-06-30 21:25:54,995 - INFO - ThreadPoolExecutor-0_8 - [PROD] Sending payload 1355/2160 | Order Number: V4063008357
2026-06-30 21:25:55,040 - INFO - ThreadPoolExecutor-0_9 - [PROD] Payload 1345/2160 sent successfully. Status Code: 200
2026-06-30 21:25:55,040 - INFO - ThreadPoolExecutor-0_9 - [PROD] Sending payload 1356/2160 | Order Number: V4063008358
2026-06-30 21:25:55,128 - INFO - ThreadPoolExecutor-0_4 - [PROD] Payload 1347/2160 sent successfully. Status Code: 200
2026-06-30 21:25:55,128 - INFO - ThreadPoolExecutor-0_4 - [PROD] Sending payload 1357/2160 | Order Number: V4063008359
2026-06-30 21:25:55,428 - INFO - ThreadPoolExecutor-0_3 - [PROD] Payload 1348/2160 sent successfully. Status Code: 200
2026-06-30 21:25:55,430 - INFO - ThreadPoolExecutor-0_3 - [PROD] Sending payload 1358/2160 | Order Number: V4063008360
2026-06-30 21:25:55,485 - INFO - ThreadPoolExecutor-0_1 - [PROD] Payload 1349/2160 sent successfully. Status Code: 200
2026-06-30 21:25:55,486 - INFO - ThreadPoolExecutor-0_1 - [PROD] Sending payload 1359/2160 | Order Number: V4063008361
2026-06-30 21:25:55,785 - INFO - ThreadPoolExecutor-0_7 - [PROD] Payload 1351/2160 sent successfully. Status Code: 200
2026-06-30 21:25:55,786 - INFO - ThreadPoolExecutor-0_7 - [PROD] Sending payload 1360/2160 | Order Number: V4063008362
2026-06-30 21:25:55,932 - INFO - ThreadPoolExecutor-0_0 - [PROD] Payload 1350/2160 sent successfully. Status Code: 200
2026-06-30 21:25:55,934 - INFO - ThreadPoolExecutor-0_0 - [PROD] Sending payload 1361/2160 | Order Number: V4063008363
2026-06-30 21:25:56,112 - INFO - ThreadPoolExecutor-0_5 - [PROD] Payload 1352/2160 sent successfully. Status Code: 200
2026-06-30 21:25:56,113 - INFO - ThreadPoolExecutor-0_5 - [PROD] Sending payload 1362/2160 | Order Number: V4063008364
2026-06-30 21:25:56,248 - INFO - ThreadPoolExecutor-0_2 - [PROD] Payload 1353/2160 sent successfully. Status Code: 200
2026-06-30 21:25:56,250 - INFO - ThreadPoolExecutor-0_2 - [PROD] Sending payload 1363/2160 | Order Number: V4063008365
2026-06-30 21:25:56,402 - INFO - ThreadPoolExecutor-0_6 - [PROD] Payload 1354/2160 sent successfully. Status Code: 200
2026-06-30 21:25:56,404 - INFO - ThreadPoolExecutor-0_6 - [PROD] Sending payload 1364/2160 | Order Number: V4063008366
2026-06-30 21:25:56,893 - INFO - ThreadPoolExecutor-0_8 - [PROD] Payload 1355/2160 sent successfully. Status Code: 200
2026-06-30 21:25:56,894 - INFO - ThreadPoolExecutor-0_8 - [PROD] Sending payload 1365/2160 | Order Number: V4063008367
2026-06-30 21:25:56,896 - INFO - ThreadPoolExecutor-0_9 - [PROD] Payload 1356/2160 sent successfully. Status Code: 200
2026-06-30 21:25:56,897 - INFO - ThreadPoolExecutor-0_9 - [PROD] Sending payload 1366/2160 | Order Number: V4063008368
2026-06-30 21:25:57,095 - INFO - ThreadPoolExecutor-0_4 - [PROD] Payload 1357/2160 sent successfully. Status Code: 200
2026-06-30 21:25:57,096 - INFO - ThreadPoolExecutor-0_4 - [PROD] Sending payload 1367/2160 | Order Number: V4063008369
2026-06-30 21:25:57,237 - INFO - ThreadPoolExecutor-0_3 - [PROD] Payload 1358/2160 sent successfully. Status Code: 200
2026-06-30 21:25:57,239 - INFO - ThreadPoolExecutor-0_3 - [PROD] Sending payload 1368/2160 | Order Number: V4063008370
2026-06-30 21:25:57,262 - INFO - ThreadPoolExecutor-0_1 - [PROD] Payload 1359/2160 sent successfully. Status Code: 200
2026-06-30 21:25:57,262 - INFO - ThreadPoolExecutor-0_1 - [PROD] Sending payload 1369/2160 | Order Number: V4063008371
2026-06-30 21:25:57,664 - INFO - ThreadPoolExecutor-0_7 - [PROD] Payload 1360/2160 sent successfully. Status Code: 200
2026-06-30 21:25:57,666 - INFO - ThreadPoolExecutor-0_7 - [PROD] Sending payload 1370/2160 | Order Number: V4063008372
2026-06-30 21:25:57,744 - INFO - ThreadPoolExecutor-0_0 - [PROD] Payload 1361/2160 sent successfully. Status Code: 200
2026-06-30 21:25:57,745 - INFO - ThreadPoolExecutor-0_0 - [PROD] Sending payload 1371/2160 | Order Number: V4063008373
2026-06-30 21:25:57,944 - INFO - ThreadPoolExecutor-0_5 - [PROD] Payload 1362/2160 sent successfully. Status Code: 200
2026-06-30 21:25:57,945 - INFO - ThreadPoolExecutor-0_5 - [PROD] Sending payload 1372/2160 | Order Number: V4063008374
2026-06-30 21:25:58,032 - INFO - ThreadPoolExecutor-0_2 - [PROD] Payload 1363/2160 sent successfully. Status Code: 200
2026-06-30 21:25:58,033 - INFO - ThreadPoolExecutor-0_2 - [PROD] Sending payload 1373/2160 | Order Number: V4063008375
2026-06-30 21:25:58,235 - INFO - ThreadPoolExecutor-0_6 - [PROD] Payload 1364/2160 sent successfully. Status Code: 200
2026-06-30 21:25:58,237 - INFO - ThreadPoolExecutor-0_6 - [PROD] Sending payload 1374/2160 | Order Number: V4063008376
2026-06-30 21:25:58,715 - INFO - ThreadPoolExecutor-0_8 - [PROD] Payload 1365/2160 sent successfully. Status Code: 200
2026-06-30 21:25:58,717 - INFO - ThreadPoolExecutor-0_8 - [PROD] Sending payload 1375/2160 | Order Number: V4063008377
2026-06-30 21:25:58,814 - INFO - ThreadPoolExecutor-0_9 - [PROD] Payload 1366/2160 sent successfully. Status Code: 200
2026-06-30 21:25:58,818 - INFO - ThreadPoolExecutor-0_9 - [PROD] Sending payload 1376/2160 | Order Number: V4063008378
2026-06-30 21:25:59,054 - INFO - ThreadPoolExecutor-0_3 - [PROD] Payload 1368/2160 sent successfully. Status Code: 200
2026-06-30 21:25:59,054 - INFO - ThreadPoolExecutor-0_3 - [PROD] Sending payload 1377/2160 | Order Number: V4063008379
2026-06-30 21:25:59,079 - INFO - ThreadPoolExecutor-0_4 - [PROD] Payload 1367/2160 sent successfully. Status Code: 200
2026-06-30 21:25:59,079 - INFO - ThreadPoolExecutor-0_4 - [PROD] Sending payload 1378/2160 | Order Number: V4063008380
2026-06-30 21:25:59,115 - INFO - ThreadPoolExecutor-0_1 - [PROD] Payload 1369/2160 sent successfully. Status Code: 200
2026-06-30 21:25:59,115 - INFO - ThreadPoolExecutor-0_1 - [PROD] Sending payload 1379/2160 | Order Number: V4063008381
2026-06-30 21:25:59,587 - INFO - ThreadPoolExecutor-0_0 - [PROD] Payload 1371/2160 sent successfully. Status Code: 200
2026-06-30 21:25:59,590 - INFO - ThreadPoolExecutor-0_0 - [PROD] Sending payload 1380/2160 | Order Number: V4063008382
2026-06-30 21:25:59,631 - INFO - ThreadPoolExecutor-0_7 - [PROD] Payload 1370/2160 sent successfully. Status Code: 200
2026-06-30 21:25:59,632 - INFO - ThreadPoolExecutor-0_7 - [PROD] Sending payload 1381/2160 | Order Number: V4063008383
2026-06-30 21:25:59,870 - INFO - ThreadPoolExecutor-0_2 - [PROD] Payload 1373/2160 sent successfully. Status Code: 200
2026-06-30 21:25:59,872 - INFO - ThreadPoolExecutor-0_2 - [PROD] Sending payload 1382/2160 | Order Number: V4063008384
2026-06-30 21:26:00,121 - INFO - ThreadPoolExecutor-0_5 - [PROD] Payload 1372/2160 sent successfully. Status Code: 200
2026-06-30 21:26:00,123 - INFO - ThreadPoolExecutor-0_5 - [PROD] Sending payload 1383/2160 | Order Number: V4063008385
2026-06-30 21:26:00,201 - INFO - ThreadPoolExecutor-0_6 - [PROD] Payload 1374/2160 sent successfully. Status Code: 200
2026-06-30 21:26:00,202 - INFO - ThreadPoolExecutor-0_6 - [PROD] Sending payload 1384/2160 | Order Number: V4063008386
2026-06-30 21:26:00,561 - INFO - ThreadPoolExecutor-0_8 - [PROD] Payload 1375/2160 sent successfully. Status Code: 200
2026-06-30 21:26:00,562 - INFO - ThreadPoolExecutor-0_8 - [PROD] Sending payload 1385/2160 | Order Number: V4063008387
2026-06-30 21:26:00,748 - INFO - ThreadPoolExecutor-0_9 - [PROD] Payload 1376/2160 sent successfully. Status Code: 200
2026-06-30 21:26:00,750 - INFO - ThreadPoolExecutor-0_9 - [PROD] Sending payload 1386/2160 | Order Number: V4063008388
2026-06-30 21:26:00,926 - INFO - ThreadPoolExecutor-0_3 - [PROD] Payload 1377/2160 sent successfully. Status Code: 200
2026-06-30 21:26:00,928 - INFO - ThreadPoolExecutor-0_3 - [PROD] Sending payload 1387/2160 | Order Number: V4063008389
2026-06-30 21:26:00,974 - INFO - ThreadPoolExecutor-0_1 - [PROD] Payload 1379/2160 sent successfully. Status Code: 200
2026-06-30 21:26:00,975 - INFO - ThreadPoolExecutor-0_1 - [PROD] Sending payload 1388/2160 | Order Number: V4063008390
2026-06-30 21:26:01,013 - INFO - ThreadPoolExecutor-0_4 - [PROD] Payload 1378/2160 sent successfully. Status Code: 200
2026-06-30 21:26:01,013 - INFO - ThreadPoolExecutor-0_4 - [PROD] Sending payload 1389/2160 | Order Number: V4063008391
2026-06-30 21:26:01,476 - INFO - ThreadPoolExecutor-0_7 - [PROD] Payload 1381/2160 sent successfully. Status Code: 200
2026-06-30 21:26:01,477 - INFO - ThreadPoolExecutor-0_7 - [PROD] Sending payload 1390/2160 | Order Number: V4063008392
2026-06-30 21:26:01,620 - INFO - ThreadPoolExecutor-0_0 - [PROD] Payload 1380/2160 sent successfully. Status Code: 200
2026-06-30 21:26:01,621 - INFO - ThreadPoolExecutor-0_0 - [PROD] Sending payload 1391/2160 | Order Number: V4063008393
2026-06-30 21:26:01,873 - INFO - ThreadPoolExecutor-0_2 - [PROD] Payload 1382/2160 sent successfully. Status Code: 200
2026-06-30 21:26:01,875 - INFO - ThreadPoolExecutor-0_2 - [PROD] Sending payload 1392/2160 | Order Number: V4063008394
2026-06-30 21:26:02,005 - INFO - ThreadPoolExecutor-0_5 - [PROD] Payload 1383/2160 sent successfully. Status Code: 200
2026-06-30 21:26:02,008 - INFO - ThreadPoolExecutor-0_5 - [PROD] Sending payload 1393/2160 | Order Number: V4063008395
2026-06-30 21:26:02,257 - INFO - ThreadPoolExecutor-0_6 - [PROD] Payload 1384/2160 sent successfully. Status Code: 200
2026-06-30 21:26:02,259 - INFO - ThreadPoolExecutor-0_6 - [PROD] Sending payload 1394/2160 | Order Number: V4063008396
2026-06-30 21:26:02,629 - INFO - ThreadPoolExecutor-0_9 - [PROD] Payload 1386/2160 sent successfully. Status Code: 200
2026-06-30 21:26:02,630 - INFO - ThreadPoolExecutor-0_9 - [PROD] Sending payload 1395/2160 | Order Number: V4063008397
2026-06-30 21:26:02,692 - INFO - ThreadPoolExecutor-0_8 - [PROD] Payload 1385/2160 sent successfully. Status Code: 200
2026-06-30 21:26:02,693 - INFO - ThreadPoolExecutor-0_8 - [PROD] Sending payload 1396/2160 | Order Number: V4063008398
2026-06-30 21:26:02,932 - INFO - ThreadPoolExecutor-0_3 - [PROD] Payload 1387/2160 sent successfully. Status Code: 200
2026-06-30 21:26:02,934 - INFO - ThreadPoolExecutor-0_3 - [PROD] Sending payload 1397/2160 | Order Number: V4063008399
2026-06-30 21:26:03,127 - INFO - ThreadPoolExecutor-0_1 - [PROD] Payload 1388/2160 sent successfully. Status Code: 200
2026-06-30 21:26:03,129 - INFO - ThreadPoolExecutor-0_1 - [PROD] Sending payload 1398/2160 | Order Number: V4063008400
2026-06-30 21:26:03,283 - INFO - ThreadPoolExecutor-0_4 - [PROD] Payload 1389/2160 sent successfully. Status Code: 200
2026-06-30 21:26:03,285 - INFO - ThreadPoolExecutor-0_4 - [PROD] Sending payload 1399/2160 | Order Number: V4063008401
2026-06-30 21:26:03,389 - INFO - ThreadPoolExecutor-0_7 - [PROD] Payload 1390/2160 sent successfully. Status Code: 200
2026-06-30 21:26:03,391 - INFO - ThreadPoolExecutor-0_7 - [PROD] Sending payload 1400/2160 | Order Number: V4063008402
2026-06-30 21:26:03,719 - INFO - ThreadPoolExecutor-0_0 - [PROD] Payload 1391/2160 sent successfully. Status Code: 200
2026-06-30 21:26:03,720 - INFO - ThreadPoolExecutor-0_0 - [PROD] Sending payload 1401/2160 | Order Number: V4063008403
2026-06-30 21:26:03,841 - INFO - ThreadPoolExecutor-0_2 - [PROD] Payload 1392/2160 sent successfully. Status Code: 200
2026-06-30 21:26:03,842 - INFO - ThreadPoolExecutor-0_2 - [PROD] Sending payload 1402/2160 | Order Number: V4063008404
2026-06-30 21:26:03,859 - INFO - ThreadPoolExecutor-0_5 - [PROD] Payload 1393/2160 sent successfully. Status Code: 200
2026-06-30 21:26:03,860 - INFO - ThreadPoolExecutor-0_5 - [PROD] Sending payload 1403/2160 | Order Number: V4063008405
2026-06-30 21:26:04,061 - INFO - ThreadPoolExecutor-0_6 - [PROD] Payload 1394/2160 sent successfully. Status Code: 200
2026-06-30 21:26:04,062 - INFO - ThreadPoolExecutor-0_6 - [PROD] Sending payload 1404/2160 | Order Number: V4063008406
2026-06-30 21:26:04,572 - INFO - ThreadPoolExecutor-0_9 - [PROD] Payload 1395/2160 sent successfully. Status Code: 200
2026-06-30 21:26:04,575 - INFO - ThreadPoolExecutor-0_9 - [PROD] Sending payload 1405/2160 | Order Number: V4063008407
2026-06-30 21:26:04,814 - INFO - ThreadPoolExecutor-0_8 - [PROD] Payload 1396/2160 sent successfully. Status Code: 200
2026-06-30 21:26:04,816 - INFO - ThreadPoolExecutor-0_8 - [PROD] Sending payload 1406/2160 | Order Number: V4063008408
2026-06-30 21:26:04,852 - INFO - ThreadPoolExecutor-0_3 - [PROD] Payload 1397/2160 sent successfully. Status Code: 200
2026-06-30 21:26:04,853 - INFO - ThreadPoolExecutor-0_3 - [PROD] Sending payload 1407/2160 | Order Number: V4063008409
2026-06-30 21:26:04,994 - INFO - ThreadPoolExecutor-0_1 - [PROD] Payload 1398/2160 sent successfully. Status Code: 200
2026-06-30 21:26:04,996 - INFO - ThreadPoolExecutor-0_1 - [PROD] Sending payload 1408/2160 | Order Number: V4063008410
2026-06-30 21:26:05,180 - INFO - ThreadPoolExecutor-0_4 - [PROD] Payload 1399/2160 sent successfully. Status Code: 200
2026-06-30 21:26:05,182 - INFO - ThreadPoolExecutor-0_4 - [PROD] Sending payload 1409/2160 | Order Number: V4063008411
2026-06-30 21:26:05,221 - INFO - ThreadPoolExecutor-0_7 - [PROD] Payload 1400/2160 sent successfully. Status Code: 200
2026-06-30 21:26:05,221 - INFO - ThreadPoolExecutor-0_7 - [PROD] Sending payload 1410/2160 | Order Number: V4063008412
2026-06-30 21:26:05,547 - INFO - ThreadPoolExecutor-0_0 - [PROD] Payload 1401/2160 sent successfully. Status Code: 200
2026-06-30 21:26:05,550 - INFO - ThreadPoolExecutor-0_0 - [PROD] Sending payload 1411/2160 | Order Number: V4063008413
2026-06-30 21:26:05,712 - INFO - ThreadPoolExecutor-0_5 - [PROD] Payload 1403/2160 sent successfully. Status Code: 200
2026-06-30 21:26:05,713 - INFO - ThreadPoolExecutor-0_5 - [PROD] Sending payload 1412/2160 | Order Number: V4063008414
2026-06-30 21:26:05,748 - INFO - ThreadPoolExecutor-0_2 - [PROD] Payload 1402/2160 sent successfully. Status Code: 200
2026-06-30 21:26:05,749 - INFO - ThreadPoolExecutor-0_2 - [PROD] Sending payload 1413/2160 | Order Number: V4063008415
2026-06-30 21:26:05,930 - INFO - ThreadPoolExecutor-0_6 - [PROD] Payload 1404/2160 sent successfully. Status Code: 200
2026-06-30 21:26:05,932 - INFO - ThreadPoolExecutor-0_6 - [PROD] Sending payload 1414/2160 | Order Number: V4063008416
2026-06-30 21:26:06,711 - INFO - ThreadPoolExecutor-0_8 - [PROD] Payload 1406/2160 sent successfully. Status Code: 200
2026-06-30 21:26:06,714 - INFO - ThreadPoolExecutor-0_8 - [PROD] Sending payload 1415/2160 | Order Number: V4063008417
2026-06-30 21:26:06,713 - INFO - ThreadPoolExecutor-0_3 - [PROD] Payload 1407/2160 sent successfully. Status Code: 200
2026-06-30 21:26:06,716 - INFO - ThreadPoolExecutor-0_3 - [PROD] Sending payload 1416/2160 | Order Number: V4063008418
2026-06-30 21:26:06,902 - INFO - ThreadPoolExecutor-0_1 - [PROD] Payload 1408/2160 sent successfully. Status Code: 200
2026-06-30 21:26:06,903 - INFO - ThreadPoolExecutor-0_1 - [PROD] Sending payload 1417/2160 | Order Number: V4063008419
2026-06-30 21:26:06,906 - INFO - ThreadPoolExecutor-0_9 - [PROD] Payload 1405/2160 sent successfully. Status Code: 200
2026-06-30 21:26:06,907 - INFO - ThreadPoolExecutor-0_9 - [PROD] Sending payload 1418/2160 | Order Number: V4063008420
2026-06-30 21:26:07,060 - INFO - ThreadPoolExecutor-0_7 - [PROD] Payload 1410/2160 sent successfully. Status Code: 200
2026-06-30 21:26:07,062 - INFO - ThreadPoolExecutor-0_7 - [PROD] Sending payload 1419/2160 | Order Number: V4063008421
2026-06-30 21:26:07,109 - INFO - ThreadPoolExecutor-0_4 - [PROD] Payload 1409/2160 sent successfully. Status Code: 200
2026-06-30 21:26:07,109 - INFO - ThreadPoolExecutor-0_4 - [PROD] Sending payload 1420/2160 | Order Number: V4063008422
2026-06-30 21:26:07,532 - INFO - ThreadPoolExecutor-0_0 - [PROD] Payload 1411/2160 sent successfully. Status Code: 200
2026-06-30 21:26:07,534 - INFO - ThreadPoolExecutor-0_0 - [PROD] Sending payload 1421/2160 | Order Number: V4063008423
2026-06-30 21:26:07,584 - INFO - ThreadPoolExecutor-0_2 - [PROD] Payload 1413/2160 sent successfully. Status Code: 200
2026-06-30 21:26:07,584 - INFO - ThreadPoolExecutor-0_2 - [PROD] Sending payload 1422/2160 | Order Number: V4063008424
2026-06-30 21:26:07,597 - INFO - ThreadPoolExecutor-0_5 - [PROD] Payload 1412/2160 sent successfully. Status Code: 200
2026-06-30 21:26:07,597 - INFO - ThreadPoolExecutor-0_5 - [PROD] Sending payload 1423/2160 | Order Number: V4063008425
2026-06-30 21:26:07,802 - INFO - ThreadPoolExecutor-0_6 - [PROD] Payload 1414/2160 sent successfully. Status Code: 200
2026-06-30 21:26:07,803 - INFO - ThreadPoolExecutor-0_6 - [PROD] Sending payload 1424/2160 | Order Number: V4063008426
2026-06-30 21:26:08,554 - INFO - ThreadPoolExecutor-0_3 - [PROD] Payload 1416/2160 sent successfully. Status Code: 200
2026-06-30 21:26:08,555 - INFO - ThreadPoolExecutor-0_3 - [PROD] Sending payload 1425/2160 | Order Number: V4063008427
2026-06-30 21:26:08,636 - INFO - ThreadPoolExecutor-0_8 - [PROD] Payload 1415/2160 sent successfully. Status Code: 200
2026-06-30 21:26:08,637 - INFO - ThreadPoolExecutor-0_8 - [PROD] Sending payload 1426/2160 | Order Number: V4063008428
2026-06-30 21:26:08,749 - INFO - ThreadPoolExecutor-0_1 - [PROD] Payload 1417/2160 sent successfully. Status Code: 200
2026-06-30 21:26:08,750 - INFO - ThreadPoolExecutor-0_1 - [PROD] Sending payload 1427/2160 | Order Number: V4063008429
2026-06-30 21:26:08,930 - INFO - ThreadPoolExecutor-0_7 - [PROD] Payload 1419/2160 sent successfully. Status Code: 200
2026-06-30 21:26:08,931 - INFO - ThreadPoolExecutor-0_7 - [PROD] Sending payload 1428/2160 | Order Number: V4063008430
2026-06-30 21:26:08,948 - INFO - ThreadPoolExecutor-0_9 - [PROD] Payload 1418/2160 sent successfully. Status Code: 200
2026-06-30 21:26:08,948 - INFO - ThreadPoolExecutor-0_9 - [PROD] Sending payload 1429/2160 | Order Number: V4063008431
2026-06-30 21:26:09,102 - INFO - ThreadPoolExecutor-0_4 - [PROD] Payload 1420/2160 sent successfully. Status Code: 200
2026-06-30 21:26:09,105 - INFO - ThreadPoolExecutor-0_4 - [PROD] Sending payload 1430/2160 | Order Number: V4063008432
2026-06-30 21:26:09,452 - INFO - ThreadPoolExecutor-0_5 - [PROD] Payload 1423/2160 sent successfully. Status Code: 200
2026-06-30 21:26:09,454 - INFO - ThreadPoolExecutor-0_5 - [PROD] Sending payload 1431/2160 | Order Number: V4063008433
2026-06-30 21:26:09,455 - INFO - ThreadPoolExecutor-0_0 - [PROD] Payload 1421/2160 sent successfully. Status Code: 200
2026-06-30 21:26:09,456 - INFO - ThreadPoolExecutor-0_0 - [PROD] Sending payload 1432/2160 | Order Number: V4063008434
2026-06-30 21:26:09,631 - INFO - ThreadPoolExecutor-0_6 - [PROD] Payload 1424/2160 sent successfully. Status Code: 200
2026-06-30 21:26:09,633 - INFO - ThreadPoolExecutor-0_6 - [PROD] Sending payload 1433/2160 | Order Number: V4063008435
2026-06-30 21:26:09,644 - INFO - ThreadPoolExecutor-0_2 - [PROD] Payload 1422/2160 sent successfully. Status Code: 200
2026-06-30 21:26:09,646 - INFO - ThreadPoolExecutor-0_2 - [PROD] Sending payload 1434/2160 | Order Number: V4063008436
2026-06-30 21:26:10,402 - INFO - ThreadPoolExecutor-0_3 - [PROD] Payload 1425/2160 sent successfully. Status Code: 200
2026-06-30 21:26:10,404 - INFO - ThreadPoolExecutor-0_3 - [PROD] Sending payload 1435/2160 | Order Number: V4063008437
2026-06-30 21:26:10,578 - INFO - ThreadPoolExecutor-0_8 - [PROD] Payload 1426/2160 sent successfully. Status Code: 200
2026-06-30 21:26:10,580 - INFO - ThreadPoolExecutor-0_8 - [PROD] Sending payload 1436/2160 | Order Number: V4063008438
2026-06-30 21:26:10,593 - INFO - ThreadPoolExecutor-0_1 - [PROD] Payload 1427/2160 sent successfully. Status Code: 200
2026-06-30 21:26:10,595 - INFO - ThreadPoolExecutor-0_1 - [PROD] Sending payload 1437/2160 | Order Number: V4063008439
2026-06-30 21:26:10,781 - INFO - ThreadPoolExecutor-0_7 - [PROD] Payload 1428/2160 sent successfully. Status Code: 200
2026-06-30 21:26:10,781 - INFO - ThreadPoolExecutor-0_7 - [PROD] Sending payload 1438/2160 | Order Number: V4063008440
2026-06-30 21:26:10,801 - INFO - ThreadPoolExecutor-0_9 - [PROD] Payload 1429/2160 sent successfully. Status Code: 200
2026-06-30 21:26:10,802 - INFO - ThreadPoolExecutor-0_9 - [PROD] Sending payload 1439/2160 | Order Number: V4063008441
2026-06-30 21:26:11,021 - INFO - ThreadPoolExecutor-0_4 - [PROD] Payload 1430/2160 sent successfully. Status Code: 200
2026-06-30 21:26:11,022 - INFO - ThreadPoolExecutor-0_4 - [PROD] Sending payload 1440/2160 | Order Number: V4063008442
2026-06-30 21:26:11,311 - INFO - ThreadPoolExecutor-0_5 - [PROD] Payload 1431/2160 sent successfully. Status Code: 200
2026-06-30 21:26:11,312 - INFO - ThreadPoolExecutor-0_5 - [PROD] Sending payload 1441/2160 | Order Number: V4063008443
2026-06-30 21:26:11,313 - INFO - ThreadPoolExecutor-0_0 - [PROD] Payload 1432/2160 sent successfully. Status Code: 200
2026-06-30 21:26:11,314 - INFO - ThreadPoolExecutor-0_0 - [PROD] Sending payload 1442/2160 | Order Number: V4063008444
2026-06-30 21:26:11,491 - INFO - ThreadPoolExecutor-0_6 - [PROD] Payload 1433/2160 sent successfully. Status Code: 200
2026-06-30 21:26:11,494 - INFO - ThreadPoolExecutor-0_6 - [PROD] Sending payload 1443/2160 | Order Number: V4063008445
2026-06-30 21:26:12,025 - INFO - ThreadPoolExecutor-0_2 - [PROD] Payload 1434/2160 sent successfully. Status Code: 200
2026-06-30 21:26:12,026 - INFO - ThreadPoolExecutor-0_2 - [PROD] Sending payload 1444/2160 | Order Number: V4063008446
2026-06-30 21:26:12,209 - INFO - ThreadPoolExecutor-0_3 - [PROD] Payload 1435/2160 sent successfully. Status Code: 200
2026-06-30 21:26:12,210 - INFO - ThreadPoolExecutor-0_3 - [PROD] Sending payload 1445/2160 | Order Number: V4063008447
2026-06-30 21:26:12,458 - INFO - ThreadPoolExecutor-0_1 - [PROD] Payload 1437/2160 sent successfully. Status Code: 200
2026-06-30 21:26:12,460 - INFO - ThreadPoolExecutor-0_1 - [PROD] Sending payload 1446/2160 | Order Number: V4063008448
2026-06-30 21:26:12,582 - INFO - ThreadPoolExecutor-0_9 - [PROD] Payload 1439/2160 sent successfully. Status Code: 200
2026-06-30 21:26:12,583 - INFO - ThreadPoolExecutor-0_9 - [PROD] Sending payload 1447/2160 | Order Number: V4063008449
2026-06-30 21:26:12,630 - INFO - ThreadPoolExecutor-0_7 - [PROD] Payload 1438/2160 sent successfully. Status Code: 200
2026-06-30 21:26:12,631 - INFO - ThreadPoolExecutor-0_7 - [PROD] Sending payload 1448/2160 | Order Number: V4063008450
2026-06-30 21:26:12,892 - INFO - ThreadPoolExecutor-0_4 - [PROD] Payload 1440/2160 sent successfully. Status Code: 200
2026-06-30 21:26:12,894 - INFO - ThreadPoolExecutor-0_4 - [PROD] Sending payload 1449/2160 | Order Number: V4063008451
2026-06-30 21:26:13,169 - INFO - ThreadPoolExecutor-0_0 - [PROD] Payload 1442/2160 sent successfully. Status Code: 200
2026-06-30 21:26:13,171 - INFO - ThreadPoolExecutor-0_0 - [PROD] Sending payload 1450/2160 | Order Number: V4063008452
2026-06-30 21:26:13,184 - INFO - ThreadPoolExecutor-0_5 - [PROD] Payload 1441/2160 sent successfully. Status Code: 200
2026-06-30 21:26:13,185 - INFO - ThreadPoolExecutor-0_5 - [PROD] Sending payload 1451/2160 | Order Number: V4063008453
2026-06-30 21:26:13,314 - INFO - ThreadPoolExecutor-0_6 - [PROD] Payload 1443/2160 sent successfully. Status Code: 200
2026-06-30 21:26:13,317 - INFO - ThreadPoolExecutor-0_6 - [PROD] Sending payload 1452/2160 | Order Number: V4063008454
2026-06-30 21:26:13,845 - INFO - ThreadPoolExecutor-0_8 - [PROD] Payload 1436/2160 sent successfully. Status Code: 200
2026-06-30 21:26:13,847 - INFO - ThreadPoolExecutor-0_8 - [PROD] Sending payload 1453/2160 | Order Number: V4063008455
2026-06-30 21:26:13,859 - INFO - ThreadPoolExecutor-0_2 - [PROD] Payload 1444/2160 sent successfully. Status Code: 200
2026-06-30 21:26:13,860 - INFO - ThreadPoolExecutor-0_2 - [PROD] Sending payload 1454/2160 | Order Number: V4063008456
2026-06-30 21:26:14,051 - INFO - ThreadPoolExecutor-0_3 - [PROD] Payload 1445/2160 sent successfully. Status Code: 200
2026-06-30 21:26:14,053 - INFO - ThreadPoolExecutor-0_3 - [PROD] Sending payload 1455/2160 | Order Number: V4063008457
2026-06-30 21:26:14,240 - INFO - ThreadPoolExecutor-0_1 - [PROD] Payload 1446/2160 sent successfully. Status Code: 200
2026-06-30 21:26:14,241 - INFO - ThreadPoolExecutor-0_1 - [PROD] Sending payload 1456/2160 | Order Number: V4063008458
2026-06-30 21:26:14,452 - INFO - ThreadPoolExecutor-0_9 - [PROD] Payload 1447/2160 sent successfully. Status Code: 200
2026-06-30 21:26:14,453 - INFO - ThreadPoolExecutor-0_9 - [PROD] Sending payload 1457/2160 | Order Number: V4063008459
2026-06-30 21:26:14,548 - INFO - ThreadPoolExecutor-0_7 - [PROD] Payload 1448/2160 sent successfully. Status Code: 200
2026-06-30 21:26:14,549 - INFO - ThreadPoolExecutor-0_7 - [PROD] Sending payload 1458/2160 | Order Number: V4063008460
2026-06-30 21:26:14,717 - INFO - ThreadPoolExecutor-0_4 - [PROD] Payload 1449/2160 sent successfully. Status Code: 200
2026-06-30 21:26:14,718 - INFO - ThreadPoolExecutor-0_4 - [PROD] Sending payload 1459/2160 | Order Number: V4063008461
2026-06-30 21:26:15,028 - INFO - ThreadPoolExecutor-0_5 - [PROD] Payload 1451/2160 sent successfully. Status Code: 200
2026-06-30 21:26:15,030 - INFO - ThreadPoolExecutor-0_5 - [PROD] Sending payload 1460/2160 | Order Number: V4063008462
2026-06-30 21:26:15,234 - INFO - ThreadPoolExecutor-0_0 - [PROD] Payload 1450/2160 sent successfully. Status Code: 200
2026-06-30 21:26:15,236 - INFO - ThreadPoolExecutor-0_0 - [PROD] Sending payload 1461/2160 | Order Number: V4063008463
2026-06-30 21:26:15,725 - INFO - ThreadPoolExecutor-0_6 - [PROD] Payload 1452/2160 sent successfully. Status Code: 200
2026-06-30 21:26:15,726 - INFO - ThreadPoolExecutor-0_6 - [PROD] Sending payload 1462/2160 | Order Number: V4063008464
2026-06-30 21:26:15,782 - INFO - ThreadPoolExecutor-0_8 - [PROD] Payload 1453/2160 sent successfully. Status Code: 200
2026-06-30 21:26:15,783 - INFO - ThreadPoolExecutor-0_8 - [PROD] Sending payload 1463/2160 | Order Number: V4063008465
2026-06-30 21:26:15,945 - INFO - ThreadPoolExecutor-0_2 - [PROD] Payload 1454/2160 sent successfully. Status Code: 200
2026-06-30 21:26:15,947 - INFO - ThreadPoolExecutor-0_2 - [PROD] Sending payload 1464/2160 | Order Number: V4063008466
2026-06-30 21:26:16,039 - INFO - ThreadPoolExecutor-0_3 - [PROD] Payload 1455/2160 sent successfully. Status Code: 200
2026-06-30 21:26:16,042 - INFO - ThreadPoolExecutor-0_3 - [PROD] Sending payload 1465/2160 | Order Number: V4063008467
2026-06-30 21:26:16,189 - INFO - ThreadPoolExecutor-0_1 - [PROD] Payload 1456/2160 sent successfully. Status Code: 200
2026-06-30 21:26:16,191 - INFO - ThreadPoolExecutor-0_1 - [PROD] Sending payload 1466/2160 | Order Number: V4063008468
2026-06-30 21:26:16,292 - INFO - ThreadPoolExecutor-0_9 - [PROD] Payload 1457/2160 sent successfully. Status Code: 200
2026-06-30 21:26:16,294 - INFO - ThreadPoolExecutor-0_9 - [PROD] Sending payload 1467/2160 | Order Number: V4063008469
2026-06-30 21:26:16,364 - INFO - ThreadPoolExecutor-0_7 - [PROD] Payload 1458/2160 sent successfully. Status Code: 200
2026-06-30 21:26:16,366 - INFO - ThreadPoolExecutor-0_7 - [PROD] Sending payload 1468/2160 | Order Number: V4063008470
2026-06-30 21:26:16,577 - INFO - ThreadPoolExecutor-0_4 - [PROD] Payload 1459/2160 sent successfully. Status Code: 200
2026-06-30 21:26:16,579 - INFO - ThreadPoolExecutor-0_4 - [PROD] Sending payload 1469/2160 | Order Number: V4063008471
2026-06-30 21:26:16,892 - INFO - ThreadPoolExecutor-0_5 - [PROD] Payload 1460/2160 sent successfully. Status Code: 200
2026-06-30 21:26:16,894 - INFO - ThreadPoolExecutor-0_5 - [PROD] Sending payload 1470/2160 | Order Number: V4063008472
2026-06-30 21:26:17,062 - INFO - ThreadPoolExecutor-0_0 - [PROD] Payload 1461/2160 sent successfully. Status Code: 200
2026-06-30 21:26:17,068 - INFO - ThreadPoolExecutor-0_0 - [PROD] Sending payload 1471/2160 | Order Number: V4063008473
2026-06-30 21:26:17,557 - INFO - ThreadPoolExecutor-0_6 - [PROD] Payload 1462/2160 sent successfully. Status Code: 200
2026-06-30 21:26:17,559 - INFO - ThreadPoolExecutor-0_6 - [PROD] Sending payload 1472/2160 | Order Number: V4063008474
2026-06-30 21:26:17,564 - INFO - ThreadPoolExecutor-0_8 - [PROD] Payload 1463/2160 sent successfully. Status Code: 200
2026-06-30 21:26:17,564 - INFO - ThreadPoolExecutor-0_8 - [PROD] Sending payload 1473/2160 | Order Number: V4063008475
2026-06-30 21:26:17,806 - INFO - ThreadPoolExecutor-0_2 - [PROD] Payload 1464/2160 sent successfully. Status Code: 200
2026-06-30 21:26:17,808 - INFO - ThreadPoolExecutor-0_2 - [PROD] Sending payload 1474/2160 | Order Number: V4063008476
2026-06-30 21:26:17,916 - INFO - ThreadPoolExecutor-0_3 - [PROD] Payload 1465/2160 sent successfully. Status Code: 200
2026-06-30 21:26:17,918 - INFO - ThreadPoolExecutor-0_3 - [PROD] Sending payload 1475/2160 | Order Number: V4063008477
2026-06-30 21:26:18,087 - INFO - ThreadPoolExecutor-0_1 - [PROD] Payload 1466/2160 sent successfully. Status Code: 200
2026-06-30 21:26:18,089 - INFO - ThreadPoolExecutor-0_1 - [PROD] Sending payload 1476/2160 | Order Number: V4063008478
2026-06-30 21:26:18,140 - INFO - ThreadPoolExecutor-0_9 - [PROD] Payload 1467/2160 sent successfully. Status Code: 200
2026-06-30 21:26:18,140 - INFO - ThreadPoolExecutor-0_9 - [PROD] Sending payload 1477/2160 | Order Number: V4063008479
2026-06-30 21:26:18,179 - INFO - ThreadPoolExecutor-0_7 - [PROD] Payload 1468/2160 sent successfully. Status Code: 200
2026-06-30 21:26:18,180 - INFO - ThreadPoolExecutor-0_7 - [PROD] Sending payload 1478/2160 | Order Number: V4063008480
2026-06-30 21:26:18,405 - INFO - ThreadPoolExecutor-0_4 - [PROD] Payload 1469/2160 sent successfully. Status Code: 200
2026-06-30 21:26:18,406 - INFO - ThreadPoolExecutor-0_4 - [PROD] Sending payload 1479/2160 | Order Number: V4063008481
2026-06-30 21:26:18,705 - INFO - ThreadPoolExecutor-0_5 - [PROD] Payload 1470/2160 sent successfully. Status Code: 200
2026-06-30 21:26:18,707 - INFO - ThreadPoolExecutor-0_5 - [PROD] Sending payload 1480/2160 | Order Number: V4063008482
2026-06-30 21:26:18,864 - INFO - ThreadPoolExecutor-0_0 - [PROD] Payload 1471/2160 sent successfully. Status Code: 200
2026-06-30 21:26:18,864 - INFO - ThreadPoolExecutor-0_0 - [PROD] Sending payload 1481/2160 | Order Number: V4063008483
2026-06-30 21:26:19,431 - INFO - ThreadPoolExecutor-0_8 - [PROD] Payload 1473/2160 sent successfully. Status Code: 200
2026-06-30 21:26:19,433 - INFO - ThreadPoolExecutor-0_8 - [PROD] Sending payload 1482/2160 | Order Number: V4063008484
2026-06-30 21:26:19,497 - INFO - ThreadPoolExecutor-0_6 - [PROD] Payload 1472/2160 sent successfully. Status Code: 200
2026-06-30 21:26:19,497 - INFO - ThreadPoolExecutor-0_6 - [PROD] Sending payload 1483/2160 | Order Number: V4063008485
2026-06-30 21:26:19,790 - INFO - ThreadPoolExecutor-0_3 - [PROD] Payload 1475/2160 sent successfully. Status Code: 200
2026-06-30 21:26:19,792 - INFO - ThreadPoolExecutor-0_3 - [PROD] Sending payload 1484/2160 | Order Number: V4063008486
2026-06-30 21:26:20,111 - INFO - ThreadPoolExecutor-0_7 - [PROD] Payload 1478/2160 sent successfully. Status Code: 200
2026-06-30 21:26:20,112 - INFO - ThreadPoolExecutor-0_7 - [PROD] Sending payload 1485/2160 | Order Number: V4063008487
2026-06-30 21:26:20,140 - INFO - ThreadPoolExecutor-0_1 - [PROD] Payload 1476/2160 sent successfully. Status Code: 200
2026-06-30 21:26:20,141 - INFO - ThreadPoolExecutor-0_1 - [PROD] Sending payload 1486/2160 | Order Number: V4063008488
2026-06-30 21:26:20,183 - INFO - ThreadPoolExecutor-0_2 - [PROD] Payload 1474/2160 sent successfully. Status Code: 200
2026-06-30 21:26:20,183 - INFO - ThreadPoolExecutor-0_2 - [PROD] Sending payload 1487/2160 | Order Number: V4063008489
2026-06-30 21:26:20,298 - INFO - ThreadPoolExecutor-0_9 - [PROD] Payload 1477/2160 sent successfully. Status Code: 200
2026-06-30 21:26:20,300 - INFO - ThreadPoolExecutor-0_9 - [PROD] Sending payload 1488/2160 | Order Number: V4063008490
2026-06-30 21:26:20,568 - INFO - ThreadPoolExecutor-0_5 - [PROD] Payload 1480/2160 sent successfully. Status Code: 200
2026-06-30 21:26:20,569 - INFO - ThreadPoolExecutor-0_5 - [PROD] Sending payload 1489/2160 | Order Number: V4063008491
2026-06-30 21:26:20,654 - INFO - ThreadPoolExecutor-0_0 - [PROD] Payload 1481/2160 sent successfully. Status Code: 200
2026-06-30 21:26:20,657 - INFO - ThreadPoolExecutor-0_0 - [PROD] Sending payload 1490/2160 | Order Number: V4063008492
2026-06-30 21:26:20,981 - INFO - ThreadPoolExecutor-0_4 - [PROD] Payload 1479/2160 sent successfully. Status Code: 200
2026-06-30 21:26:20,983 - INFO - ThreadPoolExecutor-0_4 - [PROD] Sending payload 1491/2160 | Order Number: V4063008493
2026-06-30 21:26:21,294 - INFO - ThreadPoolExecutor-0_6 - [PROD] Payload 1483/2160 sent successfully. Status Code: 200
2026-06-30 21:26:21,295 - INFO - ThreadPoolExecutor-0_6 - [PROD] Sending payload 1492/2160 | Order Number: V4063008494
2026-06-30 21:26:21,628 - INFO - ThreadPoolExecutor-0_8 - [PROD] Payload 1482/2160 sent successfully. Status Code: 200
2026-06-30 21:26:21,629 - INFO - ThreadPoolExecutor-0_8 - [PROD] Sending payload 1493/2160 | Order Number: V4063008495
2026-06-30 21:26:21,705 - INFO - ThreadPoolExecutor-0_3 - [PROD] Payload 1484/2160 sent successfully. Status Code: 200
2026-06-30 21:26:21,706 - INFO - ThreadPoolExecutor-0_3 - [PROD] Sending payload 1494/2160 | Order Number: V4063008496
2026-06-30 21:26:22,059 - INFO - ThreadPoolExecutor-0_2 - [PROD] Payload 1487/2160 sent successfully. Status Code: 200
2026-06-30 21:26:22,060 - INFO - ThreadPoolExecutor-0_2 - [PROD] Sending payload 1495/2160 | Order Number: V4063008497
2026-06-30 21:26:22,089 - INFO - ThreadPoolExecutor-0_1 - [PROD] Payload 1486/2160 sent successfully. Status Code: 200
2026-06-30 21:26:22,090 - INFO - ThreadPoolExecutor-0_1 - [PROD] Sending payload 1496/2160 | Order Number: V4063008498
2026-06-30 21:26:22,134 - INFO - ThreadPoolExecutor-0_7 - [PROD] Payload 1485/2160 sent successfully. Status Code: 200
2026-06-30 21:26:22,134 - INFO - ThreadPoolExecutor-0_7 - [PROD] Sending payload 1497/2160 | Order Number: V4063008499
2026-06-30 21:26:22,262 - INFO - ThreadPoolExecutor-0_9 - [PROD] Payload 1488/2160 sent successfully. Status Code: 200
2026-06-30 21:26:22,263 - INFO - ThreadPoolExecutor-0_9 - [PROD] Sending payload 1498/2160 | Order Number: V4063008500
2026-06-30 21:26:22,366 - INFO - ThreadPoolExecutor-0_5 - [PROD] Payload 1489/2160 sent successfully. Status Code: 200
2026-06-30 21:26:22,367 - INFO - ThreadPoolExecutor-0_5 - [PROD] Sending payload 1499/2160 | Order Number: V4063008501
2026-06-30 21:26:22,538 - INFO - ThreadPoolExecutor-0_0 - [PROD] Payload 1490/2160 sent successfully. Status Code: 200
2026-06-30 21:26:22,539 - INFO - ThreadPoolExecutor-0_0 - [PROD] Sending payload 1500/2160 | Order Number: V4063008502
2026-06-30 21:26:22,824 - INFO - ThreadPoolExecutor-0_4 - [PROD] Payload 1491/2160 sent successfully. Status Code: 200
2026-06-30 21:26:22,826 - INFO - ThreadPoolExecutor-0_4 - [PROD] Sending payload 1501/2160 | Order Number: V4063008503
2026-06-30 21:26:23,130 - INFO - ThreadPoolExecutor-0_6 - [PROD] Payload 1492/2160 sent successfully. Status Code: 200
2026-06-30 21:26:23,132 - INFO - ThreadPoolExecutor-0_6 - [PROD] Sending payload 1502/2160 | Order Number: V4063008504
2026-06-30 21:26:23,410 - INFO - ThreadPoolExecutor-0_8 - [PROD] Payload 1493/2160 sent successfully. Status Code: 200
2026-06-30 21:26:23,411 - INFO - ThreadPoolExecutor-0_8 - [PROD] Sending payload 1503/2160 | Order Number: V4063008505
2026-06-30 21:26:23,594 - INFO - ThreadPoolExecutor-0_3 - [PROD] Payload 1494/2160 sent successfully. Status Code: 200
2026-06-30 21:26:23,595 - INFO - ThreadPoolExecutor-0_3 - [PROD] Sending payload 1504/2160 | Order Number: V4063008506
2026-06-30 21:26:23,921 - INFO - ThreadPoolExecutor-0_2 - [PROD] Payload 1495/2160 sent successfully. Status Code: 200
2026-06-30 21:26:23,923 - INFO - ThreadPoolExecutor-0_2 - [PROD] Sending payload 1505/2160 | Order Number: V4063008507
2026-06-30 21:26:23,924 - INFO - ThreadPoolExecutor-0_1 - [PROD] Payload 1496/2160 sent successfully. Status Code: 200
2026-06-30 21:26:23,925 - INFO - ThreadPoolExecutor-0_1 - [PROD] Sending payload 1506/2160 | Order Number: V4063008508
2026-06-30 21:26:23,974 - INFO - ThreadPoolExecutor-0_7 - [PROD] Payload 1497/2160 sent successfully. Status Code: 200
2026-06-30 21:26:23,975 - INFO - ThreadPoolExecutor-0_7 - [PROD] Sending payload 1507/2160 | Order Number: V4063008509
2026-06-30 21:26:24,189 - INFO - ThreadPoolExecutor-0_9 - [PROD] Payload 1498/2160 sent successfully. Status Code: 200
2026-06-30 21:26:24,191 - INFO - ThreadPoolExecutor-0_9 - [PROD] Sending payload 1508/2160 | Order Number: V4063008510
2026-06-30 21:26:24,454 - INFO - ThreadPoolExecutor-0_5 - [PROD] Payload 1499/2160 sent successfully. Status Code: 200
2026-06-30 21:26:24,456 - INFO - ThreadPoolExecutor-0_5 - [PROD] Sending payload 1509/2160 | Order Number: V4063008511
2026-06-30 21:26:24,479 - INFO - ThreadPoolExecutor-0_0 - [PROD] Payload 1500/2160 sent successfully. Status Code: 200
2026-06-30 21:26:24,480 - INFO - ThreadPoolExecutor-0_0 - [PROD] Sending payload 1510/2160 | Order Number: V4063008512
2026-06-30 21:26:24,670 - INFO - ThreadPoolExecutor-0_4 - [PROD] Payload 1501/2160 sent successfully. Status Code: 200
2026-06-30 21:26:24,670 - INFO - ThreadPoolExecutor-0_4 - [PROD] Sending payload 1511/2160 | Order Number: V4063008513
2026-06-30 21:26:24,917 - INFO - ThreadPoolExecutor-0_6 - [PROD] Payload 1502/2160 sent successfully. Status Code: 200
2026-06-30 21:26:24,917 - INFO - ThreadPoolExecutor-0_6 - [PROD] Sending payload 1512/2160 | Order Number: V4063008514
2026-06-30 21:26:25,194 - INFO - ThreadPoolExecutor-0_8 - [PROD] Payload 1503/2160 sent successfully. Status Code: 200
2026-06-30 21:26:25,197 - INFO - ThreadPoolExecutor-0_8 - [PROD] Sending payload 1513/2160 | Order Number: V4063008515
2026-06-30 21:26:25,377 - INFO - ThreadPoolExecutor-0_3 - [PROD] Payload 1504/2160 sent successfully. Status Code: 200
2026-06-30 21:26:25,380 - INFO - ThreadPoolExecutor-0_3 - [PROD] Sending payload 1514/2160 | Order Number: V4063008516
2026-06-30 21:26:25,760 - INFO - ThreadPoolExecutor-0_1 - [PROD] Payload 1506/2160 sent successfully. Status Code: 200
2026-06-30 21:26:25,762 - INFO - ThreadPoolExecutor-0_1 - [PROD] Sending payload 1515/2160 | Order Number: V4063008517
2026-06-30 21:26:25,806 - INFO - ThreadPoolExecutor-0_7 - [PROD] Payload 1507/2160 sent successfully. Status Code: 200
2026-06-30 21:26:25,806 - INFO - ThreadPoolExecutor-0_7 - [PROD] Sending payload 1516/2160 | Order Number: V4063008518
2026-06-30 21:26:25,854 - INFO - ThreadPoolExecutor-0_2 - [PROD] Payload 1505/2160 sent successfully. Status Code: 200
2026-06-30 21:26:25,854 - INFO - ThreadPoolExecutor-0_2 - [PROD] Sending payload 1517/2160 | Order Number: V4063008519
2026-06-30 21:26:26,009 - INFO - ThreadPoolExecutor-0_9 - [PROD] Payload 1508/2160 sent successfully. Status Code: 200
2026-06-30 21:26:26,010 - INFO - ThreadPoolExecutor-0_9 - [PROD] Sending payload 1518/2160 | Order Number: V4063008520
2026-06-30 21:26:26,393 - INFO - ThreadPoolExecutor-0_5 - [PROD] Payload 1509/2160 sent successfully. Status Code: 200
2026-06-30 21:26:26,395 - INFO - ThreadPoolExecutor-0_5 - [PROD] Sending payload 1519/2160 | Order Number: V4063008521
2026-06-30 21:26:26,563 - INFO - ThreadPoolExecutor-0_4 - [PROD] Payload 1511/2160 sent successfully. Status Code: 200
2026-06-30 21:26:26,564 - INFO - ThreadPoolExecutor-0_4 - [PROD] Sending payload 1520/2160 | Order Number: V4063008522
2026-06-30 21:26:26,590 - INFO - ThreadPoolExecutor-0_0 - [PROD] Payload 1510/2160 sent successfully. Status Code: 200
2026-06-30 21:26:26,591 - INFO - ThreadPoolExecutor-0_0 - [PROD] Sending payload 1521/2160 | Order Number: V4063008523
2026-06-30 21:26:26,775 - INFO - ThreadPoolExecutor-0_6 - [PROD] Payload 1512/2160 sent successfully. Status Code: 200
2026-06-30 21:26:26,777 - INFO - ThreadPoolExecutor-0_6 - [PROD] Sending payload 1522/2160 | Order Number: V4063008524
2026-06-30 21:26:27,039 - INFO - ThreadPoolExecutor-0_8 - [PROD] Payload 1513/2160 sent successfully. Status Code: 200
2026-06-30 21:26:27,040 - INFO - ThreadPoolExecutor-0_8 - [PROD] Sending payload 1523/2160 | Order Number: V4063008525
2026-06-30 21:26:27,240 - INFO - ThreadPoolExecutor-0_3 - [PROD] Payload 1514/2160 sent successfully. Status Code: 200
2026-06-30 21:26:27,241 - INFO - ThreadPoolExecutor-0_3 - [PROD] Sending payload 1524/2160 | Order Number: V4063008526
2026-06-30 21:26:27,602 - INFO - ThreadPoolExecutor-0_7 - [PROD] Payload 1516/2160 sent successfully. Status Code: 200
2026-06-30 21:26:27,603 - INFO - ThreadPoolExecutor-0_7 - [PROD] Sending payload 1525/2160 | Order Number: V4063008527
2026-06-30 21:26:27,605 - INFO - ThreadPoolExecutor-0_1 - [PROD] Payload 1515/2160 sent successfully. Status Code: 200
2026-06-30 21:26:27,605 - INFO - ThreadPoolExecutor-0_1 - [PROD] Sending payload 1526/2160 | Order Number: V4063008528
2026-06-30 21:26:27,762 - INFO - ThreadPoolExecutor-0_2 - [PROD] Payload 1517/2160 sent successfully. Status Code: 200
2026-06-30 21:26:27,764 - INFO - ThreadPoolExecutor-0_2 - [PROD] Sending payload 1527/2160 | Order Number: V4063008529
2026-06-30 21:26:27,917 - INFO - ThreadPoolExecutor-0_9 - [PROD] Payload 1518/2160 sent successfully. Status Code: 200
2026-06-30 21:26:27,919 - INFO - ThreadPoolExecutor-0_9 - [PROD] Sending payload 1528/2160 | Order Number: V4063008530
2026-06-30 21:26:28,271 - INFO - ThreadPoolExecutor-0_5 - [PROD] Payload 1519/2160 sent successfully. Status Code: 200
2026-06-30 21:26:28,273 - INFO - ThreadPoolExecutor-0_5 - [PROD] Sending payload 1529/2160 | Order Number: V4063008531
2026-06-30 21:26:28,387 - INFO - ThreadPoolExecutor-0_4 - [PROD] Payload 1520/2160 sent successfully. Status Code: 200
2026-06-30 21:26:28,389 - INFO - ThreadPoolExecutor-0_4 - [PROD] Sending payload 1530/2160 | Order Number: V4063008532
2026-06-30 21:26:28,407 - INFO - ThreadPoolExecutor-0_0 - [PROD] Payload 1521/2160 sent successfully. Status Code: 200
2026-06-30 21:26:28,407 - INFO - ThreadPoolExecutor-0_0 - [PROD] Sending payload 1531/2160 | Order Number: V4063008533
2026-06-30 21:26:28,599 - INFO - ThreadPoolExecutor-0_6 - [PROD] Payload 1522/2160 sent successfully. Status Code: 200
2026-06-30 21:26:28,600 - INFO - ThreadPoolExecutor-0_6 - [PROD] Sending payload 1532/2160 | Order Number: V4063008534
2026-06-30 21:26:28,961 - INFO - ThreadPoolExecutor-0_8 - [PROD] Payload 1523/2160 sent successfully. Status Code: 200
2026-06-30 21:26:28,963 - INFO - ThreadPoolExecutor-0_8 - [PROD] Sending payload 1533/2160 | Order Number: V4063008535
2026-06-30 21:26:29,127 - INFO - ThreadPoolExecutor-0_3 - [PROD] Payload 1524/2160 sent successfully. Status Code: 200
2026-06-30 21:26:29,128 - INFO - ThreadPoolExecutor-0_3 - [PROD] Sending payload 1534/2160 | Order Number: V4063008536
2026-06-30 21:26:29,413 - INFO - ThreadPoolExecutor-0_1 - [PROD] Payload 1526/2160 sent successfully. Status Code: 200
2026-06-30 21:26:29,415 - INFO - ThreadPoolExecutor-0_1 - [PROD] Sending payload 1535/2160 | Order Number: V4063008537
2026-06-30 21:26:29,604 - INFO - ThreadPoolExecutor-0_2 - [PROD] Payload 1527/2160 sent successfully. Status Code: 200
2026-06-30 21:26:29,606 - INFO - ThreadPoolExecutor-0_2 - [PROD] Sending payload 1536/2160 | Order Number: V4063008538
2026-06-30 21:26:29,609 - INFO - ThreadPoolExecutor-0_7 - [PROD] Payload 1525/2160 sent successfully. Status Code: 200
2026-06-30 21:26:29,610 - INFO - ThreadPoolExecutor-0_7 - [PROD] Sending payload 1537/2160 | Order Number: V4063008539
2026-06-30 21:26:29,772 - INFO - ThreadPoolExecutor-0_9 - [PROD] Payload 1528/2160 sent successfully. Status Code: 200
2026-06-30 21:26:29,774 - INFO - ThreadPoolExecutor-0_9 - [PROD] Sending payload 1538/2160 | Order Number: V4063008540
2026-06-30 21:26:30,095 - INFO - ThreadPoolExecutor-0_5 - [PROD] Payload 1529/2160 sent successfully. Status Code: 200
2026-06-30 21:26:30,097 - INFO - ThreadPoolExecutor-0_5 - [PROD] Sending payload 1539/2160 | Order Number: V4063008541
2026-06-30 21:26:30,191 - INFO - ThreadPoolExecutor-0_0 - [PROD] Payload 1531/2160 sent successfully. Status Code: 200
2026-06-30 21:26:30,192 - INFO - ThreadPoolExecutor-0_0 - [PROD] Sending payload 1540/2160 | Order Number: V4063008542
2026-06-30 21:26:30,286 - INFO - ThreadPoolExecutor-0_4 - [PROD] Payload 1530/2160 sent successfully. Status Code: 200
2026-06-30 21:26:30,287 - INFO - ThreadPoolExecutor-0_4 - [PROD] Sending payload 1541/2160 | Order Number: V4063008543
2026-06-30 21:26:30,813 - INFO - ThreadPoolExecutor-0_8 - [PROD] Payload 1533/2160 sent successfully. Status Code: 200
2026-06-30 21:26:30,814 - INFO - ThreadPoolExecutor-0_8 - [PROD] Sending payload 1542/2160 | Order Number: V4063008544
2026-06-30 21:26:30,925 - INFO - ThreadPoolExecutor-0_3 - [PROD] Payload 1534/2160 sent successfully. Status Code: 200
2026-06-30 21:26:30,926 - INFO - ThreadPoolExecutor-0_3 - [PROD] Sending payload 1543/2160 | Order Number: V4063008545
2026-06-30 21:26:31,060 - INFO - ThreadPoolExecutor-0_6 - [PROD] Payload 1532/2160 sent successfully. Status Code: 200
2026-06-30 21:26:31,062 - INFO - ThreadPoolExecutor-0_6 - [PROD] Sending payload 1544/2160 | Order Number: V4063008546
2026-06-30 21:26:31,321 - INFO - ThreadPoolExecutor-0_1 - [PROD] Payload 1535/2160 sent successfully. Status Code: 200
2026-06-30 21:26:31,324 - INFO - ThreadPoolExecutor-0_1 - [PROD] Sending payload 1545/2160 | Order Number: V4063008547
2026-06-30 21:26:31,412 - INFO - ThreadPoolExecutor-0_7 - [PROD] Payload 1537/2160 sent successfully. Status Code: 200
2026-06-30 21:26:31,414 - INFO - ThreadPoolExecutor-0_7 - [PROD] Sending payload 1546/2160 | Order Number: V4063008548
2026-06-30 21:26:31,416 - INFO - ThreadPoolExecutor-0_2 - [PROD] Payload 1536/2160 sent successfully. Status Code: 200
2026-06-30 21:26:31,417 - INFO - ThreadPoolExecutor-0_2 - [PROD] Sending payload 1547/2160 | Order Number: V4063008549
2026-06-30 21:26:31,658 - INFO - ThreadPoolExecutor-0_9 - [PROD] Payload 1538/2160 sent successfully. Status Code: 200
2026-06-30 21:26:31,659 - INFO - ThreadPoolExecutor-0_9 - [PROD] Sending payload 1548/2160 | Order Number: V4063008550
2026-06-30 21:26:32,300 - INFO - ThreadPoolExecutor-0_0 - [PROD] Payload 1540/2160 sent successfully. Status Code: 200
2026-06-30 21:26:32,302 - INFO - ThreadPoolExecutor-0_0 - [PROD] Sending payload 1549/2160 | Order Number: V4063008551
2026-06-30 21:26:32,305 - INFO - ThreadPoolExecutor-0_4 - [PROD] Payload 1541/2160 sent successfully. Status Code: 200
2026-06-30 21:26:32,306 - INFO - ThreadPoolExecutor-0_4 - [PROD] Sending payload 1550/2160 | Order Number: V4063008552
2026-06-30 21:26:32,589 - INFO - ThreadPoolExecutor-0_8 - [PROD] Payload 1542/2160 sent successfully. Status Code: 200
2026-06-30 21:26:32,591 - INFO - ThreadPoolExecutor-0_8 - [PROD] Sending payload 1551/2160 | Order Number: V4063008553
2026-06-30 21:26:32,791 - INFO - ThreadPoolExecutor-0_3 - [PROD] Payload 1543/2160 sent successfully. Status Code: 200
2026-06-30 21:26:32,793 - INFO - ThreadPoolExecutor-0_3 - [PROD] Sending payload 1552/2160 | Order Number: V4063008554
2026-06-30 21:26:32,859 - INFO - ThreadPoolExecutor-0_5 - [PROD] Payload 1539/2160 sent successfully. Status Code: 200
2026-06-30 21:26:32,860 - INFO - ThreadPoolExecutor-0_5 - [PROD] Sending payload 1553/2160 | Order Number: V4063008555
2026-06-30 21:26:33,194 - INFO - ThreadPoolExecutor-0_1 - [PROD] Payload 1545/2160 sent successfully. Status Code: 200
2026-06-30 21:26:33,195 - INFO - ThreadPoolExecutor-0_1 - [PROD] Sending payload 1554/2160 | Order Number: V4063008556
2026-06-30 21:26:33,299 - INFO - ThreadPoolExecutor-0_7 - [PROD] Payload 1546/2160 sent successfully. Status Code: 200
2026-06-30 21:26:33,300 - INFO - ThreadPoolExecutor-0_7 - [PROD] Sending payload 1555/2160 | Order Number: V4063008557
2026-06-30 21:26:33,558 - INFO - ThreadPoolExecutor-0_2 - [PROD] Payload 1547/2160 sent successfully. Status Code: 200
2026-06-30 21:26:33,560 - INFO - ThreadPoolExecutor-0_2 - [PROD] Sending payload 1556/2160 | Order Number: V4063008558
2026-06-30 21:26:33,562 - INFO - ThreadPoolExecutor-0_9 - [PROD] Payload 1548/2160 sent successfully. Status Code: 200
2026-06-30 21:26:33,563 - INFO - ThreadPoolExecutor-0_9 - [PROD] Sending payload 1557/2160 | Order Number: V4063008559
2026-06-30 21:26:33,907 - INFO - ThreadPoolExecutor-0_6 - [PROD] Payload 1544/2160 sent successfully. Status Code: 200
2026-06-30 21:26:33,911 - INFO - ThreadPoolExecutor-0_6 - [PROD] Sending payload 1558/2160 | Order Number: V4063008560
2026-06-30 21:26:34,093 - INFO - ThreadPoolExecutor-0_0 - [PROD] Payload 1549/2160 sent successfully. Status Code: 200
2026-06-30 21:26:34,094 - INFO - ThreadPoolExecutor-0_0 - [PROD] Sending payload 1559/2160 | Order Number: V4063008561
2026-06-30 21:26:34,274 - INFO - ThreadPoolExecutor-0_4 - [PROD] Payload 1550/2160 sent successfully. Status Code: 200
2026-06-30 21:26:34,276 - INFO - ThreadPoolExecutor-0_4 - [PROD] Sending payload 1560/2160 | Order Number: V4063008562
2026-06-30 21:26:34,448 - INFO - ThreadPoolExecutor-0_8 - [PROD] Payload 1551/2160 sent successfully. Status Code: 200
2026-06-30 21:26:34,450 - INFO - ThreadPoolExecutor-0_8 - [PROD] Sending payload 1561/2160 | Order Number: V4063008563
2026-06-30 21:26:34,745 - INFO - ThreadPoolExecutor-0_5 - [PROD] Payload 1553/2160 sent successfully. Status Code: 200
2026-06-30 21:26:34,747 - INFO - ThreadPoolExecutor-0_5 - [PROD] Sending payload 1562/2160 | Order Number: V4063008564
2026-06-30 21:26:34,767 - INFO - ThreadPoolExecutor-0_3 - [PROD] Payload 1552/2160 sent successfully. Status Code: 200
2026-06-30 21:26:34,768 - INFO - ThreadPoolExecutor-0_3 - [PROD] Sending payload 1563/2160 | Order Number: V4063008565
2026-06-30 21:26:35,031 - INFO - ThreadPoolExecutor-0_1 - [PROD] Payload 1554/2160 sent successfully. Status Code: 200
2026-06-30 21:26:35,034 - INFO - ThreadPoolExecutor-0_1 - [PROD] Sending payload 1564/2160 | Order Number: V4063008566
2026-06-30 21:26:35,178 - INFO - ThreadPoolExecutor-0_7 - [PROD] Payload 1555/2160 sent successfully. Status Code: 200
2026-06-30 21:26:35,180 - INFO - ThreadPoolExecutor-0_7 - [PROD] Sending payload 1565/2160 | Order Number: V4063008567
2026-06-30 21:26:35,411 - INFO - ThreadPoolExecutor-0_9 - [PROD] Payload 1557/2160 sent successfully. Status Code: 200
2026-06-30 21:26:35,413 - INFO - ThreadPoolExecutor-0_9 - [PROD] Sending payload 1566/2160 | Order Number: V4063008568
2026-06-30 21:26:35,496 - INFO - ThreadPoolExecutor-0_2 - [PROD] Payload 1556/2160 sent successfully. Status Code: 200
2026-06-30 21:26:35,498 - INFO - ThreadPoolExecutor-0_2 - [PROD] Sending payload 1567/2160 | Order Number: V4063008569
2026-06-30 21:26:35,761 - INFO - ThreadPoolExecutor-0_6 - [PROD] Payload 1558/2160 sent successfully. Status Code: 200
2026-06-30 21:26:35,763 - INFO - ThreadPoolExecutor-0_6 - [PROD] Sending payload 1568/2160 | Order Number: V4063008570
2026-06-30 21:26:35,971 - INFO - ThreadPoolExecutor-0_0 - [PROD] Payload 1559/2160 sent successfully. Status Code: 200
2026-06-30 21:26:35,973 - INFO - ThreadPoolExecutor-0_0 - [PROD] Sending payload 1569/2160 | Order Number: V4063008571
2026-06-30 21:26:36,170 - INFO - ThreadPoolExecutor-0_4 - [PROD] Payload 1560/2160 sent successfully. Status Code: 200
2026-06-30 21:26:36,171 - INFO - ThreadPoolExecutor-0_4 - [PROD] Sending payload 1570/2160 | Order Number: V4063008572
2026-06-30 21:26:36,223 - INFO - ThreadPoolExecutor-0_8 - [PROD] Payload 1561/2160 sent successfully. Status Code: 200
2026-06-30 21:26:36,223 - INFO - ThreadPoolExecutor-0_8 - [PROD] Sending payload 1571/2160 | Order Number: V4063008573
2026-06-30 21:26:36,567 - INFO - ThreadPoolExecutor-0_5 - [PROD] Payload 1562/2160 sent successfully. Status Code: 200
2026-06-30 21:26:36,569 - INFO - ThreadPoolExecutor-0_5 - [PROD] Sending payload 1572/2160 | Order Number: V4063008574
2026-06-30 21:26:36,621 - INFO - ThreadPoolExecutor-0_3 - [PROD] Payload 1563/2160 sent successfully. Status Code: 200
2026-06-30 21:26:36,621 - INFO - ThreadPoolExecutor-0_3 - [PROD] Sending payload 1573/2160 | Order Number: V4063008575
2026-06-30 21:26:36,891 - INFO - ThreadPoolExecutor-0_1 - [PROD] Payload 1564/2160 sent successfully. Status Code: 200
2026-06-30 21:26:36,892 - INFO - ThreadPoolExecutor-0_1 - [PROD] Sending payload 1574/2160 | Order Number: V4063008576
2026-06-30 21:26:37,089 - INFO - ThreadPoolExecutor-0_7 - [PROD] Payload 1565/2160 sent successfully. Status Code: 200
2026-06-30 21:26:37,091 - INFO - ThreadPoolExecutor-0_7 - [PROD] Sending payload 1575/2160 | Order Number: V4063008577
2026-06-30 21:26:37,251 - INFO - ThreadPoolExecutor-0_9 - [PROD] Payload 1566/2160 sent successfully. Status Code: 200
2026-06-30 21:26:37,252 - INFO - ThreadPoolExecutor-0_9 - [PROD] Sending payload 1576/2160 | Order Number: V4063008578
2026-06-30 21:26:37,354 - INFO - ThreadPoolExecutor-0_2 - [PROD] Payload 1567/2160 sent successfully. Status Code: 200
2026-06-30 21:26:37,355 - INFO - ThreadPoolExecutor-0_2 - [PROD] Sending payload 1577/2160 | Order Number: V4063008579
2026-06-30 21:26:37,702 - INFO - ThreadPoolExecutor-0_6 - [PROD] Payload 1568/2160 sent successfully. Status Code: 200
2026-06-30 21:26:37,703 - INFO - ThreadPoolExecutor-0_6 - [PROD] Sending payload 1578/2160 | Order Number: V4063008580
2026-06-30 21:26:37,809 - INFO - ThreadPoolExecutor-0_0 - [PROD] Payload 1569/2160 sent successfully. Status Code: 200
2026-06-30 21:26:37,811 - INFO - ThreadPoolExecutor-0_0 - [PROD] Sending payload 1579/2160 | Order Number: V4063008581
2026-06-30 21:26:37,982 - INFO - ThreadPoolExecutor-0_4 - [PROD] Payload 1570/2160 sent successfully. Status Code: 200
2026-06-30 21:26:37,984 - INFO - ThreadPoolExecutor-0_4 - [PROD] Sending payload 1580/2160 | Order Number: V4063008582
2026-06-30 21:26:38,017 - INFO - ThreadPoolExecutor-0_8 - [PROD] Payload 1571/2160 sent successfully. Status Code: 200
2026-06-30 21:26:38,018 - INFO - ThreadPoolExecutor-0_8 - [PROD] Sending payload 1581/2160 | Order Number: V4063008583
2026-06-30 21:26:38,399 - INFO - ThreadPoolExecutor-0_3 - [PROD] Payload 1573/2160 sent successfully. Status Code: 200
2026-06-30 21:26:38,401 - INFO - ThreadPoolExecutor-0_3 - [PROD] Sending payload 1582/2160 | Order Number: V4063008584
2026-06-30 21:26:38,457 - INFO - ThreadPoolExecutor-0_5 - [PROD] Payload 1572/2160 sent successfully. Status Code: 200
2026-06-30 21:26:38,457 - INFO - ThreadPoolExecutor-0_5 - [PROD] Sending payload 1583/2160 | Order Number: V4063008585
2026-06-30 21:26:38,691 - INFO - ThreadPoolExecutor-0_1 - [PROD] Payload 1574/2160 sent successfully. Status Code: 200
2026-06-30 21:26:38,693 - INFO - ThreadPoolExecutor-0_1 - [PROD] Sending payload 1584/2160 | Order Number: V4063008586
2026-06-30 21:26:38,921 - INFO - ThreadPoolExecutor-0_7 - [PROD] Payload 1575/2160 sent successfully. Status Code: 200
2026-06-30 21:26:38,922 - INFO - ThreadPoolExecutor-0_7 - [PROD] Sending payload 1585/2160 | Order Number: V4063008587
2026-06-30 21:26:39,113 - INFO - ThreadPoolExecutor-0_9 - [PROD] Payload 1576/2160 sent successfully. Status Code: 200
2026-06-30 21:26:39,114 - INFO - ThreadPoolExecutor-0_9 - [PROD] Sending payload 1586/2160 | Order Number: V4063008588
2026-06-30 21:26:39,178 - INFO - ThreadPoolExecutor-0_2 - [PROD] Payload 1577/2160 sent successfully. Status Code: 200
2026-06-30 21:26:39,179 - INFO - ThreadPoolExecutor-0_2 - [PROD] Sending payload 1587/2160 | Order Number: V4063008589
2026-06-30 21:26:39,571 - INFO - ThreadPoolExecutor-0_6 - [PROD] Payload 1578/2160 sent successfully. Status Code: 200
2026-06-30 21:26:39,575 - INFO - ThreadPoolExecutor-0_6 - [PROD] Sending payload 1588/2160 | Order Number: V4063008590
2026-06-30 21:26:39,649 - INFO - ThreadPoolExecutor-0_0 - [PROD] Payload 1579/2160 sent successfully. Status Code: 200
2026-06-30 21:26:39,651 - INFO - ThreadPoolExecutor-0_0 - [PROD] Sending payload 1589/2160 | Order Number: V4063008591
2026-06-30 21:26:39,865 - INFO - ThreadPoolExecutor-0_8 - [PROD] Payload 1581/2160 sent successfully. Status Code: 200
2026-06-30 21:26:39,867 - INFO - ThreadPoolExecutor-0_8 - [PROD] Sending payload 1590/2160 | Order Number: V4063008592
2026-06-30 21:26:39,879 - INFO - ThreadPoolExecutor-0_4 - [PROD] Payload 1580/2160 sent successfully. Status Code: 200
2026-06-30 21:26:39,879 - INFO - ThreadPoolExecutor-0_4 - [PROD] Sending payload 1591/2160 | Order Number: V4063008593
2026-06-30 21:26:40,236 - INFO - ThreadPoolExecutor-0_3 - [PROD] Payload 1582/2160 sent successfully. Status Code: 200
2026-06-30 21:26:40,238 - INFO - ThreadPoolExecutor-0_3 - [PROD] Sending payload 1592/2160 | Order Number: V4063008594
2026-06-30 21:26:40,526 - INFO - ThreadPoolExecutor-0_5 - [PROD] Payload 1583/2160 sent successfully. Status Code: 200
2026-06-30 21:26:40,528 - INFO - ThreadPoolExecutor-0_5 - [PROD] Sending payload 1593/2160 | Order Number: V4063008595
2026-06-30 21:26:40,566 - INFO - ThreadPoolExecutor-0_1 - [PROD] Payload 1584/2160 sent successfully. Status Code: 200
2026-06-30 21:26:40,566 - INFO - ThreadPoolExecutor-0_1 - [PROD] Sending payload 1594/2160 | Order Number: V4063008596
2026-06-30 21:26:40,708 - INFO - ThreadPoolExecutor-0_7 - [PROD] Payload 1585/2160 sent successfully. Status Code: 200
2026-06-30 21:26:40,709 - INFO - ThreadPoolExecutor-0_7 - [PROD] Sending payload 1595/2160 | Order Number: V4063008597
2026-06-30 21:26:40,973 - INFO - ThreadPoolExecutor-0_9 - [PROD] Payload 1586/2160 sent successfully. Status Code: 200
2026-06-30 21:26:40,975 - INFO - ThreadPoolExecutor-0_9 - [PROD] Sending payload 1596/2160 | Order Number: V4063008598
2026-06-30 21:26:41,004 - INFO - ThreadPoolExecutor-0_2 - [PROD] Payload 1587/2160 sent successfully. Status Code: 200
2026-06-30 21:26:41,005 - INFO - ThreadPoolExecutor-0_2 - [PROD] Sending payload 1597/2160 | Order Number: V4063008599
2026-06-30 21:26:41,438 - INFO - ThreadPoolExecutor-0_6 - [PROD] Payload 1588/2160 sent successfully. Status Code: 200
2026-06-30 21:26:41,438 - INFO - ThreadPoolExecutor-0_6 - [PROD] Sending payload 1598/2160 | Order Number: V4063008600
2026-06-30 21:26:41,503 - INFO - ThreadPoolExecutor-0_0 - [PROD] Payload 1589/2160 sent successfully. Status Code: 200
2026-06-30 21:26:41,504 - INFO - ThreadPoolExecutor-0_0 - [PROD] Sending payload 1599/2160 | Order Number: V4063008601
2026-06-30 21:26:41,733 - INFO - ThreadPoolExecutor-0_4 - [PROD] Payload 1591/2160 sent successfully. Status Code: 200
2026-06-30 21:26:41,733 - INFO - ThreadPoolExecutor-0_4 - [PROD] Sending payload 1600/2160 | Order Number: V4063008602
2026-06-30 21:26:41,749 - INFO - ThreadPoolExecutor-0_8 - [PROD] Payload 1590/2160 sent successfully. Status Code: 200
2026-06-30 21:26:41,750 - INFO - ThreadPoolExecutor-0_8 - [PROD] Sending payload 1601/2160 | Order Number: V4063008603
2026-06-30 21:26:42,160 - INFO - ThreadPoolExecutor-0_3 - [PROD] Payload 1592/2160 sent successfully. Status Code: 200
2026-06-30 21:26:42,162 - INFO - ThreadPoolExecutor-0_3 - [PROD] Sending payload 1602/2160 | Order Number: V4063008604
2026-06-30 21:26:42,354 - INFO - ThreadPoolExecutor-0_1 - [PROD] Payload 1594/2160 sent successfully. Status Code: 200
2026-06-30 21:26:42,356 - INFO - ThreadPoolExecutor-0_5 - [PROD] Payload 1593/2160 sent successfully. Status Code: 200
2026-06-30 21:26:42,356 - INFO - ThreadPoolExecutor-0_1 - [PROD] Sending payload 1603/2160 | Order Number: V4063008605
2026-06-30 21:26:42,357 - INFO - ThreadPoolExecutor-0_5 - [PROD] Sending payload 1604/2160 | Order Number: V4063008606
2026-06-30 21:26:42,541 - INFO - ThreadPoolExecutor-0_7 - [PROD] Payload 1595/2160 sent successfully. Status Code: 200
2026-06-30 21:26:42,543 - INFO - ThreadPoolExecutor-0_7 - [PROD] Sending payload 1605/2160 | Order Number: V4063008607
2026-06-30 21:26:42,814 - INFO - ThreadPoolExecutor-0_9 - [PROD] Payload 1596/2160 sent successfully. Status Code: 200
2026-06-30 21:26:42,816 - INFO - ThreadPoolExecutor-0_9 - [PROD] Sending payload 1606/2160 | Order Number: V4063008608
2026-06-30 21:26:42,834 - INFO - ThreadPoolExecutor-0_2 - [PROD] Payload 1597/2160 sent successfully. Status Code: 200
2026-06-30 21:26:42,834 - INFO - ThreadPoolExecutor-0_2 - [PROD] Sending payload 1607/2160 | Order Number: V4063008609
2026-06-30 21:26:43,268 - INFO - ThreadPoolExecutor-0_6 - [PROD] Payload 1598/2160 sent successfully. Status Code: 200
2026-06-30 21:26:43,269 - INFO - ThreadPoolExecutor-0_6 - [PROD] Sending payload 1608/2160 | Order Number: V4063008610
2026-06-30 21:26:43,287 - INFO - ThreadPoolExecutor-0_0 - [PROD] Payload 1599/2160 sent successfully. Status Code: 200
2026-06-30 21:26:43,288 - INFO - ThreadPoolExecutor-0_0 - [PROD] Sending payload 1609/2160 | Order Number: V4063008611
2026-06-30 21:26:43,533 - INFO - ThreadPoolExecutor-0_4 - [PROD] Payload 1600/2160 sent successfully. Status Code: 200
2026-06-30 21:26:43,534 - INFO - ThreadPoolExecutor-0_4 - [PROD] Sending payload 1610/2160 | Order Number: V4063008612
2026-06-30 21:26:43,716 - INFO - ThreadPoolExecutor-0_8 - [PROD] Payload 1601/2160 sent successfully. Status Code: 200
2026-06-30 21:26:43,717 - INFO - ThreadPoolExecutor-0_8 - [PROD] Sending payload 1611/2160 | Order Number: V4063008613
2026-06-30 21:26:43,976 - INFO - ThreadPoolExecutor-0_3 - [PROD] Payload 1602/2160 sent successfully. Status Code: 200
2026-06-30 21:26:43,978 - INFO - ThreadPoolExecutor-0_3 - [PROD] Sending payload 1612/2160 | Order Number: V4063008614
2026-06-30 21:26:44,149 - INFO - ThreadPoolExecutor-0_5 - [PROD] Payload 1604/2160 sent successfully. Status Code: 200
2026-06-30 21:26:44,151 - INFO - ThreadPoolExecutor-0_5 - [PROD] Sending payload 1613/2160 | Order Number: V4063008615
2026-06-30 21:26:44,171 - INFO - ThreadPoolExecutor-0_1 - [PROD] Payload 1603/2160 sent successfully. Status Code: 200
2026-06-30 21:26:44,172 - INFO - ThreadPoolExecutor-0_1 - [PROD] Sending payload 1614/2160 | Order Number: V4063008616
2026-06-30 21:26:44,320 - INFO - ThreadPoolExecutor-0_7 - [PROD] Payload 1605/2160 sent successfully. Status Code: 200
2026-06-30 21:26:44,322 - INFO - ThreadPoolExecutor-0_7 - [PROD] Sending payload 1615/2160 | Order Number: V4063008617
2026-06-30 21:26:44,605 - INFO - ThreadPoolExecutor-0_9 - [PROD] Payload 1606/2160 sent successfully. Status Code: 200
2026-06-30 21:26:44,605 - INFO - ThreadPoolExecutor-0_9 - [PROD] Sending payload 1616/2160 | Order Number: V4063008618
2026-06-30 21:26:44,784 - INFO - ThreadPoolExecutor-0_2 - [PROD] Payload 1607/2160 sent successfully. Status Code: 200
2026-06-30 21:26:44,785 - INFO - ThreadPoolExecutor-0_2 - [PROD] Sending payload 1617/2160 | Order Number: V4063008619
2026-06-30 21:26:45,163 - INFO - ThreadPoolExecutor-0_6 - [PROD] Payload 1608/2160 sent successfully. Status Code: 200
2026-06-30 21:26:45,165 - INFO - ThreadPoolExecutor-0_6 - [PROD] Sending payload 1618/2160 | Order Number: V4063008620
2026-06-30 21:26:45,175 - INFO - ThreadPoolExecutor-0_0 - [PROD] Payload 1609/2160 sent successfully. Status Code: 200
2026-06-30 21:26:45,176 - INFO - ThreadPoolExecutor-0_0 - [PROD] Sending payload 1619/2160 | Order Number: V4063008621
2026-06-30 21:26:45,355 - INFO - ThreadPoolExecutor-0_4 - [PROD] Payload 1610/2160 sent successfully. Status Code: 200
2026-06-30 21:26:45,356 - INFO - ThreadPoolExecutor-0_4 - [PROD] Sending payload 1620/2160 | Order Number: V4063008622
2026-06-30 21:26:45,637 - INFO - ThreadPoolExecutor-0_8 - [PROD] Payload 1611/2160 sent successfully. Status Code: 200
2026-06-30 21:26:45,639 - INFO - ThreadPoolExecutor-0_8 - [PROD] Sending payload 1621/2160 | Order Number: V4063008623
2026-06-30 21:26:45,812 - INFO - ThreadPoolExecutor-0_3 - [PROD] Payload 1612/2160 sent successfully. Status Code: 200
2026-06-30 21:26:45,814 - INFO - ThreadPoolExecutor-0_3 - [PROD] Sending payload 1622/2160 | Order Number: V4063008624
2026-06-30 21:26:45,942 - INFO - ThreadPoolExecutor-0_1 - [PROD] Payload 1614/2160 sent successfully. Status Code: 200
2026-06-30 21:26:45,943 - INFO - ThreadPoolExecutor-0_1 - [PROD] Sending payload 1623/2160 | Order Number: V4063008625
2026-06-30 21:26:46,007 - INFO - ThreadPoolExecutor-0_5 - [PROD] Payload 1613/2160 sent successfully. Status Code: 200
2026-06-30 21:26:46,008 - INFO - ThreadPoolExecutor-0_5 - [PROD] Sending payload 1624/2160 | Order Number: V4063008626
2026-06-30 21:26:46,167 - INFO - ThreadPoolExecutor-0_7 - [PROD] Payload 1615/2160 sent successfully. Status Code: 200
2026-06-30 21:26:46,169 - INFO - ThreadPoolExecutor-0_7 - [PROD] Sending payload 1625/2160 | Order Number: V4063008627
2026-06-30 21:26:46,441 - INFO - ThreadPoolExecutor-0_9 - [PROD] Payload 1616/2160 sent successfully. Status Code: 200
2026-06-30 21:26:46,443 - INFO - ThreadPoolExecutor-0_9 - [PROD] Sending payload 1626/2160 | Order Number: V4063008628
2026-06-30 21:26:46,565 - INFO - ThreadPoolExecutor-0_2 - [PROD] Payload 1617/2160 sent successfully. Status Code: 200
2026-06-30 21:26:46,567 - INFO - ThreadPoolExecutor-0_2 - [PROD] Sending payload 1627/2160 | Order Number: V4063008629
2026-06-30 21:26:46,972 - INFO - ThreadPoolExecutor-0_6 - [PROD] Payload 1618/2160 sent successfully. Status Code: 200
2026-06-30 21:26:46,974 - INFO - ThreadPoolExecutor-0_6 - [PROD] Sending payload 1628/2160 | Order Number: V4063008630
2026-06-30 21:26:47,147 - INFO - ThreadPoolExecutor-0_0 - [PROD] Payload 1619/2160 sent successfully. Status Code: 200
2026-06-30 21:26:47,148 - INFO - ThreadPoolExecutor-0_0 - [PROD] Sending payload 1629/2160 | Order Number: V4063008631
2026-06-30 21:26:47,151 - INFO - ThreadPoolExecutor-0_4 - [PROD] Payload 1620/2160 sent successfully. Status Code: 200
2026-06-30 21:26:47,152 - INFO - ThreadPoolExecutor-0_4 - [PROD] Sending payload 1630/2160 | Order Number: V4063008632
2026-06-30 21:26:47,422 - INFO - ThreadPoolExecutor-0_8 - [PROD] Payload 1621/2160 sent successfully. Status Code: 200
2026-06-30 21:26:47,424 - INFO - ThreadPoolExecutor-0_8 - [PROD] Sending payload 1631/2160 | Order Number: V4063008633
2026-06-30 21:26:47,607 - INFO - ThreadPoolExecutor-0_3 - [PROD] Payload 1622/2160 sent successfully. Status Code: 200
2026-06-30 21:26:47,609 - INFO - ThreadPoolExecutor-0_3 - [PROD] Sending payload 1632/2160 | Order Number: V4063008634
2026-06-30 21:26:47,813 - INFO - ThreadPoolExecutor-0_1 - [PROD] Payload 1623/2160 sent successfully. Status Code: 200
2026-06-30 21:26:47,815 - INFO - ThreadPoolExecutor-0_1 - [PROD] Sending payload 1633/2160 | Order Number: V4063008635
2026-06-30 21:26:47,999 - INFO - ThreadPoolExecutor-0_5 - [PROD] Payload 1624/2160 sent successfully. Status Code: 200
2026-06-30 21:26:48,001 - INFO - ThreadPoolExecutor-0_5 - [PROD] Sending payload 1634/2160 | Order Number: V4063008636
2026-06-30 21:26:48,002 - INFO - ThreadPoolExecutor-0_7 - [PROD] Payload 1625/2160 sent successfully. Status Code: 200
2026-06-30 21:26:48,004 - INFO - ThreadPoolExecutor-0_7 - [PROD] Sending payload 1635/2160 | Order Number: V4063008637
2026-06-30 21:26:48,241 - INFO - ThreadPoolExecutor-0_9 - [PROD] Payload 1626/2160 sent successfully. Status Code: 200
2026-06-30 21:26:48,243 - INFO - ThreadPoolExecutor-0_9 - [PROD] Sending payload 1636/2160 | Order Number: V4063008638
2026-06-30 21:26:48,434 - INFO - ThreadPoolExecutor-0_2 - [PROD] Payload 1627/2160 sent successfully. Status Code: 200
2026-06-30 21:26:48,435 - INFO - ThreadPoolExecutor-0_2 - [PROD] Sending payload 1637/2160 | Order Number: V4063008639
2026-06-30 21:26:48,788 - INFO - ThreadPoolExecutor-0_6 - [PROD] Payload 1628/2160 sent successfully. Status Code: 200
2026-06-30 21:26:48,790 - INFO - ThreadPoolExecutor-0_6 - [PROD] Sending payload 1638/2160 | Order Number: V4063008640
2026-06-30 21:26:48,977 - INFO - ThreadPoolExecutor-0_0 - [PROD] Payload 1629/2160 sent successfully. Status Code: 200
2026-06-30 21:26:48,977 - INFO - ThreadPoolExecutor-0_4 - [PROD] Payload 1630/2160 sent successfully. Status Code: 200
2026-06-30 21:26:48,979 - INFO - ThreadPoolExecutor-0_0 - [PROD] Sending payload 1639/2160 | Order Number: V4063008641
2026-06-30 21:26:48,979 - INFO - ThreadPoolExecutor-0_4 - [PROD] Sending payload 1640/2160 | Order Number: V4063008642
2026-06-30 21:26:49,210 - INFO - ThreadPoolExecutor-0_8 - [PROD] Payload 1631/2160 sent successfully. Status Code: 200
2026-06-30 21:26:49,212 - INFO - ThreadPoolExecutor-0_8 - [PROD] Sending payload 1641/2160 | Order Number: V4063008643
2026-06-30 21:26:49,429 - INFO - ThreadPoolExecutor-0_3 - [PROD] Payload 1632/2160 sent successfully. Status Code: 200
2026-06-30 21:26:49,430 - INFO - ThreadPoolExecutor-0_3 - [PROD] Sending payload 1642/2160 | Order Number: V4063008644
2026-06-30 21:26:49,646 - INFO - ThreadPoolExecutor-0_1 - [PROD] Payload 1633/2160 sent successfully. Status Code: 200
2026-06-30 21:26:49,647 - INFO - ThreadPoolExecutor-0_1 - [PROD] Sending payload 1643/2160 | Order Number: V4063008645
2026-06-30 21:26:49,862 - INFO - ThreadPoolExecutor-0_7 - [PROD] Payload 1635/2160 sent successfully. Status Code: 200
2026-06-30 21:26:49,864 - INFO - ThreadPoolExecutor-0_7 - [PROD] Sending payload 1644/2160 | Order Number: V4063008646
2026-06-30 21:26:50,027 - INFO - ThreadPoolExecutor-0_5 - [PROD] Payload 1634/2160 sent successfully. Status Code: 200
2026-06-30 21:26:50,029 - INFO - ThreadPoolExecutor-0_5 - [PROD] Sending payload 1645/2160 | Order Number: V4063008647
2026-06-30 21:26:50,051 - INFO - ThreadPoolExecutor-0_9 - [PROD] Payload 1636/2160 sent successfully. Status Code: 200
2026-06-30 21:26:50,052 - INFO - ThreadPoolExecutor-0_9 - [PROD] Sending payload 1646/2160 | Order Number: V4063008648
2026-06-30 21:26:50,235 - INFO - ThreadPoolExecutor-0_2 - [PROD] Payload 1637/2160 sent successfully. Status Code: 200
2026-06-30 21:26:50,237 - INFO - ThreadPoolExecutor-0_2 - [PROD] Sending payload 1647/2160 | Order Number: V4063008649
2026-06-30 21:26:50,710 - INFO - ThreadPoolExecutor-0_6 - [PROD] Payload 1638/2160 sent successfully. Status Code: 200
2026-06-30 21:26:50,711 - INFO - ThreadPoolExecutor-0_6 - [PROD] Sending payload 1648/2160 | Order Number: V4063008650
2026-06-30 21:26:50,786 - INFO - ThreadPoolExecutor-0_4 - [PROD] Payload 1640/2160 sent successfully. Status Code: 200
2026-06-30 21:26:50,788 - INFO - ThreadPoolExecutor-0_4 - [PROD] Sending payload 1649/2160 | Order Number: V4063008651
2026-06-30 21:26:50,863 - INFO - ThreadPoolExecutor-0_0 - [PROD] Payload 1639/2160 sent successfully. Status Code: 200
2026-06-30 21:26:50,865 - INFO - ThreadPoolExecutor-0_0 - [PROD] Sending payload 1650/2160 | Order Number: V4063008652
2026-06-30 21:26:51,064 - INFO - ThreadPoolExecutor-0_8 - [PROD] Payload 1641/2160 sent successfully. Status Code: 200
2026-06-30 21:26:51,066 - INFO - ThreadPoolExecutor-0_8 - [PROD] Sending payload 1651/2160 | Order Number: V4063008653
2026-06-30 21:26:51,281 - INFO - ThreadPoolExecutor-0_3 - [PROD] Payload 1642/2160 sent successfully. Status Code: 200
2026-06-30 21:26:51,283 - INFO - ThreadPoolExecutor-0_3 - [PROD] Sending payload 1652/2160 | Order Number: V4063008654
2026-06-30 21:26:51,463 - INFO - ThreadPoolExecutor-0_1 - [PROD] Payload 1643/2160 sent successfully. Status Code: 200
2026-06-30 21:26:51,466 - INFO - ThreadPoolExecutor-0_1 - [PROD] Sending payload 1653/2160 | Order Number: V4063008655
2026-06-30 21:26:51,724 - INFO - ThreadPoolExecutor-0_7 - [PROD] Payload 1644/2160 sent successfully. Status Code: 200
2026-06-30 21:26:51,726 - INFO - ThreadPoolExecutor-0_7 - [PROD] Sending payload 1654/2160 | Order Number: V4063008656
2026-06-30 21:26:51,881 - INFO - ThreadPoolExecutor-0_5 - [PROD] Payload 1645/2160 sent successfully. Status Code: 200
2026-06-30 21:26:51,884 - INFO - ThreadPoolExecutor-0_5 - [PROD] Sending payload 1655/2160 | Order Number: V4063008657
2026-06-30 21:26:51,887 - INFO - ThreadPoolExecutor-0_9 - [PROD] Payload 1646/2160 sent successfully. Status Code: 200
2026-06-30 21:26:51,889 - INFO - ThreadPoolExecutor-0_9 - [PROD] Sending payload 1656/2160 | Order Number: V4063008658
2026-06-30 21:26:52,054 - INFO - ThreadPoolExecutor-0_2 - [PROD] Payload 1647/2160 sent successfully. Status Code: 200
2026-06-30 21:26:52,056 - INFO - ThreadPoolExecutor-0_2 - [PROD] Sending payload 1657/2160 | Order Number: V4063008659
2026-06-30 21:26:52,480 - INFO - ThreadPoolExecutor-0_6 - [PROD] Payload 1648/2160 sent successfully. Status Code: 200
2026-06-30 21:26:52,482 - INFO - ThreadPoolExecutor-0_6 - [PROD] Sending payload 1658/2160 | Order Number: V4063008660
2026-06-30 21:26:52,660 - INFO - ThreadPoolExecutor-0_4 - [PROD] Payload 1649/2160 sent successfully. Status Code: 200
2026-06-30 21:26:52,662 - INFO - ThreadPoolExecutor-0_4 - [PROD] Sending payload 1659/2160 | Order Number: V4063008661
2026-06-30 21:26:52,735 - INFO - ThreadPoolExecutor-0_0 - [PROD] Payload 1650/2160 sent successfully. Status Code: 200
2026-06-30 21:26:52,736 - INFO - ThreadPoolExecutor-0_0 - [PROD] Sending payload 1660/2160 | Order Number: V4063008662
2026-06-30 21:26:52,916 - INFO - ThreadPoolExecutor-0_8 - [PROD] Payload 1651/2160 sent successfully. Status Code: 200
2026-06-30 21:26:52,917 - INFO - ThreadPoolExecutor-0_8 - [PROD] Sending payload 1661/2160 | Order Number: V4063008663
2026-06-30 21:26:53,091 - INFO - ThreadPoolExecutor-0_3 - [PROD] Payload 1652/2160 sent successfully. Status Code: 200
2026-06-30 21:26:53,093 - INFO - ThreadPoolExecutor-0_3 - [PROD] Sending payload 1662/2160 | Order Number: V4063008664
2026-06-30 21:26:53,314 - INFO - ThreadPoolExecutor-0_1 - [PROD] Payload 1653/2160 sent successfully. Status Code: 200
2026-06-30 21:26:53,315 - INFO - ThreadPoolExecutor-0_1 - [PROD] Sending payload 1663/2160 | Order Number: V4063008665
2026-06-30 21:26:53,567 - INFO - ThreadPoolExecutor-0_7 - [PROD] Payload 1654/2160 sent successfully. Status Code: 200
2026-06-30 21:26:53,569 - INFO - ThreadPoolExecutor-0_7 - [PROD] Sending payload 1664/2160 | Order Number: V4063008666
2026-06-30 21:26:53,694 - INFO - ThreadPoolExecutor-0_5 - [PROD] Payload 1655/2160 sent successfully. Status Code: 200
2026-06-30 21:26:53,696 - INFO - ThreadPoolExecutor-0_5 - [PROD] Sending payload 1665/2160 | Order Number: V4063008667
2026-06-30 21:26:53,889 - INFO - ThreadPoolExecutor-0_9 - [PROD] Payload 1656/2160 sent successfully. Status Code: 200
2026-06-30 21:26:53,890 - INFO - ThreadPoolExecutor-0_9 - [PROD] Sending payload 1666/2160 | Order Number: V4063008668
2026-06-30 21:26:53,919 - INFO - ThreadPoolExecutor-0_2 - [PROD] Payload 1657/2160 sent successfully. Status Code: 200
2026-06-30 21:26:53,919 - INFO - ThreadPoolExecutor-0_2 - [PROD] Sending payload 1667/2160 | Order Number: V4063008669
2026-06-30 21:26:54,300 - INFO - ThreadPoolExecutor-0_6 - [PROD] Payload 1658/2160 sent successfully. Status Code: 200
2026-06-30 21:26:54,302 - INFO - ThreadPoolExecutor-0_6 - [PROD] Sending payload 1668/2160 | Order Number: V4063008670
2026-06-30 21:26:54,490 - INFO - ThreadPoolExecutor-0_4 - [PROD] Payload 1659/2160 sent successfully. Status Code: 200
2026-06-30 21:26:54,492 - INFO - ThreadPoolExecutor-0_4 - [PROD] Sending payload 1669/2160 | Order Number: V4063008671
2026-06-30 21:26:54,709 - INFO - ThreadPoolExecutor-0_8 - [PROD] Payload 1661/2160 sent successfully. Status Code: 200
2026-06-30 21:26:54,714 - INFO - ThreadPoolExecutor-0_8 - [PROD] Sending payload 1670/2160 | Order Number: V4063008672
2026-06-30 21:26:55,213 - INFO - ThreadPoolExecutor-0_0 - [PROD] Payload 1660/2160 sent successfully. Status Code: 200
2026-06-30 21:26:55,214 - INFO - ThreadPoolExecutor-0_0 - [PROD] Sending payload 1671/2160 | Order Number: V4063008673
2026-06-30 21:26:55,291 - INFO - ThreadPoolExecutor-0_3 - [PROD] Payload 1662/2160 sent successfully. Status Code: 200
2026-06-30 21:26:55,292 - INFO - ThreadPoolExecutor-0_3 - [PROD] Sending payload 1672/2160 | Order Number: V4063008674
2026-06-30 21:26:55,570 - INFO - ThreadPoolExecutor-0_1 - [PROD] Payload 1663/2160 sent successfully. Status Code: 200
2026-06-30 21:26:55,572 - INFO - ThreadPoolExecutor-0_1 - [PROD] Sending payload 1673/2160 | Order Number: V4063008675
2026-06-30 21:26:55,584 - INFO - ThreadPoolExecutor-0_5 - [PROD] Payload 1665/2160 sent successfully. Status Code: 200
2026-06-30 21:26:55,584 - INFO - ThreadPoolExecutor-0_5 - [PROD] Sending payload 1674/2160 | Order Number: V4063008676
2026-06-30 21:26:55,766 - INFO - ThreadPoolExecutor-0_7 - [PROD] Payload 1664/2160 sent successfully. Status Code: 200
2026-06-30 21:26:55,768 - INFO - ThreadPoolExecutor-0_7 - [PROD] Sending payload 1675/2160 | Order Number: V4063008677
2026-06-30 21:26:56,011 - INFO - ThreadPoolExecutor-0_9 - [PROD] Payload 1666/2160 sent successfully. Status Code: 200
2026-06-30 21:26:56,015 - INFO - ThreadPoolExecutor-0_9 - [PROD] Sending payload 1676/2160 | Order Number: V4063008678
2026-06-30 21:26:56,082 - INFO - ThreadPoolExecutor-0_2 - [PROD] Payload 1667/2160 sent successfully. Status Code: 200
2026-06-30 21:26:56,085 - INFO - ThreadPoolExecutor-0_2 - [PROD] Sending payload 1677/2160 | Order Number: V4063008679
2026-06-30 21:26:56,390 - INFO - ThreadPoolExecutor-0_4 - [PROD] Payload 1669/2160 sent successfully. Status Code: 200
2026-06-30 21:26:56,392 - INFO - ThreadPoolExecutor-0_4 - [PROD] Sending payload 1678/2160 | Order Number: V4063008680
2026-06-30 21:26:56,582 - INFO - ThreadPoolExecutor-0_6 - [PROD] Payload 1668/2160 sent successfully. Status Code: 200
2026-06-30 21:26:56,583 - INFO - ThreadPoolExecutor-0_6 - [PROD] Sending payload 1679/2160 | Order Number: V4063008681
2026-06-30 21:26:56,587 - INFO - ThreadPoolExecutor-0_8 - [PROD] Payload 1670/2160 sent successfully. Status Code: 200
2026-06-30 21:26:56,588 - INFO - ThreadPoolExecutor-0_8 - [PROD] Sending payload 1680/2160 | Order Number: V4063008682
2026-06-30 21:26:57,087 - INFO - ThreadPoolExecutor-0_0 - [PROD] Payload 1671/2160 sent successfully. Status Code: 200
2026-06-30 21:26:57,088 - INFO - ThreadPoolExecutor-0_0 - [PROD] Sending payload 1681/2160 | Order Number: V4063008683
2026-06-30 21:26:57,173 - INFO - ThreadPoolExecutor-0_3 - [PROD] Payload 1672/2160 sent successfully. Status Code: 200
2026-06-30 21:26:57,176 - INFO - ThreadPoolExecutor-0_3 - [PROD] Sending payload 1682/2160 | Order Number: V4063008684
2026-06-30 21:26:57,391 - INFO - ThreadPoolExecutor-0_5 - [PROD] Payload 1674/2160 sent successfully. Status Code: 200
2026-06-30 21:26:57,393 - INFO - ThreadPoolExecutor-0_5 - [PROD] Sending payload 1683/2160 | Order Number: V4063008685
2026-06-30 21:26:57,451 - INFO - ThreadPoolExecutor-0_1 - [PROD] Payload 1673/2160 sent successfully. Status Code: 200
2026-06-30 21:26:57,453 - INFO - ThreadPoolExecutor-0_1 - [PROD] Sending payload 1684/2160 | Order Number: V4063008686
2026-06-30 21:26:57,874 - INFO - ThreadPoolExecutor-0_9 - [PROD] Payload 1676/2160 sent successfully. Status Code: 200
2026-06-30 21:26:57,876 - INFO - ThreadPoolExecutor-0_9 - [PROD] Sending payload 1685/2160 | Order Number: V4063008687
2026-06-30 21:26:57,996 - INFO - ThreadPoolExecutor-0_2 - [PROD] Payload 1677/2160 sent successfully. Status Code: 200
2026-06-30 21:26:57,996 - INFO - ThreadPoolExecutor-0_2 - [PROD] Sending payload 1686/2160 | Order Number: V4063008688
2026-06-30 21:26:58,155 - INFO - ThreadPoolExecutor-0_7 - [PROD] Payload 1675/2160 sent successfully. Status Code: 200
2026-06-30 21:26:58,157 - INFO - ThreadPoolExecutor-0_7 - [PROD] Sending payload 1687/2160 | Order Number: V4063008689
2026-06-30 21:26:58,352 - INFO - ThreadPoolExecutor-0_4 - [PROD] Payload 1678/2160 sent successfully. Status Code: 200
2026-06-30 21:26:58,354 - INFO - ThreadPoolExecutor-0_4 - [PROD] Sending payload 1688/2160 | Order Number: V4063008690
2026-06-30 21:26:58,398 - INFO - ThreadPoolExecutor-0_6 - [PROD] Payload 1679/2160 sent successfully. Status Code: 200
2026-06-30 21:26:58,399 - INFO - ThreadPoolExecutor-0_6 - [PROD] Sending payload 1689/2160 | Order Number: V4063008691
2026-06-30 21:26:58,580 - INFO - ThreadPoolExecutor-0_8 - [PROD] Payload 1680/2160 sent successfully. Status Code: 200
2026-06-30 21:26:58,582 - INFO - ThreadPoolExecutor-0_8 - [PROD] Sending payload 1690/2160 | Order Number: V4063008692
2026-06-30 21:26:58,962 - INFO - ThreadPoolExecutor-0_0 - [PROD] Payload 1681/2160 sent successfully. Status Code: 200
2026-06-30 21:26:58,963 - INFO - ThreadPoolExecutor-0_0 - [PROD] Sending payload 1691/2160 | Order Number: V4063008693
2026-06-30 21:26:59,152 - INFO - ThreadPoolExecutor-0_3 - [PROD] Payload 1682/2160 sent successfully. Status Code: 200
2026-06-30 21:26:59,154 - INFO - ThreadPoolExecutor-0_3 - [PROD] Sending payload 1692/2160 | Order Number: V4063008694
2026-06-30 21:26:59,271 - INFO - ThreadPoolExecutor-0_5 - [PROD] Payload 1683/2160 sent successfully. Status Code: 200
2026-06-30 21:26:59,273 - INFO - ThreadPoolExecutor-0_5 - [PROD] Sending payload 1693/2160 | Order Number: V4063008695
2026-06-30 21:26:59,330 - INFO - ThreadPoolExecutor-0_1 - [PROD] Payload 1684/2160 sent successfully. Status Code: 200
2026-06-30 21:26:59,331 - INFO - ThreadPoolExecutor-0_1 - [PROD] Sending payload 1694/2160 | Order Number: V4063008696
2026-06-30 21:26:59,721 - INFO - ThreadPoolExecutor-0_9 - [PROD] Payload 1685/2160 sent successfully. Status Code: 200
2026-06-30 21:26:59,722 - INFO - ThreadPoolExecutor-0_9 - [PROD] Sending payload 1695/2160 | Order Number: V4063008697
2026-06-30 21:26:59,815 - INFO - ThreadPoolExecutor-0_2 - [PROD] Payload 1686/2160 sent successfully. Status Code: 200
2026-06-30 21:26:59,817 - INFO - ThreadPoolExecutor-0_2 - [PROD] Sending payload 1696/2160 | Order Number: V4063008698
2026-06-30 21:27:00,018 - INFO - ThreadPoolExecutor-0_7 - [PROD] Payload 1687/2160 sent successfully. Status Code: 200
2026-06-30 21:27:00,020 - INFO - ThreadPoolExecutor-0_7 - [PROD] Sending payload 1697/2160 | Order Number: V4063008699
2026-06-30 21:27:00,183 - INFO - ThreadPoolExecutor-0_4 - [PROD] Payload 1688/2160 sent successfully. Status Code: 200
2026-06-30 21:27:00,184 - INFO - ThreadPoolExecutor-0_4 - [PROD] Sending payload 1698/2160 | Order Number: V4063008700
2026-06-30 21:27:00,237 - INFO - ThreadPoolExecutor-0_6 - [PROD] Payload 1689/2160 sent successfully. Status Code: 200
2026-06-30 21:27:00,238 - INFO - ThreadPoolExecutor-0_6 - [PROD] Sending payload 1699/2160 | Order Number: V4063008701
2026-06-30 21:27:00,469 - INFO - ThreadPoolExecutor-0_8 - [PROD] Payload 1690/2160 sent successfully. Status Code: 200
2026-06-30 21:27:00,472 - INFO - ThreadPoolExecutor-0_8 - [PROD] Sending payload 1700/2160 | Order Number: V4063008702
2026-06-30 21:27:00,801 - INFO - ThreadPoolExecutor-0_0 - [PROD] Payload 1691/2160 sent successfully. Status Code: 200
2026-06-30 21:27:00,804 - INFO - ThreadPoolExecutor-0_0 - [PROD] Sending payload 1701/2160 | Order Number: V4063008703
2026-06-30 21:27:01,062 - INFO - ThreadPoolExecutor-0_3 - [PROD] Payload 1692/2160 sent successfully. Status Code: 200
2026-06-30 21:27:01,064 - INFO - ThreadPoolExecutor-0_3 - [PROD] Sending payload 1702/2160 | Order Number: V4063008704
2026-06-30 21:27:01,247 - INFO - ThreadPoolExecutor-0_1 - [PROD] Payload 1694/2160 sent successfully. Status Code: 200
2026-06-30 21:27:01,249 - INFO - ThreadPoolExecutor-0_1 - [PROD] Sending payload 1703/2160 | Order Number: V4063008705
2026-06-30 21:27:01,312 - INFO - ThreadPoolExecutor-0_5 - [PROD] Payload 1693/2160 sent successfully. Status Code: 200
2026-06-30 21:27:01,314 - INFO - ThreadPoolExecutor-0_5 - [PROD] Sending payload 1704/2160 | Order Number: V4063008706
2026-06-30 21:27:01,576 - INFO - ThreadPoolExecutor-0_9 - [PROD] Payload 1695/2160 sent successfully. Status Code: 200
2026-06-30 21:27:01,579 - INFO - ThreadPoolExecutor-0_9 - [PROD] Sending payload 1705/2160 | Order Number: V4063008707
2026-06-30 21:27:01,746 - INFO - ThreadPoolExecutor-0_2 - [PROD] Payload 1696/2160 sent successfully. Status Code: 200
2026-06-30 21:27:01,747 - INFO - ThreadPoolExecutor-0_2 - [PROD] Sending payload 1706/2160 | Order Number: V4063008708
2026-06-30 21:27:02,022 - INFO - ThreadPoolExecutor-0_7 - [PROD] Payload 1697/2160 sent successfully. Status Code: 200
2026-06-30 21:27:02,025 - INFO - ThreadPoolExecutor-0_7 - [PROD] Sending payload 1707/2160 | Order Number: V4063008709
2026-06-30 21:27:02,207 - INFO - ThreadPoolExecutor-0_4 - [PROD] Payload 1698/2160 sent successfully. Status Code: 200
2026-06-30 21:27:02,210 - INFO - ThreadPoolExecutor-0_4 - [PROD] Sending payload 1708/2160 | Order Number: V4063008710
2026-06-30 21:27:02,292 - INFO - ThreadPoolExecutor-0_6 - [PROD] Payload 1699/2160 sent successfully. Status Code: 200
2026-06-30 21:27:02,294 - INFO - ThreadPoolExecutor-0_6 - [PROD] Sending payload 1709/2160 | Order Number: V4063008711
2026-06-30 21:27:02,430 - INFO - ThreadPoolExecutor-0_8 - [PROD] Payload 1700/2160 sent successfully. Status Code: 200
2026-06-30 21:27:02,431 - INFO - ThreadPoolExecutor-0_8 - [PROD] Sending payload 1710/2160 | Order Number: V4063008712
2026-06-30 21:27:02,812 - INFO - ThreadPoolExecutor-0_0 - [PROD] Payload 1701/2160 sent successfully. Status Code: 200
2026-06-30 21:27:02,814 - INFO - ThreadPoolExecutor-0_0 - [PROD] Sending payload 1711/2160 | Order Number: V4063008713
2026-06-30 21:27:03,152 - INFO - ThreadPoolExecutor-0_1 - [PROD] Payload 1703/2160 sent successfully. Status Code: 200
2026-06-30 21:27:03,154 - INFO - ThreadPoolExecutor-0_1 - [PROD] Sending payload 1712/2160 | Order Number: V4063008714
2026-06-30 21:27:03,332 - INFO - ThreadPoolExecutor-0_5 - [PROD] Payload 1704/2160 sent successfully. Status Code: 200
2026-06-30 21:27:03,334 - INFO - ThreadPoolExecutor-0_5 - [PROD] Sending payload 1713/2160 | Order Number: V4063008715
2026-06-30 21:27:03,495 - INFO - ThreadPoolExecutor-0_9 - [PROD] Payload 1705/2160 sent successfully. Status Code: 200
2026-06-30 21:27:03,497 - INFO - ThreadPoolExecutor-0_9 - [PROD] Sending payload 1714/2160 | Order Number: V4063008716
2026-06-30 21:27:03,608 - INFO - ThreadPoolExecutor-0_2 - [PROD] Payload 1706/2160 sent successfully. Status Code: 200
2026-06-30 21:27:03,610 - INFO - ThreadPoolExecutor-0_2 - [PROD] Sending payload 1715/2160 | Order Number: V4063008717
2026-06-30 21:27:03,833 - INFO - ThreadPoolExecutor-0_7 - [PROD] Payload 1707/2160 sent successfully. Status Code: 200
2026-06-30 21:27:03,834 - INFO - ThreadPoolExecutor-0_7 - [PROD] Sending payload 1716/2160 | Order Number: V4063008718
2026-06-30 21:27:03,964 - INFO - ThreadPoolExecutor-0_3 - [PROD] Payload 1702/2160 sent successfully. Status Code: 200
2026-06-30 21:27:03,965 - INFO - ThreadPoolExecutor-0_3 - [PROD] Sending payload 1717/2160 | Order Number: V4063008719
2026-06-30 21:27:04,139 - INFO - ThreadPoolExecutor-0_6 - [PROD] Payload 1709/2160 sent successfully. Status Code: 200
2026-06-30 21:27:04,141 - INFO - ThreadPoolExecutor-0_6 - [PROD] Sending payload 1718/2160 | Order Number: V4063008720
2026-06-30 21:27:04,164 - INFO - ThreadPoolExecutor-0_4 - [PROD] Payload 1708/2160 sent successfully. Status Code: 200
2026-06-30 21:27:04,164 - INFO - ThreadPoolExecutor-0_4 - [PROD] Sending payload 1719/2160 | Order Number: V4063008721
2026-06-30 21:27:04,234 - INFO - ThreadPoolExecutor-0_8 - [PROD] Payload 1710/2160 sent successfully. Status Code: 200
2026-06-30 21:27:04,234 - INFO - ThreadPoolExecutor-0_8 - [PROD] Sending payload 1720/2160 | Order Number: V4063008722
2026-06-30 21:27:04,648 - INFO - ThreadPoolExecutor-0_0 - [PROD] Payload 1711/2160 sent successfully. Status Code: 200
2026-06-30 21:27:04,649 - INFO - ThreadPoolExecutor-0_0 - [PROD] Sending payload 1721/2160 | Order Number: V4063008723
2026-06-30 21:27:05,006 - INFO - ThreadPoolExecutor-0_1 - [PROD] Payload 1712/2160 sent successfully. Status Code: 200
2026-06-30 21:27:05,007 - INFO - ThreadPoolExecutor-0_1 - [PROD] Sending payload 1722/2160 | Order Number: V4063008724
2026-06-30 21:27:05,300 - INFO - ThreadPoolExecutor-0_5 - [PROD] Payload 1713/2160 sent successfully. Status Code: 200
2026-06-30 21:27:05,301 - INFO - ThreadPoolExecutor-0_5 - [PROD] Sending payload 1723/2160 | Order Number: V4063008725
2026-06-30 21:27:05,325 - INFO - ThreadPoolExecutor-0_9 - [PROD] Payload 1714/2160 sent successfully. Status Code: 200
2026-06-30 21:27:05,326 - INFO - ThreadPoolExecutor-0_9 - [PROD] Sending payload 1724/2160 | Order Number: V4063008726
2026-06-30 21:27:05,434 - INFO - ThreadPoolExecutor-0_2 - [PROD] Payload 1715/2160 sent successfully. Status Code: 200
2026-06-30 21:27:05,436 - INFO - ThreadPoolExecutor-0_2 - [PROD] Sending payload 1725/2160 | Order Number: V4063008727
2026-06-30 21:27:05,742 - INFO - ThreadPoolExecutor-0_7 - [PROD] Payload 1716/2160 sent successfully. Status Code: 200
2026-06-30 21:27:05,744 - INFO - ThreadPoolExecutor-0_7 - [PROD] Sending payload 1726/2160 | Order Number: V4063008728
2026-06-30 21:27:05,881 - INFO - ThreadPoolExecutor-0_3 - [PROD] Payload 1717/2160 sent successfully. Status Code: 200
2026-06-30 21:27:05,882 - INFO - ThreadPoolExecutor-0_3 - [PROD] Sending payload 1727/2160 | Order Number: V4063008729
2026-06-30 21:27:06,048 - INFO - ThreadPoolExecutor-0_6 - [PROD] Payload 1718/2160 sent successfully. Status Code: 200
2026-06-30 21:27:06,050 - INFO - ThreadPoolExecutor-0_6 - [PROD] Sending payload 1728/2160 | Order Number: V4063008730
2026-06-30 21:27:06,066 - INFO - ThreadPoolExecutor-0_4 - [PROD] Payload 1719/2160 sent successfully. Status Code: 200
2026-06-30 21:27:06,067 - INFO - ThreadPoolExecutor-0_4 - [PROD] Sending payload 1729/2160 | Order Number: V4063008731
2026-06-30 21:27:06,546 - INFO - ThreadPoolExecutor-0_0 - [PROD] Payload 1721/2160 sent successfully. Status Code: 200
2026-06-30 21:27:06,548 - INFO - ThreadPoolExecutor-0_0 - [PROD] Sending payload 1730/2160 | Order Number: V4063008732
2026-06-30 21:27:06,755 - INFO - ThreadPoolExecutor-0_8 - [PROD] Payload 1720/2160 sent successfully. Status Code: 200
2026-06-30 21:27:06,757 - INFO - ThreadPoolExecutor-0_8 - [PROD] Sending payload 1731/2160 | Order Number: V4063008733
2026-06-30 21:27:06,883 - INFO - ThreadPoolExecutor-0_1 - [PROD] Payload 1722/2160 sent successfully. Status Code: 200
2026-06-30 21:27:06,885 - INFO - ThreadPoolExecutor-0_1 - [PROD] Sending payload 1732/2160 | Order Number: V4063008734
2026-06-30 21:27:07,168 - INFO - ThreadPoolExecutor-0_9 - [PROD] Payload 1724/2160 sent successfully. Status Code: 200
2026-06-30 21:27:07,170 - INFO - ThreadPoolExecutor-0_5 - [PROD] Payload 1723/2160 sent successfully. Status Code: 200
2026-06-30 21:27:07,172 - INFO - ThreadPoolExecutor-0_5 - [PROD] Sending payload 1733/2160 | Order Number: V4063008735
2026-06-30 21:27:07,174 - INFO - ThreadPoolExecutor-0_9 - [PROD] Sending payload 1734/2160 | Order Number: V4063008736
2026-06-30 21:27:07,286 - INFO - ThreadPoolExecutor-0_2 - [PROD] Payload 1725/2160 sent successfully. Status Code: 200
2026-06-30 21:27:07,288 - INFO - ThreadPoolExecutor-0_2 - [PROD] Sending payload 1735/2160 | Order Number: V4063008737
2026-06-30 21:27:07,637 - INFO - ThreadPoolExecutor-0_7 - [PROD] Payload 1726/2160 sent successfully. Status Code: 200
2026-06-30 21:27:07,639 - INFO - ThreadPoolExecutor-0_7 - [PROD] Sending payload 1736/2160 | Order Number: V4063008738
2026-06-30 21:27:07,694 - INFO - ThreadPoolExecutor-0_3 - [PROD] Payload 1727/2160 sent successfully. Status Code: 200
2026-06-30 21:27:07,695 - INFO - ThreadPoolExecutor-0_3 - [PROD] Sending payload 1737/2160 | Order Number: V4063008739
2026-06-30 21:27:07,869 - INFO - ThreadPoolExecutor-0_6 - [PROD] Payload 1728/2160 sent successfully. Status Code: 200
2026-06-30 21:27:07,871 - INFO - ThreadPoolExecutor-0_6 - [PROD] Sending payload 1738/2160 | Order Number: V4063008740
2026-06-30 21:27:08,065 - INFO - ThreadPoolExecutor-0_4 - [PROD] Payload 1729/2160 sent successfully. Status Code: 200
2026-06-30 21:27:08,067 - INFO - ThreadPoolExecutor-0_4 - [PROD] Sending payload 1739/2160 | Order Number: V4063008741
2026-06-30 21:27:08,392 - INFO - ThreadPoolExecutor-0_0 - [PROD] Payload 1730/2160 sent successfully. Status Code: 200
2026-06-30 21:27:08,395 - INFO - ThreadPoolExecutor-0_0 - [PROD] Sending payload 1740/2160 | Order Number: V4063008742
2026-06-30 21:27:08,575 - INFO - ThreadPoolExecutor-0_8 - [PROD] Payload 1731/2160 sent successfully. Status Code: 200
2026-06-30 21:27:08,576 - INFO - ThreadPoolExecutor-0_8 - [PROD] Sending payload 1741/2160 | Order Number: V4063008743
2026-06-30 21:27:08,682 - INFO - ThreadPoolExecutor-0_1 - [PROD] Payload 1732/2160 sent successfully. Status Code: 200
2026-06-30 21:27:08,684 - INFO - ThreadPoolExecutor-0_1 - [PROD] Sending payload 1742/2160 | Order Number: V4063008744
2026-06-30 21:27:09,017 - INFO - ThreadPoolExecutor-0_5 - [PROD] Payload 1733/2160 sent successfully. Status Code: 200
2026-06-30 21:27:09,020 - INFO - ThreadPoolExecutor-0_5 - [PROD] Sending payload 1743/2160 | Order Number: V4063008745
2026-06-30 21:27:09,074 - INFO - ThreadPoolExecutor-0_9 - [PROD] Payload 1734/2160 sent successfully. Status Code: 200
2026-06-30 21:27:09,075 - INFO - ThreadPoolExecutor-0_9 - [PROD] Sending payload 1744/2160 | Order Number: V4063008746
2026-06-30 21:27:09,088 - INFO - ThreadPoolExecutor-0_2 - [PROD] Payload 1735/2160 sent successfully. Status Code: 200
2026-06-30 21:27:09,089 - INFO - ThreadPoolExecutor-0_2 - [PROD] Sending payload 1745/2160 | Order Number: V4063008747
2026-06-30 21:27:09,510 - INFO - ThreadPoolExecutor-0_7 - [PROD] Payload 1736/2160 sent successfully. Status Code: 200
2026-06-30 21:27:09,512 - INFO - ThreadPoolExecutor-0_7 - [PROD] Sending payload 1746/2160 | Order Number: V4063008748
2026-06-30 21:27:09,587 - INFO - ThreadPoolExecutor-0_3 - [PROD] Payload 1737/2160 sent successfully. Status Code: 200
2026-06-30 21:27:09,588 - INFO - ThreadPoolExecutor-0_3 - [PROD] Sending payload 1747/2160 | Order Number: V4063008749
2026-06-30 21:27:09,752 - INFO - ThreadPoolExecutor-0_6 - [PROD] Payload 1738/2160 sent successfully. Status Code: 200
2026-06-30 21:27:09,754 - INFO - ThreadPoolExecutor-0_6 - [PROD] Sending payload 1748/2160 | Order Number: V4063008750
2026-06-30 21:27:09,889 - INFO - ThreadPoolExecutor-0_4 - [PROD] Payload 1739/2160 sent successfully. Status Code: 200
2026-06-30 21:27:09,891 - INFO - ThreadPoolExecutor-0_4 - [PROD] Sending payload 1749/2160 | Order Number: V4063008751
2026-06-30 21:27:10,187 - INFO - ThreadPoolExecutor-0_0 - [PROD] Payload 1740/2160 sent successfully. Status Code: 200
2026-06-30 21:27:10,188 - INFO - ThreadPoolExecutor-0_0 - [PROD] Sending payload 1750/2160 | Order Number: V4063008752
2026-06-30 21:27:10,433 - INFO - ThreadPoolExecutor-0_8 - [PROD] Payload 1741/2160 sent successfully. Status Code: 200
2026-06-30 21:27:10,435 - INFO - ThreadPoolExecutor-0_8 - [PROD] Sending payload 1751/2160 | Order Number: V4063008753
2026-06-30 21:27:10,557 - INFO - ThreadPoolExecutor-0_1 - [PROD] Payload 1742/2160 sent successfully. Status Code: 200
2026-06-30 21:27:10,559 - INFO - ThreadPoolExecutor-0_1 - [PROD] Sending payload 1752/2160 | Order Number: V4063008754
2026-06-30 21:27:10,893 - INFO - ThreadPoolExecutor-0_5 - [PROD] Payload 1743/2160 sent successfully. Status Code: 200
2026-06-30 21:27:10,896 - INFO - ThreadPoolExecutor-0_5 - [PROD] Sending payload 1753/2160 | Order Number: V4063008755
2026-06-30 21:27:11,089 - INFO - ThreadPoolExecutor-0_2 - [PROD] Payload 1745/2160 sent successfully. Status Code: 200
2026-06-30 21:27:11,089 - INFO - ThreadPoolExecutor-0_9 - [PROD] Payload 1744/2160 sent successfully. Status Code: 200
2026-06-30 21:27:11,090 - INFO - ThreadPoolExecutor-0_2 - [PROD] Sending payload 1754/2160 | Order Number: V4063008756
2026-06-30 21:27:11,090 - INFO - ThreadPoolExecutor-0_9 - [PROD] Sending payload 1755/2160 | Order Number: V4063008757
2026-06-30 21:27:11,421 - INFO - ThreadPoolExecutor-0_3 - [PROD] Payload 1747/2160 sent successfully. Status Code: 200
2026-06-30 21:27:11,422 - INFO - ThreadPoolExecutor-0_7 - [PROD] Payload 1746/2160 sent successfully. Status Code: 200
2026-06-30 21:27:11,423 - INFO - ThreadPoolExecutor-0_3 - [PROD] Sending payload 1756/2160 | Order Number: V4063008758
2026-06-30 21:27:11,423 - INFO - ThreadPoolExecutor-0_7 - [PROD] Sending payload 1757/2160 | Order Number: V4063008759
2026-06-30 21:27:11,598 - INFO - ThreadPoolExecutor-0_6 - [PROD] Payload 1748/2160 sent successfully. Status Code: 200
2026-06-30 21:27:11,600 - INFO - ThreadPoolExecutor-0_6 - [PROD] Sending payload 1758/2160 | Order Number: V4063008760
2026-06-30 21:27:11,730 - INFO - ThreadPoolExecutor-0_4 - [PROD] Payload 1749/2160 sent successfully. Status Code: 200
2026-06-30 21:27:11,735 - INFO - ThreadPoolExecutor-0_4 - [PROD] Sending payload 1759/2160 | Order Number: V4063008761
2026-06-30 21:27:12,006 - INFO - ThreadPoolExecutor-0_0 - [PROD] Payload 1750/2160 sent successfully. Status Code: 200
2026-06-30 21:27:12,008 - INFO - ThreadPoolExecutor-0_0 - [PROD] Sending payload 1760/2160 | Order Number: V4063008762
2026-06-30 21:27:12,313 - INFO - ThreadPoolExecutor-0_8 - [PROD] Payload 1751/2160 sent successfully. Status Code: 200
2026-06-30 21:27:12,314 - INFO - ThreadPoolExecutor-0_8 - [PROD] Sending payload 1761/2160 | Order Number: V4063008763
2026-06-30 21:27:12,416 - INFO - ThreadPoolExecutor-0_1 - [PROD] Payload 1752/2160 sent successfully. Status Code: 200
2026-06-30 21:27:12,417 - INFO - ThreadPoolExecutor-0_1 - [PROD] Sending payload 1762/2160 | Order Number: V4063008764
2026-06-30 21:27:13,160 - INFO - ThreadPoolExecutor-0_9 - [PROD] Payload 1755/2160 sent successfully. Status Code: 200
2026-06-30 21:27:13,160 - INFO - ThreadPoolExecutor-0_9 - [PROD] Sending payload 1763/2160 | Order Number: V4063008765
2026-06-30 21:27:13,168 - INFO - ThreadPoolExecutor-0_2 - [PROD] Payload 1754/2160 sent successfully. Status Code: 200
2026-06-30 21:27:13,168 - INFO - ThreadPoolExecutor-0_2 - [PROD] Sending payload 1764/2160 | Order Number: V4063008766
2026-06-30 21:27:13,358 - INFO - ThreadPoolExecutor-0_3 - [PROD] Payload 1756/2160 sent successfully. Status Code: 200
2026-06-30 21:27:13,358 - INFO - ThreadPoolExecutor-0_3 - [PROD] Sending payload 1765/2160 | Order Number: V4063008767
2026-06-30 21:27:13,405 - INFO - ThreadPoolExecutor-0_7 - [PROD] Payload 1757/2160 sent successfully. Status Code: 200
2026-06-30 21:27:13,406 - INFO - ThreadPoolExecutor-0_7 - [PROD] Sending payload 1766/2160 | Order Number: V4063008768
2026-06-30 21:27:13,656 - INFO - ThreadPoolExecutor-0_4 - [PROD] Payload 1759/2160 sent successfully. Status Code: 200
2026-06-30 21:27:13,657 - INFO - ThreadPoolExecutor-0_4 - [PROD] Sending payload 1767/2160 | Order Number: V4063008769
2026-06-30 21:27:13,704 - INFO - ThreadPoolExecutor-0_5 - [PROD] Payload 1753/2160 sent successfully. Status Code: 200
2026-06-30 21:27:13,704 - INFO - ThreadPoolExecutor-0_5 - [PROD] Sending payload 1768/2160 | Order Number: V4063008770
2026-06-30 21:27:13,747 - INFO - ThreadPoolExecutor-0_6 - [PROD] Payload 1758/2160 sent successfully. Status Code: 200
2026-06-30 21:27:13,747 - INFO - ThreadPoolExecutor-0_6 - [PROD] Sending payload 1769/2160 | Order Number: V4063008771
2026-06-30 21:27:13,921 - INFO - ThreadPoolExecutor-0_0 - [PROD] Payload 1760/2160 sent successfully. Status Code: 200
2026-06-30 21:27:13,923 - INFO - ThreadPoolExecutor-0_0 - [PROD] Sending payload 1770/2160 | Order Number: V4063008772
2026-06-30 21:27:14,170 - INFO - ThreadPoolExecutor-0_8 - [PROD] Payload 1761/2160 sent successfully. Status Code: 200
2026-06-30 21:27:14,171 - INFO - ThreadPoolExecutor-0_8 - [PROD] Sending payload 1771/2160 | Order Number: V4063008773
2026-06-30 21:27:14,355 - INFO - ThreadPoolExecutor-0_1 - [PROD] Payload 1762/2160 sent successfully. Status Code: 200
2026-06-30 21:27:14,355 - INFO - ThreadPoolExecutor-0_1 - [PROD] Sending payload 1772/2160 | Order Number: V4063008774
2026-06-30 21:27:14,968 - INFO - ThreadPoolExecutor-0_9 - [PROD] Payload 1763/2160 sent successfully. Status Code: 200
2026-06-30 21:27:14,970 - INFO - ThreadPoolExecutor-0_9 - [PROD] Sending payload 1773/2160 | Order Number: V4063008775
2026-06-30 21:27:15,162 - INFO - ThreadPoolExecutor-0_2 - [PROD] Payload 1764/2160 sent successfully. Status Code: 200
2026-06-30 21:27:15,162 - INFO - ThreadPoolExecutor-0_2 - [PROD] Sending payload 1774/2160 | Order Number: V4063008776
2026-06-30 21:27:15,232 - INFO - ThreadPoolExecutor-0_3 - [PROD] Payload 1765/2160 sent successfully. Status Code: 200
2026-06-30 21:27:15,233 - INFO - ThreadPoolExecutor-0_3 - [PROD] Sending payload 1775/2160 | Order Number: V4063008777
2026-06-30 21:27:15,343 - INFO - ThreadPoolExecutor-0_7 - [PROD] Payload 1766/2160 sent successfully. Status Code: 200
2026-06-30 21:27:15,345 - INFO - ThreadPoolExecutor-0_7 - [PROD] Sending payload 1776/2160 | Order Number: V4063008778
2026-06-30 21:27:15,493 - INFO - ThreadPoolExecutor-0_4 - [PROD] Payload 1767/2160 sent successfully. Status Code: 200
2026-06-30 21:27:15,494 - INFO - ThreadPoolExecutor-0_4 - [PROD] Sending payload 1777/2160 | Order Number: V4063008779
2026-06-30 21:27:15,727 - INFO - ThreadPoolExecutor-0_6 - [PROD] Payload 1769/2160 sent successfully. Status Code: 200
2026-06-30 21:27:15,728 - INFO - ThreadPoolExecutor-0_6 - [PROD] Sending payload 1778/2160 | Order Number: V4063008780
2026-06-30 21:27:15,826 - INFO - ThreadPoolExecutor-0_5 - [PROD] Payload 1768/2160 sent successfully. Status Code: 200
2026-06-30 21:27:15,831 - INFO - ThreadPoolExecutor-0_5 - [PROD] Sending payload 1779/2160 | Order Number: V4063008781
2026-06-30 21:27:15,832 - INFO - ThreadPoolExecutor-0_0 - [PROD] Payload 1770/2160 sent successfully. Status Code: 200
2026-06-30 21:27:15,833 - INFO - ThreadPoolExecutor-0_0 - [PROD] Sending payload 1780/2160 | Order Number: V4063008782
2026-06-30 21:27:16,044 - INFO - ThreadPoolExecutor-0_8 - [PROD] Payload 1771/2160 sent successfully. Status Code: 200
2026-06-30 21:27:16,044 - INFO - ThreadPoolExecutor-0_8 - [PROD] Sending payload 1781/2160 | Order Number: V4063008783
2026-06-30 21:27:16,407 - INFO - ThreadPoolExecutor-0_1 - [PROD] Payload 1772/2160 sent successfully. Status Code: 200
2026-06-30 21:27:16,410 - INFO - ThreadPoolExecutor-0_1 - [PROD] Sending payload 1782/2160 | Order Number: V4063008784
2026-06-30 21:27:16,843 - INFO - ThreadPoolExecutor-0_9 - [PROD] Payload 1773/2160 sent successfully. Status Code: 200
2026-06-30 21:27:16,845 - INFO - ThreadPoolExecutor-0_9 - [PROD] Sending payload 1783/2160 | Order Number: V4063008785
2026-06-30 21:27:17,025 - INFO - ThreadPoolExecutor-0_2 - [PROD] Payload 1774/2160 sent successfully. Status Code: 200
2026-06-30 21:27:17,026 - INFO - ThreadPoolExecutor-0_2 - [PROD] Sending payload 1784/2160 | Order Number: V4063008786
2026-06-30 21:27:17,077 - INFO - ThreadPoolExecutor-0_3 - [PROD] Payload 1775/2160 sent successfully. Status Code: 200
2026-06-30 21:27:17,078 - INFO - ThreadPoolExecutor-0_3 - [PROD] Sending payload 1785/2160 | Order Number: V4063008787
2026-06-30 21:27:17,291 - INFO - ThreadPoolExecutor-0_7 - [PROD] Payload 1776/2160 sent successfully. Status Code: 200
2026-06-30 21:27:17,292 - INFO - ThreadPoolExecutor-0_7 - [PROD] Sending payload 1786/2160 | Order Number: V4063008788
2026-06-30 21:27:17,352 - INFO - ThreadPoolExecutor-0_4 - [PROD] Payload 1777/2160 sent successfully. Status Code: 200
2026-06-30 21:27:17,353 - INFO - ThreadPoolExecutor-0_4 - [PROD] Sending payload 1787/2160 | Order Number: V4063008789
2026-06-30 21:27:17,635 - INFO - ThreadPoolExecutor-0_6 - [PROD] Payload 1778/2160 sent successfully. Status Code: 200
2026-06-30 21:27:17,636 - INFO - ThreadPoolExecutor-0_6 - [PROD] Sending payload 1788/2160 | Order Number: V4063008790
2026-06-30 21:27:17,664 - INFO - ThreadPoolExecutor-0_0 - [PROD] Payload 1780/2160 sent successfully. Status Code: 200
2026-06-30 21:27:17,666 - INFO - ThreadPoolExecutor-0_5 - [PROD] Payload 1779/2160 sent successfully. Status Code: 200
2026-06-30 21:27:17,666 - INFO - ThreadPoolExecutor-0_0 - [PROD] Sending payload 1789/2160 | Order Number: V4063008791
2026-06-30 21:27:17,666 - INFO - ThreadPoolExecutor-0_5 - [PROD] Sending payload 1790/2160 | Order Number: V4063008792
2026-06-30 21:27:17,940 - INFO - ThreadPoolExecutor-0_8 - [PROD] Payload 1781/2160 sent successfully. Status Code: 200
2026-06-30 21:27:17,941 - INFO - ThreadPoolExecutor-0_8 - [PROD] Sending payload 1791/2160 | Order Number: V4063008793
2026-06-30 21:27:18,318 - INFO - ThreadPoolExecutor-0_1 - [PROD] Payload 1782/2160 sent successfully. Status Code: 200
2026-06-30 21:27:18,319 - INFO - ThreadPoolExecutor-0_1 - [PROD] Sending payload 1792/2160 | Order Number: V4063008794
2026-06-30 21:27:18,650 - INFO - ThreadPoolExecutor-0_9 - [PROD] Payload 1783/2160 sent successfully. Status Code: 200
2026-06-30 21:27:18,651 - INFO - ThreadPoolExecutor-0_9 - [PROD] Sending payload 1793/2160 | Order Number: V4063008795
2026-06-30 21:27:18,883 - INFO - ThreadPoolExecutor-0_2 - [PROD] Payload 1784/2160 sent successfully. Status Code: 200
2026-06-30 21:27:18,884 - INFO - ThreadPoolExecutor-0_2 - [PROD] Sending payload 1794/2160 | Order Number: V4063008796
2026-06-30 21:27:18,887 - INFO - ThreadPoolExecutor-0_3 - [PROD] Payload 1785/2160 sent successfully. Status Code: 200
2026-06-30 21:27:18,889 - INFO - ThreadPoolExecutor-0_3 - [PROD] Sending payload 1795/2160 | Order Number: V4063008797
2026-06-30 21:27:19,117 - INFO - ThreadPoolExecutor-0_7 - [PROD] Payload 1786/2160 sent successfully. Status Code: 200
2026-06-30 21:27:19,119 - INFO - ThreadPoolExecutor-0_7 - [PROD] Sending payload 1796/2160 | Order Number: V4063008798
2026-06-30 21:27:19,242 - INFO - ThreadPoolExecutor-0_4 - [PROD] Payload 1787/2160 sent successfully. Status Code: 200
2026-06-30 21:27:19,243 - INFO - ThreadPoolExecutor-0_4 - [PROD] Sending payload 1797/2160 | Order Number: V4063008799
2026-06-30 21:27:19,506 - INFO - ThreadPoolExecutor-0_0 - [PROD] Payload 1789/2160 sent successfully. Status Code: 200
2026-06-30 21:27:19,508 - INFO - ThreadPoolExecutor-0_0 - [PROD] Sending payload 1798/2160 | Order Number: V4063008800
2026-06-30 21:27:19,519 - INFO - ThreadPoolExecutor-0_6 - [PROD] Payload 1788/2160 sent successfully. Status Code: 200
2026-06-30 21:27:19,520 - INFO - ThreadPoolExecutor-0_6 - [PROD] Sending payload 1799/2160 | Order Number: V4063008801
2026-06-30 21:27:19,531 - INFO - ThreadPoolExecutor-0_5 - [PROD] Payload 1790/2160 sent successfully. Status Code: 200
2026-06-30 21:27:19,532 - INFO - ThreadPoolExecutor-0_5 - [PROD] Sending payload 1800/2160 | Order Number: V4063008802
2026-06-30 21:27:19,767 - INFO - ThreadPoolExecutor-0_8 - [PROD] Payload 1791/2160 sent successfully. Status Code: 200
2026-06-30 21:27:19,769 - INFO - ThreadPoolExecutor-0_8 - [PROD] Sending payload 1801/2160 | Order Number: V4063008803
2026-06-30 21:27:20,189 - INFO - ThreadPoolExecutor-0_1 - [PROD] Payload 1792/2160 sent successfully. Status Code: 200
2026-06-30 21:27:20,190 - INFO - ThreadPoolExecutor-0_1 - [PROD] Sending payload 1802/2160 | Order Number: V4063008804
2026-06-30 21:27:20,566 - INFO - ThreadPoolExecutor-0_9 - [PROD] Payload 1793/2160 sent successfully. Status Code: 200
2026-06-30 21:27:20,568 - INFO - ThreadPoolExecutor-0_9 - [PROD] Sending payload 1803/2160 | Order Number: V4063008805
2026-06-30 21:27:20,736 - INFO - ThreadPoolExecutor-0_2 - [PROD] Payload 1794/2160 sent successfully. Status Code: 200
2026-06-30 21:27:20,739 - INFO - ThreadPoolExecutor-0_2 - [PROD] Sending payload 1804/2160 | Order Number: V4063008806
2026-06-30 21:27:20,757 - INFO - ThreadPoolExecutor-0_3 - [PROD] Payload 1795/2160 sent successfully. Status Code: 200
2026-06-30 21:27:20,757 - INFO - ThreadPoolExecutor-0_3 - [PROD] Sending payload 1805/2160 | Order Number: V4063008807
2026-06-30 21:27:21,002 - INFO - ThreadPoolExecutor-0_7 - [PROD] Payload 1796/2160 sent successfully. Status Code: 200
2026-06-30 21:27:21,003 - INFO - ThreadPoolExecutor-0_7 - [PROD] Sending payload 1806/2160 | Order Number: V4063008808
2026-06-30 21:27:21,099 - INFO - ThreadPoolExecutor-0_4 - [PROD] Payload 1797/2160 sent successfully. Status Code: 200
2026-06-30 21:27:21,100 - INFO - ThreadPoolExecutor-0_4 - [PROD] Sending payload 1807/2160 | Order Number: V4063008809
2026-06-30 21:27:21,397 - INFO - ThreadPoolExecutor-0_6 - [PROD] Payload 1799/2160 sent successfully. Status Code: 200
2026-06-30 21:27:21,399 - INFO - ThreadPoolExecutor-0_6 - [PROD] Sending payload 1808/2160 | Order Number: V4063008810
2026-06-30 21:27:21,414 - INFO - ThreadPoolExecutor-0_5 - [PROD] Payload 1800/2160 sent successfully. Status Code: 200
2026-06-30 21:27:21,415 - INFO - ThreadPoolExecutor-0_5 - [PROD] Sending payload 1809/2160 | Order Number: V4063008811
2026-06-30 21:27:21,581 - INFO - ThreadPoolExecutor-0_8 - [PROD] Payload 1801/2160 sent successfully. Status Code: 200
2026-06-30 21:27:21,582 - INFO - ThreadPoolExecutor-0_8 - [PROD] Sending payload 1810/2160 | Order Number: V4063008812
2026-06-30 21:27:21,596 - INFO - ThreadPoolExecutor-0_0 - [PROD] Payload 1798/2160 sent successfully. Status Code: 200
2026-06-30 21:27:21,597 - INFO - ThreadPoolExecutor-0_0 - [PROD] Sending payload 1811/2160 | Order Number: V4063008813
2026-06-30 21:27:22,043 - INFO - ThreadPoolExecutor-0_1 - [PROD] Payload 1802/2160 sent successfully. Status Code: 200
2026-06-30 21:27:22,045 - INFO - ThreadPoolExecutor-0_1 - [PROD] Sending payload 1812/2160 | Order Number: V4063008814
2026-06-30 21:27:22,516 - INFO - ThreadPoolExecutor-0_9 - [PROD] Payload 1803/2160 sent successfully. Status Code: 200
2026-06-30 21:27:22,519 - INFO - ThreadPoolExecutor-0_9 - [PROD] Sending payload 1813/2160 | Order Number: V4063008815
2026-06-30 21:27:22,635 - INFO - ThreadPoolExecutor-0_3 - [PROD] Payload 1805/2160 sent successfully. Status Code: 200
2026-06-30 21:27:22,638 - INFO - ThreadPoolExecutor-0_3 - [PROD] Sending payload 1814/2160 | Order Number: V4063008816
2026-06-30 21:27:22,749 - INFO - ThreadPoolExecutor-0_2 - [PROD] Payload 1804/2160 sent successfully. Status Code: 200
2026-06-30 21:27:22,749 - INFO - ThreadPoolExecutor-0_2 - [PROD] Sending payload 1815/2160 | Order Number: V4063008817
2026-06-30 21:27:22,840 - INFO - ThreadPoolExecutor-0_7 - [PROD] Payload 1806/2160 sent successfully. Status Code: 200
2026-06-30 21:27:22,841 - INFO - ThreadPoolExecutor-0_7 - [PROD] Sending payload 1816/2160 | Order Number: V4063008818
2026-06-30 21:27:23,066 - INFO - ThreadPoolExecutor-0_4 - [PROD] Payload 1807/2160 sent successfully. Status Code: 200
2026-06-30 21:27:23,067 - INFO - ThreadPoolExecutor-0_4 - [PROD] Sending payload 1817/2160 | Order Number: V4063008819
2026-06-30 21:27:23,211 - INFO - ThreadPoolExecutor-0_5 - [PROD] Payload 1809/2160 sent successfully. Status Code: 200
2026-06-30 21:27:23,213 - INFO - ThreadPoolExecutor-0_5 - [PROD] Sending payload 1818/2160 | Order Number: V4063008820
2026-06-30 21:27:23,392 - INFO - ThreadPoolExecutor-0_0 - [PROD] Payload 1811/2160 sent successfully. Status Code: 200
2026-06-30 21:27:23,394 - INFO - ThreadPoolExecutor-0_6 - [PROD] Payload 1808/2160 sent successfully. Status Code: 200
2026-06-30 21:27:23,394 - INFO - ThreadPoolExecutor-0_0 - [PROD] Sending payload 1819/2160 | Order Number: V4063008821
2026-06-30 21:27:23,395 - INFO - ThreadPoolExecutor-0_6 - [PROD] Sending payload 1820/2160 | Order Number: V4063008822
2026-06-30 21:27:23,566 - INFO - ThreadPoolExecutor-0_8 - [PROD] Payload 1810/2160 sent successfully. Status Code: 200
2026-06-30 21:27:23,566 - INFO - ThreadPoolExecutor-0_8 - [PROD] Sending payload 1821/2160 | Order Number: V4063008823
2026-06-30 21:27:23,885 - INFO - ThreadPoolExecutor-0_1 - [PROD] Payload 1812/2160 sent successfully. Status Code: 200
2026-06-30 21:27:23,887 - INFO - ThreadPoolExecutor-0_1 - [PROD] Sending payload 1822/2160 | Order Number: V4063008824
2026-06-30 21:27:24,433 - INFO - ThreadPoolExecutor-0_9 - [PROD] Payload 1813/2160 sent successfully. Status Code: 200
2026-06-30 21:27:24,434 - INFO - ThreadPoolExecutor-0_9 - [PROD] Sending payload 1823/2160 | Order Number: V4063008825
2026-06-30 21:27:24,519 - INFO - ThreadPoolExecutor-0_3 - [PROD] Payload 1814/2160 sent successfully. Status Code: 200
2026-06-30 21:27:24,521 - INFO - ThreadPoolExecutor-0_3 - [PROD] Sending payload 1824/2160 | Order Number: V4063008826
2026-06-30 21:27:24,599 - INFO - ThreadPoolExecutor-0_2 - [PROD] Payload 1815/2160 sent successfully. Status Code: 200
2026-06-30 21:27:24,605 - INFO - ThreadPoolExecutor-0_2 - [PROD] Sending payload 1825/2160 | Order Number: V4063008827
2026-06-30 21:27:24,728 - INFO - ThreadPoolExecutor-0_7 - [PROD] Payload 1816/2160 sent successfully. Status Code: 200
2026-06-30 21:27:24,728 - INFO - ThreadPoolExecutor-0_7 - [PROD] Sending payload 1826/2160 | Order Number: V4063008828
2026-06-30 21:27:24,899 - INFO - ThreadPoolExecutor-0_4 - [PROD] Payload 1817/2160 sent successfully. Status Code: 200
2026-06-30 21:27:24,910 - INFO - ThreadPoolExecutor-0_4 - [PROD] Sending payload 1827/2160 | Order Number: V4063008829
2026-06-30 21:27:25,106 - INFO - ThreadPoolExecutor-0_5 - [PROD] Payload 1818/2160 sent successfully. Status Code: 200
2026-06-30 21:27:25,108 - INFO - ThreadPoolExecutor-0_5 - [PROD] Sending payload 1828/2160 | Order Number: V4063008830
2026-06-30 21:27:25,263 - INFO - ThreadPoolExecutor-0_6 - [PROD] Payload 1820/2160 sent successfully. Status Code: 200
2026-06-30 21:27:25,265 - INFO - ThreadPoolExecutor-0_6 - [PROD] Sending payload 1829/2160 | Order Number: V4063008831
2026-06-30 21:27:25,293 - INFO - ThreadPoolExecutor-0_0 - [PROD] Payload 1819/2160 sent successfully. Status Code: 200
2026-06-30 21:27:25,294 - INFO - ThreadPoolExecutor-0_0 - [PROD] Sending payload 1830/2160 | Order Number: V4063008832
2026-06-30 21:27:25,397 - INFO - ThreadPoolExecutor-0_8 - [PROD] Payload 1821/2160 sent successfully. Status Code: 200
2026-06-30 21:27:25,399 - INFO - ThreadPoolExecutor-0_8 - [PROD] Sending payload 1831/2160 | Order Number: V4063008833
2026-06-30 21:27:25,712 - INFO - ThreadPoolExecutor-0_1 - [PROD] Payload 1822/2160 sent successfully. Status Code: 200
2026-06-30 21:27:25,713 - INFO - ThreadPoolExecutor-0_1 - [PROD] Sending payload 1832/2160 | Order Number: V4063008834
2026-06-30 21:27:26,486 - INFO - ThreadPoolExecutor-0_9 - [PROD] Payload 1823/2160 sent successfully. Status Code: 200
2026-06-30 21:27:26,487 - INFO - ThreadPoolExecutor-0_3 - [PROD] Payload 1824/2160 sent successfully. Status Code: 200
2026-06-30 21:27:26,489 - INFO - ThreadPoolExecutor-0_9 - [PROD] Sending payload 1833/2160 | Order Number: V4063008835
2026-06-30 21:27:26,489 - INFO - ThreadPoolExecutor-0_3 - [PROD] Sending payload 1834/2160 | Order Number: V4063008836
2026-06-30 21:27:26,535 - INFO - ThreadPoolExecutor-0_2 - [PROD] Payload 1825/2160 sent successfully. Status Code: 200
2026-06-30 21:27:26,535 - INFO - ThreadPoolExecutor-0_2 - [PROD] Sending payload 1835/2160 | Order Number: V4063008837
2026-06-30 21:27:26,777 - INFO - ThreadPoolExecutor-0_7 - [PROD] Payload 1826/2160 sent successfully. Status Code: 200
2026-06-30 21:27:26,778 - INFO - ThreadPoolExecutor-0_7 - [PROD] Sending payload 1836/2160 | Order Number: V4063008838
2026-06-30 21:27:26,780 - INFO - ThreadPoolExecutor-0_4 - [PROD] Payload 1827/2160 sent successfully. Status Code: 200
2026-06-30 21:27:26,781 - INFO - ThreadPoolExecutor-0_4 - [PROD] Sending payload 1837/2160 | Order Number: V4063008839
2026-06-30 21:27:27,012 - INFO - ThreadPoolExecutor-0_5 - [PROD] Payload 1828/2160 sent successfully. Status Code: 200
2026-06-30 21:27:27,013 - INFO - ThreadPoolExecutor-0_5 - [PROD] Sending payload 1838/2160 | Order Number: V4063008840
2026-06-30 21:27:27,090 - INFO - ThreadPoolExecutor-0_6 - [PROD] Payload 1829/2160 sent successfully. Status Code: 200
2026-06-30 21:27:27,092 - INFO - ThreadPoolExecutor-0_6 - [PROD] Sending payload 1839/2160 | Order Number: V4063008841
2026-06-30 21:27:27,160 - INFO - ThreadPoolExecutor-0_0 - [PROD] Payload 1830/2160 sent successfully. Status Code: 200
2026-06-30 21:27:27,162 - INFO - ThreadPoolExecutor-0_0 - [PROD] Sending payload 1840/2160 | Order Number: V4063008842
2026-06-30 21:27:27,309 - INFO - ThreadPoolExecutor-0_8 - [PROD] Payload 1831/2160 sent successfully. Status Code: 200
2026-06-30 21:27:27,311 - INFO - ThreadPoolExecutor-0_8 - [PROD] Sending payload 1841/2160 | Order Number: V4063008843
2026-06-30 21:27:27,626 - INFO - ThreadPoolExecutor-0_1 - [PROD] Payload 1832/2160 sent successfully. Status Code: 200
2026-06-30 21:27:27,629 - INFO - ThreadPoolExecutor-0_1 - [PROD] Sending payload 1842/2160 | Order Number: V4063008844
2026-06-30 21:27:28,418 - INFO - ThreadPoolExecutor-0_2 - [PROD] Payload 1835/2160 sent successfully. Status Code: 200
2026-06-30 21:27:28,419 - INFO - ThreadPoolExecutor-0_3 - [PROD] Payload 1834/2160 sent successfully. Status Code: 200
2026-06-30 21:27:28,419 - INFO - ThreadPoolExecutor-0_9 - [PROD] Payload 1833/2160 sent successfully. Status Code: 200
2026-06-30 21:27:28,420 - INFO - ThreadPoolExecutor-0_2 - [PROD] Sending payload 1843/2160 | Order Number: V4063008845
2026-06-30 21:27:28,421 - INFO - ThreadPoolExecutor-0_3 - [PROD] Sending payload 1844/2160 | Order Number: V4063008846
2026-06-30 21:27:28,421 - INFO - ThreadPoolExecutor-0_9 - [PROD] Sending payload 1845/2160 | Order Number: V4063008847
2026-06-30 21:27:28,646 - INFO - ThreadPoolExecutor-0_4 - [PROD] Payload 1837/2160 sent successfully. Status Code: 200
2026-06-30 21:27:28,647 - INFO - ThreadPoolExecutor-0_4 - [PROD] Sending payload 1846/2160 | Order Number: V4063008848
2026-06-30 21:27:28,652 - INFO - ThreadPoolExecutor-0_7 - [PROD] Payload 1836/2160 sent successfully. Status Code: 200
2026-06-30 21:27:28,653 - INFO - ThreadPoolExecutor-0_7 - [PROD] Sending payload 1847/2160 | Order Number: V4063008849
2026-06-30 21:27:28,880 - INFO - ThreadPoolExecutor-0_5 - [PROD] Payload 1838/2160 sent successfully. Status Code: 200
2026-06-30 21:27:28,881 - INFO - ThreadPoolExecutor-0_5 - [PROD] Sending payload 1848/2160 | Order Number: V4063008850
2026-06-30 21:27:28,949 - INFO - ThreadPoolExecutor-0_6 - [PROD] Payload 1839/2160 sent successfully. Status Code: 200
2026-06-30 21:27:28,951 - INFO - ThreadPoolExecutor-0_6 - [PROD] Sending payload 1849/2160 | Order Number: V4063008851
2026-06-30 21:27:29,134 - INFO - ThreadPoolExecutor-0_0 - [PROD] Payload 1840/2160 sent successfully. Status Code: 200
2026-06-30 21:27:29,136 - INFO - ThreadPoolExecutor-0_0 - [PROD] Sending payload 1850/2160 | Order Number: V4063008852
2026-06-30 21:27:29,151 - INFO - ThreadPoolExecutor-0_8 - [PROD] Payload 1841/2160 sent successfully. Status Code: 200
2026-06-30 21:27:29,152 - INFO - ThreadPoolExecutor-0_8 - [PROD] Sending payload 1851/2160 | Order Number: V4063008853
2026-06-30 21:27:29,425 - INFO - ThreadPoolExecutor-0_1 - [PROD] Payload 1842/2160 sent successfully. Status Code: 200
2026-06-30 21:27:29,426 - INFO - ThreadPoolExecutor-0_1 - [PROD] Sending payload 1852/2160 | Order Number: V4063008854
2026-06-30 21:27:30,379 - INFO - ThreadPoolExecutor-0_2 - [PROD] Payload 1843/2160 sent successfully. Status Code: 200
2026-06-30 21:27:30,380 - INFO - ThreadPoolExecutor-0_9 - [PROD] Payload 1845/2160 sent successfully. Status Code: 200
2026-06-30 21:27:30,381 - INFO - ThreadPoolExecutor-0_2 - [PROD] Sending payload 1853/2160 | Order Number: V4063008855
2026-06-30 21:27:30,381 - INFO - ThreadPoolExecutor-0_9 - [PROD] Sending payload 1854/2160 | Order Number: V4063008856
2026-06-30 21:27:30,491 - INFO - ThreadPoolExecutor-0_3 - [PROD] Payload 1844/2160 sent successfully. Status Code: 200
2026-06-30 21:27:30,492 - INFO - ThreadPoolExecutor-0_3 - [PROD] Sending payload 1855/2160 | Order Number: V4063008857
2026-06-30 21:27:30,566 - INFO - ThreadPoolExecutor-0_4 - [PROD] Payload 1846/2160 sent successfully. Status Code: 200
2026-06-30 21:27:30,568 - INFO - ThreadPoolExecutor-0_4 - [PROD] Sending payload 1856/2160 | Order Number: V4063008858
2026-06-30 21:27:30,614 - INFO - ThreadPoolExecutor-0_7 - [PROD] Payload 1847/2160 sent successfully. Status Code: 200
2026-06-30 21:27:30,615 - INFO - ThreadPoolExecutor-0_7 - [PROD] Sending payload 1857/2160 | Order Number: V4063008859
2026-06-30 21:27:30,784 - INFO - ThreadPoolExecutor-0_6 - [PROD] Payload 1849/2160 sent successfully. Status Code: 200
2026-06-30 21:27:30,787 - INFO - ThreadPoolExecutor-0_6 - [PROD] Sending payload 1858/2160 | Order Number: V4063008860
2026-06-30 21:27:30,860 - INFO - ThreadPoolExecutor-0_5 - [PROD] Payload 1848/2160 sent successfully. Status Code: 200
2026-06-30 21:27:30,862 - INFO - ThreadPoolExecutor-0_5 - [PROD] Sending payload 1859/2160 | Order Number: V4063008861
2026-06-30 21:27:30,960 - INFO - ThreadPoolExecutor-0_0 - [PROD] Payload 1850/2160 sent successfully. Status Code: 200
2026-06-30 21:27:30,961 - INFO - ThreadPoolExecutor-0_0 - [PROD] Sending payload 1860/2160 | Order Number: V4063008862
2026-06-30 21:27:31,038 - INFO - ThreadPoolExecutor-0_8 - [PROD] Payload 1851/2160 sent successfully. Status Code: 200
2026-06-30 21:27:31,040 - INFO - ThreadPoolExecutor-0_8 - [PROD] Sending payload 1861/2160 | Order Number: V4063008863
2026-06-30 21:27:31,375 - INFO - ThreadPoolExecutor-0_1 - [PROD] Payload 1852/2160 sent successfully. Status Code: 200
2026-06-30 21:27:31,378 - INFO - ThreadPoolExecutor-0_1 - [PROD] Sending payload 1862/2160 | Order Number: V4063008864
2026-06-30 21:27:32,321 - INFO - ThreadPoolExecutor-0_9 - [PROD] Payload 1854/2160 sent successfully. Status Code: 200
2026-06-30 21:27:32,323 - INFO - ThreadPoolExecutor-0_3 - [PROD] Payload 1855/2160 sent successfully. Status Code: 200
2026-06-30 21:27:32,324 - INFO - ThreadPoolExecutor-0_2 - [PROD] Payload 1853/2160 sent successfully. Status Code: 200
2026-06-30 21:27:32,325 - INFO - ThreadPoolExecutor-0_9 - [PROD] Sending payload 1863/2160 | Order Number: V4063008865
2026-06-30 21:27:32,325 - INFO - ThreadPoolExecutor-0_3 - [PROD] Sending payload 1864/2160 | Order Number: V4063008866
2026-06-30 21:27:32,326 - INFO - ThreadPoolExecutor-0_2 - [PROD] Sending payload 1865/2160 | Order Number: V4063008867
2026-06-30 21:27:32,440 - INFO - ThreadPoolExecutor-0_7 - [PROD] Payload 1857/2160 sent successfully. Status Code: 200
2026-06-30 21:27:32,441 - INFO - ThreadPoolExecutor-0_7 - [PROD] Sending payload 1866/2160 | Order Number: V4063008868
2026-06-30 21:27:32,457 - INFO - ThreadPoolExecutor-0_4 - [PROD] Payload 1856/2160 sent successfully. Status Code: 200
2026-06-30 21:27:32,458 - INFO - ThreadPoolExecutor-0_4 - [PROD] Sending payload 1867/2160 | Order Number: V4063008869
2026-06-30 21:27:32,583 - INFO - ThreadPoolExecutor-0_6 - [PROD] Payload 1858/2160 sent successfully. Status Code: 200
2026-06-30 21:27:32,584 - INFO - ThreadPoolExecutor-0_6 - [PROD] Sending payload 1868/2160 | Order Number: V4063008870
2026-06-30 21:27:32,842 - INFO - ThreadPoolExecutor-0_0 - [PROD] Payload 1860/2160 sent successfully. Status Code: 200
2026-06-30 21:27:32,843 - INFO - ThreadPoolExecutor-0_0 - [PROD] Sending payload 1869/2160 | Order Number: V4063008871
2026-06-30 21:27:33,001 - INFO - ThreadPoolExecutor-0_8 - [PROD] Payload 1861/2160 sent successfully. Status Code: 200
2026-06-30 21:27:33,003 - INFO - ThreadPoolExecutor-0_8 - [PROD] Sending payload 1870/2160 | Order Number: V4063008872
2026-06-30 21:27:33,194 - INFO - ThreadPoolExecutor-0_1 - [PROD] Payload 1862/2160 sent successfully. Status Code: 200
2026-06-30 21:27:33,196 - INFO - ThreadPoolExecutor-0_1 - [PROD] Sending payload 1871/2160 | Order Number: V4063008873
2026-06-30 21:27:33,500 - INFO - ThreadPoolExecutor-0_5 - [PROD] Payload 1859/2160 sent successfully. Status Code: 200
2026-06-30 21:27:33,501 - INFO - ThreadPoolExecutor-0_5 - [PROD] Sending payload 1872/2160 | Order Number: V4063008874
2026-06-30 21:27:34,118 - INFO - ThreadPoolExecutor-0_3 - [PROD] Payload 1864/2160 sent successfully. Status Code: 200
2026-06-30 21:27:34,121 - INFO - ThreadPoolExecutor-0_3 - [PROD] Sending payload 1873/2160 | Order Number: V4063008875
2026-06-30 21:27:34,157 - INFO - ThreadPoolExecutor-0_9 - [PROD] Payload 1863/2160 sent successfully. Status Code: 200
2026-06-30 21:27:34,157 - INFO - ThreadPoolExecutor-0_9 - [PROD] Sending payload 1874/2160 | Order Number: V4063008876
2026-06-30 21:27:34,280 - INFO - ThreadPoolExecutor-0_7 - [PROD] Payload 1866/2160 sent successfully. Status Code: 200
2026-06-30 21:27:34,282 - INFO - ThreadPoolExecutor-0_7 - [PROD] Sending payload 1875/2160 | Order Number: V4063008877
2026-06-30 21:27:34,298 - INFO - ThreadPoolExecutor-0_2 - [PROD] Payload 1865/2160 sent successfully. Status Code: 200
2026-06-30 21:27:34,299 - INFO - ThreadPoolExecutor-0_2 - [PROD] Sending payload 1876/2160 | Order Number: V4063008878
2026-06-30 21:27:34,327 - INFO - ThreadPoolExecutor-0_4 - [PROD] Payload 1867/2160 sent successfully. Status Code: 200
2026-06-30 21:27:34,328 - INFO - ThreadPoolExecutor-0_4 - [PROD] Sending payload 1877/2160 | Order Number: V4063008879
2026-06-30 21:27:34,609 - INFO - ThreadPoolExecutor-0_6 - [PROD] Payload 1868/2160 sent successfully. Status Code: 200
2026-06-30 21:27:34,610 - INFO - ThreadPoolExecutor-0_6 - [PROD] Sending payload 1878/2160 | Order Number: V4063008880
2026-06-30 21:27:34,714 - INFO - ThreadPoolExecutor-0_0 - [PROD] Payload 1869/2160 sent successfully. Status Code: 200
2026-06-30 21:27:34,715 - INFO - ThreadPoolExecutor-0_0 - [PROD] Sending payload 1879/2160 | Order Number: V4063008881
2026-06-30 21:27:35,057 - INFO - ThreadPoolExecutor-0_1 - [PROD] Payload 1871/2160 sent successfully. Status Code: 200
2026-06-30 21:27:35,059 - INFO - ThreadPoolExecutor-0_1 - [PROD] Sending payload 1880/2160 | Order Number: V4063008882
2026-06-30 21:27:35,306 - INFO - ThreadPoolExecutor-0_5 - [PROD] Payload 1872/2160 sent successfully. Status Code: 200
2026-06-30 21:27:35,307 - INFO - ThreadPoolExecutor-0_5 - [PROD] Sending payload 1881/2160 | Order Number: V4063008883
2026-06-30 21:27:35,502 - INFO - ThreadPoolExecutor-0_8 - [PROD] Payload 1870/2160 sent successfully. Status Code: 200
2026-06-30 21:27:35,503 - INFO - ThreadPoolExecutor-0_8 - [PROD] Sending payload 1882/2160 | Order Number: V4063008884
2026-06-30 21:27:35,944 - INFO - ThreadPoolExecutor-0_3 - [PROD] Payload 1873/2160 sent successfully. Status Code: 200
2026-06-30 21:27:35,946 - INFO - ThreadPoolExecutor-0_3 - [PROD] Sending payload 1883/2160 | Order Number: V4063008885
2026-06-30 21:27:35,994 - INFO - ThreadPoolExecutor-0_9 - [PROD] Payload 1874/2160 sent successfully. Status Code: 200
2026-06-30 21:27:35,995 - INFO - ThreadPoolExecutor-0_9 - [PROD] Sending payload 1884/2160 | Order Number: V4063008886
2026-06-30 21:27:36,081 - INFO - ThreadPoolExecutor-0_7 - [PROD] Payload 1875/2160 sent successfully. Status Code: 200
2026-06-30 21:27:36,083 - INFO - ThreadPoolExecutor-0_7 - [PROD] Sending payload 1885/2160 | Order Number: V4063008887
2026-06-30 21:27:36,119 - INFO - ThreadPoolExecutor-0_2 - [PROD] Payload 1876/2160 sent successfully. Status Code: 200
2026-06-30 21:27:36,120 - INFO - ThreadPoolExecutor-0_2 - [PROD] Sending payload 1886/2160 | Order Number: V4063008888
2026-06-30 21:27:36,185 - INFO - ThreadPoolExecutor-0_4 - [PROD] Payload 1877/2160 sent successfully. Status Code: 200
2026-06-30 21:27:36,186 - INFO - ThreadPoolExecutor-0_4 - [PROD] Sending payload 1887/2160 | Order Number: V4063008889
2026-06-30 21:27:36,447 - INFO - ThreadPoolExecutor-0_6 - [PROD] Payload 1878/2160 sent successfully. Status Code: 200
2026-06-30 21:27:36,449 - INFO - ThreadPoolExecutor-0_6 - [PROD] Sending payload 1888/2160 | Order Number: V4063008890
2026-06-30 21:27:36,548 - INFO - ThreadPoolExecutor-0_0 - [PROD] Payload 1879/2160 sent successfully. Status Code: 200
2026-06-30 21:27:36,548 - INFO - ThreadPoolExecutor-0_0 - [PROD] Sending payload 1889/2160 | Order Number: V4063008891
2026-06-30 21:27:36,875 - INFO - ThreadPoolExecutor-0_1 - [PROD] Payload 1880/2160 sent successfully. Status Code: 200
2026-06-30 21:27:36,875 - INFO - ThreadPoolExecutor-0_1 - [PROD] Sending payload 1890/2160 | Order Number: V4063008892
2026-06-30 21:27:37,105 - INFO - ThreadPoolExecutor-0_5 - [PROD] Payload 1881/2160 sent successfully. Status Code: 200
2026-06-30 21:27:37,107 - INFO - ThreadPoolExecutor-0_5 - [PROD] Sending payload 1891/2160 | Order Number: V4063008893
2026-06-30 21:27:37,437 - INFO - ThreadPoolExecutor-0_8 - [PROD] Payload 1882/2160 sent successfully. Status Code: 200
2026-06-30 21:27:37,437 - INFO - ThreadPoolExecutor-0_8 - [PROD] Sending payload 1892/2160 | Order Number: V4063008894
2026-06-30 21:27:37,748 - INFO - ThreadPoolExecutor-0_3 - [PROD] Payload 1883/2160 sent successfully. Status Code: 200
2026-06-30 21:27:37,748 - INFO - ThreadPoolExecutor-0_3 - [PROD] Sending payload 1893/2160 | Order Number: V4063008895
2026-06-30 21:27:37,812 - INFO - ThreadPoolExecutor-0_9 - [PROD] Payload 1884/2160 sent successfully. Status Code: 200
2026-06-30 21:27:37,813 - INFO - ThreadPoolExecutor-0_9 - [PROD] Sending payload 1894/2160 | Order Number: V4063008896
2026-06-30 21:27:37,957 - INFO - ThreadPoolExecutor-0_7 - [PROD] Payload 1885/2160 sent successfully. Status Code: 200
2026-06-30 21:27:37,958 - INFO - ThreadPoolExecutor-0_7 - [PROD] Sending payload 1895/2160 | Order Number: V4063008897
2026-06-30 21:27:37,980 - INFO - ThreadPoolExecutor-0_4 - [PROD] Payload 1887/2160 sent successfully. Status Code: 200
2026-06-30 21:27:37,981 - INFO - ThreadPoolExecutor-0_4 - [PROD] Sending payload 1896/2160 | Order Number: V4063008898
2026-06-30 21:27:38,003 - INFO - ThreadPoolExecutor-0_2 - [PROD] Payload 1886/2160 sent successfully. Status Code: 200
2026-06-30 21:27:38,004 - INFO - ThreadPoolExecutor-0_2 - [PROD] Sending payload 1897/2160 | Order Number: V4063008899
2026-06-30 21:27:38,333 - INFO - ThreadPoolExecutor-0_6 - [PROD] Payload 1888/2160 sent successfully. Status Code: 200
2026-06-30 21:27:38,334 - INFO - ThreadPoolExecutor-0_6 - [PROD] Sending payload 1898/2160 | Order Number: V4063008900
2026-06-30 21:27:38,379 - INFO - ThreadPoolExecutor-0_0 - [PROD] Payload 1889/2160 sent successfully. Status Code: 200
2026-06-30 21:27:38,380 - INFO - ThreadPoolExecutor-0_0 - [PROD] Sending payload 1899/2160 | Order Number: V4063008901
2026-06-30 21:27:38,751 - INFO - ThreadPoolExecutor-0_1 - [PROD] Payload 1890/2160 sent successfully. Status Code: 200
2026-06-30 21:27:38,752 - INFO - ThreadPoolExecutor-0_1 - [PROD] Sending payload 1900/2160 | Order Number: V4063008902
2026-06-30 21:27:38,921 - INFO - ThreadPoolExecutor-0_5 - [PROD] Payload 1891/2160 sent successfully. Status Code: 200
2026-06-30 21:27:38,923 - INFO - ThreadPoolExecutor-0_5 - [PROD] Sending payload 1901/2160 | Order Number: V4063008903
2026-06-30 21:27:39,215 - INFO - ThreadPoolExecutor-0_8 - [PROD] Payload 1892/2160 sent successfully. Status Code: 200
2026-06-30 21:27:39,216 - INFO - ThreadPoolExecutor-0_8 - [PROD] Sending payload 1902/2160 | Order Number: V4063008904
2026-06-30 21:27:39,622 - INFO - ThreadPoolExecutor-0_3 - [PROD] Payload 1893/2160 sent successfully. Status Code: 200
2026-06-30 21:27:39,624 - INFO - ThreadPoolExecutor-0_3 - [PROD] Sending payload 1903/2160 | Order Number: V4063008905
2026-06-30 21:27:39,826 - INFO - ThreadPoolExecutor-0_9 - [PROD] Payload 1894/2160 sent successfully. Status Code: 200
2026-06-30 21:27:39,828 - INFO - ThreadPoolExecutor-0_9 - [PROD] Sending payload 1904/2160 | Order Number: V4063008906
2026-06-30 21:27:39,832 - INFO - ThreadPoolExecutor-0_7 - [PROD] Payload 1895/2160 sent successfully. Status Code: 200
2026-06-30 21:27:39,833 - INFO - ThreadPoolExecutor-0_7 - [PROD] Sending payload 1905/2160 | Order Number: V4063008907
2026-06-30 21:27:39,923 - INFO - ThreadPoolExecutor-0_4 - [PROD] Payload 1896/2160 sent successfully. Status Code: 200
2026-06-30 21:27:39,925 - INFO - ThreadPoolExecutor-0_4 - [PROD] Sending payload 1906/2160 | Order Number: V4063008908
2026-06-30 21:27:40,249 - INFO - ThreadPoolExecutor-0_6 - [PROD] Payload 1898/2160 sent successfully. Status Code: 200
2026-06-30 21:27:40,251 - INFO - ThreadPoolExecutor-0_6 - [PROD] Sending payload 1907/2160 | Order Number: V4063008909
2026-06-30 21:27:40,578 - INFO - ThreadPoolExecutor-0_2 - [PROD] Payload 1897/2160 sent successfully. Status Code: 200
2026-06-30 21:27:40,580 - INFO - ThreadPoolExecutor-0_2 - [PROD] Sending payload 1908/2160 | Order Number: V4063008910
2026-06-30 21:27:40,592 - INFO - ThreadPoolExecutor-0_1 - [PROD] Payload 1900/2160 sent successfully. Status Code: 200
2026-06-30 21:27:40,592 - INFO - ThreadPoolExecutor-0_1 - [PROD] Sending payload 1909/2160 | Order Number: V4063008911
2026-06-30 21:27:40,791 - INFO - ThreadPoolExecutor-0_5 - [PROD] Payload 1901/2160 sent successfully. Status Code: 200
2026-06-30 21:27:40,792 - INFO - ThreadPoolExecutor-0_5 - [PROD] Sending payload 1910/2160 | Order Number: V4063008912
2026-06-30 21:27:40,934 - INFO - ThreadPoolExecutor-0_0 - [PROD] Payload 1899/2160 sent successfully. Status Code: 200
2026-06-30 21:27:40,935 - INFO - ThreadPoolExecutor-0_0 - [PROD] Sending payload 1911/2160 | Order Number: V4063008913
2026-06-30 21:27:41,050 - INFO - ThreadPoolExecutor-0_8 - [PROD] Payload 1902/2160 sent successfully. Status Code: 200
2026-06-30 21:27:41,052 - INFO - ThreadPoolExecutor-0_8 - [PROD] Sending payload 1912/2160 | Order Number: V4063008914
2026-06-30 21:27:41,497 - INFO - ThreadPoolExecutor-0_3 - [PROD] Payload 1903/2160 sent successfully. Status Code: 200
2026-06-30 21:27:41,499 - INFO - ThreadPoolExecutor-0_3 - [PROD] Sending payload 1913/2160 | Order Number: V4063008915
2026-06-30 21:27:41,678 - INFO - ThreadPoolExecutor-0_9 - [PROD] Payload 1904/2160 sent successfully. Status Code: 200
2026-06-30 21:27:41,680 - INFO - ThreadPoolExecutor-0_9 - [PROD] Sending payload 1914/2160 | Order Number: V4063008916
2026-06-30 21:27:41,808 - INFO - ThreadPoolExecutor-0_4 - [PROD] Payload 1906/2160 sent successfully. Status Code: 200
2026-06-30 21:27:41,810 - INFO - ThreadPoolExecutor-0_4 - [PROD] Sending payload 1915/2160 | Order Number: V4063008917
2026-06-30 21:27:42,254 - INFO - ThreadPoolExecutor-0_6 - [PROD] Payload 1907/2160 sent successfully. Status Code: 200
2026-06-30 21:27:42,255 - INFO - ThreadPoolExecutor-0_6 - [PROD] Sending payload 1916/2160 | Order Number: V4063008918
2026-06-30 21:27:42,358 - INFO - ThreadPoolExecutor-0_7 - [PROD] Payload 1905/2160 sent successfully. Status Code: 200
2026-06-30 21:27:42,359 - INFO - ThreadPoolExecutor-0_7 - [PROD] Sending payload 1917/2160 | Order Number: V4063008919
2026-06-30 21:27:42,523 - INFO - ThreadPoolExecutor-0_2 - [PROD] Payload 1908/2160 sent successfully. Status Code: 200
2026-06-30 21:27:42,524 - INFO - ThreadPoolExecutor-0_2 - [PROD] Sending payload 1918/2160 | Order Number: V4063008920
2026-06-30 21:27:42,722 - INFO - ThreadPoolExecutor-0_5 - [PROD] Payload 1910/2160 sent successfully. Status Code: 200
2026-06-30 21:27:42,724 - INFO - ThreadPoolExecutor-0_5 - [PROD] Sending payload 1919/2160 | Order Number: V4063008921
2026-06-30 21:27:42,748 - INFO - ThreadPoolExecutor-0_0 - [PROD] Payload 1911/2160 sent successfully. Status Code: 200
2026-06-30 21:27:42,748 - INFO - ThreadPoolExecutor-0_0 - [PROD] Sending payload 1920/2160 | Order Number: V4063008922
2026-06-30 21:27:42,875 - INFO - ThreadPoolExecutor-0_1 - [PROD] Payload 1909/2160 sent successfully. Status Code: 200
2026-06-30 21:27:42,877 - INFO - ThreadPoolExecutor-0_1 - [PROD] Sending payload 1921/2160 | Order Number: V4063008923
2026-06-30 21:27:43,028 - INFO - ThreadPoolExecutor-0_8 - [PROD] Payload 1912/2160 sent successfully. Status Code: 200
2026-06-30 21:27:43,030 - INFO - ThreadPoolExecutor-0_8 - [PROD] Sending payload 1922/2160 | Order Number: V4063008924
2026-06-30 21:27:43,615 - INFO - ThreadPoolExecutor-0_9 - [PROD] Payload 1914/2160 sent successfully. Status Code: 200
2026-06-30 21:27:43,616 - INFO - ThreadPoolExecutor-0_9 - [PROD] Sending payload 1923/2160 | Order Number: V4063008925
2026-06-30 21:27:43,992 - INFO - ThreadPoolExecutor-0_3 - [PROD] Payload 1913/2160 sent successfully. Status Code: 200
2026-06-30 21:27:43,995 - INFO - ThreadPoolExecutor-0_3 - [PROD] Sending payload 1924/2160 | Order Number: V4063008926
2026-06-30 21:27:44,219 - INFO - ThreadPoolExecutor-0_6 - [PROD] Payload 1916/2160 sent successfully. Status Code: 200
2026-06-30 21:27:44,222 - INFO - ThreadPoolExecutor-0_6 - [PROD] Sending payload 1925/2160 | Order Number: V4063008927
2026-06-30 21:27:44,247 - INFO - ThreadPoolExecutor-0_4 - [PROD] Payload 1915/2160 sent successfully. Status Code: 200
2026-06-30 21:27:44,248 - INFO - ThreadPoolExecutor-0_4 - [PROD] Sending payload 1926/2160 | Order Number: V4063008928
2026-06-30 21:27:44,429 - INFO - ThreadPoolExecutor-0_2 - [PROD] Payload 1918/2160 sent successfully. Status Code: 200
2026-06-30 21:27:44,431 - INFO - ThreadPoolExecutor-0_2 - [PROD] Sending payload 1927/2160 | Order Number: V4063008929
2026-06-30 21:27:44,454 - INFO - ThreadPoolExecutor-0_7 - [PROD] Payload 1917/2160 sent successfully. Status Code: 200
2026-06-30 21:27:44,454 - INFO - ThreadPoolExecutor-0_7 - [PROD] Sending payload 1928/2160 | Order Number: V4063008930
2026-06-30 21:27:44,558 - INFO - ThreadPoolExecutor-0_0 - [PROD] Payload 1920/2160 sent successfully. Status Code: 200
2026-06-30 21:27:44,559 - INFO - ThreadPoolExecutor-0_0 - [PROD] Sending payload 1929/2160 | Order Number: V4063008931
2026-06-30 21:27:44,737 - INFO - ThreadPoolExecutor-0_5 - [PROD] Payload 1919/2160 sent successfully. Status Code: 200
2026-06-30 21:27:44,739 - INFO - ThreadPoolExecutor-0_5 - [PROD] Sending payload 1930/2160 | Order Number: V4063008932
2026-06-30 21:27:44,867 - INFO - ThreadPoolExecutor-0_1 - [PROD] Payload 1921/2160 sent successfully. Status Code: 200
2026-06-30 21:27:44,869 - INFO - ThreadPoolExecutor-0_1 - [PROD] Sending payload 1931/2160 | Order Number: V4063008933
2026-06-30 21:27:44,937 - INFO - ThreadPoolExecutor-0_8 - [PROD] Payload 1922/2160 sent successfully. Status Code: 200
2026-06-30 21:27:44,939 - INFO - ThreadPoolExecutor-0_8 - [PROD] Sending payload 1932/2160 | Order Number: V4063008934
2026-06-30 21:27:45,633 - INFO - ThreadPoolExecutor-0_9 - [PROD] Payload 1923/2160 sent successfully. Status Code: 200
2026-06-30 21:27:45,634 - INFO - ThreadPoolExecutor-0_9 - [PROD] Sending payload 1933/2160 | Order Number: V4063008935
2026-06-30 21:27:45,806 - INFO - ThreadPoolExecutor-0_3 - [PROD] Payload 1924/2160 sent successfully. Status Code: 200
2026-06-30 21:27:45,808 - INFO - ThreadPoolExecutor-0_3 - [PROD] Sending payload 1934/2160 | Order Number: V4063008936
2026-06-30 21:27:46,108 - INFO - ThreadPoolExecutor-0_6 - [PROD] Payload 1925/2160 sent successfully. Status Code: 200
2026-06-30 21:27:46,110 - INFO - ThreadPoolExecutor-0_6 - [PROD] Sending payload 1935/2160 | Order Number: V4063008937
2026-06-30 21:27:46,278 - INFO - ThreadPoolExecutor-0_2 - [PROD] Payload 1927/2160 sent successfully. Status Code: 200
2026-06-30 21:27:46,281 - INFO - ThreadPoolExecutor-0_2 - [PROD] Sending payload 1936/2160 | Order Number: V4063008938
2026-06-30 21:27:46,362 - INFO - ThreadPoolExecutor-0_4 - [PROD] Payload 1926/2160 sent successfully. Status Code: 200
2026-06-30 21:27:46,364 - INFO - ThreadPoolExecutor-0_4 - [PROD] Sending payload 1937/2160 | Order Number: V4063008939
2026-06-30 21:27:46,400 - INFO - ThreadPoolExecutor-0_0 - [PROD] Payload 1929/2160 sent successfully. Status Code: 200
2026-06-30 21:27:46,401 - INFO - ThreadPoolExecutor-0_0 - [PROD] Sending payload 1938/2160 | Order Number: V4063008940
2026-06-30 21:27:46,447 - INFO - ThreadPoolExecutor-0_7 - [PROD] Payload 1928/2160 sent successfully. Status Code: 200
2026-06-30 21:27:46,447 - INFO - ThreadPoolExecutor-0_7 - [PROD] Sending payload 1939/2160 | Order Number: V4063008941
2026-06-30 21:27:46,559 - INFO - ThreadPoolExecutor-0_5 - [PROD] Payload 1930/2160 sent successfully. Status Code: 200
2026-06-30 21:27:46,560 - INFO - ThreadPoolExecutor-0_5 - [PROD] Sending payload 1940/2160 | Order Number: V4063008942
2026-06-30 21:27:46,773 - INFO - ThreadPoolExecutor-0_1 - [PROD] Payload 1931/2160 sent successfully. Status Code: 200
2026-06-30 21:27:46,774 - INFO - ThreadPoolExecutor-0_1 - [PROD] Sending payload 1941/2160 | Order Number: V4063008943
2026-06-30 21:27:46,856 - INFO - ThreadPoolExecutor-0_8 - [PROD] Payload 1932/2160 sent successfully. Status Code: 200
2026-06-30 21:27:46,857 - INFO - ThreadPoolExecutor-0_8 - [PROD] Sending payload 1942/2160 | Order Number: V4063008944
2026-06-30 21:27:47,670 - INFO - ThreadPoolExecutor-0_9 - [PROD] Payload 1933/2160 sent successfully. Status Code: 200
2026-06-30 21:27:47,671 - INFO - ThreadPoolExecutor-0_9 - [PROD] Sending payload 1943/2160 | Order Number: V4063008945
2026-06-30 21:27:47,734 - INFO - ThreadPoolExecutor-0_3 - [PROD] Payload 1934/2160 sent successfully. Status Code: 200
2026-06-30 21:27:47,734 - INFO - ThreadPoolExecutor-0_3 - [PROD] Sending payload 1944/2160 | Order Number: V4063008946
2026-06-30 21:27:48,190 - INFO - ThreadPoolExecutor-0_0 - [PROD] Payload 1938/2160 sent successfully. Status Code: 200
2026-06-30 21:27:48,192 - INFO - ThreadPoolExecutor-0_0 - [PROD] Sending payload 1945/2160 | Order Number: V4063008947
2026-06-30 21:27:48,194 - INFO - ThreadPoolExecutor-0_2 - [PROD] Payload 1936/2160 sent successfully. Status Code: 200
2026-06-30 21:27:48,195 - INFO - ThreadPoolExecutor-0_2 - [PROD] Sending payload 1946/2160 | Order Number: V4063008948
2026-06-30 21:27:48,245 - INFO - ThreadPoolExecutor-0_4 - [PROD] Payload 1937/2160 sent successfully. Status Code: 200
2026-06-30 21:27:48,245 - INFO - ThreadPoolExecutor-0_4 - [PROD] Sending payload 1947/2160 | Order Number: V4063008949
2026-06-30 21:27:48,512 - INFO - ThreadPoolExecutor-0_7 - [PROD] Payload 1939/2160 sent successfully. Status Code: 200
2026-06-30 21:27:48,514 - INFO - ThreadPoolExecutor-0_7 - [PROD] Sending payload 1948/2160 | Order Number: V4063008950
2026-06-30 21:27:48,631 - INFO - ThreadPoolExecutor-0_8 - [PROD] Payload 1942/2160 sent successfully. Status Code: 200
2026-06-30 21:27:48,632 - INFO - ThreadPoolExecutor-0_8 - [PROD] Sending payload 1949/2160 | Order Number: V4063008951
2026-06-30 21:27:48,709 - INFO - ThreadPoolExecutor-0_6 - [PROD] Payload 1935/2160 sent successfully. Status Code: 200
2026-06-30 21:27:48,711 - INFO - ThreadPoolExecutor-0_6 - [PROD] Sending payload 1950/2160 | Order Number: V4063008952
2026-06-30 21:27:48,963 - INFO - ThreadPoolExecutor-0_5 - [PROD] Payload 1940/2160 sent successfully. Status Code: 200
2026-06-30 21:27:48,965 - INFO - ThreadPoolExecutor-0_5 - [PROD] Sending payload 1951/2160 | Order Number: V4063008953
2026-06-30 21:27:49,152 - INFO - ThreadPoolExecutor-0_1 - [PROD] Payload 1941/2160 sent successfully. Status Code: 200
2026-06-30 21:27:49,154 - INFO - ThreadPoolExecutor-0_1 - [PROD] Sending payload 1952/2160 | Order Number: V4063008954
2026-06-30 21:27:49,531 - INFO - ThreadPoolExecutor-0_9 - [PROD] Payload 1943/2160 sent successfully. Status Code: 200
2026-06-30 21:27:49,533 - INFO - ThreadPoolExecutor-0_9 - [PROD] Sending payload 1953/2160 | Order Number: V4063008955
2026-06-30 21:27:50,025 - INFO - ThreadPoolExecutor-0_0 - [PROD] Payload 1945/2160 sent successfully. Status Code: 200
2026-06-30 21:27:50,027 - INFO - ThreadPoolExecutor-0_0 - [PROD] Sending payload 1954/2160 | Order Number: V4063008956
2026-06-30 21:27:50,070 - INFO - ThreadPoolExecutor-0_4 - [PROD] Payload 1947/2160 sent successfully. Status Code: 200
2026-06-30 21:27:50,071 - INFO - ThreadPoolExecutor-0_4 - [PROD] Sending payload 1955/2160 | Order Number: V4063008957
2026-06-30 21:27:50,170 - INFO - ThreadPoolExecutor-0_2 - [PROD] Payload 1946/2160 sent successfully. Status Code: 200
2026-06-30 21:27:50,172 - INFO - ThreadPoolExecutor-0_2 - [PROD] Sending payload 1956/2160 | Order Number: V4063008958
2026-06-30 21:27:50,361 - INFO - ThreadPoolExecutor-0_3 - [PROD] Payload 1944/2160 sent successfully. Status Code: 200
2026-06-30 21:27:50,361 - INFO - ThreadPoolExecutor-0_3 - [PROD] Sending payload 1957/2160 | Order Number: V4063008959
2026-06-30 21:27:50,496 - INFO - ThreadPoolExecutor-0_8 - [PROD] Payload 1949/2160 sent successfully. Status Code: 200
2026-06-30 21:27:50,496 - INFO - ThreadPoolExecutor-0_8 - [PROD] Sending payload 1958/2160 | Order Number: V4063008960
2026-06-30 21:27:50,779 - INFO - ThreadPoolExecutor-0_5 - [PROD] Payload 1951/2160 sent successfully. Status Code: 200
2026-06-30 21:27:50,779 - INFO - ThreadPoolExecutor-0_5 - [PROD] Sending payload 1959/2160 | Order Number: V4063008961
2026-06-30 21:27:51,020 - INFO - ThreadPoolExecutor-0_1 - [PROD] Payload 1952/2160 sent successfully. Status Code: 200
2026-06-30 21:27:51,022 - INFO - ThreadPoolExecutor-0_1 - [PROD] Sending payload 1960/2160 | Order Number: V4063008962
2026-06-30 21:27:51,294 - INFO - ThreadPoolExecutor-0_6 - [PROD] Payload 1950/2160 sent successfully. Status Code: 200
2026-06-30 21:27:51,296 - INFO - ThreadPoolExecutor-0_6 - [PROD] Sending payload 1961/2160 | Order Number: V4063008963
2026-06-30 21:27:51,300 - INFO - ThreadPoolExecutor-0_7 - [PROD] Payload 1948/2160 sent successfully. Status Code: 200
2026-06-30 21:27:51,301 - INFO - ThreadPoolExecutor-0_7 - [PROD] Sending payload 1962/2160 | Order Number: V4063008964
2026-06-30 21:27:51,365 - INFO - ThreadPoolExecutor-0_9 - [PROD] Payload 1953/2160 sent successfully. Status Code: 200
2026-06-30 21:27:51,365 - INFO - ThreadPoolExecutor-0_9 - [PROD] Sending payload 1963/2160 | Order Number: V4063008965
2026-06-30 21:27:51,824 - INFO - ThreadPoolExecutor-0_0 - [PROD] Payload 1954/2160 sent successfully. Status Code: 200
2026-06-30 21:27:51,825 - INFO - ThreadPoolExecutor-0_0 - [PROD] Sending payload 1964/2160 | Order Number: V4063008966
2026-06-30 21:27:52,027 - INFO - ThreadPoolExecutor-0_4 - [PROD] Payload 1955/2160 sent successfully. Status Code: 200
2026-06-30 21:27:52,028 - INFO - ThreadPoolExecutor-0_2 - [PROD] Payload 1956/2160 sent successfully. Status Code: 200
2026-06-30 21:27:52,029 - INFO - ThreadPoolExecutor-0_4 - [PROD] Sending payload 1965/2160 | Order Number: V4063008967
2026-06-30 21:27:52,029 - INFO - ThreadPoolExecutor-0_2 - [PROD] Sending payload 1966/2160 | Order Number: V4063008968
2026-06-30 21:27:52,169 - INFO - ThreadPoolExecutor-0_3 - [PROD] Payload 1957/2160 sent successfully. Status Code: 200
2026-06-30 21:27:52,172 - INFO - ThreadPoolExecutor-0_3 - [PROD] Sending payload 1967/2160 | Order Number: V4063008969
2026-06-30 21:27:52,582 - INFO - ThreadPoolExecutor-0_5 - [PROD] Payload 1959/2160 sent successfully. Status Code: 200
2026-06-30 21:27:52,583 - INFO - ThreadPoolExecutor-0_5 - [PROD] Sending payload 1968/2160 | Order Number: V4063008970
2026-06-30 21:27:52,822 - INFO - ThreadPoolExecutor-0_1 - [PROD] Payload 1960/2160 sent successfully. Status Code: 200
2026-06-30 21:27:52,824 - INFO - ThreadPoolExecutor-0_1 - [PROD] Sending payload 1969/2160 | Order Number: V4063008971
2026-06-30 21:27:53,008 - INFO - ThreadPoolExecutor-0_8 - [PROD] Payload 1958/2160 sent successfully. Status Code: 200
2026-06-30 21:27:53,009 - INFO - ThreadPoolExecutor-0_8 - [PROD] Sending payload 1970/2160 | Order Number: V4063008972
2026-06-30 21:27:53,178 - INFO - ThreadPoolExecutor-0_9 - [PROD] Payload 1963/2160 sent successfully. Status Code: 200
2026-06-30 21:27:53,180 - INFO - ThreadPoolExecutor-0_9 - [PROD] Sending payload 1971/2160 | Order Number: V4063008973
2026-06-30 21:27:53,871 - INFO - ThreadPoolExecutor-0_0 - [PROD] Payload 1964/2160 sent successfully. Status Code: 200
2026-06-30 21:27:53,873 - INFO - ThreadPoolExecutor-0_0 - [PROD] Sending payload 1972/2160 | Order Number: V4063008974
2026-06-30 21:27:53,977 - INFO - ThreadPoolExecutor-0_7 - [PROD] Payload 1962/2160 sent successfully. Status Code: 200
2026-06-30 21:27:53,979 - INFO - ThreadPoolExecutor-0_7 - [PROD] Sending payload 1973/2160 | Order Number: V4063008975
2026-06-30 21:27:54,003 - INFO - ThreadPoolExecutor-0_4 - [PROD] Payload 1965/2160 sent successfully. Status Code: 200
2026-06-30 21:27:54,004 - INFO - ThreadPoolExecutor-0_4 - [PROD] Sending payload 1974/2160 | Order Number: V4063008976
2026-06-30 21:27:54,024 - INFO - ThreadPoolExecutor-0_3 - [PROD] Payload 1967/2160 sent successfully. Status Code: 200
2026-06-30 21:27:54,025 - INFO - ThreadPoolExecutor-0_3 - [PROD] Sending payload 1975/2160 | Order Number: V4063008977
2026-06-30 21:27:54,101 - INFO - ThreadPoolExecutor-0_6 - [PROD] Payload 1961/2160 sent successfully. Status Code: 200
2026-06-30 21:27:54,102 - INFO - ThreadPoolExecutor-0_6 - [PROD] Sending payload 1976/2160 | Order Number: V4063008978
2026-06-30 21:27:54,528 - INFO - ThreadPoolExecutor-0_5 - [PROD] Payload 1968/2160 sent successfully. Status Code: 200
2026-06-30 21:27:54,531 - INFO - ThreadPoolExecutor-0_5 - [PROD] Sending payload 1977/2160 | Order Number: V4063008979
2026-06-30 21:27:54,575 - INFO - ThreadPoolExecutor-0_2 - [PROD] Payload 1966/2160 sent successfully. Status Code: 200
2026-06-30 21:27:54,576 - INFO - ThreadPoolExecutor-0_2 - [PROD] Sending payload 1978/2160 | Order Number: V4063008980
2026-06-30 21:27:54,636 - INFO - ThreadPoolExecutor-0_1 - [PROD] Payload 1969/2160 sent successfully. Status Code: 200
2026-06-30 21:27:54,638 - INFO - ThreadPoolExecutor-0_1 - [PROD] Sending payload 1979/2160 | Order Number: V4063008981
2026-06-30 21:27:55,237 - INFO - ThreadPoolExecutor-0_8 - [PROD] Payload 1970/2160 sent successfully. Status Code: 200
2026-06-30 21:27:55,239 - INFO - ThreadPoolExecutor-0_8 - [PROD] Sending payload 1980/2160 | Order Number: V4063008982
2026-06-30 21:27:55,504 - INFO - ThreadPoolExecutor-0_9 - [PROD] Payload 1971/2160 sent successfully. Status Code: 200
2026-06-30 21:27:55,505 - INFO - ThreadPoolExecutor-0_9 - [PROD] Sending payload 1981/2160 | Order Number: V4063008983
2026-06-30 21:27:55,801 - INFO - ThreadPoolExecutor-0_0 - [PROD] Payload 1972/2160 sent successfully. Status Code: 200
2026-06-30 21:27:55,802 - INFO - ThreadPoolExecutor-0_0 - [PROD] Sending payload 1982/2160 | Order Number: V4063008984
2026-06-30 21:27:55,991 - INFO - ThreadPoolExecutor-0_3 - [PROD] Payload 1975/2160 sent successfully. Status Code: 200
2026-06-30 21:27:55,994 - INFO - ThreadPoolExecutor-0_3 - [PROD] Sending payload 1983/2160 | Order Number: V4063008985
2026-06-30 21:27:56,049 - INFO - ThreadPoolExecutor-0_4 - [PROD] Payload 1974/2160 sent successfully. Status Code: 200
2026-06-30 21:27:56,051 - INFO - ThreadPoolExecutor-0_4 - [PROD] Sending payload 1984/2160 | Order Number: V4063008986
2026-06-30 21:27:56,239 - INFO - ThreadPoolExecutor-0_6 - [PROD] Payload 1976/2160 sent successfully. Status Code: 200
2026-06-30 21:27:56,240 - INFO - ThreadPoolExecutor-0_6 - [PROD] Sending payload 1985/2160 | Order Number: V4063008987
2026-06-30 21:27:56,417 - INFO - ThreadPoolExecutor-0_2 - [PROD] Payload 1978/2160 sent successfully. Status Code: 200
2026-06-30 21:27:56,419 - INFO - ThreadPoolExecutor-0_2 - [PROD] Sending payload 1986/2160 | Order Number: V4063008988
2026-06-30 21:27:56,436 - INFO - ThreadPoolExecutor-0_5 - [PROD] Payload 1977/2160 sent successfully. Status Code: 200
2026-06-30 21:27:56,437 - INFO - ThreadPoolExecutor-0_5 - [PROD] Sending payload 1987/2160 | Order Number: V4063008989
2026-06-30 21:27:56,475 - INFO - ThreadPoolExecutor-0_7 - [PROD] Payload 1973/2160 sent successfully. Status Code: 200
2026-06-30 21:27:56,476 - INFO - ThreadPoolExecutor-0_7 - [PROD] Sending payload 1988/2160 | Order Number: V4063008990
2026-06-30 21:27:56,643 - INFO - ThreadPoolExecutor-0_1 - [PROD] Payload 1979/2160 sent successfully. Status Code: 200
2026-06-30 21:27:56,645 - INFO - ThreadPoolExecutor-0_1 - [PROD] Sending payload 1989/2160 | Order Number: V4063008991
2026-06-30 21:27:57,085 - INFO - ThreadPoolExecutor-0_8 - [PROD] Payload 1980/2160 sent successfully. Status Code: 200
2026-06-30 21:27:57,088 - INFO - ThreadPoolExecutor-0_8 - [PROD] Sending payload 1990/2160 | Order Number: V4063008992
2026-06-30 21:27:57,340 - INFO - ThreadPoolExecutor-0_9 - [PROD] Payload 1981/2160 sent successfully. Status Code: 200
2026-06-30 21:27:57,341 - INFO - ThreadPoolExecutor-0_9 - [PROD] Sending payload 1991/2160 | Order Number: V4063008993
2026-06-30 21:27:57,674 - INFO - ThreadPoolExecutor-0_0 - [PROD] Payload 1982/2160 sent successfully. Status Code: 200
2026-06-30 21:27:57,677 - INFO - ThreadPoolExecutor-0_0 - [PROD] Sending payload 1992/2160 | Order Number: V4063008994
2026-06-30 21:27:57,870 - INFO - ThreadPoolExecutor-0_3 - [PROD] Payload 1983/2160 sent successfully. Status Code: 200
2026-06-30 21:27:57,872 - INFO - ThreadPoolExecutor-0_3 - [PROD] Sending payload 1993/2160 | Order Number: V4063008995
2026-06-30 21:27:57,903 - INFO - ThreadPoolExecutor-0_4 - [PROD] Payload 1984/2160 sent successfully. Status Code: 200
2026-06-30 21:27:57,903 - INFO - ThreadPoolExecutor-0_4 - [PROD] Sending payload 1994/2160 | Order Number: V4063008996
2026-06-30 21:27:58,025 - INFO - ThreadPoolExecutor-0_6 - [PROD] Payload 1985/2160 sent successfully. Status Code: 200
2026-06-30 21:27:58,025 - INFO - ThreadPoolExecutor-0_6 - [PROD] Sending payload 1995/2160 | Order Number: V4063008997
2026-06-30 21:27:58,215 - INFO - ThreadPoolExecutor-0_2 - [PROD] Payload 1986/2160 sent successfully. Status Code: 200
2026-06-30 21:27:58,217 - INFO - ThreadPoolExecutor-0_2 - [PROD] Sending payload 1996/2160 | Order Number: V4063008998
2026-06-30 21:27:58,281 - INFO - ThreadPoolExecutor-0_7 - [PROD] Payload 1988/2160 sent successfully. Status Code: 200
2026-06-30 21:27:58,282 - INFO - ThreadPoolExecutor-0_7 - [PROD] Sending payload 1997/2160 | Order Number: V4063008999
2026-06-30 21:27:58,283 - INFO - ThreadPoolExecutor-0_5 - [PROD] Payload 1987/2160 sent successfully. Status Code: 200
2026-06-30 21:27:58,284 - INFO - ThreadPoolExecutor-0_5 - [PROD] Sending payload 1998/2160 | Order Number: V4063009000
2026-06-30 21:27:58,506 - INFO - ThreadPoolExecutor-0_1 - [PROD] Payload 1989/2160 sent successfully. Status Code: 200
2026-06-30 21:27:58,507 - INFO - ThreadPoolExecutor-0_1 - [PROD] Sending payload 1999/2160 | Order Number: V4063009001
2026-06-30 21:27:59,229 - INFO - ThreadPoolExecutor-0_9 - [PROD] Payload 1991/2160 sent successfully. Status Code: 200
2026-06-30 21:27:59,230 - INFO - ThreadPoolExecutor-0_9 - [PROD] Sending payload 2000/2160 | Order Number: V4063009002
2026-06-30 21:27:59,508 - INFO - ThreadPoolExecutor-0_0 - [PROD] Payload 1992/2160 sent successfully. Status Code: 200
2026-06-30 21:27:59,510 - INFO - ThreadPoolExecutor-0_0 - [PROD] Sending payload 2001/2160 | Order Number: V4063009003
2026-06-30 21:27:59,653 - INFO - ThreadPoolExecutor-0_3 - [PROD] Payload 1993/2160 sent successfully. Status Code: 200
2026-06-30 21:27:59,655 - INFO - ThreadPoolExecutor-0_3 - [PROD] Sending payload 2002/2160 | Order Number: V4063009004
2026-06-30 21:27:59,673 - INFO - ThreadPoolExecutor-0_8 - [PROD] Payload 1990/2160 sent successfully. Status Code: 200
2026-06-30 21:27:59,674 - INFO - ThreadPoolExecutor-0_8 - [PROD] Sending payload 2003/2160 | Order Number: V4063009005
2026-06-30 21:27:59,837 - INFO - ThreadPoolExecutor-0_4 - [PROD] Payload 1994/2160 sent successfully. Status Code: 200
2026-06-30 21:27:59,838 - INFO - ThreadPoolExecutor-0_4 - [PROD] Sending payload 2004/2160 | Order Number: V4063009006
2026-06-30 21:27:59,847 - INFO - ThreadPoolExecutor-0_6 - [PROD] Payload 1995/2160 sent successfully. Status Code: 200
2026-06-30 21:27:59,847 - INFO - ThreadPoolExecutor-0_6 - [PROD] Sending payload 2005/2160 | Order Number: V4063009007
2026-06-30 21:28:00,016 - INFO - ThreadPoolExecutor-0_2 - [PROD] Payload 1996/2160 sent successfully. Status Code: 200
2026-06-30 21:28:00,018 - INFO - ThreadPoolExecutor-0_2 - [PROD] Sending payload 2006/2160 | Order Number: V4063009008
2026-06-30 21:28:00,135 - INFO - ThreadPoolExecutor-0_5 - [PROD] Payload 1998/2160 sent successfully. Status Code: 200
2026-06-30 21:28:00,136 - INFO - ThreadPoolExecutor-0_5 - [PROD] Sending payload 2007/2160 | Order Number: V4063009009
2026-06-30 21:28:00,293 - INFO - ThreadPoolExecutor-0_7 - [PROD] Payload 1997/2160 sent successfully. Status Code: 200
2026-06-30 21:28:00,295 - INFO - ThreadPoolExecutor-0_7 - [PROD] Sending payload 2008/2160 | Order Number: V4063009010
2026-06-30 21:28:00,469 - INFO - ThreadPoolExecutor-0_1 - [PROD] Payload 1999/2160 sent successfully. Status Code: 200
2026-06-30 21:28:00,471 - INFO - ThreadPoolExecutor-0_1 - [PROD] Sending payload 2009/2160 | Order Number: V4063009011
2026-06-30 21:28:01,501 - INFO - ThreadPoolExecutor-0_3 - [PROD] Payload 2002/2160 sent successfully. Status Code: 200
2026-06-30 21:28:01,501 - INFO - ThreadPoolExecutor-0_3 - [PROD] Sending payload 2010/2160 | Order Number: V4063009012
2026-06-30 21:28:01,512 - INFO - ThreadPoolExecutor-0_0 - [PROD] Payload 2001/2160 sent successfully. Status Code: 200
2026-06-30 21:28:01,512 - INFO - ThreadPoolExecutor-0_0 - [PROD] Sending payload 2011/2160 | Order Number: V4063009013
2026-06-30 21:28:01,701 - INFO - ThreadPoolExecutor-0_6 - [PROD] Payload 2005/2160 sent successfully. Status Code: 200
2026-06-30 21:28:01,703 - INFO - ThreadPoolExecutor-0_6 - [PROD] Sending payload 2012/2160 | Order Number: V4063009014
2026-06-30 21:28:01,712 - INFO - ThreadPoolExecutor-0_8 - [PROD] Payload 2003/2160 sent successfully. Status Code: 200
2026-06-30 21:28:01,712 - INFO - ThreadPoolExecutor-0_8 - [PROD] Sending payload 2013/2160 | Order Number: V4063009015
2026-06-30 21:28:01,847 - INFO - ThreadPoolExecutor-0_4 - [PROD] Payload 2004/2160 sent successfully. Status Code: 200
2026-06-30 21:28:01,849 - INFO - ThreadPoolExecutor-0_4 - [PROD] Sending payload 2014/2160 | Order Number: V4063009016
2026-06-30 21:28:02,024 - INFO - ThreadPoolExecutor-0_9 - [PROD] Payload 2000/2160 sent successfully. Status Code: 200
2026-06-30 21:28:02,027 - INFO - ThreadPoolExecutor-0_9 - [PROD] Sending payload 2015/2160 | Order Number: V4063009017
2026-06-30 21:28:02,123 - INFO - ThreadPoolExecutor-0_2 - [PROD] Payload 2006/2160 sent successfully. Status Code: 200
2026-06-30 21:28:02,125 - INFO - ThreadPoolExecutor-0_2 - [PROD] Sending payload 2016/2160 | Order Number: V4063009018
2026-06-30 21:28:02,254 - INFO - ThreadPoolExecutor-0_5 - [PROD] Payload 2007/2160 sent successfully. Status Code: 200
2026-06-30 21:28:02,255 - INFO - ThreadPoolExecutor-0_5 - [PROD] Sending payload 2017/2160 | Order Number: V4063009019
2026-06-30 21:28:02,343 - INFO - ThreadPoolExecutor-0_7 - [PROD] Payload 2008/2160 sent successfully. Status Code: 200
2026-06-30 21:28:02,345 - INFO - ThreadPoolExecutor-0_7 - [PROD] Sending payload 2018/2160 | Order Number: V4063009020
2026-06-30 21:28:02,646 - INFO - ThreadPoolExecutor-0_1 - [PROD] Payload 2009/2160 sent successfully. Status Code: 200
2026-06-30 21:28:02,647 - INFO - ThreadPoolExecutor-0_1 - [PROD] Sending payload 2019/2160 | Order Number: V4063009021
2026-06-30 21:28:03,302 - INFO - ThreadPoolExecutor-0_0 - [PROD] Payload 2011/2160 sent successfully. Status Code: 200
2026-06-30 21:28:03,304 - INFO - ThreadPoolExecutor-0_0 - [PROD] Sending payload 2020/2160 | Order Number: V4063009022
2026-06-30 21:28:03,451 - INFO - ThreadPoolExecutor-0_3 - [PROD] Payload 2010/2160 sent successfully. Status Code: 200
2026-06-30 21:28:03,452 - INFO - ThreadPoolExecutor-0_3 - [PROD] Sending payload 2021/2160 | Order Number: V4063009023
2026-06-30 21:28:03,516 - INFO - ThreadPoolExecutor-0_8 - [PROD] Payload 2013/2160 sent successfully. Status Code: 200
2026-06-30 21:28:03,516 - INFO - ThreadPoolExecutor-0_8 - [PROD] Sending payload 2022/2160 | Order Number: V4063009024
2026-06-30 21:28:03,721 - INFO - ThreadPoolExecutor-0_6 - [PROD] Payload 2012/2160 sent successfully. Status Code: 200
2026-06-30 21:28:03,723 - INFO - ThreadPoolExecutor-0_6 - [PROD] Sending payload 2023/2160 | Order Number: V4063009025
2026-06-30 21:28:03,922 - INFO - ThreadPoolExecutor-0_4 - [PROD] Payload 2014/2160 sent successfully. Status Code: 200
2026-06-30 21:28:03,923 - INFO - ThreadPoolExecutor-0_4 - [PROD] Sending payload 2024/2160 | Order Number: V4063009026
2026-06-30 21:28:03,934 - INFO - ThreadPoolExecutor-0_2 - [PROD] Payload 2016/2160 sent successfully. Status Code: 200
2026-06-30 21:28:03,934 - INFO - ThreadPoolExecutor-0_2 - [PROD] Sending payload 2025/2160 | Order Number: V4063009027
2026-06-30 21:28:03,961 - INFO - ThreadPoolExecutor-0_9 - [PROD] Payload 2015/2160 sent successfully. Status Code: 200
2026-06-30 21:28:03,962 - INFO - ThreadPoolExecutor-0_9 - [PROD] Sending payload 2026/2160 | Order Number: V4063009028
2026-06-30 21:28:04,397 - INFO - ThreadPoolExecutor-0_7 - [PROD] Payload 2018/2160 sent successfully. Status Code: 200
2026-06-30 21:28:04,398 - INFO - ThreadPoolExecutor-0_7 - [PROD] Sending payload 2027/2160 | Order Number: V4063009029
2026-06-30 21:28:04,432 - INFO - ThreadPoolExecutor-0_1 - [PROD] Payload 2019/2160 sent successfully. Status Code: 200
2026-06-30 21:28:04,433 - INFO - ThreadPoolExecutor-0_1 - [PROD] Sending payload 2028/2160 | Order Number: V4063009030
2026-06-30 21:28:04,469 - INFO - ThreadPoolExecutor-0_5 - [PROD] Payload 2017/2160 sent successfully. Status Code: 200
2026-06-30 21:28:04,470 - INFO - ThreadPoolExecutor-0_5 - [PROD] Sending payload 2029/2160 | Order Number: V4063009031
2026-06-30 21:28:05,293 - INFO - ThreadPoolExecutor-0_0 - [PROD] Payload 2020/2160 sent successfully. Status Code: 200
2026-06-30 21:28:05,293 - INFO - ThreadPoolExecutor-0_3 - [PROD] Payload 2021/2160 sent successfully. Status Code: 200
2026-06-30 21:28:05,295 - INFO - ThreadPoolExecutor-0_3 - [PROD] Sending payload 2030/2160 | Order Number: V4063009032
2026-06-30 21:28:05,296 - INFO - ThreadPoolExecutor-0_0 - [PROD] Sending payload 2031/2160 | Order Number: V4063009033
2026-06-30 21:28:05,536 - INFO - ThreadPoolExecutor-0_8 - [PROD] Payload 2022/2160 sent successfully. Status Code: 200
2026-06-30 21:28:05,540 - INFO - ThreadPoolExecutor-0_8 - [PROD] Sending payload 2032/2160 | Order Number: V4063009034
2026-06-30 21:28:05,747 - INFO - ThreadPoolExecutor-0_2 - [PROD] Payload 2025/2160 sent successfully. Status Code: 200
2026-06-30 21:28:05,748 - INFO - ThreadPoolExecutor-0_2 - [PROD] Sending payload 2033/2160 | Order Number: V4063009035
2026-06-30 21:28:05,875 - INFO - ThreadPoolExecutor-0_9 - [PROD] Payload 2026/2160 sent successfully. Status Code: 200
2026-06-30 21:28:05,877 - INFO - ThreadPoolExecutor-0_9 - [PROD] Sending payload 2034/2160 | Order Number: V4063009036
2026-06-30 21:28:06,091 - INFO - ThreadPoolExecutor-0_4 - [PROD] Payload 2024/2160 sent successfully. Status Code: 200
2026-06-30 21:28:06,091 - INFO - ThreadPoolExecutor-0_4 - [PROD] Sending payload 2035/2160 | Order Number: V4063009037
2026-06-30 21:28:06,242 - INFO - ThreadPoolExecutor-0_1 - [PROD] Payload 2028/2160 sent successfully. Status Code: 200
2026-06-30 21:28:06,244 - INFO - ThreadPoolExecutor-0_1 - [PROD] Sending payload 2036/2160 | Order Number: V4063009038
2026-06-30 21:28:06,629 - INFO - ThreadPoolExecutor-0_5 - [PROD] Payload 2029/2160 sent successfully. Status Code: 200
2026-06-30 21:28:06,631 - INFO - ThreadPoolExecutor-0_5 - [PROD] Sending payload 2037/2160 | Order Number: V4063009039
2026-06-30 21:28:06,645 - INFO - ThreadPoolExecutor-0_6 - [PROD] Payload 2023/2160 sent successfully. Status Code: 200
2026-06-30 21:28:06,646 - INFO - ThreadPoolExecutor-0_6 - [PROD] Sending payload 2038/2160 | Order Number: V4063009040
2026-06-30 21:28:06,659 - INFO - ThreadPoolExecutor-0_7 - [PROD] Payload 2027/2160 sent successfully. Status Code: 200
2026-06-30 21:28:06,660 - INFO - ThreadPoolExecutor-0_7 - [PROD] Sending payload 2039/2160 | Order Number: V4063009041
2026-06-30 21:28:07,146 - INFO - ThreadPoolExecutor-0_0 - [PROD] Payload 2031/2160 sent successfully. Status Code: 200
2026-06-30 21:28:07,148 - INFO - ThreadPoolExecutor-0_0 - [PROD] Sending payload 2040/2160 | Order Number: V4063009042
2026-06-30 21:28:07,239 - INFO - ThreadPoolExecutor-0_3 - [PROD] Payload 2030/2160 sent successfully. Status Code: 200
2026-06-30 21:28:07,240 - INFO - ThreadPoolExecutor-0_3 - [PROD] Sending payload 2041/2160 | Order Number: V4063009043
2026-06-30 21:28:07,417 - INFO - ThreadPoolExecutor-0_8 - [PROD] Payload 2032/2160 sent successfully. Status Code: 200
2026-06-30 21:28:07,418 - INFO - ThreadPoolExecutor-0_8 - [PROD] Sending payload 2042/2160 | Order Number: V4063009044
2026-06-30 21:28:07,581 - INFO - ThreadPoolExecutor-0_2 - [PROD] Payload 2033/2160 sent successfully. Status Code: 200
2026-06-30 21:28:07,582 - INFO - ThreadPoolExecutor-0_2 - [PROD] Sending payload 2043/2160 | Order Number: V4063009045
2026-06-30 21:28:07,736 - INFO - ThreadPoolExecutor-0_9 - [PROD] Payload 2034/2160 sent successfully. Status Code: 200
2026-06-30 21:28:07,736 - INFO - ThreadPoolExecutor-0_9 - [PROD] Sending payload 2044/2160 | Order Number: V4063009046
2026-06-30 21:28:07,893 - INFO - ThreadPoolExecutor-0_4 - [PROD] Payload 2035/2160 sent successfully. Status Code: 200
2026-06-30 21:28:07,893 - INFO - ThreadPoolExecutor-0_4 - [PROD] Sending payload 2045/2160 | Order Number: V4063009047
2026-06-30 21:28:08,072 - INFO - ThreadPoolExecutor-0_1 - [PROD] Payload 2036/2160 sent successfully. Status Code: 200
2026-06-30 21:28:08,072 - INFO - ThreadPoolExecutor-0_1 - [PROD] Sending payload 2046/2160 | Order Number: V4063009048
2026-06-30 21:28:08,467 - INFO - ThreadPoolExecutor-0_5 - [PROD] Payload 2037/2160 sent successfully. Status Code: 200
2026-06-30 21:28:08,469 - INFO - ThreadPoolExecutor-0_5 - [PROD] Sending payload 2047/2160 | Order Number: V4063009049
2026-06-30 21:28:08,574 - INFO - ThreadPoolExecutor-0_7 - [PROD] Payload 2039/2160 sent successfully. Status Code: 200
2026-06-30 21:28:08,574 - INFO - ThreadPoolExecutor-0_7 - [PROD] Sending payload 2048/2160 | Order Number: V4063009050
2026-06-30 21:28:08,669 - INFO - ThreadPoolExecutor-0_6 - [PROD] Payload 2038/2160 sent successfully. Status Code: 200
2026-06-30 21:28:08,671 - INFO - ThreadPoolExecutor-0_6 - [PROD] Sending payload 2049/2160 | Order Number: V4063009051
2026-06-30 21:28:08,939 - INFO - ThreadPoolExecutor-0_0 - [PROD] Payload 2040/2160 sent successfully. Status Code: 200
2026-06-30 21:28:08,939 - INFO - ThreadPoolExecutor-0_0 - [PROD] Sending payload 2050/2160 | Order Number: V4063009052
2026-06-30 21:28:09,083 - INFO - ThreadPoolExecutor-0_3 - [PROD] Payload 2041/2160 sent successfully. Status Code: 200
2026-06-30 21:28:09,083 - INFO - ThreadPoolExecutor-0_3 - [PROD] Sending payload 2051/2160 | Order Number: V4063009053
2026-06-30 21:28:09,350 - INFO - ThreadPoolExecutor-0_8 - [PROD] Payload 2042/2160 sent successfully. Status Code: 200
2026-06-30 21:28:09,353 - INFO - ThreadPoolExecutor-0_8 - [PROD] Sending payload 2052/2160 | Order Number: V4063009054
2026-06-30 21:28:09,548 - INFO - ThreadPoolExecutor-0_9 - [PROD] Payload 2044/2160 sent successfully. Status Code: 200
2026-06-30 21:28:09,550 - INFO - ThreadPoolExecutor-0_9 - [PROD] Sending payload 2053/2160 | Order Number: V4063009055
2026-06-30 21:28:09,733 - INFO - ThreadPoolExecutor-0_4 - [PROD] Payload 2045/2160 sent successfully. Status Code: 200
2026-06-30 21:28:09,735 - INFO - ThreadPoolExecutor-0_4 - [PROD] Sending payload 2054/2160 | Order Number: V4063009056
2026-06-30 21:28:09,939 - INFO - ThreadPoolExecutor-0_1 - [PROD] Payload 2046/2160 sent successfully. Status Code: 200
2026-06-30 21:28:09,939 - INFO - ThreadPoolExecutor-0_1 - [PROD] Sending payload 2055/2160 | Order Number: V4063009057
2026-06-30 21:28:10,088 - INFO - ThreadPoolExecutor-0_2 - [PROD] Payload 2043/2160 sent successfully. Status Code: 200
2026-06-30 21:28:10,089 - INFO - ThreadPoolExecutor-0_2 - [PROD] Sending payload 2056/2160 | Order Number: V4063009058
2026-06-30 21:28:10,352 - INFO - ThreadPoolExecutor-0_5 - [PROD] Payload 2047/2160 sent successfully. Status Code: 200
2026-06-30 21:28:10,352 - INFO - ThreadPoolExecutor-0_5 - [PROD] Sending payload 2057/2160 | Order Number: V4063009059
2026-06-30 21:28:10,474 - INFO - ThreadPoolExecutor-0_7 - [PROD] Payload 2048/2160 sent successfully. Status Code: 200
2026-06-30 21:28:10,475 - INFO - ThreadPoolExecutor-0_7 - [PROD] Sending payload 2058/2160 | Order Number: V4063009060
2026-06-30 21:28:10,555 - INFO - ThreadPoolExecutor-0_6 - [PROD] Payload 2049/2160 sent successfully. Status Code: 200
2026-06-30 21:28:10,557 - INFO - ThreadPoolExecutor-0_6 - [PROD] Sending payload 2059/2160 | Order Number: V4063009061
2026-06-30 21:28:10,745 - INFO - ThreadPoolExecutor-0_0 - [PROD] Payload 2050/2160 sent successfully. Status Code: 200
2026-06-30 21:28:10,745 - INFO - ThreadPoolExecutor-0_0 - [PROD] Sending payload 2060/2160 | Order Number: V4063009062
2026-06-30 21:28:11,015 - INFO - ThreadPoolExecutor-0_3 - [PROD] Payload 2051/2160 sent successfully. Status Code: 200
2026-06-30 21:28:11,016 - INFO - ThreadPoolExecutor-0_3 - [PROD] Sending payload 2061/2160 | Order Number: V4063009063
2026-06-30 21:28:11,166 - INFO - ThreadPoolExecutor-0_8 - [PROD] Payload 2052/2160 sent successfully. Status Code: 200
2026-06-30 21:28:11,168 - INFO - ThreadPoolExecutor-0_8 - [PROD] Sending payload 2062/2160 | Order Number: V4063009064
2026-06-30 21:28:11,357 - INFO - ThreadPoolExecutor-0_9 - [PROD] Payload 2053/2160 sent successfully. Status Code: 200
2026-06-30 21:28:11,359 - INFO - ThreadPoolExecutor-0_9 - [PROD] Sending payload 2063/2160 | Order Number: V4063009065
2026-06-30 21:28:11,606 - INFO - ThreadPoolExecutor-0_4 - [PROD] Payload 2054/2160 sent successfully. Status Code: 200
2026-06-30 21:28:11,607 - INFO - ThreadPoolExecutor-0_4 - [PROD] Sending payload 2064/2160 | Order Number: V4063009066
2026-06-30 21:28:11,793 - INFO - ThreadPoolExecutor-0_1 - [PROD] Payload 2055/2160 sent successfully. Status Code: 200
2026-06-30 21:28:11,795 - INFO - ThreadPoolExecutor-0_1 - [PROD] Sending payload 2065/2160 | Order Number: V4063009067
2026-06-30 21:28:11,924 - INFO - ThreadPoolExecutor-0_2 - [PROD] Payload 2056/2160 sent successfully. Status Code: 200
2026-06-30 21:28:11,926 - INFO - ThreadPoolExecutor-0_2 - [PROD] Sending payload 2066/2160 | Order Number: V4063009068
2026-06-30 21:28:12,280 - INFO - ThreadPoolExecutor-0_5 - [PROD] Payload 2057/2160 sent successfully. Status Code: 200
2026-06-30 21:28:12,281 - INFO - ThreadPoolExecutor-0_5 - [PROD] Sending payload 2067/2160 | Order Number: V4063009069
2026-06-30 21:28:12,300 - INFO - ThreadPoolExecutor-0_7 - [PROD] Payload 2058/2160 sent successfully. Status Code: 200
2026-06-30 21:28:12,301 - INFO - ThreadPoolExecutor-0_7 - [PROD] Sending payload 2068/2160 | Order Number: V4063009070
2026-06-30 21:28:12,356 - INFO - ThreadPoolExecutor-0_6 - [PROD] Payload 2059/2160 sent successfully. Status Code: 200
2026-06-30 21:28:12,357 - INFO - ThreadPoolExecutor-0_6 - [PROD] Sending payload 2069/2160 | Order Number: V4063009071
2026-06-30 21:28:12,573 - INFO - ThreadPoolExecutor-0_0 - [PROD] Payload 2060/2160 sent successfully. Status Code: 200
2026-06-30 21:28:12,575 - INFO - ThreadPoolExecutor-0_0 - [PROD] Sending payload 2070/2160 | Order Number: V4063009072
2026-06-30 21:28:12,869 - INFO - ThreadPoolExecutor-0_3 - [PROD] Payload 2061/2160 sent successfully. Status Code: 200
2026-06-30 21:28:12,871 - INFO - ThreadPoolExecutor-0_3 - [PROD] Sending payload 2071/2160 | Order Number: V4063009073
2026-06-30 21:28:13,066 - INFO - ThreadPoolExecutor-0_8 - [PROD] Payload 2062/2160 sent successfully. Status Code: 200
2026-06-30 21:28:13,066 - INFO - ThreadPoolExecutor-0_8 - [PROD] Sending payload 2072/2160 | Order Number: V4063009074
2026-06-30 21:28:13,193 - INFO - ThreadPoolExecutor-0_9 - [PROD] Payload 2063/2160 sent successfully. Status Code: 200
2026-06-30 21:28:13,195 - INFO - ThreadPoolExecutor-0_9 - [PROD] Sending payload 2073/2160 | Order Number: V4063009075
2026-06-30 21:28:13,481 - INFO - ThreadPoolExecutor-0_4 - [PROD] Payload 2064/2160 sent successfully. Status Code: 200
2026-06-30 21:28:13,481 - INFO - ThreadPoolExecutor-0_4 - [PROD] Sending payload 2074/2160 | Order Number: V4063009076
2026-06-30 21:28:13,571 - INFO - ThreadPoolExecutor-0_1 - [PROD] Payload 2065/2160 sent successfully. Status Code: 200
2026-06-30 21:28:13,573 - INFO - ThreadPoolExecutor-0_1 - [PROD] Sending payload 2075/2160 | Order Number: V4063009077
2026-06-30 21:28:13,738 - INFO - ThreadPoolExecutor-0_2 - [PROD] Payload 2066/2160 sent successfully. Status Code: 200
2026-06-30 21:28:13,740 - INFO - ThreadPoolExecutor-0_2 - [PROD] Sending payload 2076/2160 | Order Number: V4063009078
2026-06-30 21:28:14,114 - INFO - ThreadPoolExecutor-0_7 - [PROD] Payload 2068/2160 sent successfully. Status Code: 200
2026-06-30 21:28:14,116 - INFO - ThreadPoolExecutor-0_7 - [PROD] Sending payload 2077/2160 | Order Number: V4063009079
2026-06-30 21:28:14,153 - INFO - ThreadPoolExecutor-0_6 - [PROD] Payload 2069/2160 sent successfully. Status Code: 200
2026-06-30 21:28:14,153 - INFO - ThreadPoolExecutor-0_6 - [PROD] Sending payload 2078/2160 | Order Number: V4063009080
2026-06-30 21:28:14,160 - INFO - ThreadPoolExecutor-0_5 - [PROD] Payload 2067/2160 sent successfully. Status Code: 200
2026-06-30 21:28:14,160 - INFO - ThreadPoolExecutor-0_5 - [PROD] Sending payload 2079/2160 | Order Number: V4063009081
2026-06-30 21:28:14,568 - INFO - ThreadPoolExecutor-0_0 - [PROD] Payload 2070/2160 sent successfully. Status Code: 200
2026-06-30 21:28:14,570 - INFO - ThreadPoolExecutor-0_0 - [PROD] Sending payload 2080/2160 | Order Number: V4063009082
2026-06-30 21:28:14,672 - INFO - ThreadPoolExecutor-0_3 - [PROD] Payload 2071/2160 sent successfully. Status Code: 200
2026-06-30 21:28:14,673 - INFO - ThreadPoolExecutor-0_3 - [PROD] Sending payload 2081/2160 | Order Number: V4063009083
2026-06-30 21:28:15,008 - INFO - ThreadPoolExecutor-0_9 - [PROD] Payload 2073/2160 sent successfully. Status Code: 200
2026-06-30 21:28:15,010 - INFO - ThreadPoolExecutor-0_9 - [PROD] Sending payload 2082/2160 | Order Number: V4063009084
2026-06-30 21:28:15,078 - INFO - ThreadPoolExecutor-0_8 - [PROD] Payload 2072/2160 sent successfully. Status Code: 200
2026-06-30 21:28:15,079 - INFO - ThreadPoolExecutor-0_8 - [PROD] Sending payload 2083/2160 | Order Number: V4063009085
2026-06-30 21:28:15,251 - INFO - ThreadPoolExecutor-0_4 - [PROD] Payload 2074/2160 sent successfully. Status Code: 200
2026-06-30 21:28:15,253 - INFO - ThreadPoolExecutor-0_4 - [PROD] Sending payload 2084/2160 | Order Number: V4063009086
2026-06-30 21:28:15,439 - INFO - ThreadPoolExecutor-0_1 - [PROD] Payload 2075/2160 sent successfully. Status Code: 200
2026-06-30 21:28:15,440 - INFO - ThreadPoolExecutor-0_1 - [PROD] Sending payload 2085/2160 | Order Number: V4063009087
2026-06-30 21:28:15,617 - INFO - ThreadPoolExecutor-0_2 - [PROD] Payload 2076/2160 sent successfully. Status Code: 200
2026-06-30 21:28:15,619 - INFO - ThreadPoolExecutor-0_2 - [PROD] Sending payload 2086/2160 | Order Number: V4063009088
2026-06-30 21:28:15,890 - INFO - ThreadPoolExecutor-0_7 - [PROD] Payload 2077/2160 sent successfully. Status Code: 200
2026-06-30 21:28:15,891 - INFO - ThreadPoolExecutor-0_7 - [PROD] Sending payload 2087/2160 | Order Number: V4063009089
2026-06-30 21:28:16,002 - INFO - ThreadPoolExecutor-0_5 - [PROD] Payload 2079/2160 sent successfully. Status Code: 200
2026-06-30 21:28:16,004 - INFO - ThreadPoolExecutor-0_5 - [PROD] Sending payload 2088/2160 | Order Number: V4063009090
2026-06-30 21:28:16,056 - INFO - ThreadPoolExecutor-0_6 - [PROD] Payload 2078/2160 sent successfully. Status Code: 200
2026-06-30 21:28:16,057 - INFO - ThreadPoolExecutor-0_6 - [PROD] Sending payload 2089/2160 | Order Number: V4063009091
2026-06-30 21:28:16,413 - INFO - ThreadPoolExecutor-0_0 - [PROD] Payload 2080/2160 sent successfully. Status Code: 200
2026-06-30 21:28:16,415 - INFO - ThreadPoolExecutor-0_0 - [PROD] Sending payload 2090/2160 | Order Number: V4063009092
2026-06-30 21:28:16,453 - INFO - ThreadPoolExecutor-0_3 - [PROD] Payload 2081/2160 sent successfully. Status Code: 200
2026-06-30 21:28:16,453 - INFO - ThreadPoolExecutor-0_3 - [PROD] Sending payload 2091/2160 | Order Number: V4063009093
2026-06-30 21:28:16,897 - INFO - ThreadPoolExecutor-0_9 - [PROD] Payload 2082/2160 sent successfully. Status Code: 200
2026-06-30 21:28:16,899 - INFO - ThreadPoolExecutor-0_9 - [PROD] Sending payload 2092/2160 | Order Number: V4063009094
2026-06-30 21:28:16,901 - INFO - ThreadPoolExecutor-0_8 - [PROD] Payload 2083/2160 sent successfully. Status Code: 200
2026-06-30 21:28:16,902 - INFO - ThreadPoolExecutor-0_8 - [PROD] Sending payload 2093/2160 | Order Number: V4063009095
2026-06-30 21:28:17,246 - INFO - ThreadPoolExecutor-0_4 - [PROD] Payload 2084/2160 sent successfully. Status Code: 200
2026-06-30 21:28:17,248 - INFO - ThreadPoolExecutor-0_4 - [PROD] Sending payload 2094/2160 | Order Number: V4063009096
2026-06-30 21:28:17,260 - INFO - ThreadPoolExecutor-0_1 - [PROD] Payload 2085/2160 sent successfully. Status Code: 200
2026-06-30 21:28:17,261 - INFO - ThreadPoolExecutor-0_1 - [PROD] Sending payload 2095/2160 | Order Number: V4063009097
2026-06-30 21:28:17,412 - INFO - ThreadPoolExecutor-0_2 - [PROD] Payload 2086/2160 sent successfully. Status Code: 200
2026-06-30 21:28:17,414 - INFO - ThreadPoolExecutor-0_2 - [PROD] Sending payload 2096/2160 | Order Number: V4063009098
2026-06-30 21:28:17,760 - INFO - ThreadPoolExecutor-0_7 - [PROD] Payload 2087/2160 sent successfully. Status Code: 200
2026-06-30 21:28:17,761 - INFO - ThreadPoolExecutor-0_7 - [PROD] Sending payload 2097/2160 | Order Number: V4063009099
2026-06-30 21:28:17,867 - INFO - ThreadPoolExecutor-0_5 - [PROD] Payload 2088/2160 sent successfully. Status Code: 200
2026-06-30 21:28:17,868 - INFO - ThreadPoolExecutor-0_6 - [PROD] Payload 2089/2160 sent successfully. Status Code: 200
2026-06-30 21:28:17,869 - INFO - ThreadPoolExecutor-0_5 - [PROD] Sending payload 2098/2160 | Order Number: V4063009100
2026-06-30 21:28:17,869 - INFO - ThreadPoolExecutor-0_6 - [PROD] Sending payload 2099/2160 | Order Number: V4063009101
2026-06-30 21:28:18,190 - INFO - ThreadPoolExecutor-0_0 - [PROD] Payload 2090/2160 sent successfully. Status Code: 200
2026-06-30 21:28:18,191 - INFO - ThreadPoolExecutor-0_0 - [PROD] Sending payload 2100/2160 | Order Number: V4063009102
2026-06-30 21:28:18,321 - INFO - ThreadPoolExecutor-0_3 - [PROD] Payload 2091/2160 sent successfully. Status Code: 200
2026-06-30 21:28:18,321 - INFO - ThreadPoolExecutor-0_3 - [PROD] Sending payload 2101/2160 | Order Number: V4063009103
2026-06-30 21:28:18,699 - INFO - ThreadPoolExecutor-0_8 - [PROD] Payload 2093/2160 sent successfully. Status Code: 200
2026-06-30 21:28:18,700 - INFO - ThreadPoolExecutor-0_8 - [PROD] Sending payload 2102/2160 | Order Number: V4063009104
2026-06-30 21:28:18,754 - INFO - ThreadPoolExecutor-0_9 - [PROD] Payload 2092/2160 sent successfully. Status Code: 200
2026-06-30 21:28:18,754 - INFO - ThreadPoolExecutor-0_9 - [PROD] Sending payload 2103/2160 | Order Number: V4063009105
2026-06-30 21:28:19,076 - INFO - ThreadPoolExecutor-0_1 - [PROD] Payload 2095/2160 sent successfully. Status Code: 200
2026-06-30 21:28:19,078 - INFO - ThreadPoolExecutor-0_1 - [PROD] Sending payload 2104/2160 | Order Number: V4063009106
2026-06-30 21:28:19,175 - INFO - ThreadPoolExecutor-0_4 - [PROD] Payload 2094/2160 sent successfully. Status Code: 200
2026-06-30 21:28:19,176 - INFO - ThreadPoolExecutor-0_4 - [PROD] Sending payload 2105/2160 | Order Number: V4063009107
2026-06-30 21:28:19,309 - INFO - ThreadPoolExecutor-0_2 - [PROD] Payload 2096/2160 sent successfully. Status Code: 200
2026-06-30 21:28:19,310 - INFO - ThreadPoolExecutor-0_2 - [PROD] Sending payload 2106/2160 | Order Number: V4063009108
2026-06-30 21:28:19,567 - INFO - ThreadPoolExecutor-0_7 - [PROD] Payload 2097/2160 sent successfully. Status Code: 200
2026-06-30 21:28:19,569 - INFO - ThreadPoolExecutor-0_7 - [PROD] Sending payload 2107/2160 | Order Number: V4063009109
2026-06-30 21:28:19,739 - INFO - ThreadPoolExecutor-0_5 - [PROD] Payload 2098/2160 sent successfully. Status Code: 200
2026-06-30 21:28:19,741 - INFO - ThreadPoolExecutor-0_5 - [PROD] Sending payload 2108/2160 | Order Number: V4063009110
2026-06-30 21:28:19,847 - INFO - ThreadPoolExecutor-0_6 - [PROD] Payload 2099/2160 sent successfully. Status Code: 200
2026-06-30 21:28:19,849 - INFO - ThreadPoolExecutor-0_6 - [PROD] Sending payload 2109/2160 | Order Number: V4063009111
2026-06-30 21:28:20,017 - INFO - ThreadPoolExecutor-0_0 - [PROD] Payload 2100/2160 sent successfully. Status Code: 200
2026-06-30 21:28:20,020 - INFO - ThreadPoolExecutor-0_0 - [PROD] Sending payload 2110/2160 | Order Number: V4063009112
2026-06-30 21:28:20,491 - INFO - ThreadPoolExecutor-0_8 - [PROD] Payload 2102/2160 sent successfully. Status Code: 200
2026-06-30 21:28:20,493 - INFO - ThreadPoolExecutor-0_8 - [PROD] Sending payload 2111/2160 | Order Number: V4063009113
2026-06-30 21:28:20,578 - INFO - ThreadPoolExecutor-0_9 - [PROD] Payload 2103/2160 sent successfully. Status Code: 200
2026-06-30 21:28:20,579 - INFO - ThreadPoolExecutor-0_9 - [PROD] Sending payload 2112/2160 | Order Number: V4063009114
2026-06-30 21:28:20,683 - INFO - ThreadPoolExecutor-0_3 - [PROD] Payload 2101/2160 sent successfully. Status Code: 200
2026-06-30 21:28:20,685 - INFO - ThreadPoolExecutor-0_3 - [PROD] Sending payload 2113/2160 | Order Number: V4063009115
2026-06-30 21:28:20,879 - INFO - ThreadPoolExecutor-0_1 - [PROD] Payload 2104/2160 sent successfully. Status Code: 200
2026-06-30 21:28:20,881 - INFO - ThreadPoolExecutor-0_1 - [PROD] Sending payload 2114/2160 | Order Number: V4063009116
2026-06-30 21:28:21,114 - INFO - ThreadPoolExecutor-0_4 - [PROD] Payload 2105/2160 sent successfully. Status Code: 200
2026-06-30 21:28:21,116 - INFO - ThreadPoolExecutor-0_4 - [PROD] Sending payload 2115/2160 | Order Number: V4063009117
2026-06-30 21:28:21,171 - INFO - ThreadPoolExecutor-0_2 - [PROD] Payload 2106/2160 sent successfully. Status Code: 200
2026-06-30 21:28:21,172 - INFO - ThreadPoolExecutor-0_2 - [PROD] Sending payload 2116/2160 | Order Number: V4063009118
2026-06-30 21:28:21,395 - INFO - ThreadPoolExecutor-0_7 - [PROD] Payload 2107/2160 sent successfully. Status Code: 200
2026-06-30 21:28:21,397 - INFO - ThreadPoolExecutor-0_7 - [PROD] Sending payload 2117/2160 | Order Number: V4063009119
2026-06-30 21:28:21,595 - INFO - ThreadPoolExecutor-0_5 - [PROD] Payload 2108/2160 sent successfully. Status Code: 200
2026-06-30 21:28:21,596 - INFO - ThreadPoolExecutor-0_5 - [PROD] Sending payload 2118/2160 | Order Number: V4063009120
2026-06-30 21:28:21,771 - INFO - ThreadPoolExecutor-0_6 - [PROD] Payload 2109/2160 sent successfully. Status Code: 200
2026-06-30 21:28:21,772 - INFO - ThreadPoolExecutor-0_6 - [PROD] Sending payload 2119/2160 | Order Number: V4063009121
2026-06-30 21:28:21,839 - INFO - ThreadPoolExecutor-0_0 - [PROD] Payload 2110/2160 sent successfully. Status Code: 200
2026-06-30 21:28:21,839 - INFO - ThreadPoolExecutor-0_0 - [PROD] Sending payload 2120/2160 | Order Number: V4063009122
2026-06-30 21:28:22,277 - INFO - ThreadPoolExecutor-0_8 - [PROD] Payload 2111/2160 sent successfully. Status Code: 200
2026-06-30 21:28:22,279 - INFO - ThreadPoolExecutor-0_8 - [PROD] Sending payload 2121/2160 | Order Number: V4063009123
2026-06-30 21:28:22,457 - INFO - ThreadPoolExecutor-0_9 - [PROD] Payload 2112/2160 sent successfully. Status Code: 200
2026-06-30 21:28:22,459 - INFO - ThreadPoolExecutor-0_9 - [PROD] Sending payload 2122/2160 | Order Number: V4063009124
2026-06-30 21:28:22,667 - INFO - ThreadPoolExecutor-0_3 - [PROD] Payload 2113/2160 sent successfully. Status Code: 200
2026-06-30 21:28:22,669 - INFO - ThreadPoolExecutor-0_3 - [PROD] Sending payload 2123/2160 | Order Number: V4063009125
2026-06-30 21:28:22,725 - INFO - ThreadPoolExecutor-0_1 - [PROD] Payload 2114/2160 sent successfully. Status Code: 200
2026-06-30 21:28:22,725 - INFO - ThreadPoolExecutor-0_1 - [PROD] Sending payload 2124/2160 | Order Number: V4063009126
2026-06-30 21:28:22,963 - INFO - ThreadPoolExecutor-0_4 - [PROD] Payload 2115/2160 sent successfully. Status Code: 200
2026-06-30 21:28:22,964 - INFO - ThreadPoolExecutor-0_4 - [PROD] Sending payload 2125/2160 | Order Number: V4063009127
2026-06-30 21:28:22,991 - INFO - ThreadPoolExecutor-0_2 - [PROD] Payload 2116/2160 sent successfully. Status Code: 200
2026-06-30 21:28:22,991 - INFO - ThreadPoolExecutor-0_2 - [PROD] Sending payload 2126/2160 | Order Number: V4063009128
2026-06-30 21:28:23,290 - INFO - ThreadPoolExecutor-0_7 - [PROD] Payload 2117/2160 sent successfully. Status Code: 200
2026-06-30 21:28:23,291 - INFO - ThreadPoolExecutor-0_7 - [PROD] Sending payload 2127/2160 | Order Number: V4063009129
2026-06-30 21:28:23,402 - INFO - ThreadPoolExecutor-0_5 - [PROD] Payload 2118/2160 sent successfully. Status Code: 200
2026-06-30 21:28:23,404 - INFO - ThreadPoolExecutor-0_5 - [PROD] Sending payload 2128/2160 | Order Number: V4063009130
2026-06-30 21:28:23,644 - INFO - ThreadPoolExecutor-0_6 - [PROD] Payload 2119/2160 sent successfully. Status Code: 200
2026-06-30 21:28:23,646 - INFO - ThreadPoolExecutor-0_6 - [PROD] Sending payload 2129/2160 | Order Number: V4063009131
2026-06-30 21:28:23,703 - INFO - ThreadPoolExecutor-0_0 - [PROD] Payload 2120/2160 sent successfully. Status Code: 200
2026-06-30 21:28:23,706 - INFO - ThreadPoolExecutor-0_0 - [PROD] Sending payload 2130/2160 | Order Number: V4063009132
2026-06-30 21:28:24,099 - INFO - ThreadPoolExecutor-0_8 - [PROD] Payload 2121/2160 sent successfully. Status Code: 200
2026-06-30 21:28:24,101 - INFO - ThreadPoolExecutor-0_8 - [PROD] Sending payload 2131/2160 | Order Number: V4063009133
2026-06-30 21:28:24,263 - INFO - ThreadPoolExecutor-0_9 - [PROD] Payload 2122/2160 sent successfully. Status Code: 200
2026-06-30 21:28:24,265 - INFO - ThreadPoolExecutor-0_9 - [PROD] Sending payload 2132/2160 | Order Number: V4063009134
2026-06-30 21:28:24,494 - INFO - ThreadPoolExecutor-0_3 - [PROD] Payload 2123/2160 sent successfully. Status Code: 200
2026-06-30 21:28:24,496 - INFO - ThreadPoolExecutor-0_3 - [PROD] Sending payload 2133/2160 | Order Number: V4063009135
2026-06-30 21:28:24,575 - INFO - ThreadPoolExecutor-0_1 - [PROD] Payload 2124/2160 sent successfully. Status Code: 200
2026-06-30 21:28:24,576 - INFO - ThreadPoolExecutor-0_1 - [PROD] Sending payload 2134/2160 | Order Number: V4063009136
2026-06-30 21:28:24,764 - INFO - ThreadPoolExecutor-0_4 - [PROD] Payload 2125/2160 sent successfully. Status Code: 200
2026-06-30 21:28:24,767 - INFO - ThreadPoolExecutor-0_4 - [PROD] Sending payload 2135/2160 | Order Number: V4063009137
2026-06-30 21:28:24,819 - INFO - ThreadPoolExecutor-0_2 - [PROD] Payload 2126/2160 sent successfully. Status Code: 200
2026-06-30 21:28:24,819 - INFO - ThreadPoolExecutor-0_2 - [PROD] Sending payload 2136/2160 | Order Number: V4063009138
2026-06-30 21:28:25,112 - INFO - ThreadPoolExecutor-0_7 - [PROD] Payload 2127/2160 sent successfully. Status Code: 200
2026-06-30 21:28:25,114 - INFO - ThreadPoolExecutor-0_7 - [PROD] Sending payload 2137/2160 | Order Number: V4063009139
2026-06-30 21:28:25,234 - INFO - ThreadPoolExecutor-0_5 - [PROD] Payload 2128/2160 sent successfully. Status Code: 200
2026-06-30 21:28:25,236 - INFO - ThreadPoolExecutor-0_5 - [PROD] Sending payload 2138/2160 | Order Number: V4063009140
2026-06-30 21:28:25,595 - INFO - ThreadPoolExecutor-0_0 - [PROD] Payload 2130/2160 sent successfully. Status Code: 200
2026-06-30 21:28:25,597 - INFO - ThreadPoolExecutor-0_0 - [PROD] Sending payload 2139/2160 | Order Number: V4063009141
2026-06-30 21:28:25,688 - INFO - ThreadPoolExecutor-0_6 - [PROD] Payload 2129/2160 sent successfully. Status Code: 200
2026-06-30 21:28:25,689 - INFO - ThreadPoolExecutor-0_6 - [PROD] Sending payload 2140/2160 | Order Number: V4063009142
2026-06-30 21:28:25,940 - INFO - ThreadPoolExecutor-0_8 - [PROD] Payload 2131/2160 sent successfully. Status Code: 200
2026-06-30 21:28:25,942 - INFO - ThreadPoolExecutor-0_8 - [PROD] Sending payload 2141/2160 | Order Number: V4063009143
2026-06-30 21:28:26,076 - INFO - ThreadPoolExecutor-0_9 - [PROD] Payload 2132/2160 sent successfully. Status Code: 200
2026-06-30 21:28:26,077 - INFO - ThreadPoolExecutor-0_9 - [PROD] Sending payload 2142/2160 | Order Number: V4063009144
2026-06-30 21:28:26,412 - INFO - ThreadPoolExecutor-0_3 - [PROD] Payload 2133/2160 sent successfully. Status Code: 200
2026-06-30 21:28:26,414 - INFO - ThreadPoolExecutor-0_3 - [PROD] Sending payload 2143/2160 | Order Number: V4063009145
2026-06-30 21:28:26,538 - INFO - ThreadPoolExecutor-0_1 - [PROD] Payload 2134/2160 sent successfully. Status Code: 200
2026-06-30 21:28:26,539 - INFO - ThreadPoolExecutor-0_1 - [PROD] Sending payload 2144/2160 | Order Number: V4063009146
2026-06-30 21:28:26,615 - INFO - ThreadPoolExecutor-0_2 - [PROD] Payload 2136/2160 sent successfully. Status Code: 200
2026-06-30 21:28:26,617 - INFO - ThreadPoolExecutor-0_2 - [PROD] Sending payload 2145/2160 | Order Number: V4063009147
2026-06-30 21:28:26,808 - INFO - ThreadPoolExecutor-0_4 - [PROD] Payload 2135/2160 sent successfully. Status Code: 200
2026-06-30 21:28:26,810 - INFO - ThreadPoolExecutor-0_4 - [PROD] Sending payload 2146/2160 | Order Number: V4063009148
2026-06-30 21:28:26,888 - INFO - ThreadPoolExecutor-0_7 - [PROD] Payload 2137/2160 sent successfully. Status Code: 200
2026-06-30 21:28:26,889 - INFO - ThreadPoolExecutor-0_7 - [PROD] Sending payload 2147/2160 | Order Number: V4063009149
2026-06-30 21:28:27,068 - INFO - ThreadPoolExecutor-0_5 - [PROD] Payload 2138/2160 sent successfully. Status Code: 200
2026-06-30 21:28:27,069 - INFO - ThreadPoolExecutor-0_5 - [PROD] Sending payload 2148/2160 | Order Number: V4063009150
2026-06-30 21:28:27,551 - INFO - ThreadPoolExecutor-0_6 - [PROD] Payload 2140/2160 sent successfully. Status Code: 200
2026-06-30 21:28:27,553 - INFO - ThreadPoolExecutor-0_6 - [PROD] Sending payload 2149/2160 | Order Number: V4063009151
2026-06-30 21:28:27,556 - INFO - ThreadPoolExecutor-0_0 - [PROD] Payload 2139/2160 sent successfully. Status Code: 200
2026-06-30 21:28:27,556 - INFO - ThreadPoolExecutor-0_0 - [PROD] Sending payload 2150/2160 | Order Number: V4063009152
2026-06-30 21:28:27,782 - INFO - ThreadPoolExecutor-0_8 - [PROD] Payload 2141/2160 sent successfully. Status Code: 200
2026-06-30 21:28:27,783 - INFO - ThreadPoolExecutor-0_8 - [PROD] Sending payload 2151/2160 | Order Number: V4063009153
2026-06-30 21:28:28,015 - INFO - ThreadPoolExecutor-0_9 - [PROD] Payload 2142/2160 sent successfully. Status Code: 200
2026-06-30 21:28:28,017 - INFO - ThreadPoolExecutor-0_9 - [PROD] Sending payload 2152/2160 | Order Number: V4063009154
2026-06-30 21:28:28,283 - INFO - ThreadPoolExecutor-0_3 - [PROD] Payload 2143/2160 sent successfully. Status Code: 200
2026-06-30 21:28:28,285 - INFO - ThreadPoolExecutor-0_3 - [PROD] Sending payload 2153/2160 | Order Number: V4063009155
2026-06-30 21:28:28,324 - INFO - ThreadPoolExecutor-0_1 - [PROD] Payload 2144/2160 sent successfully. Status Code: 200
2026-06-30 21:28:28,325 - INFO - ThreadPoolExecutor-0_1 - [PROD] Sending payload 2154/2160 | Order Number: V4063009156
2026-06-30 21:28:28,476 - INFO - ThreadPoolExecutor-0_2 - [PROD] Payload 2145/2160 sent successfully. Status Code: 200
2026-06-30 21:28:28,477 - INFO - ThreadPoolExecutor-0_2 - [PROD] Sending payload 2155/2160 | Order Number: V4063009157
2026-06-30 21:28:28,676 - INFO - ThreadPoolExecutor-0_7 - [PROD] Payload 2147/2160 sent successfully. Status Code: 200
2026-06-30 21:28:28,677 - INFO - ThreadPoolExecutor-0_7 - [PROD] Sending payload 2156/2160 | Order Number: V4063009158
2026-06-30 21:28:28,745 - INFO - ThreadPoolExecutor-0_4 - [PROD] Payload 2146/2160 sent successfully. Status Code: 200
2026-06-30 21:28:28,745 - INFO - ThreadPoolExecutor-0_4 - [PROD] Sending payload 2157/2160 | Order Number: V4063009159
2026-06-30 21:28:28,977 - INFO - ThreadPoolExecutor-0_5 - [PROD] Payload 2148/2160 sent successfully. Status Code: 200
2026-06-30 21:28:28,979 - INFO - ThreadPoolExecutor-0_5 - [PROD] Sending payload 2158/2160 | Order Number: V4063009160
2026-06-30 21:28:29,380 - INFO - ThreadPoolExecutor-0_0 - [PROD] Payload 2150/2160 sent successfully. Status Code: 200
2026-06-30 21:28:29,382 - INFO - ThreadPoolExecutor-0_0 - [PROD] Sending payload 2159/2160 | Order Number: V4063009161
2026-06-30 21:28:29,468 - INFO - ThreadPoolExecutor-0_6 - [PROD] Payload 2149/2160 sent successfully. Status Code: 200
2026-06-30 21:28:29,470 - INFO - ThreadPoolExecutor-0_6 - [PROD] Sending payload 2160/2160 | Order Number: V4063009162
2026-06-30 21:28:29,578 - INFO - ThreadPoolExecutor-0_8 - [PROD] Payload 2151/2160 sent successfully. Status Code: 200
2026-06-30 21:28:29,823 - INFO - ThreadPoolExecutor-0_9 - [PROD] Payload 2152/2160 sent successfully. Status Code: 200
2026-06-30 21:28:30,104 - INFO - ThreadPoolExecutor-0_3 - [PROD] Payload 2153/2160 sent successfully. Status Code: 200
2026-06-30 21:28:30,197 - INFO - ThreadPoolExecutor-0_1 - [PROD] Payload 2154/2160 sent successfully. Status Code: 200
2026-06-30 21:28:30,420 - INFO - ThreadPoolExecutor-0_2 - [PROD] Payload 2155/2160 sent successfully. Status Code: 200
2026-06-30 21:28:30,528 - INFO - ThreadPoolExecutor-0_7 - [PROD] Payload 2156/2160 sent successfully. Status Code: 200
2026-06-30 21:28:30,532 - INFO - ThreadPoolExecutor-0_4 - [PROD] Payload 2157/2160 sent successfully. Status Code: 200
2026-06-30 21:28:30,804 - INFO - ThreadPoolExecutor-0_5 - [PROD] Payload 2158/2160 sent successfully. Status Code: 200
2026-06-30 21:28:31,199 - INFO - ThreadPoolExecutor-0_0 - [PROD] Payload 2159/2160 sent successfully. Status Code: 200
2026-06-30 21:28:31,283 - INFO - ThreadPoolExecutor-0_6 - [PROD] Payload 2160/2160 sent successfully. Status Code: 200
2026-06-30 21:28:31,286 - INFO - MainThread - Completed order creation. Success: 2159, Failed: 1, Total: 2160
