2026-06-30 20:29:36,678 - INFO - MainThread - Execution log file: /Users/vgana3/Documents/GitHub/Nike/J30/Outbound/logs/FR_Order_Creation_Prod_Multithread_20260630_202936_674095.log
2026-06-30 20:29:36,986 - INFO - MainThread - Sheets found in '/Users/vgana3/Documents/GitHub/Nike/J30/Input_files/Outbound_Worksheet.xlsx': ['CreateOrder', 'Parent_Order', 'BackUp', 'TranLog', 'MHE_Journal', 'OriginalOrderInput', 'CreateShipment', 'MasterData', 'MasterInput', 'Shipment_ID', 'Item_info', 'B2B_SUB_HUB']
2026-06-30 20:29:37,153 - INFO - MainThread - Successfully extracted 659 data row(s) for processing.
2026-06-30 20:29:37,153 - INFO - MainThread - Processing Excel Row 1
2026-06-30 20:29:37,157 - INFO - MainThread - Order: V4063003002
2026-06-30 20:29:37,157 - INFO - MainThread - Processing Excel Row 2
2026-06-30 20:29:37,160 - INFO - MainThread - Order: V4063003003
2026-06-30 20:29:37,160 - INFO - MainThread - Processing Excel Row 3
2026-06-30 20:29:37,163 - INFO - MainThread - Order: V4063003004
2026-06-30 20:29:37,163 - INFO - MainThread - Processing Excel Row 4
2026-06-30 20:29:37,169 - INFO - MainThread - Order: V4063003005
2026-06-30 20:29:37,169 - INFO - MainThread - Processing Excel Row 5
2026-06-30 20:29:37,171 - INFO - MainThread - Order: V4063003006
2026-06-30 20:29:37,171 - INFO - MainThread - Processing Excel Row 6
2026-06-30 20:29:37,174 - INFO - MainThread - Order: V4063003007
2026-06-30 20:29:37,174 - INFO - MainThread - Processing Excel Row 7
2026-06-30 20:29:37,181 - INFO - MainThread - Order: V4063003008
2026-06-30 20:29:37,181 - INFO - MainThread - Processing Excel Row 8
2026-06-30 20:29:37,185 - INFO - MainThread - Order: V4063003009
2026-06-30 20:29:37,185 - INFO - MainThread - Processing Excel Row 9
2026-06-30 20:29:37,188 - INFO - MainThread - Order: V4063003010
2026-06-30 20:29:37,188 - INFO - MainThread - Processing Excel Row 10
2026-06-30 20:29:37,191 - INFO - MainThread - Order: V4063003011
2026-06-30 20:29:37,191 - INFO - MainThread - Processing Excel Row 11
2026-06-30 20:29:37,193 - INFO - MainThread - Order: V4063003012
2026-06-30 20:29:37,193 - INFO - MainThread - Processing Excel Row 12
2026-06-30 20:29:37,195 - INFO - MainThread - Order: V4063003013
2026-06-30 20:29:37,195 - INFO - MainThread - Processing Excel Row 13
2026-06-30 20:29:37,198 - INFO - MainThread - Order: V4063003014
2026-06-30 20:29:37,198 - INFO - MainThread - Processing Excel Row 14
2026-06-30 20:29:37,200 - INFO - MainThread - Order: V4063003015
2026-06-30 20:29:37,201 - INFO - MainThread - Processing Excel Row 15
2026-06-30 20:29:37,203 - INFO - MainThread - Order: V4063003016
2026-06-30 20:29:37,203 - INFO - MainThread - Processing Excel Row 16
2026-06-30 20:29:37,205 - INFO - MainThread - Order: V4063003017
2026-06-30 20:29:37,205 - INFO - MainThread - Processing Excel Row 17
2026-06-30 20:29:37,207 - INFO - MainThread - Order: V4063003018
2026-06-30 20:29:37,207 - INFO - MainThread - Processing Excel Row 18
2026-06-30 20:29:37,209 - INFO - MainThread - Order: V4063003019
2026-06-30 20:29:37,209 - INFO - MainThread - Processing Excel Row 19
2026-06-30 20:29:37,210 - INFO - MainThread - Order: V4063003020
2026-06-30 20:29:37,210 - INFO - MainThread - Processing Excel Row 20
2026-06-30 20:29:37,211 - INFO - MainThread - Order: V4063003021
2026-06-30 20:29:37,211 - INFO - MainThread - Processing Excel Row 21
2026-06-30 20:29:37,213 - INFO - MainThread - Order: V4063003022
2026-06-30 20:29:37,213 - INFO - MainThread - Processing Excel Row 22
2026-06-30 20:29:37,215 - INFO - MainThread - Order: V4063003023
2026-06-30 20:29:37,215 - INFO - MainThread - Processing Excel Row 23
2026-06-30 20:29:37,217 - INFO - MainThread - Order: V4063003024
2026-06-30 20:29:37,218 - INFO - MainThread - Processing Excel Row 24
2026-06-30 20:29:37,220 - INFO - MainThread - Order: V4063003025
2026-06-30 20:29:37,220 - INFO - MainThread - Processing Excel Row 25
2026-06-30 20:29:37,222 - INFO - MainThread - Order: V4063003026
2026-06-30 20:29:37,222 - INFO - MainThread - Processing Excel Row 26
2026-06-30 20:29:37,224 - INFO - MainThread - Order: V4063003027
2026-06-30 20:29:37,224 - INFO - MainThread - Processing Excel Row 27
2026-06-30 20:29:37,226 - INFO - MainThread - Order: V4063003028
2026-06-30 20:29:37,226 - INFO - MainThread - Processing Excel Row 28
2026-06-30 20:29:37,228 - INFO - MainThread - Order: V4063003029
2026-06-30 20:29:37,228 - INFO - MainThread - Processing Excel Row 29
2026-06-30 20:29:37,231 - INFO - MainThread - Order: V4063003030
2026-06-30 20:29:37,231 - INFO - MainThread - Processing Excel Row 30
2026-06-30 20:29:37,233 - INFO - MainThread - Order: V4063003031
2026-06-30 20:29:37,233 - INFO - MainThread - Processing Excel Row 31
2026-06-30 20:29:37,234 - INFO - MainThread - Order: V4063003032
2026-06-30 20:29:37,235 - INFO - MainThread - Processing Excel Row 32
2026-06-30 20:29:37,236 - INFO - MainThread - Order: V4063003033
2026-06-30 20:29:37,236 - INFO - MainThread - Processing Excel Row 33
2026-06-30 20:29:37,238 - INFO - MainThread - Order: V4063003034
2026-06-30 20:29:37,239 - INFO - MainThread - Processing Excel Row 34
2026-06-30 20:29:37,241 - INFO - MainThread - Order: V4063003035
2026-06-30 20:29:37,241 - INFO - MainThread - Processing Excel Row 35
2026-06-30 20:29:37,243 - INFO - MainThread - Order: V4063003036
2026-06-30 20:29:37,243 - INFO - MainThread - Processing Excel Row 36
2026-06-30 20:29:37,244 - INFO - MainThread - Order: V4063003037
2026-06-30 20:29:37,244 - INFO - MainThread - Processing Excel Row 37
2026-06-30 20:29:37,246 - INFO - MainThread - Order: V4063003038
2026-06-30 20:29:37,246 - INFO - MainThread - Processing Excel Row 38
2026-06-30 20:29:37,248 - INFO - MainThread - Order: V4063003039
2026-06-30 20:29:37,248 - INFO - MainThread - Processing Excel Row 39
2026-06-30 20:29:37,250 - INFO - MainThread - Order: V4063003040
2026-06-30 20:29:37,250 - INFO - MainThread - Processing Excel Row 40
2026-06-30 20:29:37,253 - INFO - MainThread - Order: V4063003041
2026-06-30 20:29:37,253 - INFO - MainThread - Processing Excel Row 41
2026-06-30 20:29:37,254 - INFO - MainThread - Order: V4063003042
2026-06-30 20:29:37,254 - INFO - MainThread - Processing Excel Row 42
2026-06-30 20:29:37,255 - INFO - MainThread - Order: V4063003043
2026-06-30 20:29:37,255 - INFO - MainThread - Processing Excel Row 43
2026-06-30 20:29:37,256 - INFO - MainThread - Order: V4063003044
2026-06-30 20:29:37,256 - INFO - MainThread - Processing Excel Row 44
2026-06-30 20:29:37,257 - INFO - MainThread - Order: V4063003045
2026-06-30 20:29:37,257 - INFO - MainThread - Processing Excel Row 45
2026-06-30 20:29:37,259 - INFO - MainThread - Order: V4063003046
2026-06-30 20:29:37,259 - INFO - MainThread - Processing Excel Row 46
2026-06-30 20:29:37,260 - INFO - MainThread - Order: V4063003047
2026-06-30 20:29:37,260 - INFO - MainThread - Processing Excel Row 47
2026-06-30 20:29:37,261 - INFO - MainThread - Order: V4063003048
2026-06-30 20:29:37,261 - INFO - MainThread - Processing Excel Row 48
2026-06-30 20:29:37,262 - INFO - MainThread - Order: V4063003049
2026-06-30 20:29:37,262 - INFO - MainThread - Processing Excel Row 49
2026-06-30 20:29:37,263 - INFO - MainThread - Order: V4063003050
2026-06-30 20:29:37,263 - INFO - MainThread - Processing Excel Row 50
2026-06-30 20:29:37,264 - INFO - MainThread - Order: V4063003051
2026-06-30 20:29:37,264 - INFO - MainThread - Processing Excel Row 51
2026-06-30 20:29:37,265 - INFO - MainThread - Order: V4063003052
2026-06-30 20:29:37,265 - INFO - MainThread - Processing Excel Row 52
2026-06-30 20:29:37,266 - INFO - MainThread - Order: V4063003053
2026-06-30 20:29:37,266 - INFO - MainThread - Processing Excel Row 53
2026-06-30 20:29:37,268 - INFO - MainThread - Order: V4063003054
2026-06-30 20:29:37,268 - INFO - MainThread - Processing Excel Row 54
2026-06-30 20:29:37,269 - INFO - MainThread - Order: V4063003055
2026-06-30 20:29:37,269 - INFO - MainThread - Processing Excel Row 55
2026-06-30 20:29:37,270 - INFO - MainThread - Order: V4063003056
2026-06-30 20:29:37,270 - INFO - MainThread - Processing Excel Row 56
2026-06-30 20:29:37,271 - INFO - MainThread - Order: V4063003057
2026-06-30 20:29:37,271 - INFO - MainThread - Processing Excel Row 57
2026-06-30 20:29:37,272 - INFO - MainThread - Order: V4063003058
2026-06-30 20:29:37,272 - INFO - MainThread - Processing Excel Row 58
2026-06-30 20:29:37,272 - INFO - MainThread - Order: V4063003059
2026-06-30 20:29:37,272 - INFO - MainThread - Processing Excel Row 59
2026-06-30 20:29:37,273 - INFO - MainThread - Order: V4063003060
2026-06-30 20:29:37,273 - INFO - MainThread - Processing Excel Row 60
2026-06-30 20:29:37,274 - INFO - MainThread - Order: V4063003061
2026-06-30 20:29:37,274 - INFO - MainThread - Processing Excel Row 61
2026-06-30 20:29:37,276 - INFO - MainThread - Order: V4063003062
2026-06-30 20:29:37,276 - INFO - MainThread - Processing Excel Row 62
2026-06-30 20:29:37,277 - INFO - MainThread - Order: V4063003063
2026-06-30 20:29:37,277 - INFO - MainThread - Processing Excel Row 63
2026-06-30 20:29:37,278 - INFO - MainThread - Order: V4063003064
2026-06-30 20:29:37,278 - INFO - MainThread - Processing Excel Row 64
2026-06-30 20:29:37,279 - INFO - MainThread - Order: V4063003065
2026-06-30 20:29:37,279 - INFO - MainThread - Processing Excel Row 65
2026-06-30 20:29:37,280 - INFO - MainThread - Order: V4063003066
2026-06-30 20:29:37,280 - INFO - MainThread - Processing Excel Row 66
2026-06-30 20:29:37,282 - INFO - MainThread - Order: V4063003067
2026-06-30 20:29:37,282 - INFO - MainThread - Processing Excel Row 67
2026-06-30 20:29:37,283 - INFO - MainThread - Order: V4063003068
2026-06-30 20:29:37,283 - INFO - MainThread - Processing Excel Row 68
2026-06-30 20:29:37,284 - INFO - MainThread - Order: V4063003069
2026-06-30 20:29:37,284 - INFO - MainThread - Processing Excel Row 69
2026-06-30 20:29:37,285 - INFO - MainThread - Order: V4063003070
2026-06-30 20:29:37,285 - INFO - MainThread - Processing Excel Row 70
2026-06-30 20:29:37,287 - INFO - MainThread - Order: V4063003071
2026-06-30 20:29:37,287 - INFO - MainThread - Processing Excel Row 71
2026-06-30 20:29:37,288 - INFO - MainThread - Order: V4063003072
2026-06-30 20:29:37,288 - INFO - MainThread - Processing Excel Row 72
2026-06-30 20:29:37,289 - INFO - MainThread - Order: V4063003073
2026-06-30 20:29:37,289 - INFO - MainThread - Processing Excel Row 73
2026-06-30 20:29:37,290 - INFO - MainThread - Order: V4063003074
2026-06-30 20:29:37,290 - INFO - MainThread - Processing Excel Row 74
2026-06-30 20:29:37,291 - INFO - MainThread - Order: V4063003075
2026-06-30 20:29:37,291 - INFO - MainThread - Processing Excel Row 75
2026-06-30 20:29:37,295 - INFO - MainThread - Order: V4063003076
2026-06-30 20:29:37,296 - INFO - MainThread - Processing Excel Row 76
2026-06-30 20:29:37,299 - INFO - MainThread - Order: V4063003077
2026-06-30 20:29:37,299 - INFO - MainThread - Processing Excel Row 77
2026-06-30 20:29:37,300 - INFO - MainThread - Order: V4063003078
2026-06-30 20:29:37,301 - INFO - MainThread - Processing Excel Row 78
2026-06-30 20:29:37,304 - INFO - MainThread - Order: V4063003079
2026-06-30 20:29:37,304 - INFO - MainThread - Processing Excel Row 79
2026-06-30 20:29:37,306 - INFO - MainThread - Order: V4063003080
2026-06-30 20:29:37,306 - INFO - MainThread - Processing Excel Row 80
2026-06-30 20:29:37,307 - INFO - MainThread - Order: V4063003081
2026-06-30 20:29:37,307 - INFO - MainThread - Processing Excel Row 81
2026-06-30 20:29:37,309 - INFO - MainThread - Order: V4063003082
2026-06-30 20:29:37,309 - INFO - MainThread - Processing Excel Row 82
2026-06-30 20:29:37,311 - INFO - MainThread - Order: V4063003083
2026-06-30 20:29:37,311 - INFO - MainThread - Processing Excel Row 83
2026-06-30 20:29:37,313 - INFO - MainThread - Order: V4063003084
2026-06-30 20:29:37,313 - INFO - MainThread - Processing Excel Row 84
2026-06-30 20:29:37,314 - INFO - MainThread - Order: V4063003085
2026-06-30 20:29:37,314 - INFO - MainThread - Processing Excel Row 85
2026-06-30 20:29:37,315 - INFO - MainThread - Order: V4063003086
2026-06-30 20:29:37,315 - INFO - MainThread - Processing Excel Row 86
2026-06-30 20:29:37,317 - INFO - MainThread - Order: V4063003087
2026-06-30 20:29:37,318 - INFO - MainThread - Processing Excel Row 87
2026-06-30 20:29:37,319 - INFO - MainThread - Order: V4063003088
2026-06-30 20:29:37,319 - INFO - MainThread - Processing Excel Row 88
2026-06-30 20:29:37,321 - INFO - MainThread - Order: V4063003089
2026-06-30 20:29:37,321 - INFO - MainThread - Processing Excel Row 89
2026-06-30 20:29:37,324 - INFO - MainThread - Order: V4063003090
2026-06-30 20:29:37,324 - INFO - MainThread - Processing Excel Row 90
2026-06-30 20:29:37,326 - INFO - MainThread - Order: V4063003091
2026-06-30 20:29:37,326 - INFO - MainThread - Processing Excel Row 91
2026-06-30 20:29:37,327 - INFO - MainThread - Order: V4063003092
2026-06-30 20:29:37,327 - INFO - MainThread - Processing Excel Row 92
2026-06-30 20:29:37,328 - INFO - MainThread - Order: V4063003093
2026-06-30 20:29:37,328 - INFO - MainThread - Processing Excel Row 93
2026-06-30 20:29:37,329 - INFO - MainThread - Order: V4063003094
2026-06-30 20:29:37,329 - INFO - MainThread - Processing Excel Row 94
2026-06-30 20:29:37,331 - INFO - MainThread - Order: V4063003095
2026-06-30 20:29:37,331 - INFO - MainThread - Processing Excel Row 95
2026-06-30 20:29:37,332 - INFO - MainThread - Order: V4063003096
2026-06-30 20:29:37,332 - INFO - MainThread - Processing Excel Row 96
2026-06-30 20:29:37,333 - INFO - MainThread - Order: V4063003097
2026-06-30 20:29:37,333 - INFO - MainThread - Processing Excel Row 97
2026-06-30 20:29:37,335 - INFO - MainThread - Order: V4063003098
2026-06-30 20:29:37,335 - INFO - MainThread - Processing Excel Row 98
2026-06-30 20:29:37,336 - INFO - MainThread - Order: V4063003099
2026-06-30 20:29:37,336 - INFO - MainThread - Processing Excel Row 99
2026-06-30 20:29:37,337 - INFO - MainThread - Order: V4063003100
2026-06-30 20:29:37,337 - INFO - MainThread - Processing Excel Row 100
2026-06-30 20:29:37,338 - INFO - MainThread - Order: V4063003101
2026-06-30 20:29:37,338 - INFO - MainThread - Processing Excel Row 101
2026-06-30 20:29:37,339 - INFO - MainThread - Order: V4063003102
2026-06-30 20:29:37,339 - INFO - MainThread - Processing Excel Row 102
2026-06-30 20:29:37,340 - INFO - MainThread - Order: V4063003103
2026-06-30 20:29:37,340 - INFO - MainThread - Processing Excel Row 103
2026-06-30 20:29:37,341 - INFO - MainThread - Order: V4063003104
2026-06-30 20:29:37,341 - INFO - MainThread - Processing Excel Row 104
2026-06-30 20:29:37,342 - INFO - MainThread - Order: V4063003105
2026-06-30 20:29:37,342 - INFO - MainThread - Processing Excel Row 105
2026-06-30 20:29:37,344 - INFO - MainThread - Order: V4063003106
2026-06-30 20:29:37,344 - INFO - MainThread - Processing Excel Row 106
2026-06-30 20:29:37,345 - INFO - MainThread - Order: V4063003107
2026-06-30 20:29:37,346 - INFO - MainThread - Processing Excel Row 107
2026-06-30 20:29:37,347 - INFO - MainThread - Order: V4063003108
2026-06-30 20:29:37,348 - INFO - MainThread - Processing Excel Row 108
2026-06-30 20:29:37,349 - INFO - MainThread - Order: V4063003109
2026-06-30 20:29:37,349 - INFO - MainThread - Processing Excel Row 109
2026-06-30 20:29:37,351 - INFO - MainThread - Order: V4063003110
2026-06-30 20:29:37,351 - INFO - MainThread - Processing Excel Row 110
2026-06-30 20:29:37,353 - INFO - MainThread - Order: V4063003111
2026-06-30 20:29:37,353 - INFO - MainThread - Processing Excel Row 111
2026-06-30 20:29:37,359 - INFO - MainThread - Order: V4063003112
2026-06-30 20:29:37,359 - INFO - MainThread - Processing Excel Row 112
2026-06-30 20:29:37,361 - INFO - MainThread - Order: V4063003113
2026-06-30 20:29:37,362 - INFO - MainThread - Processing Excel Row 113
2026-06-30 20:29:37,363 - INFO - MainThread - Order: V4063003114
2026-06-30 20:29:37,363 - INFO - MainThread - Processing Excel Row 114
2026-06-30 20:29:37,364 - INFO - MainThread - Order: V4063003115
2026-06-30 20:29:37,364 - INFO - MainThread - Processing Excel Row 115
2026-06-30 20:29:37,365 - INFO - MainThread - Order: V4063003116
2026-06-30 20:29:37,366 - INFO - MainThread - Processing Excel Row 116
2026-06-30 20:29:37,367 - INFO - MainThread - Order: V4063003117
2026-06-30 20:29:37,367 - INFO - MainThread - Processing Excel Row 117
2026-06-30 20:29:37,370 - INFO - MainThread - Order: V4063003118
2026-06-30 20:29:37,370 - INFO - MainThread - Processing Excel Row 118
2026-06-30 20:29:37,372 - INFO - MainThread - Order: V4063003119
2026-06-30 20:29:37,372 - INFO - MainThread - Processing Excel Row 119
2026-06-30 20:29:37,373 - INFO - MainThread - Order: V4063003120
2026-06-30 20:29:37,373 - INFO - MainThread - Processing Excel Row 120
2026-06-30 20:29:37,375 - INFO - MainThread - Order: V4063003121
2026-06-30 20:29:37,375 - INFO - MainThread - Processing Excel Row 121
2026-06-30 20:29:37,376 - INFO - MainThread - Order: V4063003122
2026-06-30 20:29:37,376 - INFO - MainThread - Processing Excel Row 122
2026-06-30 20:29:37,377 - INFO - MainThread - Order: V4063003123
2026-06-30 20:29:37,377 - INFO - MainThread - Processing Excel Row 123
2026-06-30 20:29:37,378 - INFO - MainThread - Order: V4063003124
2026-06-30 20:29:37,378 - INFO - MainThread - Processing Excel Row 124
2026-06-30 20:29:37,379 - INFO - MainThread - Order: V4063003125
2026-06-30 20:29:37,379 - INFO - MainThread - Processing Excel Row 125
2026-06-30 20:29:37,380 - INFO - MainThread - Order: V4063003126
2026-06-30 20:29:37,380 - INFO - MainThread - Processing Excel Row 126
2026-06-30 20:29:37,381 - INFO - MainThread - Order: V4063003127
2026-06-30 20:29:37,381 - INFO - MainThread - Processing Excel Row 127
2026-06-30 20:29:37,382 - INFO - MainThread - Order: V4063003128
2026-06-30 20:29:37,382 - INFO - MainThread - Processing Excel Row 128
2026-06-30 20:29:37,390 - INFO - MainThread - Order: V4063003129
2026-06-30 20:29:37,391 - INFO - MainThread - Processing Excel Row 129
2026-06-30 20:29:37,409 - INFO - MainThread - Order: V4063003130
2026-06-30 20:29:37,438 - INFO - MainThread - Processing Excel Row 130
2026-06-30 20:29:37,456 - INFO - MainThread - Order: V4063003131
2026-06-30 20:29:37,456 - INFO - MainThread - Processing Excel Row 131
2026-06-30 20:29:37,458 - INFO - MainThread - Order: V4063003132
2026-06-30 20:29:37,458 - INFO - MainThread - Processing Excel Row 132
2026-06-30 20:29:37,459 - INFO - MainThread - Order: V4063003133
2026-06-30 20:29:37,459 - INFO - MainThread - Processing Excel Row 133
2026-06-30 20:29:37,461 - INFO - MainThread - Order: V4063003134
2026-06-30 20:29:37,461 - INFO - MainThread - Processing Excel Row 134
2026-06-30 20:29:37,462 - INFO - MainThread - Order: V4063003135
2026-06-30 20:29:37,463 - INFO - MainThread - Processing Excel Row 135
2026-06-30 20:29:37,464 - INFO - MainThread - Order: V4063003136
2026-06-30 20:29:37,464 - INFO - MainThread - Processing Excel Row 136
2026-06-30 20:29:37,465 - INFO - MainThread - Order: V4063003137
2026-06-30 20:29:37,465 - INFO - MainThread - Processing Excel Row 137
2026-06-30 20:29:37,467 - INFO - MainThread - Order: V4063003138
2026-06-30 20:29:37,467 - INFO - MainThread - Processing Excel Row 138
2026-06-30 20:29:37,471 - INFO - MainThread - Order: V4063003139
2026-06-30 20:29:37,471 - INFO - MainThread - Processing Excel Row 139
2026-06-30 20:29:37,479 - INFO - MainThread - Order: V4063003140
2026-06-30 20:29:37,480 - INFO - MainThread - Processing Excel Row 140
2026-06-30 20:29:37,481 - INFO - MainThread - Order: V4063003141
2026-06-30 20:29:37,481 - INFO - MainThread - Processing Excel Row 141
2026-06-30 20:29:37,483 - INFO - MainThread - Order: V4063003142
2026-06-30 20:29:37,483 - INFO - MainThread - Processing Excel Row 142
2026-06-30 20:29:37,484 - INFO - MainThread - Order: V4063003143
2026-06-30 20:29:37,484 - INFO - MainThread - Processing Excel Row 143
2026-06-30 20:29:37,485 - INFO - MainThread - Order: V4063003144
2026-06-30 20:29:37,485 - INFO - MainThread - Processing Excel Row 144
2026-06-30 20:29:37,486 - INFO - MainThread - Order: V4063003145
2026-06-30 20:29:37,486 - INFO - MainThread - Processing Excel Row 145
2026-06-30 20:29:37,487 - INFO - MainThread - Order: V4063003146
2026-06-30 20:29:37,487 - INFO - MainThread - Processing Excel Row 146
2026-06-30 20:29:37,488 - INFO - MainThread - Order: V4063003147
2026-06-30 20:29:37,488 - INFO - MainThread - Processing Excel Row 147
2026-06-30 20:29:37,489 - INFO - MainThread - Order: V4063003148
2026-06-30 20:29:37,489 - INFO - MainThread - Processing Excel Row 148
2026-06-30 20:29:37,490 - INFO - MainThread - Order: V4063003149
2026-06-30 20:29:37,490 - INFO - MainThread - Processing Excel Row 149
2026-06-30 20:29:37,491 - INFO - MainThread - Order: V4063003150
2026-06-30 20:29:37,491 - INFO - MainThread - Processing Excel Row 150
2026-06-30 20:29:37,492 - INFO - MainThread - Order: V4063003151
2026-06-30 20:29:37,492 - INFO - MainThread - Processing Excel Row 151
2026-06-30 20:29:37,493 - INFO - MainThread - Order: V4063003152
2026-06-30 20:29:37,493 - INFO - MainThread - Processing Excel Row 152
2026-06-30 20:29:37,494 - INFO - MainThread - Order: V4063003153
2026-06-30 20:29:37,494 - INFO - MainThread - Processing Excel Row 153
2026-06-30 20:29:37,495 - INFO - MainThread - Order: V4063003154
2026-06-30 20:29:37,495 - INFO - MainThread - Processing Excel Row 154
2026-06-30 20:29:37,496 - INFO - MainThread - Order: V4063003155
2026-06-30 20:29:37,496 - INFO - MainThread - Processing Excel Row 155
2026-06-30 20:29:37,497 - INFO - MainThread - Order: V4063003156
2026-06-30 20:29:37,497 - INFO - MainThread - Processing Excel Row 156
2026-06-30 20:29:37,498 - INFO - MainThread - Order: V4063003157
2026-06-30 20:29:37,498 - INFO - MainThread - Processing Excel Row 157
2026-06-30 20:29:37,499 - INFO - MainThread - Order: V4063003158
2026-06-30 20:29:37,499 - INFO - MainThread - Processing Excel Row 158
2026-06-30 20:29:37,500 - INFO - MainThread - Order: V4063003159
2026-06-30 20:29:37,500 - INFO - MainThread - Processing Excel Row 159
2026-06-30 20:29:37,501 - INFO - MainThread - Order: V4063003160
2026-06-30 20:29:37,501 - INFO - MainThread - Processing Excel Row 160
2026-06-30 20:29:37,502 - INFO - MainThread - Order: V4063003161
2026-06-30 20:29:37,502 - INFO - MainThread - Processing Excel Row 161
2026-06-30 20:29:37,503 - INFO - MainThread - Order: V4063003162
2026-06-30 20:29:37,503 - INFO - MainThread - Processing Excel Row 162
2026-06-30 20:29:37,504 - INFO - MainThread - Order: V4063003163
2026-06-30 20:29:37,505 - INFO - MainThread - Processing Excel Row 163
2026-06-30 20:29:37,506 - INFO - MainThread - Order: V4063003164
2026-06-30 20:29:37,506 - INFO - MainThread - Processing Excel Row 164
2026-06-30 20:29:37,507 - INFO - MainThread - Order: V4063003165
2026-06-30 20:29:37,507 - INFO - MainThread - Processing Excel Row 165
2026-06-30 20:29:37,508 - INFO - MainThread - Order: V4063003166
2026-06-30 20:29:37,508 - INFO - MainThread - Processing Excel Row 166
2026-06-30 20:29:37,509 - INFO - MainThread - Order: V4063003167
2026-06-30 20:29:37,509 - INFO - MainThread - Processing Excel Row 167
2026-06-30 20:29:37,510 - INFO - MainThread - Order: V4063003168
2026-06-30 20:29:37,510 - INFO - MainThread - Processing Excel Row 168
2026-06-30 20:29:37,511 - INFO - MainThread - Order: V4063003169
2026-06-30 20:29:37,511 - INFO - MainThread - Processing Excel Row 169
2026-06-30 20:29:37,512 - INFO - MainThread - Order: V4063003170
2026-06-30 20:29:37,512 - INFO - MainThread - Processing Excel Row 170
2026-06-30 20:29:37,513 - INFO - MainThread - Order: V4063003171
2026-06-30 20:29:37,513 - INFO - MainThread - Processing Excel Row 171
2026-06-30 20:29:37,514 - INFO - MainThread - Order: V4063003172
2026-06-30 20:29:37,514 - INFO - MainThread - Processing Excel Row 172
2026-06-30 20:29:37,515 - INFO - MainThread - Order: V4063003173
2026-06-30 20:29:37,515 - INFO - MainThread - Processing Excel Row 173
2026-06-30 20:29:37,516 - INFO - MainThread - Order: V4063003174
2026-06-30 20:29:37,516 - INFO - MainThread - Processing Excel Row 174
2026-06-30 20:29:37,517 - INFO - MainThread - Order: V4063003175
2026-06-30 20:29:37,517 - INFO - MainThread - Processing Excel Row 175
2026-06-30 20:29:37,518 - INFO - MainThread - Order: V4063003176
2026-06-30 20:29:37,518 - INFO - MainThread - Processing Excel Row 176
2026-06-30 20:29:37,519 - INFO - MainThread - Order: V4063003177
2026-06-30 20:29:37,519 - INFO - MainThread - Processing Excel Row 177
2026-06-30 20:29:37,520 - INFO - MainThread - Order: V4063003178
2026-06-30 20:29:37,520 - INFO - MainThread - Processing Excel Row 178
2026-06-30 20:29:37,521 - INFO - MainThread - Order: V4063003179
2026-06-30 20:29:37,521 - INFO - MainThread - Processing Excel Row 179
2026-06-30 20:29:37,522 - INFO - MainThread - Order: V4063003180
2026-06-30 20:29:37,522 - INFO - MainThread - Processing Excel Row 180
2026-06-30 20:29:37,523 - INFO - MainThread - Order: V4063003181
2026-06-30 20:29:37,523 - INFO - MainThread - Processing Excel Row 181
2026-06-30 20:29:37,524 - INFO - MainThread - Order: V4063003182
2026-06-30 20:29:37,524 - INFO - MainThread - Processing Excel Row 182
2026-06-30 20:29:37,525 - INFO - MainThread - Order: V4063003183
2026-06-30 20:29:37,526 - INFO - MainThread - Processing Excel Row 183
2026-06-30 20:29:37,527 - INFO - MainThread - Order: V4063003184
2026-06-30 20:29:37,527 - INFO - MainThread - Processing Excel Row 184
2026-06-30 20:29:37,528 - INFO - MainThread - Order: V4063003185
2026-06-30 20:29:37,528 - INFO - MainThread - Processing Excel Row 185
2026-06-30 20:29:37,529 - INFO - MainThread - Order: V4063003186
2026-06-30 20:29:37,529 - INFO - MainThread - Processing Excel Row 186
2026-06-30 20:29:37,530 - INFO - MainThread - Order: V4063003187
2026-06-30 20:29:37,530 - INFO - MainThread - Processing Excel Row 187
2026-06-30 20:29:37,531 - INFO - MainThread - Order: V4063003188
2026-06-30 20:29:37,531 - INFO - MainThread - Processing Excel Row 188
2026-06-30 20:29:37,532 - INFO - MainThread - Order: V4063003189
2026-06-30 20:29:37,532 - INFO - MainThread - Processing Excel Row 189
2026-06-30 20:29:37,533 - INFO - MainThread - Order: V4063003190
2026-06-30 20:29:37,533 - INFO - MainThread - Processing Excel Row 190
2026-06-30 20:29:37,534 - INFO - MainThread - Order: V4063003191
2026-06-30 20:29:37,534 - INFO - MainThread - Processing Excel Row 191
2026-06-30 20:29:37,535 - INFO - MainThread - Order: V4063003192
2026-06-30 20:29:37,535 - INFO - MainThread - Processing Excel Row 192
2026-06-30 20:29:37,536 - INFO - MainThread - Order: V4063003193
2026-06-30 20:29:37,536 - INFO - MainThread - Processing Excel Row 193
2026-06-30 20:29:37,537 - INFO - MainThread - Order: V4063003194
2026-06-30 20:29:37,537 - INFO - MainThread - Processing Excel Row 194
2026-06-30 20:29:37,538 - INFO - MainThread - Order: V4063003195
2026-06-30 20:29:37,538 - INFO - MainThread - Processing Excel Row 195
2026-06-30 20:29:37,539 - INFO - MainThread - Order: V4063003196
2026-06-30 20:29:37,539 - INFO - MainThread - Processing Excel Row 196
2026-06-30 20:29:37,540 - INFO - MainThread - Order: V4063003197
2026-06-30 20:29:37,540 - INFO - MainThread - Processing Excel Row 197
2026-06-30 20:29:37,540 - INFO - MainThread - Order: V4063003198
2026-06-30 20:29:37,541 - INFO - MainThread - Processing Excel Row 198
2026-06-30 20:29:37,542 - INFO - MainThread - Order: V4063003199
2026-06-30 20:29:37,542 - INFO - MainThread - Processing Excel Row 199
2026-06-30 20:29:37,543 - INFO - MainThread - Order: V4063003200
2026-06-30 20:29:37,543 - INFO - MainThread - Processing Excel Row 200
2026-06-30 20:29:37,544 - INFO - MainThread - Order: V4063003201
2026-06-30 20:29:37,544 - INFO - MainThread - Processing Excel Row 201
2026-06-30 20:29:37,545 - INFO - MainThread - Order: V4063003202
2026-06-30 20:29:37,545 - INFO - MainThread - Processing Excel Row 202
2026-06-30 20:29:37,546 - INFO - MainThread - Order: V4063003203
2026-06-30 20:29:37,546 - INFO - MainThread - Processing Excel Row 203
2026-06-30 20:29:37,547 - INFO - MainThread - Order: V4063003204
2026-06-30 20:29:37,547 - INFO - MainThread - Processing Excel Row 204
2026-06-30 20:29:37,548 - INFO - MainThread - Order: V4063003205
2026-06-30 20:29:37,548 - INFO - MainThread - Processing Excel Row 205
2026-06-30 20:29:37,549 - INFO - MainThread - Order: V4063003206
2026-06-30 20:29:37,549 - INFO - MainThread - Processing Excel Row 206
2026-06-30 20:29:37,550 - INFO - MainThread - Order: V4063003207
2026-06-30 20:29:37,550 - INFO - MainThread - Processing Excel Row 207
2026-06-30 20:29:37,551 - INFO - MainThread - Order: V4063003208
2026-06-30 20:29:37,552 - INFO - MainThread - Processing Excel Row 208
2026-06-30 20:29:37,552 - INFO - MainThread - Order: V4063003209
2026-06-30 20:29:37,553 - INFO - MainThread - Processing Excel Row 209
2026-06-30 20:29:37,554 - INFO - MainThread - Order: V4063003210
2026-06-30 20:29:37,554 - INFO - MainThread - Processing Excel Row 210
2026-06-30 20:29:37,555 - INFO - MainThread - Order: V4063003211
2026-06-30 20:29:37,555 - INFO - MainThread - Processing Excel Row 211
2026-06-30 20:29:37,555 - INFO - MainThread - Order: V4063003212
2026-06-30 20:29:37,555 - INFO - MainThread - Processing Excel Row 212
2026-06-30 20:29:37,556 - INFO - MainThread - Order: V4063003213
2026-06-30 20:29:37,556 - INFO - MainThread - Processing Excel Row 213
2026-06-30 20:29:37,557 - INFO - MainThread - Order: V4063003214
2026-06-30 20:29:37,557 - INFO - MainThread - Processing Excel Row 214
2026-06-30 20:29:37,558 - INFO - MainThread - Order: V4063003215
2026-06-30 20:29:37,559 - INFO - MainThread - Processing Excel Row 215
2026-06-30 20:29:37,560 - INFO - MainThread - Order: V4063003216
2026-06-30 20:29:37,560 - INFO - MainThread - Processing Excel Row 216
2026-06-30 20:29:37,561 - INFO - MainThread - Order: V4063003217
2026-06-30 20:29:37,561 - INFO - MainThread - Processing Excel Row 217
2026-06-30 20:29:37,562 - INFO - MainThread - Order: V4063003218
2026-06-30 20:29:37,562 - INFO - MainThread - Processing Excel Row 218
2026-06-30 20:29:37,562 - INFO - MainThread - Order: V4063003219
2026-06-30 20:29:37,563 - INFO - MainThread - Processing Excel Row 219
2026-06-30 20:29:37,563 - INFO - MainThread - Order: V4063003220
2026-06-30 20:29:37,563 - INFO - MainThread - Processing Excel Row 220
2026-06-30 20:29:37,564 - INFO - MainThread - Order: V4063003221
2026-06-30 20:29:37,564 - INFO - MainThread - Processing Excel Row 221
2026-06-30 20:29:37,565 - INFO - MainThread - Order: V4063003222
2026-06-30 20:29:37,565 - INFO - MainThread - Processing Excel Row 222
2026-06-30 20:29:37,566 - INFO - MainThread - Order: V4063003223
2026-06-30 20:29:37,566 - INFO - MainThread - Processing Excel Row 223
2026-06-30 20:29:37,567 - INFO - MainThread - Order: V4063003224
2026-06-30 20:29:37,567 - INFO - MainThread - Processing Excel Row 224
2026-06-30 20:29:37,568 - INFO - MainThread - Order: V4063003225
2026-06-30 20:29:37,568 - INFO - MainThread - Processing Excel Row 225
2026-06-30 20:29:37,569 - INFO - MainThread - Order: V4063003226
2026-06-30 20:29:37,569 - INFO - MainThread - Processing Excel Row 226
2026-06-30 20:29:37,570 - INFO - MainThread - Order: V4063003227
2026-06-30 20:29:37,570 - INFO - MainThread - Processing Excel Row 227
2026-06-30 20:29:37,571 - INFO - MainThread - Order: V4063003228
2026-06-30 20:29:37,571 - INFO - MainThread - Processing Excel Row 228
2026-06-30 20:29:37,572 - INFO - MainThread - Order: V4063003229
2026-06-30 20:29:37,572 - INFO - MainThread - Processing Excel Row 229
2026-06-30 20:29:37,573 - INFO - MainThread - Order: V4063003230
2026-06-30 20:29:37,573 - INFO - MainThread - Processing Excel Row 230
2026-06-30 20:29:37,574 - INFO - MainThread - Order: V4063003231
2026-06-30 20:29:37,574 - INFO - MainThread - Processing Excel Row 231
2026-06-30 20:29:37,575 - INFO - MainThread - Order: V4063003232
2026-06-30 20:29:37,575 - INFO - MainThread - Processing Excel Row 232
2026-06-30 20:29:37,576 - INFO - MainThread - Order: V4063003233
2026-06-30 20:29:37,576 - INFO - MainThread - Processing Excel Row 233
2026-06-30 20:29:37,577 - INFO - MainThread - Order: V4063003234
2026-06-30 20:29:37,577 - INFO - MainThread - Processing Excel Row 234
2026-06-30 20:29:37,578 - INFO - MainThread - Order: V4063003235
2026-06-30 20:29:37,578 - INFO - MainThread - Processing Excel Row 235
2026-06-30 20:29:37,581 - INFO - MainThread - Order: V4063003236
2026-06-30 20:29:37,581 - INFO - MainThread - Processing Excel Row 236
2026-06-30 20:29:37,582 - INFO - MainThread - Order: V4063003237
2026-06-30 20:29:37,582 - INFO - MainThread - Processing Excel Row 237
2026-06-30 20:29:37,585 - INFO - MainThread - Order: V4063003238
2026-06-30 20:29:37,585 - INFO - MainThread - Processing Excel Row 238
2026-06-30 20:29:37,587 - INFO - MainThread - Order: V4063003239
2026-06-30 20:29:37,587 - INFO - MainThread - Processing Excel Row 239
2026-06-30 20:29:37,588 - INFO - MainThread - Order: V4063003240
2026-06-30 20:29:37,588 - INFO - MainThread - Processing Excel Row 240
2026-06-30 20:29:37,589 - INFO - MainThread - Order: V4063003241
2026-06-30 20:29:37,589 - INFO - MainThread - Processing Excel Row 241
2026-06-30 20:29:37,590 - INFO - MainThread - Order: V4063003242
2026-06-30 20:29:37,590 - INFO - MainThread - Processing Excel Row 242
2026-06-30 20:29:37,592 - INFO - MainThread - Order: V4063003243
2026-06-30 20:29:37,592 - INFO - MainThread - Processing Excel Row 243
2026-06-30 20:29:37,593 - INFO - MainThread - Order: V4063003244
2026-06-30 20:29:37,593 - INFO - MainThread - Processing Excel Row 244
2026-06-30 20:29:37,594 - INFO - MainThread - Order: V4063003245
2026-06-30 20:29:37,594 - INFO - MainThread - Processing Excel Row 245
2026-06-30 20:29:37,595 - INFO - MainThread - Order: V4063003246
2026-06-30 20:29:37,595 - INFO - MainThread - Processing Excel Row 246
2026-06-30 20:29:37,596 - INFO - MainThread - Order: V4063003247
2026-06-30 20:29:37,596 - INFO - MainThread - Processing Excel Row 247
2026-06-30 20:29:37,597 - INFO - MainThread - Order: V4063003248
2026-06-30 20:29:37,597 - INFO - MainThread - Processing Excel Row 248
2026-06-30 20:29:37,598 - INFO - MainThread - Order: V4063003249
2026-06-30 20:29:37,598 - INFO - MainThread - Processing Excel Row 249
2026-06-30 20:29:37,599 - INFO - MainThread - Order: V4063003250
2026-06-30 20:29:37,599 - INFO - MainThread - Processing Excel Row 250
2026-06-30 20:29:37,599 - INFO - MainThread - Order: V4063003251
2026-06-30 20:29:37,600 - INFO - MainThread - Processing Excel Row 251
2026-06-30 20:29:37,600 - INFO - MainThread - Order: V4063003252
2026-06-30 20:29:37,600 - INFO - MainThread - Processing Excel Row 252
2026-06-30 20:29:37,601 - INFO - MainThread - Order: V4063003253
2026-06-30 20:29:37,601 - INFO - MainThread - Processing Excel Row 253
2026-06-30 20:29:37,602 - INFO - MainThread - Order: V4063003254
2026-06-30 20:29:37,602 - INFO - MainThread - Processing Excel Row 254
2026-06-30 20:29:37,603 - INFO - MainThread - Order: V4063003255
2026-06-30 20:29:37,603 - INFO - MainThread - Processing Excel Row 255
2026-06-30 20:29:37,604 - INFO - MainThread - Order: V4063003256
2026-06-30 20:29:37,604 - INFO - MainThread - Processing Excel Row 256
2026-06-30 20:29:37,605 - INFO - MainThread - Order: V4063003257
2026-06-30 20:29:37,605 - INFO - MainThread - Processing Excel Row 257
2026-06-30 20:29:37,606 - INFO - MainThread - Order: V4063003258
2026-06-30 20:29:37,606 - INFO - MainThread - Processing Excel Row 258
2026-06-30 20:29:37,607 - INFO - MainThread - Order: V4063003259
2026-06-30 20:29:37,607 - INFO - MainThread - Processing Excel Row 259
2026-06-30 20:29:37,608 - INFO - MainThread - Order: V4063003260
2026-06-30 20:29:37,608 - INFO - MainThread - Processing Excel Row 260
2026-06-30 20:29:37,609 - INFO - MainThread - Order: V4063003261
2026-06-30 20:29:37,609 - INFO - MainThread - Processing Excel Row 261
2026-06-30 20:29:37,610 - INFO - MainThread - Order: V4063003262
2026-06-30 20:29:37,610 - INFO - MainThread - Processing Excel Row 262
2026-06-30 20:29:37,611 - INFO - MainThread - Order: V4063003263
2026-06-30 20:29:37,611 - INFO - MainThread - Processing Excel Row 263
2026-06-30 20:29:37,612 - INFO - MainThread - Order: V4063003264
2026-06-30 20:29:37,612 - INFO - MainThread - Processing Excel Row 264
2026-06-30 20:29:37,613 - INFO - MainThread - Order: V4063003265
2026-06-30 20:29:37,614 - INFO - MainThread - Processing Excel Row 265
2026-06-30 20:29:37,615 - INFO - MainThread - Order: V4063003266
2026-06-30 20:29:37,615 - INFO - MainThread - Processing Excel Row 266
2026-06-30 20:29:37,616 - INFO - MainThread - Order: V4063003267
2026-06-30 20:29:37,616 - INFO - MainThread - Processing Excel Row 267
2026-06-30 20:29:37,617 - INFO - MainThread - Order: V4063003268
2026-06-30 20:29:37,617 - INFO - MainThread - Processing Excel Row 268
2026-06-30 20:29:37,618 - INFO - MainThread - Order: V4063003269
2026-06-30 20:29:37,618 - INFO - MainThread - Processing Excel Row 269
2026-06-30 20:29:37,618 - INFO - MainThread - Order: V4063003270
2026-06-30 20:29:37,618 - INFO - MainThread - Processing Excel Row 270
2026-06-30 20:29:37,619 - INFO - MainThread - Order: V4063003271
2026-06-30 20:29:37,620 - INFO - MainThread - Processing Excel Row 271
2026-06-30 20:29:37,620 - INFO - MainThread - Order: V4063003272
2026-06-30 20:29:37,621 - INFO - MainThread - Processing Excel Row 272
2026-06-30 20:29:37,621 - INFO - MainThread - Order: V4063003273
2026-06-30 20:29:37,621 - INFO - MainThread - Processing Excel Row 273
2026-06-30 20:29:37,622 - INFO - MainThread - Order: V4063003274
2026-06-30 20:29:37,622 - INFO - MainThread - Processing Excel Row 274
2026-06-30 20:29:37,623 - INFO - MainThread - Order: V4063003275
2026-06-30 20:29:37,623 - INFO - MainThread - Processing Excel Row 275
2026-06-30 20:29:37,624 - INFO - MainThread - Order: V4063003276
2026-06-30 20:29:37,624 - INFO - MainThread - Processing Excel Row 276
2026-06-30 20:29:37,625 - INFO - MainThread - Order: V4063003277
2026-06-30 20:29:37,625 - INFO - MainThread - Processing Excel Row 277
2026-06-30 20:29:37,625 - INFO - MainThread - Order: V4063003278
2026-06-30 20:29:37,625 - INFO - MainThread - Processing Excel Row 278
2026-06-30 20:29:37,626 - INFO - MainThread - Order: V4063003279
2026-06-30 20:29:37,626 - INFO - MainThread - Processing Excel Row 279
2026-06-30 20:29:37,627 - INFO - MainThread - Order: V4063003280
2026-06-30 20:29:37,627 - INFO - MainThread - Processing Excel Row 280
2026-06-30 20:29:37,628 - INFO - MainThread - Order: V4063003281
2026-06-30 20:29:37,628 - INFO - MainThread - Processing Excel Row 281
2026-06-30 20:29:37,629 - INFO - MainThread - Order: V4063003282
2026-06-30 20:29:37,629 - INFO - MainThread - Processing Excel Row 282
2026-06-30 20:29:37,630 - INFO - MainThread - Order: V4063003283
2026-06-30 20:29:37,630 - INFO - MainThread - Processing Excel Row 283
2026-06-30 20:29:37,631 - INFO - MainThread - Order: V4063003284
2026-06-30 20:29:37,631 - INFO - MainThread - Processing Excel Row 284
2026-06-30 20:29:37,632 - INFO - MainThread - Order: V4063003285
2026-06-30 20:29:37,632 - INFO - MainThread - Processing Excel Row 285
2026-06-30 20:29:37,633 - INFO - MainThread - Order: V4063003286
2026-06-30 20:29:37,634 - INFO - MainThread - Processing Excel Row 286
2026-06-30 20:29:37,634 - INFO - MainThread - Order: V4063003287
2026-06-30 20:29:37,635 - INFO - MainThread - Processing Excel Row 287
2026-06-30 20:29:37,636 - INFO - MainThread - Order: V4063003288
2026-06-30 20:29:37,636 - INFO - MainThread - Processing Excel Row 288
2026-06-30 20:29:37,637 - INFO - MainThread - Order: V4063003289
2026-06-30 20:29:37,637 - INFO - MainThread - Processing Excel Row 289
2026-06-30 20:29:37,638 - INFO - MainThread - Order: V4063003290
2026-06-30 20:29:37,638 - INFO - MainThread - Processing Excel Row 290
2026-06-30 20:29:37,638 - INFO - MainThread - Order: V4063003291
2026-06-30 20:29:37,638 - INFO - MainThread - Processing Excel Row 291
2026-06-30 20:29:37,639 - INFO - MainThread - Order: V4063003292
2026-06-30 20:29:37,639 - INFO - MainThread - Processing Excel Row 292
2026-06-30 20:29:37,640 - INFO - MainThread - Order: V4063003293
2026-06-30 20:29:37,641 - INFO - MainThread - Processing Excel Row 293
2026-06-30 20:29:37,641 - INFO - MainThread - Order: V4063003294
2026-06-30 20:29:37,642 - INFO - MainThread - Processing Excel Row 294
2026-06-30 20:29:37,643 - INFO - MainThread - Order: V4063003295
2026-06-30 20:29:37,643 - INFO - MainThread - Processing Excel Row 295
2026-06-30 20:29:37,644 - INFO - MainThread - Order: V4063003296
2026-06-30 20:29:37,644 - INFO - MainThread - Processing Excel Row 296
2026-06-30 20:29:37,645 - INFO - MainThread - Order: V4063003297
2026-06-30 20:29:37,645 - INFO - MainThread - Processing Excel Row 297
2026-06-30 20:29:37,646 - INFO - MainThread - Order: V4063003298
2026-06-30 20:29:37,646 - INFO - MainThread - Processing Excel Row 298
2026-06-30 20:29:37,646 - INFO - MainThread - Order: V4063003299
2026-06-30 20:29:37,647 - INFO - MainThread - Processing Excel Row 299
2026-06-30 20:29:37,647 - INFO - MainThread - Order: V4063003300
2026-06-30 20:29:37,647 - INFO - MainThread - Processing Excel Row 300
2026-06-30 20:29:37,648 - INFO - MainThread - Order: V4063003301
2026-06-30 20:29:37,648 - INFO - MainThread - Processing Excel Row 301
2026-06-30 20:29:37,649 - INFO - MainThread - Order: V4063003302
2026-06-30 20:29:37,649 - INFO - MainThread - Processing Excel Row 302
2026-06-30 20:29:37,653 - INFO - MainThread - Order: V4063003303
2026-06-30 20:29:37,653 - INFO - MainThread - Processing Excel Row 303
2026-06-30 20:29:37,656 - INFO - MainThread - Order: V4063003304
2026-06-30 20:29:37,656 - INFO - MainThread - Processing Excel Row 304
2026-06-30 20:29:37,658 - INFO - MainThread - Order: V4063003305
2026-06-30 20:29:37,658 - INFO - MainThread - Processing Excel Row 305
2026-06-30 20:29:37,659 - INFO - MainThread - Order: V4063003306
2026-06-30 20:29:37,659 - INFO - MainThread - Processing Excel Row 306
2026-06-30 20:29:37,660 - INFO - MainThread - Order: V4063003307
2026-06-30 20:29:37,660 - INFO - MainThread - Processing Excel Row 307
2026-06-30 20:29:37,660 - INFO - MainThread - Order: V4063003308
2026-06-30 20:29:37,661 - INFO - MainThread - Processing Excel Row 308
2026-06-30 20:29:37,661 - INFO - MainThread - Order: V4063003309
2026-06-30 20:29:37,661 - INFO - MainThread - Processing Excel Row 309
2026-06-30 20:29:37,662 - INFO - MainThread - Order: V4063003310
2026-06-30 20:29:37,662 - INFO - MainThread - Processing Excel Row 310
2026-06-30 20:29:37,663 - INFO - MainThread - Order: V4063003311
2026-06-30 20:29:37,663 - INFO - MainThread - Processing Excel Row 311
2026-06-30 20:29:37,664 - INFO - MainThread - Order: V4063003312
2026-06-30 20:29:37,664 - INFO - MainThread - Processing Excel Row 312
2026-06-30 20:29:37,665 - INFO - MainThread - Order: V4063003313
2026-06-30 20:29:37,665 - INFO - MainThread - Processing Excel Row 313
2026-06-30 20:29:37,665 - INFO - MainThread - Order: V4063003314
2026-06-30 20:29:37,666 - INFO - MainThread - Processing Excel Row 314
2026-06-30 20:29:37,666 - INFO - MainThread - Order: V4063003315
2026-06-30 20:29:37,667 - INFO - MainThread - Processing Excel Row 315
2026-06-30 20:29:37,668 - INFO - MainThread - Order: V4063003316
2026-06-30 20:29:37,668 - INFO - MainThread - Processing Excel Row 316
2026-06-30 20:29:37,669 - INFO - MainThread - Order: V4063003317
2026-06-30 20:29:37,669 - INFO - MainThread - Processing Excel Row 317
2026-06-30 20:29:37,669 - INFO - MainThread - Order: V4063003318
2026-06-30 20:29:37,669 - INFO - MainThread - Processing Excel Row 318
2026-06-30 20:29:37,670 - INFO - MainThread - Order: V4063003319
2026-06-30 20:29:37,670 - INFO - MainThread - Processing Excel Row 319
2026-06-30 20:29:37,671 - INFO - MainThread - Order: V4063003320
2026-06-30 20:29:37,671 - INFO - MainThread - Processing Excel Row 320
2026-06-30 20:29:37,673 - INFO - MainThread - Order: V4063003321
2026-06-30 20:29:37,673 - INFO - MainThread - Processing Excel Row 321
2026-06-30 20:29:37,673 - INFO - MainThread - Order: V4063003322
2026-06-30 20:29:37,674 - INFO - MainThread - Processing Excel Row 322
2026-06-30 20:29:37,674 - INFO - MainThread - Order: V4063003323
2026-06-30 20:29:37,674 - INFO - MainThread - Processing Excel Row 323
2026-06-30 20:29:37,675 - INFO - MainThread - Order: V4063003324
2026-06-30 20:29:37,676 - INFO - MainThread - Processing Excel Row 324
2026-06-30 20:29:37,677 - INFO - MainThread - Order: V4063003325
2026-06-30 20:29:37,677 - INFO - MainThread - Processing Excel Row 325
2026-06-30 20:29:37,678 - INFO - MainThread - Order: V4063003326
2026-06-30 20:29:37,678 - INFO - MainThread - Processing Excel Row 326
2026-06-30 20:29:37,679 - INFO - MainThread - Order: V4063003327
2026-06-30 20:29:37,679 - INFO - MainThread - Processing Excel Row 327
2026-06-30 20:29:37,680 - INFO - MainThread - Order: V4063003328
2026-06-30 20:29:37,680 - INFO - MainThread - Processing Excel Row 328
2026-06-30 20:29:37,681 - INFO - MainThread - Order: V4063003329
2026-06-30 20:29:37,681 - INFO - MainThread - Processing Excel Row 329
2026-06-30 20:29:37,682 - INFO - MainThread - Order: V4063003330
2026-06-30 20:29:37,682 - INFO - MainThread - Processing Excel Row 330
2026-06-30 20:29:37,683 - INFO - MainThread - Order: V4063003331
2026-06-30 20:29:37,683 - INFO - MainThread - Processing Excel Row 331
2026-06-30 20:29:37,684 - INFO - MainThread - Order: V4063003332
2026-06-30 20:29:37,684 - INFO - MainThread - Processing Excel Row 332
2026-06-30 20:29:37,685 - INFO - MainThread - Order: V4063003333
2026-06-30 20:29:37,685 - INFO - MainThread - Processing Excel Row 333
2026-06-30 20:29:37,686 - INFO - MainThread - Order: V4063003334
2026-06-30 20:29:37,686 - INFO - MainThread - Processing Excel Row 334
2026-06-30 20:29:37,686 - INFO - MainThread - Order: V4063003335
2026-06-30 20:29:37,687 - INFO - MainThread - Processing Excel Row 335
2026-06-30 20:29:37,687 - INFO - MainThread - Order: V4063003336
2026-06-30 20:29:37,688 - INFO - MainThread - Processing Excel Row 336
2026-06-30 20:29:37,688 - INFO - MainThread - Order: V4063003337
2026-06-30 20:29:37,688 - INFO - MainThread - Processing Excel Row 337
2026-06-30 20:29:37,689 - INFO - MainThread - Order: V4063003338
2026-06-30 20:29:37,689 - INFO - MainThread - Processing Excel Row 338
2026-06-30 20:29:37,690 - INFO - MainThread - Order: V4063003339
2026-06-30 20:29:37,690 - INFO - MainThread - Processing Excel Row 339
2026-06-30 20:29:37,691 - INFO - MainThread - Order: V4063003340
2026-06-30 20:29:37,691 - INFO - MainThread - Processing Excel Row 340
2026-06-30 20:29:37,692 - INFO - MainThread - Order: V4063003341
2026-06-30 20:29:37,692 - INFO - MainThread - Processing Excel Row 341
2026-06-30 20:29:37,692 - INFO - MainThread - Order: V4063003342
2026-06-30 20:29:37,692 - INFO - MainThread - Processing Excel Row 342
2026-06-30 20:29:37,693 - INFO - MainThread - Order: V4063003343
2026-06-30 20:29:37,694 - INFO - MainThread - Processing Excel Row 343
2026-06-30 20:29:37,695 - INFO - MainThread - Order: V4063003344
2026-06-30 20:29:37,695 - INFO - MainThread - Processing Excel Row 344
2026-06-30 20:29:37,696 - INFO - MainThread - Order: V4063003345
2026-06-30 20:29:37,696 - INFO - MainThread - Processing Excel Row 345
2026-06-30 20:29:37,697 - INFO - MainThread - Order: V4063003346
2026-06-30 20:29:37,697 - INFO - MainThread - Processing Excel Row 346
2026-06-30 20:29:37,698 - INFO - MainThread - Order: V4063003347
2026-06-30 20:29:37,698 - INFO - MainThread - Processing Excel Row 347
2026-06-30 20:29:37,699 - INFO - MainThread - Order: V4063003348
2026-06-30 20:29:37,699 - INFO - MainThread - Processing Excel Row 348
2026-06-30 20:29:37,700 - INFO - MainThread - Order: V4063003349
2026-06-30 20:29:37,700 - INFO - MainThread - Processing Excel Row 349
2026-06-30 20:29:37,702 - INFO - MainThread - Order: V4063003350
2026-06-30 20:29:37,702 - INFO - MainThread - Processing Excel Row 350
2026-06-30 20:29:37,705 - INFO - MainThread - Order: V4063003351
2026-06-30 20:29:37,705 - INFO - MainThread - Processing Excel Row 351
2026-06-30 20:29:37,706 - INFO - MainThread - Order: V4063003352
2026-06-30 20:29:37,706 - INFO - MainThread - Processing Excel Row 352
2026-06-30 20:29:37,707 - INFO - MainThread - Order: V4063003353
2026-06-30 20:29:37,707 - INFO - MainThread - Processing Excel Row 353
2026-06-30 20:29:37,708 - INFO - MainThread - Order: V4063003354
2026-06-30 20:29:37,708 - INFO - MainThread - Processing Excel Row 354
2026-06-30 20:29:37,709 - INFO - MainThread - Order: V4063003355
2026-06-30 20:29:37,709 - INFO - MainThread - Processing Excel Row 355
2026-06-30 20:29:37,710 - INFO - MainThread - Order: V4063003356
2026-06-30 20:29:37,710 - INFO - MainThread - Processing Excel Row 356
2026-06-30 20:29:37,711 - INFO - MainThread - Order: V4063003357
2026-06-30 20:29:37,711 - INFO - MainThread - Processing Excel Row 357
2026-06-30 20:29:37,712 - INFO - MainThread - Order: V4063003358
2026-06-30 20:29:37,712 - INFO - MainThread - Processing Excel Row 358
2026-06-30 20:29:37,712 - INFO - MainThread - Order: V4063003359
2026-06-30 20:29:37,712 - INFO - MainThread - Processing Excel Row 359
2026-06-30 20:29:37,714 - INFO - MainThread - Order: V4063003360
2026-06-30 20:29:37,714 - INFO - MainThread - Processing Excel Row 360
2026-06-30 20:29:37,715 - INFO - MainThread - Order: V4063003361
2026-06-30 20:29:37,715 - INFO - MainThread - Processing Excel Row 361
2026-06-30 20:29:37,716 - INFO - MainThread - Order: V4063003362
2026-06-30 20:29:37,716 - INFO - MainThread - Processing Excel Row 362
2026-06-30 20:29:37,717 - INFO - MainThread - Order: V4063003363
2026-06-30 20:29:37,717 - INFO - MainThread - Processing Excel Row 363
2026-06-30 20:29:37,718 - INFO - MainThread - Order: V4063003364
2026-06-30 20:29:37,718 - INFO - MainThread - Processing Excel Row 364
2026-06-30 20:29:37,719 - INFO - MainThread - Order: V4063003365
2026-06-30 20:29:37,719 - INFO - MainThread - Processing Excel Row 365
2026-06-30 20:29:37,720 - INFO - MainThread - Order: V4063003366
2026-06-30 20:29:37,720 - INFO - MainThread - Processing Excel Row 366
2026-06-30 20:29:37,721 - INFO - MainThread - Order: V4063003367
2026-06-30 20:29:37,721 - INFO - MainThread - Processing Excel Row 367
2026-06-30 20:29:37,722 - INFO - MainThread - Order: V4063003368
2026-06-30 20:29:37,722 - INFO - MainThread - Processing Excel Row 368
2026-06-30 20:29:37,723 - INFO - MainThread - Order: V4063003369
2026-06-30 20:29:37,723 - INFO - MainThread - Processing Excel Row 369
2026-06-30 20:29:37,724 - INFO - MainThread - Order: V4063003370
2026-06-30 20:29:37,724 - INFO - MainThread - Processing Excel Row 370
2026-06-30 20:29:37,725 - INFO - MainThread - Order: V4063003371
2026-06-30 20:29:37,725 - INFO - MainThread - Processing Excel Row 371
2026-06-30 20:29:37,726 - INFO - MainThread - Order: V4063003372
2026-06-30 20:29:37,726 - INFO - MainThread - Processing Excel Row 372
2026-06-30 20:29:37,727 - INFO - MainThread - Order: V4063003373
2026-06-30 20:29:37,727 - INFO - MainThread - Processing Excel Row 373
2026-06-30 20:29:37,728 - INFO - MainThread - Order: V4063003374
2026-06-30 20:29:37,728 - INFO - MainThread - Processing Excel Row 374
2026-06-30 20:29:37,729 - INFO - MainThread - Order: V4063003375
2026-06-30 20:29:37,729 - INFO - MainThread - Processing Excel Row 375
2026-06-30 20:29:37,730 - INFO - MainThread - Order: V4063003376
2026-06-30 20:29:37,730 - INFO - MainThread - Processing Excel Row 376
2026-06-30 20:29:37,731 - INFO - MainThread - Order: V4063003377
2026-06-30 20:29:37,731 - INFO - MainThread - Processing Excel Row 377
2026-06-30 20:29:37,732 - INFO - MainThread - Order: V4063003378
2026-06-30 20:29:37,732 - INFO - MainThread - Processing Excel Row 378
2026-06-30 20:29:37,733 - INFO - MainThread - Order: V4063003379
2026-06-30 20:29:37,733 - INFO - MainThread - Processing Excel Row 379
2026-06-30 20:29:37,734 - INFO - MainThread - Order: V4063003380
2026-06-30 20:29:37,734 - INFO - MainThread - Processing Excel Row 380
2026-06-30 20:29:37,735 - INFO - MainThread - Order: V4063003381
2026-06-30 20:29:37,735 - INFO - MainThread - Processing Excel Row 381
2026-06-30 20:29:37,736 - INFO - MainThread - Order: V4063003382
2026-06-30 20:29:37,736 - INFO - MainThread - Processing Excel Row 382
2026-06-30 20:29:37,737 - INFO - MainThread - Order: V4063003383
2026-06-30 20:29:37,737 - INFO - MainThread - Processing Excel Row 383
2026-06-30 20:29:37,738 - INFO - MainThread - Order: V4063003384
2026-06-30 20:29:37,738 - INFO - MainThread - Processing Excel Row 384
2026-06-30 20:29:37,739 - INFO - MainThread - Order: V4063003385
2026-06-30 20:29:37,739 - INFO - MainThread - Processing Excel Row 385
2026-06-30 20:29:37,740 - INFO - MainThread - Order: V4063003386
2026-06-30 20:29:37,740 - INFO - MainThread - Processing Excel Row 386
2026-06-30 20:29:37,741 - INFO - MainThread - Order: V4063003387
2026-06-30 20:29:37,741 - INFO - MainThread - Processing Excel Row 387
2026-06-30 20:29:37,742 - INFO - MainThread - Order: V4063003388
2026-06-30 20:29:37,742 - INFO - MainThread - Processing Excel Row 388
2026-06-30 20:29:37,743 - INFO - MainThread - Order: V4063003389
2026-06-30 20:29:37,743 - INFO - MainThread - Processing Excel Row 389
2026-06-30 20:29:37,744 - INFO - MainThread - Order: V4063003390
2026-06-30 20:29:37,744 - INFO - MainThread - Processing Excel Row 390
2026-06-30 20:29:37,745 - INFO - MainThread - Order: V4063003391
2026-06-30 20:29:37,745 - INFO - MainThread - Processing Excel Row 391
2026-06-30 20:29:37,746 - INFO - MainThread - Order: V4063003392
2026-06-30 20:29:37,746 - INFO - MainThread - Processing Excel Row 392
2026-06-30 20:29:37,747 - INFO - MainThread - Order: V4063003393
2026-06-30 20:29:37,747 - INFO - MainThread - Processing Excel Row 393
2026-06-30 20:29:37,748 - INFO - MainThread - Order: V4063003394
2026-06-30 20:29:37,748 - INFO - MainThread - Processing Excel Row 394
2026-06-30 20:29:37,749 - INFO - MainThread - Order: V4063003395
2026-06-30 20:29:37,749 - INFO - MainThread - Processing Excel Row 395
2026-06-30 20:29:37,750 - INFO - MainThread - Order: V4063003396
2026-06-30 20:29:37,750 - INFO - MainThread - Processing Excel Row 396
2026-06-30 20:29:37,751 - INFO - MainThread - Order: V4063003397
2026-06-30 20:29:37,751 - INFO - MainThread - Processing Excel Row 397
2026-06-30 20:29:37,752 - INFO - MainThread - Order: V4063003398
2026-06-30 20:29:37,752 - INFO - MainThread - Processing Excel Row 398
2026-06-30 20:29:37,753 - INFO - MainThread - Order: V4063003399
2026-06-30 20:29:37,753 - INFO - MainThread - Processing Excel Row 399
2026-06-30 20:29:37,754 - INFO - MainThread - Order: V4063003400
2026-06-30 20:29:37,754 - INFO - MainThread - Processing Excel Row 400
2026-06-30 20:29:37,755 - INFO - MainThread - Order: V4063003401
2026-06-30 20:29:37,755 - INFO - MainThread - Processing Excel Row 401
2026-06-30 20:29:37,756 - INFO - MainThread - Order: V4063003402
2026-06-30 20:29:37,756 - INFO - MainThread - Processing Excel Row 402
2026-06-30 20:29:37,756 - INFO - MainThread - Order: V4063003403
2026-06-30 20:29:37,756 - INFO - MainThread - Processing Excel Row 403
2026-06-30 20:29:37,757 - INFO - MainThread - Order: V4063003404
2026-06-30 20:29:37,757 - INFO - MainThread - Processing Excel Row 404
2026-06-30 20:29:37,758 - INFO - MainThread - Order: V4063003405
2026-06-30 20:29:37,758 - INFO - MainThread - Processing Excel Row 405
2026-06-30 20:29:37,760 - INFO - MainThread - Order: V4063003406
2026-06-30 20:29:37,760 - INFO - MainThread - Processing Excel Row 406
2026-06-30 20:29:37,761 - INFO - MainThread - Order: V4063003407
2026-06-30 20:29:37,761 - INFO - MainThread - Processing Excel Row 407
2026-06-30 20:29:37,762 - INFO - MainThread - Order: V4063003408
2026-06-30 20:29:37,762 - INFO - MainThread - Processing Excel Row 408
2026-06-30 20:29:37,763 - INFO - MainThread - Order: V4063003409
2026-06-30 20:29:37,763 - INFO - MainThread - Processing Excel Row 409
2026-06-30 20:29:37,764 - INFO - MainThread - Order: V4063003410
2026-06-30 20:29:37,764 - INFO - MainThread - Processing Excel Row 410
2026-06-30 20:29:37,765 - INFO - MainThread - Order: V4063003411
2026-06-30 20:29:37,765 - INFO - MainThread - Processing Excel Row 411
2026-06-30 20:29:37,766 - INFO - MainThread - Order: V4063003412
2026-06-30 20:29:37,766 - INFO - MainThread - Processing Excel Row 412
2026-06-30 20:29:37,768 - INFO - MainThread - Order: V4063003413
2026-06-30 20:29:37,769 - INFO - MainThread - Processing Excel Row 413
2026-06-30 20:29:37,770 - INFO - MainThread - Order: V4063003414
2026-06-30 20:29:37,770 - INFO - MainThread - Processing Excel Row 414
2026-06-30 20:29:37,772 - INFO - MainThread - Order: V4063003415
2026-06-30 20:29:37,772 - INFO - MainThread - Processing Excel Row 415
2026-06-30 20:29:37,775 - INFO - MainThread - Order: V4063003416
2026-06-30 20:29:37,775 - INFO - MainThread - Processing Excel Row 416
2026-06-30 20:29:37,778 - INFO - MainThread - Order: V4063003417
2026-06-30 20:29:37,778 - INFO - MainThread - Processing Excel Row 417
2026-06-30 20:29:37,779 - INFO - MainThread - Order: V4063003418
2026-06-30 20:29:37,780 - INFO - MainThread - Processing Excel Row 418
2026-06-30 20:29:37,781 - INFO - MainThread - Order: V4063003419
2026-06-30 20:29:37,781 - INFO - MainThread - Processing Excel Row 419
2026-06-30 20:29:37,783 - INFO - MainThread - Order: V4063003420
2026-06-30 20:29:37,784 - INFO - MainThread - Processing Excel Row 420
2026-06-30 20:29:37,785 - INFO - MainThread - Order: V4063003421
2026-06-30 20:29:37,785 - INFO - MainThread - Processing Excel Row 421
2026-06-30 20:29:37,787 - INFO - MainThread - Order: V4063003422
2026-06-30 20:29:37,787 - INFO - MainThread - Processing Excel Row 422
2026-06-30 20:29:37,789 - INFO - MainThread - Order: V4063003423
2026-06-30 20:29:37,789 - INFO - MainThread - Processing Excel Row 423
2026-06-30 20:29:37,793 - INFO - MainThread - Order: V4063003424
2026-06-30 20:29:37,793 - INFO - MainThread - Processing Excel Row 424
2026-06-30 20:29:37,795 - INFO - MainThread - Order: V4063003425
2026-06-30 20:29:37,795 - INFO - MainThread - Processing Excel Row 425
2026-06-30 20:29:37,796 - INFO - MainThread - Order: V4063003426
2026-06-30 20:29:37,796 - INFO - MainThread - Processing Excel Row 426
2026-06-30 20:29:37,797 - INFO - MainThread - Order: V4063003427
2026-06-30 20:29:37,797 - INFO - MainThread - Processing Excel Row 427
2026-06-30 20:29:37,797 - INFO - MainThread - Order: V4063003428
2026-06-30 20:29:37,797 - INFO - MainThread - Processing Excel Row 428
2026-06-30 20:29:37,799 - INFO - MainThread - Order: V4063003429
2026-06-30 20:29:37,799 - INFO - MainThread - Processing Excel Row 429
2026-06-30 20:29:37,800 - INFO - MainThread - Order: V4063003430
2026-06-30 20:29:37,800 - INFO - MainThread - Processing Excel Row 430
2026-06-30 20:29:37,800 - INFO - MainThread - Order: V4063003431
2026-06-30 20:29:37,800 - INFO - MainThread - Processing Excel Row 431
2026-06-30 20:29:37,801 - INFO - MainThread - Order: V4063003432
2026-06-30 20:29:37,802 - INFO - MainThread - Processing Excel Row 432
2026-06-30 20:29:37,803 - INFO - MainThread - Order: V4063003433
2026-06-30 20:29:37,803 - INFO - MainThread - Processing Excel Row 433
2026-06-30 20:29:37,804 - INFO - MainThread - Order: V4063003434
2026-06-30 20:29:37,804 - INFO - MainThread - Processing Excel Row 434
2026-06-30 20:29:37,805 - INFO - MainThread - Order: V4063003435
2026-06-30 20:29:37,805 - INFO - MainThread - Processing Excel Row 435
2026-06-30 20:29:37,806 - INFO - MainThread - Order: V4063003436
2026-06-30 20:29:37,806 - INFO - MainThread - Processing Excel Row 436
2026-06-30 20:29:37,807 - INFO - MainThread - Order: V4063003437
2026-06-30 20:29:37,807 - INFO - MainThread - Processing Excel Row 437
2026-06-30 20:29:37,808 - INFO - MainThread - Order: V4063003438
2026-06-30 20:29:37,808 - INFO - MainThread - Processing Excel Row 438
2026-06-30 20:29:37,809 - INFO - MainThread - Order: V4063003439
2026-06-30 20:29:37,809 - INFO - MainThread - Processing Excel Row 439
2026-06-30 20:29:37,810 - INFO - MainThread - Order: V4063003440
2026-06-30 20:29:37,810 - INFO - MainThread - Processing Excel Row 440
2026-06-30 20:29:37,810 - INFO - MainThread - Order: V4063003441
2026-06-30 20:29:37,811 - INFO - MainThread - Processing Excel Row 441
2026-06-30 20:29:37,811 - INFO - MainThread - Order: V4063003442
2026-06-30 20:29:37,812 - INFO - MainThread - Processing Excel Row 442
2026-06-30 20:29:37,812 - INFO - MainThread - Order: V4063003443
2026-06-30 20:29:37,812 - INFO - MainThread - Processing Excel Row 443
2026-06-30 20:29:37,813 - INFO - MainThread - Order: V4063003444
2026-06-30 20:29:37,813 - INFO - MainThread - Processing Excel Row 444
2026-06-30 20:29:37,814 - INFO - MainThread - Order: V4063003445
2026-06-30 20:29:37,814 - INFO - MainThread - Processing Excel Row 445
2026-06-30 20:29:37,815 - INFO - MainThread - Order: V4063003446
2026-06-30 20:29:37,815 - INFO - MainThread - Processing Excel Row 446
2026-06-30 20:29:37,816 - INFO - MainThread - Order: V4063003447
2026-06-30 20:29:37,816 - INFO - MainThread - Processing Excel Row 447
2026-06-30 20:29:37,817 - INFO - MainThread - Order: V4063003448
2026-06-30 20:29:37,817 - INFO - MainThread - Processing Excel Row 448
2026-06-30 20:29:37,818 - INFO - MainThread - Order: V4063003449
2026-06-30 20:29:37,818 - INFO - MainThread - Processing Excel Row 449
2026-06-30 20:29:37,819 - INFO - MainThread - Order: V4063003450
2026-06-30 20:29:37,819 - INFO - MainThread - Processing Excel Row 450
2026-06-30 20:29:37,819 - INFO - MainThread - Order: V4063003451
2026-06-30 20:29:37,820 - INFO - MainThread - Processing Excel Row 451
2026-06-30 20:29:37,820 - INFO - MainThread - Order: V4063003452
2026-06-30 20:29:37,820 - INFO - MainThread - Processing Excel Row 452
2026-06-30 20:29:37,821 - INFO - MainThread - Order: V4063003453
2026-06-30 20:29:37,821 - INFO - MainThread - Processing Excel Row 453
2026-06-30 20:29:37,823 - INFO - MainThread - Order: V4063003454
2026-06-30 20:29:37,823 - INFO - MainThread - Processing Excel Row 454
2026-06-30 20:29:37,824 - INFO - MainThread - Order: V4063003455
2026-06-30 20:29:37,824 - INFO - MainThread - Processing Excel Row 455
2026-06-30 20:29:37,825 - INFO - MainThread - Order: V4063003456
2026-06-30 20:29:37,825 - INFO - MainThread - Processing Excel Row 456
2026-06-30 20:29:37,826 - INFO - MainThread - Order: V4063003457
2026-06-30 20:29:37,826 - INFO - MainThread - Processing Excel Row 457
2026-06-30 20:29:37,827 - INFO - MainThread - Order: V4063003458
2026-06-30 20:29:37,827 - INFO - MainThread - Processing Excel Row 458
2026-06-30 20:29:37,828 - INFO - MainThread - Order: V4063003459
2026-06-30 20:29:37,828 - INFO - MainThread - Processing Excel Row 459
2026-06-30 20:29:37,829 - INFO - MainThread - Order: V4063003460
2026-06-30 20:29:37,829 - INFO - MainThread - Processing Excel Row 460
2026-06-30 20:29:37,831 - INFO - MainThread - Order: V4063003461
2026-06-30 20:29:37,832 - INFO - MainThread - Processing Excel Row 461
2026-06-30 20:29:37,833 - INFO - MainThread - Order: V4063003462
2026-06-30 20:29:37,834 - INFO - MainThread - Processing Excel Row 462
2026-06-30 20:29:37,835 - INFO - MainThread - Order: V4063003463
2026-06-30 20:29:37,835 - INFO - MainThread - Processing Excel Row 463
2026-06-30 20:29:37,835 - INFO - MainThread - Order: V4063003464
2026-06-30 20:29:37,836 - INFO - MainThread - Processing Excel Row 464
2026-06-30 20:29:37,836 - INFO - MainThread - Order: V4063003465
2026-06-30 20:29:37,836 - INFO - MainThread - Processing Excel Row 465
2026-06-30 20:29:37,837 - INFO - MainThread - Order: V4063003466
2026-06-30 20:29:37,837 - INFO - MainThread - Processing Excel Row 466
2026-06-30 20:29:37,838 - INFO - MainThread - Order: V4063003467
2026-06-30 20:29:37,838 - INFO - MainThread - Processing Excel Row 467
2026-06-30 20:29:37,839 - INFO - MainThread - Order: V4063003468
2026-06-30 20:29:37,839 - INFO - MainThread - Processing Excel Row 468
2026-06-30 20:29:37,840 - INFO - MainThread - Order: V4063003469
2026-06-30 20:29:37,840 - INFO - MainThread - Processing Excel Row 469
2026-06-30 20:29:37,841 - INFO - MainThread - Order: V4063003470
2026-06-30 20:29:37,841 - INFO - MainThread - Processing Excel Row 470
2026-06-30 20:29:37,842 - INFO - MainThread - Order: V4063003471
2026-06-30 20:29:37,842 - INFO - MainThread - Processing Excel Row 471
2026-06-30 20:29:37,843 - INFO - MainThread - Order: V4063003472
2026-06-30 20:29:37,843 - INFO - MainThread - Processing Excel Row 472
2026-06-30 20:29:37,844 - INFO - MainThread - Order: V4063003473
2026-06-30 20:29:37,844 - INFO - MainThread - Processing Excel Row 473
2026-06-30 20:29:37,845 - INFO - MainThread - Order: V4063003474
2026-06-30 20:29:37,845 - INFO - MainThread - Processing Excel Row 474
2026-06-30 20:29:37,846 - INFO - MainThread - Order: V4063003475
2026-06-30 20:29:37,846 - INFO - MainThread - Processing Excel Row 475
2026-06-30 20:29:37,847 - INFO - MainThread - Order: V4063003476
2026-06-30 20:29:37,847 - INFO - MainThread - Processing Excel Row 476
2026-06-30 20:29:37,848 - INFO - MainThread - Order: V4063003477
2026-06-30 20:29:37,848 - INFO - MainThread - Processing Excel Row 477
2026-06-30 20:29:37,849 - INFO - MainThread - Order: V4063003478
2026-06-30 20:29:37,849 - INFO - MainThread - Processing Excel Row 478
2026-06-30 20:29:37,850 - INFO - MainThread - Order: V4063003479
2026-06-30 20:29:37,850 - INFO - MainThread - Processing Excel Row 479
2026-06-30 20:29:37,851 - INFO - MainThread - Order: V4063003480
2026-06-30 20:29:37,851 - INFO - MainThread - Processing Excel Row 480
2026-06-30 20:29:37,852 - INFO - MainThread - Order: V4063003481
2026-06-30 20:29:37,852 - INFO - MainThread - Processing Excel Row 481
2026-06-30 20:29:37,852 - INFO - MainThread - Order: V4063003482
2026-06-30 20:29:37,853 - INFO - MainThread - Processing Excel Row 482
2026-06-30 20:29:37,853 - INFO - MainThread - Order: V4063003483
2026-06-30 20:29:37,854 - INFO - MainThread - Processing Excel Row 483
2026-06-30 20:29:37,854 - INFO - MainThread - Order: V4063003484
2026-06-30 20:29:37,855 - INFO - MainThread - Processing Excel Row 484
2026-06-30 20:29:37,855 - INFO - MainThread - Order: V4063003485
2026-06-30 20:29:37,856 - INFO - MainThread - Processing Excel Row 485
2026-06-30 20:29:37,856 - INFO - MainThread - Order: V4063003486
2026-06-30 20:29:37,856 - INFO - MainThread - Processing Excel Row 486
2026-06-30 20:29:37,857 - INFO - MainThread - Order: V4063003487
2026-06-30 20:29:37,857 - INFO - MainThread - Processing Excel Row 487
2026-06-30 20:29:37,858 - INFO - MainThread - Order: V4063003488
2026-06-30 20:29:37,858 - INFO - MainThread - Processing Excel Row 488
2026-06-30 20:29:37,860 - INFO - MainThread - Order: V4063003489
2026-06-30 20:29:37,860 - INFO - MainThread - Processing Excel Row 489
2026-06-30 20:29:37,861 - INFO - MainThread - Order: V4063003490
2026-06-30 20:29:37,861 - INFO - MainThread - Processing Excel Row 490
2026-06-30 20:29:37,862 - INFO - MainThread - Order: V4063003491
2026-06-30 20:29:37,862 - INFO - MainThread - Processing Excel Row 491
2026-06-30 20:29:37,864 - INFO - MainThread - Order: V4063003492
2026-06-30 20:29:37,864 - INFO - MainThread - Processing Excel Row 492
2026-06-30 20:29:37,865 - INFO - MainThread - Order: V4063003493
2026-06-30 20:29:37,865 - INFO - MainThread - Processing Excel Row 493
2026-06-30 20:29:37,866 - INFO - MainThread - Order: V4063003494
2026-06-30 20:29:37,866 - INFO - MainThread - Processing Excel Row 494
2026-06-30 20:29:37,868 - INFO - MainThread - Order: V4063003495
2026-06-30 20:29:37,868 - INFO - MainThread - Processing Excel Row 495
2026-06-30 20:29:37,869 - INFO - MainThread - Order: V4063003496
2026-06-30 20:29:37,869 - INFO - MainThread - Processing Excel Row 496
2026-06-30 20:29:37,870 - INFO - MainThread - Order: V4063003497
2026-06-30 20:29:37,870 - INFO - MainThread - Processing Excel Row 497
2026-06-30 20:29:37,871 - INFO - MainThread - Order: V4063003498
2026-06-30 20:29:37,871 - INFO - MainThread - Processing Excel Row 498
2026-06-30 20:29:37,872 - INFO - MainThread - Order: V4063003499
2026-06-30 20:29:37,872 - INFO - MainThread - Processing Excel Row 499
2026-06-30 20:29:37,873 - INFO - MainThread - Order: V4063003500
2026-06-30 20:29:37,873 - INFO - MainThread - Processing Excel Row 500
2026-06-30 20:29:37,874 - INFO - MainThread - Order: V4063003501
2026-06-30 20:29:37,874 - INFO - MainThread - Processing Excel Row 501
2026-06-30 20:29:37,875 - INFO - MainThread - Order: V4063003502
2026-06-30 20:29:37,875 - INFO - MainThread - Processing Excel Row 502
2026-06-30 20:29:37,876 - INFO - MainThread - Order: V4063003503
2026-06-30 20:29:37,876 - INFO - MainThread - Processing Excel Row 503
2026-06-30 20:29:37,877 - INFO - MainThread - Order: V4063003504
2026-06-30 20:29:37,877 - INFO - MainThread - Processing Excel Row 504
2026-06-30 20:29:37,878 - INFO - MainThread - Order: V4063003505
2026-06-30 20:29:37,878 - INFO - MainThread - Processing Excel Row 505
2026-06-30 20:29:37,879 - INFO - MainThread - Order: V4063003506
2026-06-30 20:29:37,879 - INFO - MainThread - Processing Excel Row 506
2026-06-30 20:29:37,880 - INFO - MainThread - Order: V4063003507
2026-06-30 20:29:37,880 - INFO - MainThread - Processing Excel Row 507
2026-06-30 20:29:37,881 - INFO - MainThread - Order: V4063003508
2026-06-30 20:29:37,881 - INFO - MainThread - Processing Excel Row 508
2026-06-30 20:29:37,882 - INFO - MainThread - Order: V4063003509
2026-06-30 20:29:37,882 - INFO - MainThread - Processing Excel Row 509
2026-06-30 20:29:37,883 - INFO - MainThread - Order: V4063003510
2026-06-30 20:29:37,883 - INFO - MainThread - Processing Excel Row 510
2026-06-30 20:29:37,883 - INFO - MainThread - Order: V4063003511
2026-06-30 20:29:37,884 - INFO - MainThread - Processing Excel Row 511
2026-06-30 20:29:37,884 - INFO - MainThread - Order: V4063003512
2026-06-30 20:29:37,884 - INFO - MainThread - Processing Excel Row 512
2026-06-30 20:29:37,885 - INFO - MainThread - Order: V4063003513
2026-06-30 20:29:37,885 - INFO - MainThread - Processing Excel Row 513
2026-06-30 20:29:37,886 - INFO - MainThread - Order: V4063003514
2026-06-30 20:29:37,886 - INFO - MainThread - Processing Excel Row 514
2026-06-30 20:29:37,888 - INFO - MainThread - Order: V4063003515
2026-06-30 20:29:37,889 - INFO - MainThread - Processing Excel Row 515
2026-06-30 20:29:37,890 - INFO - MainThread - Order: V4063003516
2026-06-30 20:29:37,890 - INFO - MainThread - Processing Excel Row 516
2026-06-30 20:29:37,891 - INFO - MainThread - Order: V4063003517
2026-06-30 20:29:37,891 - INFO - MainThread - Processing Excel Row 517
2026-06-30 20:29:37,892 - INFO - MainThread - Order: V4063003518
2026-06-30 20:29:37,892 - INFO - MainThread - Processing Excel Row 518
2026-06-30 20:29:37,893 - INFO - MainThread - Order: V4063003519
2026-06-30 20:29:37,893 - INFO - MainThread - Processing Excel Row 519
2026-06-30 20:29:37,895 - INFO - MainThread - Order: V4063003520
2026-06-30 20:29:37,895 - INFO - MainThread - Processing Excel Row 520
2026-06-30 20:29:37,895 - INFO - MainThread - Order: V4063003521
2026-06-30 20:29:37,896 - INFO - MainThread - Processing Excel Row 521
2026-06-30 20:29:37,896 - INFO - MainThread - Order: V4063003522
2026-06-30 20:29:37,896 - INFO - MainThread - Processing Excel Row 522
2026-06-30 20:29:37,897 - INFO - MainThread - Order: V4063003523
2026-06-30 20:29:37,897 - INFO - MainThread - Processing Excel Row 523
2026-06-30 20:29:37,898 - INFO - MainThread - Order: V4063003524
2026-06-30 20:29:37,898 - INFO - MainThread - Processing Excel Row 524
2026-06-30 20:29:37,899 - INFO - MainThread - Order: V4063003525
2026-06-30 20:29:37,899 - INFO - MainThread - Processing Excel Row 525
2026-06-30 20:29:37,900 - INFO - MainThread - Order: V4063003526
2026-06-30 20:29:37,900 - INFO - MainThread - Processing Excel Row 526
2026-06-30 20:29:37,901 - INFO - MainThread - Order: V4063003527
2026-06-30 20:29:37,901 - INFO - MainThread - Processing Excel Row 527
2026-06-30 20:29:37,902 - INFO - MainThread - Order: V4063003528
2026-06-30 20:29:37,902 - INFO - MainThread - Processing Excel Row 528
2026-06-30 20:29:37,903 - INFO - MainThread - Order: V4063003529
2026-06-30 20:29:37,903 - INFO - MainThread - Processing Excel Row 529
2026-06-30 20:29:37,904 - INFO - MainThread - Order: V4063003530
2026-06-30 20:29:37,904 - INFO - MainThread - Processing Excel Row 530
2026-06-30 20:29:37,905 - INFO - MainThread - Order: V4063003531
2026-06-30 20:29:37,905 - INFO - MainThread - Processing Excel Row 531
2026-06-30 20:29:37,906 - INFO - MainThread - Order: V4063003532
2026-06-30 20:29:37,906 - INFO - MainThread - Processing Excel Row 532
2026-06-30 20:29:37,907 - INFO - MainThread - Order: V4063003533
2026-06-30 20:29:37,907 - INFO - MainThread - Processing Excel Row 533
2026-06-30 20:29:37,908 - INFO - MainThread - Order: V4063003534
2026-06-30 20:29:37,908 - INFO - MainThread - Processing Excel Row 534
2026-06-30 20:29:37,909 - INFO - MainThread - Order: V4063003535
2026-06-30 20:29:37,909 - INFO - MainThread - Processing Excel Row 535
2026-06-30 20:29:37,910 - INFO - MainThread - Order: V4063003536
2026-06-30 20:29:37,910 - INFO - MainThread - Processing Excel Row 536
2026-06-30 20:29:37,911 - INFO - MainThread - Order: V4063003537
2026-06-30 20:29:37,911 - INFO - MainThread - Processing Excel Row 537
2026-06-30 20:29:37,912 - INFO - MainThread - Order: V4063003538
2026-06-30 20:29:37,912 - INFO - MainThread - Processing Excel Row 538
2026-06-30 20:29:37,913 - INFO - MainThread - Order: V4063003539
2026-06-30 20:29:37,913 - INFO - MainThread - Processing Excel Row 539
2026-06-30 20:29:37,914 - INFO - MainThread - Order: V4063003540
2026-06-30 20:29:37,914 - INFO - MainThread - Processing Excel Row 540
2026-06-30 20:29:37,915 - INFO - MainThread - Order: V4063003541
2026-06-30 20:29:37,915 - INFO - MainThread - Processing Excel Row 541
2026-06-30 20:29:37,916 - INFO - MainThread - Order: V4063003542
2026-06-30 20:29:37,916 - INFO - MainThread - Processing Excel Row 542
2026-06-30 20:29:37,917 - INFO - MainThread - Order: V4063003543
2026-06-30 20:29:37,917 - INFO - MainThread - Processing Excel Row 543
2026-06-30 20:29:37,918 - INFO - MainThread - Order: V4063003544
2026-06-30 20:29:37,918 - INFO - MainThread - Processing Excel Row 544
2026-06-30 20:29:37,919 - INFO - MainThread - Order: V4063003545
2026-06-30 20:29:37,919 - INFO - MainThread - Processing Excel Row 545
2026-06-30 20:29:37,920 - INFO - MainThread - Order: V4063003546
2026-06-30 20:29:37,920 - INFO - MainThread - Processing Excel Row 546
2026-06-30 20:29:37,921 - INFO - MainThread - Order: V4063003547
2026-06-30 20:29:37,921 - INFO - MainThread - Processing Excel Row 547
2026-06-30 20:29:37,922 - INFO - MainThread - Order: V4063003548
2026-06-30 20:29:37,922 - INFO - MainThread - Processing Excel Row 548
2026-06-30 20:29:37,923 - INFO - MainThread - Order: V4063003549
2026-06-30 20:29:37,923 - INFO - MainThread - Processing Excel Row 549
2026-06-30 20:29:37,924 - INFO - MainThread - Order: V4063003550
2026-06-30 20:29:37,924 - INFO - MainThread - Processing Excel Row 550
2026-06-30 20:29:37,925 - INFO - MainThread - Order: V4063003551
2026-06-30 20:29:37,925 - INFO - MainThread - Processing Excel Row 551
2026-06-30 20:29:37,926 - INFO - MainThread - Order: V4063003552
2026-06-30 20:29:37,926 - INFO - MainThread - Processing Excel Row 552
2026-06-30 20:29:37,927 - INFO - MainThread - Order: V4063003553
2026-06-30 20:29:37,927 - INFO - MainThread - Processing Excel Row 553
2026-06-30 20:29:37,928 - INFO - MainThread - Order: V4063003554
2026-06-30 20:29:37,928 - INFO - MainThread - Processing Excel Row 554
2026-06-30 20:29:37,929 - INFO - MainThread - Order: V4063003555
2026-06-30 20:29:37,929 - INFO - MainThread - Processing Excel Row 555
2026-06-30 20:29:37,929 - INFO - MainThread - Order: V4063003556
2026-06-30 20:29:37,930 - INFO - MainThread - Processing Excel Row 556
2026-06-30 20:29:37,931 - INFO - MainThread - Order: V4063003557
2026-06-30 20:29:37,931 - INFO - MainThread - Processing Excel Row 557
2026-06-30 20:29:37,932 - INFO - MainThread - Order: V4063003558
2026-06-30 20:29:37,932 - INFO - MainThread - Processing Excel Row 558
2026-06-30 20:29:37,933 - INFO - MainThread - Order: V4063003559
2026-06-30 20:29:37,933 - INFO - MainThread - Processing Excel Row 559
2026-06-30 20:29:37,934 - INFO - MainThread - Order: V4063003560
2026-06-30 20:29:37,934 - INFO - MainThread - Processing Excel Row 560
2026-06-30 20:29:37,935 - INFO - MainThread - Order: V4063003561
2026-06-30 20:29:37,935 - INFO - MainThread - Processing Excel Row 561
2026-06-30 20:29:37,936 - INFO - MainThread - Order: V4063003562
2026-06-30 20:29:37,936 - INFO - MainThread - Processing Excel Row 562
2026-06-30 20:29:37,937 - INFO - MainThread - Order: V4063003563
2026-06-30 20:29:37,937 - INFO - MainThread - Processing Excel Row 563
2026-06-30 20:29:37,938 - INFO - MainThread - Order: V4063003564
2026-06-30 20:29:37,938 - INFO - MainThread - Processing Excel Row 564
2026-06-30 20:29:37,939 - INFO - MainThread - Order: V4063003565
2026-06-30 20:29:37,939 - INFO - MainThread - Processing Excel Row 565
2026-06-30 20:29:37,940 - INFO - MainThread - Order: V4063003566
2026-06-30 20:29:37,940 - INFO - MainThread - Processing Excel Row 566
2026-06-30 20:29:37,941 - INFO - MainThread - Order: V4063003567
2026-06-30 20:29:37,941 - INFO - MainThread - Processing Excel Row 567
2026-06-30 20:29:37,941 - INFO - MainThread - Order: V4063003568
2026-06-30 20:29:37,942 - INFO - MainThread - Processing Excel Row 568
2026-06-30 20:29:37,942 - INFO - MainThread - Order: V4063003569
2026-06-30 20:29:37,942 - INFO - MainThread - Processing Excel Row 569
2026-06-30 20:29:37,943 - INFO - MainThread - Order: V4063003570
2026-06-30 20:29:37,943 - INFO - MainThread - Processing Excel Row 570
2026-06-30 20:29:37,944 - INFO - MainThread - Order: V4063003571
2026-06-30 20:29:37,944 - INFO - MainThread - Processing Excel Row 571
2026-06-30 20:29:37,945 - INFO - MainThread - Order: V4063003572
2026-06-30 20:29:37,945 - INFO - MainThread - Processing Excel Row 572
2026-06-30 20:29:37,946 - INFO - MainThread - Order: V4063003573
2026-06-30 20:29:37,946 - INFO - MainThread - Processing Excel Row 573
2026-06-30 20:29:37,947 - INFO - MainThread - Order: V4063003574
2026-06-30 20:29:37,947 - INFO - MainThread - Processing Excel Row 574
2026-06-30 20:29:37,948 - INFO - MainThread - Order: V4063003575
2026-06-30 20:29:37,948 - INFO - MainThread - Processing Excel Row 575
2026-06-30 20:29:37,949 - INFO - MainThread - Order: V4063003576
2026-06-30 20:29:37,949 - INFO - MainThread - Processing Excel Row 576
2026-06-30 20:29:37,949 - INFO - MainThread - Order: V4063003577
2026-06-30 20:29:37,950 - INFO - MainThread - Processing Excel Row 577
2026-06-30 20:29:37,950 - INFO - MainThread - Order: V4063003578
2026-06-30 20:29:37,950 - INFO - MainThread - Processing Excel Row 578
2026-06-30 20:29:37,951 - INFO - MainThread - Order: V4063003579
2026-06-30 20:29:37,952 - INFO - MainThread - Processing Excel Row 579
2026-06-30 20:29:37,953 - INFO - MainThread - Order: V4063003580
2026-06-30 20:29:37,953 - INFO - MainThread - Processing Excel Row 580
2026-06-30 20:29:37,954 - INFO - MainThread - Order: V4063003581
2026-06-30 20:29:37,954 - INFO - MainThread - Processing Excel Row 581
2026-06-30 20:29:37,955 - INFO - MainThread - Order: V4063003582
2026-06-30 20:29:37,955 - INFO - MainThread - Processing Excel Row 582
2026-06-30 20:29:37,956 - INFO - MainThread - Order: V4063003583
2026-06-30 20:29:37,956 - INFO - MainThread - Processing Excel Row 583
2026-06-30 20:29:37,957 - INFO - MainThread - Order: V4063003584
2026-06-30 20:29:37,957 - INFO - MainThread - Processing Excel Row 584
2026-06-30 20:29:37,958 - INFO - MainThread - Order: V4063003585
2026-06-30 20:29:37,958 - INFO - MainThread - Processing Excel Row 585
2026-06-30 20:29:37,959 - INFO - MainThread - Order: V4063003586
2026-06-30 20:29:37,959 - INFO - MainThread - Processing Excel Row 586
2026-06-30 20:29:37,960 - INFO - MainThread - Order: V4063003587
2026-06-30 20:29:37,960 - INFO - MainThread - Processing Excel Row 587
2026-06-30 20:29:37,961 - INFO - MainThread - Order: V4063003588
2026-06-30 20:29:37,961 - INFO - MainThread - Processing Excel Row 588
2026-06-30 20:29:37,962 - INFO - MainThread - Order: V4063003589
2026-06-30 20:29:37,962 - INFO - MainThread - Processing Excel Row 589
2026-06-30 20:29:37,963 - INFO - MainThread - Order: V4063003590
2026-06-30 20:29:37,963 - INFO - MainThread - Processing Excel Row 590
2026-06-30 20:29:37,963 - INFO - MainThread - Order: V4063003591
2026-06-30 20:29:37,964 - INFO - MainThread - Processing Excel Row 591
2026-06-30 20:29:37,964 - INFO - MainThread - Order: V4063003592
2026-06-30 20:29:37,964 - INFO - MainThread - Processing Excel Row 592
2026-06-30 20:29:37,965 - INFO - MainThread - Order: V4063003593
2026-06-30 20:29:37,965 - INFO - MainThread - Processing Excel Row 593
2026-06-30 20:29:37,966 - INFO - MainThread - Order: V4063003594
2026-06-30 20:29:37,966 - INFO - MainThread - Processing Excel Row 594
2026-06-30 20:29:37,967 - INFO - MainThread - Order: V4063003595
2026-06-30 20:29:37,967 - INFO - MainThread - Processing Excel Row 595
2026-06-30 20:29:37,968 - INFO - MainThread - Order: V4063003596
2026-06-30 20:29:37,968 - INFO - MainThread - Processing Excel Row 596
2026-06-30 20:29:37,969 - INFO - MainThread - Order: V4063003597
2026-06-30 20:29:37,969 - INFO - MainThread - Processing Excel Row 597
2026-06-30 20:29:37,970 - INFO - MainThread - Order: V4063003598
2026-06-30 20:29:37,970 - INFO - MainThread - Processing Excel Row 598
2026-06-30 20:29:37,971 - INFO - MainThread - Order: V4063003599
2026-06-30 20:29:37,971 - INFO - MainThread - Processing Excel Row 599
2026-06-30 20:29:37,972 - INFO - MainThread - Order: V4063003600
2026-06-30 20:29:37,972 - INFO - MainThread - Processing Excel Row 600
2026-06-30 20:29:37,973 - INFO - MainThread - Order: V4063003601
2026-06-30 20:29:37,973 - INFO - MainThread - Processing Excel Row 601
2026-06-30 20:29:37,974 - INFO - MainThread - Order: V4063003602
2026-06-30 20:29:37,974 - INFO - MainThread - Processing Excel Row 602
2026-06-30 20:29:37,975 - INFO - MainThread - Order: V4063003603
2026-06-30 20:29:37,975 - INFO - MainThread - Processing Excel Row 603
2026-06-30 20:29:37,976 - INFO - MainThread - Order: V4063003604
2026-06-30 20:29:37,976 - INFO - MainThread - Processing Excel Row 604
2026-06-30 20:29:37,977 - INFO - MainThread - Order: V4063003605
2026-06-30 20:29:37,977 - INFO - MainThread - Processing Excel Row 605
2026-06-30 20:29:37,978 - INFO - MainThread - Order: V4063003606
2026-06-30 20:29:37,978 - INFO - MainThread - Processing Excel Row 606
2026-06-30 20:29:37,979 - INFO - MainThread - Order: V4063003607
2026-06-30 20:29:37,979 - INFO - MainThread - Processing Excel Row 607
2026-06-30 20:29:37,980 - INFO - MainThread - Order: V4063003608
2026-06-30 20:29:37,980 - INFO - MainThread - Processing Excel Row 608
2026-06-30 20:29:37,981 - INFO - MainThread - Order: V4063003609
2026-06-30 20:29:37,981 - INFO - MainThread - Processing Excel Row 609
2026-06-30 20:29:37,982 - INFO - MainThread - Order: V4063003610
2026-06-30 20:29:37,982 - INFO - MainThread - Processing Excel Row 610
2026-06-30 20:29:37,983 - INFO - MainThread - Order: V4063003611
2026-06-30 20:29:37,983 - INFO - MainThread - Processing Excel Row 611
2026-06-30 20:29:37,984 - INFO - MainThread - Order: V4063003612
2026-06-30 20:29:37,984 - INFO - MainThread - Processing Excel Row 612
2026-06-30 20:29:37,985 - INFO - MainThread - Order: V4063003613
2026-06-30 20:29:37,985 - INFO - MainThread - Processing Excel Row 613
2026-06-30 20:29:37,986 - INFO - MainThread - Order: V4063003614
2026-06-30 20:29:37,986 - INFO - MainThread - Processing Excel Row 614
2026-06-30 20:29:37,987 - INFO - MainThread - Order: V4063003615
2026-06-30 20:29:37,987 - INFO - MainThread - Processing Excel Row 615
2026-06-30 20:29:37,988 - INFO - MainThread - Order: V4063003616
2026-06-30 20:29:37,988 - INFO - MainThread - Processing Excel Row 616
2026-06-30 20:29:37,989 - INFO - MainThread - Order: V4063003617
2026-06-30 20:29:37,989 - INFO - MainThread - Processing Excel Row 617
2026-06-30 20:29:37,990 - INFO - MainThread - Order: V4063003618
2026-06-30 20:29:37,990 - INFO - MainThread - Processing Excel Row 618
2026-06-30 20:29:37,992 - INFO - MainThread - Order: V4063003619
2026-06-30 20:29:37,992 - INFO - MainThread - Processing Excel Row 619
2026-06-30 20:29:37,994 - INFO - MainThread - Order: V4063003620
2026-06-30 20:29:37,994 - INFO - MainThread - Processing Excel Row 620
2026-06-30 20:29:37,995 - INFO - MainThread - Order: V4063003621
2026-06-30 20:29:37,996 - INFO - MainThread - Processing Excel Row 621
2026-06-30 20:29:37,997 - INFO - MainThread - Order: V4063003622
2026-06-30 20:29:37,997 - INFO - MainThread - Processing Excel Row 622
2026-06-30 20:29:37,998 - INFO - MainThread - Order: V4063003623
2026-06-30 20:29:37,998 - INFO - MainThread - Processing Excel Row 623
2026-06-30 20:29:37,999 - INFO - MainThread - Order: V4063003624
2026-06-30 20:29:37,999 - INFO - MainThread - Processing Excel Row 624
2026-06-30 20:29:38,000 - INFO - MainThread - Order: V4063003625
2026-06-30 20:29:38,000 - INFO - MainThread - Processing Excel Row 625
2026-06-30 20:29:38,001 - INFO - MainThread - Order: V4063003626
2026-06-30 20:29:38,001 - INFO - MainThread - Processing Excel Row 626
2026-06-30 20:29:38,002 - INFO - MainThread - Order: V4063003627
2026-06-30 20:29:38,002 - INFO - MainThread - Processing Excel Row 627
2026-06-30 20:29:38,003 - INFO - MainThread - Order: V4063003628
2026-06-30 20:29:38,003 - INFO - MainThread - Processing Excel Row 628
2026-06-30 20:29:38,004 - INFO - MainThread - Order: V4063003629
2026-06-30 20:29:38,004 - INFO - MainThread - Processing Excel Row 629
2026-06-30 20:29:38,005 - INFO - MainThread - Order: V4063003630
2026-06-30 20:29:38,005 - INFO - MainThread - Processing Excel Row 630
2026-06-30 20:29:38,006 - INFO - MainThread - Order: V4063003631
2026-06-30 20:29:38,006 - INFO - MainThread - Processing Excel Row 631
2026-06-30 20:29:38,006 - INFO - MainThread - Order: V4063003632
2026-06-30 20:29:38,006 - INFO - MainThread - Processing Excel Row 632
2026-06-30 20:29:38,007 - INFO - MainThread - Order: V4063003633
2026-06-30 20:29:38,007 - INFO - MainThread - Processing Excel Row 633
2026-06-30 20:29:38,008 - INFO - MainThread - Order: V4063003634
2026-06-30 20:29:38,008 - INFO - MainThread - Processing Excel Row 634
2026-06-30 20:29:38,009 - INFO - MainThread - Order: V4063003635
2026-06-30 20:29:38,009 - INFO - MainThread - Processing Excel Row 635
2026-06-30 20:29:38,010 - INFO - MainThread - Order: V4063003636
2026-06-30 20:29:38,010 - INFO - MainThread - Processing Excel Row 636
2026-06-30 20:29:38,011 - INFO - MainThread - Order: V4063003637
2026-06-30 20:29:38,011 - INFO - MainThread - Processing Excel Row 637
2026-06-30 20:29:38,012 - INFO - MainThread - Order: V4063003638
2026-06-30 20:29:38,012 - INFO - MainThread - Processing Excel Row 638
2026-06-30 20:29:38,013 - INFO - MainThread - Order: V4063003639
2026-06-30 20:29:38,013 - INFO - MainThread - Processing Excel Row 639
2026-06-30 20:29:38,014 - INFO - MainThread - Order: V4063003640
2026-06-30 20:29:38,014 - INFO - MainThread - Processing Excel Row 640
2026-06-30 20:29:38,015 - INFO - MainThread - Order: V4063003641
2026-06-30 20:29:38,015 - INFO - MainThread - Processing Excel Row 641
2026-06-30 20:29:38,015 - INFO - MainThread - Order: V4063003642
2026-06-30 20:29:38,015 - INFO - MainThread - Processing Excel Row 642
2026-06-30 20:29:38,016 - INFO - MainThread - Order: V4063003643
2026-06-30 20:29:38,016 - INFO - MainThread - Processing Excel Row 643
2026-06-30 20:29:38,017 - INFO - MainThread - Order: V4063003644
2026-06-30 20:29:38,017 - INFO - MainThread - Processing Excel Row 644
2026-06-30 20:29:38,018 - INFO - MainThread - Order: V4063003645
2026-06-30 20:29:38,018 - INFO - MainThread - Processing Excel Row 645
2026-06-30 20:29:38,019 - INFO - MainThread - Order: V4063003646
2026-06-30 20:29:38,020 - INFO - MainThread - Processing Excel Row 646
2026-06-30 20:29:38,021 - INFO - MainThread - Order: V4063003647
2026-06-30 20:29:38,021 - INFO - MainThread - Processing Excel Row 647
2026-06-30 20:29:38,022 - INFO - MainThread - Order: V4063003648
2026-06-30 20:29:38,022 - INFO - MainThread - Processing Excel Row 648
2026-06-30 20:29:38,023 - INFO - MainThread - Order: V4063003649
2026-06-30 20:29:38,023 - INFO - MainThread - Processing Excel Row 649
2026-06-30 20:29:38,024 - INFO - MainThread - Order: V4063003650
2026-06-30 20:29:38,024 - INFO - MainThread - Processing Excel Row 650
2026-06-30 20:29:38,028 - INFO - MainThread - Order: V4063003651
2026-06-30 20:29:38,028 - INFO - MainThread - Processing Excel Row 651
2026-06-30 20:29:38,030 - INFO - MainThread - Order: V4063003652
2026-06-30 20:29:38,030 - INFO - MainThread - Processing Excel Row 652
2026-06-30 20:29:38,032 - INFO - MainThread - Order: V4063003653
2026-06-30 20:29:38,032 - INFO - MainThread - Processing Excel Row 653
2026-06-30 20:29:38,040 - INFO - MainThread - Order: V4063003654
2026-06-30 20:29:38,040 - INFO - MainThread - Processing Excel Row 654
2026-06-30 20:29:38,042 - INFO - MainThread - Order: V4063003655
2026-06-30 20:29:38,042 - INFO - MainThread - Processing Excel Row 655
2026-06-30 20:29:38,043 - INFO - MainThread - Order: V4063003656
2026-06-30 20:29:38,043 - INFO - MainThread - Processing Excel Row 656
2026-06-30 20:29:38,044 - INFO - MainThread - Order: V4063003657
2026-06-30 20:29:38,044 - INFO - MainThread - Processing Excel Row 657
2026-06-30 20:29:38,046 - INFO - MainThread - Order: V4063003658
2026-06-30 20:29:38,046 - INFO - MainThread - Processing Excel Row 658
2026-06-30 20:29:38,047 - INFO - MainThread - Order: V4063003659
2026-06-30 20:29:38,047 - INFO - MainThread - Processing Excel Row 659
2026-06-30 20:29:38,047 - INFO - MainThread - Order: V4063003660
2026-06-30 20:29:38,163 - INFO - MainThread - Sheets found in '/Users/vgana3/Documents/GitHub/Nike/J30/Input_files/Outbound_Worksheet.xlsx': ['CreateOrder', 'Parent_Order', 'BackUp', 'TranLog', 'MHE_Journal', 'OriginalOrderInput', 'CreateShipment', 'MasterData', 'MasterInput', 'Shipment_ID', 'Item_info', 'B2B_SUB_HUB']
2026-06-30 20:29:38,791 - INFO - MainThread - Total payloads to send: 659
2026-06-30 20:29:38,791 - INFO - MainThread - Using 5 worker thread(s).
2026-06-30 20:29:39,522 - INFO - ThreadPoolExecutor-0_0 - [PROD] Sending payload 1/659 | Order Number: V4063003002
2026-06-30 20:29:39,522 - INFO - ThreadPoolExecutor-0_1 - [PROD] Sending payload 2/659 | Order Number: V4063003003
2026-06-30 20:29:39,523 - INFO - ThreadPoolExecutor-0_2 - [PROD] Sending payload 3/659 | Order Number: V4063003004
2026-06-30 20:29:39,523 - INFO - ThreadPoolExecutor-0_3 - [PROD] Sending payload 4/659 | Order Number: V4063003005
2026-06-30 20:29:39,523 - INFO - ThreadPoolExecutor-0_4 - [PROD] Sending payload 5/659 | Order Number: V4063003006
2026-06-30 20:29:44,024 - INFO - ThreadPoolExecutor-0_1 - [PROD] Payload 2/659 sent successfully. Status Code: 200
2026-06-30 20:29:44,026 - INFO - ThreadPoolExecutor-0_1 - [PROD] Sending payload 6/659 | Order Number: V4063003007
2026-06-30 20:29:44,479 - INFO - ThreadPoolExecutor-0_3 - [PROD] Payload 4/659 sent successfully. Status Code: 200
2026-06-30 20:29:44,480 - INFO - ThreadPoolExecutor-0_3 - [PROD] Sending payload 7/659 | Order Number: V4063003008
2026-06-30 20:29:44,894 - INFO - ThreadPoolExecutor-0_4 - [PROD] Payload 5/659 sent successfully. Status Code: 200
2026-06-30 20:29:44,896 - INFO - ThreadPoolExecutor-0_4 - [PROD] Sending payload 8/659 | Order Number: V4063003009
2026-06-30 20:29:44,910 - INFO - ThreadPoolExecutor-0_2 - [PROD] Payload 3/659 sent successfully. Status Code: 200
2026-06-30 20:29:44,910 - INFO - ThreadPoolExecutor-0_2 - [PROD] Sending payload 9/659 | Order Number: V4063003010
2026-06-30 20:29:44,927 - INFO - ThreadPoolExecutor-0_0 - [PROD] Payload 1/659 sent successfully. Status Code: 200
2026-06-30 20:29:44,927 - INFO - ThreadPoolExecutor-0_0 - [PROD] Sending payload 10/659 | Order Number: V4063003011
2026-06-30 20:29:46,669 - INFO - ThreadPoolExecutor-0_1 - [PROD] Payload 6/659 sent successfully. Status Code: 200
2026-06-30 20:29:46,671 - INFO - ThreadPoolExecutor-0_1 - [PROD] Sending payload 11/659 | Order Number: V4063003012
2026-06-30 20:29:47,103 - INFO - ThreadPoolExecutor-0_2 - [PROD] Payload 9/659 sent successfully. Status Code: 200
2026-06-30 20:29:47,107 - INFO - ThreadPoolExecutor-0_2 - [PROD] Sending payload 12/659 | Order Number: V4063003013
2026-06-30 20:29:47,112 - INFO - ThreadPoolExecutor-0_4 - [PROD] Payload 8/659 sent successfully. Status Code: 200
2026-06-30 20:29:47,113 - INFO - ThreadPoolExecutor-0_4 - [PROD] Sending payload 13/659 | Order Number: V4063003014
2026-06-30 20:29:47,352 - INFO - ThreadPoolExecutor-0_3 - [PROD] Payload 7/659 sent successfully. Status Code: 200
2026-06-30 20:29:47,352 - INFO - ThreadPoolExecutor-0_3 - [PROD] Sending payload 14/659 | Order Number: V4063003015
2026-06-30 20:29:47,416 - INFO - ThreadPoolExecutor-0_0 - [PROD] Payload 10/659 sent successfully. Status Code: 200
2026-06-30 20:29:47,417 - INFO - ThreadPoolExecutor-0_0 - [PROD] Sending payload 15/659 | Order Number: V4063003016
2026-06-30 20:29:49,011 - INFO - ThreadPoolExecutor-0_2 - [PROD] Payload 12/659 sent successfully. Status Code: 200
2026-06-30 20:29:49,013 - INFO - ThreadPoolExecutor-0_2 - [PROD] Sending payload 16/659 | Order Number: V4063003017
2026-06-30 20:29:49,192 - INFO - ThreadPoolExecutor-0_3 - [PROD] Payload 14/659 sent successfully. Status Code: 200
2026-06-30 20:29:49,194 - INFO - ThreadPoolExecutor-0_3 - [PROD] Sending payload 17/659 | Order Number: V4063003018
2026-06-30 20:29:49,251 - INFO - ThreadPoolExecutor-0_1 - [PROD] Payload 11/659 sent successfully. Status Code: 200
2026-06-30 20:29:49,252 - INFO - ThreadPoolExecutor-0_1 - [PROD] Sending payload 18/659 | Order Number: V4063003019
2026-06-30 20:29:49,596 - INFO - ThreadPoolExecutor-0_0 - [PROD] Payload 15/659 sent successfully. Status Code: 200
2026-06-30 20:29:49,597 - INFO - ThreadPoolExecutor-0_0 - [PROD] Sending payload 19/659 | Order Number: V4063003020
2026-06-30 20:29:49,728 - INFO - ThreadPoolExecutor-0_4 - [PROD] Payload 13/659 sent successfully. Status Code: 200
2026-06-30 20:29:49,733 - INFO - ThreadPoolExecutor-0_4 - [PROD] Sending payload 20/659 | Order Number: V4063003021
2026-06-30 20:29:50,846 - INFO - ThreadPoolExecutor-0_2 - [PROD] Payload 16/659 sent successfully. Status Code: 200
2026-06-30 20:29:50,847 - INFO - ThreadPoolExecutor-0_2 - [PROD] Sending payload 21/659 | Order Number: V4063003022
2026-06-30 20:29:51,021 - INFO - ThreadPoolExecutor-0_3 - [PROD] Payload 17/659 sent successfully. Status Code: 200
2026-06-30 20:29:51,023 - INFO - ThreadPoolExecutor-0_3 - [PROD] Sending payload 22/659 | Order Number: V4063003023
2026-06-30 20:29:51,574 - INFO - ThreadPoolExecutor-0_4 - [PROD] Payload 20/659 sent successfully. Status Code: 200
2026-06-30 20:29:51,576 - INFO - ThreadPoolExecutor-0_4 - [PROD] Sending payload 23/659 | Order Number: V4063003024
2026-06-30 20:29:51,782 - INFO - ThreadPoolExecutor-0_1 - [PROD] Payload 18/659 sent successfully. Status Code: 200
2026-06-30 20:29:51,783 - INFO - ThreadPoolExecutor-0_1 - [PROD] Sending payload 24/659 | Order Number: V4063003025
2026-06-30 20:29:52,439 - INFO - ThreadPoolExecutor-0_0 - [PROD] Payload 19/659 sent successfully. Status Code: 200
2026-06-30 20:29:52,441 - INFO - ThreadPoolExecutor-0_0 - [PROD] Sending payload 25/659 | Order Number: V4063003026
2026-06-30 20:29:52,846 - INFO - ThreadPoolExecutor-0_2 - [PROD] Payload 21/659 sent successfully. Status Code: 200
2026-06-30 20:29:52,848 - INFO - ThreadPoolExecutor-0_2 - [PROD] Sending payload 26/659 | Order Number: V4063003027
2026-06-30 20:29:52,931 - INFO - ThreadPoolExecutor-0_3 - [PROD] Payload 22/659 sent successfully. Status Code: 200
2026-06-30 20:29:52,931 - INFO - ThreadPoolExecutor-0_3 - [PROD] Sending payload 27/659 | Order Number: V4063003028
2026-06-30 20:29:54,004 - INFO - ThreadPoolExecutor-0_1 - [PROD] Payload 24/659 sent successfully. Status Code: 200
2026-06-30 20:29:54,005 - INFO - ThreadPoolExecutor-0_1 - [PROD] Sending payload 28/659 | Order Number: V4063003029
2026-06-30 20:29:54,401 - INFO - ThreadPoolExecutor-0_0 - [PROD] Payload 25/659 sent successfully. Status Code: 200
2026-06-30 20:29:54,402 - INFO - ThreadPoolExecutor-0_0 - [PROD] Sending payload 29/659 | Order Number: V4063003030
2026-06-30 20:29:54,801 - INFO - ThreadPoolExecutor-0_3 - [PROD] Payload 27/659 sent successfully. Status Code: 200
2026-06-30 20:29:54,807 - INFO - ThreadPoolExecutor-0_3 - [PROD] Sending payload 30/659 | Order Number: V4063003031
2026-06-30 20:29:55,316 - INFO - ThreadPoolExecutor-0_4 - [PROD] Payload 23/659 sent successfully. Status Code: 200
2026-06-30 20:29:55,318 - INFO - ThreadPoolExecutor-0_4 - [PROD] Sending payload 31/659 | Order Number: V4063003032
2026-06-30 20:29:55,322 - INFO - ThreadPoolExecutor-0_2 - [PROD] Payload 26/659 sent successfully. Status Code: 200
2026-06-30 20:29:55,323 - INFO - ThreadPoolExecutor-0_2 - [PROD] Sending payload 32/659 | Order Number: V4063003033
2026-06-30 20:29:55,897 - INFO - ThreadPoolExecutor-0_1 - [PROD] Payload 28/659 sent successfully. Status Code: 200
2026-06-30 20:29:55,899 - INFO - ThreadPoolExecutor-0_1 - [PROD] Sending payload 33/659 | Order Number: V4063003034
2026-06-30 20:29:56,713 - INFO - ThreadPoolExecutor-0_3 - [PROD] Payload 30/659 sent successfully. Status Code: 200
2026-06-30 20:29:56,714 - INFO - ThreadPoolExecutor-0_3 - [PROD] Sending payload 34/659 | Order Number: V4063003035
2026-06-30 20:29:57,043 - INFO - ThreadPoolExecutor-0_0 - [PROD] Payload 29/659 sent successfully. Status Code: 200
2026-06-30 20:29:57,044 - INFO - ThreadPoolExecutor-0_0 - [PROD] Sending payload 35/659 | Order Number: V4063003036
2026-06-30 20:29:57,202 - INFO - ThreadPoolExecutor-0_2 - [PROD] Payload 32/659 sent successfully. Status Code: 200
2026-06-30 20:29:57,202 - INFO - ThreadPoolExecutor-0_2 - [PROD] Sending payload 36/659 | Order Number: V4063003037
2026-06-30 20:29:57,923 - INFO - ThreadPoolExecutor-0_1 - [PROD] Payload 33/659 sent successfully. Status Code: 200
2026-06-30 20:29:57,923 - INFO - ThreadPoolExecutor-0_1 - [PROD] Sending payload 37/659 | Order Number: V4063003038
2026-06-30 20:29:58,550 - INFO - ThreadPoolExecutor-0_3 - [PROD] Payload 34/659 sent successfully. Status Code: 200
2026-06-30 20:29:58,552 - INFO - ThreadPoolExecutor-0_3 - [PROD] Sending payload 38/659 | Order Number: V4063003039
2026-06-30 20:29:58,881 - INFO - ThreadPoolExecutor-0_0 - [PROD] Payload 35/659 sent successfully. Status Code: 200
2026-06-30 20:29:58,883 - INFO - ThreadPoolExecutor-0_0 - [PROD] Sending payload 39/659 | Order Number: V4063003040
2026-06-30 20:29:59,047 - INFO - ThreadPoolExecutor-0_4 - [PROD] Payload 31/659 sent successfully. Status Code: 200
2026-06-30 20:29:59,048 - INFO - ThreadPoolExecutor-0_4 - [PROD] Sending payload 40/659 | Order Number: V4063003041
2026-06-30 20:29:59,103 - INFO - ThreadPoolExecutor-0_2 - [PROD] Payload 36/659 sent successfully. Status Code: 200
2026-06-30 20:29:59,104 - INFO - ThreadPoolExecutor-0_2 - [PROD] Sending payload 41/659 | Order Number: V4063003042
2026-06-30 20:29:59,758 - INFO - ThreadPoolExecutor-0_1 - [PROD] Payload 37/659 sent successfully. Status Code: 200
2026-06-30 20:29:59,762 - INFO - ThreadPoolExecutor-0_1 - [PROD] Sending payload 42/659 | Order Number: V4063003043
2026-06-30 20:30:00,583 - INFO - ThreadPoolExecutor-0_3 - [PROD] Payload 38/659 sent successfully. Status Code: 200
2026-06-30 20:30:00,585 - INFO - ThreadPoolExecutor-0_3 - [PROD] Sending payload 43/659 | Order Number: V4063003044
2026-06-30 20:30:01,048 - INFO - ThreadPoolExecutor-0_2 - [PROD] Payload 41/659 sent successfully. Status Code: 200
2026-06-30 20:30:01,050 - INFO - ThreadPoolExecutor-0_2 - [PROD] Sending payload 44/659 | Order Number: V4063003045
2026-06-30 20:30:01,318 - INFO - ThreadPoolExecutor-0_0 - [PROD] Payload 39/659 sent successfully. Status Code: 200
2026-06-30 20:30:01,320 - INFO - ThreadPoolExecutor-0_0 - [PROD] Sending payload 45/659 | Order Number: V4063003046
2026-06-30 20:30:01,453 - INFO - ThreadPoolExecutor-0_4 - [PROD] Payload 40/659 sent successfully. Status Code: 200
2026-06-30 20:30:01,453 - INFO - ThreadPoolExecutor-0_4 - [PROD] Sending payload 46/659 | Order Number: V4063003047
2026-06-30 20:30:02,089 - INFO - ThreadPoolExecutor-0_1 - [PROD] Payload 42/659 sent successfully. Status Code: 200
2026-06-30 20:30:02,092 - INFO - ThreadPoolExecutor-0_1 - [PROD] Sending payload 47/659 | Order Number: V4063003048
2026-06-30 20:30:02,762 - INFO - ThreadPoolExecutor-0_3 - [PROD] Payload 43/659 sent successfully. Status Code: 200
2026-06-30 20:30:02,764 - INFO - ThreadPoolExecutor-0_3 - [PROD] Sending payload 48/659 | Order Number: V4063003049
2026-06-30 20:30:03,541 - INFO - ThreadPoolExecutor-0_2 - [PROD] Payload 44/659 sent successfully. Status Code: 200
2026-06-30 20:30:03,542 - INFO - ThreadPoolExecutor-0_0 - [PROD] Payload 45/659 sent successfully. Status Code: 200
2026-06-30 20:30:03,542 - INFO - ThreadPoolExecutor-0_2 - [PROD] Sending payload 49/659 | Order Number: V4063003050
2026-06-30 20:30:03,543 - INFO - ThreadPoolExecutor-0_0 - [PROD] Sending payload 50/659 | Order Number: V4063003051
2026-06-30 20:30:03,663 - INFO - ThreadPoolExecutor-0_4 - [PROD] Payload 46/659 sent successfully. Status Code: 200
2026-06-30 20:30:03,664 - INFO - ThreadPoolExecutor-0_4 - [PROD] Sending payload 51/659 | Order Number: V4063003052
2026-06-30 20:30:04,315 - INFO - ThreadPoolExecutor-0_1 - [PROD] Payload 47/659 sent successfully. Status Code: 200
2026-06-30 20:30:04,316 - INFO - ThreadPoolExecutor-0_1 - [PROD] Sending payload 52/659 | Order Number: V4063003053
2026-06-30 20:30:04,843 - INFO - ThreadPoolExecutor-0_3 - [PROD] Payload 48/659 sent successfully. Status Code: 200
2026-06-30 20:30:04,844 - INFO - ThreadPoolExecutor-0_3 - [PROD] Sending payload 53/659 | Order Number: V4063003054
2026-06-30 20:30:05,558 - INFO - ThreadPoolExecutor-0_2 - [PROD] Payload 49/659 sent successfully. Status Code: 200
2026-06-30 20:30:05,559 - INFO - ThreadPoolExecutor-0_2 - [PROD] Sending payload 54/659 | Order Number: V4063003055
2026-06-30 20:30:05,641 - INFO - ThreadPoolExecutor-0_0 - [PROD] Payload 50/659 sent successfully. Status Code: 200
2026-06-30 20:30:05,643 - INFO - ThreadPoolExecutor-0_0 - [PROD] Sending payload 55/659 | Order Number: V4063003056
2026-06-30 20:30:05,697 - INFO - ThreadPoolExecutor-0_4 - [PROD] Payload 51/659 sent successfully. Status Code: 200
2026-06-30 20:30:05,697 - INFO - ThreadPoolExecutor-0_4 - [PROD] Sending payload 56/659 | Order Number: V4063003057
2026-06-30 20:30:06,242 - INFO - ThreadPoolExecutor-0_1 - [PROD] Payload 52/659 sent successfully. Status Code: 200
2026-06-30 20:30:06,244 - INFO - ThreadPoolExecutor-0_1 - [PROD] Sending payload 57/659 | Order Number: V4063003058
2026-06-30 20:30:06,824 - INFO - ThreadPoolExecutor-0_3 - [PROD] Payload 53/659 sent successfully. Status Code: 200
2026-06-30 20:30:06,825 - INFO - ThreadPoolExecutor-0_3 - [PROD] Sending payload 58/659 | Order Number: V4063003059
2026-06-30 20:30:07,497 - INFO - ThreadPoolExecutor-0_2 - [PROD] Payload 54/659 sent successfully. Status Code: 200
2026-06-30 20:30:07,499 - INFO - ThreadPoolExecutor-0_2 - [PROD] Sending payload 59/659 | Order Number: V4063003060
2026-06-30 20:30:07,506 - INFO - ThreadPoolExecutor-0_0 - [PROD] Payload 55/659 sent successfully. Status Code: 200
2026-06-30 20:30:07,507 - INFO - ThreadPoolExecutor-0_0 - [PROD] Sending payload 60/659 | Order Number: V4063003061
2026-06-30 20:30:07,954 - INFO - ThreadPoolExecutor-0_4 - [PROD] Payload 56/659 sent successfully. Status Code: 200
2026-06-30 20:30:07,956 - INFO - ThreadPoolExecutor-0_4 - [PROD] Sending payload 61/659 | Order Number: V4063003062
2026-06-30 20:30:08,325 - INFO - ThreadPoolExecutor-0_1 - [PROD] Payload 57/659 sent successfully. Status Code: 200
2026-06-30 20:30:08,327 - INFO - ThreadPoolExecutor-0_1 - [PROD] Sending payload 62/659 | Order Number: V4063003063
2026-06-30 20:30:08,774 - INFO - ThreadPoolExecutor-0_3 - [PROD] Payload 58/659 sent successfully. Status Code: 200
2026-06-30 20:30:08,776 - INFO - ThreadPoolExecutor-0_3 - [PROD] Sending payload 63/659 | Order Number: V4063003064
2026-06-30 20:30:09,362 - INFO - ThreadPoolExecutor-0_0 - [PROD] Payload 60/659 sent successfully. Status Code: 200
2026-06-30 20:30:09,363 - INFO - ThreadPoolExecutor-0_0 - [PROD] Sending payload 64/659 | Order Number: V4063003065
2026-06-30 20:30:09,544 - INFO - ThreadPoolExecutor-0_2 - [PROD] Payload 59/659 sent successfully. Status Code: 200
2026-06-30 20:30:09,546 - INFO - ThreadPoolExecutor-0_2 - [PROD] Sending payload 65/659 | Order Number: V4063003066
2026-06-30 20:30:09,827 - INFO - ThreadPoolExecutor-0_4 - [PROD] Payload 61/659 sent successfully. Status Code: 200
2026-06-30 20:30:09,829 - INFO - ThreadPoolExecutor-0_4 - [PROD] Sending payload 66/659 | Order Number: V4063003067
2026-06-30 20:30:10,718 - INFO - ThreadPoolExecutor-0_3 - [PROD] Payload 63/659 sent successfully. Status Code: 200
2026-06-30 20:30:10,720 - INFO - ThreadPoolExecutor-0_3 - [PROD] Sending payload 67/659 | Order Number: V4063003068
2026-06-30 20:30:11,278 - INFO - ThreadPoolExecutor-0_0 - [PROD] Payload 64/659 sent successfully. Status Code: 200
2026-06-30 20:30:11,280 - INFO - ThreadPoolExecutor-0_0 - [PROD] Sending payload 68/659 | Order Number: V4063003069
2026-06-30 20:30:11,283 - INFO - ThreadPoolExecutor-0_1 - [PROD] Payload 62/659 sent successfully. Status Code: 200
2026-06-30 20:30:11,284 - INFO - ThreadPoolExecutor-0_1 - [PROD] Sending payload 69/659 | Order Number: V4063003070
2026-06-30 20:30:11,531 - INFO - ThreadPoolExecutor-0_2 - [PROD] Payload 65/659 sent successfully. Status Code: 200
2026-06-30 20:30:11,534 - INFO - ThreadPoolExecutor-0_2 - [PROD] Sending payload 70/659 | Order Number: V4063003071
2026-06-30 20:30:11,694 - INFO - ThreadPoolExecutor-0_4 - [PROD] Payload 66/659 sent successfully. Status Code: 200
2026-06-30 20:30:11,696 - INFO - ThreadPoolExecutor-0_4 - [PROD] Sending payload 71/659 | Order Number: V4063003072
2026-06-30 20:30:12,660 - INFO - ThreadPoolExecutor-0_3 - [PROD] Payload 67/659 sent successfully. Status Code: 200
2026-06-30 20:30:12,663 - INFO - ThreadPoolExecutor-0_3 - [PROD] Sending payload 72/659 | Order Number: V4063003073
2026-06-30 20:30:13,150 - INFO - ThreadPoolExecutor-0_0 - [PROD] Payload 68/659 sent successfully. Status Code: 200
2026-06-30 20:30:13,153 - INFO - ThreadPoolExecutor-0_0 - [PROD] Sending payload 73/659 | Order Number: V4063003074
2026-06-30 20:30:13,209 - INFO - ThreadPoolExecutor-0_1 - [PROD] Payload 69/659 sent successfully. Status Code: 200
2026-06-30 20:30:13,210 - INFO - ThreadPoolExecutor-0_1 - [PROD] Sending payload 74/659 | Order Number: V4063003075
2026-06-30 20:30:13,380 - INFO - ThreadPoolExecutor-0_2 - [PROD] Payload 70/659 sent successfully. Status Code: 200
2026-06-30 20:30:13,381 - INFO - ThreadPoolExecutor-0_2 - [PROD] Sending payload 75/659 | Order Number: V4063003076
2026-06-30 20:30:13,530 - INFO - ThreadPoolExecutor-0_4 - [PROD] Payload 71/659 sent successfully. Status Code: 200
2026-06-30 20:30:13,530 - INFO - ThreadPoolExecutor-0_4 - [PROD] Sending payload 76/659 | Order Number: V4063003077
2026-06-30 20:30:14,586 - INFO - ThreadPoolExecutor-0_3 - [PROD] Payload 72/659 sent successfully. Status Code: 200
2026-06-30 20:30:14,587 - INFO - ThreadPoolExecutor-0_3 - [PROD] Sending payload 77/659 | Order Number: V4063003078
2026-06-30 20:30:15,050 - INFO - ThreadPoolExecutor-0_1 - [PROD] Payload 74/659 sent successfully. Status Code: 200
2026-06-30 20:30:15,052 - INFO - ThreadPoolExecutor-0_1 - [PROD] Sending payload 78/659 | Order Number: V4063003079
2026-06-30 20:30:15,102 - INFO - ThreadPoolExecutor-0_0 - [PROD] Payload 73/659 sent successfully. Status Code: 200
2026-06-30 20:30:15,104 - INFO - ThreadPoolExecutor-0_0 - [PROD] Sending payload 79/659 | Order Number: V4063003080
2026-06-30 20:30:15,220 - INFO - ThreadPoolExecutor-0_2 - [PROD] Payload 75/659 sent successfully. Status Code: 200
2026-06-30 20:30:15,222 - INFO - ThreadPoolExecutor-0_2 - [PROD] Sending payload 80/659 | Order Number: V4063003081
2026-06-30 20:30:15,387 - INFO - ThreadPoolExecutor-0_4 - [PROD] Payload 76/659 sent successfully. Status Code: 200
2026-06-30 20:30:15,388 - INFO - ThreadPoolExecutor-0_4 - [PROD] Sending payload 81/659 | Order Number: V4063003082
2026-06-30 20:30:16,409 - INFO - ThreadPoolExecutor-0_3 - [PROD] Payload 77/659 sent successfully. Status Code: 200
2026-06-30 20:30:16,410 - INFO - ThreadPoolExecutor-0_3 - [PROD] Sending payload 82/659 | Order Number: V4063003083
2026-06-30 20:30:16,921 - INFO - ThreadPoolExecutor-0_1 - [PROD] Payload 78/659 sent successfully. Status Code: 200
2026-06-30 20:30:16,922 - INFO - ThreadPoolExecutor-0_1 - [PROD] Sending payload 83/659 | Order Number: V4063003084
2026-06-30 20:30:16,968 - INFO - ThreadPoolExecutor-0_0 - [PROD] Payload 79/659 sent successfully. Status Code: 200
2026-06-30 20:30:16,968 - INFO - ThreadPoolExecutor-0_0 - [PROD] Sending payload 84/659 | Order Number: V4063003085
2026-06-30 20:30:17,134 - INFO - ThreadPoolExecutor-0_2 - [PROD] Payload 80/659 sent successfully. Status Code: 200
2026-06-30 20:30:17,134 - INFO - ThreadPoolExecutor-0_2 - [PROD] Sending payload 85/659 | Order Number: V4063003086
2026-06-30 20:30:17,627 - INFO - ThreadPoolExecutor-0_4 - [PROD] Payload 81/659 sent successfully. Status Code: 200
2026-06-30 20:30:17,628 - INFO - ThreadPoolExecutor-0_4 - [PROD] Sending payload 86/659 | Order Number: V4063003087
2026-06-30 20:30:18,312 - INFO - ThreadPoolExecutor-0_3 - [PROD] Payload 82/659 sent successfully. Status Code: 200
2026-06-30 20:30:18,313 - INFO - ThreadPoolExecutor-0_3 - [PROD] Sending payload 87/659 | Order Number: V4063003088
2026-06-30 20:30:18,792 - INFO - ThreadPoolExecutor-0_1 - [PROD] Payload 83/659 sent successfully. Status Code: 200
2026-06-30 20:30:18,793 - INFO - ThreadPoolExecutor-0_1 - [PROD] Sending payload 88/659 | Order Number: V4063003089
2026-06-30 20:30:18,917 - INFO - ThreadPoolExecutor-0_0 - [PROD] Payload 84/659 sent successfully. Status Code: 200
2026-06-30 20:30:18,918 - INFO - ThreadPoolExecutor-0_0 - [PROD] Sending payload 89/659 | Order Number: V4063003090
2026-06-30 20:30:19,082 - INFO - ThreadPoolExecutor-0_2 - [PROD] Payload 85/659 sent successfully. Status Code: 200
2026-06-30 20:30:19,084 - INFO - ThreadPoolExecutor-0_2 - [PROD] Sending payload 90/659 | Order Number: V4063003091
2026-06-30 20:30:19,500 - INFO - ThreadPoolExecutor-0_4 - [PROD] Payload 86/659 sent successfully. Status Code: 200
2026-06-30 20:30:19,502 - INFO - ThreadPoolExecutor-0_4 - [PROD] Sending payload 91/659 | Order Number: V4063003092
2026-06-30 20:30:20,246 - INFO - ThreadPoolExecutor-0_3 - [PROD] Payload 87/659 sent successfully. Status Code: 200
2026-06-30 20:30:20,251 - INFO - ThreadPoolExecutor-0_3 - [PROD] Sending payload 92/659 | Order Number: V4063003093
2026-06-30 20:30:20,718 - INFO - ThreadPoolExecutor-0_1 - [PROD] Payload 88/659 sent successfully. Status Code: 200
2026-06-30 20:30:20,720 - INFO - ThreadPoolExecutor-0_1 - [PROD] Sending payload 93/659 | Order Number: V4063003094
2026-06-30 20:30:20,838 - INFO - ThreadPoolExecutor-0_0 - [PROD] Payload 89/659 sent successfully. Status Code: 200
2026-06-30 20:30:20,839 - INFO - ThreadPoolExecutor-0_0 - [PROD] Sending payload 94/659 | Order Number: V4063003095
2026-06-30 20:30:20,939 - INFO - ThreadPoolExecutor-0_2 - [PROD] Payload 90/659 sent successfully. Status Code: 200
2026-06-30 20:30:20,942 - INFO - ThreadPoolExecutor-0_2 - [PROD] Sending payload 95/659 | Order Number: V4063003096
2026-06-30 20:30:21,551 - INFO - ThreadPoolExecutor-0_4 - [PROD] Payload 91/659 sent successfully. Status Code: 200
2026-06-30 20:30:21,552 - INFO - ThreadPoolExecutor-0_4 - [PROD] Sending payload 96/659 | Order Number: V4063003097
2026-06-30 20:30:22,143 - INFO - ThreadPoolExecutor-0_3 - [PROD] Payload 92/659 sent successfully. Status Code: 200
2026-06-30 20:30:22,144 - INFO - ThreadPoolExecutor-0_3 - [PROD] Sending payload 97/659 | Order Number: V4063003098
2026-06-30 20:30:22,656 - INFO - ThreadPoolExecutor-0_1 - [PROD] Payload 93/659 sent successfully. Status Code: 200
2026-06-30 20:30:22,657 - INFO - ThreadPoolExecutor-0_1 - [PROD] Sending payload 98/659 | Order Number: V4063003099
2026-06-30 20:30:22,734 - INFO - ThreadPoolExecutor-0_0 - [PROD] Payload 94/659 sent successfully. Status Code: 200
2026-06-30 20:30:22,735 - INFO - ThreadPoolExecutor-0_0 - [PROD] Sending payload 99/659 | Order Number: V4063003100
2026-06-30 20:30:22,931 - INFO - ThreadPoolExecutor-0_2 - [PROD] Payload 95/659 sent successfully. Status Code: 200
2026-06-30 20:30:22,932 - INFO - ThreadPoolExecutor-0_2 - [PROD] Sending payload 100/659 | Order Number: V4063003101
2026-06-30 20:30:23,520 - INFO - ThreadPoolExecutor-0_4 - [PROD] Payload 96/659 sent successfully. Status Code: 200
2026-06-30 20:30:23,521 - INFO - ThreadPoolExecutor-0_4 - [PROD] Sending payload 101/659 | Order Number: V4063003102
2026-06-30 20:30:23,988 - INFO - ThreadPoolExecutor-0_3 - [PROD] Payload 97/659 sent successfully. Status Code: 200
2026-06-30 20:30:23,990 - INFO - ThreadPoolExecutor-0_3 - [PROD] Sending payload 102/659 | Order Number: V4063003103
2026-06-30 20:30:24,498 - INFO - ThreadPoolExecutor-0_1 - [PROD] Payload 98/659 sent successfully. Status Code: 200
2026-06-30 20:30:24,500 - INFO - ThreadPoolExecutor-0_1 - [PROD] Sending payload 103/659 | Order Number: V4063003104
2026-06-30 20:30:24,695 - INFO - ThreadPoolExecutor-0_0 - [PROD] Payload 99/659 sent successfully. Status Code: 200
2026-06-30 20:30:24,697 - INFO - ThreadPoolExecutor-0_0 - [PROD] Sending payload 104/659 | Order Number: V4063003105
2026-06-30 20:30:24,791 - INFO - ThreadPoolExecutor-0_2 - [PROD] Payload 100/659 sent successfully. Status Code: 200
2026-06-30 20:30:24,791 - INFO - ThreadPoolExecutor-0_2 - [PROD] Sending payload 105/659 | Order Number: V4063003106
2026-06-30 20:30:25,458 - INFO - ThreadPoolExecutor-0_4 - [PROD] Payload 101/659 sent successfully. Status Code: 200
2026-06-30 20:30:25,459 - INFO - ThreadPoolExecutor-0_4 - [PROD] Sending payload 106/659 | Order Number: V4063003107
2026-06-30 20:30:26,282 - INFO - ThreadPoolExecutor-0_3 - [PROD] Payload 102/659 sent successfully. Status Code: 200
2026-06-30 20:30:26,284 - INFO - ThreadPoolExecutor-0_3 - [PROD] Sending payload 107/659 | Order Number: V4063003108
2026-06-30 20:30:26,405 - INFO - ThreadPoolExecutor-0_1 - [PROD] Payload 103/659 sent successfully. Status Code: 200
2026-06-30 20:30:26,407 - INFO - ThreadPoolExecutor-0_1 - [PROD] Sending payload 108/659 | Order Number: V4063003109
2026-06-30 20:30:26,577 - INFO - ThreadPoolExecutor-0_0 - [PROD] Payload 104/659 sent successfully. Status Code: 200
2026-06-30 20:30:26,578 - INFO - ThreadPoolExecutor-0_0 - [PROD] Sending payload 109/659 | Order Number: V4063003110
2026-06-30 20:30:26,763 - INFO - ThreadPoolExecutor-0_2 - [PROD] Payload 105/659 sent successfully. Status Code: 200
2026-06-30 20:30:26,765 - INFO - ThreadPoolExecutor-0_2 - [PROD] Sending payload 110/659 | Order Number: V4063003111
2026-06-30 20:30:27,349 - INFO - ThreadPoolExecutor-0_4 - [PROD] Payload 106/659 sent successfully. Status Code: 200
2026-06-30 20:30:27,350 - INFO - ThreadPoolExecutor-0_4 - [PROD] Sending payload 111/659 | Order Number: V4063003112
2026-06-30 20:30:28,128 - INFO - ThreadPoolExecutor-0_3 - [PROD] Payload 107/659 sent successfully. Status Code: 200
2026-06-30 20:30:28,129 - INFO - ThreadPoolExecutor-0_3 - [PROD] Sending payload 112/659 | Order Number: V4063003113
2026-06-30 20:30:28,334 - INFO - ThreadPoolExecutor-0_1 - [PROD] Payload 108/659 sent successfully. Status Code: 200
2026-06-30 20:30:28,336 - INFO - ThreadPoolExecutor-0_1 - [PROD] Sending payload 113/659 | Order Number: V4063003114
2026-06-30 20:30:28,456 - INFO - ThreadPoolExecutor-0_0 - [PROD] Payload 109/659 sent successfully. Status Code: 200
2026-06-30 20:30:28,456 - INFO - ThreadPoolExecutor-0_0 - [PROD] Sending payload 114/659 | Order Number: V4063003115
2026-06-30 20:30:28,617 - INFO - ThreadPoolExecutor-0_2 - [PROD] Payload 110/659 sent successfully. Status Code: 200
2026-06-30 20:30:28,618 - INFO - ThreadPoolExecutor-0_2 - [PROD] Sending payload 115/659 | Order Number: V4063003116
2026-06-30 20:30:29,257 - INFO - ThreadPoolExecutor-0_4 - [PROD] Payload 111/659 sent successfully. Status Code: 200
2026-06-30 20:30:29,258 - INFO - ThreadPoolExecutor-0_4 - [PROD] Sending payload 116/659 | Order Number: V4063003117
2026-06-30 20:30:30,020 - INFO - ThreadPoolExecutor-0_3 - [PROD] Payload 112/659 sent successfully. Status Code: 200
2026-06-30 20:30:30,021 - INFO - ThreadPoolExecutor-0_3 - [PROD] Sending payload 117/659 | Order Number: V4063003118
2026-06-30 20:30:30,204 - INFO - ThreadPoolExecutor-0_1 - [PROD] Payload 113/659 sent successfully. Status Code: 200
2026-06-30 20:30:30,205 - INFO - ThreadPoolExecutor-0_1 - [PROD] Sending payload 118/659 | Order Number: V4063003119
2026-06-30 20:30:30,411 - INFO - ThreadPoolExecutor-0_0 - [PROD] Payload 114/659 sent successfully. Status Code: 200
2026-06-30 20:30:30,412 - INFO - ThreadPoolExecutor-0_0 - [PROD] Sending payload 119/659 | Order Number: V4063003120
2026-06-30 20:30:30,693 - INFO - ThreadPoolExecutor-0_2 - [PROD] Payload 115/659 sent successfully. Status Code: 200
2026-06-30 20:30:30,699 - INFO - ThreadPoolExecutor-0_2 - [PROD] Sending payload 120/659 | Order Number: V4063003121
2026-06-30 20:30:31,159 - INFO - ThreadPoolExecutor-0_4 - [PROD] Payload 116/659 sent successfully. Status Code: 200
2026-06-30 20:30:31,161 - INFO - ThreadPoolExecutor-0_4 - [PROD] Sending payload 121/659 | Order Number: V4063003122
2026-06-30 20:30:32,017 - INFO - ThreadPoolExecutor-0_3 - [PROD] Payload 117/659 sent successfully. Status Code: 200
2026-06-30 20:30:32,018 - INFO - ThreadPoolExecutor-0_3 - [PROD] Sending payload 122/659 | Order Number: V4063003123
2026-06-30 20:30:32,249 - INFO - ThreadPoolExecutor-0_1 - [PROD] Payload 118/659 sent successfully. Status Code: 200
2026-06-30 20:30:32,250 - INFO - ThreadPoolExecutor-0_1 - [PROD] Sending payload 123/659 | Order Number: V4063003124
2026-06-30 20:30:32,271 - INFO - ThreadPoolExecutor-0_0 - [PROD] Payload 119/659 sent successfully. Status Code: 200
2026-06-30 20:30:32,271 - INFO - ThreadPoolExecutor-0_0 - [PROD] Sending payload 124/659 | Order Number: V4063003125
2026-06-30 20:30:32,598 - INFO - ThreadPoolExecutor-0_2 - [PROD] Payload 120/659 sent successfully. Status Code: 200
2026-06-30 20:30:32,599 - INFO - ThreadPoolExecutor-0_2 - [PROD] Sending payload 125/659 | Order Number: V4063003126
2026-06-30 20:30:33,034 - INFO - ThreadPoolExecutor-0_4 - [PROD] Payload 121/659 sent successfully. Status Code: 200
2026-06-30 20:30:33,036 - INFO - ThreadPoolExecutor-0_4 - [PROD] Sending payload 126/659 | Order Number: V4063003127
2026-06-30 20:30:33,863 - INFO - ThreadPoolExecutor-0_3 - [PROD] Payload 122/659 sent successfully. Status Code: 200
2026-06-30 20:30:33,865 - INFO - ThreadPoolExecutor-0_3 - [PROD] Sending payload 127/659 | Order Number: V4063003128
2026-06-30 20:30:34,071 - INFO - ThreadPoolExecutor-0_0 - [PROD] Payload 124/659 sent successfully. Status Code: 200
2026-06-30 20:30:34,072 - INFO - ThreadPoolExecutor-0_0 - [PROD] Sending payload 128/659 | Order Number: V4063003129
2026-06-30 20:30:34,115 - INFO - ThreadPoolExecutor-0_1 - [PROD] Payload 123/659 sent successfully. Status Code: 200
2026-06-30 20:30:34,116 - INFO - ThreadPoolExecutor-0_1 - [PROD] Sending payload 129/659 | Order Number: V4063003130
2026-06-30 20:30:34,475 - INFO - ThreadPoolExecutor-0_2 - [PROD] Payload 125/659 sent successfully. Status Code: 200
2026-06-30 20:30:34,477 - INFO - ThreadPoolExecutor-0_2 - [PROD] Sending payload 130/659 | Order Number: V4063003131
2026-06-30 20:30:34,896 - INFO - ThreadPoolExecutor-0_4 - [PROD] Payload 126/659 sent successfully. Status Code: 200
2026-06-30 20:30:34,897 - INFO - ThreadPoolExecutor-0_4 - [PROD] Sending payload 131/659 | Order Number: V4063003132
2026-06-30 20:30:35,802 - INFO - ThreadPoolExecutor-0_3 - [PROD] Payload 127/659 sent successfully. Status Code: 200
2026-06-30 20:30:35,803 - INFO - ThreadPoolExecutor-0_3 - [PROD] Sending payload 132/659 | Order Number: V4063003133
2026-06-30 20:30:36,300 - INFO - ThreadPoolExecutor-0_2 - [PROD] Payload 130/659 sent successfully. Status Code: 200
2026-06-30 20:30:36,301 - INFO - ThreadPoolExecutor-0_2 - [PROD] Sending payload 133/659 | Order Number: V4063003134
2026-06-30 20:30:36,563 - INFO - ThreadPoolExecutor-0_1 - [PROD] Payload 129/659 sent successfully. Status Code: 200
2026-06-30 20:30:36,565 - INFO - ThreadPoolExecutor-0_1 - [PROD] Sending payload 134/659 | Order Number: V4063003135
2026-06-30 20:30:36,744 - INFO - ThreadPoolExecutor-0_4 - [PROD] Payload 131/659 sent successfully. Status Code: 200
2026-06-30 20:30:36,745 - INFO - ThreadPoolExecutor-0_4 - [PROD] Sending payload 135/659 | Order Number: V4063003136
2026-06-30 20:30:36,744 - INFO - ThreadPoolExecutor-0_0 - [PROD] Payload 128/659 sent successfully. Status Code: 200
2026-06-30 20:30:36,747 - INFO - ThreadPoolExecutor-0_0 - [PROD] Sending payload 136/659 | Order Number: V4063003137
2026-06-30 20:30:37,666 - INFO - ThreadPoolExecutor-0_3 - [PROD] Payload 132/659 sent successfully. Status Code: 200
2026-06-30 20:30:37,668 - INFO - ThreadPoolExecutor-0_3 - [PROD] Sending payload 137/659 | Order Number: V4063003138
2026-06-30 20:30:38,136 - INFO - ThreadPoolExecutor-0_2 - [PROD] Payload 133/659 sent successfully. Status Code: 200
2026-06-30 20:30:38,138 - INFO - ThreadPoolExecutor-0_2 - [PROD] Sending payload 138/659 | Order Number: V4063003139
2026-06-30 20:30:38,428 - INFO - ThreadPoolExecutor-0_1 - [PROD] Payload 134/659 sent successfully. Status Code: 200
2026-06-30 20:30:38,429 - INFO - ThreadPoolExecutor-0_1 - [PROD] Sending payload 139/659 | Order Number: V4063003140
2026-06-30 20:30:38,617 - INFO - ThreadPoolExecutor-0_4 - [PROD] Payload 135/659 sent successfully. Status Code: 200
2026-06-30 20:30:38,620 - INFO - ThreadPoolExecutor-0_4 - [PROD] Sending payload 140/659 | Order Number: V4063003141
2026-06-30 20:30:38,736 - INFO - ThreadPoolExecutor-0_0 - [PROD] Payload 136/659 sent successfully. Status Code: 200
2026-06-30 20:30:38,738 - INFO - ThreadPoolExecutor-0_0 - [PROD] Sending payload 141/659 | Order Number: V4063003142
2026-06-30 20:30:39,520 - INFO - ThreadPoolExecutor-0_3 - [PROD] Payload 137/659 sent successfully. Status Code: 200
2026-06-30 20:30:39,521 - INFO - ThreadPoolExecutor-0_3 - [PROD] Sending payload 142/659 | Order Number: V4063003143
2026-06-30 20:30:39,977 - INFO - ThreadPoolExecutor-0_2 - [PROD] Payload 138/659 sent successfully. Status Code: 200
2026-06-30 20:30:39,979 - INFO - ThreadPoolExecutor-0_2 - [PROD] Sending payload 143/659 | Order Number: V4063003144
2026-06-30 20:30:40,386 - INFO - ThreadPoolExecutor-0_1 - [PROD] Payload 139/659 sent successfully. Status Code: 200
2026-06-30 20:30:40,387 - INFO - ThreadPoolExecutor-0_1 - [PROD] Sending payload 144/659 | Order Number: V4063003145
2026-06-30 20:30:40,463 - INFO - ThreadPoolExecutor-0_4 - [PROD] Payload 140/659 sent successfully. Status Code: 200
2026-06-30 20:30:40,465 - INFO - ThreadPoolExecutor-0_4 - [PROD] Sending payload 145/659 | Order Number: V4063003146
2026-06-30 20:30:40,934 - INFO - ThreadPoolExecutor-0_0 - [PROD] Payload 141/659 sent successfully. Status Code: 200
2026-06-30 20:30:40,936 - INFO - ThreadPoolExecutor-0_0 - [PROD] Sending payload 146/659 | Order Number: V4063003147
2026-06-30 20:30:41,488 - INFO - ThreadPoolExecutor-0_3 - [PROD] Payload 142/659 sent successfully. Status Code: 200
2026-06-30 20:30:41,489 - INFO - ThreadPoolExecutor-0_3 - [PROD] Sending payload 147/659 | Order Number: V4063003148
2026-06-30 20:30:41,806 - INFO - ThreadPoolExecutor-0_2 - [PROD] Payload 143/659 sent successfully. Status Code: 200
2026-06-30 20:30:41,808 - INFO - ThreadPoolExecutor-0_2 - [PROD] Sending payload 148/659 | Order Number: V4063003149
2026-06-30 20:30:42,257 - INFO - ThreadPoolExecutor-0_1 - [PROD] Payload 144/659 sent successfully. Status Code: 200
2026-06-30 20:30:42,258 - INFO - ThreadPoolExecutor-0_1 - [PROD] Sending payload 149/659 | Order Number: V4063003150
2026-06-30 20:30:42,349 - INFO - ThreadPoolExecutor-0_4 - [PROD] Payload 145/659 sent successfully. Status Code: 200
2026-06-30 20:30:42,351 - INFO - ThreadPoolExecutor-0_4 - [PROD] Sending payload 150/659 | Order Number: V4063003151
2026-06-30 20:30:42,801 - INFO - ThreadPoolExecutor-0_0 - [PROD] Payload 146/659 sent successfully. Status Code: 200
2026-06-30 20:30:42,803 - INFO - ThreadPoolExecutor-0_0 - [PROD] Sending payload 151/659 | Order Number: V4063003152
2026-06-30 20:30:43,340 - INFO - ThreadPoolExecutor-0_3 - [PROD] Payload 147/659 sent successfully. Status Code: 200
2026-06-30 20:30:43,343 - INFO - ThreadPoolExecutor-0_3 - [PROD] Sending payload 152/659 | Order Number: V4063003153
2026-06-30 20:30:44,198 - INFO - ThreadPoolExecutor-0_1 - [PROD] Payload 149/659 sent successfully. Status Code: 200
2026-06-30 20:30:44,200 - INFO - ThreadPoolExecutor-0_1 - [PROD] Sending payload 153/659 | Order Number: V4063003154
2026-06-30 20:30:44,295 - INFO - ThreadPoolExecutor-0_4 - [PROD] Payload 150/659 sent successfully. Status Code: 200
2026-06-30 20:30:44,297 - INFO - ThreadPoolExecutor-0_4 - [PROD] Sending payload 154/659 | Order Number: V4063003155
2026-06-30 20:30:44,342 - INFO - ThreadPoolExecutor-0_2 - [PROD] Payload 148/659 sent successfully. Status Code: 200
2026-06-30 20:30:44,343 - INFO - ThreadPoolExecutor-0_2 - [PROD] Sending payload 155/659 | Order Number: V4063003156
2026-06-30 20:30:44,688 - INFO - ThreadPoolExecutor-0_0 - [PROD] Payload 151/659 sent successfully. Status Code: 200
2026-06-30 20:30:44,689 - INFO - ThreadPoolExecutor-0_0 - [PROD] Sending payload 156/659 | Order Number: V4063003157
2026-06-30 20:30:45,275 - INFO - ThreadPoolExecutor-0_3 - [PROD] Payload 152/659 sent successfully. Status Code: 200
2026-06-30 20:30:45,276 - INFO - ThreadPoolExecutor-0_3 - [PROD] Sending payload 157/659 | Order Number: V4063003158
2026-06-30 20:30:46,092 - INFO - ThreadPoolExecutor-0_1 - [PROD] Payload 153/659 sent successfully. Status Code: 200
2026-06-30 20:30:46,094 - INFO - ThreadPoolExecutor-0_1 - [PROD] Sending payload 158/659 | Order Number: V4063003159
2026-06-30 20:30:46,214 - INFO - ThreadPoolExecutor-0_4 - [PROD] Payload 154/659 sent successfully. Status Code: 200
2026-06-30 20:30:46,215 - INFO - ThreadPoolExecutor-0_4 - [PROD] Sending payload 159/659 | Order Number: V4063003160
2026-06-30 20:30:46,494 - INFO - ThreadPoolExecutor-0_0 - [PROD] Payload 156/659 sent successfully. Status Code: 200
2026-06-30 20:30:46,496 - INFO - ThreadPoolExecutor-0_0 - [PROD] Sending payload 160/659 | Order Number: V4063003161
2026-06-30 20:30:46,631 - INFO - ThreadPoolExecutor-0_2 - [PROD] Payload 155/659 sent successfully. Status Code: 200
2026-06-30 20:30:46,632 - INFO - ThreadPoolExecutor-0_2 - [PROD] Sending payload 161/659 | Order Number: V4063003162
2026-06-30 20:30:47,120 - INFO - ThreadPoolExecutor-0_3 - [PROD] Payload 157/659 sent successfully. Status Code: 200
2026-06-30 20:30:47,122 - INFO - ThreadPoolExecutor-0_3 - [PROD] Sending payload 162/659 | Order Number: V4063003163
2026-06-30 20:30:48,402 - INFO - ThreadPoolExecutor-0_0 - [PROD] Payload 160/659 sent successfully. Status Code: 200
2026-06-30 20:30:48,403 - INFO - ThreadPoolExecutor-0_0 - [PROD] Sending payload 163/659 | Order Number: V4063003164
2026-06-30 20:30:48,539 - INFO - ThreadPoolExecutor-0_2 - [PROD] Payload 161/659 sent successfully. Status Code: 200
2026-06-30 20:30:48,540 - INFO - ThreadPoolExecutor-0_2 - [PROD] Sending payload 164/659 | Order Number: V4063003165
2026-06-30 20:30:48,671 - INFO - ThreadPoolExecutor-0_4 - [PROD] Payload 159/659 sent successfully. Status Code: 200
2026-06-30 20:30:48,671 - INFO - ThreadPoolExecutor-0_4 - [PROD] Sending payload 165/659 | Order Number: V4063003166
2026-06-30 20:30:48,714 - INFO - ThreadPoolExecutor-0_1 - [PROD] Payload 158/659 sent successfully. Status Code: 200
2026-06-30 20:30:48,714 - INFO - ThreadPoolExecutor-0_1 - [PROD] Sending payload 166/659 | Order Number: V4063003167
2026-06-30 20:30:49,002 - INFO - ThreadPoolExecutor-0_3 - [PROD] Payload 162/659 sent successfully. Status Code: 200
2026-06-30 20:30:49,005 - INFO - ThreadPoolExecutor-0_3 - [PROD] Sending payload 167/659 | Order Number: V4063003168
2026-06-30 20:30:50,256 - INFO - ThreadPoolExecutor-0_0 - [PROD] Payload 163/659 sent successfully. Status Code: 200
2026-06-30 20:30:50,257 - INFO - ThreadPoolExecutor-0_0 - [PROD] Sending payload 168/659 | Order Number: V4063003169
2026-06-30 20:30:50,416 - INFO - ThreadPoolExecutor-0_2 - [PROD] Payload 164/659 sent successfully. Status Code: 200
2026-06-30 20:30:50,418 - INFO - ThreadPoolExecutor-0_2 - [PROD] Sending payload 169/659 | Order Number: V4063003170
2026-06-30 20:30:50,867 - INFO - ThreadPoolExecutor-0_3 - [PROD] Payload 167/659 sent successfully. Status Code: 200
2026-06-30 20:30:50,869 - INFO - ThreadPoolExecutor-0_3 - [PROD] Sending payload 170/659 | Order Number: V4063003171
2026-06-30 20:30:50,923 - INFO - ThreadPoolExecutor-0_4 - [PROD] Payload 165/659 sent successfully. Status Code: 200
2026-06-30 20:30:50,924 - INFO - ThreadPoolExecutor-0_4 - [PROD] Sending payload 171/659 | Order Number: V4063003172
2026-06-30 20:30:51,066 - INFO - ThreadPoolExecutor-0_1 - [PROD] Payload 166/659 sent successfully. Status Code: 200
2026-06-30 20:30:51,067 - INFO - ThreadPoolExecutor-0_1 - [PROD] Sending payload 172/659 | Order Number: V4063003173
2026-06-30 20:30:52,289 - INFO - ThreadPoolExecutor-0_0 - [PROD] Payload 168/659 sent successfully. Status Code: 200
2026-06-30 20:30:52,291 - INFO - ThreadPoolExecutor-0_0 - [PROD] Sending payload 173/659 | Order Number: V4063003174
2026-06-30 20:30:52,394 - INFO - ThreadPoolExecutor-0_2 - [PROD] Payload 169/659 sent successfully. Status Code: 200
2026-06-30 20:30:52,396 - INFO - ThreadPoolExecutor-0_2 - [PROD] Sending payload 174/659 | Order Number: V4063003175
2026-06-30 20:30:52,858 - INFO - ThreadPoolExecutor-0_3 - [PROD] Payload 170/659 sent successfully. Status Code: 200
2026-06-30 20:30:52,861 - INFO - ThreadPoolExecutor-0_3 - [PROD] Sending payload 175/659 | Order Number: V4063003176
2026-06-30 20:30:52,913 - INFO - ThreadPoolExecutor-0_1 - [PROD] Payload 172/659 sent successfully. Status Code: 200
2026-06-30 20:30:52,914 - INFO - ThreadPoolExecutor-0_1 - [PROD] Sending payload 176/659 | Order Number: V4063003177
2026-06-30 20:30:53,485 - INFO - ThreadPoolExecutor-0_4 - [PROD] Payload 171/659 sent successfully. Status Code: 200
2026-06-30 20:30:53,487 - INFO - ThreadPoolExecutor-0_4 - [PROD] Sending payload 177/659 | Order Number: V4063003178
2026-06-30 20:30:54,185 - INFO - ThreadPoolExecutor-0_0 - [PROD] Payload 173/659 sent successfully. Status Code: 200
2026-06-30 20:30:54,187 - INFO - ThreadPoolExecutor-0_0 - [PROD] Sending payload 178/659 | Order Number: V4063003179
2026-06-30 20:30:54,291 - INFO - ThreadPoolExecutor-0_2 - [PROD] Payload 174/659 sent successfully. Status Code: 200
2026-06-30 20:30:54,291 - INFO - ThreadPoolExecutor-0_2 - [PROD] Sending payload 179/659 | Order Number: V4063003180
2026-06-30 20:30:54,757 - INFO - ThreadPoolExecutor-0_3 - [PROD] Payload 175/659 sent successfully. Status Code: 200
2026-06-30 20:30:54,758 - INFO - ThreadPoolExecutor-0_3 - [PROD] Sending payload 180/659 | Order Number: V4063003181
2026-06-30 20:30:54,796 - INFO - ThreadPoolExecutor-0_1 - [PROD] Payload 176/659 sent successfully. Status Code: 200
2026-06-30 20:30:54,796 - INFO - ThreadPoolExecutor-0_1 - [PROD] Sending payload 181/659 | Order Number: V4063003182
2026-06-30 20:30:55,315 - INFO - ThreadPoolExecutor-0_4 - [PROD] Payload 177/659 sent successfully. Status Code: 200
2026-06-30 20:30:55,316 - INFO - ThreadPoolExecutor-0_4 - [PROD] Sending payload 182/659 | Order Number: V4063003183
2026-06-30 20:30:56,060 - INFO - ThreadPoolExecutor-0_0 - [PROD] Payload 178/659 sent successfully. Status Code: 200
2026-06-30 20:30:56,061 - INFO - ThreadPoolExecutor-0_0 - [PROD] Sending payload 183/659 | Order Number: V4063003184
2026-06-30 20:30:56,127 - INFO - ThreadPoolExecutor-0_2 - [PROD] Payload 179/659 sent successfully. Status Code: 200
2026-06-30 20:30:56,127 - INFO - ThreadPoolExecutor-0_2 - [PROD] Sending payload 184/659 | Order Number: V4063003185
2026-06-30 20:30:56,709 - INFO - ThreadPoolExecutor-0_3 - [PROD] Payload 180/659 sent successfully. Status Code: 200
2026-06-30 20:30:56,710 - INFO - ThreadPoolExecutor-0_3 - [PROD] Sending payload 185/659 | Order Number: V4063003186
2026-06-30 20:30:56,908 - INFO - ThreadPoolExecutor-0_1 - [PROD] Payload 181/659 sent successfully. Status Code: 200
2026-06-30 20:30:56,909 - INFO - ThreadPoolExecutor-0_1 - [PROD] Sending payload 186/659 | Order Number: V4063003187
2026-06-30 20:30:57,286 - INFO - ThreadPoolExecutor-0_4 - [PROD] Payload 182/659 sent successfully. Status Code: 200
2026-06-30 20:30:57,288 - INFO - ThreadPoolExecutor-0_4 - [PROD] Sending payload 187/659 | Order Number: V4063003188
2026-06-30 20:30:57,915 - INFO - ThreadPoolExecutor-0_0 - [PROD] Payload 183/659 sent successfully. Status Code: 200
2026-06-30 20:30:57,916 - INFO - ThreadPoolExecutor-0_0 - [PROD] Sending payload 188/659 | Order Number: V4063003189
2026-06-30 20:30:57,978 - INFO - ThreadPoolExecutor-0_2 - [PROD] Payload 184/659 sent successfully. Status Code: 200
2026-06-30 20:30:57,979 - INFO - ThreadPoolExecutor-0_2 - [PROD] Sending payload 189/659 | Order Number: V4063003190
2026-06-30 20:30:58,558 - INFO - ThreadPoolExecutor-0_3 - [PROD] Payload 185/659 sent successfully. Status Code: 200
2026-06-30 20:30:58,559 - INFO - ThreadPoolExecutor-0_3 - [PROD] Sending payload 190/659 | Order Number: V4063003191
2026-06-30 20:30:58,819 - INFO - ThreadPoolExecutor-0_1 - [PROD] Payload 186/659 sent successfully. Status Code: 200
2026-06-30 20:30:58,821 - INFO - ThreadPoolExecutor-0_1 - [PROD] Sending payload 191/659 | Order Number: V4063003192
2026-06-30 20:30:59,173 - INFO - ThreadPoolExecutor-0_4 - [PROD] Payload 187/659 sent successfully. Status Code: 200
2026-06-30 20:30:59,176 - INFO - ThreadPoolExecutor-0_4 - [PROD] Sending payload 192/659 | Order Number: V4063003193
2026-06-30 20:30:59,770 - INFO - ThreadPoolExecutor-0_0 - [PROD] Payload 188/659 sent successfully. Status Code: 200
2026-06-30 20:30:59,771 - INFO - ThreadPoolExecutor-0_0 - [PROD] Sending payload 193/659 | Order Number: V4063003194
2026-06-30 20:31:00,125 - INFO - ThreadPoolExecutor-0_2 - [PROD] Payload 189/659 sent successfully. Status Code: 200
2026-06-30 20:31:00,126 - INFO - ThreadPoolExecutor-0_2 - [PROD] Sending payload 194/659 | Order Number: V4063003195
2026-06-30 20:31:00,574 - INFO - ThreadPoolExecutor-0_3 - [PROD] Payload 190/659 sent successfully. Status Code: 200
2026-06-30 20:31:00,575 - INFO - ThreadPoolExecutor-0_3 - [PROD] Sending payload 195/659 | Order Number: V4063003196
2026-06-30 20:31:00,813 - INFO - ThreadPoolExecutor-0_1 - [PROD] Payload 191/659 sent successfully. Status Code: 200
2026-06-30 20:31:00,813 - INFO - ThreadPoolExecutor-0_1 - [PROD] Sending payload 196/659 | Order Number: V4063003197
2026-06-30 20:31:01,321 - INFO - ThreadPoolExecutor-0_4 - [PROD] Payload 192/659 sent successfully. Status Code: 200
2026-06-30 20:31:01,322 - INFO - ThreadPoolExecutor-0_4 - [PROD] Sending payload 197/659 | Order Number: V4063003198
2026-06-30 20:31:02,066 - INFO - ThreadPoolExecutor-0_0 - [PROD] Payload 193/659 sent successfully. Status Code: 200
2026-06-30 20:31:02,068 - INFO - ThreadPoolExecutor-0_0 - [PROD] Sending payload 198/659 | Order Number: V4063003199
2026-06-30 20:31:02,527 - INFO - ThreadPoolExecutor-0_3 - [PROD] Payload 195/659 sent successfully. Status Code: 200
2026-06-30 20:31:02,528 - INFO - ThreadPoolExecutor-0_3 - [PROD] Sending payload 199/659 | Order Number: V4063003200
2026-06-30 20:31:02,675 - INFO - ThreadPoolExecutor-0_1 - [PROD] Payload 196/659 sent successfully. Status Code: 200
2026-06-30 20:31:02,675 - INFO - ThreadPoolExecutor-0_1 - [PROD] Sending payload 200/659 | Order Number: V4063003201
2026-06-30 20:31:03,014 - INFO - ThreadPoolExecutor-0_2 - [PROD] Payload 194/659 sent successfully. Status Code: 200
2026-06-30 20:31:03,014 - INFO - ThreadPoolExecutor-0_2 - [PROD] Sending payload 201/659 | Order Number: V4063003202
2026-06-30 20:31:03,423 - INFO - ThreadPoolExecutor-0_4 - [PROD] Payload 197/659 sent successfully. Status Code: 200
2026-06-30 20:31:03,424 - INFO - ThreadPoolExecutor-0_4 - [PROD] Sending payload 202/659 | Order Number: V4063003203
2026-06-30 20:31:04,109 - INFO - ThreadPoolExecutor-0_0 - [PROD] Payload 198/659 sent successfully. Status Code: 200
2026-06-30 20:31:04,109 - INFO - ThreadPoolExecutor-0_0 - [PROD] Sending payload 203/659 | Order Number: V4063003204
2026-06-30 20:31:04,540 - INFO - ThreadPoolExecutor-0_1 - [PROD] Payload 200/659 sent successfully. Status Code: 200
2026-06-30 20:31:04,546 - INFO - ThreadPoolExecutor-0_1 - [PROD] Sending payload 204/659 | Order Number: V4063003205
2026-06-30 20:31:04,612 - INFO - ThreadPoolExecutor-0_3 - [PROD] Payload 199/659 sent successfully. Status Code: 200
2026-06-30 20:31:04,613 - INFO - ThreadPoolExecutor-0_3 - [PROD] Sending payload 205/659 | Order Number: V4063003206
2026-06-30 20:31:04,970 - INFO - ThreadPoolExecutor-0_2 - [PROD] Payload 201/659 sent successfully. Status Code: 200
2026-06-30 20:31:04,972 - INFO - ThreadPoolExecutor-0_2 - [PROD] Sending payload 206/659 | Order Number: V4063003207
2026-06-30 20:31:05,507 - INFO - ThreadPoolExecutor-0_4 - [PROD] Payload 202/659 sent successfully. Status Code: 200
2026-06-30 20:31:05,508 - INFO - ThreadPoolExecutor-0_4 - [PROD] Sending payload 207/659 | Order Number: V4063003208
2026-06-30 20:31:06,011 - INFO - ThreadPoolExecutor-0_0 - [PROD] Payload 203/659 sent successfully. Status Code: 200
2026-06-30 20:31:06,014 - INFO - ThreadPoolExecutor-0_0 - [PROD] Sending payload 208/659 | Order Number: V4063003209
2026-06-30 20:31:06,390 - INFO - ThreadPoolExecutor-0_1 - [PROD] Payload 204/659 sent successfully. Status Code: 200
2026-06-30 20:31:06,393 - INFO - ThreadPoolExecutor-0_1 - [PROD] Sending payload 209/659 | Order Number: V4063003210
2026-06-30 20:31:06,474 - INFO - ThreadPoolExecutor-0_3 - [PROD] Payload 205/659 sent successfully. Status Code: 200
2026-06-30 20:31:06,474 - INFO - ThreadPoolExecutor-0_3 - [PROD] Sending payload 210/659 | Order Number: V4063003211
2026-06-30 20:31:06,855 - INFO - ThreadPoolExecutor-0_2 - [PROD] Payload 206/659 sent successfully. Status Code: 200
2026-06-30 20:31:06,857 - INFO - ThreadPoolExecutor-0_2 - [PROD] Sending payload 211/659 | Order Number: V4063003212
2026-06-30 20:31:07,357 - INFO - ThreadPoolExecutor-0_4 - [PROD] Payload 207/659 sent successfully. Status Code: 200
2026-06-30 20:31:07,359 - INFO - ThreadPoolExecutor-0_4 - [PROD] Sending payload 212/659 | Order Number: V4063003213
2026-06-30 20:31:07,957 - INFO - ThreadPoolExecutor-0_0 - [PROD] Payload 208/659 sent successfully. Status Code: 200
2026-06-30 20:31:07,961 - INFO - ThreadPoolExecutor-0_0 - [PROD] Sending payload 213/659 | Order Number: V4063003214
2026-06-30 20:31:08,354 - INFO - ThreadPoolExecutor-0_3 - [PROD] Payload 210/659 sent successfully. Status Code: 200
2026-06-30 20:31:08,354 - INFO - ThreadPoolExecutor-0_3 - [PROD] Sending payload 214/659 | Order Number: V4063003215
2026-06-30 20:31:08,365 - INFO - ThreadPoolExecutor-0_1 - [PROD] Payload 209/659 sent successfully. Status Code: 200
2026-06-30 20:31:08,365 - INFO - ThreadPoolExecutor-0_1 - [PROD] Sending payload 215/659 | Order Number: V4063003216
2026-06-30 20:31:08,744 - INFO - ThreadPoolExecutor-0_2 - [PROD] Payload 211/659 sent successfully. Status Code: 200
2026-06-30 20:31:08,747 - INFO - ThreadPoolExecutor-0_2 - [PROD] Sending payload 216/659 | Order Number: V4063003217
2026-06-30 20:31:09,374 - INFO - ThreadPoolExecutor-0_4 - [PROD] Payload 212/659 sent successfully. Status Code: 200
2026-06-30 20:31:09,375 - INFO - ThreadPoolExecutor-0_4 - [PROD] Sending payload 217/659 | Order Number: V4063003218
2026-06-30 20:31:09,925 - INFO - ThreadPoolExecutor-0_0 - [PROD] Payload 213/659 sent successfully. Status Code: 200
2026-06-30 20:31:09,927 - INFO - ThreadPoolExecutor-0_0 - [PROD] Sending payload 218/659 | Order Number: V4063003219
2026-06-30 20:31:10,584 - INFO - ThreadPoolExecutor-0_3 - [PROD] Payload 214/659 sent successfully. Status Code: 200
2026-06-30 20:31:10,587 - INFO - ThreadPoolExecutor-0_3 - [PROD] Sending payload 219/659 | Order Number: V4063003220
2026-06-30 20:31:10,631 - INFO - ThreadPoolExecutor-0_2 - [PROD] Payload 216/659 sent successfully. Status Code: 200
2026-06-30 20:31:10,632 - INFO - ThreadPoolExecutor-0_2 - [PROD] Sending payload 220/659 | Order Number: V4063003221
2026-06-30 20:31:10,840 - INFO - ThreadPoolExecutor-0_1 - [PROD] Payload 215/659 sent successfully. Status Code: 200
2026-06-30 20:31:10,841 - INFO - ThreadPoolExecutor-0_1 - [PROD] Sending payload 221/659 | Order Number: V4063003222
2026-06-30 20:31:11,334 - INFO - ThreadPoolExecutor-0_4 - [PROD] Payload 217/659 sent successfully. Status Code: 200
2026-06-30 20:31:11,335 - INFO - ThreadPoolExecutor-0_4 - [PROD] Sending payload 222/659 | Order Number: V4063003223
2026-06-30 20:31:11,823 - INFO - ThreadPoolExecutor-0_0 - [PROD] Payload 218/659 sent successfully. Status Code: 200
2026-06-30 20:31:11,825 - INFO - ThreadPoolExecutor-0_0 - [PROD] Sending payload 223/659 | Order Number: V4063003224
2026-06-30 20:31:12,455 - INFO - ThreadPoolExecutor-0_3 - [PROD] Payload 219/659 sent successfully. Status Code: 200
2026-06-30 20:31:12,460 - INFO - ThreadPoolExecutor-0_3 - [PROD] Sending payload 224/659 | Order Number: V4063003225
2026-06-30 20:31:12,601 - INFO - ThreadPoolExecutor-0_2 - [PROD] Payload 220/659 sent successfully. Status Code: 200
2026-06-30 20:31:12,603 - INFO - ThreadPoolExecutor-0_2 - [PROD] Sending payload 225/659 | Order Number: V4063003226
2026-06-30 20:31:13,047 - INFO - ThreadPoolExecutor-0_1 - [PROD] Payload 221/659 sent successfully. Status Code: 200
2026-06-30 20:31:13,049 - INFO - ThreadPoolExecutor-0_1 - [PROD] Sending payload 226/659 | Order Number: V4063003227
2026-06-30 20:31:13,261 - INFO - ThreadPoolExecutor-0_4 - [PROD] Payload 222/659 sent successfully. Status Code: 200
2026-06-30 20:31:13,265 - INFO - ThreadPoolExecutor-0_4 - [PROD] Sending payload 227/659 | Order Number: V4063003228
2026-06-30 20:31:13,751 - INFO - ThreadPoolExecutor-0_0 - [PROD] Payload 223/659 sent successfully. Status Code: 200
2026-06-30 20:31:13,753 - INFO - ThreadPoolExecutor-0_0 - [PROD] Sending payload 228/659 | Order Number: V4063003229
2026-06-30 20:31:14,366 - INFO - ThreadPoolExecutor-0_3 - [PROD] Payload 224/659 sent successfully. Status Code: 200
2026-06-30 20:31:14,370 - INFO - ThreadPoolExecutor-0_3 - [PROD] Sending payload 229/659 | Order Number: V4063003230
2026-06-30 20:31:14,467 - INFO - ThreadPoolExecutor-0_2 - [PROD] Payload 225/659 sent successfully. Status Code: 200
2026-06-30 20:31:14,467 - INFO - ThreadPoolExecutor-0_2 - [PROD] Sending payload 230/659 | Order Number: V4063003231
2026-06-30 20:31:14,987 - INFO - ThreadPoolExecutor-0_1 - [PROD] Payload 226/659 sent successfully. Status Code: 200
2026-06-30 20:31:14,990 - INFO - ThreadPoolExecutor-0_1 - [PROD] Sending payload 231/659 | Order Number: V4063003232
2026-06-30 20:31:15,193 - INFO - ThreadPoolExecutor-0_4 - [PROD] Payload 227/659 sent successfully. Status Code: 200
2026-06-30 20:31:15,194 - INFO - ThreadPoolExecutor-0_4 - [PROD] Sending payload 232/659 | Order Number: V4063003233
2026-06-30 20:31:15,720 - INFO - ThreadPoolExecutor-0_0 - [PROD] Payload 228/659 sent successfully. Status Code: 200
2026-06-30 20:31:15,723 - INFO - ThreadPoolExecutor-0_0 - [PROD] Sending payload 233/659 | Order Number: V4063003234
2026-06-30 20:31:16,292 - INFO - ThreadPoolExecutor-0_3 - [PROD] Payload 229/659 sent successfully. Status Code: 200
2026-06-30 20:31:16,294 - INFO - ThreadPoolExecutor-0_3 - [PROD] Sending payload 234/659 | Order Number: V4063003235
2026-06-30 20:31:16,459 - INFO - ThreadPoolExecutor-0_2 - [PROD] Payload 230/659 sent successfully. Status Code: 200
2026-06-30 20:31:16,460 - INFO - ThreadPoolExecutor-0_2 - [PROD] Sending payload 235/659 | Order Number: V4063003236
2026-06-30 20:31:16,968 - INFO - ThreadPoolExecutor-0_1 - [PROD] Payload 231/659 sent successfully. Status Code: 200
2026-06-30 20:31:16,971 - INFO - ThreadPoolExecutor-0_1 - [PROD] Sending payload 236/659 | Order Number: V4063003237
2026-06-30 20:31:17,164 - INFO - ThreadPoolExecutor-0_4 - [PROD] Payload 232/659 sent successfully. Status Code: 200
2026-06-30 20:31:17,168 - INFO - ThreadPoolExecutor-0_4 - [PROD] Sending payload 237/659 | Order Number: V4063003238
2026-06-30 20:31:17,739 - INFO - ThreadPoolExecutor-0_0 - [PROD] Payload 233/659 sent successfully. Status Code: 200
2026-06-30 20:31:17,741 - INFO - ThreadPoolExecutor-0_0 - [PROD] Sending payload 238/659 | Order Number: V4063003239
2026-06-30 20:31:18,198 - INFO - ThreadPoolExecutor-0_3 - [PROD] Payload 234/659 sent successfully. Status Code: 200
2026-06-30 20:31:18,199 - INFO - ThreadPoolExecutor-0_3 - [PROD] Sending payload 239/659 | Order Number: V4063003240
2026-06-30 20:31:18,428 - INFO - ThreadPoolExecutor-0_2 - [PROD] Payload 235/659 sent successfully. Status Code: 200
2026-06-30 20:31:18,428 - INFO - ThreadPoolExecutor-0_2 - [PROD] Sending payload 240/659 | Order Number: V4063003241
2026-06-30 20:31:18,972 - INFO - ThreadPoolExecutor-0_1 - [PROD] Payload 236/659 sent successfully. Status Code: 200
2026-06-30 20:31:18,973 - INFO - ThreadPoolExecutor-0_1 - [PROD] Sending payload 241/659 | Order Number: V4063003242
2026-06-30 20:31:19,112 - INFO - ThreadPoolExecutor-0_4 - [PROD] Payload 237/659 sent successfully. Status Code: 200
2026-06-30 20:31:19,112 - INFO - ThreadPoolExecutor-0_4 - [PROD] Sending payload 242/659 | Order Number: V4063003243
2026-06-30 20:31:20,212 - INFO - ThreadPoolExecutor-0_3 - [PROD] Payload 239/659 sent successfully. Status Code: 200
2026-06-30 20:31:20,213 - INFO - ThreadPoolExecutor-0_3 - [PROD] Sending payload 243/659 | Order Number: V4063003244
2026-06-30 20:31:20,316 - INFO - ThreadPoolExecutor-0_2 - [PROD] Payload 240/659 sent successfully. Status Code: 200
2026-06-30 20:31:20,334 - INFO - ThreadPoolExecutor-0_2 - [PROD] Sending payload 244/659 | Order Number: V4063003245
2026-06-30 20:31:20,704 - INFO - ThreadPoolExecutor-0_0 - [PROD] Payload 238/659 sent successfully. Status Code: 200
2026-06-30 20:31:20,704 - INFO - ThreadPoolExecutor-0_0 - [PROD] Sending payload 245/659 | Order Number: V4063003246
2026-06-30 20:31:20,785 - INFO - ThreadPoolExecutor-0_1 - [PROD] Payload 241/659 sent successfully. Status Code: 200
2026-06-30 20:31:20,787 - INFO - ThreadPoolExecutor-0_1 - [PROD] Sending payload 246/659 | Order Number: V4063003247
2026-06-30 20:31:20,970 - INFO - ThreadPoolExecutor-0_4 - [PROD] Payload 242/659 sent successfully. Status Code: 200
2026-06-30 20:31:20,971 - INFO - ThreadPoolExecutor-0_4 - [PROD] Sending payload 247/659 | Order Number: V4063003248
2026-06-30 20:31:22,072 - INFO - ThreadPoolExecutor-0_3 - [PROD] Payload 243/659 sent successfully. Status Code: 200
2026-06-30 20:31:22,074 - INFO - ThreadPoolExecutor-0_3 - [PROD] Sending payload 248/659 | Order Number: V4063003249
2026-06-30 20:31:22,203 - INFO - ThreadPoolExecutor-0_2 - [PROD] Payload 244/659 sent successfully. Status Code: 200
2026-06-30 20:31:22,204 - INFO - ThreadPoolExecutor-0_2 - [PROD] Sending payload 249/659 | Order Number: V4063003250
2026-06-30 20:31:22,607 - INFO - ThreadPoolExecutor-0_0 - [PROD] Payload 245/659 sent successfully. Status Code: 200
2026-06-30 20:31:22,608 - INFO - ThreadPoolExecutor-0_0 - [PROD] Sending payload 250/659 | Order Number: V4063003251
2026-06-30 20:31:22,891 - INFO - ThreadPoolExecutor-0_4 - [PROD] Payload 247/659 sent successfully. Status Code: 200
2026-06-30 20:31:22,893 - INFO - ThreadPoolExecutor-0_4 - [PROD] Sending payload 251/659 | Order Number: V4063003252
2026-06-30 20:31:23,071 - INFO - ThreadPoolExecutor-0_1 - [PROD] Payload 246/659 sent successfully. Status Code: 200
2026-06-30 20:31:23,071 - INFO - ThreadPoolExecutor-0_1 - [PROD] Sending payload 252/659 | Order Number: V4063003253
2026-06-30 20:31:23,906 - INFO - ThreadPoolExecutor-0_3 - [PROD] Payload 248/659 sent successfully. Status Code: 200
2026-06-30 20:31:23,909 - INFO - ThreadPoolExecutor-0_3 - [PROD] Sending payload 253/659 | Order Number: V4063003254
2026-06-30 20:31:24,235 - INFO - ThreadPoolExecutor-0_2 - [PROD] Payload 249/659 sent successfully. Status Code: 200
2026-06-30 20:31:24,243 - INFO - ThreadPoolExecutor-0_2 - [PROD] Sending payload 254/659 | Order Number: V4063003255
2026-06-30 20:31:24,634 - INFO - ThreadPoolExecutor-0_0 - [PROD] Payload 250/659 sent successfully. Status Code: 200
2026-06-30 20:31:24,638 - INFO - ThreadPoolExecutor-0_0 - [PROD] Sending payload 255/659 | Order Number: V4063003256
2026-06-30 20:31:24,849 - INFO - ThreadPoolExecutor-0_4 - [PROD] Payload 251/659 sent successfully. Status Code: 200
2026-06-30 20:31:24,851 - INFO - ThreadPoolExecutor-0_4 - [PROD] Sending payload 256/659 | Order Number: V4063003257
2026-06-30 20:31:25,101 - INFO - ThreadPoolExecutor-0_1 - [PROD] Payload 252/659 sent successfully. Status Code: 200
2026-06-30 20:31:25,103 - INFO - ThreadPoolExecutor-0_1 - [PROD] Sending payload 257/659 | Order Number: V4063003258
2026-06-30 20:31:25,985 - INFO - ThreadPoolExecutor-0_3 - [PROD] Payload 253/659 sent successfully. Status Code: 200
2026-06-30 20:31:25,987 - INFO - ThreadPoolExecutor-0_3 - [PROD] Sending payload 258/659 | Order Number: V4063003259
2026-06-30 20:31:26,345 - INFO - ThreadPoolExecutor-0_2 - [PROD] Payload 254/659 sent successfully. Status Code: 200
2026-06-30 20:31:26,346 - INFO - ThreadPoolExecutor-0_2 - [PROD] Sending payload 259/659 | Order Number: V4063003260
2026-06-30 20:31:26,694 - INFO - ThreadPoolExecutor-0_0 - [PROD] Payload 255/659 sent successfully. Status Code: 200
2026-06-30 20:31:26,697 - INFO - ThreadPoolExecutor-0_0 - [PROD] Sending payload 260/659 | Order Number: V4063003261
2026-06-30 20:31:26,794 - INFO - ThreadPoolExecutor-0_4 - [PROD] Payload 256/659 sent successfully. Status Code: 200
2026-06-30 20:31:26,795 - INFO - ThreadPoolExecutor-0_4 - [PROD] Sending payload 261/659 | Order Number: V4063003262
2026-06-30 20:31:26,978 - INFO - ThreadPoolExecutor-0_1 - [PROD] Payload 257/659 sent successfully. Status Code: 200
2026-06-30 20:31:26,981 - INFO - ThreadPoolExecutor-0_1 - [PROD] Sending payload 262/659 | Order Number: V4063003263
2026-06-30 20:31:27,987 - INFO - ThreadPoolExecutor-0_3 - [PROD] Payload 258/659 sent successfully. Status Code: 200
2026-06-30 20:31:27,988 - INFO - ThreadPoolExecutor-0_3 - [PROD] Sending payload 263/659 | Order Number: V4063003264
2026-06-30 20:31:28,316 - INFO - ThreadPoolExecutor-0_2 - [PROD] Payload 259/659 sent successfully. Status Code: 200
2026-06-30 20:31:28,320 - INFO - ThreadPoolExecutor-0_2 - [PROD] Sending payload 264/659 | Order Number: V4063003265
2026-06-30 20:31:28,606 - INFO - ThreadPoolExecutor-0_0 - [PROD] Payload 260/659 sent successfully. Status Code: 200
2026-06-30 20:31:28,607 - INFO - ThreadPoolExecutor-0_0 - [PROD] Sending payload 265/659 | Order Number: V4063003266
2026-06-30 20:31:28,746 - INFO - ThreadPoolExecutor-0_4 - [PROD] Payload 261/659 sent successfully. Status Code: 200
2026-06-30 20:31:28,748 - INFO - ThreadPoolExecutor-0_4 - [PROD] Sending payload 266/659 | Order Number: V4063003267
2026-06-30 20:31:28,916 - INFO - ThreadPoolExecutor-0_1 - [PROD] Payload 262/659 sent successfully. Status Code: 200
2026-06-30 20:31:28,918 - INFO - ThreadPoolExecutor-0_1 - [PROD] Sending payload 267/659 | Order Number: V4063003268
2026-06-30 20:31:30,039 - INFO - ThreadPoolExecutor-0_3 - [PROD] Payload 263/659 sent successfully. Status Code: 200
2026-06-30 20:31:30,043 - INFO - ThreadPoolExecutor-0_3 - [PROD] Sending payload 268/659 | Order Number: V4063003269
2026-06-30 20:31:30,238 - INFO - ThreadPoolExecutor-0_2 - [PROD] Payload 264/659 sent successfully. Status Code: 200
2026-06-30 20:31:30,241 - INFO - ThreadPoolExecutor-0_2 - [PROD] Sending payload 269/659 | Order Number: V4063003270
2026-06-30 20:31:30,454 - INFO - ThreadPoolExecutor-0_0 - [PROD] Payload 265/659 sent successfully. Status Code: 200
2026-06-30 20:31:30,456 - INFO - ThreadPoolExecutor-0_0 - [PROD] Sending payload 270/659 | Order Number: V4063003271
2026-06-30 20:31:30,672 - INFO - ThreadPoolExecutor-0_4 - [PROD] Payload 266/659 sent successfully. Status Code: 200
2026-06-30 20:31:30,674 - INFO - ThreadPoolExecutor-0_4 - [PROD] Sending payload 271/659 | Order Number: V4063003272
2026-06-30 20:31:30,747 - INFO - ThreadPoolExecutor-0_1 - [PROD] Payload 267/659 sent successfully. Status Code: 200
2026-06-30 20:31:30,749 - INFO - ThreadPoolExecutor-0_1 - [PROD] Sending payload 272/659 | Order Number: V4063003273
2026-06-30 20:31:32,019 - INFO - ThreadPoolExecutor-0_3 - [PROD] Payload 268/659 sent successfully. Status Code: 200
2026-06-30 20:31:32,022 - INFO - ThreadPoolExecutor-0_3 - [PROD] Sending payload 273/659 | Order Number: V4063003274
2026-06-30 20:31:32,114 - INFO - ThreadPoolExecutor-0_2 - [PROD] Payload 269/659 sent successfully. Status Code: 200
2026-06-30 20:31:32,118 - INFO - ThreadPoolExecutor-0_2 - [PROD] Sending payload 274/659 | Order Number: V4063003275
2026-06-30 20:31:32,512 - INFO - ThreadPoolExecutor-0_0 - [PROD] Payload 270/659 sent successfully. Status Code: 200
2026-06-30 20:31:32,514 - INFO - ThreadPoolExecutor-0_0 - [PROD] Sending payload 275/659 | Order Number: V4063003276
2026-06-30 20:31:32,733 - INFO - ThreadPoolExecutor-0_4 - [PROD] Payload 271/659 sent successfully. Status Code: 200
2026-06-30 20:31:32,735 - INFO - ThreadPoolExecutor-0_4 - [PROD] Sending payload 276/659 | Order Number: V4063003277
2026-06-30 20:31:32,932 - INFO - ThreadPoolExecutor-0_1 - [PROD] Payload 272/659 sent successfully. Status Code: 200
2026-06-30 20:31:32,934 - INFO - ThreadPoolExecutor-0_1 - [PROD] Sending payload 277/659 | Order Number: V4063003278
2026-06-30 20:31:33,995 - INFO - ThreadPoolExecutor-0_3 - [PROD] Payload 273/659 sent successfully. Status Code: 200
2026-06-30 20:31:33,997 - INFO - ThreadPoolExecutor-0_3 - [PROD] Sending payload 278/659 | Order Number: V4063003279
2026-06-30 20:31:34,104 - INFO - ThreadPoolExecutor-0_2 - [PROD] Payload 274/659 sent successfully. Status Code: 200
2026-06-30 20:31:34,106 - INFO - ThreadPoolExecutor-0_2 - [PROD] Sending payload 279/659 | Order Number: V4063003280
2026-06-30 20:31:34,488 - INFO - ThreadPoolExecutor-0_0 - [PROD] Payload 275/659 sent successfully. Status Code: 200
2026-06-30 20:31:34,489 - INFO - ThreadPoolExecutor-0_0 - [PROD] Sending payload 280/659 | Order Number: V4063003281
2026-06-30 20:31:34,840 - INFO - ThreadPoolExecutor-0_4 - [PROD] Payload 276/659 sent successfully. Status Code: 200
2026-06-30 20:31:34,841 - INFO - ThreadPoolExecutor-0_4 - [PROD] Sending payload 281/659 | Order Number: V4063003282
2026-06-30 20:31:34,903 - INFO - ThreadPoolExecutor-0_1 - [PROD] Payload 277/659 sent successfully. Status Code: 200
2026-06-30 20:31:34,906 - INFO - ThreadPoolExecutor-0_1 - [PROD] Sending payload 282/659 | Order Number: V4063003283
2026-06-30 20:31:36,005 - INFO - ThreadPoolExecutor-0_2 - [PROD] Payload 279/659 sent successfully. Status Code: 200
2026-06-30 20:31:36,007 - INFO - ThreadPoolExecutor-0_2 - [PROD] Sending payload 283/659 | Order Number: V4063003284
2026-06-30 20:31:36,059 - INFO - ThreadPoolExecutor-0_3 - [PROD] Payload 278/659 sent successfully. Status Code: 200
2026-06-30 20:31:36,060 - INFO - ThreadPoolExecutor-0_3 - [PROD] Sending payload 284/659 | Order Number: V4063003285
2026-06-30 20:31:36,462 - INFO - ThreadPoolExecutor-0_0 - [PROD] Payload 280/659 sent successfully. Status Code: 200
2026-06-30 20:31:36,463 - INFO - ThreadPoolExecutor-0_0 - [PROD] Sending payload 285/659 | Order Number: V4063003286
2026-06-30 20:31:36,831 - INFO - ThreadPoolExecutor-0_1 - [PROD] Payload 282/659 sent successfully. Status Code: 200
2026-06-30 20:31:36,833 - INFO - ThreadPoolExecutor-0_1 - [PROD] Sending payload 286/659 | Order Number: V4063003287
2026-06-30 20:31:36,998 - INFO - ThreadPoolExecutor-0_4 - [PROD] Payload 281/659 sent successfully. Status Code: 200
2026-06-30 20:31:36,999 - INFO - ThreadPoolExecutor-0_4 - [PROD] Sending payload 287/659 | Order Number: V4063003288
2026-06-30 20:31:37,960 - INFO - ThreadPoolExecutor-0_2 - [PROD] Payload 283/659 sent successfully. Status Code: 200
2026-06-30 20:31:37,960 - INFO - ThreadPoolExecutor-0_2 - [PROD] Sending payload 288/659 | Order Number: V4063003289
2026-06-30 20:31:38,244 - INFO - ThreadPoolExecutor-0_3 - [PROD] Payload 284/659 sent successfully. Status Code: 200
2026-06-30 20:31:38,244 - INFO - ThreadPoolExecutor-0_3 - [PROD] Sending payload 289/659 | Order Number: V4063003290
2026-06-30 20:31:38,393 - INFO - ThreadPoolExecutor-0_0 - [PROD] Payload 285/659 sent successfully. Status Code: 200
2026-06-30 20:31:38,393 - INFO - ThreadPoolExecutor-0_0 - [PROD] Sending payload 290/659 | Order Number: V4063003291
2026-06-30 20:31:38,714 - INFO - ThreadPoolExecutor-0_1 - [PROD] Payload 286/659 sent successfully. Status Code: 200
2026-06-30 20:31:38,717 - INFO - ThreadPoolExecutor-0_1 - [PROD] Sending payload 291/659 | Order Number: V4063003292
2026-06-30 20:31:38,881 - INFO - ThreadPoolExecutor-0_4 - [PROD] Payload 287/659 sent successfully. Status Code: 200
2026-06-30 20:31:38,883 - INFO - ThreadPoolExecutor-0_4 - [PROD] Sending payload 292/659 | Order Number: V4063003293
2026-06-30 20:31:39,903 - INFO - ThreadPoolExecutor-0_2 - [PROD] Payload 288/659 sent successfully. Status Code: 200
2026-06-30 20:31:39,904 - INFO - ThreadPoolExecutor-0_2 - [PROD] Sending payload 293/659 | Order Number: V4063003294
2026-06-30 20:31:40,159 - INFO - ThreadPoolExecutor-0_3 - [PROD] Payload 289/659 sent successfully. Status Code: 200
2026-06-30 20:31:40,162 - INFO - ThreadPoolExecutor-0_3 - [PROD] Sending payload 294/659 | Order Number: V4063003295
2026-06-30 20:31:40,312 - INFO - ThreadPoolExecutor-0_0 - [PROD] Payload 290/659 sent successfully. Status Code: 200
2026-06-30 20:31:40,314 - INFO - ThreadPoolExecutor-0_0 - [PROD] Sending payload 295/659 | Order Number: V4063003296
2026-06-30 20:31:40,559 - INFO - ThreadPoolExecutor-0_1 - [PROD] Payload 291/659 sent successfully. Status Code: 200
2026-06-30 20:31:40,560 - INFO - ThreadPoolExecutor-0_1 - [PROD] Sending payload 296/659 | Order Number: V4063003297
2026-06-30 20:31:40,763 - INFO - ThreadPoolExecutor-0_4 - [PROD] Payload 292/659 sent successfully. Status Code: 200
2026-06-30 20:31:40,764 - INFO - ThreadPoolExecutor-0_4 - [PROD] Sending payload 297/659 | Order Number: V4063003298
2026-06-30 20:31:42,011 - INFO - ThreadPoolExecutor-0_3 - [PROD] Payload 294/659 sent successfully. Status Code: 200
2026-06-30 20:31:42,014 - INFO - ThreadPoolExecutor-0_3 - [PROD] Sending payload 298/659 | Order Number: V4063003299
2026-06-30 20:31:42,057 - INFO - ThreadPoolExecutor-0_2 - [PROD] Payload 293/659 sent successfully. Status Code: 200
2026-06-30 20:31:42,058 - INFO - ThreadPoolExecutor-0_2 - [PROD] Sending payload 299/659 | Order Number: V4063003300
2026-06-30 20:31:42,269 - INFO - ThreadPoolExecutor-0_0 - [PROD] Payload 295/659 sent successfully. Status Code: 200
2026-06-30 20:31:42,271 - INFO - ThreadPoolExecutor-0_0 - [PROD] Sending payload 300/659 | Order Number: V4063003301
2026-06-30 20:31:42,547 - INFO - ThreadPoolExecutor-0_1 - [PROD] Payload 296/659 sent successfully. Status Code: 200
2026-06-30 20:31:42,548 - INFO - ThreadPoolExecutor-0_1 - [PROD] Sending payload 301/659 | Order Number: V4063003302
2026-06-30 20:31:42,738 - INFO - ThreadPoolExecutor-0_4 - [PROD] Payload 297/659 sent successfully. Status Code: 200
2026-06-30 20:31:42,740 - INFO - ThreadPoolExecutor-0_4 - [PROD] Sending payload 302/659 | Order Number: V4063003303
2026-06-30 20:31:43,910 - INFO - ThreadPoolExecutor-0_2 - [PROD] Payload 299/659 sent successfully. Status Code: 200
2026-06-30 20:31:43,911 - INFO - ThreadPoolExecutor-0_2 - [PROD] Sending payload 303/659 | Order Number: V4063003304
2026-06-30 20:31:44,013 - INFO - ThreadPoolExecutor-0_3 - [PROD] Payload 298/659 sent successfully. Status Code: 200
2026-06-30 20:31:44,015 - INFO - ThreadPoolExecutor-0_3 - [PROD] Sending payload 304/659 | Order Number: V4063003305
2026-06-30 20:31:44,177 - INFO - ThreadPoolExecutor-0_0 - [PROD] Payload 300/659 sent successfully. Status Code: 200
2026-06-30 20:31:44,179 - INFO - ThreadPoolExecutor-0_0 - [PROD] Sending payload 305/659 | Order Number: V4063003306
2026-06-30 20:31:44,672 - INFO - ThreadPoolExecutor-0_1 - [PROD] Payload 301/659 sent successfully. Status Code: 200
2026-06-30 20:31:44,673 - INFO - ThreadPoolExecutor-0_1 - [PROD] Sending payload 306/659 | Order Number: V4063003307
2026-06-30 20:31:44,677 - INFO - ThreadPoolExecutor-0_4 - [PROD] Payload 302/659 sent successfully. Status Code: 200
2026-06-30 20:31:44,677 - INFO - ThreadPoolExecutor-0_4 - [PROD] Sending payload 307/659 | Order Number: V4063003308
2026-06-30 20:31:45,940 - INFO - ThreadPoolExecutor-0_2 - [PROD] Payload 303/659 sent successfully. Status Code: 200
2026-06-30 20:31:45,942 - INFO - ThreadPoolExecutor-0_2 - [PROD] Sending payload 308/659 | Order Number: V4063003309
2026-06-30 20:31:46,431 - INFO - ThreadPoolExecutor-0_3 - [PROD] Payload 304/659 sent successfully. Status Code: 200
2026-06-30 20:31:46,433 - INFO - ThreadPoolExecutor-0_3 - [PROD] Sending payload 309/659 | Order Number: V4063003310
2026-06-30 20:31:46,502 - INFO - ThreadPoolExecutor-0_0 - [PROD] Payload 305/659 sent successfully. Status Code: 200
2026-06-30 20:31:46,502 - INFO - ThreadPoolExecutor-0_0 - [PROD] Sending payload 310/659 | Order Number: V4063003311
2026-06-30 20:31:46,625 - INFO - ThreadPoolExecutor-0_1 - [PROD] Payload 306/659 sent successfully. Status Code: 200
2026-06-30 20:31:46,627 - INFO - ThreadPoolExecutor-0_1 - [PROD] Sending payload 311/659 | Order Number: V4063003312
2026-06-30 20:31:46,739 - INFO - ThreadPoolExecutor-0_4 - [PROD] Payload 307/659 sent successfully. Status Code: 200
2026-06-30 20:31:46,739 - INFO - ThreadPoolExecutor-0_4 - [PROD] Sending payload 312/659 | Order Number: V4063003313
2026-06-30 20:31:47,868 - INFO - ThreadPoolExecutor-0_2 - [PROD] Payload 308/659 sent successfully. Status Code: 200
2026-06-30 20:31:47,870 - INFO - ThreadPoolExecutor-0_2 - [PROD] Sending payload 313/659 | Order Number: V4063003314
2026-06-30 20:31:48,325 - INFO - ThreadPoolExecutor-0_3 - [PROD] Payload 309/659 sent successfully. Status Code: 200
2026-06-30 20:31:48,327 - INFO - ThreadPoolExecutor-0_3 - [PROD] Sending payload 314/659 | Order Number: V4063003315
2026-06-30 20:31:48,430 - INFO - ThreadPoolExecutor-0_0 - [PROD] Payload 310/659 sent successfully. Status Code: 200
2026-06-30 20:31:48,434 - INFO - ThreadPoolExecutor-0_0 - [PROD] Sending payload 315/659 | Order Number: V4063003316
2026-06-30 20:31:48,545 - INFO - ThreadPoolExecutor-0_1 - [PROD] Payload 311/659 sent successfully. Status Code: 200
2026-06-30 20:31:48,545 - INFO - ThreadPoolExecutor-0_1 - [PROD] Sending payload 316/659 | Order Number: V4063003317
2026-06-30 20:31:48,568 - INFO - ThreadPoolExecutor-0_4 - [PROD] Payload 312/659 sent successfully. Status Code: 200
2026-06-30 20:31:48,568 - INFO - ThreadPoolExecutor-0_4 - [PROD] Sending payload 317/659 | Order Number: V4063003318
2026-06-30 20:31:49,951 - INFO - ThreadPoolExecutor-0_2 - [PROD] Payload 313/659 sent successfully. Status Code: 200
2026-06-30 20:31:49,953 - INFO - ThreadPoolExecutor-0_2 - [PROD] Sending payload 318/659 | Order Number: V4063003319
2026-06-30 20:31:50,273 - INFO - ThreadPoolExecutor-0_3 - [PROD] Payload 314/659 sent successfully. Status Code: 200
2026-06-30 20:31:50,274 - INFO - ThreadPoolExecutor-0_3 - [PROD] Sending payload 319/659 | Order Number: V4063003320
2026-06-30 20:31:50,285 - INFO - ThreadPoolExecutor-0_0 - [PROD] Payload 315/659 sent successfully. Status Code: 200
2026-06-30 20:31:50,286 - INFO - ThreadPoolExecutor-0_0 - [PROD] Sending payload 320/659 | Order Number: V4063003321
2026-06-30 20:31:50,445 - INFO - ThreadPoolExecutor-0_1 - [PROD] Payload 316/659 sent successfully. Status Code: 200
2026-06-30 20:31:50,447 - INFO - ThreadPoolExecutor-0_1 - [PROD] Sending payload 321/659 | Order Number: V4063003322
2026-06-30 20:31:51,682 - INFO - ThreadPoolExecutor-0_4 - [PROD] Payload 317/659 sent successfully. Status Code: 200
2026-06-30 20:31:51,683 - INFO - ThreadPoolExecutor-0_4 - [PROD] Sending payload 322/659 | Order Number: V4063003323
2026-06-30 20:31:51,835 - INFO - ThreadPoolExecutor-0_2 - [PROD] Payload 318/659 sent successfully. Status Code: 200
2026-06-30 20:31:51,837 - INFO - ThreadPoolExecutor-0_2 - [PROD] Sending payload 323/659 | Order Number: V4063003324
2026-06-30 20:31:52,119 - INFO - ThreadPoolExecutor-0_0 - [PROD] Payload 320/659 sent successfully. Status Code: 200
2026-06-30 20:31:52,123 - INFO - ThreadPoolExecutor-0_0 - [PROD] Sending payload 324/659 | Order Number: V4063003325
2026-06-30 20:31:52,297 - INFO - ThreadPoolExecutor-0_1 - [PROD] Payload 321/659 sent successfully. Status Code: 200
2026-06-30 20:31:52,299 - INFO - ThreadPoolExecutor-0_1 - [PROD] Sending payload 325/659 | Order Number: V4063003326
2026-06-30 20:31:52,321 - INFO - ThreadPoolExecutor-0_3 - [PROD] Payload 319/659 sent successfully. Status Code: 200
2026-06-30 20:31:52,322 - INFO - ThreadPoolExecutor-0_3 - [PROD] Sending payload 326/659 | Order Number: V4063003327
2026-06-30 20:31:53,563 - INFO - ThreadPoolExecutor-0_4 - [PROD] Payload 322/659 sent successfully. Status Code: 200
2026-06-30 20:31:53,565 - INFO - ThreadPoolExecutor-0_4 - [PROD] Sending payload 327/659 | Order Number: V4063003328
2026-06-30 20:31:53,812 - INFO - ThreadPoolExecutor-0_2 - [PROD] Payload 323/659 sent successfully. Status Code: 200
2026-06-30 20:31:53,813 - INFO - ThreadPoolExecutor-0_2 - [PROD] Sending payload 328/659 | Order Number: V4063003329
2026-06-30 20:31:54,200 - INFO - ThreadPoolExecutor-0_0 - [PROD] Payload 324/659 sent successfully. Status Code: 200
2026-06-30 20:31:54,202 - INFO - ThreadPoolExecutor-0_0 - [PROD] Sending payload 329/659 | Order Number: V4063003330
2026-06-30 20:31:54,276 - INFO - ThreadPoolExecutor-0_1 - [PROD] Payload 325/659 sent successfully. Status Code: 200
2026-06-30 20:31:54,277 - INFO - ThreadPoolExecutor-0_1 - [PROD] Sending payload 330/659 | Order Number: V4063003331
2026-06-30 20:31:55,473 - INFO - ThreadPoolExecutor-0_3 - [PROD] Payload 326/659 sent successfully. Status Code: 200
2026-06-30 20:31:55,475 - INFO - ThreadPoolExecutor-0_4 - [PROD] Payload 327/659 sent successfully. Status Code: 200
2026-06-30 20:31:55,477 - INFO - ThreadPoolExecutor-0_3 - [PROD] Sending payload 331/659 | Order Number: V4063003332
2026-06-30 20:31:55,477 - INFO - ThreadPoolExecutor-0_4 - [PROD] Sending payload 332/659 | Order Number: V4063003333
2026-06-30 20:31:55,684 - INFO - ThreadPoolExecutor-0_2 - [PROD] Payload 328/659 sent successfully. Status Code: 200
2026-06-30 20:31:55,686 - INFO - ThreadPoolExecutor-0_2 - [PROD] Sending payload 333/659 | Order Number: V4063003334
2026-06-30 20:31:56,147 - INFO - ThreadPoolExecutor-0_0 - [PROD] Payload 329/659 sent successfully. Status Code: 200
2026-06-30 20:31:56,149 - INFO - ThreadPoolExecutor-0_0 - [PROD] Sending payload 334/659 | Order Number: V4063003335
2026-06-30 20:31:56,287 - INFO - ThreadPoolExecutor-0_1 - [PROD] Payload 330/659 sent successfully. Status Code: 200
2026-06-30 20:31:56,289 - INFO - ThreadPoolExecutor-0_1 - [PROD] Sending payload 335/659 | Order Number: V4063003336
2026-06-30 20:31:57,518 - INFO - ThreadPoolExecutor-0_3 - [PROD] Payload 331/659 sent successfully. Status Code: 200
2026-06-30 20:31:57,520 - INFO - ThreadPoolExecutor-0_3 - [PROD] Sending payload 336/659 | Order Number: V4063003337
2026-06-30 20:31:57,549 - INFO - ThreadPoolExecutor-0_4 - [PROD] Payload 332/659 sent successfully. Status Code: 200
2026-06-30 20:31:57,550 - INFO - ThreadPoolExecutor-0_4 - [PROD] Sending payload 337/659 | Order Number: V4063003338
2026-06-30 20:31:57,861 - INFO - ThreadPoolExecutor-0_2 - [PROD] Payload 333/659 sent successfully. Status Code: 200
2026-06-30 20:31:57,862 - INFO - ThreadPoolExecutor-0_2 - [PROD] Sending payload 338/659 | Order Number: V4063003339
2026-06-30 20:31:58,210 - INFO - ThreadPoolExecutor-0_1 - [PROD] Payload 335/659 sent successfully. Status Code: 200
2026-06-30 20:31:58,212 - INFO - ThreadPoolExecutor-0_1 - [PROD] Sending payload 339/659 | Order Number: V4063003340
2026-06-30 20:31:58,491 - INFO - ThreadPoolExecutor-0_0 - [PROD] Payload 334/659 sent successfully. Status Code: 200
2026-06-30 20:31:58,494 - INFO - ThreadPoolExecutor-0_0 - [PROD] Sending payload 340/659 | Order Number: V4063003341
2026-06-30 20:31:59,512 - INFO - ThreadPoolExecutor-0_4 - [PROD] Payload 337/659 sent successfully. Status Code: 200
2026-06-30 20:31:59,514 - INFO - ThreadPoolExecutor-0_4 - [PROD] Sending payload 341/659 | Order Number: V4063003342
2026-06-30 20:31:59,811 - INFO - ThreadPoolExecutor-0_2 - [PROD] Payload 338/659 sent successfully. Status Code: 200
2026-06-30 20:31:59,814 - INFO - ThreadPoolExecutor-0_2 - [PROD] Sending payload 342/659 | Order Number: V4063003343
2026-06-30 20:32:00,055 - INFO - ThreadPoolExecutor-0_1 - [PROD] Payload 339/659 sent successfully. Status Code: 200
2026-06-30 20:32:00,057 - INFO - ThreadPoolExecutor-0_1 - [PROD] Sending payload 343/659 | Order Number: V4063003344
2026-06-30 20:32:00,530 - INFO - ThreadPoolExecutor-0_0 - [PROD] Payload 340/659 sent successfully. Status Code: 200
2026-06-30 20:32:00,534 - INFO - ThreadPoolExecutor-0_0 - [PROD] Sending payload 344/659 | Order Number: V4063003345
2026-06-30 20:32:00,962 - INFO - ThreadPoolExecutor-0_3 - [PROD] Payload 336/659 sent successfully. Status Code: 200
2026-06-30 20:32:00,963 - INFO - ThreadPoolExecutor-0_3 - [PROD] Sending payload 345/659 | Order Number: V4063003346
2026-06-30 20:32:01,897 - INFO - ThreadPoolExecutor-0_2 - [PROD] Payload 342/659 sent successfully. Status Code: 200
2026-06-30 20:32:01,899 - INFO - ThreadPoolExecutor-0_2 - [PROD] Sending payload 346/659 | Order Number: V4063003347
2026-06-30 20:32:02,303 - INFO - ThreadPoolExecutor-0_4 - [PROD] Payload 341/659 sent successfully. Status Code: 200
2026-06-30 20:32:02,305 - INFO - ThreadPoolExecutor-0_4 - [PROD] Sending payload 347/659 | Order Number: V4063003348
2026-06-30 20:32:02,399 - INFO - ThreadPoolExecutor-0_1 - [PROD] Payload 343/659 sent successfully. Status Code: 200
2026-06-30 20:32:02,401 - INFO - ThreadPoolExecutor-0_1 - [PROD] Sending payload 348/659 | Order Number: V4063003349
2026-06-30 20:32:02,471 - INFO - ThreadPoolExecutor-0_0 - [PROD] Payload 344/659 sent successfully. Status Code: 200
2026-06-30 20:32:02,473 - INFO - ThreadPoolExecutor-0_0 - [PROD] Sending payload 349/659 | Order Number: V4063003350
2026-06-30 20:32:02,848 - INFO - ThreadPoolExecutor-0_3 - [PROD] Payload 345/659 sent successfully. Status Code: 200
2026-06-30 20:32:02,851 - INFO - ThreadPoolExecutor-0_3 - [PROD] Sending payload 350/659 | Order Number: V4063003351
2026-06-30 20:32:03,867 - INFO - ThreadPoolExecutor-0_2 - [PROD] Payload 346/659 sent successfully. Status Code: 200
2026-06-30 20:32:03,869 - INFO - ThreadPoolExecutor-0_2 - [PROD] Sending payload 351/659 | Order Number: V4063003352
2026-06-30 20:32:04,239 - INFO - ThreadPoolExecutor-0_4 - [PROD] Payload 347/659 sent successfully. Status Code: 200
2026-06-30 20:32:04,240 - INFO - ThreadPoolExecutor-0_4 - [PROD] Sending payload 352/659 | Order Number: V4063003353
2026-06-30 20:32:04,459 - INFO - ThreadPoolExecutor-0_0 - [PROD] Payload 349/659 sent successfully. Status Code: 200
2026-06-30 20:32:04,460 - INFO - ThreadPoolExecutor-0_0 - [PROD] Sending payload 353/659 | Order Number: V4063003354
2026-06-30 20:32:04,472 - INFO - ThreadPoolExecutor-0_1 - [PROD] Payload 348/659 sent successfully. Status Code: 200
2026-06-30 20:32:04,473 - INFO - ThreadPoolExecutor-0_1 - [PROD] Sending payload 354/659 | Order Number: V4063003355
2026-06-30 20:32:04,798 - INFO - ThreadPoolExecutor-0_3 - [PROD] Payload 350/659 sent successfully. Status Code: 200
2026-06-30 20:32:04,798 - INFO - ThreadPoolExecutor-0_3 - [PROD] Sending payload 355/659 | Order Number: V4063003356
2026-06-30 20:32:05,809 - INFO - ThreadPoolExecutor-0_2 - [PROD] Payload 351/659 sent successfully. Status Code: 200
2026-06-30 20:32:05,814 - INFO - ThreadPoolExecutor-0_2 - [PROD] Sending payload 356/659 | Order Number: V4063003357
2026-06-30 20:32:06,195 - INFO - ThreadPoolExecutor-0_4 - [PROD] Payload 352/659 sent successfully. Status Code: 200
2026-06-30 20:32:06,199 - INFO - ThreadPoolExecutor-0_4 - [PROD] Sending payload 357/659 | Order Number: V4063003358
2026-06-30 20:32:06,394 - INFO - ThreadPoolExecutor-0_1 - [PROD] Payload 354/659 sent successfully. Status Code: 200
2026-06-30 20:32:06,397 - INFO - ThreadPoolExecutor-0_1 - [PROD] Sending payload 358/659 | Order Number: V4063003359
2026-06-30 20:32:06,579 - INFO - ThreadPoolExecutor-0_0 - [PROD] Payload 353/659 sent successfully. Status Code: 200
2026-06-30 20:32:06,582 - INFO - ThreadPoolExecutor-0_0 - [PROD] Sending payload 359/659 | Order Number: V4063003360
2026-06-30 20:32:06,701 - INFO - ThreadPoolExecutor-0_3 - [PROD] Payload 355/659 sent successfully. Status Code: 200
2026-06-30 20:32:06,705 - INFO - ThreadPoolExecutor-0_3 - [PROD] Sending payload 360/659 | Order Number: V4063003361
2026-06-30 20:32:07,708 - INFO - ThreadPoolExecutor-0_2 - [PROD] Payload 356/659 sent successfully. Status Code: 200
2026-06-30 20:32:07,708 - INFO - ThreadPoolExecutor-0_2 - [PROD] Sending payload 361/659 | Order Number: V4063003362
2026-06-30 20:32:08,291 - INFO - ThreadPoolExecutor-0_1 - [PROD] Payload 358/659 sent successfully. Status Code: 200
2026-06-30 20:32:08,293 - INFO - ThreadPoolExecutor-0_1 - [PROD] Sending payload 362/659 | Order Number: V4063003363
2026-06-30 20:32:08,494 - INFO - ThreadPoolExecutor-0_4 - [PROD] Payload 357/659 sent successfully. Status Code: 200
2026-06-30 20:32:08,495 - INFO - ThreadPoolExecutor-0_4 - [PROD] Sending payload 363/659 | Order Number: V4063003364
2026-06-30 20:32:08,585 - INFO - ThreadPoolExecutor-0_0 - [PROD] Payload 359/659 sent successfully. Status Code: 200
2026-06-30 20:32:08,587 - INFO - ThreadPoolExecutor-0_0 - [PROD] Sending payload 364/659 | Order Number: V4063003365
2026-06-30 20:32:08,730 - INFO - ThreadPoolExecutor-0_3 - [PROD] Payload 360/659 sent successfully. Status Code: 200
2026-06-30 20:32:08,734 - INFO - ThreadPoolExecutor-0_3 - [PROD] Sending payload 365/659 | Order Number: V4063003366
2026-06-30 20:32:09,705 - INFO - ThreadPoolExecutor-0_2 - [PROD] Payload 361/659 sent successfully. Status Code: 200
2026-06-30 20:32:09,709 - INFO - ThreadPoolExecutor-0_2 - [PROD] Sending payload 366/659 | Order Number: V4063003367
2026-06-30 20:32:10,177 - INFO - ThreadPoolExecutor-0_1 - [PROD] Payload 362/659 sent successfully. Status Code: 200
2026-06-30 20:32:10,178 - INFO - ThreadPoolExecutor-0_1 - [PROD] Sending payload 367/659 | Order Number: V4063003368
2026-06-30 20:32:10,705 - INFO - ThreadPoolExecutor-0_4 - [PROD] Payload 363/659 sent successfully. Status Code: 200
2026-06-30 20:32:10,706 - INFO - ThreadPoolExecutor-0_4 - [PROD] Sending payload 368/659 | Order Number: V4063003369
2026-06-30 20:32:10,858 - INFO - ThreadPoolExecutor-0_0 - [PROD] Payload 364/659 sent successfully. Status Code: 200
2026-06-30 20:32:10,859 - INFO - ThreadPoolExecutor-0_0 - [PROD] Sending payload 369/659 | Order Number: V4063003370
2026-06-30 20:32:11,005 - INFO - ThreadPoolExecutor-0_3 - [PROD] Payload 365/659 sent successfully. Status Code: 200
2026-06-30 20:32:11,007 - INFO - ThreadPoolExecutor-0_3 - [PROD] Sending payload 370/659 | Order Number: V4063003371
2026-06-30 20:32:11,601 - INFO - ThreadPoolExecutor-0_2 - [PROD] Payload 366/659 sent successfully. Status Code: 200
2026-06-30 20:32:11,603 - INFO - ThreadPoolExecutor-0_2 - [PROD] Sending payload 371/659 | Order Number: V4063003372
2026-06-30 20:32:12,126 - INFO - ThreadPoolExecutor-0_1 - [PROD] Payload 367/659 sent successfully. Status Code: 200
2026-06-30 20:32:12,128 - INFO - ThreadPoolExecutor-0_1 - [PROD] Sending payload 372/659 | Order Number: V4063003373
2026-06-30 20:32:12,776 - INFO - ThreadPoolExecutor-0_0 - [PROD] Payload 369/659 sent successfully. Status Code: 200
2026-06-30 20:32:12,778 - INFO - ThreadPoolExecutor-0_4 - [PROD] Payload 368/659 sent successfully. Status Code: 200
2026-06-30 20:32:12,780 - INFO - ThreadPoolExecutor-0_4 - [PROD] Sending payload 374/659 | Order Number: V4063003375
2026-06-30 20:32:12,780 - INFO - ThreadPoolExecutor-0_0 - [PROD] Sending payload 373/659 | Order Number: V4063003374
2026-06-30 20:32:12,932 - INFO - ThreadPoolExecutor-0_3 - [PROD] Payload 370/659 sent successfully. Status Code: 200
2026-06-30 20:32:12,934 - INFO - ThreadPoolExecutor-0_3 - [PROD] Sending payload 375/659 | Order Number: V4063003376
2026-06-30 20:32:13,679 - INFO - ThreadPoolExecutor-0_2 - [PROD] Payload 371/659 sent successfully. Status Code: 200
2026-06-30 20:32:13,681 - INFO - ThreadPoolExecutor-0_2 - [PROD] Sending payload 376/659 | Order Number: V4063003377
2026-06-30 20:32:14,653 - INFO - ThreadPoolExecutor-0_4 - [PROD] Payload 374/659 sent successfully. Status Code: 200
2026-06-30 20:32:14,655 - INFO - ThreadPoolExecutor-0_4 - [PROD] Sending payload 377/659 | Order Number: V4063003378
2026-06-30 20:32:14,813 - INFO - ThreadPoolExecutor-0_0 - [PROD] Payload 373/659 sent successfully. Status Code: 200
2026-06-30 20:32:14,814 - INFO - ThreadPoolExecutor-0_0 - [PROD] Sending payload 378/659 | Order Number: V4063003379
2026-06-30 20:32:14,848 - INFO - ThreadPoolExecutor-0_3 - [PROD] Payload 375/659 sent successfully. Status Code: 200
2026-06-30 20:32:14,849 - INFO - ThreadPoolExecutor-0_3 - [PROD] Sending payload 379/659 | Order Number: V4063003380
2026-06-30 20:32:14,988 - INFO - ThreadPoolExecutor-0_1 - [PROD] Payload 372/659 sent successfully. Status Code: 200
2026-06-30 20:32:14,991 - INFO - ThreadPoolExecutor-0_1 - [PROD] Sending payload 380/659 | Order Number: V4063003381
2026-06-30 20:32:15,695 - INFO - ThreadPoolExecutor-0_2 - [PROD] Payload 376/659 sent successfully. Status Code: 200
2026-06-30 20:32:15,697 - INFO - ThreadPoolExecutor-0_2 - [PROD] Sending payload 381/659 | Order Number: V4063003382
2026-06-30 20:32:16,565 - INFO - ThreadPoolExecutor-0_4 - [PROD] Payload 377/659 sent successfully. Status Code: 200
2026-06-30 20:32:16,567 - INFO - ThreadPoolExecutor-0_4 - [PROD] Sending payload 382/659 | Order Number: V4063003383
2026-06-30 20:32:16,712 - INFO - ThreadPoolExecutor-0_0 - [PROD] Payload 378/659 sent successfully. Status Code: 200
2026-06-30 20:32:16,713 - INFO - ThreadPoolExecutor-0_0 - [PROD] Sending payload 383/659 | Order Number: V4063003384
2026-06-30 20:32:16,718 - INFO - ThreadPoolExecutor-0_3 - [PROD] Payload 379/659 sent successfully. Status Code: 200
2026-06-30 20:32:16,719 - INFO - ThreadPoolExecutor-0_3 - [PROD] Sending payload 384/659 | Order Number: V4063003385
2026-06-30 20:32:16,884 - INFO - ThreadPoolExecutor-0_1 - [PROD] Payload 380/659 sent successfully. Status Code: 200
2026-06-30 20:32:16,885 - INFO - ThreadPoolExecutor-0_1 - [PROD] Sending payload 385/659 | Order Number: V4063003386
2026-06-30 20:32:17,736 - INFO - ThreadPoolExecutor-0_2 - [PROD] Payload 381/659 sent successfully. Status Code: 200
2026-06-30 20:32:17,738 - INFO - ThreadPoolExecutor-0_2 - [PROD] Sending payload 386/659 | Order Number: V4063003387
2026-06-30 20:32:18,506 - INFO - ThreadPoolExecutor-0_4 - [PROD] Payload 382/659 sent successfully. Status Code: 200
2026-06-30 20:32:18,508 - INFO - ThreadPoolExecutor-0_4 - [PROD] Sending payload 387/659 | Order Number: V4063003388
2026-06-30 20:32:18,567 - INFO - ThreadPoolExecutor-0_3 - [PROD] Payload 384/659 sent successfully. Status Code: 200
2026-06-30 20:32:18,568 - INFO - ThreadPoolExecutor-0_3 - [PROD] Sending payload 388/659 | Order Number: V4063003389
2026-06-30 20:32:18,675 - INFO - ThreadPoolExecutor-0_0 - [PROD] Payload 383/659 sent successfully. Status Code: 200
2026-06-30 20:32:18,675 - INFO - ThreadPoolExecutor-0_0 - [PROD] Sending payload 389/659 | Order Number: V4063003390
2026-06-30 20:32:18,736 - INFO - ThreadPoolExecutor-0_1 - [PROD] Payload 385/659 sent successfully. Status Code: 200
2026-06-30 20:32:18,737 - INFO - ThreadPoolExecutor-0_1 - [PROD] Sending payload 390/659 | Order Number: V4063003391
2026-06-30 20:32:19,649 - INFO - ThreadPoolExecutor-0_2 - [PROD] Payload 386/659 sent successfully. Status Code: 200
2026-06-30 20:32:19,649 - INFO - ThreadPoolExecutor-0_2 - [PROD] Sending payload 391/659 | Order Number: V4063003392
2026-06-30 20:32:20,358 - INFO - ThreadPoolExecutor-0_4 - [PROD] Payload 387/659 sent successfully. Status Code: 200
2026-06-30 20:32:20,359 - INFO - ThreadPoolExecutor-0_4 - [PROD] Sending payload 392/659 | Order Number: V4063003393
2026-06-30 20:32:20,492 - INFO - ThreadPoolExecutor-0_0 - [PROD] Payload 389/659 sent successfully. Status Code: 200
2026-06-30 20:32:20,494 - INFO - ThreadPoolExecutor-0_0 - [PROD] Sending payload 393/659 | Order Number: V4063003394
2026-06-30 20:32:20,888 - INFO - ThreadPoolExecutor-0_1 - [PROD] Payload 390/659 sent successfully. Status Code: 200
2026-06-30 20:32:20,889 - INFO - ThreadPoolExecutor-0_1 - [PROD] Sending payload 394/659 | Order Number: V4063003395
2026-06-30 20:32:21,505 - INFO - ThreadPoolExecutor-0_2 - [PROD] Payload 391/659 sent successfully. Status Code: 200
2026-06-30 20:32:21,506 - INFO - ThreadPoolExecutor-0_2 - [PROD] Sending payload 395/659 | Order Number: V4063003396
2026-06-30 20:32:21,706 - INFO - ThreadPoolExecutor-0_3 - [PROD] Payload 388/659 sent successfully. Status Code: 200
2026-06-30 20:32:21,707 - INFO - ThreadPoolExecutor-0_3 - [PROD] Sending payload 396/659 | Order Number: V4063003397
2026-06-30 20:32:22,418 - INFO - ThreadPoolExecutor-0_0 - [PROD] Payload 393/659 sent successfully. Status Code: 200
2026-06-30 20:32:22,423 - INFO - ThreadPoolExecutor-0_0 - [PROD] Sending payload 397/659 | Order Number: V4063003398
2026-06-30 20:32:22,747 - INFO - ThreadPoolExecutor-0_1 - [PROD] Payload 394/659 sent successfully. Status Code: 200
2026-06-30 20:32:22,747 - INFO - ThreadPoolExecutor-0_1 - [PROD] Sending payload 398/659 | Order Number: V4063003399
2026-06-30 20:32:23,006 - INFO - ThreadPoolExecutor-0_4 - [PROD] Payload 392/659 sent successfully. Status Code: 200
2026-06-30 20:32:23,006 - INFO - ThreadPoolExecutor-0_4 - [PROD] Sending payload 399/659 | Order Number: V4063003400
2026-06-30 20:32:23,476 - INFO - ThreadPoolExecutor-0_2 - [PROD] Payload 395/659 sent successfully. Status Code: 200
2026-06-30 20:32:23,480 - INFO - ThreadPoolExecutor-0_2 - [PROD] Sending payload 400/659 | Order Number: V4063003401
2026-06-30 20:32:23,538 - INFO - ThreadPoolExecutor-0_3 - [PROD] Payload 396/659 sent successfully. Status Code: 200
2026-06-30 20:32:23,539 - INFO - ThreadPoolExecutor-0_3 - [PROD] Sending payload 401/659 | Order Number: V4063003402
2026-06-30 20:32:24,344 - INFO - ThreadPoolExecutor-0_0 - [PROD] Payload 397/659 sent successfully. Status Code: 200
2026-06-30 20:32:24,346 - INFO - ThreadPoolExecutor-0_0 - [PROD] Sending payload 402/659 | Order Number: V4063003403
2026-06-30 20:32:24,625 - INFO - ThreadPoolExecutor-0_1 - [PROD] Payload 398/659 sent successfully. Status Code: 200
2026-06-30 20:32:24,625 - INFO - ThreadPoolExecutor-0_1 - [PROD] Sending payload 403/659 | Order Number: V4063003404
2026-06-30 20:32:24,881 - INFO - ThreadPoolExecutor-0_4 - [PROD] Payload 399/659 sent successfully. Status Code: 200
2026-06-30 20:32:24,883 - INFO - ThreadPoolExecutor-0_4 - [PROD] Sending payload 404/659 | Order Number: V4063003405
2026-06-30 20:32:25,332 - INFO - ThreadPoolExecutor-0_2 - [PROD] Payload 400/659 sent successfully. Status Code: 200
2026-06-30 20:32:25,339 - INFO - ThreadPoolExecutor-0_2 - [PROD] Sending payload 405/659 | Order Number: V4063003406
2026-06-30 20:32:25,505 - INFO - ThreadPoolExecutor-0_3 - [PROD] Payload 401/659 sent successfully. Status Code: 200
2026-06-30 20:32:25,508 - INFO - ThreadPoolExecutor-0_3 - [PROD] Sending payload 406/659 | Order Number: V4063003407
2026-06-30 20:32:26,434 - INFO - ThreadPoolExecutor-0_0 - [PROD] Payload 402/659 sent successfully. Status Code: 200
2026-06-30 20:32:26,437 - INFO - ThreadPoolExecutor-0_0 - [PROD] Sending payload 407/659 | Order Number: V4063003408
2026-06-30 20:32:26,609 - INFO - ThreadPoolExecutor-0_1 - [PROD] Payload 403/659 sent successfully. Status Code: 200
2026-06-30 20:32:26,612 - INFO - ThreadPoolExecutor-0_1 - [PROD] Sending payload 408/659 | Order Number: V4063003409
2026-06-30 20:32:26,770 - INFO - ThreadPoolExecutor-0_4 - [PROD] Payload 404/659 sent successfully. Status Code: 200
2026-06-30 20:32:26,770 - INFO - ThreadPoolExecutor-0_4 - [PROD] Sending payload 409/659 | Order Number: V4063003410
2026-06-30 20:32:27,278 - INFO - ThreadPoolExecutor-0_2 - [PROD] Payload 405/659 sent successfully. Status Code: 200
2026-06-30 20:32:27,279 - INFO - ThreadPoolExecutor-0_2 - [PROD] Sending payload 410/659 | Order Number: V4063003411
2026-06-30 20:32:27,521 - INFO - ThreadPoolExecutor-0_3 - [PROD] Payload 406/659 sent successfully. Status Code: 200
2026-06-30 20:32:27,524 - INFO - ThreadPoolExecutor-0_3 - [PROD] Sending payload 411/659 | Order Number: V4063003412
2026-06-30 20:32:28,439 - INFO - ThreadPoolExecutor-0_0 - [PROD] Payload 407/659 sent successfully. Status Code: 200
2026-06-30 20:32:28,440 - INFO - ThreadPoolExecutor-0_0 - [PROD] Sending payload 412/659 | Order Number: V4063003413
2026-06-30 20:32:28,631 - INFO - ThreadPoolExecutor-0_4 - [PROD] Payload 409/659 sent successfully. Status Code: 200
2026-06-30 20:32:28,631 - INFO - ThreadPoolExecutor-0_4 - [PROD] Sending payload 413/659 | Order Number: V4063003414
2026-06-30 20:32:28,642 - INFO - ThreadPoolExecutor-0_1 - [PROD] Payload 408/659 sent successfully. Status Code: 200
2026-06-30 20:32:28,643 - INFO - ThreadPoolExecutor-0_1 - [PROD] Sending payload 414/659 | Order Number: V4063003415
2026-06-30 20:32:29,109 - INFO - ThreadPoolExecutor-0_2 - [PROD] Payload 410/659 sent successfully. Status Code: 200
2026-06-30 20:32:29,111 - INFO - ThreadPoolExecutor-0_2 - [PROD] Sending payload 415/659 | Order Number: V4063003416
2026-06-30 20:32:29,477 - INFO - ThreadPoolExecutor-0_3 - [PROD] Payload 411/659 sent successfully. Status Code: 200
2026-06-30 20:32:29,479 - INFO - ThreadPoolExecutor-0_3 - [PROD] Sending payload 416/659 | Order Number: V4063003417
2026-06-30 20:32:30,494 - INFO - ThreadPoolExecutor-0_0 - [PROD] Payload 412/659 sent successfully. Status Code: 200
2026-06-30 20:32:30,496 - INFO - ThreadPoolExecutor-0_0 - [PROD] Sending payload 417/659 | Order Number: V4063003418
2026-06-30 20:32:30,580 - INFO - ThreadPoolExecutor-0_4 - [PROD] Payload 413/659 sent successfully. Status Code: 200
2026-06-30 20:32:30,583 - INFO - ThreadPoolExecutor-0_4 - [PROD] Sending payload 418/659 | Order Number: V4063003419
2026-06-30 20:32:30,596 - INFO - ThreadPoolExecutor-0_1 - [PROD] Payload 414/659 sent successfully. Status Code: 200
2026-06-30 20:32:30,597 - INFO - ThreadPoolExecutor-0_1 - [PROD] Sending payload 419/659 | Order Number: V4063003420
2026-06-30 20:32:30,978 - INFO - ThreadPoolExecutor-0_2 - [PROD] Payload 415/659 sent successfully. Status Code: 200
2026-06-30 20:32:30,979 - INFO - ThreadPoolExecutor-0_2 - [PROD] Sending payload 420/659 | Order Number: V4063003421
2026-06-30 20:32:31,333 - INFO - ThreadPoolExecutor-0_3 - [PROD] Payload 416/659 sent successfully. Status Code: 200
2026-06-30 20:32:31,335 - INFO - ThreadPoolExecutor-0_3 - [PROD] Sending payload 421/659 | Order Number: V4063003422
2026-06-30 20:32:32,340 - INFO - ThreadPoolExecutor-0_0 - [PROD] Payload 417/659 sent successfully. Status Code: 200
2026-06-30 20:32:32,341 - INFO - ThreadPoolExecutor-0_0 - [PROD] Sending payload 422/659 | Order Number: V4063003423
2026-06-30 20:32:32,521 - INFO - ThreadPoolExecutor-0_1 - [PROD] Payload 419/659 sent successfully. Status Code: 200
2026-06-30 20:32:32,522 - INFO - ThreadPoolExecutor-0_1 - [PROD] Sending payload 423/659 | Order Number: V4063003424
2026-06-30 20:32:32,536 - INFO - ThreadPoolExecutor-0_4 - [PROD] Payload 418/659 sent successfully. Status Code: 200
2026-06-30 20:32:32,537 - INFO - ThreadPoolExecutor-0_4 - [PROD] Sending payload 424/659 | Order Number: V4063003425
2026-06-30 20:32:32,917 - INFO - ThreadPoolExecutor-0_2 - [PROD] Payload 420/659 sent successfully. Status Code: 200
2026-06-30 20:32:32,919 - INFO - ThreadPoolExecutor-0_2 - [PROD] Sending payload 425/659 | Order Number: V4063003426
2026-06-30 20:32:33,314 - INFO - ThreadPoolExecutor-0_3 - [PROD] Payload 421/659 sent successfully. Status Code: 200
2026-06-30 20:32:33,317 - INFO - ThreadPoolExecutor-0_3 - [PROD] Sending payload 426/659 | Order Number: V4063003427
2026-06-30 20:32:34,282 - INFO - ThreadPoolExecutor-0_0 - [PROD] Payload 422/659 sent successfully. Status Code: 200
2026-06-30 20:32:34,284 - INFO - ThreadPoolExecutor-0_0 - [PROD] Sending payload 427/659 | Order Number: V4063003428
2026-06-30 20:32:34,377 - INFO - ThreadPoolExecutor-0_1 - [PROD] Payload 423/659 sent successfully. Status Code: 200
2026-06-30 20:32:34,379 - INFO - ThreadPoolExecutor-0_1 - [PROD] Sending payload 428/659 | Order Number: V4063003429
2026-06-30 20:32:34,453 - INFO - ThreadPoolExecutor-0_4 - [PROD] Payload 424/659 sent successfully. Status Code: 200
2026-06-30 20:32:34,454 - INFO - ThreadPoolExecutor-0_4 - [PROD] Sending payload 429/659 | Order Number: V4063003430
2026-06-30 20:32:34,921 - INFO - ThreadPoolExecutor-0_2 - [PROD] Payload 425/659 sent successfully. Status Code: 200
2026-06-30 20:32:34,923 - INFO - ThreadPoolExecutor-0_2 - [PROD] Sending payload 430/659 | Order Number: V4063003431
2026-06-30 20:32:35,208 - INFO - ThreadPoolExecutor-0_3 - [PROD] Payload 426/659 sent successfully. Status Code: 200
2026-06-30 20:32:35,209 - INFO - ThreadPoolExecutor-0_3 - [PROD] Sending payload 431/659 | Order Number: V4063003432
2026-06-30 20:32:36,165 - INFO - ThreadPoolExecutor-0_0 - [PROD] Payload 427/659 sent successfully. Status Code: 200
2026-06-30 20:32:36,166 - INFO - ThreadPoolExecutor-0_0 - [PROD] Sending payload 432/659 | Order Number: V4063003433
2026-06-30 20:32:36,247 - INFO - ThreadPoolExecutor-0_1 - [PROD] Payload 428/659 sent successfully. Status Code: 200
2026-06-30 20:32:36,248 - INFO - ThreadPoolExecutor-0_1 - [PROD] Sending payload 433/659 | Order Number: V4063003434
2026-06-30 20:32:36,445 - INFO - ThreadPoolExecutor-0_4 - [PROD] Payload 429/659 sent successfully. Status Code: 200
2026-06-30 20:32:36,449 - INFO - ThreadPoolExecutor-0_4 - [PROD] Sending payload 434/659 | Order Number: V4063003435
2026-06-30 20:32:36,781 - INFO - ThreadPoolExecutor-0_2 - [PROD] Payload 430/659 sent successfully. Status Code: 200
2026-06-30 20:32:36,784 - INFO - ThreadPoolExecutor-0_2 - [PROD] Sending payload 435/659 | Order Number: V4063003436
2026-06-30 20:32:37,118 - INFO - ThreadPoolExecutor-0_3 - [PROD] Payload 431/659 sent successfully. Status Code: 200
2026-06-30 20:32:37,121 - INFO - ThreadPoolExecutor-0_3 - [PROD] Sending payload 436/659 | Order Number: V4063003437
2026-06-30 20:32:38,071 - INFO - ThreadPoolExecutor-0_0 - [PROD] Payload 432/659 sent successfully. Status Code: 200
2026-06-30 20:32:38,072 - INFO - ThreadPoolExecutor-0_0 - [PROD] Sending payload 437/659 | Order Number: V4063003438
2026-06-30 20:32:38,276 - INFO - ThreadPoolExecutor-0_1 - [PROD] Payload 433/659 sent successfully. Status Code: 200
2026-06-30 20:32:38,276 - INFO - ThreadPoolExecutor-0_1 - [PROD] Sending payload 438/659 | Order Number: V4063003439
2026-06-30 20:32:38,405 - INFO - ThreadPoolExecutor-0_4 - [PROD] Payload 434/659 sent successfully. Status Code: 200
2026-06-30 20:32:38,407 - INFO - ThreadPoolExecutor-0_4 - [PROD] Sending payload 439/659 | Order Number: V4063003440
2026-06-30 20:32:38,758 - INFO - ThreadPoolExecutor-0_2 - [PROD] Payload 435/659 sent successfully. Status Code: 200
2026-06-30 20:32:38,760 - INFO - ThreadPoolExecutor-0_2 - [PROD] Sending payload 440/659 | Order Number: V4063003441
2026-06-30 20:32:38,968 - INFO - ThreadPoolExecutor-0_3 - [PROD] Payload 436/659 sent successfully. Status Code: 200
2026-06-30 20:32:38,970 - INFO - ThreadPoolExecutor-0_3 - [PROD] Sending payload 441/659 | Order Number: V4063003442
2026-06-30 20:32:40,087 - INFO - ThreadPoolExecutor-0_0 - [PROD] Payload 437/659 sent successfully. Status Code: 200
2026-06-30 20:32:40,088 - INFO - ThreadPoolExecutor-0_0 - [PROD] Sending payload 442/659 | Order Number: V4063003443
2026-06-30 20:32:40,193 - INFO - ThreadPoolExecutor-0_1 - [PROD] Payload 438/659 sent successfully. Status Code: 200
2026-06-30 20:32:40,196 - INFO - ThreadPoolExecutor-0_1 - [PROD] Sending payload 443/659 | Order Number: V4063003444
2026-06-30 20:32:40,329 - INFO - ThreadPoolExecutor-0_4 - [PROD] Payload 439/659 sent successfully. Status Code: 200
2026-06-30 20:32:40,329 - INFO - ThreadPoolExecutor-0_4 - [PROD] Sending payload 444/659 | Order Number: V4063003445
2026-06-30 20:32:40,709 - INFO - ThreadPoolExecutor-0_2 - [PROD] Payload 440/659 sent successfully. Status Code: 200
2026-06-30 20:32:40,711 - INFO - ThreadPoolExecutor-0_2 - [PROD] Sending payload 445/659 | Order Number: V4063003446
2026-06-30 20:32:41,217 - INFO - ThreadPoolExecutor-0_3 - [PROD] Payload 441/659 sent successfully. Status Code: 200
2026-06-30 20:32:41,219 - INFO - ThreadPoolExecutor-0_3 - [PROD] Sending payload 446/659 | Order Number: V4063003447
2026-06-30 20:32:41,986 - INFO - ThreadPoolExecutor-0_0 - [PROD] Payload 442/659 sent successfully. Status Code: 200
2026-06-30 20:32:41,988 - INFO - ThreadPoolExecutor-0_0 - [PROD] Sending payload 447/659 | Order Number: V4063003448
2026-06-30 20:32:42,155 - INFO - ThreadPoolExecutor-0_1 - [PROD] Payload 443/659 sent successfully. Status Code: 200
2026-06-30 20:32:42,161 - INFO - ThreadPoolExecutor-0_1 - [PROD] Sending payload 448/659 | Order Number: V4063003449
2026-06-30 20:32:42,197 - INFO - ThreadPoolExecutor-0_4 - [PROD] Payload 444/659 sent successfully. Status Code: 200
2026-06-30 20:32:42,202 - INFO - ThreadPoolExecutor-0_4 - [PROD] Sending payload 449/659 | Order Number: V4063003450
2026-06-30 20:32:42,566 - INFO - ThreadPoolExecutor-0_2 - [PROD] Payload 445/659 sent successfully. Status Code: 200
2026-06-30 20:32:42,568 - INFO - ThreadPoolExecutor-0_2 - [PROD] Sending payload 450/659 | Order Number: V4063003451
2026-06-30 20:32:43,085 - INFO - ThreadPoolExecutor-0_3 - [PROD] Payload 446/659 sent successfully. Status Code: 200
2026-06-30 20:32:43,088 - INFO - ThreadPoolExecutor-0_3 - [PROD] Sending payload 451/659 | Order Number: V4063003452
2026-06-30 20:32:43,930 - INFO - ThreadPoolExecutor-0_0 - [PROD] Payload 447/659 sent successfully. Status Code: 200
2026-06-30 20:32:43,932 - INFO - ThreadPoolExecutor-0_0 - [PROD] Sending payload 452/659 | Order Number: V4063003453
2026-06-30 20:32:44,078 - INFO - ThreadPoolExecutor-0_1 - [PROD] Payload 448/659 sent successfully. Status Code: 200
2026-06-30 20:32:44,080 - INFO - ThreadPoolExecutor-0_1 - [PROD] Sending payload 453/659 | Order Number: V4063003454
2026-06-30 20:32:44,096 - INFO - ThreadPoolExecutor-0_4 - [PROD] Payload 449/659 sent successfully. Status Code: 200
2026-06-30 20:32:44,098 - INFO - ThreadPoolExecutor-0_4 - [PROD] Sending payload 454/659 | Order Number: V4063003455
2026-06-30 20:32:44,557 - INFO - ThreadPoolExecutor-0_2 - [PROD] Payload 450/659 sent successfully. Status Code: 200
2026-06-30 20:32:44,562 - INFO - ThreadPoolExecutor-0_2 - [PROD] Sending payload 455/659 | Order Number: V4063003456
2026-06-30 20:32:45,043 - INFO - ThreadPoolExecutor-0_3 - [PROD] Payload 451/659 sent successfully. Status Code: 200
2026-06-30 20:32:45,045 - INFO - ThreadPoolExecutor-0_3 - [PROD] Sending payload 456/659 | Order Number: V4063003457
2026-06-30 20:32:45,880 - INFO - ThreadPoolExecutor-0_0 - [PROD] Payload 452/659 sent successfully. Status Code: 200
2026-06-30 20:32:45,880 - INFO - ThreadPoolExecutor-0_0 - [PROD] Sending payload 457/659 | Order Number: V4063003458
2026-06-30 20:32:45,983 - INFO - ThreadPoolExecutor-0_1 - [PROD] Payload 453/659 sent successfully. Status Code: 200
2026-06-30 20:32:45,984 - INFO - ThreadPoolExecutor-0_1 - [PROD] Sending payload 458/659 | Order Number: V4063003459
2026-06-30 20:32:46,067 - INFO - ThreadPoolExecutor-0_4 - [PROD] Payload 454/659 sent successfully. Status Code: 200
2026-06-30 20:32:46,068 - INFO - ThreadPoolExecutor-0_4 - [PROD] Sending payload 459/659 | Order Number: V4063003460
2026-06-30 20:32:46,487 - INFO - ThreadPoolExecutor-0_2 - [PROD] Payload 455/659 sent successfully. Status Code: 200
2026-06-30 20:32:46,490 - INFO - ThreadPoolExecutor-0_2 - [PROD] Sending payload 460/659 | Order Number: V4063003461
2026-06-30 20:32:46,871 - INFO - ThreadPoolExecutor-0_3 - [PROD] Payload 456/659 sent successfully. Status Code: 200
2026-06-30 20:32:46,873 - INFO - ThreadPoolExecutor-0_3 - [PROD] Sending payload 461/659 | Order Number: V4063003462
2026-06-30 20:32:47,719 - INFO - ThreadPoolExecutor-0_0 - [PROD] Payload 457/659 sent successfully. Status Code: 200
2026-06-30 20:32:47,721 - INFO - ThreadPoolExecutor-0_0 - [PROD] Sending payload 462/659 | Order Number: V4063003463
2026-06-30 20:32:47,936 - INFO - ThreadPoolExecutor-0_4 - [PROD] Payload 459/659 sent successfully. Status Code: 200
2026-06-30 20:32:47,937 - INFO - ThreadPoolExecutor-0_4 - [PROD] Sending payload 463/659 | Order Number: V4063003464
2026-06-30 20:32:48,002 - INFO - ThreadPoolExecutor-0_1 - [PROD] Payload 458/659 sent successfully. Status Code: 200
2026-06-30 20:32:48,004 - INFO - ThreadPoolExecutor-0_1 - [PROD] Sending payload 464/659 | Order Number: V4063003465
2026-06-30 20:32:48,409 - INFO - ThreadPoolExecutor-0_2 - [PROD] Payload 460/659 sent successfully. Status Code: 200
2026-06-30 20:32:48,410 - INFO - ThreadPoolExecutor-0_2 - [PROD] Sending payload 465/659 | Order Number: V4063003466
2026-06-30 20:32:48,824 - INFO - ThreadPoolExecutor-0_3 - [PROD] Payload 461/659 sent successfully. Status Code: 200
2026-06-30 20:32:48,825 - INFO - ThreadPoolExecutor-0_3 - [PROD] Sending payload 466/659 | Order Number: V4063003467
2026-06-30 20:32:49,625 - INFO - ThreadPoolExecutor-0_0 - [PROD] Payload 462/659 sent successfully. Status Code: 200
2026-06-30 20:32:49,628 - INFO - ThreadPoolExecutor-0_0 - [PROD] Sending payload 467/659 | Order Number: V4063003468
2026-06-30 20:32:49,809 - INFO - ThreadPoolExecutor-0_4 - [PROD] Payload 463/659 sent successfully. Status Code: 200
2026-06-30 20:32:49,811 - INFO - ThreadPoolExecutor-0_4 - [PROD] Sending payload 468/659 | Order Number: V4063003469
2026-06-30 20:32:49,829 - INFO - ThreadPoolExecutor-0_1 - [PROD] Payload 464/659 sent successfully. Status Code: 200
2026-06-30 20:32:49,829 - INFO - ThreadPoolExecutor-0_1 - [PROD] Sending payload 469/659 | Order Number: V4063003470
2026-06-30 20:32:50,277 - INFO - ThreadPoolExecutor-0_2 - [PROD] Payload 465/659 sent successfully. Status Code: 200
2026-06-30 20:32:50,278 - INFO - ThreadPoolExecutor-0_2 - [PROD] Sending payload 470/659 | Order Number: V4063003471
2026-06-30 20:32:50,668 - INFO - ThreadPoolExecutor-0_3 - [PROD] Payload 466/659 sent successfully. Status Code: 200
2026-06-30 20:32:50,670 - INFO - ThreadPoolExecutor-0_3 - [PROD] Sending payload 471/659 | Order Number: V4063003472
2026-06-30 20:32:51,582 - INFO - ThreadPoolExecutor-0_0 - [PROD] Payload 467/659 sent successfully. Status Code: 200
2026-06-30 20:32:51,584 - INFO - ThreadPoolExecutor-0_0 - [PROD] Sending payload 472/659 | Order Number: V4063003473
2026-06-30 20:32:51,723 - INFO - ThreadPoolExecutor-0_4 - [PROD] Payload 468/659 sent successfully. Status Code: 200
2026-06-30 20:32:51,723 - INFO - ThreadPoolExecutor-0_4 - [PROD] Sending payload 473/659 | Order Number: V4063003474
2026-06-30 20:32:51,780 - INFO - ThreadPoolExecutor-0_1 - [PROD] Payload 469/659 sent successfully. Status Code: 200
2026-06-30 20:32:51,781 - INFO - ThreadPoolExecutor-0_1 - [PROD] Sending payload 474/659 | Order Number: V4063003475
2026-06-30 20:32:52,241 - INFO - ThreadPoolExecutor-0_2 - [PROD] Payload 470/659 sent successfully. Status Code: 200
2026-06-30 20:32:52,242 - INFO - ThreadPoolExecutor-0_2 - [PROD] Sending payload 475/659 | Order Number: V4063003476
2026-06-30 20:32:52,574 - INFO - ThreadPoolExecutor-0_3 - [PROD] Payload 471/659 sent successfully. Status Code: 200
2026-06-30 20:32:52,575 - INFO - ThreadPoolExecutor-0_3 - [PROD] Sending payload 476/659 | Order Number: V4063003477
2026-06-30 20:32:53,440 - INFO - ThreadPoolExecutor-0_0 - [PROD] Payload 472/659 sent successfully. Status Code: 200
2026-06-30 20:32:53,442 - INFO - ThreadPoolExecutor-0_0 - [PROD] Sending payload 477/659 | Order Number: V4063003478
2026-06-30 20:32:53,648 - INFO - ThreadPoolExecutor-0_4 - [PROD] Payload 473/659 sent successfully. Status Code: 200
2026-06-30 20:32:53,649 - INFO - ThreadPoolExecutor-0_4 - [PROD] Sending payload 478/659 | Order Number: V4063003479
2026-06-30 20:32:53,762 - INFO - ThreadPoolExecutor-0_1 - [PROD] Payload 474/659 sent successfully. Status Code: 200
2026-06-30 20:32:53,764 - INFO - ThreadPoolExecutor-0_1 - [PROD] Sending payload 479/659 | Order Number: V4063003480
2026-06-30 20:32:54,432 - INFO - ThreadPoolExecutor-0_2 - [PROD] Payload 475/659 sent successfully. Status Code: 200
2026-06-30 20:32:54,434 - INFO - ThreadPoolExecutor-0_2 - [PROD] Sending payload 480/659 | Order Number: V4063003481
2026-06-30 20:32:54,518 - INFO - ThreadPoolExecutor-0_3 - [PROD] Payload 476/659 sent successfully. Status Code: 200
2026-06-30 20:32:54,519 - INFO - ThreadPoolExecutor-0_3 - [PROD] Sending payload 481/659 | Order Number: V4063003482
2026-06-30 20:32:55,261 - INFO - ThreadPoolExecutor-0_0 - [PROD] Payload 477/659 sent successfully. Status Code: 200
2026-06-30 20:32:55,263 - INFO - ThreadPoolExecutor-0_0 - [PROD] Sending payload 482/659 | Order Number: V4063003483
2026-06-30 20:32:55,545 - INFO - ThreadPoolExecutor-0_4 - [PROD] Payload 478/659 sent successfully. Status Code: 200
2026-06-30 20:32:55,547 - INFO - ThreadPoolExecutor-0_4 - [PROD] Sending payload 483/659 | Order Number: V4063003484
2026-06-30 20:32:55,707 - INFO - ThreadPoolExecutor-0_1 - [PROD] Payload 479/659 sent successfully. Status Code: 200
2026-06-30 20:32:55,709 - INFO - ThreadPoolExecutor-0_1 - [PROD] Sending payload 484/659 | Order Number: V4063003485
2026-06-30 20:32:56,339 - INFO - ThreadPoolExecutor-0_2 - [PROD] Payload 480/659 sent successfully. Status Code: 200
2026-06-30 20:32:56,340 - INFO - ThreadPoolExecutor-0_2 - [PROD] Sending payload 485/659 | Order Number: V4063003486
2026-06-30 20:32:56,508 - INFO - ThreadPoolExecutor-0_3 - [PROD] Payload 481/659 sent successfully. Status Code: 200
2026-06-30 20:32:56,510 - INFO - ThreadPoolExecutor-0_3 - [PROD] Sending payload 486/659 | Order Number: V4063003487
2026-06-30 20:32:57,146 - INFO - ThreadPoolExecutor-0_0 - [PROD] Payload 482/659 sent successfully. Status Code: 200
2026-06-30 20:32:57,149 - INFO - ThreadPoolExecutor-0_0 - [PROD] Sending payload 487/659 | Order Number: V4063003488
2026-06-30 20:32:57,427 - INFO - ThreadPoolExecutor-0_4 - [PROD] Payload 483/659 sent successfully. Status Code: 200
2026-06-30 20:32:57,428 - INFO - ThreadPoolExecutor-0_4 - [PROD] Sending payload 488/659 | Order Number: V4063003489
2026-06-30 20:32:57,601 - INFO - ThreadPoolExecutor-0_1 - [PROD] Payload 484/659 sent successfully. Status Code: 200
2026-06-30 20:32:57,603 - INFO - ThreadPoolExecutor-0_1 - [PROD] Sending payload 489/659 | Order Number: V4063003490
2026-06-30 20:32:58,181 - INFO - ThreadPoolExecutor-0_2 - [PROD] Payload 485/659 sent successfully. Status Code: 200
2026-06-30 20:32:58,184 - INFO - ThreadPoolExecutor-0_2 - [PROD] Sending payload 490/659 | Order Number: V4063003491
2026-06-30 20:32:58,542 - INFO - ThreadPoolExecutor-0_3 - [PROD] Payload 486/659 sent successfully. Status Code: 200
2026-06-30 20:32:58,543 - INFO - ThreadPoolExecutor-0_3 - [PROD] Sending payload 491/659 | Order Number: V4063003492
2026-06-30 20:32:58,988 - INFO - ThreadPoolExecutor-0_0 - [PROD] Payload 487/659 sent successfully. Status Code: 200
2026-06-30 20:32:58,989 - INFO - ThreadPoolExecutor-0_0 - [PROD] Sending payload 492/659 | Order Number: V4063003493
2026-06-30 20:32:59,307 - INFO - ThreadPoolExecutor-0_4 - [PROD] Payload 488/659 sent successfully. Status Code: 200
2026-06-30 20:32:59,310 - INFO - ThreadPoolExecutor-0_4 - [PROD] Sending payload 493/659 | Order Number: V4063003494
2026-06-30 20:32:59,494 - INFO - ThreadPoolExecutor-0_1 - [PROD] Payload 489/659 sent successfully. Status Code: 200
2026-06-30 20:32:59,496 - INFO - ThreadPoolExecutor-0_1 - [PROD] Sending payload 494/659 | Order Number: V4063003495
2026-06-30 20:33:00,179 - INFO - ThreadPoolExecutor-0_2 - [PROD] Payload 490/659 sent successfully. Status Code: 200
2026-06-30 20:33:00,181 - INFO - ThreadPoolExecutor-0_2 - [PROD] Sending payload 495/659 | Order Number: V4063003496
2026-06-30 20:33:00,397 - INFO - ThreadPoolExecutor-0_3 - [PROD] Payload 491/659 sent successfully. Status Code: 200
2026-06-30 20:33:00,400 - INFO - ThreadPoolExecutor-0_3 - [PROD] Sending payload 496/659 | Order Number: V4063003497
2026-06-30 20:33:00,900 - INFO - ThreadPoolExecutor-0_0 - [PROD] Payload 492/659 sent successfully. Status Code: 200
2026-06-30 20:33:00,902 - INFO - ThreadPoolExecutor-0_0 - [PROD] Sending payload 497/659 | Order Number: V4063003498
2026-06-30 20:33:01,133 - INFO - ThreadPoolExecutor-0_4 - [PROD] Payload 493/659 sent successfully. Status Code: 200
2026-06-30 20:33:01,135 - INFO - ThreadPoolExecutor-0_4 - [PROD] Sending payload 498/659 | Order Number: V4063003499
2026-06-30 20:33:01,452 - INFO - ThreadPoolExecutor-0_1 - [PROD] Payload 494/659 sent successfully. Status Code: 200
2026-06-30 20:33:01,454 - INFO - ThreadPoolExecutor-0_1 - [PROD] Sending payload 499/659 | Order Number: V4063003500
2026-06-30 20:33:02,343 - INFO - ThreadPoolExecutor-0_2 - [PROD] Payload 495/659 sent successfully. Status Code: 200
2026-06-30 20:33:02,345 - INFO - ThreadPoolExecutor-0_2 - [PROD] Sending payload 500/659 | Order Number: V4063003501
2026-06-30 20:33:02,404 - INFO - ThreadPoolExecutor-0_3 - [PROD] Payload 496/659 sent successfully. Status Code: 200
2026-06-30 20:33:02,404 - INFO - ThreadPoolExecutor-0_3 - [PROD] Sending payload 501/659 | Order Number: V4063003502
2026-06-30 20:33:02,810 - INFO - ThreadPoolExecutor-0_0 - [PROD] Payload 497/659 sent successfully. Status Code: 200
2026-06-30 20:33:02,812 - INFO - ThreadPoolExecutor-0_0 - [PROD] Sending payload 502/659 | Order Number: V4063003503
2026-06-30 20:33:03,005 - INFO - ThreadPoolExecutor-0_4 - [PROD] Payload 498/659 sent successfully. Status Code: 200
2026-06-30 20:33:03,007 - INFO - ThreadPoolExecutor-0_4 - [PROD] Sending payload 503/659 | Order Number: V4063003504
2026-06-30 20:33:03,307 - INFO - ThreadPoolExecutor-0_1 - [PROD] Payload 499/659 sent successfully. Status Code: 200
2026-06-30 20:33:03,310 - INFO - ThreadPoolExecutor-0_1 - [PROD] Sending payload 504/659 | Order Number: V4063003505
2026-06-30 20:33:04,230 - INFO - ThreadPoolExecutor-0_2 - [PROD] Payload 500/659 sent successfully. Status Code: 200
2026-06-30 20:33:04,231 - INFO - ThreadPoolExecutor-0_2 - [PROD] Sending payload 505/659 | Order Number: V4063003506
2026-06-30 20:33:04,362 - INFO - ThreadPoolExecutor-0_3 - [PROD] Payload 501/659 sent successfully. Status Code: 200
2026-06-30 20:33:04,363 - INFO - ThreadPoolExecutor-0_3 - [PROD] Sending payload 506/659 | Order Number: V4063003507
2026-06-30 20:33:04,704 - INFO - ThreadPoolExecutor-0_0 - [PROD] Payload 502/659 sent successfully. Status Code: 200
2026-06-30 20:33:04,705 - INFO - ThreadPoolExecutor-0_0 - [PROD] Sending payload 507/659 | Order Number: V4063003508
2026-06-30 20:33:04,876 - INFO - ThreadPoolExecutor-0_4 - [PROD] Payload 503/659 sent successfully. Status Code: 200
2026-06-30 20:33:04,878 - INFO - ThreadPoolExecutor-0_4 - [PROD] Sending payload 508/659 | Order Number: V4063003509
2026-06-30 20:33:05,174 - INFO - ThreadPoolExecutor-0_1 - [PROD] Payload 504/659 sent successfully. Status Code: 200
2026-06-30 20:33:05,176 - INFO - ThreadPoolExecutor-0_1 - [PROD] Sending payload 509/659 | Order Number: V4063003510
2026-06-30 20:33:06,055 - INFO - ThreadPoolExecutor-0_2 - [PROD] Payload 505/659 sent successfully. Status Code: 200
2026-06-30 20:33:06,055 - INFO - ThreadPoolExecutor-0_2 - [PROD] Sending payload 510/659 | Order Number: V4063003511
2026-06-30 20:33:06,228 - INFO - ThreadPoolExecutor-0_3 - [PROD] Payload 506/659 sent successfully. Status Code: 200
2026-06-30 20:33:06,229 - INFO - ThreadPoolExecutor-0_3 - [PROD] Sending payload 511/659 | Order Number: V4063003512
2026-06-30 20:33:06,550 - INFO - ThreadPoolExecutor-0_0 - [PROD] Payload 507/659 sent successfully. Status Code: 200
2026-06-30 20:33:06,551 - INFO - ThreadPoolExecutor-0_0 - [PROD] Sending payload 512/659 | Order Number: V4063003513
2026-06-30 20:33:06,772 - INFO - ThreadPoolExecutor-0_4 - [PROD] Payload 508/659 sent successfully. Status Code: 200
2026-06-30 20:33:06,773 - INFO - ThreadPoolExecutor-0_4 - [PROD] Sending payload 513/659 | Order Number: V4063003514
2026-06-30 20:33:07,097 - INFO - ThreadPoolExecutor-0_1 - [PROD] Payload 509/659 sent successfully. Status Code: 200
2026-06-30 20:33:07,099 - INFO - ThreadPoolExecutor-0_1 - [PROD] Sending payload 514/659 | Order Number: V4063003515
2026-06-30 20:33:07,910 - INFO - ThreadPoolExecutor-0_2 - [PROD] Payload 510/659 sent successfully. Status Code: 200
2026-06-30 20:33:07,912 - INFO - ThreadPoolExecutor-0_2 - [PROD] Sending payload 515/659 | Order Number: V4063003516
2026-06-30 20:33:08,139 - INFO - ThreadPoolExecutor-0_3 - [PROD] Payload 511/659 sent successfully. Status Code: 200
2026-06-30 20:33:08,140 - INFO - ThreadPoolExecutor-0_3 - [PROD] Sending payload 516/659 | Order Number: V4063003517
2026-06-30 20:33:08,463 - INFO - ThreadPoolExecutor-0_0 - [PROD] Payload 512/659 sent successfully. Status Code: 200
2026-06-30 20:33:08,464 - INFO - ThreadPoolExecutor-0_0 - [PROD] Sending payload 517/659 | Order Number: V4063003518
2026-06-30 20:33:08,670 - INFO - ThreadPoolExecutor-0_4 - [PROD] Payload 513/659 sent successfully. Status Code: 200
2026-06-30 20:33:08,671 - INFO - ThreadPoolExecutor-0_4 - [PROD] Sending payload 518/659 | Order Number: V4063003519
2026-06-30 20:33:09,018 - INFO - ThreadPoolExecutor-0_1 - [PROD] Payload 514/659 sent successfully. Status Code: 200
2026-06-30 20:33:09,020 - INFO - ThreadPoolExecutor-0_1 - [PROD] Sending payload 519/659 | Order Number: V4063003520
2026-06-30 20:33:09,810 - INFO - ThreadPoolExecutor-0_2 - [PROD] Payload 515/659 sent successfully. Status Code: 200
2026-06-30 20:33:09,811 - INFO - ThreadPoolExecutor-0_2 - [PROD] Sending payload 520/659 | Order Number: V4063003521
2026-06-30 20:33:10,012 - INFO - ThreadPoolExecutor-0_3 - [PROD] Payload 516/659 sent successfully. Status Code: 200
2026-06-30 20:33:10,013 - INFO - ThreadPoolExecutor-0_3 - [PROD] Sending payload 521/659 | Order Number: V4063003522
2026-06-30 20:33:10,379 - INFO - ThreadPoolExecutor-0_0 - [PROD] Payload 517/659 sent successfully. Status Code: 200
2026-06-30 20:33:10,381 - INFO - ThreadPoolExecutor-0_0 - [PROD] Sending payload 522/659 | Order Number: V4063003523
2026-06-30 20:33:10,495 - INFO - ThreadPoolExecutor-0_4 - [PROD] Payload 518/659 sent successfully. Status Code: 200
2026-06-30 20:33:10,497 - INFO - ThreadPoolExecutor-0_4 - [PROD] Sending payload 523/659 | Order Number: V4063003524
2026-06-30 20:33:11,248 - INFO - ThreadPoolExecutor-0_1 - [PROD] Payload 519/659 sent successfully. Status Code: 200
2026-06-30 20:33:11,250 - INFO - ThreadPoolExecutor-0_1 - [PROD] Sending payload 524/659 | Order Number: V4063003525
2026-06-30 20:33:11,743 - INFO - ThreadPoolExecutor-0_2 - [PROD] Payload 520/659 sent successfully. Status Code: 200
2026-06-30 20:33:11,745 - INFO - ThreadPoolExecutor-0_2 - [PROD] Sending payload 525/659 | Order Number: V4063003526
2026-06-30 20:33:12,200 - INFO - ThreadPoolExecutor-0_3 - [PROD] Payload 521/659 sent successfully. Status Code: 200
2026-06-30 20:33:12,202 - INFO - ThreadPoolExecutor-0_3 - [PROD] Sending payload 526/659 | Order Number: V4063003527
2026-06-30 20:33:12,419 - INFO - ThreadPoolExecutor-0_0 - [PROD] Payload 522/659 sent successfully. Status Code: 200
2026-06-30 20:33:12,422 - INFO - ThreadPoolExecutor-0_0 - [PROD] Sending payload 527/659 | Order Number: V4063003528
2026-06-30 20:33:12,444 - INFO - ThreadPoolExecutor-0_4 - [PROD] Payload 523/659 sent successfully. Status Code: 200
2026-06-30 20:33:12,445 - INFO - ThreadPoolExecutor-0_4 - [PROD] Sending payload 528/659 | Order Number: V4063003529
2026-06-30 20:33:13,113 - INFO - ThreadPoolExecutor-0_1 - [PROD] Payload 524/659 sent successfully. Status Code: 200
2026-06-30 20:33:13,114 - INFO - ThreadPoolExecutor-0_1 - [PROD] Sending payload 529/659 | Order Number: V4063003530
2026-06-30 20:33:13,682 - INFO - ThreadPoolExecutor-0_2 - [PROD] Payload 525/659 sent successfully. Status Code: 200
2026-06-30 20:33:13,684 - INFO - ThreadPoolExecutor-0_2 - [PROD] Sending payload 530/659 | Order Number: V4063003531
2026-06-30 20:33:14,075 - INFO - ThreadPoolExecutor-0_3 - [PROD] Payload 526/659 sent successfully. Status Code: 200
2026-06-30 20:33:14,076 - INFO - ThreadPoolExecutor-0_3 - [PROD] Sending payload 531/659 | Order Number: V4063003532
2026-06-30 20:33:14,286 - INFO - ThreadPoolExecutor-0_0 - [PROD] Payload 527/659 sent successfully. Status Code: 200
2026-06-30 20:33:14,288 - INFO - ThreadPoolExecutor-0_0 - [PROD] Sending payload 532/659 | Order Number: V4063003533
2026-06-30 20:33:14,404 - INFO - ThreadPoolExecutor-0_4 - [PROD] Payload 528/659 sent successfully. Status Code: 200
2026-06-30 20:33:14,407 - INFO - ThreadPoolExecutor-0_4 - [PROD] Sending payload 533/659 | Order Number: V4063003534
2026-06-30 20:33:14,983 - INFO - ThreadPoolExecutor-0_1 - [PROD] Payload 529/659 sent successfully. Status Code: 200
2026-06-30 20:33:14,985 - INFO - ThreadPoolExecutor-0_1 - [PROD] Sending payload 534/659 | Order Number: V4063003535
2026-06-30 20:33:15,816 - INFO - ThreadPoolExecutor-0_2 - [PROD] Payload 530/659 sent successfully. Status Code: 200
2026-06-30 20:33:15,818 - INFO - ThreadPoolExecutor-0_2 - [PROD] Sending payload 535/659 | Order Number: V4063003536
2026-06-30 20:33:15,985 - INFO - ThreadPoolExecutor-0_3 - [PROD] Payload 531/659 sent successfully. Status Code: 200
2026-06-30 20:33:15,987 - INFO - ThreadPoolExecutor-0_3 - [PROD] Sending payload 536/659 | Order Number: V4063003537
2026-06-30 20:33:16,220 - INFO - ThreadPoolExecutor-0_0 - [PROD] Payload 532/659 sent successfully. Status Code: 200
2026-06-30 20:33:16,223 - INFO - ThreadPoolExecutor-0_0 - [PROD] Sending payload 537/659 | Order Number: V4063003538
2026-06-30 20:33:16,425 - INFO - ThreadPoolExecutor-0_4 - [PROD] Payload 533/659 sent successfully. Status Code: 200
2026-06-30 20:33:16,426 - INFO - ThreadPoolExecutor-0_4 - [PROD] Sending payload 538/659 | Order Number: V4063003539
2026-06-30 20:33:16,892 - INFO - ThreadPoolExecutor-0_1 - [PROD] Payload 534/659 sent successfully. Status Code: 200
2026-06-30 20:33:16,894 - INFO - ThreadPoolExecutor-0_1 - [PROD] Sending payload 539/659 | Order Number: V4063003540
2026-06-30 20:33:17,684 - INFO - ThreadPoolExecutor-0_2 - [PROD] Payload 535/659 sent successfully. Status Code: 200
2026-06-30 20:33:17,686 - INFO - ThreadPoolExecutor-0_2 - [PROD] Sending payload 540/659 | Order Number: V4063003541
2026-06-30 20:33:17,831 - INFO - ThreadPoolExecutor-0_3 - [PROD] Payload 536/659 sent successfully. Status Code: 200
2026-06-30 20:33:17,833 - INFO - ThreadPoolExecutor-0_3 - [PROD] Sending payload 541/659 | Order Number: V4063003542
2026-06-30 20:33:18,091 - INFO - ThreadPoolExecutor-0_0 - [PROD] Payload 537/659 sent successfully. Status Code: 200
2026-06-30 20:33:18,093 - INFO - ThreadPoolExecutor-0_0 - [PROD] Sending payload 542/659 | Order Number: V4063003543
2026-06-30 20:33:18,814 - INFO - ThreadPoolExecutor-0_1 - [PROD] Payload 539/659 sent successfully. Status Code: 200
2026-06-30 20:33:18,815 - INFO - ThreadPoolExecutor-0_1 - [PROD] Sending payload 543/659 | Order Number: V4063003544
2026-06-30 20:33:18,880 - INFO - ThreadPoolExecutor-0_4 - [PROD] Payload 538/659 sent successfully. Status Code: 200
2026-06-30 20:33:18,881 - INFO - ThreadPoolExecutor-0_4 - [PROD] Sending payload 544/659 | Order Number: V4063003545
2026-06-30 20:33:19,645 - INFO - ThreadPoolExecutor-0_2 - [PROD] Payload 540/659 sent successfully. Status Code: 200
2026-06-30 20:33:19,647 - INFO - ThreadPoolExecutor-0_2 - [PROD] Sending payload 545/659 | Order Number: V4063003546
2026-06-30 20:33:19,703 - INFO - ThreadPoolExecutor-0_3 - [PROD] Payload 541/659 sent successfully. Status Code: 200
2026-06-30 20:33:19,704 - INFO - ThreadPoolExecutor-0_3 - [PROD] Sending payload 546/659 | Order Number: V4063003547
2026-06-30 20:33:19,942 - INFO - ThreadPoolExecutor-0_0 - [PROD] Payload 542/659 sent successfully. Status Code: 200
2026-06-30 20:33:19,944 - INFO - ThreadPoolExecutor-0_0 - [PROD] Sending payload 547/659 | Order Number: V4063003548
2026-06-30 20:33:20,708 - INFO - ThreadPoolExecutor-0_4 - [PROD] Payload 544/659 sent successfully. Status Code: 200
2026-06-30 20:33:20,709 - INFO - ThreadPoolExecutor-0_4 - [PROD] Sending payload 548/659 | Order Number: V4063003549
2026-06-30 20:33:21,416 - INFO - ThreadPoolExecutor-0_1 - [PROD] Payload 543/659 sent successfully. Status Code: 200
2026-06-30 20:33:21,418 - INFO - ThreadPoolExecutor-0_1 - [PROD] Sending payload 549/659 | Order Number: V4063003550
2026-06-30 20:33:21,506 - INFO - ThreadPoolExecutor-0_2 - [PROD] Payload 545/659 sent successfully. Status Code: 200
2026-06-30 20:33:21,508 - INFO - ThreadPoolExecutor-0_2 - [PROD] Sending payload 550/659 | Order Number: V4063003551
2026-06-30 20:33:21,867 - INFO - ThreadPoolExecutor-0_0 - [PROD] Payload 547/659 sent successfully. Status Code: 200
2026-06-30 20:33:21,870 - INFO - ThreadPoolExecutor-0_0 - [PROD] Sending payload 551/659 | Order Number: V4063003552
2026-06-30 20:33:21,914 - INFO - ThreadPoolExecutor-0_3 - [PROD] Payload 546/659 sent successfully. Status Code: 200
2026-06-30 20:33:21,915 - INFO - ThreadPoolExecutor-0_3 - [PROD] Sending payload 552/659 | Order Number: V4063003553
2026-06-30 20:33:23,431 - INFO - ThreadPoolExecutor-0_4 - [PROD] Payload 548/659 sent successfully. Status Code: 200
2026-06-30 20:33:23,433 - INFO - ThreadPoolExecutor-0_4 - [PROD] Sending payload 553/659 | Order Number: V4063003554
2026-06-30 20:33:23,454 - INFO - ThreadPoolExecutor-0_2 - [PROD] Payload 550/659 sent successfully. Status Code: 200
2026-06-30 20:33:23,455 - INFO - ThreadPoolExecutor-0_2 - [PROD] Sending payload 554/659 | Order Number: V4063003555
2026-06-30 20:33:23,765 - INFO - ThreadPoolExecutor-0_0 - [PROD] Payload 551/659 sent successfully. Status Code: 200
2026-06-30 20:33:23,766 - INFO - ThreadPoolExecutor-0_0 - [PROD] Sending payload 555/659 | Order Number: V4063003556
2026-06-30 20:33:23,795 - INFO - ThreadPoolExecutor-0_3 - [PROD] Payload 552/659 sent successfully. Status Code: 200
2026-06-30 20:33:23,795 - INFO - ThreadPoolExecutor-0_3 - [PROD] Sending payload 556/659 | Order Number: V4063003557
2026-06-30 20:33:24,050 - INFO - ThreadPoolExecutor-0_1 - [PROD] Payload 549/659 sent successfully. Status Code: 200
2026-06-30 20:33:24,053 - INFO - ThreadPoolExecutor-0_1 - [PROD] Sending payload 557/659 | Order Number: V4063003558
2026-06-30 20:33:25,378 - INFO - ThreadPoolExecutor-0_2 - [PROD] Payload 554/659 sent successfully. Status Code: 200
2026-06-30 20:33:25,380 - INFO - ThreadPoolExecutor-0_4 - [PROD] Payload 553/659 sent successfully. Status Code: 200
2026-06-30 20:33:25,381 - INFO - ThreadPoolExecutor-0_2 - [PROD] Sending payload 558/659 | Order Number: V4063003559
2026-06-30 20:33:25,382 - INFO - ThreadPoolExecutor-0_4 - [PROD] Sending payload 559/659 | Order Number: V4063003560
2026-06-30 20:33:25,564 - INFO - ThreadPoolExecutor-0_3 - [PROD] Payload 556/659 sent successfully. Status Code: 200
2026-06-30 20:33:25,565 - INFO - ThreadPoolExecutor-0_3 - [PROD] Sending payload 560/659 | Order Number: V4063003561
2026-06-30 20:33:25,648 - INFO - ThreadPoolExecutor-0_0 - [PROD] Payload 555/659 sent successfully. Status Code: 200
2026-06-30 20:33:25,650 - INFO - ThreadPoolExecutor-0_0 - [PROD] Sending payload 561/659 | Order Number: V4063003562
2026-06-30 20:33:26,095 - INFO - ThreadPoolExecutor-0_1 - [PROD] Payload 557/659 sent successfully. Status Code: 200
2026-06-30 20:33:26,097 - INFO - ThreadPoolExecutor-0_1 - [PROD] Sending payload 562/659 | Order Number: V4063003563
2026-06-30 20:33:27,251 - INFO - ThreadPoolExecutor-0_4 - [PROD] Payload 559/659 sent successfully. Status Code: 200
2026-06-30 20:33:27,251 - INFO - ThreadPoolExecutor-0_4 - [PROD] Sending payload 563/659 | Order Number: V4063003564
2026-06-30 20:33:27,257 - INFO - ThreadPoolExecutor-0_2 - [PROD] Payload 558/659 sent successfully. Status Code: 200
2026-06-30 20:33:27,257 - INFO - ThreadPoolExecutor-0_2 - [PROD] Sending payload 564/659 | Order Number: V4063003565
2026-06-30 20:33:27,498 - INFO - ThreadPoolExecutor-0_3 - [PROD] Payload 560/659 sent successfully. Status Code: 200
2026-06-30 20:33:27,499 - INFO - ThreadPoolExecutor-0_0 - [PROD] Payload 561/659 sent successfully. Status Code: 200
2026-06-30 20:33:27,499 - INFO - ThreadPoolExecutor-0_3 - [PROD] Sending payload 565/659 | Order Number: V4063003566
2026-06-30 20:33:27,500 - INFO - ThreadPoolExecutor-0_0 - [PROD] Sending payload 566/659 | Order Number: V4063003567
2026-06-30 20:33:27,964 - INFO - ThreadPoolExecutor-0_1 - [PROD] Payload 562/659 sent successfully. Status Code: 200
2026-06-30 20:33:27,965 - INFO - ThreadPoolExecutor-0_1 - [PROD] Sending payload 567/659 | Order Number: V4063003568
2026-06-30 20:33:29,163 - INFO - ThreadPoolExecutor-0_2 - [PROD] Payload 564/659 sent successfully. Status Code: 200
2026-06-30 20:33:29,164 - INFO - ThreadPoolExecutor-0_2 - [PROD] Sending payload 568/659 | Order Number: V4063003569
2026-06-30 20:33:29,386 - INFO - ThreadPoolExecutor-0_0 - [PROD] Payload 566/659 sent successfully. Status Code: 200
2026-06-30 20:33:29,388 - INFO - ThreadPoolExecutor-0_0 - [PROD] Sending payload 569/659 | Order Number: V4063003570
2026-06-30 20:33:29,784 - INFO - ThreadPoolExecutor-0_4 - [PROD] Payload 563/659 sent successfully. Status Code: 200
2026-06-30 20:33:29,786 - INFO - ThreadPoolExecutor-0_4 - [PROD] Sending payload 570/659 | Order Number: V4063003571
2026-06-30 20:33:30,330 - INFO - ThreadPoolExecutor-0_3 - [PROD] Payload 565/659 sent successfully. Status Code: 200
2026-06-30 20:33:30,332 - INFO - ThreadPoolExecutor-0_3 - [PROD] Sending payload 571/659 | Order Number: V4063003572
2026-06-30 20:33:30,536 - INFO - ThreadPoolExecutor-0_1 - [PROD] Payload 567/659 sent successfully. Status Code: 200
2026-06-30 20:33:30,538 - INFO - ThreadPoolExecutor-0_1 - [PROD] Sending payload 572/659 | Order Number: V4063003573
2026-06-30 20:33:30,976 - INFO - ThreadPoolExecutor-0_2 - [PROD] Payload 568/659 sent successfully. Status Code: 200
2026-06-30 20:33:30,978 - INFO - ThreadPoolExecutor-0_2 - [PROD] Sending payload 573/659 | Order Number: V4063003574
2026-06-30 20:33:31,312 - INFO - ThreadPoolExecutor-0_0 - [PROD] Payload 569/659 sent successfully. Status Code: 200
2026-06-30 20:33:31,314 - INFO - ThreadPoolExecutor-0_0 - [PROD] Sending payload 574/659 | Order Number: V4063003575
2026-06-30 20:33:31,651 - INFO - ThreadPoolExecutor-0_4 - [PROD] Payload 570/659 sent successfully. Status Code: 200
2026-06-30 20:33:31,654 - INFO - ThreadPoolExecutor-0_4 - [PROD] Sending payload 575/659 | Order Number: V4063003576
2026-06-30 20:33:32,124 - INFO - ThreadPoolExecutor-0_3 - [PROD] Payload 571/659 sent successfully. Status Code: 200
2026-06-30 20:33:32,125 - INFO - ThreadPoolExecutor-0_3 - [PROD] Sending payload 576/659 | Order Number: V4063003577
2026-06-30 20:33:32,385 - INFO - ThreadPoolExecutor-0_1 - [PROD] Payload 572/659 sent successfully. Status Code: 200
2026-06-30 20:33:32,386 - INFO - ThreadPoolExecutor-0_1 - [PROD] Sending payload 577/659 | Order Number: V4063003578
2026-06-30 20:33:32,854 - INFO - ThreadPoolExecutor-0_2 - [PROD] Payload 573/659 sent successfully. Status Code: 200
2026-06-30 20:33:32,856 - INFO - ThreadPoolExecutor-0_2 - [PROD] Sending payload 578/659 | Order Number: V4063003579
2026-06-30 20:33:33,225 - INFO - ThreadPoolExecutor-0_0 - [PROD] Payload 574/659 sent successfully. Status Code: 200
2026-06-30 20:33:33,227 - INFO - ThreadPoolExecutor-0_0 - [PROD] Sending payload 579/659 | Order Number: V4063003580
2026-06-30 20:33:33,509 - INFO - ThreadPoolExecutor-0_4 - [PROD] Payload 575/659 sent successfully. Status Code: 200
2026-06-30 20:33:33,511 - INFO - ThreadPoolExecutor-0_4 - [PROD] Sending payload 580/659 | Order Number: V4063003581
2026-06-30 20:33:34,903 - INFO - ThreadPoolExecutor-0_3 - [PROD] Payload 576/659 sent successfully. Status Code: 200
2026-06-30 20:33:34,904 - INFO - ThreadPoolExecutor-0_3 - [PROD] Sending payload 581/659 | Order Number: V4063003582
2026-06-30 20:33:34,915 - INFO - ThreadPoolExecutor-0_1 - [PROD] Payload 577/659 sent successfully. Status Code: 200
2026-06-30 20:33:34,915 - INFO - ThreadPoolExecutor-0_1 - [PROD] Sending payload 582/659 | Order Number: V4063003583
2026-06-30 20:33:34,965 - INFO - ThreadPoolExecutor-0_2 - [PROD] Payload 578/659 sent successfully. Status Code: 200
2026-06-30 20:33:34,965 - INFO - ThreadPoolExecutor-0_2 - [PROD] Sending payload 583/659 | Order Number: V4063003584
2026-06-30 20:33:35,158 - INFO - ThreadPoolExecutor-0_0 - [PROD] Payload 579/659 sent successfully. Status Code: 200
2026-06-30 20:33:35,159 - INFO - ThreadPoolExecutor-0_0 - [PROD] Sending payload 584/659 | Order Number: V4063003585
2026-06-30 20:33:35,351 - INFO - ThreadPoolExecutor-0_4 - [PROD] Payload 580/659 sent successfully. Status Code: 200
2026-06-30 20:33:35,352 - INFO - ThreadPoolExecutor-0_4 - [PROD] Sending payload 585/659 | Order Number: V4063003586
2026-06-30 20:33:36,839 - INFO - ThreadPoolExecutor-0_3 - [PROD] Payload 581/659 sent successfully. Status Code: 200
2026-06-30 20:33:36,840 - INFO - ThreadPoolExecutor-0_3 - [PROD] Sending payload 586/659 | Order Number: V4063003587
2026-06-30 20:33:36,965 - INFO - ThreadPoolExecutor-0_0 - [PROD] Payload 584/659 sent successfully. Status Code: 200
2026-06-30 20:33:36,965 - INFO - ThreadPoolExecutor-0_0 - [PROD] Sending payload 587/659 | Order Number: V4063003588
2026-06-30 20:33:37,179 - INFO - ThreadPoolExecutor-0_2 - [PROD] Payload 583/659 sent successfully. Status Code: 200
2026-06-30 20:33:37,180 - INFO - ThreadPoolExecutor-0_2 - [PROD] Sending payload 588/659 | Order Number: V4063003589
2026-06-30 20:33:37,749 - INFO - ThreadPoolExecutor-0_1 - [PROD] Payload 582/659 sent successfully. Status Code: 200
2026-06-30 20:33:37,751 - INFO - ThreadPoolExecutor-0_1 - [PROD] Sending payload 589/659 | Order Number: V4063003590
2026-06-30 20:33:37,889 - INFO - ThreadPoolExecutor-0_4 - [PROD] Payload 585/659 sent successfully. Status Code: 200
2026-06-30 20:33:37,891 - INFO - ThreadPoolExecutor-0_4 - [PROD] Sending payload 590/659 | Order Number: V4063003591
2026-06-30 20:33:38,688 - INFO - ThreadPoolExecutor-0_3 - [PROD] Payload 586/659 sent successfully. Status Code: 200
2026-06-30 20:33:38,691 - INFO - ThreadPoolExecutor-0_3 - [PROD] Sending payload 591/659 | Order Number: V4063003592
2026-06-30 20:33:39,047 - INFO - ThreadPoolExecutor-0_2 - [PROD] Payload 588/659 sent successfully. Status Code: 200
2026-06-30 20:33:39,049 - INFO - ThreadPoolExecutor-0_2 - [PROD] Sending payload 592/659 | Order Number: V4063003593
2026-06-30 20:33:39,497 - INFO - ThreadPoolExecutor-0_0 - [PROD] Payload 587/659 sent successfully. Status Code: 200
2026-06-30 20:33:39,500 - INFO - ThreadPoolExecutor-0_0 - [PROD] Sending payload 593/659 | Order Number: V4063003594
2026-06-30 20:33:39,697 - INFO - ThreadPoolExecutor-0_1 - [PROD] Payload 589/659 sent successfully. Status Code: 200
2026-06-30 20:33:39,698 - INFO - ThreadPoolExecutor-0_1 - [PROD] Sending payload 594/659 | Order Number: V4063003595
2026-06-30 20:33:39,863 - INFO - ThreadPoolExecutor-0_4 - [PROD] Payload 590/659 sent successfully. Status Code: 200
2026-06-30 20:33:39,865 - INFO - ThreadPoolExecutor-0_4 - [PROD] Sending payload 595/659 | Order Number: V4063003596
2026-06-30 20:33:40,637 - INFO - ThreadPoolExecutor-0_3 - [PROD] Payload 591/659 sent successfully. Status Code: 200
2026-06-30 20:33:40,639 - INFO - ThreadPoolExecutor-0_3 - [PROD] Sending payload 596/659 | Order Number: V4063003597
2026-06-30 20:33:41,383 - INFO - ThreadPoolExecutor-0_0 - [PROD] Payload 593/659 sent successfully. Status Code: 200
2026-06-30 20:33:41,385 - INFO - ThreadPoolExecutor-0_0 - [PROD] Sending payload 597/659 | Order Number: V4063003598
2026-06-30 20:33:41,583 - INFO - ThreadPoolExecutor-0_2 - [PROD] Payload 592/659 sent successfully. Status Code: 200
2026-06-30 20:33:41,584 - INFO - ThreadPoolExecutor-0_2 - [PROD] Sending payload 598/659 | Order Number: V4063003599
2026-06-30 20:33:41,722 - INFO - ThreadPoolExecutor-0_4 - [PROD] Payload 595/659 sent successfully. Status Code: 200
2026-06-30 20:33:41,725 - INFO - ThreadPoolExecutor-0_4 - [PROD] Sending payload 599/659 | Order Number: V4063003600
2026-06-30 20:33:42,064 - INFO - ThreadPoolExecutor-0_1 - [PROD] Payload 594/659 sent successfully. Status Code: 200
2026-06-30 20:33:42,066 - INFO - ThreadPoolExecutor-0_1 - [PROD] Sending payload 600/659 | Order Number: V4063003601
2026-06-30 20:33:42,559 - INFO - ThreadPoolExecutor-0_3 - [PROD] Payload 596/659 sent successfully. Status Code: 200
2026-06-30 20:33:42,560 - INFO - ThreadPoolExecutor-0_3 - [PROD] Sending payload 601/659 | Order Number: V4063003602
2026-06-30 20:33:43,259 - INFO - ThreadPoolExecutor-0_0 - [PROD] Payload 597/659 sent successfully. Status Code: 200
2026-06-30 20:33:43,259 - INFO - ThreadPoolExecutor-0_0 - [PROD] Sending payload 602/659 | Order Number: V4063003603
2026-06-30 20:33:43,580 - INFO - ThreadPoolExecutor-0_4 - [PROD] Payload 599/659 sent successfully. Status Code: 200
2026-06-30 20:33:43,583 - INFO - ThreadPoolExecutor-0_4 - [PROD] Sending payload 603/659 | Order Number: V4063003604
2026-06-30 20:33:43,973 - INFO - ThreadPoolExecutor-0_1 - [PROD] Payload 600/659 sent successfully. Status Code: 200
2026-06-30 20:33:43,974 - INFO - ThreadPoolExecutor-0_1 - [PROD] Sending payload 604/659 | Order Number: V4063003605
2026-06-30 20:33:44,077 - INFO - ThreadPoolExecutor-0_2 - [PROD] Payload 598/659 sent successfully. Status Code: 200
2026-06-30 20:33:44,078 - INFO - ThreadPoolExecutor-0_2 - [PROD] Sending payload 605/659 | Order Number: V4063003606
2026-06-30 20:33:44,567 - INFO - ThreadPoolExecutor-0_3 - [PROD] Payload 601/659 sent successfully. Status Code: 200
2026-06-30 20:33:44,568 - INFO - ThreadPoolExecutor-0_3 - [PROD] Sending payload 606/659 | Order Number: V4063003607
2026-06-30 20:33:45,241 - INFO - ThreadPoolExecutor-0_0 - [PROD] Payload 602/659 sent successfully. Status Code: 200
2026-06-30 20:33:45,242 - INFO - ThreadPoolExecutor-0_0 - [PROD] Sending payload 607/659 | Order Number: V4063003608
2026-06-30 20:33:45,478 - INFO - ThreadPoolExecutor-0_4 - [PROD] Payload 603/659 sent successfully. Status Code: 200
2026-06-30 20:33:45,479 - INFO - ThreadPoolExecutor-0_4 - [PROD] Sending payload 608/659 | Order Number: V4063003609
2026-06-30 20:33:45,818 - INFO - ThreadPoolExecutor-0_1 - [PROD] Payload 604/659 sent successfully. Status Code: 200
2026-06-30 20:33:45,819 - INFO - ThreadPoolExecutor-0_1 - [PROD] Sending payload 609/659 | Order Number: V4063003610
2026-06-30 20:33:46,114 - INFO - ThreadPoolExecutor-0_2 - [PROD] Payload 605/659 sent successfully. Status Code: 200
2026-06-30 20:33:46,115 - INFO - ThreadPoolExecutor-0_2 - [PROD] Sending payload 610/659 | Order Number: V4063003611
2026-06-30 20:33:46,379 - INFO - ThreadPoolExecutor-0_3 - [PROD] Payload 606/659 sent successfully. Status Code: 200
2026-06-30 20:33:46,381 - INFO - ThreadPoolExecutor-0_3 - [PROD] Sending payload 611/659 | Order Number: V4063003612
2026-06-30 20:33:47,389 - INFO - ThreadPoolExecutor-0_4 - [PROD] Payload 608/659 sent successfully. Status Code: 200
2026-06-30 20:33:47,391 - INFO - ThreadPoolExecutor-0_4 - [PROD] Sending payload 612/659 | Order Number: V4063003613
2026-06-30 20:33:47,721 - INFO - ThreadPoolExecutor-0_1 - [PROD] Payload 609/659 sent successfully. Status Code: 200
2026-06-30 20:33:47,722 - INFO - ThreadPoolExecutor-0_1 - [PROD] Sending payload 613/659 | Order Number: V4063003614
2026-06-30 20:33:47,831 - INFO - ThreadPoolExecutor-0_0 - [PROD] Payload 607/659 sent successfully. Status Code: 200
2026-06-30 20:33:47,833 - INFO - ThreadPoolExecutor-0_0 - [PROD] Sending payload 614/659 | Order Number: V4063003615
2026-06-30 20:33:48,166 - INFO - ThreadPoolExecutor-0_3 - [PROD] Payload 611/659 sent successfully. Status Code: 200
2026-06-30 20:33:48,168 - INFO - ThreadPoolExecutor-0_3 - [PROD] Sending payload 615/659 | Order Number: V4063003616
2026-06-30 20:33:48,604 - INFO - ThreadPoolExecutor-0_2 - [PROD] Payload 610/659 sent successfully. Status Code: 200
2026-06-30 20:33:48,606 - INFO - ThreadPoolExecutor-0_2 - [PROD] Sending payload 616/659 | Order Number: V4063003617
2026-06-30 20:33:49,305 - INFO - ThreadPoolExecutor-0_4 - [PROD] Payload 612/659 sent successfully. Status Code: 200
2026-06-30 20:33:49,309 - INFO - ThreadPoolExecutor-0_4 - [PROD] Sending payload 617/659 | Order Number: V4063003618
2026-06-30 20:33:49,611 - INFO - ThreadPoolExecutor-0_1 - [PROD] Payload 613/659 sent successfully. Status Code: 200
2026-06-30 20:33:49,612 - INFO - ThreadPoolExecutor-0_1 - [PROD] Sending payload 618/659 | Order Number: V4063003619
2026-06-30 20:33:49,729 - INFO - ThreadPoolExecutor-0_0 - [PROD] Payload 614/659 sent successfully. Status Code: 200
2026-06-30 20:33:49,731 - INFO - ThreadPoolExecutor-0_0 - [PROD] Sending payload 619/659 | Order Number: V4063003620
2026-06-30 20:33:50,118 - INFO - ThreadPoolExecutor-0_3 - [PROD] Payload 615/659 sent successfully. Status Code: 200
2026-06-30 20:33:50,120 - INFO - ThreadPoolExecutor-0_3 - [PROD] Sending payload 620/659 | Order Number: V4063003621
2026-06-30 20:33:50,420 - INFO - ThreadPoolExecutor-0_2 - [PROD] Payload 616/659 sent successfully. Status Code: 200
2026-06-30 20:33:50,422 - INFO - ThreadPoolExecutor-0_2 - [PROD] Sending payload 621/659 | Order Number: V4063003622
2026-06-30 20:33:51,203 - INFO - ThreadPoolExecutor-0_4 - [PROD] Payload 617/659 sent successfully. Status Code: 200
2026-06-30 20:33:51,206 - INFO - ThreadPoolExecutor-0_4 - [PROD] Sending payload 622/659 | Order Number: V4063003623
2026-06-30 20:33:51,529 - INFO - ThreadPoolExecutor-0_1 - [PROD] Payload 618/659 sent successfully. Status Code: 200
2026-06-30 20:33:51,530 - INFO - ThreadPoolExecutor-0_1 - [PROD] Sending payload 623/659 | Order Number: V4063003624
2026-06-30 20:33:51,614 - INFO - ThreadPoolExecutor-0_0 - [PROD] Payload 619/659 sent successfully. Status Code: 200
2026-06-30 20:33:51,616 - INFO - ThreadPoolExecutor-0_0 - [PROD] Sending payload 624/659 | Order Number: V4063003625
2026-06-30 20:33:52,303 - INFO - ThreadPoolExecutor-0_2 - [PROD] Payload 621/659 sent successfully. Status Code: 200
2026-06-30 20:33:52,304 - INFO - ThreadPoolExecutor-0_2 - [PROD] Sending payload 625/659 | Order Number: V4063003626
2026-06-30 20:33:52,773 - INFO - ThreadPoolExecutor-0_3 - [PROD] Payload 620/659 sent successfully. Status Code: 200
2026-06-30 20:33:52,774 - INFO - ThreadPoolExecutor-0_3 - [PROD] Sending payload 626/659 | Order Number: V4063003627
2026-06-30 20:33:53,030 - INFO - ThreadPoolExecutor-0_4 - [PROD] Payload 622/659 sent successfully. Status Code: 200
2026-06-30 20:33:53,033 - INFO - ThreadPoolExecutor-0_4 - [PROD] Sending payload 627/659 | Order Number: V4063003628
2026-06-30 20:33:53,543 - INFO - ThreadPoolExecutor-0_1 - [PROD] Payload 623/659 sent successfully. Status Code: 200
2026-06-30 20:33:53,544 - INFO - ThreadPoolExecutor-0_1 - [PROD] Sending payload 628/659 | Order Number: V4063003629
2026-06-30 20:33:53,658 - INFO - ThreadPoolExecutor-0_0 - [PROD] Payload 624/659 sent successfully. Status Code: 200
2026-06-30 20:33:53,660 - INFO - ThreadPoolExecutor-0_0 - [PROD] Sending payload 629/659 | Order Number: V4063003630
2026-06-30 20:33:54,114 - INFO - ThreadPoolExecutor-0_2 - [PROD] Payload 625/659 sent successfully. Status Code: 200
2026-06-30 20:33:54,117 - INFO - ThreadPoolExecutor-0_2 - [PROD] Sending payload 630/659 | Order Number: V4063003631
2026-06-30 20:33:54,790 - INFO - ThreadPoolExecutor-0_3 - [PROD] Payload 626/659 sent successfully. Status Code: 200
2026-06-30 20:33:54,791 - INFO - ThreadPoolExecutor-0_3 - [PROD] Sending payload 631/659 | Order Number: V4063003632
2026-06-30 20:33:54,881 - INFO - ThreadPoolExecutor-0_4 - [PROD] Payload 627/659 sent successfully. Status Code: 200
2026-06-30 20:33:54,883 - INFO - ThreadPoolExecutor-0_4 - [PROD] Sending payload 632/659 | Order Number: V4063003633
2026-06-30 20:33:55,358 - INFO - ThreadPoolExecutor-0_1 - [PROD] Payload 628/659 sent successfully. Status Code: 200
2026-06-30 20:33:55,360 - INFO - ThreadPoolExecutor-0_1 - [PROD] Sending payload 633/659 | Order Number: V4063003634
2026-06-30 20:33:55,553 - INFO - ThreadPoolExecutor-0_0 - [PROD] Payload 629/659 sent successfully. Status Code: 200
2026-06-30 20:33:55,554 - INFO - ThreadPoolExecutor-0_0 - [PROD] Sending payload 634/659 | Order Number: V4063003635
2026-06-30 20:33:56,030 - INFO - ThreadPoolExecutor-0_2 - [PROD] Payload 630/659 sent successfully. Status Code: 200
2026-06-30 20:33:56,032 - INFO - ThreadPoolExecutor-0_2 - [PROD] Sending payload 635/659 | Order Number: V4063003636
2026-06-30 20:33:56,708 - INFO - ThreadPoolExecutor-0_3 - [PROD] Payload 631/659 sent successfully. Status Code: 200
2026-06-30 20:33:56,710 - INFO - ThreadPoolExecutor-0_3 - [PROD] Sending payload 636/659 | Order Number: V4063003637
2026-06-30 20:33:56,723 - INFO - ThreadPoolExecutor-0_4 - [PROD] Payload 632/659 sent successfully. Status Code: 200
2026-06-30 20:33:56,724 - INFO - ThreadPoolExecutor-0_4 - [PROD] Sending payload 637/659 | Order Number: V4063003638
2026-06-30 20:33:57,242 - INFO - ThreadPoolExecutor-0_1 - [PROD] Payload 633/659 sent successfully. Status Code: 200
2026-06-30 20:33:57,243 - INFO - ThreadPoolExecutor-0_1 - [PROD] Sending payload 638/659 | Order Number: V4063003639
2026-06-30 20:33:57,575 - INFO - ThreadPoolExecutor-0_0 - [PROD] Payload 634/659 sent successfully. Status Code: 200
2026-06-30 20:33:57,577 - INFO - ThreadPoolExecutor-0_0 - [PROD] Sending payload 639/659 | Order Number: V4063003640
2026-06-30 20:33:57,910 - INFO - ThreadPoolExecutor-0_2 - [PROD] Payload 635/659 sent successfully. Status Code: 200
2026-06-30 20:33:57,913 - INFO - ThreadPoolExecutor-0_2 - [PROD] Sending payload 640/659 | Order Number: V4063003641
2026-06-30 20:33:58,511 - INFO - ThreadPoolExecutor-0_3 - [PROD] Payload 636/659 sent successfully. Status Code: 200
2026-06-30 20:33:58,513 - INFO - ThreadPoolExecutor-0_3 - [PROD] Sending payload 641/659 | Order Number: V4063003642
2026-06-30 20:33:58,540 - INFO - ThreadPoolExecutor-0_4 - [PROD] Payload 637/659 sent successfully. Status Code: 200
2026-06-30 20:33:58,540 - INFO - ThreadPoolExecutor-0_4 - [PROD] Sending payload 642/659 | Order Number: V4063003643
2026-06-30 20:33:59,142 - INFO - ThreadPoolExecutor-0_1 - [PROD] Payload 638/659 sent successfully. Status Code: 200
2026-06-30 20:33:59,145 - INFO - ThreadPoolExecutor-0_1 - [PROD] Sending payload 643/659 | Order Number: V4063003644
2026-06-30 20:33:59,444 - INFO - ThreadPoolExecutor-0_0 - [PROD] Payload 639/659 sent successfully. Status Code: 200
2026-06-30 20:33:59,445 - INFO - ThreadPoolExecutor-0_0 - [PROD] Sending payload 644/659 | Order Number: V4063003645
2026-06-30 20:33:59,726 - INFO - ThreadPoolExecutor-0_2 - [PROD] Payload 640/659 sent successfully. Status Code: 200
2026-06-30 20:33:59,727 - INFO - ThreadPoolExecutor-0_2 - [PROD] Sending payload 645/659 | Order Number: V4063003646
2026-06-30 20:34:00,502 - INFO - ThreadPoolExecutor-0_4 - [PROD] Payload 642/659 sent successfully. Status Code: 200
2026-06-30 20:34:00,504 - INFO - ThreadPoolExecutor-0_4 - [PROD] Sending payload 646/659 | Order Number: V4063003647
2026-06-30 20:34:00,724 - INFO - ThreadPoolExecutor-0_3 - [PROD] Payload 641/659 sent successfully. Status Code: 200
2026-06-30 20:34:00,725 - INFO - ThreadPoolExecutor-0_3 - [PROD] Sending payload 647/659 | Order Number: V4063003648
2026-06-30 20:34:01,019 - INFO - ThreadPoolExecutor-0_1 - [PROD] Payload 643/659 sent successfully. Status Code: 200
2026-06-30 20:34:01,020 - INFO - ThreadPoolExecutor-0_1 - [PROD] Sending payload 648/659 | Order Number: V4063003649
2026-06-30 20:34:01,475 - INFO - ThreadPoolExecutor-0_0 - [PROD] Payload 644/659 sent successfully. Status Code: 200
2026-06-30 20:34:01,476 - INFO - ThreadPoolExecutor-0_0 - [PROD] Sending payload 649/659 | Order Number: V4063003650
2026-06-30 20:34:01,628 - INFO - ThreadPoolExecutor-0_2 - [PROD] Payload 645/659 sent successfully. Status Code: 200
2026-06-30 20:34:01,629 - INFO - ThreadPoolExecutor-0_2 - [PROD] Sending payload 650/659 | Order Number: V4063003651
2026-06-30 20:34:02,355 - INFO - ThreadPoolExecutor-0_4 - [PROD] Payload 646/659 sent successfully. Status Code: 200
2026-06-30 20:34:02,358 - INFO - ThreadPoolExecutor-0_4 - [PROD] Sending payload 651/659 | Order Number: V4063003652
2026-06-30 20:34:02,737 - INFO - ThreadPoolExecutor-0_3 - [PROD] Payload 647/659 sent successfully. Status Code: 200
2026-06-30 20:34:02,737 - INFO - ThreadPoolExecutor-0_3 - [PROD] Sending payload 652/659 | Order Number: V4063003653
2026-06-30 20:34:03,292 - INFO - ThreadPoolExecutor-0_1 - [PROD] Payload 648/659 sent successfully. Status Code: 200
2026-06-30 20:34:03,293 - INFO - ThreadPoolExecutor-0_1 - [PROD] Sending payload 653/659 | Order Number: V4063003654
2026-06-30 20:34:03,616 - INFO - ThreadPoolExecutor-0_2 - [PROD] Payload 650/659 sent successfully. Status Code: 200
2026-06-30 20:34:03,617 - INFO - ThreadPoolExecutor-0_2 - [PROD] Sending payload 654/659 | Order Number: V4063003655
2026-06-30 20:34:04,095 - INFO - ThreadPoolExecutor-0_0 - [PROD] Payload 649/659 sent successfully. Status Code: 200
2026-06-30 20:34:04,096 - INFO - ThreadPoolExecutor-0_0 - [PROD] Sending payload 655/659 | Order Number: V4063003656
2026-06-30 20:34:04,269 - INFO - ThreadPoolExecutor-0_4 - [PROD] Payload 651/659 sent successfully. Status Code: 200
2026-06-30 20:34:04,271 - INFO - ThreadPoolExecutor-0_4 - [PROD] Sending payload 656/659 | Order Number: V4063003657
2026-06-30 20:34:04,687 - INFO - ThreadPoolExecutor-0_3 - [PROD] Payload 652/659 sent successfully. Status Code: 200
2026-06-30 20:34:04,690 - INFO - ThreadPoolExecutor-0_3 - [PROD] Sending payload 657/659 | Order Number: V4063003658
2026-06-30 20:34:05,162 - INFO - ThreadPoolExecutor-0_1 - [PROD] Payload 653/659 sent successfully. Status Code: 200
2026-06-30 20:34:05,163 - INFO - ThreadPoolExecutor-0_1 - [PROD] Sending payload 658/659 | Order Number: V4063003659
2026-06-30 20:34:05,516 - INFO - ThreadPoolExecutor-0_2 - [PROD] Payload 654/659 sent successfully. Status Code: 200
2026-06-30 20:34:05,517 - INFO - ThreadPoolExecutor-0_2 - [PROD] Sending payload 659/659 | Order Number: V4063003660
2026-06-30 20:34:06,094 - INFO - ThreadPoolExecutor-0_0 - [PROD] Payload 655/659 sent successfully. Status Code: 200
2026-06-30 20:34:06,112 - INFO - ThreadPoolExecutor-0_4 - [PROD] Payload 656/659 sent successfully. Status Code: 200
2026-06-30 20:34:06,526 - INFO - ThreadPoolExecutor-0_3 - [PROD] Payload 657/659 sent successfully. Status Code: 200
2026-06-30 20:34:06,935 - INFO - ThreadPoolExecutor-0_1 - [PROD] Payload 658/659 sent successfully. Status Code: 200
2026-06-30 20:34:07,347 - INFO - ThreadPoolExecutor-0_2 - [PROD] Payload 659/659 sent successfully. Status Code: 200
2026-06-30 20:34:07,348 - INFO - MainThread - Completed order creation. Success: 659, Failed: 0, Total: 659
