2026-07-07 14:03:27,601 - INFO - MainThread - Execution log file: /Users/vgana3/Documents/GitHub/Nike/J30/Outbound/logs/FR_Order_Creation_Prod_Multithread_20260707_140327_599299.log
2026-07-07 14:03:28,475 - INFO - MainThread - Successfully extracted 365 data row(s) for processing.
2026-07-07 14:03:28,475 - INFO - MainThread - Processing Excel Row 1
2026-07-07 14:03:28,480 - INFO - MainThread - Order: V13070708159
2026-07-07 14:03:28,480 - INFO - MainThread - Processing Excel Row 2
2026-07-07 14:03:28,483 - INFO - MainThread - Order: V13070708160
2026-07-07 14:03:28,483 - INFO - MainThread - Processing Excel Row 3
2026-07-07 14:03:28,487 - INFO - MainThread - Order: V13070708161
2026-07-07 14:03:28,487 - INFO - MainThread - Processing Excel Row 4
2026-07-07 14:03:28,490 - INFO - MainThread - Order: V13070708162
2026-07-07 14:03:28,490 - INFO - MainThread - Processing Excel Row 5
2026-07-07 14:03:28,493 - INFO - MainThread - Order: V13070708163
2026-07-07 14:03:28,494 - INFO - MainThread - Processing Excel Row 6
2026-07-07 14:03:28,497 - INFO - MainThread - Order: V13070708164
2026-07-07 14:03:28,497 - INFO - MainThread - Processing Excel Row 7
2026-07-07 14:03:28,499 - INFO - MainThread - Order: V13070708165
2026-07-07 14:03:28,499 - INFO - MainThread - Processing Excel Row 8
2026-07-07 14:03:28,502 - INFO - MainThread - Order: V13070708166
2026-07-07 14:03:28,503 - INFO - MainThread - Processing Excel Row 9
2026-07-07 14:03:28,507 - INFO - MainThread - Order: V13070708167
2026-07-07 14:03:28,507 - INFO - MainThread - Processing Excel Row 10
2026-07-07 14:03:28,512 - INFO - MainThread - Order: V13070708168
2026-07-07 14:03:28,512 - INFO - MainThread - Processing Excel Row 11
2026-07-07 14:03:28,514 - INFO - MainThread - Order: V13070708169
2026-07-07 14:03:28,514 - INFO - MainThread - Processing Excel Row 12
2026-07-07 14:03:28,516 - INFO - MainThread - Order: V13070708170
2026-07-07 14:03:28,516 - INFO - MainThread - Processing Excel Row 13
2026-07-07 14:03:28,517 - INFO - MainThread - Order: V13070708171
2026-07-07 14:03:28,518 - INFO - MainThread - Processing Excel Row 14
2026-07-07 14:03:28,520 - INFO - MainThread - Order: V13070708172
2026-07-07 14:03:28,520 - INFO - MainThread - Processing Excel Row 15
2026-07-07 14:03:28,522 - INFO - MainThread - Order: V13070708173
2026-07-07 14:03:28,523 - INFO - MainThread - Processing Excel Row 16
2026-07-07 14:03:28,525 - INFO - MainThread - Order: V13070708174
2026-07-07 14:03:28,526 - INFO - MainThread - Processing Excel Row 17
2026-07-07 14:03:28,528 - INFO - MainThread - Order: V13070708175
2026-07-07 14:03:28,528 - INFO - MainThread - Processing Excel Row 18
2026-07-07 14:03:28,530 - INFO - MainThread - Order: V13070708176
2026-07-07 14:03:28,530 - INFO - MainThread - Processing Excel Row 19
2026-07-07 14:03:28,533 - INFO - MainThread - Order: V13070708177
2026-07-07 14:03:28,533 - INFO - MainThread - Processing Excel Row 20
2026-07-07 14:03:28,535 - INFO - MainThread - Order: V13070708178
2026-07-07 14:03:28,536 - INFO - MainThread - Processing Excel Row 21
2026-07-07 14:03:28,538 - INFO - MainThread - Order: V13070708179
2026-07-07 14:03:28,538 - INFO - MainThread - Processing Excel Row 22
2026-07-07 14:03:28,541 - INFO - MainThread - Order: V13070708180
2026-07-07 14:03:28,541 - INFO - MainThread - Processing Excel Row 23
2026-07-07 14:03:28,544 - INFO - MainThread - Order: V13070708181
2026-07-07 14:03:28,544 - INFO - MainThread - Processing Excel Row 24
2026-07-07 14:03:28,546 - INFO - MainThread - Order: V13070708182
2026-07-07 14:03:28,546 - INFO - MainThread - Processing Excel Row 25
2026-07-07 14:03:28,549 - INFO - MainThread - Order: V13070708183
2026-07-07 14:03:28,549 - INFO - MainThread - Processing Excel Row 26
2026-07-07 14:03:28,552 - INFO - MainThread - Order: V13070708184
2026-07-07 14:03:28,552 - INFO - MainThread - Processing Excel Row 27
2026-07-07 14:03:28,554 - INFO - MainThread - Order: V13070708185
2026-07-07 14:03:28,554 - INFO - MainThread - Processing Excel Row 28
2026-07-07 14:03:28,557 - INFO - MainThread - Order: V13070708186
2026-07-07 14:03:28,557 - INFO - MainThread - Processing Excel Row 29
2026-07-07 14:03:28,560 - INFO - MainThread - Order: V13070708187
2026-07-07 14:03:28,560 - INFO - MainThread - Processing Excel Row 30
2026-07-07 14:03:28,563 - INFO - MainThread - Order: V13070708188
2026-07-07 14:03:28,563 - INFO - MainThread - Processing Excel Row 31
2026-07-07 14:03:28,565 - INFO - MainThread - Order: V13070708189
2026-07-07 14:03:28,565 - INFO - MainThread - Processing Excel Row 32
2026-07-07 14:03:28,567 - INFO - MainThread - Order: V13070708190
2026-07-07 14:03:28,567 - INFO - MainThread - Processing Excel Row 33
2026-07-07 14:03:28,570 - INFO - MainThread - Order: V13070708191
2026-07-07 14:03:28,570 - INFO - MainThread - Processing Excel Row 34
2026-07-07 14:03:28,572 - INFO - MainThread - Order: V13070708192
2026-07-07 14:03:28,573 - INFO - MainThread - Processing Excel Row 35
2026-07-07 14:03:28,575 - INFO - MainThread - Order: V13070708193
2026-07-07 14:03:28,575 - INFO - MainThread - Processing Excel Row 36
2026-07-07 14:03:28,578 - INFO - MainThread - Order: V13070708194
2026-07-07 14:03:28,578 - INFO - MainThread - Processing Excel Row 37
2026-07-07 14:03:28,580 - INFO - MainThread - Order: V13070708195
2026-07-07 14:03:28,580 - INFO - MainThread - Processing Excel Row 38
2026-07-07 14:03:28,583 - INFO - MainThread - Order: V13070708196
2026-07-07 14:03:28,583 - INFO - MainThread - Processing Excel Row 39
2026-07-07 14:03:28,585 - INFO - MainThread - Order: V13070708197
2026-07-07 14:03:28,585 - INFO - MainThread - Processing Excel Row 40
2026-07-07 14:03:28,588 - INFO - MainThread - Order: V13070708198
2026-07-07 14:03:28,588 - INFO - MainThread - Processing Excel Row 41
2026-07-07 14:03:28,592 - INFO - MainThread - Order: V13070708199
2026-07-07 14:03:28,592 - INFO - MainThread - Processing Excel Row 42
2026-07-07 14:03:28,594 - INFO - MainThread - Order: V13070708200
2026-07-07 14:03:28,594 - INFO - MainThread - Processing Excel Row 43
2026-07-07 14:03:28,597 - INFO - MainThread - Order: V13070708201
2026-07-07 14:03:28,597 - INFO - MainThread - Processing Excel Row 44
2026-07-07 14:03:28,599 - INFO - MainThread - Order: V13070708202
2026-07-07 14:03:28,600 - INFO - MainThread - Processing Excel Row 45
2026-07-07 14:03:28,602 - INFO - MainThread - Order: V13070708203
2026-07-07 14:03:28,602 - INFO - MainThread - Processing Excel Row 46
2026-07-07 14:03:28,605 - INFO - MainThread - Order: V13070708204
2026-07-07 14:03:28,605 - INFO - MainThread - Processing Excel Row 47
2026-07-07 14:03:28,607 - INFO - MainThread - Order: V13070708205
2026-07-07 14:03:28,608 - INFO - MainThread - Processing Excel Row 48
2026-07-07 14:03:28,610 - INFO - MainThread - Order: V13070708206
2026-07-07 14:03:28,610 - INFO - MainThread - Processing Excel Row 49
2026-07-07 14:03:28,612 - INFO - MainThread - Order: V13070708207
2026-07-07 14:03:28,612 - INFO - MainThread - Processing Excel Row 50
2026-07-07 14:03:28,615 - INFO - MainThread - Order: V13070708208
2026-07-07 14:03:28,615 - INFO - MainThread - Processing Excel Row 51
2026-07-07 14:03:28,617 - INFO - MainThread - Order: V13070708209
2026-07-07 14:03:28,617 - INFO - MainThread - Processing Excel Row 52
2026-07-07 14:03:28,622 - INFO - MainThread - Order: V13070708210
2026-07-07 14:03:28,622 - INFO - MainThread - Processing Excel Row 53
2026-07-07 14:03:28,625 - INFO - MainThread - Order: V13070708211
2026-07-07 14:03:28,625 - INFO - MainThread - Processing Excel Row 54
2026-07-07 14:03:28,627 - INFO - MainThread - Order: V13070708212
2026-07-07 14:03:28,627 - INFO - MainThread - Processing Excel Row 55
2026-07-07 14:03:28,629 - INFO - MainThread - Order: V13070708213
2026-07-07 14:03:28,629 - INFO - MainThread - Processing Excel Row 56
2026-07-07 14:03:28,632 - INFO - MainThread - Order: V13070708214
2026-07-07 14:03:28,632 - INFO - MainThread - Processing Excel Row 57
2026-07-07 14:03:28,634 - INFO - MainThread - Order: V13070708215
2026-07-07 14:03:28,634 - INFO - MainThread - Processing Excel Row 58
2026-07-07 14:03:28,636 - INFO - MainThread - Order: V13070708216
2026-07-07 14:03:28,636 - INFO - MainThread - Processing Excel Row 59
2026-07-07 14:03:28,638 - INFO - MainThread - Order: V13070708217
2026-07-07 14:03:28,638 - INFO - MainThread - Processing Excel Row 60
2026-07-07 14:03:28,641 - INFO - MainThread - Order: V13070708218
2026-07-07 14:03:28,641 - INFO - MainThread - Processing Excel Row 61
2026-07-07 14:03:28,643 - INFO - MainThread - Order: V13070708219
2026-07-07 14:03:28,643 - INFO - MainThread - Processing Excel Row 62
2026-07-07 14:03:28,646 - INFO - MainThread - Order: V13070708220
2026-07-07 14:03:28,646 - INFO - MainThread - Processing Excel Row 63
2026-07-07 14:03:28,648 - INFO - MainThread - Order: V13070708221
2026-07-07 14:03:28,648 - INFO - MainThread - Processing Excel Row 64
2026-07-07 14:03:28,651 - INFO - MainThread - Order: V13070708222
2026-07-07 14:03:28,652 - INFO - MainThread - Processing Excel Row 65
2026-07-07 14:03:28,654 - INFO - MainThread - Order: V13070708223
2026-07-07 14:03:28,654 - INFO - MainThread - Processing Excel Row 66
2026-07-07 14:03:28,656 - INFO - MainThread - Order: V13070708224
2026-07-07 14:03:28,657 - INFO - MainThread - Processing Excel Row 67
2026-07-07 14:03:28,659 - INFO - MainThread - Order: V13070708225
2026-07-07 14:03:28,659 - INFO - MainThread - Processing Excel Row 68
2026-07-07 14:03:28,661 - INFO - MainThread - Order: V13070708226
2026-07-07 14:03:28,661 - INFO - MainThread - Processing Excel Row 69
2026-07-07 14:03:28,663 - INFO - MainThread - Order: V13070708227
2026-07-07 14:03:28,664 - INFO - MainThread - Processing Excel Row 70
2026-07-07 14:03:28,666 - INFO - MainThread - Order: V13070708228
2026-07-07 14:03:28,666 - INFO - MainThread - Processing Excel Row 71
2026-07-07 14:03:28,668 - INFO - MainThread - Order: V13070708229
2026-07-07 14:03:28,669 - INFO - MainThread - Processing Excel Row 72
2026-07-07 14:03:28,671 - INFO - MainThread - Order: V13070708230
2026-07-07 14:03:28,671 - INFO - MainThread - Processing Excel Row 73
2026-07-07 14:03:28,673 - INFO - MainThread - Order: V13070708231
2026-07-07 14:03:28,673 - INFO - MainThread - Processing Excel Row 74
2026-07-07 14:03:28,675 - INFO - MainThread - Order: V13070708232
2026-07-07 14:03:28,675 - INFO - MainThread - Processing Excel Row 75
2026-07-07 14:03:28,677 - INFO - MainThread - Order: V13070708233
2026-07-07 14:03:28,677 - INFO - MainThread - Processing Excel Row 76
2026-07-07 14:03:28,679 - INFO - MainThread - Order: V13070708234
2026-07-07 14:03:28,679 - INFO - MainThread - Processing Excel Row 77
2026-07-07 14:03:28,681 - INFO - MainThread - Order: V13070708235
2026-07-07 14:03:28,681 - INFO - MainThread - Processing Excel Row 78
2026-07-07 14:03:28,683 - INFO - MainThread - Order: V13070708236
2026-07-07 14:03:28,683 - INFO - MainThread - Processing Excel Row 79
2026-07-07 14:03:28,685 - INFO - MainThread - Order: V13070708237
2026-07-07 14:03:28,685 - INFO - MainThread - Processing Excel Row 80
2026-07-07 14:03:28,691 - INFO - MainThread - Order: V13070708238
2026-07-07 14:03:28,691 - INFO - MainThread - Processing Excel Row 81
2026-07-07 14:03:28,694 - INFO - MainThread - Order: V13070708239
2026-07-07 14:03:28,694 - INFO - MainThread - Processing Excel Row 82
2026-07-07 14:03:28,696 - INFO - MainThread - Order: V13070708240
2026-07-07 14:03:28,696 - INFO - MainThread - Processing Excel Row 83
2026-07-07 14:03:28,698 - INFO - MainThread - Order: V13070708241
2026-07-07 14:03:28,698 - INFO - MainThread - Processing Excel Row 84
2026-07-07 14:03:28,700 - INFO - MainThread - Order: V13070708242
2026-07-07 14:03:28,700 - INFO - MainThread - Processing Excel Row 85
2026-07-07 14:03:28,701 - INFO - MainThread - Order: V13070708243
2026-07-07 14:03:28,702 - INFO - MainThread - Processing Excel Row 86
2026-07-07 14:03:28,703 - INFO - MainThread - Order: V13070708244
2026-07-07 14:03:28,703 - INFO - MainThread - Processing Excel Row 87
2026-07-07 14:03:28,705 - INFO - MainThread - Order: V13070708245
2026-07-07 14:03:28,706 - INFO - MainThread - Processing Excel Row 88
2026-07-07 14:03:28,708 - INFO - MainThread - Order: V13070708246
2026-07-07 14:03:28,708 - INFO - MainThread - Processing Excel Row 89
2026-07-07 14:03:28,710 - INFO - MainThread - Order: V13070708247
2026-07-07 14:03:28,711 - INFO - MainThread - Processing Excel Row 90
2026-07-07 14:03:28,713 - INFO - MainThread - Order: V13070708248
2026-07-07 14:03:28,713 - INFO - MainThread - Processing Excel Row 91
2026-07-07 14:03:28,715 - INFO - MainThread - Order: V13070708249
2026-07-07 14:03:28,715 - INFO - MainThread - Processing Excel Row 92
2026-07-07 14:03:28,717 - INFO - MainThread - Order: V13070708250
2026-07-07 14:03:28,717 - INFO - MainThread - Processing Excel Row 93
2026-07-07 14:03:28,719 - INFO - MainThread - Order: V13070708251
2026-07-07 14:03:28,719 - INFO - MainThread - Processing Excel Row 94
2026-07-07 14:03:28,722 - INFO - MainThread - Order: V13070708252
2026-07-07 14:03:28,722 - INFO - MainThread - Processing Excel Row 95
2026-07-07 14:03:28,724 - INFO - MainThread - Order: V13070708253
2026-07-07 14:03:28,724 - INFO - MainThread - Processing Excel Row 96
2026-07-07 14:03:28,727 - INFO - MainThread - Order: V13070708254
2026-07-07 14:03:28,727 - INFO - MainThread - Processing Excel Row 97
2026-07-07 14:03:28,729 - INFO - MainThread - Order: V13070708255
2026-07-07 14:03:28,729 - INFO - MainThread - Processing Excel Row 98
2026-07-07 14:03:28,732 - INFO - MainThread - Order: V13070708256
2026-07-07 14:03:28,732 - INFO - MainThread - Processing Excel Row 99
2026-07-07 14:03:28,734 - INFO - MainThread - Order: V13070708257
2026-07-07 14:03:28,735 - INFO - MainThread - Processing Excel Row 100
2026-07-07 14:03:28,737 - INFO - MainThread - Order: V13070708258
2026-07-07 14:03:28,737 - INFO - MainThread - Processing Excel Row 101
2026-07-07 14:03:28,739 - INFO - MainThread - Order: V13070708259
2026-07-07 14:03:28,740 - INFO - MainThread - Processing Excel Row 102
2026-07-07 14:03:28,742 - INFO - MainThread - Order: V13070708260
2026-07-07 14:03:28,742 - INFO - MainThread - Processing Excel Row 103
2026-07-07 14:03:28,744 - INFO - MainThread - Order: V13070708261
2026-07-07 14:03:28,744 - INFO - MainThread - Processing Excel Row 104
2026-07-07 14:03:28,746 - INFO - MainThread - Order: V13070708262
2026-07-07 14:03:28,746 - INFO - MainThread - Processing Excel Row 105
2026-07-07 14:03:28,749 - INFO - MainThread - Order: V13070708263
2026-07-07 14:03:28,749 - INFO - MainThread - Processing Excel Row 106
2026-07-07 14:03:28,751 - INFO - MainThread - Order: V13070708264
2026-07-07 14:03:28,751 - INFO - MainThread - Processing Excel Row 107
2026-07-07 14:03:28,753 - INFO - MainThread - Order: V13070708265
2026-07-07 14:03:28,754 - INFO - MainThread - Processing Excel Row 108
2026-07-07 14:03:28,756 - INFO - MainThread - Order: V13070708266
2026-07-07 14:03:28,756 - INFO - MainThread - Processing Excel Row 109
2026-07-07 14:03:28,758 - INFO - MainThread - Order: V13070708267
2026-07-07 14:03:28,759 - INFO - MainThread - Processing Excel Row 110
2026-07-07 14:03:28,761 - INFO - MainThread - Order: V13070708268
2026-07-07 14:03:28,761 - INFO - MainThread - Processing Excel Row 111
2026-07-07 14:03:28,767 - INFO - MainThread - Order: V13070708269
2026-07-07 14:03:28,768 - INFO - MainThread - Processing Excel Row 112
2026-07-07 14:03:28,770 - INFO - MainThread - Order: V13070708270
2026-07-07 14:03:28,770 - INFO - MainThread - Processing Excel Row 113
2026-07-07 14:03:28,772 - INFO - MainThread - Order: V13070708271
2026-07-07 14:03:28,772 - INFO - MainThread - Processing Excel Row 114
2026-07-07 14:03:28,774 - INFO - MainThread - Order: V13070708272
2026-07-07 14:03:28,775 - INFO - MainThread - Processing Excel Row 115
2026-07-07 14:03:28,777 - INFO - MainThread - Order: V13070708273
2026-07-07 14:03:28,777 - INFO - MainThread - Processing Excel Row 116
2026-07-07 14:03:28,779 - INFO - MainThread - Order: V13070708274
2026-07-07 14:03:28,779 - INFO - MainThread - Processing Excel Row 117
2026-07-07 14:03:28,781 - INFO - MainThread - Order: V13070708275
2026-07-07 14:03:28,781 - INFO - MainThread - Processing Excel Row 118
2026-07-07 14:03:28,783 - INFO - MainThread - Order: V13070708276
2026-07-07 14:03:28,783 - INFO - MainThread - Processing Excel Row 119
2026-07-07 14:03:28,785 - INFO - MainThread - Order: V13070708277
2026-07-07 14:03:28,785 - INFO - MainThread - Processing Excel Row 120
2026-07-07 14:03:28,788 - INFO - MainThread - Order: V13070708278
2026-07-07 14:03:28,788 - INFO - MainThread - Processing Excel Row 121
2026-07-07 14:03:28,790 - INFO - MainThread - Order: V13070708279
2026-07-07 14:03:28,790 - INFO - MainThread - Processing Excel Row 122
2026-07-07 14:03:28,792 - INFO - MainThread - Order: V13070708280
2026-07-07 14:03:28,792 - INFO - MainThread - Processing Excel Row 123
2026-07-07 14:03:28,794 - INFO - MainThread - Order: V13070708281
2026-07-07 14:03:28,795 - INFO - MainThread - Processing Excel Row 124
2026-07-07 14:03:28,796 - INFO - MainThread - Order: V13070708282
2026-07-07 14:03:28,797 - INFO - MainThread - Processing Excel Row 125
2026-07-07 14:03:28,798 - INFO - MainThread - Order: V13070708283
2026-07-07 14:03:28,798 - INFO - MainThread - Processing Excel Row 126
2026-07-07 14:03:28,800 - INFO - MainThread - Order: V13070708284
2026-07-07 14:03:28,800 - INFO - MainThread - Processing Excel Row 127
2026-07-07 14:03:28,802 - INFO - MainThread - Order: V13070708285
2026-07-07 14:03:28,803 - INFO - MainThread - Processing Excel Row 128
2026-07-07 14:03:28,804 - INFO - MainThread - Order: V13070708286
2026-07-07 14:03:28,805 - INFO - MainThread - Processing Excel Row 129
2026-07-07 14:03:28,807 - INFO - MainThread - Order: V13070708287
2026-07-07 14:03:28,807 - INFO - MainThread - Processing Excel Row 130
2026-07-07 14:03:28,809 - INFO - MainThread - Order: V13070708288
2026-07-07 14:03:28,810 - INFO - MainThread - Processing Excel Row 131
2026-07-07 14:03:28,812 - INFO - MainThread - Order: V13070708289
2026-07-07 14:03:28,813 - INFO - MainThread - Processing Excel Row 132
2026-07-07 14:03:28,815 - INFO - MainThread - Order: V13070708290
2026-07-07 14:03:28,817 - INFO - MainThread - Processing Excel Row 133
2026-07-07 14:03:28,819 - INFO - MainThread - Order: V13070708291
2026-07-07 14:03:28,819 - INFO - MainThread - Processing Excel Row 134
2026-07-07 14:03:28,821 - INFO - MainThread - Order: V13070708292
2026-07-07 14:03:28,822 - INFO - MainThread - Processing Excel Row 135
2026-07-07 14:03:28,824 - INFO - MainThread - Order: V13070708293
2026-07-07 14:03:28,824 - INFO - MainThread - Processing Excel Row 136
2026-07-07 14:03:28,827 - INFO - MainThread - Order: V13070708294
2026-07-07 14:03:28,827 - INFO - MainThread - Processing Excel Row 137
2026-07-07 14:03:28,829 - INFO - MainThread - Order: V13070708295
2026-07-07 14:03:28,829 - INFO - MainThread - Processing Excel Row 138
2026-07-07 14:03:28,832 - INFO - MainThread - Order: V13070708296
2026-07-07 14:03:28,832 - INFO - MainThread - Processing Excel Row 139
2026-07-07 14:03:28,835 - INFO - MainThread - Order: V13070708297
2026-07-07 14:03:28,835 - INFO - MainThread - Processing Excel Row 140
2026-07-07 14:03:28,838 - INFO - MainThread - Order: V13070708298
2026-07-07 14:03:28,838 - INFO - MainThread - Processing Excel Row 141
2026-07-07 14:03:28,840 - INFO - MainThread - Order: V13070708299
2026-07-07 14:03:28,840 - INFO - MainThread - Processing Excel Row 142
2026-07-07 14:03:28,842 - INFO - MainThread - Order: V13070708300
2026-07-07 14:03:28,842 - INFO - MainThread - Processing Excel Row 143
2026-07-07 14:03:28,844 - INFO - MainThread - Order: V13070708301
2026-07-07 14:03:28,844 - INFO - MainThread - Processing Excel Row 144
2026-07-07 14:03:28,846 - INFO - MainThread - Order: V13070708302
2026-07-07 14:03:28,846 - INFO - MainThread - Processing Excel Row 145
2026-07-07 14:03:28,848 - INFO - MainThread - Order: V13070708303
2026-07-07 14:03:28,848 - INFO - MainThread - Processing Excel Row 146
2026-07-07 14:03:28,850 - INFO - MainThread - Order: V13070708304
2026-07-07 14:03:28,851 - INFO - MainThread - Processing Excel Row 147
2026-07-07 14:03:28,852 - INFO - MainThread - Order: V13070708305
2026-07-07 14:03:28,853 - INFO - MainThread - Processing Excel Row 148
2026-07-07 14:03:28,855 - INFO - MainThread - Order: V13070708306
2026-07-07 14:03:28,855 - INFO - MainThread - Processing Excel Row 149
2026-07-07 14:03:28,857 - INFO - MainThread - Order: V13070708307
2026-07-07 14:03:28,858 - INFO - MainThread - Processing Excel Row 150
2026-07-07 14:03:28,860 - INFO - MainThread - Order: V13070708308
2026-07-07 14:03:28,860 - INFO - MainThread - Processing Excel Row 151
2026-07-07 14:03:28,862 - INFO - MainThread - Order: V13070708309
2026-07-07 14:03:28,862 - INFO - MainThread - Processing Excel Row 152
2026-07-07 14:03:28,864 - INFO - MainThread - Order: V13070708310
2026-07-07 14:03:28,864 - INFO - MainThread - Processing Excel Row 153
2026-07-07 14:03:28,866 - INFO - MainThread - Order: V13070708311
2026-07-07 14:03:28,866 - INFO - MainThread - Processing Excel Row 154
2026-07-07 14:03:28,869 - INFO - MainThread - Order: V13070708312
2026-07-07 14:03:28,869 - INFO - MainThread - Processing Excel Row 155
2026-07-07 14:03:28,871 - INFO - MainThread - Order: V13070708313
2026-07-07 14:03:28,871 - INFO - MainThread - Processing Excel Row 156
2026-07-07 14:03:28,873 - INFO - MainThread - Order: V13070708314
2026-07-07 14:03:28,873 - INFO - MainThread - Processing Excel Row 157
2026-07-07 14:03:28,875 - INFO - MainThread - Order: V13070708315
2026-07-07 14:03:28,875 - INFO - MainThread - Processing Excel Row 158
2026-07-07 14:03:28,877 - INFO - MainThread - Order: V13070708316
2026-07-07 14:03:28,877 - INFO - MainThread - Processing Excel Row 159
2026-07-07 14:03:28,879 - INFO - MainThread - Order: V13070708317
2026-07-07 14:03:28,879 - INFO - MainThread - Processing Excel Row 160
2026-07-07 14:03:28,881 - INFO - MainThread - Order: V13070708318
2026-07-07 14:03:28,881 - INFO - MainThread - Processing Excel Row 161
2026-07-07 14:03:28,883 - INFO - MainThread - Order: V13070708319
2026-07-07 14:03:28,883 - INFO - MainThread - Processing Excel Row 162
2026-07-07 14:03:28,885 - INFO - MainThread - Order: V13070708320
2026-07-07 14:03:28,885 - INFO - MainThread - Processing Excel Row 163
2026-07-07 14:03:28,886 - INFO - MainThread - Order: V13070708321
2026-07-07 14:03:28,887 - INFO - MainThread - Processing Excel Row 164
2026-07-07 14:03:28,889 - INFO - MainThread - Order: V13070708322
2026-07-07 14:03:28,889 - INFO - MainThread - Processing Excel Row 165
2026-07-07 14:03:28,891 - INFO - MainThread - Order: V13070708323
2026-07-07 14:03:28,891 - INFO - MainThread - Processing Excel Row 166
2026-07-07 14:03:28,893 - INFO - MainThread - Order: V13070708324
2026-07-07 14:03:28,893 - INFO - MainThread - Processing Excel Row 167
2026-07-07 14:03:28,895 - INFO - MainThread - Order: V13070708325
2026-07-07 14:03:28,896 - INFO - MainThread - Processing Excel Row 168
2026-07-07 14:03:28,898 - INFO - MainThread - Order: V13070708326
2026-07-07 14:03:28,898 - INFO - MainThread - Processing Excel Row 169
2026-07-07 14:03:28,900 - INFO - MainThread - Order: V13070708327
2026-07-07 14:03:28,900 - INFO - MainThread - Processing Excel Row 170
2026-07-07 14:03:28,902 - INFO - MainThread - Order: V13070708328
2026-07-07 14:03:28,903 - INFO - MainThread - Processing Excel Row 171
2026-07-07 14:03:28,905 - INFO - MainThread - Order: V13070708329
2026-07-07 14:03:28,905 - INFO - MainThread - Processing Excel Row 172
2026-07-07 14:03:28,907 - INFO - MainThread - Order: V13070708330
2026-07-07 14:03:28,907 - INFO - MainThread - Processing Excel Row 173
2026-07-07 14:03:28,909 - INFO - MainThread - Order: V13070708331
2026-07-07 14:03:28,909 - INFO - MainThread - Processing Excel Row 174
2026-07-07 14:03:28,912 - INFO - MainThread - Order: V13070708332
2026-07-07 14:03:28,912 - INFO - MainThread - Processing Excel Row 175
2026-07-07 14:03:28,914 - INFO - MainThread - Order: V13070708333
2026-07-07 14:03:28,914 - INFO - MainThread - Processing Excel Row 176
2026-07-07 14:03:28,917 - INFO - MainThread - Order: V13070708334
2026-07-07 14:03:28,917 - INFO - MainThread - Processing Excel Row 177
2026-07-07 14:03:28,919 - INFO - MainThread - Order: V13070708335
2026-07-07 14:03:28,919 - INFO - MainThread - Processing Excel Row 178
2026-07-07 14:03:28,922 - INFO - MainThread - Order: V13070708336
2026-07-07 14:03:28,922 - INFO - MainThread - Processing Excel Row 179
2026-07-07 14:03:28,925 - INFO - MainThread - Order: V13070708337
2026-07-07 14:03:28,925 - INFO - MainThread - Processing Excel Row 180
2026-07-07 14:03:28,927 - INFO - MainThread - Order: V13070708338
2026-07-07 14:03:28,927 - INFO - MainThread - Processing Excel Row 181
2026-07-07 14:03:28,930 - INFO - MainThread - Order: V13070708339
2026-07-07 14:03:28,930 - INFO - MainThread - Processing Excel Row 182
2026-07-07 14:03:28,932 - INFO - MainThread - Order: V13070708340
2026-07-07 14:03:28,932 - INFO - MainThread - Processing Excel Row 183
2026-07-07 14:03:28,934 - INFO - MainThread - Order: V13070708341
2026-07-07 14:03:28,934 - INFO - MainThread - Processing Excel Row 184
2026-07-07 14:03:28,936 - INFO - MainThread - Order: V13070708342
2026-07-07 14:03:28,936 - INFO - MainThread - Processing Excel Row 185
2026-07-07 14:03:28,938 - INFO - MainThread - Order: V13070708343
2026-07-07 14:03:28,939 - INFO - MainThread - Processing Excel Row 186
2026-07-07 14:03:28,941 - INFO - MainThread - Order: V13070708344
2026-07-07 14:03:28,942 - INFO - MainThread - Processing Excel Row 187
2026-07-07 14:03:28,944 - INFO - MainThread - Order: V13070708345
2026-07-07 14:03:28,944 - INFO - MainThread - Processing Excel Row 188
2026-07-07 14:03:28,947 - INFO - MainThread - Order: V13070708346
2026-07-07 14:03:28,947 - INFO - MainThread - Processing Excel Row 189
2026-07-07 14:03:28,949 - INFO - MainThread - Order: V13070708347
2026-07-07 14:03:28,949 - INFO - MainThread - Processing Excel Row 190
2026-07-07 14:03:28,951 - INFO - MainThread - Order: V13070708348
2026-07-07 14:03:28,951 - INFO - MainThread - Processing Excel Row 191
2026-07-07 14:03:28,953 - INFO - MainThread - Order: V13070708349
2026-07-07 14:03:28,953 - INFO - MainThread - Processing Excel Row 192
2026-07-07 14:03:28,954 - INFO - MainThread - Order: V13070708350
2026-07-07 14:03:28,955 - INFO - MainThread - Processing Excel Row 193
2026-07-07 14:03:28,956 - INFO - MainThread - Order: V13070708351
2026-07-07 14:03:28,957 - INFO - MainThread - Processing Excel Row 194
2026-07-07 14:03:28,958 - INFO - MainThread - Order: V13070708352
2026-07-07 14:03:28,959 - INFO - MainThread - Processing Excel Row 195
2026-07-07 14:03:28,960 - INFO - MainThread - Order: V13070708353
2026-07-07 14:03:28,960 - INFO - MainThread - Processing Excel Row 196
2026-07-07 14:03:28,962 - INFO - MainThread - Order: V13070708354
2026-07-07 14:03:28,962 - INFO - MainThread - Processing Excel Row 197
2026-07-07 14:03:28,964 - INFO - MainThread - Order: V13070708355
2026-07-07 14:03:28,965 - INFO - MainThread - Processing Excel Row 198
2026-07-07 14:03:28,967 - INFO - MainThread - Order: V13070708356
2026-07-07 14:03:28,967 - INFO - MainThread - Processing Excel Row 199
2026-07-07 14:03:28,969 - INFO - MainThread - Order: V13070708357
2026-07-07 14:03:28,970 - INFO - MainThread - Processing Excel Row 200
2026-07-07 14:03:28,972 - INFO - MainThread - Order: V13070708358
2026-07-07 14:03:28,972 - INFO - MainThread - Processing Excel Row 201
2026-07-07 14:03:28,974 - INFO - MainThread - Order: V13070708359
2026-07-07 14:03:28,974 - INFO - MainThread - Processing Excel Row 202
2026-07-07 14:03:28,976 - INFO - MainThread - Order: V13070708360
2026-07-07 14:03:28,977 - INFO - MainThread - Processing Excel Row 203
2026-07-07 14:03:28,978 - INFO - MainThread - Order: V13070708361
2026-07-07 14:03:28,979 - INFO - MainThread - Processing Excel Row 204
2026-07-07 14:03:28,981 - INFO - MainThread - Order: V13070708362
2026-07-07 14:03:28,981 - INFO - MainThread - Processing Excel Row 205
2026-07-07 14:03:28,983 - INFO - MainThread - Order: V13070708363
2026-07-07 14:03:28,983 - INFO - MainThread - Processing Excel Row 206
2026-07-07 14:03:28,985 - INFO - MainThread - Order: V13070708364
2026-07-07 14:03:28,985 - INFO - MainThread - Processing Excel Row 207
2026-07-07 14:03:28,988 - INFO - MainThread - Order: V13070708365
2026-07-07 14:03:28,988 - INFO - MainThread - Processing Excel Row 208
2026-07-07 14:03:28,990 - INFO - MainThread - Order: V13070708366
2026-07-07 14:03:28,990 - INFO - MainThread - Processing Excel Row 209
2026-07-07 14:03:28,993 - INFO - MainThread - Order: V13070708367
2026-07-07 14:03:28,993 - INFO - MainThread - Processing Excel Row 210
2026-07-07 14:03:28,995 - INFO - MainThread - Order: V13070708368
2026-07-07 14:03:28,995 - INFO - MainThread - Processing Excel Row 211
2026-07-07 14:03:28,998 - INFO - MainThread - Order: V13070708369
2026-07-07 14:03:28,998 - INFO - MainThread - Processing Excel Row 212
2026-07-07 14:03:29,000 - INFO - MainThread - Order: V13070708370
2026-07-07 14:03:29,000 - INFO - MainThread - Processing Excel Row 213
2026-07-07 14:03:29,002 - INFO - MainThread - Order: V13070708371
2026-07-07 14:03:29,002 - INFO - MainThread - Processing Excel Row 214
2026-07-07 14:03:29,004 - INFO - MainThread - Order: V13070708372
2026-07-07 14:03:29,004 - INFO - MainThread - Processing Excel Row 215
2026-07-07 14:03:29,006 - INFO - MainThread - Order: V13070708373
2026-07-07 14:03:29,006 - INFO - MainThread - Processing Excel Row 216
2026-07-07 14:03:29,008 - INFO - MainThread - Order: V13070708374
2026-07-07 14:03:29,008 - INFO - MainThread - Processing Excel Row 217
2026-07-07 14:03:29,010 - INFO - MainThread - Order: V13070708375
2026-07-07 14:03:29,010 - INFO - MainThread - Processing Excel Row 218
2026-07-07 14:03:29,012 - INFO - MainThread - Order: V13070708376
2026-07-07 14:03:29,012 - INFO - MainThread - Processing Excel Row 219
2026-07-07 14:03:29,014 - INFO - MainThread - Order: V13070708377
2026-07-07 14:03:29,014 - INFO - MainThread - Processing Excel Row 220
2026-07-07 14:03:29,016 - INFO - MainThread - Order: V13070708378
2026-07-07 14:03:29,016 - INFO - MainThread - Processing Excel Row 221
2026-07-07 14:03:29,018 - INFO - MainThread - Order: V13070708379
2026-07-07 14:03:29,018 - INFO - MainThread - Processing Excel Row 222
2026-07-07 14:03:29,020 - INFO - MainThread - Order: V13070708380
2026-07-07 14:03:29,020 - INFO - MainThread - Processing Excel Row 223
2026-07-07 14:03:29,023 - INFO - MainThread - Order: V13070708381
2026-07-07 14:03:29,023 - INFO - MainThread - Processing Excel Row 224
2026-07-07 14:03:29,025 - INFO - MainThread - Order: V13070708382
2026-07-07 14:03:29,025 - INFO - MainThread - Processing Excel Row 225
2026-07-07 14:03:29,027 - INFO - MainThread - Order: V13070708383
2026-07-07 14:03:29,027 - INFO - MainThread - Processing Excel Row 226
2026-07-07 14:03:29,029 - INFO - MainThread - Order: V13070708384
2026-07-07 14:03:29,029 - INFO - MainThread - Processing Excel Row 227
2026-07-07 14:03:29,031 - INFO - MainThread - Order: V13070708385
2026-07-07 14:03:29,031 - INFO - MainThread - Processing Excel Row 228
2026-07-07 14:03:29,033 - INFO - MainThread - Order: V13070708386
2026-07-07 14:03:29,033 - INFO - MainThread - Processing Excel Row 229
2026-07-07 14:03:29,035 - INFO - MainThread - Order: V13070708387
2026-07-07 14:03:29,036 - INFO - MainThread - Processing Excel Row 230
2026-07-07 14:03:29,037 - INFO - MainThread - Order: V13070708388
2026-07-07 14:03:29,037 - INFO - MainThread - Processing Excel Row 231
2026-07-07 14:03:29,039 - INFO - MainThread - Order: V13070708389
2026-07-07 14:03:29,039 - INFO - MainThread - Processing Excel Row 232
2026-07-07 14:03:29,041 - INFO - MainThread - Order: V13070708390
2026-07-07 14:03:29,041 - INFO - MainThread - Processing Excel Row 233
2026-07-07 14:03:29,043 - INFO - MainThread - Order: V13070708391
2026-07-07 14:03:29,043 - INFO - MainThread - Processing Excel Row 234
2026-07-07 14:03:29,045 - INFO - MainThread - Order: V13070708392
2026-07-07 14:03:29,046 - INFO - MainThread - Processing Excel Row 235
2026-07-07 14:03:29,048 - INFO - MainThread - Order: V13070708393
2026-07-07 14:03:29,048 - INFO - MainThread - Processing Excel Row 236
2026-07-07 14:03:29,050 - INFO - MainThread - Order: V13070708394
2026-07-07 14:03:29,050 - INFO - MainThread - Processing Excel Row 237
2026-07-07 14:03:29,052 - INFO - MainThread - Order: V13070708395
2026-07-07 14:03:29,052 - INFO - MainThread - Processing Excel Row 238
2026-07-07 14:03:29,054 - INFO - MainThread - Order: V13070708396
2026-07-07 14:03:29,054 - INFO - MainThread - Processing Excel Row 239
2026-07-07 14:03:29,056 - INFO - MainThread - Order: V13070708397
2026-07-07 14:03:29,056 - INFO - MainThread - Processing Excel Row 240
2026-07-07 14:03:29,058 - INFO - MainThread - Order: V13070708398
2026-07-07 14:03:29,058 - INFO - MainThread - Processing Excel Row 241
2026-07-07 14:03:29,060 - INFO - MainThread - Order: V13070708399
2026-07-07 14:03:29,060 - INFO - MainThread - Processing Excel Row 242
2026-07-07 14:03:29,062 - INFO - MainThread - Order: V13070708400
2026-07-07 14:03:29,062 - INFO - MainThread - Processing Excel Row 243
2026-07-07 14:03:29,064 - INFO - MainThread - Order: V13070708401
2026-07-07 14:03:29,064 - INFO - MainThread - Processing Excel Row 244
2026-07-07 14:03:29,065 - INFO - MainThread - Order: V13070708402
2026-07-07 14:03:29,065 - INFO - MainThread - Processing Excel Row 245
2026-07-07 14:03:29,067 - INFO - MainThread - Order: V13070708403
2026-07-07 14:03:29,067 - INFO - MainThread - Processing Excel Row 246
2026-07-07 14:03:29,069 - INFO - MainThread - Order: V13070708404
2026-07-07 14:03:29,069 - INFO - MainThread - Processing Excel Row 247
2026-07-07 14:03:29,071 - INFO - MainThread - Order: V13070708405
2026-07-07 14:03:29,071 - INFO - MainThread - Processing Excel Row 248
2026-07-07 14:03:29,073 - INFO - MainThread - Order: V13070708406
2026-07-07 14:03:29,073 - INFO - MainThread - Processing Excel Row 249
2026-07-07 14:03:29,075 - INFO - MainThread - Order: V13070708407
2026-07-07 14:03:29,075 - INFO - MainThread - Processing Excel Row 250
2026-07-07 14:03:29,076 - INFO - MainThread - Order: V13070708408
2026-07-07 14:03:29,076 - INFO - MainThread - Processing Excel Row 251
2026-07-07 14:03:29,083 - INFO - MainThread - Order: V13070708409
2026-07-07 14:03:29,083 - INFO - MainThread - Processing Excel Row 252
2026-07-07 14:03:29,085 - INFO - MainThread - Order: V13070708410
2026-07-07 14:03:29,085 - INFO - MainThread - Processing Excel Row 253
2026-07-07 14:03:29,086 - INFO - MainThread - Order: V13070708411
2026-07-07 14:03:29,086 - INFO - MainThread - Processing Excel Row 254
2026-07-07 14:03:29,087 - INFO - MainThread - Order: V13070708412
2026-07-07 14:03:29,087 - INFO - MainThread - Processing Excel Row 255
2026-07-07 14:03:29,088 - INFO - MainThread - Order: V13070708413
2026-07-07 14:03:29,088 - INFO - MainThread - Processing Excel Row 256
2026-07-07 14:03:29,089 - INFO - MainThread - Order: V14070708414
2026-07-07 14:03:29,089 - INFO - MainThread - Processing Excel Row 257
2026-07-07 14:03:29,090 - INFO - MainThread - Order: V14070708415
2026-07-07 14:03:29,090 - INFO - MainThread - Processing Excel Row 258
2026-07-07 14:03:29,091 - INFO - MainThread - Order: V14070708416
2026-07-07 14:03:29,091 - INFO - MainThread - Processing Excel Row 259
2026-07-07 14:03:29,092 - INFO - MainThread - Order: V14070708417
2026-07-07 14:03:29,092 - INFO - MainThread - Processing Excel Row 260
2026-07-07 14:03:29,093 - INFO - MainThread - Order: V14070708418
2026-07-07 14:03:29,093 - INFO - MainThread - Processing Excel Row 261
2026-07-07 14:03:29,094 - INFO - MainThread - Order: V14070708419
2026-07-07 14:03:29,094 - INFO - MainThread - Processing Excel Row 262
2026-07-07 14:03:29,094 - INFO - MainThread - Order: V14070708420
2026-07-07 14:03:29,095 - INFO - MainThread - Processing Excel Row 263
2026-07-07 14:03:29,095 - INFO - MainThread - Order: V14070708421
2026-07-07 14:03:29,095 - INFO - MainThread - Processing Excel Row 264
2026-07-07 14:03:29,096 - INFO - MainThread - Order: V14070708422
2026-07-07 14:03:29,096 - INFO - MainThread - Processing Excel Row 265
2026-07-07 14:03:29,097 - INFO - MainThread - Order: V14070708423
2026-07-07 14:03:29,097 - INFO - MainThread - Processing Excel Row 266
2026-07-07 14:03:29,098 - INFO - MainThread - Order: V14070708424
2026-07-07 14:03:29,098 - INFO - MainThread - Processing Excel Row 267
2026-07-07 14:03:29,099 - INFO - MainThread - Order: V14070708425
2026-07-07 14:03:29,099 - INFO - MainThread - Processing Excel Row 268
2026-07-07 14:03:29,102 - INFO - MainThread - Order: V14070708426
2026-07-07 14:03:29,102 - INFO - MainThread - Processing Excel Row 269
2026-07-07 14:03:29,104 - INFO - MainThread - Order: V14070708427
2026-07-07 14:03:29,104 - INFO - MainThread - Processing Excel Row 270
2026-07-07 14:03:29,105 - INFO - MainThread - Order: V14070708428
2026-07-07 14:03:29,105 - INFO - MainThread - Processing Excel Row 271
2026-07-07 14:03:29,107 - INFO - MainThread - Order: V14070708429
2026-07-07 14:03:29,107 - INFO - MainThread - Processing Excel Row 272
2026-07-07 14:03:29,108 - INFO - MainThread - Order: V14070708430
2026-07-07 14:03:29,108 - INFO - MainThread - Processing Excel Row 273
2026-07-07 14:03:29,108 - INFO - MainThread - Order: V14070708431
2026-07-07 14:03:29,109 - INFO - MainThread - Processing Excel Row 274
2026-07-07 14:03:29,109 - INFO - MainThread - Order: V14070708432
2026-07-07 14:03:29,110 - INFO - MainThread - Processing Excel Row 275
2026-07-07 14:03:29,110 - INFO - MainThread - Order: V14070708433
2026-07-07 14:03:29,111 - INFO - MainThread - Processing Excel Row 276
2026-07-07 14:03:29,112 - INFO - MainThread - Order: V14070708434
2026-07-07 14:03:29,112 - INFO - MainThread - Processing Excel Row 277
2026-07-07 14:03:29,113 - INFO - MainThread - Order: V14070708435
2026-07-07 14:03:29,114 - INFO - MainThread - Processing Excel Row 278
2026-07-07 14:03:29,116 - INFO - MainThread - Order: V14070708436
2026-07-07 14:03:29,116 - INFO - MainThread - Processing Excel Row 279
2026-07-07 14:03:29,118 - INFO - MainThread - Order: V14070708437
2026-07-07 14:03:29,119 - INFO - MainThread - Processing Excel Row 280
2026-07-07 14:03:29,121 - INFO - MainThread - Order: V14070708438
2026-07-07 14:03:29,121 - INFO - MainThread - Processing Excel Row 281
2026-07-07 14:03:29,122 - INFO - MainThread - Order: V14070708439
2026-07-07 14:03:29,123 - INFO - MainThread - Processing Excel Row 282
2026-07-07 14:03:29,124 - INFO - MainThread - Order: V14070708440
2026-07-07 14:03:29,125 - INFO - MainThread - Processing Excel Row 283
2026-07-07 14:03:29,126 - INFO - MainThread - Order: V14070708441
2026-07-07 14:03:29,126 - INFO - MainThread - Processing Excel Row 284
2026-07-07 14:03:29,128 - INFO - MainThread - Order: V14070708442
2026-07-07 14:03:29,128 - INFO - MainThread - Processing Excel Row 285
2026-07-07 14:03:29,130 - INFO - MainThread - Order: V14070708443
2026-07-07 14:03:29,130 - INFO - MainThread - Processing Excel Row 286
2026-07-07 14:03:29,132 - INFO - MainThread - Order: V14070708444
2026-07-07 14:03:29,132 - INFO - MainThread - Processing Excel Row 287
2026-07-07 14:03:29,134 - INFO - MainThread - Order: V14070708445
2026-07-07 14:03:29,134 - INFO - MainThread - Processing Excel Row 288
2026-07-07 14:03:29,136 - INFO - MainThread - Order: V14070708446
2026-07-07 14:03:29,136 - INFO - MainThread - Processing Excel Row 289
2026-07-07 14:03:29,138 - INFO - MainThread - Order: V14070708447
2026-07-07 14:03:29,138 - INFO - MainThread - Processing Excel Row 290
2026-07-07 14:03:29,140 - INFO - MainThread - Order: V14070708448
2026-07-07 14:03:29,140 - INFO - MainThread - Processing Excel Row 291
2026-07-07 14:03:29,142 - INFO - MainThread - Order: V14070708449
2026-07-07 14:03:29,142 - INFO - MainThread - Processing Excel Row 292
2026-07-07 14:03:29,144 - INFO - MainThread - Order: V14070708450
2026-07-07 14:03:29,144 - INFO - MainThread - Processing Excel Row 293
2026-07-07 14:03:29,146 - INFO - MainThread - Order: V14070708451
2026-07-07 14:03:29,146 - INFO - MainThread - Processing Excel Row 294
2026-07-07 14:03:29,147 - INFO - MainThread - Order: V14070708452
2026-07-07 14:03:29,148 - INFO - MainThread - Processing Excel Row 295
2026-07-07 14:03:29,149 - INFO - MainThread - Order: V14070708453
2026-07-07 14:03:29,149 - INFO - MainThread - Processing Excel Row 296
2026-07-07 14:03:29,151 - INFO - MainThread - Order: V14070708454
2026-07-07 14:03:29,151 - INFO - MainThread - Processing Excel Row 297
2026-07-07 14:03:29,153 - INFO - MainThread - Order: V14070708455
2026-07-07 14:03:29,154 - INFO - MainThread - Processing Excel Row 298
2026-07-07 14:03:29,156 - INFO - MainThread - Order: V14070708456
2026-07-07 14:03:29,156 - INFO - MainThread - Processing Excel Row 299
2026-07-07 14:03:29,158 - INFO - MainThread - Order: V14070708457
2026-07-07 14:03:29,158 - INFO - MainThread - Processing Excel Row 300
2026-07-07 14:03:29,160 - INFO - MainThread - Order: V14070708458
2026-07-07 14:03:29,160 - INFO - MainThread - Processing Excel Row 301
2026-07-07 14:03:29,162 - INFO - MainThread - Order: V14070708459
2026-07-07 14:03:29,163 - INFO - MainThread - Processing Excel Row 302
2026-07-07 14:03:29,164 - INFO - MainThread - Order: V14070708460
2026-07-07 14:03:29,165 - INFO - MainThread - Processing Excel Row 303
2026-07-07 14:03:29,167 - INFO - MainThread - Order: V14070708461
2026-07-07 14:03:29,167 - INFO - MainThread - Processing Excel Row 304
2026-07-07 14:03:29,169 - INFO - MainThread - Order: V14070708462
2026-07-07 14:03:29,169 - INFO - MainThread - Processing Excel Row 305
2026-07-07 14:03:29,171 - INFO - MainThread - Order: V14070708463
2026-07-07 14:03:29,171 - INFO - MainThread - Processing Excel Row 306
2026-07-07 14:03:29,173 - INFO - MainThread - Order: V14070708464
2026-07-07 14:03:29,173 - INFO - MainThread - Processing Excel Row 307
2026-07-07 14:03:29,175 - INFO - MainThread - Order: V14070708465
2026-07-07 14:03:29,175 - INFO - MainThread - Processing Excel Row 308
2026-07-07 14:03:29,177 - INFO - MainThread - Order: V14070708466
2026-07-07 14:03:29,177 - INFO - MainThread - Processing Excel Row 309
2026-07-07 14:03:29,179 - INFO - MainThread - Order: V14070708467
2026-07-07 14:03:29,179 - INFO - MainThread - Processing Excel Row 310
2026-07-07 14:03:29,181 - INFO - MainThread - Order: V14070708468
2026-07-07 14:03:29,182 - INFO - MainThread - Processing Excel Row 311
2026-07-07 14:03:29,183 - INFO - MainThread - Order: V14070708469
2026-07-07 14:03:29,183 - INFO - MainThread - Processing Excel Row 312
2026-07-07 14:03:29,185 - INFO - MainThread - Order: V14070708470
2026-07-07 14:03:29,185 - INFO - MainThread - Processing Excel Row 313
2026-07-07 14:03:29,187 - INFO - MainThread - Order: V14070708471
2026-07-07 14:03:29,187 - INFO - MainThread - Processing Excel Row 314
2026-07-07 14:03:29,189 - INFO - MainThread - Order: V14070708472
2026-07-07 14:03:29,189 - INFO - MainThread - Processing Excel Row 315
2026-07-07 14:03:29,190 - INFO - MainThread - Order: V14070708473
2026-07-07 14:03:29,191 - INFO - MainThread - Processing Excel Row 316
2026-07-07 14:03:29,192 - INFO - MainThread - Order: V14070708474
2026-07-07 14:03:29,192 - INFO - MainThread - Processing Excel Row 317
2026-07-07 14:03:29,194 - INFO - MainThread - Order: V14070708475
2026-07-07 14:03:29,194 - INFO - MainThread - Processing Excel Row 318
2026-07-07 14:03:29,196 - INFO - MainThread - Order: V14070708476
2026-07-07 14:03:29,196 - INFO - MainThread - Processing Excel Row 319
2026-07-07 14:03:29,198 - INFO - MainThread - Order: V14070708477
2026-07-07 14:03:29,198 - INFO - MainThread - Processing Excel Row 320
2026-07-07 14:03:29,200 - INFO - MainThread - Order: V14070708478
2026-07-07 14:03:29,200 - INFO - MainThread - Processing Excel Row 321
2026-07-07 14:03:29,202 - INFO - MainThread - Order: V14070708479
2026-07-07 14:03:29,202 - INFO - MainThread - Processing Excel Row 322
2026-07-07 14:03:29,203 - INFO - MainThread - Order: V14070708480
2026-07-07 14:03:29,203 - INFO - MainThread - Processing Excel Row 323
2026-07-07 14:03:29,205 - INFO - MainThread - Order: V14070708481
2026-07-07 14:03:29,205 - INFO - MainThread - Processing Excel Row 324
2026-07-07 14:03:29,207 - INFO - MainThread - Order: V14070708482
2026-07-07 14:03:29,207 - INFO - MainThread - Processing Excel Row 325
2026-07-07 14:03:29,208 - INFO - MainThread - Order: V14070708483
2026-07-07 14:03:29,209 - INFO - MainThread - Processing Excel Row 326
2026-07-07 14:03:29,210 - INFO - MainThread - Order: V14070708484
2026-07-07 14:03:29,210 - INFO - MainThread - Processing Excel Row 327
2026-07-07 14:03:29,212 - INFO - MainThread - Order: V14070708485
2026-07-07 14:03:29,212 - INFO - MainThread - Processing Excel Row 328
2026-07-07 14:03:29,214 - INFO - MainThread - Order: V14070708486
2026-07-07 14:03:29,215 - INFO - MainThread - Processing Excel Row 329
2026-07-07 14:03:29,216 - INFO - MainThread - Order: V14070708487
2026-07-07 14:03:29,217 - INFO - MainThread - Processing Excel Row 330
2026-07-07 14:03:29,218 - INFO - MainThread - Order: V14070708488
2026-07-07 14:03:29,219 - INFO - MainThread - Processing Excel Row 331
2026-07-07 14:03:29,220 - INFO - MainThread - Order: V14070708489
2026-07-07 14:03:29,221 - INFO - MainThread - Processing Excel Row 332
2026-07-07 14:03:29,223 - INFO - MainThread - Order: V14070708490
2026-07-07 14:03:29,223 - INFO - MainThread - Processing Excel Row 333
2026-07-07 14:03:29,225 - INFO - MainThread - Order: V14070708491
2026-07-07 14:03:29,225 - INFO - MainThread - Processing Excel Row 334
2026-07-07 14:03:29,227 - INFO - MainThread - Order: V14070708492
2026-07-07 14:03:29,227 - INFO - MainThread - Processing Excel Row 335
2026-07-07 14:03:29,229 - INFO - MainThread - Order: V14070708493
2026-07-07 14:03:29,230 - INFO - MainThread - Processing Excel Row 336
2026-07-07 14:03:29,232 - INFO - MainThread - Order: V14070708494
2026-07-07 14:03:29,232 - INFO - MainThread - Processing Excel Row 337
2026-07-07 14:03:29,234 - INFO - MainThread - Order: V14070708495
2026-07-07 14:03:29,234 - INFO - MainThread - Processing Excel Row 338
2026-07-07 14:03:29,236 - INFO - MainThread - Order: V14070708496
2026-07-07 14:03:29,236 - INFO - MainThread - Processing Excel Row 339
2026-07-07 14:03:29,238 - INFO - MainThread - Order: V14070708497
2026-07-07 14:03:29,238 - INFO - MainThread - Processing Excel Row 340
2026-07-07 14:03:29,240 - INFO - MainThread - Order: V14070708498
2026-07-07 14:03:29,240 - INFO - MainThread - Processing Excel Row 341
2026-07-07 14:03:29,242 - INFO - MainThread - Order: V14070708499
2026-07-07 14:03:29,242 - INFO - MainThread - Processing Excel Row 342
2026-07-07 14:03:29,244 - INFO - MainThread - Order: V14070708500
2026-07-07 14:03:29,244 - INFO - MainThread - Processing Excel Row 343
2026-07-07 14:03:29,246 - INFO - MainThread - Order: V14070708501
2026-07-07 14:03:29,246 - INFO - MainThread - Processing Excel Row 344
2026-07-07 14:03:29,248 - INFO - MainThread - Order: V14070708502
2026-07-07 14:03:29,248 - INFO - MainThread - Processing Excel Row 345
2026-07-07 14:03:29,250 - INFO - MainThread - Order: V14070708503
2026-07-07 14:03:29,250 - INFO - MainThread - Processing Excel Row 346
2026-07-07 14:03:29,252 - INFO - MainThread - Order: V14070708504
2026-07-07 14:03:29,252 - INFO - MainThread - Processing Excel Row 347
2026-07-07 14:03:29,254 - INFO - MainThread - Order: V14070708505
2026-07-07 14:03:29,254 - INFO - MainThread - Processing Excel Row 348
2026-07-07 14:03:29,256 - INFO - MainThread - Order: V14070708506
2026-07-07 14:03:29,257 - INFO - MainThread - Processing Excel Row 349
2026-07-07 14:03:29,259 - INFO - MainThread - Order: V14070708507
2026-07-07 14:03:29,259 - INFO - MainThread - Processing Excel Row 350
2026-07-07 14:03:29,261 - INFO - MainThread - Order: V14070708508
2026-07-07 14:03:29,261 - INFO - MainThread - Processing Excel Row 351
2026-07-07 14:03:29,263 - INFO - MainThread - Order: V14070708509
2026-07-07 14:03:29,263 - INFO - MainThread - Processing Excel Row 352
2026-07-07 14:03:29,265 - INFO - MainThread - Order: V14070708510
2026-07-07 14:03:29,265 - INFO - MainThread - Processing Excel Row 353
2026-07-07 14:03:29,267 - INFO - MainThread - Order: V14070708511
2026-07-07 14:03:29,267 - INFO - MainThread - Processing Excel Row 354
2026-07-07 14:03:29,273 - INFO - MainThread - Order: V14070708512
2026-07-07 14:03:29,273 - INFO - MainThread - Processing Excel Row 355
2026-07-07 14:03:29,275 - INFO - MainThread - Order: V14070708513
2026-07-07 14:03:29,275 - INFO - MainThread - Processing Excel Row 356
2026-07-07 14:03:29,276 - INFO - MainThread - Order: V14070708514
2026-07-07 14:03:29,277 - INFO - MainThread - Processing Excel Row 357
2026-07-07 14:03:29,278 - INFO - MainThread - Order: V14070708515
2026-07-07 14:03:29,278 - INFO - MainThread - Processing Excel Row 358
2026-07-07 14:03:29,280 - INFO - MainThread - Order: V14070708516
2026-07-07 14:03:29,281 - INFO - MainThread - Processing Excel Row 359
2026-07-07 14:03:29,282 - INFO - MainThread - Order: V14070708517
2026-07-07 14:03:29,282 - INFO - MainThread - Processing Excel Row 360
2026-07-07 14:03:29,284 - INFO - MainThread - Order: V14070708518
2026-07-07 14:03:29,284 - INFO - MainThread - Processing Excel Row 361
2026-07-07 14:03:29,286 - INFO - MainThread - Order: V14070708519
2026-07-07 14:03:29,286 - INFO - MainThread - Processing Excel Row 362
2026-07-07 14:03:29,288 - INFO - MainThread - Order: V14070708520
2026-07-07 14:03:29,288 - INFO - MainThread - Processing Excel Row 363
2026-07-07 14:03:29,289 - INFO - MainThread - Order: V14070708521
2026-07-07 14:03:29,290 - INFO - MainThread - Processing Excel Row 364
2026-07-07 14:03:29,291 - INFO - MainThread - Order: V14070708522
2026-07-07 14:03:29,292 - INFO - MainThread - Processing Excel Row 365
2026-07-07 14:03:29,293 - INFO - MainThread - Order: V14070708523
2026-07-07 14:03:29,950 - INFO - MainThread - Total payloads to send: 365
2026-07-07 14:03:29,950 - INFO - MainThread - Using 10 worker thread(s).
2026-07-07 14:03:30,718 - INFO - ThreadPoolExecutor-0_0 - [PROD] Sending payload 1/365 | Order Number: V13070708159
2026-07-07 14:03:30,720 - INFO - ThreadPoolExecutor-0_1 - [PROD] Sending payload 2/365 | Order Number: V13070708160
2026-07-07 14:03:30,720 - INFO - ThreadPoolExecutor-0_2 - [PROD] Sending payload 3/365 | Order Number: V13070708161
2026-07-07 14:03:30,721 - INFO - ThreadPoolExecutor-0_3 - [PROD] Sending payload 4/365 | Order Number: V13070708162
2026-07-07 14:03:30,723 - INFO - ThreadPoolExecutor-0_4 - [PROD] Sending payload 5/365 | Order Number: V13070708163
2026-07-07 14:03:30,723 - INFO - ThreadPoolExecutor-0_5 - [PROD] Sending payload 6/365 | Order Number: V13070708164
2026-07-07 14:03:30,725 - INFO - ThreadPoolExecutor-0_6 - [PROD] Sending payload 7/365 | Order Number: V13070708165
2026-07-07 14:03:30,726 - INFO - ThreadPoolExecutor-0_7 - [PROD] Sending payload 8/365 | Order Number: V13070708166
2026-07-07 14:03:30,726 - INFO - ThreadPoolExecutor-0_8 - [PROD] Sending payload 9/365 | Order Number: V13070708167
2026-07-07 14:03:30,728 - INFO - ThreadPoolExecutor-0_9 - [PROD] Sending payload 10/365 | Order Number: V13070708168
2026-07-07 14:03:33,270 - INFO - ThreadPoolExecutor-0_1 - [PROD] Payload 2/365 sent successfully. Status Code: 200
2026-07-07 14:03:33,271 - INFO - ThreadPoolExecutor-0_1 - [PROD] Sending payload 11/365 | Order Number: V13070708169
2026-07-07 14:03:33,287 - INFO - ThreadPoolExecutor-0_3 - [PROD] Payload 4/365 sent successfully. Status Code: 200
2026-07-07 14:03:33,288 - INFO - ThreadPoolExecutor-0_3 - [PROD] Sending payload 12/365 | Order Number: V13070708170
2026-07-07 14:03:33,309 - INFO - ThreadPoolExecutor-0_2 - [PROD] Payload 3/365 sent successfully. Status Code: 200
2026-07-07 14:03:33,310 - INFO - ThreadPoolExecutor-0_2 - [PROD] Sending payload 13/365 | Order Number: V13070708171
2026-07-07 14:03:33,332 - INFO - ThreadPoolExecutor-0_4 - [PROD] Payload 5/365 sent successfully. Status Code: 200
2026-07-07 14:03:33,333 - INFO - ThreadPoolExecutor-0_4 - [PROD] Sending payload 14/365 | Order Number: V13070708172
2026-07-07 14:03:33,357 - INFO - ThreadPoolExecutor-0_9 - [PROD] Payload 10/365 sent successfully. Status Code: 200
2026-07-07 14:03:33,358 - INFO - ThreadPoolExecutor-0_9 - [PROD] Sending payload 15/365 | Order Number: V13070708173
2026-07-07 14:03:33,370 - INFO - ThreadPoolExecutor-0_6 - [PROD] Payload 7/365 sent successfully. Status Code: 200
2026-07-07 14:03:33,370 - INFO - ThreadPoolExecutor-0_6 - [PROD] Sending payload 16/365 | Order Number: V13070708174
2026-07-07 14:03:33,372 - INFO - ThreadPoolExecutor-0_8 - [PROD] Payload 9/365 sent successfully. Status Code: 200
2026-07-07 14:03:33,372 - INFO - ThreadPoolExecutor-0_8 - [PROD] Sending payload 17/365 | Order Number: V13070708175
2026-07-07 14:03:33,380 - INFO - ThreadPoolExecutor-0_0 - [PROD] Payload 1/365 sent successfully. Status Code: 200
2026-07-07 14:03:33,380 - INFO - ThreadPoolExecutor-0_5 - [PROD] Payload 6/365 sent successfully. Status Code: 200
2026-07-07 14:03:33,381 - INFO - ThreadPoolExecutor-0_0 - [PROD] Sending payload 18/365 | Order Number: V13070708176
2026-07-07 14:03:33,381 - INFO - ThreadPoolExecutor-0_5 - [PROD] Sending payload 19/365 | Order Number: V13070708177
2026-07-07 14:03:33,463 - INFO - ThreadPoolExecutor-0_7 - [PROD] Payload 8/365 sent successfully. Status Code: 200
2026-07-07 14:03:33,463 - INFO - ThreadPoolExecutor-0_7 - [PROD] Sending payload 20/365 | Order Number: V13070708178
2026-07-07 14:03:34,662 - INFO - ThreadPoolExecutor-0_1 - [PROD] Payload 11/365 sent successfully. Status Code: 200
2026-07-07 14:03:34,663 - INFO - ThreadPoolExecutor-0_1 - [PROD] Sending payload 21/365 | Order Number: V13070708179
2026-07-07 14:03:34,676 - INFO - ThreadPoolExecutor-0_2 - [PROD] Payload 13/365 sent successfully. Status Code: 200
2026-07-07 14:03:34,677 - INFO - ThreadPoolExecutor-0_2 - [PROD] Sending payload 22/365 | Order Number: V13070708180
2026-07-07 14:03:34,756 - INFO - ThreadPoolExecutor-0_3 - [PROD] Payload 12/365 sent successfully. Status Code: 200
2026-07-07 14:03:34,758 - INFO - ThreadPoolExecutor-0_3 - [PROD] Sending payload 23/365 | Order Number: V13070708181
2026-07-07 14:03:34,879 - INFO - ThreadPoolExecutor-0_5 - [PROD] Payload 19/365 sent successfully. Status Code: 200
2026-07-07 14:03:34,882 - INFO - ThreadPoolExecutor-0_8 - [PROD] Payload 17/365 sent successfully. Status Code: 200
2026-07-07 14:03:34,882 - INFO - ThreadPoolExecutor-0_5 - [PROD] Sending payload 24/365 | Order Number: V13070708182
2026-07-07 14:03:34,884 - INFO - ThreadPoolExecutor-0_8 - [PROD] Sending payload 25/365 | Order Number: V13070708183
2026-07-07 14:03:34,889 - INFO - ThreadPoolExecutor-0_6 - [PROD] Payload 16/365 sent successfully. Status Code: 200
2026-07-07 14:03:34,890 - INFO - ThreadPoolExecutor-0_6 - [PROD] Sending payload 26/365 | Order Number: V13070708184
2026-07-07 14:03:34,891 - INFO - ThreadPoolExecutor-0_4 - [PROD] Payload 14/365 sent successfully. Status Code: 200
2026-07-07 14:03:34,892 - INFO - ThreadPoolExecutor-0_4 - [PROD] Sending payload 27/365 | Order Number: V13070708185
2026-07-07 14:03:34,960 - INFO - ThreadPoolExecutor-0_0 - [PROD] Payload 18/365 sent successfully. Status Code: 200
2026-07-07 14:03:34,960 - INFO - ThreadPoolExecutor-0_0 - [PROD] Sending payload 28/365 | Order Number: V13070708186
2026-07-07 14:03:34,966 - INFO - ThreadPoolExecutor-0_9 - [PROD] Payload 15/365 sent successfully. Status Code: 200
2026-07-07 14:03:34,967 - INFO - ThreadPoolExecutor-0_9 - [PROD] Sending payload 29/365 | Order Number: V13070708187
2026-07-07 14:03:34,979 - INFO - ThreadPoolExecutor-0_7 - [PROD] Payload 20/365 sent successfully. Status Code: 200
2026-07-07 14:03:34,979 - INFO - ThreadPoolExecutor-0_7 - [PROD] Sending payload 30/365 | Order Number: V13070708188
2026-07-07 14:03:36,064 - INFO - ThreadPoolExecutor-0_2 - [PROD] Payload 22/365 sent successfully. Status Code: 200
2026-07-07 14:03:36,066 - INFO - ThreadPoolExecutor-0_2 - [PROD] Sending payload 31/365 | Order Number: V13070708189
2026-07-07 14:03:36,070 - INFO - ThreadPoolExecutor-0_1 - [PROD] Payload 21/365 sent successfully. Status Code: 200
2026-07-07 14:03:36,071 - INFO - ThreadPoolExecutor-0_1 - [PROD] Sending payload 32/365 | Order Number: V13070708190
2026-07-07 14:03:36,103 - INFO - ThreadPoolExecutor-0_3 - [PROD] Payload 23/365 sent successfully. Status Code: 200
2026-07-07 14:03:36,104 - INFO - ThreadPoolExecutor-0_3 - [PROD] Sending payload 33/365 | Order Number: V13070708191
2026-07-07 14:03:36,253 - INFO - ThreadPoolExecutor-0_6 - [PROD] Payload 26/365 sent successfully. Status Code: 200
2026-07-07 14:03:36,257 - INFO - ThreadPoolExecutor-0_6 - [PROD] Sending payload 34/365 | Order Number: V13070708192
2026-07-07 14:03:36,269 - INFO - ThreadPoolExecutor-0_8 - [PROD] Payload 25/365 sent successfully. Status Code: 200
2026-07-07 14:03:36,270 - INFO - ThreadPoolExecutor-0_8 - [PROD] Sending payload 35/365 | Order Number: V13070708193
2026-07-07 14:03:36,314 - INFO - ThreadPoolExecutor-0_4 - [PROD] Payload 27/365 sent successfully. Status Code: 200
2026-07-07 14:03:36,315 - INFO - ThreadPoolExecutor-0_4 - [PROD] Sending payload 36/365 | Order Number: V13070708194
2026-07-07 14:03:36,452 - INFO - ThreadPoolExecutor-0_5 - [PROD] Payload 24/365 sent successfully. Status Code: 200
2026-07-07 14:03:36,454 - INFO - ThreadPoolExecutor-0_5 - [PROD] Sending payload 37/365 | Order Number: V13070708195
2026-07-07 14:03:36,468 - INFO - ThreadPoolExecutor-0_9 - [PROD] Payload 29/365 sent successfully. Status Code: 200
2026-07-07 14:03:36,468 - INFO - ThreadPoolExecutor-0_9 - [PROD] Sending payload 38/365 | Order Number: V13070708196
2026-07-07 14:03:36,567 - INFO - ThreadPoolExecutor-0_7 - [PROD] Payload 30/365 sent successfully. Status Code: 200
2026-07-07 14:03:36,569 - INFO - ThreadPoolExecutor-0_7 - [PROD] Sending payload 39/365 | Order Number: V13070708197
2026-07-07 14:03:36,574 - INFO - ThreadPoolExecutor-0_0 - [PROD] Payload 28/365 sent successfully. Status Code: 200
2026-07-07 14:03:36,574 - INFO - ThreadPoolExecutor-0_0 - [PROD] Sending payload 40/365 | Order Number: V13070708198
2026-07-07 14:03:37,489 - INFO - ThreadPoolExecutor-0_1 - [PROD] Payload 32/365 sent successfully. Status Code: 200
2026-07-07 14:03:37,492 - INFO - ThreadPoolExecutor-0_1 - [PROD] Sending payload 41/365 | Order Number: V13070708199
2026-07-07 14:03:37,603 - INFO - ThreadPoolExecutor-0_2 - [PROD] Payload 31/365 sent successfully. Status Code: 200
2026-07-07 14:03:37,605 - INFO - ThreadPoolExecutor-0_2 - [PROD] Sending payload 42/365 | Order Number: V13070708200
2026-07-07 14:03:37,611 - INFO - ThreadPoolExecutor-0_8 - [PROD] Payload 35/365 sent successfully. Status Code: 200
2026-07-07 14:03:37,612 - INFO - ThreadPoolExecutor-0_8 - [PROD] Sending payload 43/365 | Order Number: V13070708201
2026-07-07 14:03:37,658 - INFO - ThreadPoolExecutor-0_3 - [PROD] Payload 33/365 sent successfully. Status Code: 200
2026-07-07 14:03:37,658 - INFO - ThreadPoolExecutor-0_3 - [PROD] Sending payload 44/365 | Order Number: V13070708202
2026-07-07 14:03:37,803 - INFO - ThreadPoolExecutor-0_5 - [PROD] Payload 37/365 sent successfully. Status Code: 200
2026-07-07 14:03:37,806 - INFO - ThreadPoolExecutor-0_5 - [PROD] Sending payload 45/365 | Order Number: V13070708203
2026-07-07 14:03:37,808 - INFO - ThreadPoolExecutor-0_6 - [PROD] Payload 34/365 sent successfully. Status Code: 200
2026-07-07 14:03:37,810 - INFO - ThreadPoolExecutor-0_6 - [PROD] Sending payload 46/365 | Order Number: V13070708204
2026-07-07 14:03:37,845 - INFO - ThreadPoolExecutor-0_4 - [PROD] Payload 36/365 sent successfully. Status Code: 200
2026-07-07 14:03:37,846 - INFO - ThreadPoolExecutor-0_4 - [PROD] Sending payload 47/365 | Order Number: V13070708205
2026-07-07 14:03:37,994 - INFO - ThreadPoolExecutor-0_0 - [PROD] Payload 40/365 sent successfully. Status Code: 200
2026-07-07 14:03:37,996 - INFO - ThreadPoolExecutor-0_0 - [PROD] Sending payload 48/365 | Order Number: V13070708206
2026-07-07 14:03:38,004 - INFO - ThreadPoolExecutor-0_9 - [PROD] Payload 38/365 sent successfully. Status Code: 200
2026-07-07 14:03:38,004 - INFO - ThreadPoolExecutor-0_9 - [PROD] Sending payload 49/365 | Order Number: V13070708207
2026-07-07 14:03:38,016 - INFO - ThreadPoolExecutor-0_7 - [PROD] Payload 39/365 sent successfully. Status Code: 200
2026-07-07 14:03:38,016 - INFO - ThreadPoolExecutor-0_7 - [PROD] Sending payload 50/365 | Order Number: V13070708208
2026-07-07 14:03:38,839 - INFO - ThreadPoolExecutor-0_1 - [PROD] Payload 41/365 sent successfully. Status Code: 200
2026-07-07 14:03:38,841 - INFO - ThreadPoolExecutor-0_1 - [PROD] Sending payload 51/365 | Order Number: V13070708209
2026-07-07 14:03:39,007 - INFO - ThreadPoolExecutor-0_3 - [PROD] Payload 44/365 sent successfully. Status Code: 200
2026-07-07 14:03:39,008 - INFO - ThreadPoolExecutor-0_3 - [PROD] Sending payload 52/365 | Order Number: V13070708210
2026-07-07 14:03:39,032 - INFO - ThreadPoolExecutor-0_2 - [PROD] Payload 42/365 sent successfully. Status Code: 200
2026-07-07 14:03:39,032 - INFO - ThreadPoolExecutor-0_2 - [PROD] Sending payload 53/365 | Order Number: V13070708211
2026-07-07 14:03:39,183 - INFO - ThreadPoolExecutor-0_8 - [PROD] Payload 43/365 sent successfully. Status Code: 200
2026-07-07 14:03:39,183 - INFO - ThreadPoolExecutor-0_8 - [PROD] Sending payload 54/365 | Order Number: V13070708212
2026-07-07 14:03:39,188 - INFO - ThreadPoolExecutor-0_5 - [PROD] Payload 45/365 sent successfully. Status Code: 200
2026-07-07 14:03:39,188 - INFO - ThreadPoolExecutor-0_5 - [PROD] Sending payload 55/365 | Order Number: V13070708213
2026-07-07 14:03:39,233 - INFO - ThreadPoolExecutor-0_4 - [PROD] Payload 47/365 sent successfully. Status Code: 200
2026-07-07 14:03:39,233 - INFO - ThreadPoolExecutor-0_4 - [PROD] Sending payload 56/365 | Order Number: V13070708214
2026-07-07 14:03:39,386 - INFO - ThreadPoolExecutor-0_6 - [PROD] Payload 46/365 sent successfully. Status Code: 200
2026-07-07 14:03:39,387 - INFO - ThreadPoolExecutor-0_6 - [PROD] Sending payload 57/365 | Order Number: V13070708215
2026-07-07 14:03:39,390 - INFO - ThreadPoolExecutor-0_0 - [PROD] Payload 48/365 sent successfully. Status Code: 200
2026-07-07 14:03:39,391 - INFO - ThreadPoolExecutor-0_7 - [PROD] Payload 50/365 sent successfully. Status Code: 200
2026-07-07 14:03:39,392 - INFO - ThreadPoolExecutor-0_0 - [PROD] Sending payload 58/365 | Order Number: V13070708216
2026-07-07 14:03:39,393 - INFO - ThreadPoolExecutor-0_7 - [PROD] Sending payload 59/365 | Order Number: V13070708217
2026-07-07 14:03:39,574 - INFO - ThreadPoolExecutor-0_9 - [PROD] Payload 49/365 sent successfully. Status Code: 200
2026-07-07 14:03:39,575 - INFO - ThreadPoolExecutor-0_9 - [PROD] Sending payload 60/365 | Order Number: V13070708218
2026-07-07 14:03:40,230 - INFO - ThreadPoolExecutor-0_1 - [PROD] Payload 51/365 sent successfully. Status Code: 200
2026-07-07 14:03:40,231 - INFO - ThreadPoolExecutor-0_1 - [PROD] Sending payload 61/365 | Order Number: V13070708219
2026-07-07 14:03:40,427 - INFO - ThreadPoolExecutor-0_2 - [PROD] Payload 53/365 sent successfully. Status Code: 200
2026-07-07 14:03:40,429 - INFO - ThreadPoolExecutor-0_2 - [PROD] Sending payload 62/365 | Order Number: V13070708220
2026-07-07 14:03:40,474 - INFO - ThreadPoolExecutor-0_3 - [PROD] Payload 52/365 sent successfully. Status Code: 200
2026-07-07 14:03:40,476 - INFO - ThreadPoolExecutor-0_3 - [PROD] Sending payload 63/365 | Order Number: V13070708221
2026-07-07 14:03:40,563 - INFO - ThreadPoolExecutor-0_5 - [PROD] Payload 55/365 sent successfully. Status Code: 200
2026-07-07 14:03:40,563 - INFO - ThreadPoolExecutor-0_5 - [PROD] Sending payload 64/365 | Order Number: V13070708222
2026-07-07 14:03:40,607 - INFO - ThreadPoolExecutor-0_8 - [PROD] Payload 54/365 sent successfully. Status Code: 200
2026-07-07 14:03:40,608 - INFO - ThreadPoolExecutor-0_8 - [PROD] Sending payload 65/365 | Order Number: V13070708223
2026-07-07 14:03:40,652 - INFO - ThreadPoolExecutor-0_4 - [PROD] Payload 56/365 sent successfully. Status Code: 200
2026-07-07 14:03:40,654 - INFO - ThreadPoolExecutor-0_4 - [PROD] Sending payload 66/365 | Order Number: V13070708224
2026-07-07 14:03:40,734 - INFO - ThreadPoolExecutor-0_0 - [PROD] Payload 58/365 sent successfully. Status Code: 200
2026-07-07 14:03:40,736 - INFO - ThreadPoolExecutor-0_0 - [PROD] Sending payload 67/365 | Order Number: V13070708225
2026-07-07 14:03:40,851 - INFO - ThreadPoolExecutor-0_7 - [PROD] Payload 59/365 sent successfully. Status Code: 200
2026-07-07 14:03:40,853 - INFO - ThreadPoolExecutor-0_7 - [PROD] Sending payload 68/365 | Order Number: V13070708226
2026-07-07 14:03:40,860 - INFO - ThreadPoolExecutor-0_6 - [PROD] Payload 57/365 sent successfully. Status Code: 200
2026-07-07 14:03:40,860 - INFO - ThreadPoolExecutor-0_6 - [PROD] Sending payload 69/365 | Order Number: V13070708227
2026-07-07 14:03:40,951 - INFO - ThreadPoolExecutor-0_9 - [PROD] Payload 60/365 sent successfully. Status Code: 200
2026-07-07 14:03:40,951 - INFO - ThreadPoolExecutor-0_9 - [PROD] Sending payload 70/365 | Order Number: V13070708228
2026-07-07 14:03:41,585 - INFO - ThreadPoolExecutor-0_1 - [PROD] Payload 61/365 sent successfully. Status Code: 200
2026-07-07 14:03:41,588 - INFO - ThreadPoolExecutor-0_1 - [PROD] Sending payload 71/365 | Order Number: V13070708229
2026-07-07 14:03:41,775 - INFO - ThreadPoolExecutor-0_2 - [PROD] Payload 62/365 sent successfully. Status Code: 200
2026-07-07 14:03:41,777 - INFO - ThreadPoolExecutor-0_2 - [PROD] Sending payload 72/365 | Order Number: V13070708230
2026-07-07 14:03:41,973 - INFO - ThreadPoolExecutor-0_3 - [PROD] Payload 63/365 sent successfully. Status Code: 200
2026-07-07 14:03:41,975 - INFO - ThreadPoolExecutor-0_8 - [PROD] Payload 65/365 sent successfully. Status Code: 200
2026-07-07 14:03:41,975 - INFO - ThreadPoolExecutor-0_3 - [PROD] Sending payload 73/365 | Order Number: V13070708231
2026-07-07 14:03:41,982 - INFO - ThreadPoolExecutor-0_8 - [PROD] Sending payload 74/365 | Order Number: V13070708232
2026-07-07 14:03:42,006 - INFO - ThreadPoolExecutor-0_4 - [PROD] Payload 66/365 sent successfully. Status Code: 200
2026-07-07 14:03:42,007 - INFO - ThreadPoolExecutor-0_4 - [PROD] Sending payload 75/365 | Order Number: V13070708233
2026-07-07 14:03:42,075 - INFO - ThreadPoolExecutor-0_5 - [PROD] Payload 64/365 sent successfully. Status Code: 200
2026-07-07 14:03:42,076 - INFO - ThreadPoolExecutor-0_5 - [PROD] Sending payload 76/365 | Order Number: V13070708234
2026-07-07 14:03:42,154 - INFO - ThreadPoolExecutor-0_0 - [PROD] Payload 67/365 sent successfully. Status Code: 200
2026-07-07 14:03:42,155 - INFO - ThreadPoolExecutor-0_0 - [PROD] Sending payload 77/365 | Order Number: V13070708235
2026-07-07 14:03:42,243 - INFO - ThreadPoolExecutor-0_7 - [PROD] Payload 68/365 sent successfully. Status Code: 200
2026-07-07 14:03:42,244 - INFO - ThreadPoolExecutor-0_7 - [PROD] Sending payload 78/365 | Order Number: V13070708236
2026-07-07 14:03:42,307 - INFO - ThreadPoolExecutor-0_6 - [PROD] Payload 69/365 sent successfully. Status Code: 200
2026-07-07 14:03:42,309 - INFO - ThreadPoolExecutor-0_6 - [PROD] Sending payload 79/365 | Order Number: V13070708237
2026-07-07 14:03:42,425 - INFO - ThreadPoolExecutor-0_9 - [PROD] Payload 70/365 sent successfully. Status Code: 200
2026-07-07 14:03:42,426 - INFO - ThreadPoolExecutor-0_9 - [PROD] Sending payload 80/365 | Order Number: V13070708238
2026-07-07 14:03:42,980 - INFO - ThreadPoolExecutor-0_1 - [PROD] Payload 71/365 sent successfully. Status Code: 200
2026-07-07 14:03:42,980 - INFO - ThreadPoolExecutor-0_1 - [PROD] Sending payload 81/365 | Order Number: V13070708239
2026-07-07 14:03:43,178 - INFO - ThreadPoolExecutor-0_2 - [PROD] Payload 72/365 sent successfully. Status Code: 200
2026-07-07 14:03:43,180 - INFO - ThreadPoolExecutor-0_2 - [PROD] Sending payload 82/365 | Order Number: V13070708240
2026-07-07 14:03:43,342 - INFO - ThreadPoolExecutor-0_3 - [PROD] Payload 73/365 sent successfully. Status Code: 200
2026-07-07 14:03:43,342 - INFO - ThreadPoolExecutor-0_3 - [PROD] Sending payload 83/365 | Order Number: V13070708241
2026-07-07 14:03:43,378 - INFO - ThreadPoolExecutor-0_4 - [PROD] Payload 75/365 sent successfully. Status Code: 200
2026-07-07 14:03:43,379 - INFO - ThreadPoolExecutor-0_4 - [PROD] Sending payload 84/365 | Order Number: V13070708242
2026-07-07 14:03:43,396 - INFO - ThreadPoolExecutor-0_8 - [PROD] Payload 74/365 sent successfully. Status Code: 200
2026-07-07 14:03:43,397 - INFO - ThreadPoolExecutor-0_8 - [PROD] Sending payload 85/365 | Order Number: V13070708243
2026-07-07 14:03:43,526 - INFO - ThreadPoolExecutor-0_5 - [PROD] Payload 76/365 sent successfully. Status Code: 200
2026-07-07 14:03:43,527 - INFO - ThreadPoolExecutor-0_5 - [PROD] Sending payload 86/365 | Order Number: V13070708244
2026-07-07 14:03:43,580 - INFO - ThreadPoolExecutor-0_0 - [PROD] Payload 77/365 sent successfully. Status Code: 200
2026-07-07 14:03:43,582 - INFO - ThreadPoolExecutor-0_0 - [PROD] Sending payload 87/365 | Order Number: V13070708245
2026-07-07 14:03:43,671 - INFO - ThreadPoolExecutor-0_7 - [PROD] Payload 78/365 sent successfully. Status Code: 200
2026-07-07 14:03:43,672 - INFO - ThreadPoolExecutor-0_7 - [PROD] Sending payload 88/365 | Order Number: V13070708246
2026-07-07 14:03:43,733 - INFO - ThreadPoolExecutor-0_6 - [PROD] Payload 79/365 sent successfully. Status Code: 200
2026-07-07 14:03:43,735 - INFO - ThreadPoolExecutor-0_6 - [PROD] Sending payload 89/365 | Order Number: V13070708247
2026-07-07 14:03:43,767 - INFO - ThreadPoolExecutor-0_9 - [PROD] Payload 80/365 sent successfully. Status Code: 200
2026-07-07 14:03:43,767 - INFO - ThreadPoolExecutor-0_9 - [PROD] Sending payload 90/365 | Order Number: V13070708248
2026-07-07 14:03:44,451 - INFO - ThreadPoolExecutor-0_1 - [PROD] Payload 81/365 sent successfully. Status Code: 200
2026-07-07 14:03:44,452 - INFO - ThreadPoolExecutor-0_1 - [PROD] Sending payload 91/365 | Order Number: V13070708249
2026-07-07 14:03:44,698 - INFO - ThreadPoolExecutor-0_3 - [PROD] Payload 83/365 sent successfully. Status Code: 200
2026-07-07 14:03:44,699 - INFO - ThreadPoolExecutor-0_3 - [PROD] Sending payload 92/365 | Order Number: V13070708250
2026-07-07 14:03:44,705 - INFO - ThreadPoolExecutor-0_2 - [PROD] Payload 82/365 sent successfully. Status Code: 200
2026-07-07 14:03:44,706 - INFO - ThreadPoolExecutor-0_2 - [PROD] Sending payload 93/365 | Order Number: V13070708251
2026-07-07 14:03:44,744 - INFO - ThreadPoolExecutor-0_8 - [PROD] Payload 85/365 sent successfully. Status Code: 200
2026-07-07 14:03:44,744 - INFO - ThreadPoolExecutor-0_8 - [PROD] Sending payload 94/365 | Order Number: V13070708252
2026-07-07 14:03:44,867 - INFO - ThreadPoolExecutor-0_4 - [PROD] Payload 84/365 sent successfully. Status Code: 200
2026-07-07 14:03:44,868 - INFO - ThreadPoolExecutor-0_4 - [PROD] Sending payload 95/365 | Order Number: V13070708253
2026-07-07 14:03:44,937 - INFO - ThreadPoolExecutor-0_5 - [PROD] Payload 86/365 sent successfully. Status Code: 200
2026-07-07 14:03:44,937 - INFO - ThreadPoolExecutor-0_5 - [PROD] Sending payload 96/365 | Order Number: V13070708254
2026-07-07 14:03:44,960 - INFO - ThreadPoolExecutor-0_0 - [PROD] Payload 87/365 sent successfully. Status Code: 200
2026-07-07 14:03:44,961 - INFO - ThreadPoolExecutor-0_0 - [PROD] Sending payload 97/365 | Order Number: V13070708255
2026-07-07 14:03:45,109 - INFO - ThreadPoolExecutor-0_6 - [PROD] Payload 89/365 sent successfully. Status Code: 200
2026-07-07 14:03:45,109 - INFO - ThreadPoolExecutor-0_6 - [PROD] Sending payload 98/365 | Order Number: V13070708256
2026-07-07 14:03:45,187 - INFO - ThreadPoolExecutor-0_7 - [PROD] Payload 88/365 sent successfully. Status Code: 200
2026-07-07 14:03:45,189 - INFO - ThreadPoolExecutor-0_7 - [PROD] Sending payload 99/365 | Order Number: V13070708257
2026-07-07 14:03:45,267 - INFO - ThreadPoolExecutor-0_9 - [PROD] Payload 90/365 sent successfully. Status Code: 200
2026-07-07 14:03:45,269 - INFO - ThreadPoolExecutor-0_9 - [PROD] Sending payload 100/365 | Order Number: V13070708258
2026-07-07 14:03:45,793 - INFO - ThreadPoolExecutor-0_1 - [PROD] Payload 91/365 sent successfully. Status Code: 200
2026-07-07 14:03:45,795 - INFO - ThreadPoolExecutor-0_1 - [PROD] Sending payload 101/365 | Order Number: V13070708259
2026-07-07 14:03:46,052 - INFO - ThreadPoolExecutor-0_2 - [PROD] Payload 93/365 sent successfully. Status Code: 200
2026-07-07 14:03:46,054 - INFO - ThreadPoolExecutor-0_2 - [PROD] Sending payload 102/365 | Order Number: V13070708260
2026-07-07 14:03:46,108 - INFO - ThreadPoolExecutor-0_3 - [PROD] Payload 92/365 sent successfully. Status Code: 200
2026-07-07 14:03:46,110 - INFO - ThreadPoolExecutor-0_3 - [PROD] Sending payload 103/365 | Order Number: V13070708261
2026-07-07 14:03:46,219 - INFO - ThreadPoolExecutor-0_4 - [PROD] Payload 95/365 sent successfully. Status Code: 200
2026-07-07 14:03:46,222 - INFO - ThreadPoolExecutor-0_4 - [PROD] Sending payload 104/365 | Order Number: V13070708262
2026-07-07 14:03:46,280 - INFO - ThreadPoolExecutor-0_8 - [PROD] Payload 94/365 sent successfully. Status Code: 200
2026-07-07 14:03:46,280 - INFO - ThreadPoolExecutor-0_8 - [PROD] Sending payload 105/365 | Order Number: V13070708263
2026-07-07 14:03:46,288 - INFO - ThreadPoolExecutor-0_0 - [PROD] Payload 97/365 sent successfully. Status Code: 200
2026-07-07 14:03:46,288 - INFO - ThreadPoolExecutor-0_0 - [PROD] Sending payload 106/365 | Order Number: V13070708264
2026-07-07 14:03:46,402 - INFO - ThreadPoolExecutor-0_5 - [PROD] Payload 96/365 sent successfully. Status Code: 200
2026-07-07 14:03:46,404 - INFO - ThreadPoolExecutor-0_5 - [PROD] Sending payload 107/365 | Order Number: V13070708265
2026-07-07 14:03:46,483 - INFO - ThreadPoolExecutor-0_6 - [PROD] Payload 98/365 sent successfully. Status Code: 200
2026-07-07 14:03:46,485 - INFO - ThreadPoolExecutor-0_6 - [PROD] Sending payload 108/365 | Order Number: V13070708266
2026-07-07 14:03:46,598 - INFO - ThreadPoolExecutor-0_9 - [PROD] Payload 100/365 sent successfully. Status Code: 200
2026-07-07 14:03:46,600 - INFO - ThreadPoolExecutor-0_9 - [PROD] Sending payload 109/365 | Order Number: V13070708267
2026-07-07 14:03:46,633 - INFO - ThreadPoolExecutor-0_7 - [PROD] Payload 99/365 sent successfully. Status Code: 200
2026-07-07 14:03:46,634 - INFO - ThreadPoolExecutor-0_7 - [PROD] Sending payload 110/365 | Order Number: V13070708268
2026-07-07 14:03:47,192 - INFO - ThreadPoolExecutor-0_1 - [PROD] Payload 101/365 sent successfully. Status Code: 200
2026-07-07 14:03:47,193 - INFO - ThreadPoolExecutor-0_1 - [PROD] Sending payload 111/365 | Order Number: V13070708269
2026-07-07 14:03:47,461 - INFO - ThreadPoolExecutor-0_3 - [PROD] Payload 103/365 sent successfully. Status Code: 200
2026-07-07 14:03:47,462 - INFO - ThreadPoolExecutor-0_3 - [PROD] Sending payload 112/365 | Order Number: V13070708270
2026-07-07 14:03:47,557 - INFO - ThreadPoolExecutor-0_2 - [PROD] Payload 102/365 sent successfully. Status Code: 200
2026-07-07 14:03:47,558 - INFO - ThreadPoolExecutor-0_2 - [PROD] Sending payload 113/365 | Order Number: V13070708271
2026-07-07 14:03:47,647 - INFO - ThreadPoolExecutor-0_8 - [PROD] Payload 105/365 sent successfully. Status Code: 200
2026-07-07 14:03:47,648 - INFO - ThreadPoolExecutor-0_8 - [PROD] Sending payload 114/365 | Order Number: V13070708272
2026-07-07 14:03:47,688 - INFO - ThreadPoolExecutor-0_0 - [PROD] Payload 106/365 sent successfully. Status Code: 200
2026-07-07 14:03:47,689 - INFO - ThreadPoolExecutor-0_0 - [PROD] Sending payload 115/365 | Order Number: V13070708273
2026-07-07 14:03:47,759 - INFO - ThreadPoolExecutor-0_4 - [PROD] Payload 104/365 sent successfully. Status Code: 200
2026-07-07 14:03:47,760 - INFO - ThreadPoolExecutor-0_4 - [PROD] Sending payload 116/365 | Order Number: V13070708274
2026-07-07 14:03:47,877 - INFO - ThreadPoolExecutor-0_5 - [PROD] Payload 107/365 sent successfully. Status Code: 200
2026-07-07 14:03:47,878 - INFO - ThreadPoolExecutor-0_5 - [PROD] Sending payload 117/365 | Order Number: V13070708275
2026-07-07 14:03:47,954 - INFO - ThreadPoolExecutor-0_9 - [PROD] Payload 109/365 sent successfully. Status Code: 200
2026-07-07 14:03:47,956 - INFO - ThreadPoolExecutor-0_9 - [PROD] Sending payload 118/365 | Order Number: V13070708276
2026-07-07 14:03:47,960 - INFO - ThreadPoolExecutor-0_6 - [PROD] Payload 108/365 sent successfully. Status Code: 200
2026-07-07 14:03:47,961 - INFO - ThreadPoolExecutor-0_6 - [PROD] Sending payload 119/365 | Order Number: V13070708277
2026-07-07 14:03:48,089 - INFO - ThreadPoolExecutor-0_7 - [PROD] Payload 110/365 sent successfully. Status Code: 200
2026-07-07 14:03:48,091 - INFO - ThreadPoolExecutor-0_7 - [PROD] Sending payload 120/365 | Order Number: V13070708278
2026-07-07 14:03:48,586 - INFO - ThreadPoolExecutor-0_1 - [PROD] Payload 111/365 sent successfully. Status Code: 200
2026-07-07 14:03:48,588 - INFO - ThreadPoolExecutor-0_1 - [PROD] Sending payload 121/365 | Order Number: V13070708279
2026-07-07 14:03:48,896 - INFO - ThreadPoolExecutor-0_3 - [PROD] Payload 112/365 sent successfully. Status Code: 200
2026-07-07 14:03:48,898 - INFO - ThreadPoolExecutor-0_3 - [PROD] Sending payload 122/365 | Order Number: V13070708280
2026-07-07 14:03:48,959 - INFO - ThreadPoolExecutor-0_2 - [PROD] Payload 113/365 sent successfully. Status Code: 200
2026-07-07 14:03:48,961 - INFO - ThreadPoolExecutor-0_2 - [PROD] Sending payload 123/365 | Order Number: V13070708281
2026-07-07 14:03:49,028 - INFO - ThreadPoolExecutor-0_8 - [PROD] Payload 114/365 sent successfully. Status Code: 200
2026-07-07 14:03:49,029 - INFO - ThreadPoolExecutor-0_8 - [PROD] Sending payload 124/365 | Order Number: V13070708282
2026-07-07 14:03:49,088 - INFO - ThreadPoolExecutor-0_4 - [PROD] Payload 116/365 sent successfully. Status Code: 200
2026-07-07 14:03:49,091 - INFO - ThreadPoolExecutor-0_4 - [PROD] Sending payload 125/365 | Order Number: V13070708283
2026-07-07 14:03:49,199 - INFO - ThreadPoolExecutor-0_0 - [PROD] Payload 115/365 sent successfully. Status Code: 200
2026-07-07 14:03:49,201 - INFO - ThreadPoolExecutor-0_0 - [PROD] Sending payload 126/365 | Order Number: V13070708284
2026-07-07 14:03:49,215 - INFO - ThreadPoolExecutor-0_5 - [PROD] Payload 117/365 sent successfully. Status Code: 200
2026-07-07 14:03:49,216 - INFO - ThreadPoolExecutor-0_5 - [PROD] Sending payload 127/365 | Order Number: V13070708285
2026-07-07 14:03:49,319 - INFO - ThreadPoolExecutor-0_6 - [PROD] Payload 119/365 sent successfully. Status Code: 200
2026-07-07 14:03:49,321 - INFO - ThreadPoolExecutor-0_6 - [PROD] Sending payload 128/365 | Order Number: V13070708286
2026-07-07 14:03:49,387 - INFO - ThreadPoolExecutor-0_9 - [PROD] Payload 118/365 sent successfully. Status Code: 200
2026-07-07 14:03:49,390 - INFO - ThreadPoolExecutor-0_9 - [PROD] Sending payload 129/365 | Order Number: V13070708287
2026-07-07 14:03:49,585 - INFO - ThreadPoolExecutor-0_7 - [PROD] Payload 120/365 sent successfully. Status Code: 200
2026-07-07 14:03:49,585 - INFO - ThreadPoolExecutor-0_7 - [PROD] Sending payload 130/365 | Order Number: V13070708288
2026-07-07 14:03:49,988 - INFO - ThreadPoolExecutor-0_1 - [PROD] Payload 121/365 sent successfully. Status Code: 200
2026-07-07 14:03:49,990 - INFO - ThreadPoolExecutor-0_1 - [PROD] Sending payload 131/365 | Order Number: V13070708289
2026-07-07 14:03:50,245 - INFO - ThreadPoolExecutor-0_3 - [PROD] Payload 122/365 sent successfully. Status Code: 200
2026-07-07 14:03:50,246 - INFO - ThreadPoolExecutor-0_3 - [PROD] Sending payload 132/365 | Order Number: V13070708290
2026-07-07 14:03:50,288 - INFO - ThreadPoolExecutor-0_2 - [PROD] Payload 123/365 sent successfully. Status Code: 200
2026-07-07 14:03:50,289 - INFO - ThreadPoolExecutor-0_2 - [PROD] Sending payload 133/365 | Order Number: V13070708291
2026-07-07 14:03:50,449 - INFO - ThreadPoolExecutor-0_8 - [PROD] Payload 124/365 sent successfully. Status Code: 200
2026-07-07 14:03:50,450 - INFO - ThreadPoolExecutor-0_8 - [PROD] Sending payload 134/365 | Order Number: V13070708292
2026-07-07 14:03:50,530 - INFO - ThreadPoolExecutor-0_4 - [PROD] Payload 125/365 sent successfully. Status Code: 200
2026-07-07 14:03:50,530 - INFO - ThreadPoolExecutor-0_4 - [PROD] Sending payload 135/365 | Order Number: V13070708293
2026-07-07 14:03:50,547 - INFO - ThreadPoolExecutor-0_5 - [PROD] Payload 127/365 sent successfully. Status Code: 200
2026-07-07 14:03:50,548 - INFO - ThreadPoolExecutor-0_5 - [PROD] Sending payload 136/365 | Order Number: V13070708294
2026-07-07 14:03:50,643 - INFO - ThreadPoolExecutor-0_0 - [PROD] Payload 126/365 sent successfully. Status Code: 200
2026-07-07 14:03:50,643 - INFO - ThreadPoolExecutor-0_0 - [PROD] Sending payload 137/365 | Order Number: V13070708295
2026-07-07 14:03:50,727 - INFO - ThreadPoolExecutor-0_6 - [PROD] Payload 128/365 sent successfully. Status Code: 200
2026-07-07 14:03:50,727 - INFO - ThreadPoolExecutor-0_6 - [PROD] Sending payload 138/365 | Order Number: V13070708296
2026-07-07 14:03:50,871 - INFO - ThreadPoolExecutor-0_9 - [PROD] Payload 129/365 sent successfully. Status Code: 200
2026-07-07 14:03:50,874 - INFO - ThreadPoolExecutor-0_9 - [PROD] Sending payload 139/365 | Order Number: V13070708297
2026-07-07 14:03:51,065 - INFO - ThreadPoolExecutor-0_7 - [PROD] Payload 130/365 sent successfully. Status Code: 200
2026-07-07 14:03:51,068 - INFO - ThreadPoolExecutor-0_7 - [PROD] Sending payload 140/365 | Order Number: V13070708298
2026-07-07 14:03:51,353 - INFO - ThreadPoolExecutor-0_1 - [PROD] Payload 131/365 sent successfully. Status Code: 200
2026-07-07 14:03:51,356 - INFO - ThreadPoolExecutor-0_1 - [PROD] Sending payload 141/365 | Order Number: V13070708299
2026-07-07 14:03:51,598 - INFO - ThreadPoolExecutor-0_3 - [PROD] Payload 132/365 sent successfully. Status Code: 200
2026-07-07 14:03:51,598 - INFO - ThreadPoolExecutor-0_3 - [PROD] Sending payload 142/365 | Order Number: V13070708300
2026-07-07 14:03:51,807 - INFO - ThreadPoolExecutor-0_2 - [PROD] Payload 133/365 sent successfully. Status Code: 200
2026-07-07 14:03:51,810 - INFO - ThreadPoolExecutor-0_2 - [PROD] Sending payload 143/365 | Order Number: V13070708301
2026-07-07 14:03:51,828 - INFO - ThreadPoolExecutor-0_8 - [PROD] Payload 134/365 sent successfully. Status Code: 200
2026-07-07 14:03:51,828 - INFO - ThreadPoolExecutor-0_8 - [PROD] Sending payload 144/365 | Order Number: V13070708302
2026-07-07 14:03:51,947 - INFO - ThreadPoolExecutor-0_5 - [PROD] Payload 136/365 sent successfully. Status Code: 200
2026-07-07 14:03:51,950 - INFO - ThreadPoolExecutor-0_5 - [PROD] Sending payload 145/365 | Order Number: V13070708303
2026-07-07 14:03:51,994 - INFO - ThreadPoolExecutor-0_4 - [PROD] Payload 135/365 sent successfully. Status Code: 200
2026-07-07 14:03:51,995 - INFO - ThreadPoolExecutor-0_4 - [PROD] Sending payload 146/365 | Order Number: V13070708304
2026-07-07 14:03:52,077 - INFO - ThreadPoolExecutor-0_0 - [PROD] Payload 137/365 sent successfully. Status Code: 200
2026-07-07 14:03:52,081 - INFO - ThreadPoolExecutor-0_0 - [PROD] Sending payload 147/365 | Order Number: V13070708305
2026-07-07 14:03:52,107 - INFO - ThreadPoolExecutor-0_6 - [PROD] Payload 138/365 sent successfully. Status Code: 200
2026-07-07 14:03:52,108 - INFO - ThreadPoolExecutor-0_6 - [PROD] Sending payload 148/365 | Order Number: V13070708306
2026-07-07 14:03:52,333 - INFO - ThreadPoolExecutor-0_9 - [PROD] Payload 139/365 sent successfully. Status Code: 200
2026-07-07 14:03:52,335 - INFO - ThreadPoolExecutor-0_9 - [PROD] Sending payload 149/365 | Order Number: V13070708307
2026-07-07 14:03:52,452 - INFO - ThreadPoolExecutor-0_7 - [PROD] Payload 140/365 sent successfully. Status Code: 200
2026-07-07 14:03:52,454 - INFO - ThreadPoolExecutor-0_7 - [PROD] Sending payload 150/365 | Order Number: V13070708308
2026-07-07 14:03:52,802 - INFO - ThreadPoolExecutor-0_1 - [PROD] Payload 141/365 sent successfully. Status Code: 200
2026-07-07 14:03:52,803 - INFO - ThreadPoolExecutor-0_1 - [PROD] Sending payload 151/365 | Order Number: V13070708309
2026-07-07 14:03:52,984 - INFO - ThreadPoolExecutor-0_3 - [PROD] Payload 142/365 sent successfully. Status Code: 200
2026-07-07 14:03:52,985 - INFO - ThreadPoolExecutor-0_3 - [PROD] Sending payload 152/365 | Order Number: V13070708310
2026-07-07 14:03:53,137 - INFO - ThreadPoolExecutor-0_2 - [PROD] Payload 143/365 sent successfully. Status Code: 200
2026-07-07 14:03:53,139 - INFO - ThreadPoolExecutor-0_2 - [PROD] Sending payload 153/365 | Order Number: V13070708311
2026-07-07 14:03:53,149 - INFO - ThreadPoolExecutor-0_8 - [PROD] Payload 144/365 sent successfully. Status Code: 200
2026-07-07 14:03:53,150 - INFO - ThreadPoolExecutor-0_8 - [PROD] Sending payload 154/365 | Order Number: V13070708312
2026-07-07 14:03:53,325 - INFO - ThreadPoolExecutor-0_5 - [PROD] Payload 145/365 sent successfully. Status Code: 200
2026-07-07 14:03:53,325 - INFO - ThreadPoolExecutor-0_5 - [PROD] Sending payload 155/365 | Order Number: V13070708313
2026-07-07 14:03:53,352 - INFO - ThreadPoolExecutor-0_4 - [PROD] Payload 146/365 sent successfully. Status Code: 200
2026-07-07 14:03:53,352 - INFO - ThreadPoolExecutor-0_4 - [PROD] Sending payload 156/365 | Order Number: V13070708314
2026-07-07 14:03:53,429 - INFO - ThreadPoolExecutor-0_0 - [PROD] Payload 147/365 sent successfully. Status Code: 200
2026-07-07 14:03:53,431 - INFO - ThreadPoolExecutor-0_0 - [PROD] Sending payload 157/365 | Order Number: V13070708315
2026-07-07 14:03:53,518 - INFO - ThreadPoolExecutor-0_6 - [PROD] Payload 148/365 sent successfully. Status Code: 200
2026-07-07 14:03:53,519 - INFO - ThreadPoolExecutor-0_6 - [PROD] Sending payload 158/365 | Order Number: V13070708316
2026-07-07 14:03:53,712 - INFO - ThreadPoolExecutor-0_9 - [PROD] Payload 149/365 sent successfully. Status Code: 200
2026-07-07 14:03:53,715 - INFO - ThreadPoolExecutor-0_9 - [PROD] Sending payload 159/365 | Order Number: V13070708317
2026-07-07 14:03:53,863 - INFO - ThreadPoolExecutor-0_7 - [PROD] Payload 150/365 sent successfully. Status Code: 200
2026-07-07 14:03:53,866 - INFO - ThreadPoolExecutor-0_7 - [PROD] Sending payload 160/365 | Order Number: V13070708318
2026-07-07 14:03:54,173 - INFO - ThreadPoolExecutor-0_1 - [PROD] Payload 151/365 sent successfully. Status Code: 200
2026-07-07 14:03:54,175 - INFO - ThreadPoolExecutor-0_1 - [PROD] Sending payload 161/365 | Order Number: V13070708319
2026-07-07 14:03:54,333 - INFO - ThreadPoolExecutor-0_3 - [PROD] Payload 152/365 sent successfully. Status Code: 200
2026-07-07 14:03:54,336 - INFO - ThreadPoolExecutor-0_3 - [PROD] Sending payload 162/365 | Order Number: V13070708320
2026-07-07 14:03:54,476 - INFO - ThreadPoolExecutor-0_2 - [PROD] Payload 153/365 sent successfully. Status Code: 200
2026-07-07 14:03:54,479 - INFO - ThreadPoolExecutor-0_2 - [PROD] Sending payload 163/365 | Order Number: V13070708321
2026-07-07 14:03:54,657 - INFO - ThreadPoolExecutor-0_5 - [PROD] Payload 155/365 sent successfully. Status Code: 200
2026-07-07 14:03:54,658 - INFO - ThreadPoolExecutor-0_5 - [PROD] Sending payload 164/365 | Order Number: V13070708322
2026-07-07 14:03:54,671 - INFO - ThreadPoolExecutor-0_8 - [PROD] Payload 154/365 sent successfully. Status Code: 200
2026-07-07 14:03:54,672 - INFO - ThreadPoolExecutor-0_8 - [PROD] Sending payload 165/365 | Order Number: V13070708323
2026-07-07 14:03:54,687 - INFO - ThreadPoolExecutor-0_4 - [PROD] Payload 156/365 sent successfully. Status Code: 200
2026-07-07 14:03:54,688 - INFO - ThreadPoolExecutor-0_4 - [PROD] Sending payload 166/365 | Order Number: V13070708324
2026-07-07 14:03:54,847 - INFO - ThreadPoolExecutor-0_0 - [PROD] Payload 157/365 sent successfully. Status Code: 200
2026-07-07 14:03:54,849 - INFO - ThreadPoolExecutor-0_0 - [PROD] Sending payload 167/365 | Order Number: V13070708325
2026-07-07 14:03:54,932 - INFO - ThreadPoolExecutor-0_6 - [PROD] Payload 158/365 sent successfully. Status Code: 200
2026-07-07 14:03:54,934 - INFO - ThreadPoolExecutor-0_6 - [PROD] Sending payload 168/365 | Order Number: V13070708326
2026-07-07 14:03:55,065 - INFO - ThreadPoolExecutor-0_9 - [PROD] Payload 159/365 sent successfully. Status Code: 200
2026-07-07 14:03:55,066 - INFO - ThreadPoolExecutor-0_9 - [PROD] Sending payload 169/365 | Order Number: V13070708327
2026-07-07 14:03:55,332 - INFO - ThreadPoolExecutor-0_7 - [PROD] Payload 160/365 sent successfully. Status Code: 200
2026-07-07 14:03:55,335 - INFO - ThreadPoolExecutor-0_7 - [PROD] Sending payload 170/365 | Order Number: V13070708328
2026-07-07 14:03:55,526 - INFO - ThreadPoolExecutor-0_1 - [PROD] Payload 161/365 sent successfully. Status Code: 200
2026-07-07 14:03:55,526 - INFO - ThreadPoolExecutor-0_1 - [PROD] Sending payload 171/365 | Order Number: V13070708329
2026-07-07 14:03:55,689 - INFO - ThreadPoolExecutor-0_3 - [PROD] Payload 162/365 sent successfully. Status Code: 200
2026-07-07 14:03:55,690 - INFO - ThreadPoolExecutor-0_3 - [PROD] Sending payload 172/365 | Order Number: V13070708330
2026-07-07 14:03:55,818 - INFO - ThreadPoolExecutor-0_2 - [PROD] Payload 163/365 sent successfully. Status Code: 200
2026-07-07 14:03:55,819 - INFO - ThreadPoolExecutor-0_2 - [PROD] Sending payload 173/365 | Order Number: V13070708331
2026-07-07 14:03:56,065 - INFO - ThreadPoolExecutor-0_5 - [PROD] Payload 164/365 sent successfully. Status Code: 200
2026-07-07 14:03:56,067 - INFO - ThreadPoolExecutor-0_5 - [PROD] Sending payload 174/365 | Order Number: V13070708332
2026-07-07 14:03:56,109 - INFO - ThreadPoolExecutor-0_8 - [PROD] Payload 165/365 sent successfully. Status Code: 200
2026-07-07 14:03:56,110 - INFO - ThreadPoolExecutor-0_8 - [PROD] Sending payload 175/365 | Order Number: V13070708333
2026-07-07 14:03:56,209 - INFO - ThreadPoolExecutor-0_0 - [PROD] Payload 167/365 sent successfully. Status Code: 200
2026-07-07 14:03:56,211 - INFO - ThreadPoolExecutor-0_0 - [PROD] Sending payload 176/365 | Order Number: V13070708334
2026-07-07 14:03:56,290 - INFO - ThreadPoolExecutor-0_6 - [PROD] Payload 168/365 sent successfully. Status Code: 200
2026-07-07 14:03:56,292 - INFO - ThreadPoolExecutor-0_6 - [PROD] Sending payload 177/365 | Order Number: V13070708335
2026-07-07 14:03:56,295 - INFO - ThreadPoolExecutor-0_4 - [PROD] Payload 166/365 sent successfully. Status Code: 200
2026-07-07 14:03:56,296 - INFO - ThreadPoolExecutor-0_4 - [PROD] Sending payload 178/365 | Order Number: V13070708336
2026-07-07 14:03:56,401 - INFO - ThreadPoolExecutor-0_9 - [PROD] Payload 169/365 sent successfully. Status Code: 200
2026-07-07 14:03:56,403 - INFO - ThreadPoolExecutor-0_9 - [PROD] Sending payload 179/365 | Order Number: V13070708337
2026-07-07 14:03:56,727 - INFO - ThreadPoolExecutor-0_7 - [PROD] Payload 170/365 sent successfully. Status Code: 200
2026-07-07 14:03:56,729 - INFO - ThreadPoolExecutor-0_7 - [PROD] Sending payload 180/365 | Order Number: V13070708338
2026-07-07 14:03:56,898 - INFO - ThreadPoolExecutor-0_1 - [PROD] Payload 171/365 sent successfully. Status Code: 200
2026-07-07 14:03:56,900 - INFO - ThreadPoolExecutor-0_1 - [PROD] Sending payload 181/365 | Order Number: V13070708339
2026-07-07 14:03:57,026 - INFO - ThreadPoolExecutor-0_3 - [PROD] Payload 172/365 sent successfully. Status Code: 200
2026-07-07 14:03:57,029 - INFO - ThreadPoolExecutor-0_3 - [PROD] Sending payload 182/365 | Order Number: V13070708340
2026-07-07 14:03:57,225 - INFO - ThreadPoolExecutor-0_2 - [PROD] Payload 173/365 sent successfully. Status Code: 200
2026-07-07 14:03:57,226 - INFO - ThreadPoolExecutor-0_2 - [PROD] Sending payload 183/365 | Order Number: V13070708341
2026-07-07 14:03:57,437 - INFO - ThreadPoolExecutor-0_5 - [PROD] Payload 174/365 sent successfully. Status Code: 200
2026-07-07 14:03:57,439 - INFO - ThreadPoolExecutor-0_5 - [PROD] Sending payload 184/365 | Order Number: V13070708342
2026-07-07 14:03:57,566 - INFO - ThreadPoolExecutor-0_0 - [PROD] Payload 176/365 sent successfully. Status Code: 200
2026-07-07 14:03:57,568 - INFO - ThreadPoolExecutor-0_0 - [PROD] Sending payload 185/365 | Order Number: V13070708343
2026-07-07 14:03:57,628 - INFO - ThreadPoolExecutor-0_8 - [PROD] Payload 175/365 sent successfully. Status Code: 200
2026-07-07 14:03:57,629 - INFO - ThreadPoolExecutor-0_8 - [PROD] Sending payload 186/365 | Order Number: V13070708344
2026-07-07 14:03:57,646 - INFO - ThreadPoolExecutor-0_4 - [PROD] Payload 178/365 sent successfully. Status Code: 200
2026-07-07 14:03:57,646 - INFO - ThreadPoolExecutor-0_4 - [PROD] Sending payload 187/365 | Order Number: V13070708345
2026-07-07 14:03:57,750 - INFO - ThreadPoolExecutor-0_6 - [PROD] Payload 177/365 sent successfully. Status Code: 200
2026-07-07 14:03:57,752 - INFO - ThreadPoolExecutor-0_6 - [PROD] Sending payload 188/365 | Order Number: V13070708346
2026-07-07 14:03:57,814 - INFO - ThreadPoolExecutor-0_9 - [PROD] Payload 179/365 sent successfully. Status Code: 200
2026-07-07 14:03:57,815 - INFO - ThreadPoolExecutor-0_9 - [PROD] Sending payload 189/365 | Order Number: V13070708347
2026-07-07 14:03:58,092 - INFO - ThreadPoolExecutor-0_7 - [PROD] Payload 180/365 sent successfully. Status Code: 200
2026-07-07 14:03:58,094 - INFO - ThreadPoolExecutor-0_7 - [PROD] Sending payload 190/365 | Order Number: V13070708348
2026-07-07 14:03:58,385 - INFO - ThreadPoolExecutor-0_3 - [PROD] Payload 182/365 sent successfully. Status Code: 200
2026-07-07 14:03:58,387 - INFO - ThreadPoolExecutor-0_3 - [PROD] Sending payload 191/365 | Order Number: V13070708349
2026-07-07 14:03:58,431 - INFO - ThreadPoolExecutor-0_1 - [PROD] Payload 181/365 sent successfully. Status Code: 200
2026-07-07 14:03:58,432 - INFO - ThreadPoolExecutor-0_1 - [PROD] Sending payload 192/365 | Order Number: V13070708350
2026-07-07 14:03:58,566 - INFO - ThreadPoolExecutor-0_2 - [PROD] Payload 183/365 sent successfully. Status Code: 200
2026-07-07 14:03:58,568 - INFO - ThreadPoolExecutor-0_2 - [PROD] Sending payload 193/365 | Order Number: V13070708351
2026-07-07 14:03:58,850 - INFO - ThreadPoolExecutor-0_5 - [PROD] Payload 184/365 sent successfully. Status Code: 200
2026-07-07 14:03:58,852 - INFO - ThreadPoolExecutor-0_5 - [PROD] Sending payload 194/365 | Order Number: V13070708352
2026-07-07 14:03:58,967 - INFO - ThreadPoolExecutor-0_0 - [PROD] Payload 185/365 sent successfully. Status Code: 200
2026-07-07 14:03:58,969 - INFO - ThreadPoolExecutor-0_0 - [PROD] Sending payload 195/365 | Order Number: V13070708353
2026-07-07 14:03:59,012 - INFO - ThreadPoolExecutor-0_4 - [PROD] Payload 187/365 sent successfully. Status Code: 200
2026-07-07 14:03:59,013 - INFO - ThreadPoolExecutor-0_4 - [PROD] Sending payload 196/365 | Order Number: V13070708354
2026-07-07 14:03:59,150 - INFO - ThreadPoolExecutor-0_6 - [PROD] Payload 188/365 sent successfully. Status Code: 200
2026-07-07 14:03:59,152 - INFO - ThreadPoolExecutor-0_6 - [PROD] Sending payload 197/365 | Order Number: V13070708355
2026-07-07 14:03:59,173 - INFO - ThreadPoolExecutor-0_8 - [PROD] Payload 186/365 sent successfully. Status Code: 200
2026-07-07 14:03:59,174 - INFO - ThreadPoolExecutor-0_8 - [PROD] Sending payload 198/365 | Order Number: V13070708356
2026-07-07 14:03:59,295 - INFO - ThreadPoolExecutor-0_9 - [PROD] Payload 189/365 sent successfully. Status Code: 200
2026-07-07 14:03:59,297 - INFO - ThreadPoolExecutor-0_9 - [PROD] Sending payload 199/365 | Order Number: V13070708357
2026-07-07 14:03:59,451 - INFO - ThreadPoolExecutor-0_7 - [PROD] Payload 190/365 sent successfully. Status Code: 200
2026-07-07 14:03:59,454 - INFO - ThreadPoolExecutor-0_7 - [PROD] Sending payload 200/365 | Order Number: V13070708358
2026-07-07 14:03:59,774 - INFO - ThreadPoolExecutor-0_1 - [PROD] Payload 192/365 sent successfully. Status Code: 200
2026-07-07 14:03:59,777 - INFO - ThreadPoolExecutor-0_1 - [PROD] Sending payload 201/365 | Order Number: V13070708359
2026-07-07 14:03:59,781 - INFO - ThreadPoolExecutor-0_3 - [PROD] Payload 191/365 sent successfully. Status Code: 200
2026-07-07 14:03:59,782 - INFO - ThreadPoolExecutor-0_3 - [PROD] Sending payload 202/365 | Order Number: V13070708360
2026-07-07 14:03:59,905 - INFO - ThreadPoolExecutor-0_2 - [PROD] Payload 193/365 sent successfully. Status Code: 200
2026-07-07 14:03:59,907 - INFO - ThreadPoolExecutor-0_2 - [PROD] Sending payload 203/365 | Order Number: V13070708361
2026-07-07 14:04:00,313 - INFO - ThreadPoolExecutor-0_5 - [PROD] Payload 194/365 sent successfully. Status Code: 200
2026-07-07 14:04:00,315 - INFO - ThreadPoolExecutor-0_5 - [PROD] Sending payload 204/365 | Order Number: V13070708362
2026-07-07 14:04:00,329 - INFO - ThreadPoolExecutor-0_0 - [PROD] Payload 195/365 sent successfully. Status Code: 200
2026-07-07 14:04:00,330 - INFO - ThreadPoolExecutor-0_0 - [PROD] Sending payload 205/365 | Order Number: V13070708363
2026-07-07 14:04:00,362 - INFO - ThreadPoolExecutor-0_4 - [PROD] Payload 196/365 sent successfully. Status Code: 200
2026-07-07 14:04:00,363 - INFO - ThreadPoolExecutor-0_4 - [PROD] Sending payload 206/365 | Order Number: V13070708364
2026-07-07 14:04:00,556 - INFO - ThreadPoolExecutor-0_6 - [PROD] Payload 197/365 sent successfully. Status Code: 200
2026-07-07 14:04:00,560 - INFO - ThreadPoolExecutor-0_6 - [PROD] Sending payload 207/365 | Order Number: V13070708365
2026-07-07 14:04:00,590 - INFO - ThreadPoolExecutor-0_8 - [PROD] Payload 198/365 sent successfully. Status Code: 200
2026-07-07 14:04:00,590 - INFO - ThreadPoolExecutor-0_8 - [PROD] Sending payload 208/365 | Order Number: V13070708366
2026-07-07 14:04:00,798 - INFO - ThreadPoolExecutor-0_7 - [PROD] Payload 200/365 sent successfully. Status Code: 200
2026-07-07 14:04:00,801 - INFO - ThreadPoolExecutor-0_7 - [PROD] Sending payload 209/365 | Order Number: V13070708367
2026-07-07 14:04:00,815 - INFO - ThreadPoolExecutor-0_9 - [PROD] Payload 199/365 sent successfully. Status Code: 200
2026-07-07 14:04:00,815 - INFO - ThreadPoolExecutor-0_9 - [PROD] Sending payload 210/365 | Order Number: V13070708368
2026-07-07 14:04:01,154 - INFO - ThreadPoolExecutor-0_1 - [PROD] Payload 201/365 sent successfully. Status Code: 200
2026-07-07 14:04:01,155 - INFO - ThreadPoolExecutor-0_1 - [PROD] Sending payload 211/365 | Order Number: V13070708369
2026-07-07 14:04:01,165 - INFO - ThreadPoolExecutor-0_3 - [PROD] Payload 202/365 sent successfully. Status Code: 200
2026-07-07 14:04:01,166 - INFO - ThreadPoolExecutor-0_3 - [PROD] Sending payload 212/365 | Order Number: V13070708370
2026-07-07 14:04:01,342 - INFO - ThreadPoolExecutor-0_2 - [PROD] Payload 203/365 sent successfully. Status Code: 200
2026-07-07 14:04:01,344 - INFO - ThreadPoolExecutor-0_2 - [PROD] Sending payload 213/365 | Order Number: V13070708371
2026-07-07 14:04:01,712 - INFO - ThreadPoolExecutor-0_4 - [PROD] Payload 206/365 sent successfully. Status Code: 200
2026-07-07 14:04:01,713 - INFO - ThreadPoolExecutor-0_4 - [PROD] Sending payload 214/365 | Order Number: V13070708372
2026-07-07 14:04:01,763 - INFO - ThreadPoolExecutor-0_5 - [PROD] Payload 204/365 sent successfully. Status Code: 200
2026-07-07 14:04:01,764 - INFO - ThreadPoolExecutor-0_5 - [PROD] Sending payload 215/365 | Order Number: V13070708373
2026-07-07 14:04:01,899 - INFO - ThreadPoolExecutor-0_6 - [PROD] Payload 207/365 sent successfully. Status Code: 200
2026-07-07 14:04:01,901 - INFO - ThreadPoolExecutor-0_6 - [PROD] Sending payload 216/365 | Order Number: V13070708374
2026-07-07 14:04:02,133 - INFO - ThreadPoolExecutor-0_0 - [PROD] Payload 205/365 sent successfully. Status Code: 200
2026-07-07 14:04:02,135 - INFO - ThreadPoolExecutor-0_0 - [PROD] Sending payload 217/365 | Order Number: V13070708375
2026-07-07 14:04:02,152 - INFO - ThreadPoolExecutor-0_9 - [PROD] Payload 210/365 sent successfully. Status Code: 200
2026-07-07 14:04:02,152 - INFO - ThreadPoolExecutor-0_9 - [PROD] Sending payload 218/365 | Order Number: V13070708376
2026-07-07 14:04:02,284 - INFO - ThreadPoolExecutor-0_7 - [PROD] Payload 209/365 sent successfully. Status Code: 200
2026-07-07 14:04:02,286 - INFO - ThreadPoolExecutor-0_7 - [PROD] Sending payload 219/365 | Order Number: V13070708377
2026-07-07 14:04:02,645 - INFO - ThreadPoolExecutor-0_1 - [PROD] Payload 211/365 sent successfully. Status Code: 200
2026-07-07 14:04:02,647 - INFO - ThreadPoolExecutor-0_8 - [PROD] Payload 208/365 sent successfully. Status Code: 200
2026-07-07 14:04:02,649 - INFO - ThreadPoolExecutor-0_8 - [PROD] Sending payload 220/365 | Order Number: V13070708378
2026-07-07 14:04:02,649 - INFO - ThreadPoolExecutor-0_1 - [PROD] Sending payload 221/365 | Order Number: V13070708379
2026-07-07 14:04:02,740 - INFO - ThreadPoolExecutor-0_2 - [PROD] Payload 213/365 sent successfully. Status Code: 200
2026-07-07 14:04:02,743 - INFO - ThreadPoolExecutor-0_2 - [PROD] Sending payload 222/365 | Order Number: V13070708380
2026-07-07 14:04:02,750 - INFO - ThreadPoolExecutor-0_3 - [PROD] Payload 212/365 sent successfully. Status Code: 200
2026-07-07 14:04:02,750 - INFO - ThreadPoolExecutor-0_3 - [PROD] Sending payload 223/365 | Order Number: V13070708381
2026-07-07 14:04:03,215 - INFO - ThreadPoolExecutor-0_4 - [PROD] Payload 214/365 sent successfully. Status Code: 200
2026-07-07 14:04:03,216 - INFO - ThreadPoolExecutor-0_4 - [PROD] Sending payload 224/365 | Order Number: V13070708382
2026-07-07 14:04:03,310 - INFO - ThreadPoolExecutor-0_5 - [PROD] Payload 215/365 sent successfully. Status Code: 200
2026-07-07 14:04:03,313 - INFO - ThreadPoolExecutor-0_5 - [PROD] Sending payload 225/365 | Order Number: V13070708383
2026-07-07 14:04:03,461 - INFO - ThreadPoolExecutor-0_6 - [PROD] Payload 216/365 sent successfully. Status Code: 200
2026-07-07 14:04:03,464 - INFO - ThreadPoolExecutor-0_6 - [PROD] Sending payload 226/365 | Order Number: V13070708384
2026-07-07 14:04:03,569 - INFO - ThreadPoolExecutor-0_9 - [PROD] Payload 218/365 sent successfully. Status Code: 200
2026-07-07 14:04:03,577 - INFO - ThreadPoolExecutor-0_9 - [PROD] Sending payload 227/365 | Order Number: V13070708385
2026-07-07 14:04:03,643 - INFO - ThreadPoolExecutor-0_7 - [PROD] Payload 219/365 sent successfully. Status Code: 200
2026-07-07 14:04:03,643 - INFO - ThreadPoolExecutor-0_7 - [PROD] Sending payload 228/365 | Order Number: V13070708386
2026-07-07 14:04:03,715 - INFO - ThreadPoolExecutor-0_0 - [PROD] Payload 217/365 sent successfully. Status Code: 200
2026-07-07 14:04:03,717 - INFO - ThreadPoolExecutor-0_0 - [PROD] Sending payload 229/365 | Order Number: V13070708387
2026-07-07 14:04:04,029 - INFO - ThreadPoolExecutor-0_8 - [PROD] Payload 220/365 sent successfully. Status Code: 200
2026-07-07 14:04:04,031 - INFO - ThreadPoolExecutor-0_8 - [PROD] Sending payload 230/365 | Order Number: V13070708388
2026-07-07 14:04:04,083 - INFO - ThreadPoolExecutor-0_1 - [PROD] Payload 221/365 sent successfully. Status Code: 200
2026-07-07 14:04:04,084 - INFO - ThreadPoolExecutor-0_1 - [PROD] Sending payload 231/365 | Order Number: V13070708389
2026-07-07 14:04:04,126 - INFO - ThreadPoolExecutor-0_2 - [PROD] Payload 222/365 sent successfully. Status Code: 200
2026-07-07 14:04:04,126 - INFO - ThreadPoolExecutor-0_2 - [PROD] Sending payload 232/365 | Order Number: V13070708390
2026-07-07 14:04:04,290 - INFO - ThreadPoolExecutor-0_3 - [PROD] Payload 223/365 sent successfully. Status Code: 200
2026-07-07 14:04:04,292 - INFO - ThreadPoolExecutor-0_3 - [PROD] Sending payload 233/365 | Order Number: V13070708391
2026-07-07 14:04:04,571 - INFO - ThreadPoolExecutor-0_4 - [PROD] Payload 224/365 sent successfully. Status Code: 200
2026-07-07 14:04:04,573 - INFO - ThreadPoolExecutor-0_4 - [PROD] Sending payload 234/365 | Order Number: V13070708392
2026-07-07 14:04:04,746 - INFO - ThreadPoolExecutor-0_5 - [PROD] Payload 225/365 sent successfully. Status Code: 200
2026-07-07 14:04:04,747 - INFO - ThreadPoolExecutor-0_5 - [PROD] Sending payload 235/365 | Order Number: V13070708393
2026-07-07 14:04:04,836 - INFO - ThreadPoolExecutor-0_6 - [PROD] Payload 226/365 sent successfully. Status Code: 200
2026-07-07 14:04:04,838 - INFO - ThreadPoolExecutor-0_6 - [PROD] Sending payload 236/365 | Order Number: V13070708394
2026-07-07 14:04:05,006 - INFO - ThreadPoolExecutor-0_7 - [PROD] Payload 228/365 sent successfully. Status Code: 200
2026-07-07 14:04:05,008 - INFO - ThreadPoolExecutor-0_7 - [PROD] Sending payload 237/365 | Order Number: V13070708395
2026-07-07 14:04:05,050 - INFO - ThreadPoolExecutor-0_9 - [PROD] Payload 227/365 sent successfully. Status Code: 200
2026-07-07 14:04:05,050 - INFO - ThreadPoolExecutor-0_9 - [PROD] Sending payload 238/365 | Order Number: V13070708396
2026-07-07 14:04:05,062 - INFO - ThreadPoolExecutor-0_0 - [PROD] Payload 229/365 sent successfully. Status Code: 200
2026-07-07 14:04:05,063 - INFO - ThreadPoolExecutor-0_0 - [PROD] Sending payload 239/365 | Order Number: V13070708397
2026-07-07 14:04:05,411 - INFO - ThreadPoolExecutor-0_8 - [PROD] Payload 230/365 sent successfully. Status Code: 200
2026-07-07 14:04:05,413 - INFO - ThreadPoolExecutor-0_8 - [PROD] Sending payload 240/365 | Order Number: V13070708398
2026-07-07 14:04:05,432 - INFO - ThreadPoolExecutor-0_1 - [PROD] Payload 231/365 sent successfully. Status Code: 200
2026-07-07 14:04:05,434 - INFO - ThreadPoolExecutor-0_1 - [PROD] Sending payload 241/365 | Order Number: V13070708399
2026-07-07 14:04:05,456 - INFO - ThreadPoolExecutor-0_2 - [PROD] Payload 232/365 sent successfully. Status Code: 200
2026-07-07 14:04:05,457 - INFO - ThreadPoolExecutor-0_2 - [PROD] Sending payload 242/365 | Order Number: V13070708400
2026-07-07 14:04:05,674 - INFO - ThreadPoolExecutor-0_3 - [PROD] Payload 233/365 sent successfully. Status Code: 200
2026-07-07 14:04:05,675 - INFO - ThreadPoolExecutor-0_3 - [PROD] Sending payload 243/365 | Order Number: V13070708401
2026-07-07 14:04:05,922 - INFO - ThreadPoolExecutor-0_4 - [PROD] Payload 234/365 sent successfully. Status Code: 200
2026-07-07 14:04:05,924 - INFO - ThreadPoolExecutor-0_4 - [PROD] Sending payload 244/365 | Order Number: V13070708402
2026-07-07 14:04:06,267 - INFO - ThreadPoolExecutor-0_6 - [PROD] Payload 236/365 sent successfully. Status Code: 200
2026-07-07 14:04:06,270 - INFO - ThreadPoolExecutor-0_6 - [PROD] Sending payload 245/365 | Order Number: V13070708403
2026-07-07 14:04:06,378 - INFO - ThreadPoolExecutor-0_7 - [PROD] Payload 237/365 sent successfully. Status Code: 200
2026-07-07 14:04:06,381 - INFO - ThreadPoolExecutor-0_7 - [PROD] Sending payload 246/365 | Order Number: V13070708404
2026-07-07 14:04:06,384 - INFO - ThreadPoolExecutor-0_9 - [PROD] Payload 238/365 sent successfully. Status Code: 200
2026-07-07 14:04:06,385 - INFO - ThreadPoolExecutor-0_9 - [PROD] Sending payload 247/365 | Order Number: V13070708405
2026-07-07 14:04:06,482 - INFO - ThreadPoolExecutor-0_0 - [PROD] Payload 239/365 sent successfully. Status Code: 200
2026-07-07 14:04:06,484 - INFO - ThreadPoolExecutor-0_0 - [PROD] Sending payload 248/365 | Order Number: V13070708406
2026-07-07 14:04:06,767 - INFO - ThreadPoolExecutor-0_8 - [PROD] Payload 240/365 sent successfully. Status Code: 200
2026-07-07 14:04:06,769 - INFO - ThreadPoolExecutor-0_5 - [PROD] Payload 235/365 sent successfully. Status Code: 200
2026-07-07 14:04:06,769 - INFO - ThreadPoolExecutor-0_8 - [PROD] Sending payload 249/365 | Order Number: V13070708407
2026-07-07 14:04:06,770 - INFO - ThreadPoolExecutor-0_5 - [PROD] Sending payload 250/365 | Order Number: V13070708408
2026-07-07 14:04:06,802 - INFO - ThreadPoolExecutor-0_1 - [PROD] Payload 241/365 sent successfully. Status Code: 200
2026-07-07 14:04:06,802 - INFO - ThreadPoolExecutor-0_1 - [PROD] Sending payload 251/365 | Order Number: V13070708409
2026-07-07 14:04:06,962 - INFO - ThreadPoolExecutor-0_2 - [PROD] Payload 242/365 sent successfully. Status Code: 200
2026-07-07 14:04:06,963 - INFO - ThreadPoolExecutor-0_2 - [PROD] Sending payload 252/365 | Order Number: V13070708410
2026-07-07 14:04:07,082 - INFO - ThreadPoolExecutor-0_3 - [PROD] Payload 243/365 sent successfully. Status Code: 200
2026-07-07 14:04:07,085 - INFO - ThreadPoolExecutor-0_3 - [PROD] Sending payload 253/365 | Order Number: V13070708411
2026-07-07 14:04:07,455 - INFO - ThreadPoolExecutor-0_4 - [PROD] Payload 244/365 sent successfully. Status Code: 200
2026-07-07 14:04:07,457 - INFO - ThreadPoolExecutor-0_4 - [PROD] Sending payload 254/365 | Order Number: V13070708412
2026-07-07 14:04:07,629 - INFO - ThreadPoolExecutor-0_6 - [PROD] Payload 245/365 sent successfully. Status Code: 200
2026-07-07 14:04:07,630 - INFO - ThreadPoolExecutor-0_6 - [PROD] Sending payload 255/365 | Order Number: V13070708413
2026-07-07 14:04:07,722 - INFO - ThreadPoolExecutor-0_9 - [PROD] Payload 247/365 sent successfully. Status Code: 200
2026-07-07 14:04:07,725 - INFO - ThreadPoolExecutor-0_9 - [PROD] Sending payload 256/365 | Order Number: V14070708414
2026-07-07 14:04:07,807 - INFO - ThreadPoolExecutor-0_7 - [PROD] Payload 246/365 sent successfully. Status Code: 200
2026-07-07 14:04:07,811 - INFO - ThreadPoolExecutor-0_7 - [PROD] Sending payload 257/365 | Order Number: V14070708415
2026-07-07 14:04:07,900 - INFO - ThreadPoolExecutor-0_0 - [PROD] Payload 248/365 sent successfully. Status Code: 200
2026-07-07 14:04:07,901 - INFO - ThreadPoolExecutor-0_0 - [PROD] Sending payload 258/365 | Order Number: V14070708416
2026-07-07 14:04:08,165 - INFO - ThreadPoolExecutor-0_1 - [PROD] Payload 251/365 sent successfully. Status Code: 200
2026-07-07 14:04:08,167 - INFO - ThreadPoolExecutor-0_1 - [PROD] Sending payload 259/365 | Order Number: V14070708417
2026-07-07 14:04:08,181 - INFO - ThreadPoolExecutor-0_8 - [PROD] Payload 249/365 sent successfully. Status Code: 200
2026-07-07 14:04:08,183 - INFO - ThreadPoolExecutor-0_8 - [PROD] Sending payload 260/365 | Order Number: V14070708418
2026-07-07 14:04:08,329 - INFO - ThreadPoolExecutor-0_2 - [PROD] Payload 252/365 sent successfully. Status Code: 200
2026-07-07 14:04:08,330 - INFO - ThreadPoolExecutor-0_2 - [PROD] Sending payload 261/365 | Order Number: V14070708419
2026-07-07 14:04:08,344 - INFO - ThreadPoolExecutor-0_5 - [PROD] Payload 250/365 sent successfully. Status Code: 200
2026-07-07 14:04:08,345 - INFO - ThreadPoolExecutor-0_5 - [PROD] Sending payload 262/365 | Order Number: V14070708420
2026-07-07 14:04:08,445 - INFO - ThreadPoolExecutor-0_3 - [PROD] Payload 253/365 sent successfully. Status Code: 200
2026-07-07 14:04:08,447 - INFO - ThreadPoolExecutor-0_3 - [PROD] Sending payload 263/365 | Order Number: V14070708421
2026-07-07 14:04:08,865 - INFO - ThreadPoolExecutor-0_4 - [PROD] Payload 254/365 sent successfully. Status Code: 200
2026-07-07 14:04:08,867 - INFO - ThreadPoolExecutor-0_4 - [PROD] Sending payload 264/365 | Order Number: V14070708422
2026-07-07 14:04:08,960 - INFO - ThreadPoolExecutor-0_6 - [PROD] Payload 255/365 sent successfully. Status Code: 200
2026-07-07 14:04:08,963 - INFO - ThreadPoolExecutor-0_6 - [PROD] Sending payload 265/365 | Order Number: V14070708423
2026-07-07 14:04:09,105 - INFO - ThreadPoolExecutor-0_9 - [PROD] Payload 256/365 sent successfully. Status Code: 200
2026-07-07 14:04:09,107 - INFO - ThreadPoolExecutor-0_9 - [PROD] Sending payload 266/365 | Order Number: V14070708424
2026-07-07 14:04:09,174 - INFO - ThreadPoolExecutor-0_7 - [PROD] Payload 257/365 sent successfully. Status Code: 200
2026-07-07 14:04:09,177 - INFO - ThreadPoolExecutor-0_7 - [PROD] Sending payload 267/365 | Order Number: V14070708425
2026-07-07 14:04:09,241 - INFO - ThreadPoolExecutor-0_0 - [PROD] Payload 258/365 sent successfully. Status Code: 200
2026-07-07 14:04:09,243 - INFO - ThreadPoolExecutor-0_0 - [PROD] Sending payload 268/365 | Order Number: V14070708426
2026-07-07 14:04:09,532 - INFO - ThreadPoolExecutor-0_8 - [PROD] Payload 260/365 sent successfully. Status Code: 200
2026-07-07 14:04:09,534 - INFO - ThreadPoolExecutor-0_8 - [PROD] Sending payload 269/365 | Order Number: V14070708427
2026-07-07 14:04:09,554 - INFO - ThreadPoolExecutor-0_1 - [PROD] Payload 259/365 sent successfully. Status Code: 200
2026-07-07 14:04:09,555 - INFO - ThreadPoolExecutor-0_1 - [PROD] Sending payload 270/365 | Order Number: V14070708428
2026-07-07 14:04:09,703 - INFO - ThreadPoolExecutor-0_2 - [PROD] Payload 261/365 sent successfully. Status Code: 200
2026-07-07 14:04:09,705 - INFO - ThreadPoolExecutor-0_2 - [PROD] Sending payload 271/365 | Order Number: V14070708429
2026-07-07 14:04:09,708 - INFO - ThreadPoolExecutor-0_5 - [PROD] Payload 262/365 sent successfully. Status Code: 200
2026-07-07 14:04:09,709 - INFO - ThreadPoolExecutor-0_5 - [PROD] Sending payload 272/365 | Order Number: V14070708430
2026-07-07 14:04:09,853 - INFO - ThreadPoolExecutor-0_3 - [PROD] Payload 263/365 sent successfully. Status Code: 200
2026-07-07 14:04:09,855 - INFO - ThreadPoolExecutor-0_3 - [PROD] Sending payload 273/365 | Order Number: V14070708431
2026-07-07 14:04:10,264 - INFO - ThreadPoolExecutor-0_4 - [PROD] Payload 264/365 sent successfully. Status Code: 200
2026-07-07 14:04:10,266 - INFO - ThreadPoolExecutor-0_4 - [PROD] Sending payload 274/365 | Order Number: V14070708432
2026-07-07 14:04:10,350 - INFO - ThreadPoolExecutor-0_6 - [PROD] Payload 265/365 sent successfully. Status Code: 200
2026-07-07 14:04:10,353 - INFO - ThreadPoolExecutor-0_6 - [PROD] Sending payload 275/365 | Order Number: V14070708433
2026-07-07 14:04:10,530 - INFO - ThreadPoolExecutor-0_9 - [PROD] Payload 266/365 sent successfully. Status Code: 200
2026-07-07 14:04:10,531 - INFO - ThreadPoolExecutor-0_9 - [PROD] Sending payload 276/365 | Order Number: V14070708434
2026-07-07 14:04:10,605 - INFO - ThreadPoolExecutor-0_0 - [PROD] Payload 268/365 sent successfully. Status Code: 200
2026-07-07 14:04:10,608 - INFO - ThreadPoolExecutor-0_0 - [PROD] Sending payload 277/365 | Order Number: V14070708435
2026-07-07 14:04:10,948 - INFO - ThreadPoolExecutor-0_1 - [PROD] Payload 270/365 sent successfully. Status Code: 200
2026-07-07 14:04:10,950 - INFO - ThreadPoolExecutor-0_1 - [PROD] Sending payload 278/365 | Order Number: V14070708436
2026-07-07 14:04:11,174 - INFO - ThreadPoolExecutor-0_5 - [PROD] Payload 272/365 sent successfully. Status Code: 200
2026-07-07 14:04:11,175 - INFO - ThreadPoolExecutor-0_5 - [PROD] Sending payload 279/365 | Order Number: V14070708437
2026-07-07 14:04:11,260 - INFO - ThreadPoolExecutor-0_8 - [PROD] Payload 269/365 sent successfully. Status Code: 200
2026-07-07 14:04:11,261 - INFO - ThreadPoolExecutor-0_8 - [PROD] Sending payload 280/365 | Order Number: V14070708438
2026-07-07 14:04:11,353 - INFO - ThreadPoolExecutor-0_3 - [PROD] Payload 273/365 sent successfully. Status Code: 200
2026-07-07 14:04:11,355 - INFO - ThreadPoolExecutor-0_3 - [PROD] Sending payload 281/365 | Order Number: V14070708439
2026-07-07 14:04:11,449 - INFO - ThreadPoolExecutor-0_2 - [PROD] Payload 271/365 sent successfully. Status Code: 200
2026-07-07 14:04:11,450 - INFO - ThreadPoolExecutor-0_2 - [PROD] Sending payload 282/365 | Order Number: V14070708440
2026-07-07 14:04:11,575 - INFO - ThreadPoolExecutor-0_7 - [PROD] Payload 267/365 sent successfully. Status Code: 200
2026-07-07 14:04:11,578 - INFO - ThreadPoolExecutor-0_7 - [PROD] Sending payload 283/365 | Order Number: V14070708441
2026-07-07 14:04:11,691 - INFO - ThreadPoolExecutor-0_6 - [PROD] Payload 275/365 sent successfully. Status Code: 200
2026-07-07 14:04:11,692 - INFO - ThreadPoolExecutor-0_6 - [PROD] Sending payload 284/365 | Order Number: V14070708442
2026-07-07 14:04:11,749 - INFO - ThreadPoolExecutor-0_4 - [PROD] Payload 274/365 sent successfully. Status Code: 200
2026-07-07 14:04:11,750 - INFO - ThreadPoolExecutor-0_4 - [PROD] Sending payload 285/365 | Order Number: V14070708443
2026-07-07 14:04:11,891 - INFO - ThreadPoolExecutor-0_9 - [PROD] Payload 276/365 sent successfully. Status Code: 200
2026-07-07 14:04:11,893 - INFO - ThreadPoolExecutor-0_9 - [PROD] Sending payload 286/365 | Order Number: V14070708444
2026-07-07 14:04:11,939 - INFO - ThreadPoolExecutor-0_0 - [PROD] Payload 277/365 sent successfully. Status Code: 200
2026-07-07 14:04:11,940 - INFO - ThreadPoolExecutor-0_0 - [PROD] Sending payload 287/365 | Order Number: V14070708445
2026-07-07 14:04:12,286 - INFO - ThreadPoolExecutor-0_1 - [PROD] Payload 278/365 sent successfully. Status Code: 200
2026-07-07 14:04:12,288 - INFO - ThreadPoolExecutor-0_1 - [PROD] Sending payload 288/365 | Order Number: V14070708446
2026-07-07 14:04:12,581 - INFO - ThreadPoolExecutor-0_5 - [PROD] Payload 279/365 sent successfully. Status Code: 200
2026-07-07 14:04:12,584 - INFO - ThreadPoolExecutor-0_5 - [PROD] Sending payload 289/365 | Order Number: V14070708447
2026-07-07 14:04:12,597 - INFO - ThreadPoolExecutor-0_8 - [PROD] Payload 280/365 sent successfully. Status Code: 200
2026-07-07 14:04:12,598 - INFO - ThreadPoolExecutor-0_8 - [PROD] Sending payload 290/365 | Order Number: V14070708448
2026-07-07 14:04:12,750 - INFO - ThreadPoolExecutor-0_3 - [PROD] Payload 281/365 sent successfully. Status Code: 200
2026-07-07 14:04:12,752 - INFO - ThreadPoolExecutor-0_3 - [PROD] Sending payload 291/365 | Order Number: V14070708449
2026-07-07 14:04:12,819 - INFO - ThreadPoolExecutor-0_2 - [PROD] Payload 282/365 sent successfully. Status Code: 200
2026-07-07 14:04:12,821 - INFO - ThreadPoolExecutor-0_2 - [PROD] Sending payload 292/365 | Order Number: V14070708450
2026-07-07 14:04:12,933 - INFO - ThreadPoolExecutor-0_7 - [PROD] Payload 283/365 sent successfully. Status Code: 200
2026-07-07 14:04:12,934 - INFO - ThreadPoolExecutor-0_7 - [PROD] Sending payload 293/365 | Order Number: V14070708451
2026-07-07 14:04:13,101 - INFO - ThreadPoolExecutor-0_6 - [PROD] Payload 284/365 sent successfully. Status Code: 200
2026-07-07 14:04:13,101 - INFO - ThreadPoolExecutor-0_6 - [PROD] Sending payload 294/365 | Order Number: V14070708452
2026-07-07 14:04:13,103 - INFO - ThreadPoolExecutor-0_4 - [PROD] Payload 285/365 sent successfully. Status Code: 200
2026-07-07 14:04:13,104 - INFO - ThreadPoolExecutor-0_4 - [PROD] Sending payload 295/365 | Order Number: V14070708453
2026-07-07 14:04:13,271 - INFO - ThreadPoolExecutor-0_9 - [PROD] Payload 286/365 sent successfully. Status Code: 200
2026-07-07 14:04:13,273 - INFO - ThreadPoolExecutor-0_9 - [PROD] Sending payload 296/365 | Order Number: V14070708454
2026-07-07 14:04:13,453 - INFO - ThreadPoolExecutor-0_0 - [PROD] Payload 287/365 sent successfully. Status Code: 200
2026-07-07 14:04:13,456 - INFO - ThreadPoolExecutor-0_0 - [PROD] Sending payload 297/365 | Order Number: V14070708455
2026-07-07 14:04:13,673 - INFO - ThreadPoolExecutor-0_1 - [PROD] Payload 288/365 sent successfully. Status Code: 200
2026-07-07 14:04:13,674 - INFO - ThreadPoolExecutor-0_1 - [PROD] Sending payload 298/365 | Order Number: V14070708456
2026-07-07 14:04:13,977 - INFO - ThreadPoolExecutor-0_5 - [PROD] Payload 289/365 sent successfully. Status Code: 200
2026-07-07 14:04:13,979 - INFO - ThreadPoolExecutor-0_5 - [PROD] Sending payload 299/365 | Order Number: V14070708457
2026-07-07 14:04:14,146 - INFO - ThreadPoolExecutor-0_3 - [PROD] Payload 291/365 sent successfully. Status Code: 200
2026-07-07 14:04:14,148 - INFO - ThreadPoolExecutor-0_3 - [PROD] Sending payload 300/365 | Order Number: V14070708458
2026-07-07 14:04:14,180 - INFO - ThreadPoolExecutor-0_2 - [PROD] Payload 292/365 sent successfully. Status Code: 200
2026-07-07 14:04:14,181 - INFO - ThreadPoolExecutor-0_2 - [PROD] Sending payload 301/365 | Order Number: V14070708459
2026-07-07 14:04:14,350 - INFO - ThreadPoolExecutor-0_7 - [PROD] Payload 293/365 sent successfully. Status Code: 200
2026-07-07 14:04:14,351 - INFO - ThreadPoolExecutor-0_7 - [PROD] Sending payload 302/365 | Order Number: V14070708460
2026-07-07 14:04:14,458 - INFO - ThreadPoolExecutor-0_4 - [PROD] Payload 295/365 sent successfully. Status Code: 200
2026-07-07 14:04:14,460 - INFO - ThreadPoolExecutor-0_4 - [PROD] Sending payload 303/365 | Order Number: V14070708461
2026-07-07 14:04:14,764 - INFO - ThreadPoolExecutor-0_9 - [PROD] Payload 296/365 sent successfully. Status Code: 200
2026-07-07 14:04:14,766 - INFO - ThreadPoolExecutor-0_9 - [PROD] Sending payload 304/365 | Order Number: V14070708462
2026-07-07 14:04:15,005 - INFO - ThreadPoolExecutor-0_1 - [PROD] Payload 298/365 sent successfully. Status Code: 200
2026-07-07 14:04:15,008 - INFO - ThreadPoolExecutor-0_1 - [PROD] Sending payload 305/365 | Order Number: V14070708463
2026-07-07 14:04:15,336 - INFO - ThreadPoolExecutor-0_0 - [PROD] Payload 297/365 sent successfully. Status Code: 200
2026-07-07 14:04:15,338 - INFO - ThreadPoolExecutor-0_0 - [PROD] Sending payload 306/365 | Order Number: V14070708464
2026-07-07 14:04:15,346 - INFO - ThreadPoolExecutor-0_8 - [PROD] Payload 290/365 sent successfully. Status Code: 200
2026-07-07 14:04:15,347 - INFO - ThreadPoolExecutor-0_8 - [PROD] Sending payload 307/365 | Order Number: V14070708465
2026-07-07 14:04:15,395 - INFO - ThreadPoolExecutor-0_5 - [PROD] Payload 299/365 sent successfully. Status Code: 200
2026-07-07 14:04:15,396 - INFO - ThreadPoolExecutor-0_6 - [PROD] Payload 294/365 sent successfully. Status Code: 200
2026-07-07 14:04:15,396 - INFO - ThreadPoolExecutor-0_5 - [PROD] Sending payload 308/365 | Order Number: V14070708466
2026-07-07 14:04:15,397 - INFO - ThreadPoolExecutor-0_6 - [PROD] Sending payload 309/365 | Order Number: V14070708467
2026-07-07 14:04:15,506 - INFO - ThreadPoolExecutor-0_3 - [PROD] Payload 300/365 sent successfully. Status Code: 200
2026-07-07 14:04:15,508 - INFO - ThreadPoolExecutor-0_3 - [PROD] Sending payload 310/365 | Order Number: V14070708468
2026-07-07 14:04:15,722 - INFO - ThreadPoolExecutor-0_7 - [PROD] Payload 302/365 sent successfully. Status Code: 200
2026-07-07 14:04:15,724 - INFO - ThreadPoolExecutor-0_7 - [PROD] Sending payload 311/365 | Order Number: V14070708469
2026-07-07 14:04:15,885 - INFO - ThreadPoolExecutor-0_4 - [PROD] Payload 303/365 sent successfully. Status Code: 200
2026-07-07 14:04:15,888 - INFO - ThreadPoolExecutor-0_4 - [PROD] Sending payload 312/365 | Order Number: V14070708470
2026-07-07 14:04:16,381 - INFO - ThreadPoolExecutor-0_2 - [PROD] Payload 301/365 sent successfully. Status Code: 200
2026-07-07 14:04:16,383 - INFO - ThreadPoolExecutor-0_2 - [PROD] Sending payload 313/365 | Order Number: V14070708471
2026-07-07 14:04:16,735 - INFO - ThreadPoolExecutor-0_0 - [PROD] Payload 306/365 sent successfully. Status Code: 200
2026-07-07 14:04:16,737 - INFO - ThreadPoolExecutor-0_0 - [PROD] Sending payload 314/365 | Order Number: V14070708472
2026-07-07 14:04:16,766 - INFO - ThreadPoolExecutor-0_9 - [PROD] Payload 304/365 sent successfully. Status Code: 200
2026-07-07 14:04:16,766 - INFO - ThreadPoolExecutor-0_9 - [PROD] Sending payload 315/365 | Order Number: V14070708473
2026-07-07 14:04:16,913 - INFO - ThreadPoolExecutor-0_3 - [PROD] Payload 310/365 sent successfully. Status Code: 200
2026-07-07 14:04:16,914 - INFO - ThreadPoolExecutor-0_3 - [PROD] Sending payload 316/365 | Order Number: V14070708474
2026-07-07 14:04:16,937 - INFO - ThreadPoolExecutor-0_1 - [PROD] Payload 305/365 sent successfully. Status Code: 200
2026-07-07 14:04:16,938 - INFO - ThreadPoolExecutor-0_1 - [PROD] Sending payload 317/365 | Order Number: V14070708475
2026-07-07 14:04:16,940 - INFO - ThreadPoolExecutor-0_5 - [PROD] Payload 308/365 sent successfully. Status Code: 200
2026-07-07 14:04:16,940 - INFO - ThreadPoolExecutor-0_5 - [PROD] Sending payload 318/365 | Order Number: V14070708476
2026-07-07 14:04:16,950 - INFO - ThreadPoolExecutor-0_6 - [PROD] Payload 309/365 sent successfully. Status Code: 200
2026-07-07 14:04:16,951 - INFO - ThreadPoolExecutor-0_6 - [PROD] Sending payload 319/365 | Order Number: V14070708477
2026-07-07 14:04:17,198 - INFO - ThreadPoolExecutor-0_7 - [PROD] Payload 311/365 sent successfully. Status Code: 200
2026-07-07 14:04:17,200 - INFO - ThreadPoolExecutor-0_7 - [PROD] Sending payload 320/365 | Order Number: V14070708478
2026-07-07 14:04:17,325 - INFO - ThreadPoolExecutor-0_4 - [PROD] Payload 312/365 sent successfully. Status Code: 200
2026-07-07 14:04:17,327 - INFO - ThreadPoolExecutor-0_4 - [PROD] Sending payload 321/365 | Order Number: V14070708479
2026-07-07 14:04:17,481 - INFO - ThreadPoolExecutor-0_8 - [PROD] Payload 307/365 sent successfully. Status Code: 200
2026-07-07 14:04:17,482 - INFO - ThreadPoolExecutor-0_8 - [PROD] Sending payload 322/365 | Order Number: V14070708480
2026-07-07 14:04:17,786 - INFO - ThreadPoolExecutor-0_2 - [PROD] Payload 313/365 sent successfully. Status Code: 200
2026-07-07 14:04:17,788 - INFO - ThreadPoolExecutor-0_2 - [PROD] Sending payload 323/365 | Order Number: V14070708481
2026-07-07 14:04:18,095 - INFO - ThreadPoolExecutor-0_0 - [PROD] Payload 314/365 sent successfully. Status Code: 200
2026-07-07 14:04:18,098 - INFO - ThreadPoolExecutor-0_0 - [PROD] Sending payload 324/365 | Order Number: V14070708482
2026-07-07 14:04:18,127 - INFO - ThreadPoolExecutor-0_9 - [PROD] Payload 315/365 sent successfully. Status Code: 200
2026-07-07 14:04:18,128 - INFO - ThreadPoolExecutor-0_9 - [PROD] Sending payload 325/365 | Order Number: V14070708483
2026-07-07 14:04:18,474 - INFO - ThreadPoolExecutor-0_3 - [PROD] Payload 316/365 sent successfully. Status Code: 200
2026-07-07 14:04:18,475 - INFO - ThreadPoolExecutor-0_3 - [PROD] Sending payload 326/365 | Order Number: V14070708484
2026-07-07 14:04:18,622 - INFO - ThreadPoolExecutor-0_5 - [PROD] Payload 318/365 sent successfully. Status Code: 200
2026-07-07 14:04:18,623 - INFO - ThreadPoolExecutor-0_5 - [PROD] Sending payload 327/365 | Order Number: V14070708485
2026-07-07 14:04:18,683 - INFO - ThreadPoolExecutor-0_7 - [PROD] Payload 320/365 sent successfully. Status Code: 200
2026-07-07 14:04:18,685 - INFO - ThreadPoolExecutor-0_7 - [PROD] Sending payload 328/365 | Order Number: V14070708486
2026-07-07 14:04:18,839 - INFO - ThreadPoolExecutor-0_4 - [PROD] Payload 321/365 sent successfully. Status Code: 200
2026-07-07 14:04:18,841 - INFO - ThreadPoolExecutor-0_4 - [PROD] Sending payload 329/365 | Order Number: V14070708487
2026-07-07 14:04:18,915 - INFO - ThreadPoolExecutor-0_8 - [PROD] Payload 322/365 sent successfully. Status Code: 200
2026-07-07 14:04:18,917 - INFO - ThreadPoolExecutor-0_8 - [PROD] Sending payload 330/365 | Order Number: V14070708488
2026-07-07 14:04:19,109 - INFO - ThreadPoolExecutor-0_6 - [PROD] Payload 319/365 sent successfully. Status Code: 200
2026-07-07 14:04:19,111 - INFO - ThreadPoolExecutor-0_6 - [PROD] Sending payload 331/365 | Order Number: V14070708489
2026-07-07 14:04:19,232 - INFO - ThreadPoolExecutor-0_1 - [PROD] Payload 317/365 sent successfully. Status Code: 200
2026-07-07 14:04:19,234 - INFO - ThreadPoolExecutor-0_1 - [PROD] Sending payload 332/365 | Order Number: V14070708490
2026-07-07 14:04:19,304 - INFO - ThreadPoolExecutor-0_2 - [PROD] Payload 323/365 sent successfully. Status Code: 200
2026-07-07 14:04:19,307 - INFO - ThreadPoolExecutor-0_2 - [PROD] Sending payload 333/365 | Order Number: V14070708491
2026-07-07 14:04:19,390 - INFO - ThreadPoolExecutor-0_0 - [PROD] Payload 324/365 sent successfully. Status Code: 200
2026-07-07 14:04:19,394 - INFO - ThreadPoolExecutor-0_0 - [PROD] Sending payload 334/365 | Order Number: V14070708492
2026-07-07 14:04:19,455 - INFO - ThreadPoolExecutor-0_9 - [PROD] Payload 325/365 sent successfully. Status Code: 200
2026-07-07 14:04:19,457 - INFO - ThreadPoolExecutor-0_9 - [PROD] Sending payload 335/365 | Order Number: V14070708493
2026-07-07 14:04:19,902 - INFO - ThreadPoolExecutor-0_3 - [PROD] Payload 326/365 sent successfully. Status Code: 200
2026-07-07 14:04:19,904 - INFO - ThreadPoolExecutor-0_3 - [PROD] Sending payload 336/365 | Order Number: V14070708494
2026-07-07 14:04:19,963 - INFO - ThreadPoolExecutor-0_5 - [PROD] Payload 327/365 sent successfully. Status Code: 200
2026-07-07 14:04:19,965 - INFO - ThreadPoolExecutor-0_5 - [PROD] Sending payload 337/365 | Order Number: V14070708495
2026-07-07 14:04:20,023 - INFO - ThreadPoolExecutor-0_7 - [PROD] Payload 328/365 sent successfully. Status Code: 200
2026-07-07 14:04:20,025 - INFO - ThreadPoolExecutor-0_7 - [PROD] Sending payload 338/365 | Order Number: V14070708496
2026-07-07 14:04:20,241 - INFO - ThreadPoolExecutor-0_4 - [PROD] Payload 329/365 sent successfully. Status Code: 200
2026-07-07 14:04:20,243 - INFO - ThreadPoolExecutor-0_4 - [PROD] Sending payload 339/365 | Order Number: V14070708497
2026-07-07 14:04:20,259 - INFO - ThreadPoolExecutor-0_8 - [PROD] Payload 330/365 sent successfully. Status Code: 200
2026-07-07 14:04:20,259 - INFO - ThreadPoolExecutor-0_8 - [PROD] Sending payload 340/365 | Order Number: V14070708498
2026-07-07 14:04:20,489 - INFO - ThreadPoolExecutor-0_6 - [PROD] Payload 331/365 sent successfully. Status Code: 200
2026-07-07 14:04:20,491 - INFO - ThreadPoolExecutor-0_6 - [PROD] Sending payload 341/365 | Order Number: V14070708499
2026-07-07 14:04:20,678 - INFO - ThreadPoolExecutor-0_2 - [PROD] Payload 333/365 sent successfully. Status Code: 200
2026-07-07 14:04:20,680 - INFO - ThreadPoolExecutor-0_2 - [PROD] Sending payload 342/365 | Order Number: V14070708500
2026-07-07 14:04:20,731 - INFO - ThreadPoolExecutor-0_1 - [PROD] Payload 332/365 sent successfully. Status Code: 200
2026-07-07 14:04:20,732 - INFO - ThreadPoolExecutor-0_1 - [PROD] Sending payload 343/365 | Order Number: V14070708501
2026-07-07 14:04:20,815 - INFO - ThreadPoolExecutor-0_9 - [PROD] Payload 335/365 sent successfully. Status Code: 200
2026-07-07 14:04:20,817 - INFO - ThreadPoolExecutor-0_9 - [PROD] Sending payload 344/365 | Order Number: V14070708502
2026-07-07 14:04:20,905 - INFO - ThreadPoolExecutor-0_0 - [PROD] Payload 334/365 sent successfully. Status Code: 200
2026-07-07 14:04:20,905 - INFO - ThreadPoolExecutor-0_0 - [PROD] Sending payload 345/365 | Order Number: V14070708503
2026-07-07 14:04:21,252 - INFO - ThreadPoolExecutor-0_3 - [PROD] Payload 336/365 sent successfully. Status Code: 200
2026-07-07 14:04:21,253 - INFO - ThreadPoolExecutor-0_3 - [PROD] Sending payload 346/365 | Order Number: V14070708504
2026-07-07 14:04:21,358 - INFO - ThreadPoolExecutor-0_5 - [PROD] Payload 337/365 sent successfully. Status Code: 200
2026-07-07 14:04:21,360 - INFO - ThreadPoolExecutor-0_5 - [PROD] Sending payload 347/365 | Order Number: V14070708505
2026-07-07 14:04:21,367 - INFO - ThreadPoolExecutor-0_7 - [PROD] Payload 338/365 sent successfully. Status Code: 200
2026-07-07 14:04:21,368 - INFO - ThreadPoolExecutor-0_7 - [PROD] Sending payload 348/365 | Order Number: V14070708506
2026-07-07 14:04:21,601 - INFO - ThreadPoolExecutor-0_4 - [PROD] Payload 339/365 sent successfully. Status Code: 200
2026-07-07 14:04:21,604 - INFO - ThreadPoolExecutor-0_4 - [PROD] Sending payload 349/365 | Order Number: V14070708507
2026-07-07 14:04:21,612 - INFO - ThreadPoolExecutor-0_8 - [PROD] Payload 340/365 sent successfully. Status Code: 200
2026-07-07 14:04:21,612 - INFO - ThreadPoolExecutor-0_8 - [PROD] Sending payload 350/365 | Order Number: V14070708508
2026-07-07 14:04:21,851 - INFO - ThreadPoolExecutor-0_6 - [PROD] Payload 341/365 sent successfully. Status Code: 200
2026-07-07 14:04:21,853 - INFO - ThreadPoolExecutor-0_6 - [PROD] Sending payload 351/365 | Order Number: V14070708509
2026-07-07 14:04:22,048 - INFO - ThreadPoolExecutor-0_2 - [PROD] Payload 342/365 sent successfully. Status Code: 200
2026-07-07 14:04:22,050 - INFO - ThreadPoolExecutor-0_2 - [PROD] Sending payload 352/365 | Order Number: V14070708510
2026-07-07 14:04:22,171 - INFO - ThreadPoolExecutor-0_1 - [PROD] Payload 343/365 sent successfully. Status Code: 200
2026-07-07 14:04:22,174 - INFO - ThreadPoolExecutor-0_1 - [PROD] Sending payload 353/365 | Order Number: V14070708511
2026-07-07 14:04:22,245 - INFO - ThreadPoolExecutor-0_9 - [PROD] Payload 344/365 sent successfully. Status Code: 200
2026-07-07 14:04:22,248 - INFO - ThreadPoolExecutor-0_9 - [PROD] Sending payload 354/365 | Order Number: V14070708512
2026-07-07 14:04:22,261 - INFO - ThreadPoolExecutor-0_0 - [PROD] Payload 345/365 sent successfully. Status Code: 200
2026-07-07 14:04:22,262 - INFO - ThreadPoolExecutor-0_0 - [PROD] Sending payload 355/365 | Order Number: V14070708513
2026-07-07 14:04:22,622 - INFO - ThreadPoolExecutor-0_3 - [PROD] Payload 346/365 sent successfully. Status Code: 200
2026-07-07 14:04:22,624 - INFO - ThreadPoolExecutor-0_3 - [PROD] Sending payload 356/365 | Order Number: V14070708514
2026-07-07 14:04:22,809 - INFO - ThreadPoolExecutor-0_7 - [PROD] Payload 348/365 sent successfully. Status Code: 200
2026-07-07 14:04:22,810 - INFO - ThreadPoolExecutor-0_7 - [PROD] Sending payload 357/365 | Order Number: V14070708515
2026-07-07 14:04:22,945 - INFO - ThreadPoolExecutor-0_4 - [PROD] Payload 349/365 sent successfully. Status Code: 200
2026-07-07 14:04:22,945 - INFO - ThreadPoolExecutor-0_4 - [PROD] Sending payload 358/365 | Order Number: V14070708516
2026-07-07 14:04:22,979 - INFO - ThreadPoolExecutor-0_5 - [PROD] Payload 347/365 sent successfully. Status Code: 200
2026-07-07 14:04:22,980 - INFO - ThreadPoolExecutor-0_5 - [PROD] Sending payload 359/365 | Order Number: V14070708517
2026-07-07 14:04:23,119 - INFO - ThreadPoolExecutor-0_8 - [PROD] Payload 350/365 sent successfully. Status Code: 200
2026-07-07 14:04:23,120 - INFO - ThreadPoolExecutor-0_8 - [PROD] Sending payload 360/365 | Order Number: V14070708518
2026-07-07 14:04:23,406 - INFO - ThreadPoolExecutor-0_2 - [PROD] Payload 352/365 sent successfully. Status Code: 200
2026-07-07 14:04:23,407 - INFO - ThreadPoolExecutor-0_2 - [PROD] Sending payload 361/365 | Order Number: V14070708519
2026-07-07 14:04:23,468 - INFO - ThreadPoolExecutor-0_6 - [PROD] Payload 351/365 sent successfully. Status Code: 200
2026-07-07 14:04:23,469 - INFO - ThreadPoolExecutor-0_6 - [PROD] Sending payload 362/365 | Order Number: V14070708520
2026-07-07 14:04:23,523 - INFO - ThreadPoolExecutor-0_1 - [PROD] Payload 353/365 sent successfully. Status Code: 200
2026-07-07 14:04:23,526 - INFO - ThreadPoolExecutor-0_1 - [PROD] Sending payload 363/365 | Order Number: V14070708521
2026-07-07 14:04:23,732 - INFO - ThreadPoolExecutor-0_9 - [PROD] Payload 354/365 sent successfully. Status Code: 200
2026-07-07 14:04:23,734 - INFO - ThreadPoolExecutor-0_9 - [PROD] Sending payload 364/365 | Order Number: V14070708522
2026-07-07 14:04:23,971 - INFO - ThreadPoolExecutor-0_3 - [PROD] Payload 356/365 sent successfully. Status Code: 200
2026-07-07 14:04:23,976 - INFO - ThreadPoolExecutor-0_3 - [PROD] Sending payload 365/365 | Order Number: V14070708523
2026-07-07 14:04:24,142 - INFO - ThreadPoolExecutor-0_7 - [PROD] Payload 357/365 sent successfully. Status Code: 200
2026-07-07 14:04:24,318 - INFO - ThreadPoolExecutor-0_4 - [PROD] Payload 358/365 sent successfully. Status Code: 200
2026-07-07 14:04:24,437 - INFO - ThreadPoolExecutor-0_5 - [PROD] Payload 359/365 sent successfully. Status Code: 200
2026-07-07 14:04:24,563 - INFO - ThreadPoolExecutor-0_8 - [PROD] Payload 360/365 sent successfully. Status Code: 200
2026-07-07 14:04:24,610 - INFO - ThreadPoolExecutor-0_0 - [PROD] Payload 355/365 sent successfully. Status Code: 200
2026-07-07 14:04:24,763 - INFO - ThreadPoolExecutor-0_2 - [PROD] Payload 361/365 sent successfully. Status Code: 200
2026-07-07 14:04:24,910 - INFO - ThreadPoolExecutor-0_1 - [PROD] Payload 363/365 sent successfully. Status Code: 200
2026-07-07 14:04:25,076 - INFO - ThreadPoolExecutor-0_9 - [PROD] Payload 364/365 sent successfully. Status Code: 200
2026-07-07 14:04:25,361 - INFO - ThreadPoolExecutor-0_3 - [PROD] Payload 365/365 sent successfully. Status Code: 200
2026-07-07 14:04:25,512 - INFO - ThreadPoolExecutor-0_6 - [PROD] Payload 362/365 sent successfully. Status Code: 200
2026-07-07 14:04:25,514 - INFO - MainThread - Completed order creation. Success: 365, Failed: 0, Total: 365
