2026-06-30 20:56:48,378 - INFO - MainThread - Execution log file: /Users/vgana3/Documents/GitHub/Nike/J30/Outbound/logs/FR_Order_Creation_Prod_Multithread_20260630_205648_374569.log
2026-06-30 20:56:48,671 - INFO - MainThread - Sheets found in '/Users/vgana3/Documents/GitHub/Nike/J30/Input_files/Outbound_Worksheet.xlsx': ['CreateOrder', 'Parent_Order', 'BackUp', 'TranLog', 'MHE_Journal', 'OriginalOrderInput', 'CreateShipment', 'MasterData', 'MasterInput', 'Shipment_ID', 'Item_info', 'B2B_SUB_HUB']
2026-06-30 20:56:48,850 - INFO - MainThread - Successfully extracted 1000 data row(s) for processing.
2026-06-30 20:56:48,850 - INFO - MainThread - Processing Excel Row 1
2026-06-30 20:56:48,855 - INFO - MainThread - Order: V4063005003
2026-06-30 20:56:48,855 - INFO - MainThread - Processing Excel Row 2
2026-06-30 20:56:48,858 - INFO - MainThread - Order: V4063005004
2026-06-30 20:56:48,858 - INFO - MainThread - Processing Excel Row 3
2026-06-30 20:56:48,862 - INFO - MainThread - Order: V4063005005
2026-06-30 20:56:48,862 - INFO - MainThread - Processing Excel Row 4
2026-06-30 20:56:48,866 - INFO - MainThread - Order: V4063005006
2026-06-30 20:56:48,866 - INFO - MainThread - Processing Excel Row 5
2026-06-30 20:56:48,872 - INFO - MainThread - Order: V4063005007
2026-06-30 20:56:48,872 - INFO - MainThread - Processing Excel Row 6
2026-06-30 20:56:48,874 - INFO - MainThread - Order: V4063005008
2026-06-30 20:56:48,874 - INFO - MainThread - Processing Excel Row 7
2026-06-30 20:56:48,876 - INFO - MainThread - Order: V4063005009
2026-06-30 20:56:48,876 - INFO - MainThread - Processing Excel Row 8
2026-06-30 20:56:48,878 - INFO - MainThread - Order: V4063005010
2026-06-30 20:56:48,878 - INFO - MainThread - Processing Excel Row 9
2026-06-30 20:56:48,880 - INFO - MainThread - Order: V4063005011
2026-06-30 20:56:48,880 - INFO - MainThread - Processing Excel Row 10
2026-06-30 20:56:48,883 - INFO - MainThread - Order: V4063005012
2026-06-30 20:56:48,883 - INFO - MainThread - Processing Excel Row 11
2026-06-30 20:56:48,886 - INFO - MainThread - Order: V4063005013
2026-06-30 20:56:48,886 - INFO - MainThread - Processing Excel Row 12
2026-06-30 20:56:48,888 - INFO - MainThread - Order: V4063005014
2026-06-30 20:56:48,888 - INFO - MainThread - Processing Excel Row 13
2026-06-30 20:56:48,890 - INFO - MainThread - Order: V4063005015
2026-06-30 20:56:48,890 - INFO - MainThread - Processing Excel Row 14
2026-06-30 20:56:48,893 - INFO - MainThread - Order: V4063005016
2026-06-30 20:56:48,893 - INFO - MainThread - Processing Excel Row 15
2026-06-30 20:56:48,897 - INFO - MainThread - Order: V4063005017
2026-06-30 20:56:48,897 - INFO - MainThread - Processing Excel Row 16
2026-06-30 20:56:48,899 - INFO - MainThread - Order: V4063005018
2026-06-30 20:56:48,899 - INFO - MainThread - Processing Excel Row 17
2026-06-30 20:56:48,901 - INFO - MainThread - Order: V4063005019
2026-06-30 20:56:48,901 - INFO - MainThread - Processing Excel Row 18
2026-06-30 20:56:48,904 - INFO - MainThread - Order: V4063005020
2026-06-30 20:56:48,904 - INFO - MainThread - Processing Excel Row 19
2026-06-30 20:56:48,906 - INFO - MainThread - Order: V4063005021
2026-06-30 20:56:48,906 - INFO - MainThread - Processing Excel Row 20
2026-06-30 20:56:48,907 - INFO - MainThread - Order: V4063005022
2026-06-30 20:56:48,908 - INFO - MainThread - Processing Excel Row 21
2026-06-30 20:56:48,909 - INFO - MainThread - Order: V4063005023
2026-06-30 20:56:48,909 - INFO - MainThread - Processing Excel Row 22
2026-06-30 20:56:48,910 - INFO - MainThread - Order: V4063005024
2026-06-30 20:56:48,910 - INFO - MainThread - Processing Excel Row 23
2026-06-30 20:56:48,911 - INFO - MainThread - Order: V4063005025
2026-06-30 20:56:48,912 - INFO - MainThread - Processing Excel Row 24
2026-06-30 20:56:48,913 - INFO - MainThread - Order: V4063005026
2026-06-30 20:56:48,913 - INFO - MainThread - Processing Excel Row 25
2026-06-30 20:56:48,914 - INFO - MainThread - Order: V4063005027
2026-06-30 20:56:48,914 - INFO - MainThread - Processing Excel Row 26
2026-06-30 20:56:48,915 - INFO - MainThread - Order: V4063005028
2026-06-30 20:56:48,915 - INFO - MainThread - Processing Excel Row 27
2026-06-30 20:56:48,916 - INFO - MainThread - Order: V4063005029
2026-06-30 20:56:48,916 - INFO - MainThread - Processing Excel Row 28
2026-06-30 20:56:48,917 - INFO - MainThread - Order: V4063005030
2026-06-30 20:56:48,917 - INFO - MainThread - Processing Excel Row 29
2026-06-30 20:56:48,918 - INFO - MainThread - Order: V4063005031
2026-06-30 20:56:48,918 - INFO - MainThread - Processing Excel Row 30
2026-06-30 20:56:48,919 - INFO - MainThread - Order: V4063005032
2026-06-30 20:56:48,919 - INFO - MainThread - Processing Excel Row 31
2026-06-30 20:56:48,920 - INFO - MainThread - Order: V4063005033
2026-06-30 20:56:48,920 - INFO - MainThread - Processing Excel Row 32
2026-06-30 20:56:48,921 - INFO - MainThread - Order: V4063005034
2026-06-30 20:56:48,921 - INFO - MainThread - Processing Excel Row 33
2026-06-30 20:56:48,922 - INFO - MainThread - Order: V4063005035
2026-06-30 20:56:48,922 - INFO - MainThread - Processing Excel Row 34
2026-06-30 20:56:48,923 - INFO - MainThread - Order: V4063005036
2026-06-30 20:56:48,923 - INFO - MainThread - Processing Excel Row 35
2026-06-30 20:56:48,924 - INFO - MainThread - Order: V4063005037
2026-06-30 20:56:48,924 - INFO - MainThread - Processing Excel Row 36
2026-06-30 20:56:48,924 - INFO - MainThread - Order: V4063005038
2026-06-30 20:56:48,925 - INFO - MainThread - Processing Excel Row 37
2026-06-30 20:56:48,925 - INFO - MainThread - Order: V4063005039
2026-06-30 20:56:48,925 - INFO - MainThread - Processing Excel Row 38
2026-06-30 20:56:48,927 - INFO - MainThread - Order: V4063005040
2026-06-30 20:56:48,927 - INFO - MainThread - Processing Excel Row 39
2026-06-30 20:56:48,928 - INFO - MainThread - Order: V4063005041
2026-06-30 20:56:48,928 - INFO - MainThread - Processing Excel Row 40
2026-06-30 20:56:48,929 - INFO - MainThread - Order: V4063005042
2026-06-30 20:56:48,929 - INFO - MainThread - Processing Excel Row 41
2026-06-30 20:56:48,929 - INFO - MainThread - Order: V4063005043
2026-06-30 20:56:48,930 - INFO - MainThread - Processing Excel Row 42
2026-06-30 20:56:48,931 - INFO - MainThread - Order: V4063005044
2026-06-30 20:56:48,931 - INFO - MainThread - Processing Excel Row 43
2026-06-30 20:56:48,932 - INFO - MainThread - Order: V4063005045
2026-06-30 20:56:48,932 - INFO - MainThread - Processing Excel Row 44
2026-06-30 20:56:48,933 - INFO - MainThread - Order: V4063005046
2026-06-30 20:56:48,933 - INFO - MainThread - Processing Excel Row 45
2026-06-30 20:56:48,934 - INFO - MainThread - Order: V4063005047
2026-06-30 20:56:48,934 - INFO - MainThread - Processing Excel Row 46
2026-06-30 20:56:48,934 - INFO - MainThread - Order: V4063005048
2026-06-30 20:56:48,935 - INFO - MainThread - Processing Excel Row 47
2026-06-30 20:56:48,935 - INFO - MainThread - Order: V4063005049
2026-06-30 20:56:48,935 - INFO - MainThread - Processing Excel Row 48
2026-06-30 20:56:48,936 - INFO - MainThread - Order: V4063005050
2026-06-30 20:56:48,936 - INFO - MainThread - Processing Excel Row 49
2026-06-30 20:56:48,937 - INFO - MainThread - Order: V4063005051
2026-06-30 20:56:48,937 - INFO - MainThread - Processing Excel Row 50
2026-06-30 20:56:48,938 - INFO - MainThread - Order: V4063005052
2026-06-30 20:56:48,938 - INFO - MainThread - Processing Excel Row 51
2026-06-30 20:56:48,940 - INFO - MainThread - Order: V4063005053
2026-06-30 20:56:48,940 - INFO - MainThread - Processing Excel Row 52
2026-06-30 20:56:48,945 - INFO - MainThread - Order: V4063005054
2026-06-30 20:56:48,945 - INFO - MainThread - Processing Excel Row 53
2026-06-30 20:56:48,947 - INFO - MainThread - Order: V4063005055
2026-06-30 20:56:48,947 - INFO - MainThread - Processing Excel Row 54
2026-06-30 20:56:48,948 - INFO - MainThread - Order: V4063005056
2026-06-30 20:56:48,948 - INFO - MainThread - Processing Excel Row 55
2026-06-30 20:56:48,948 - INFO - MainThread - Order: V4063005057
2026-06-30 20:56:48,948 - INFO - MainThread - Processing Excel Row 56
2026-06-30 20:56:48,949 - INFO - MainThread - Order: V4063005058
2026-06-30 20:56:48,949 - INFO - MainThread - Processing Excel Row 57
2026-06-30 20:56:48,950 - INFO - MainThread - Order: V4063005059
2026-06-30 20:56:48,950 - INFO - MainThread - Processing Excel Row 58
2026-06-30 20:56:48,951 - INFO - MainThread - Order: V4063005060
2026-06-30 20:56:48,951 - INFO - MainThread - Processing Excel Row 59
2026-06-30 20:56:48,952 - INFO - MainThread - Order: V4063005061
2026-06-30 20:56:48,952 - INFO - MainThread - Processing Excel Row 60
2026-06-30 20:56:48,952 - INFO - MainThread - Order: V4063005062
2026-06-30 20:56:48,952 - INFO - MainThread - Processing Excel Row 61
2026-06-30 20:56:48,953 - INFO - MainThread - Order: V4063005063
2026-06-30 20:56:48,953 - INFO - MainThread - Processing Excel Row 62
2026-06-30 20:56:48,954 - INFO - MainThread - Order: V4063005064
2026-06-30 20:56:48,954 - INFO - MainThread - Processing Excel Row 63
2026-06-30 20:56:48,955 - INFO - MainThread - Order: V4063005065
2026-06-30 20:56:48,955 - INFO - MainThread - Processing Excel Row 64
2026-06-30 20:56:48,956 - INFO - MainThread - Order: V4063005066
2026-06-30 20:56:48,956 - INFO - MainThread - Processing Excel Row 65
2026-06-30 20:56:48,957 - INFO - MainThread - Order: V4063005067
2026-06-30 20:56:48,957 - INFO - MainThread - Processing Excel Row 66
2026-06-30 20:56:48,958 - INFO - MainThread - Order: V4063005068
2026-06-30 20:56:48,958 - INFO - MainThread - Processing Excel Row 67
2026-06-30 20:56:48,959 - INFO - MainThread - Order: V4063005069
2026-06-30 20:56:48,959 - INFO - MainThread - Processing Excel Row 68
2026-06-30 20:56:48,960 - INFO - MainThread - Order: V4063005070
2026-06-30 20:56:48,960 - INFO - MainThread - Processing Excel Row 69
2026-06-30 20:56:48,961 - INFO - MainThread - Order: V4063005071
2026-06-30 20:56:48,961 - INFO - MainThread - Processing Excel Row 70
2026-06-30 20:56:48,961 - INFO - MainThread - Order: V4063005072
2026-06-30 20:56:48,961 - INFO - MainThread - Processing Excel Row 71
2026-06-30 20:56:48,962 - INFO - MainThread - Order: V4063005073
2026-06-30 20:56:48,962 - INFO - MainThread - Processing Excel Row 72
2026-06-30 20:56:48,963 - INFO - MainThread - Order: V4063005074
2026-06-30 20:56:48,963 - INFO - MainThread - Processing Excel Row 73
2026-06-30 20:56:48,964 - INFO - MainThread - Order: V4063005075
2026-06-30 20:56:48,964 - INFO - MainThread - Processing Excel Row 74
2026-06-30 20:56:48,965 - INFO - MainThread - Order: V4063005076
2026-06-30 20:56:48,965 - INFO - MainThread - Processing Excel Row 75
2026-06-30 20:56:48,965 - INFO - MainThread - Order: V4063005077
2026-06-30 20:56:48,965 - INFO - MainThread - Processing Excel Row 76
2026-06-30 20:56:48,966 - INFO - MainThread - Order: V4063005078
2026-06-30 20:56:48,966 - INFO - MainThread - Processing Excel Row 77
2026-06-30 20:56:48,967 - INFO - MainThread - Order: V4063005079
2026-06-30 20:56:48,967 - INFO - MainThread - Processing Excel Row 78
2026-06-30 20:56:48,968 - INFO - MainThread - Order: V4063005080
2026-06-30 20:56:48,968 - INFO - MainThread - Processing Excel Row 79
2026-06-30 20:56:48,968 - INFO - MainThread - Order: V4063005081
2026-06-30 20:56:48,968 - INFO - MainThread - Processing Excel Row 80
2026-06-30 20:56:48,969 - INFO - MainThread - Order: V4063005082
2026-06-30 20:56:48,969 - INFO - MainThread - Processing Excel Row 81
2026-06-30 20:56:48,970 - INFO - MainThread - Order: V4063005083
2026-06-30 20:56:48,970 - INFO - MainThread - Processing Excel Row 82
2026-06-30 20:56:48,971 - INFO - MainThread - Order: V4063005084
2026-06-30 20:56:48,971 - INFO - MainThread - Processing Excel Row 83
2026-06-30 20:56:48,971 - INFO - MainThread - Order: V4063005085
2026-06-30 20:56:48,971 - INFO - MainThread - Processing Excel Row 84
2026-06-30 20:56:48,972 - INFO - MainThread - Order: V4063005086
2026-06-30 20:56:48,972 - INFO - MainThread - Processing Excel Row 85
2026-06-30 20:56:48,973 - INFO - MainThread - Order: V4063005087
2026-06-30 20:56:48,973 - INFO - MainThread - Processing Excel Row 86
2026-06-30 20:56:48,974 - INFO - MainThread - Order: V4063005088
2026-06-30 20:56:48,974 - INFO - MainThread - Processing Excel Row 87
2026-06-30 20:56:48,975 - INFO - MainThread - Order: V4063005089
2026-06-30 20:56:48,975 - INFO - MainThread - Processing Excel Row 88
2026-06-30 20:56:48,976 - INFO - MainThread - Order: V4063005090
2026-06-30 20:56:48,976 - INFO - MainThread - Processing Excel Row 89
2026-06-30 20:56:48,977 - INFO - MainThread - Order: V4063005091
2026-06-30 20:56:48,977 - INFO - MainThread - Processing Excel Row 90
2026-06-30 20:56:48,978 - INFO - MainThread - Order: V4063005092
2026-06-30 20:56:48,978 - INFO - MainThread - Processing Excel Row 91
2026-06-30 20:56:48,979 - INFO - MainThread - Order: V4063005093
2026-06-30 20:56:48,979 - INFO - MainThread - Processing Excel Row 92
2026-06-30 20:56:48,980 - INFO - MainThread - Order: V4063005094
2026-06-30 20:56:48,980 - INFO - MainThread - Processing Excel Row 93
2026-06-30 20:56:48,981 - INFO - MainThread - Order: V4063005095
2026-06-30 20:56:48,981 - INFO - MainThread - Processing Excel Row 94
2026-06-30 20:56:48,982 - INFO - MainThread - Order: V4063005096
2026-06-30 20:56:48,982 - INFO - MainThread - Processing Excel Row 95
2026-06-30 20:56:48,982 - INFO - MainThread - Order: V4063005097
2026-06-30 20:56:48,983 - INFO - MainThread - Processing Excel Row 96
2026-06-30 20:56:48,983 - INFO - MainThread - Order: V4063005098
2026-06-30 20:56:48,983 - INFO - MainThread - Processing Excel Row 97
2026-06-30 20:56:48,984 - INFO - MainThread - Order: V4063005099
2026-06-30 20:56:48,984 - INFO - MainThread - Processing Excel Row 98
2026-06-30 20:56:48,985 - INFO - MainThread - Order: V4063005100
2026-06-30 20:56:48,985 - INFO - MainThread - Processing Excel Row 99
2026-06-30 20:56:48,986 - INFO - MainThread - Order: V4063005101
2026-06-30 20:56:48,986 - INFO - MainThread - Processing Excel Row 100
2026-06-30 20:56:48,987 - INFO - MainThread - Order: V4063005102
2026-06-30 20:56:48,987 - INFO - MainThread - Processing Excel Row 101
2026-06-30 20:56:48,988 - INFO - MainThread - Order: V4063005103
2026-06-30 20:56:48,988 - INFO - MainThread - Processing Excel Row 102
2026-06-30 20:56:48,989 - INFO - MainThread - Order: V4063005104
2026-06-30 20:56:48,989 - INFO - MainThread - Processing Excel Row 103
2026-06-30 20:56:48,990 - INFO - MainThread - Order: V4063005105
2026-06-30 20:56:48,990 - INFO - MainThread - Processing Excel Row 104
2026-06-30 20:56:48,991 - INFO - MainThread - Order: V4063005106
2026-06-30 20:56:48,991 - INFO - MainThread - Processing Excel Row 105
2026-06-30 20:56:48,992 - INFO - MainThread - Order: V4063005107
2026-06-30 20:56:48,992 - INFO - MainThread - Processing Excel Row 106
2026-06-30 20:56:48,993 - INFO - MainThread - Order: V4063005108
2026-06-30 20:56:48,994 - INFO - MainThread - Processing Excel Row 107
2026-06-30 20:56:48,994 - INFO - MainThread - Order: V4063005109
2026-06-30 20:56:48,994 - INFO - MainThread - Processing Excel Row 108
2026-06-30 20:56:48,995 - INFO - MainThread - Order: V4063005110
2026-06-30 20:56:48,995 - INFO - MainThread - Processing Excel Row 109
2026-06-30 20:56:48,996 - INFO - MainThread - Order: V4063005111
2026-06-30 20:56:48,996 - INFO - MainThread - Processing Excel Row 110
2026-06-30 20:56:48,997 - INFO - MainThread - Order: V4063005112
2026-06-30 20:56:48,997 - INFO - MainThread - Processing Excel Row 111
2026-06-30 20:56:48,998 - INFO - MainThread - Order: V4063005113
2026-06-30 20:56:48,998 - INFO - MainThread - Processing Excel Row 112
2026-06-30 20:56:48,999 - INFO - MainThread - Order: V4063005114
2026-06-30 20:56:48,999 - INFO - MainThread - Processing Excel Row 113
2026-06-30 20:56:49,000 - INFO - MainThread - Order: V4063005115
2026-06-30 20:56:49,000 - INFO - MainThread - Processing Excel Row 114
2026-06-30 20:56:49,001 - INFO - MainThread - Order: V4063005116
2026-06-30 20:56:49,001 - INFO - MainThread - Processing Excel Row 115
2026-06-30 20:56:49,002 - INFO - MainThread - Order: V4063005117
2026-06-30 20:56:49,002 - INFO - MainThread - Processing Excel Row 116
2026-06-30 20:56:49,003 - INFO - MainThread - Order: V4063005118
2026-06-30 20:56:49,003 - INFO - MainThread - Processing Excel Row 117
2026-06-30 20:56:49,003 - INFO - MainThread - Order: V4063005119
2026-06-30 20:56:49,004 - INFO - MainThread - Processing Excel Row 118
2026-06-30 20:56:49,004 - INFO - MainThread - Order: V4063005120
2026-06-30 20:56:49,005 - INFO - MainThread - Processing Excel Row 119
2026-06-30 20:56:49,005 - INFO - MainThread - Order: V4063005121
2026-06-30 20:56:49,005 - INFO - MainThread - Processing Excel Row 120
2026-06-30 20:56:49,006 - INFO - MainThread - Order: V4063005122
2026-06-30 20:56:49,006 - INFO - MainThread - Processing Excel Row 121
2026-06-30 20:56:49,007 - INFO - MainThread - Order: V4063005123
2026-06-30 20:56:49,007 - INFO - MainThread - Processing Excel Row 122
2026-06-30 20:56:49,008 - INFO - MainThread - Order: V4063005124
2026-06-30 20:56:49,008 - INFO - MainThread - Processing Excel Row 123
2026-06-30 20:56:49,009 - INFO - MainThread - Order: V4063005125
2026-06-30 20:56:49,009 - INFO - MainThread - Processing Excel Row 124
2026-06-30 20:56:49,010 - INFO - MainThread - Order: V4063005126
2026-06-30 20:56:49,010 - INFO - MainThread - Processing Excel Row 125
2026-06-30 20:56:49,011 - INFO - MainThread - Order: V4063005127
2026-06-30 20:56:49,011 - INFO - MainThread - Processing Excel Row 126
2026-06-30 20:56:49,012 - INFO - MainThread - Order: V4063005128
2026-06-30 20:56:49,012 - INFO - MainThread - Processing Excel Row 127
2026-06-30 20:56:49,012 - INFO - MainThread - Order: V4063005129
2026-06-30 20:56:49,012 - INFO - MainThread - Processing Excel Row 128
2026-06-30 20:56:49,013 - INFO - MainThread - Order: V4063005130
2026-06-30 20:56:49,013 - INFO - MainThread - Processing Excel Row 129
2026-06-30 20:56:49,014 - INFO - MainThread - Order: V4063005131
2026-06-30 20:56:49,014 - INFO - MainThread - Processing Excel Row 130
2026-06-30 20:56:49,015 - INFO - MainThread - Order: V4063005132
2026-06-30 20:56:49,015 - INFO - MainThread - Processing Excel Row 131
2026-06-30 20:56:49,015 - INFO - MainThread - Order: V4063005133
2026-06-30 20:56:49,015 - INFO - MainThread - Processing Excel Row 132
2026-06-30 20:56:49,016 - INFO - MainThread - Order: V4063005134
2026-06-30 20:56:49,016 - INFO - MainThread - Processing Excel Row 133
2026-06-30 20:56:49,017 - INFO - MainThread - Order: V4063005135
2026-06-30 20:56:49,017 - INFO - MainThread - Processing Excel Row 134
2026-06-30 20:56:49,018 - INFO - MainThread - Order: V4063005136
2026-06-30 20:56:49,018 - INFO - MainThread - Processing Excel Row 135
2026-06-30 20:56:49,019 - INFO - MainThread - Order: V4063005137
2026-06-30 20:56:49,019 - INFO - MainThread - Processing Excel Row 136
2026-06-30 20:56:49,019 - INFO - MainThread - Order: V4063005138
2026-06-30 20:56:49,019 - INFO - MainThread - Processing Excel Row 137
2026-06-30 20:56:49,020 - INFO - MainThread - Order: V4063005139
2026-06-30 20:56:49,020 - INFO - MainThread - Processing Excel Row 138
2026-06-30 20:56:49,021 - INFO - MainThread - Order: V4063005140
2026-06-30 20:56:49,021 - INFO - MainThread - Processing Excel Row 139
2026-06-30 20:56:49,022 - INFO - MainThread - Order: V4063005141
2026-06-30 20:56:49,022 - INFO - MainThread - Processing Excel Row 140
2026-06-30 20:56:49,023 - INFO - MainThread - Order: V4063005142
2026-06-30 20:56:49,023 - INFO - MainThread - Processing Excel Row 141
2026-06-30 20:56:49,024 - INFO - MainThread - Order: V4063005143
2026-06-30 20:56:49,024 - INFO - MainThread - Processing Excel Row 142
2026-06-30 20:56:49,025 - INFO - MainThread - Order: V4063005144
2026-06-30 20:56:49,025 - INFO - MainThread - Processing Excel Row 143
2026-06-30 20:56:49,026 - INFO - MainThread - Order: V4063005145
2026-06-30 20:56:49,026 - INFO - MainThread - Processing Excel Row 144
2026-06-30 20:56:49,027 - INFO - MainThread - Order: V4063005146
2026-06-30 20:56:49,027 - INFO - MainThread - Processing Excel Row 145
2026-06-30 20:56:49,028 - INFO - MainThread - Order: V4063005147
2026-06-30 20:56:49,028 - INFO - MainThread - Processing Excel Row 146
2026-06-30 20:56:49,028 - INFO - MainThread - Order: V4063005148
2026-06-30 20:56:49,029 - INFO - MainThread - Processing Excel Row 147
2026-06-30 20:56:49,029 - INFO - MainThread - Order: V4063005149
2026-06-30 20:56:49,030 - INFO - MainThread - Processing Excel Row 148
2026-06-30 20:56:49,030 - INFO - MainThread - Order: V4063005150
2026-06-30 20:56:49,030 - INFO - MainThread - Processing Excel Row 149
2026-06-30 20:56:49,031 - INFO - MainThread - Order: V4063005151
2026-06-30 20:56:49,031 - INFO - MainThread - Processing Excel Row 150
2026-06-30 20:56:49,032 - INFO - MainThread - Order: V4063005152
2026-06-30 20:56:49,032 - INFO - MainThread - Processing Excel Row 151
2026-06-30 20:56:49,033 - INFO - MainThread - Order: V4063005153
2026-06-30 20:56:49,033 - INFO - MainThread - Processing Excel Row 152
2026-06-30 20:56:49,034 - INFO - MainThread - Order: V4063005154
2026-06-30 20:56:49,034 - INFO - MainThread - Processing Excel Row 153
2026-06-30 20:56:49,035 - INFO - MainThread - Order: V4063005155
2026-06-30 20:56:49,035 - INFO - MainThread - Processing Excel Row 154
2026-06-30 20:56:49,036 - INFO - MainThread - Order: V4063005156
2026-06-30 20:56:49,036 - INFO - MainThread - Processing Excel Row 155
2026-06-30 20:56:49,037 - INFO - MainThread - Order: V4063005157
2026-06-30 20:56:49,037 - INFO - MainThread - Processing Excel Row 156
2026-06-30 20:56:49,037 - INFO - MainThread - Order: V4063005158
2026-06-30 20:56:49,037 - INFO - MainThread - Processing Excel Row 157
2026-06-30 20:56:49,038 - INFO - MainThread - Order: V4063005159
2026-06-30 20:56:49,038 - INFO - MainThread - Processing Excel Row 158
2026-06-30 20:56:49,039 - INFO - MainThread - Order: V4063005160
2026-06-30 20:56:49,039 - INFO - MainThread - Processing Excel Row 159
2026-06-30 20:56:49,040 - INFO - MainThread - Order: V4063005161
2026-06-30 20:56:49,040 - INFO - MainThread - Processing Excel Row 160
2026-06-30 20:56:49,040 - INFO - MainThread - Order: V4063005162
2026-06-30 20:56:49,041 - INFO - MainThread - Processing Excel Row 161
2026-06-30 20:56:49,041 - INFO - MainThread - Order: V4063005163
2026-06-30 20:56:49,041 - INFO - MainThread - Processing Excel Row 162
2026-06-30 20:56:49,042 - INFO - MainThread - Order: V4063005164
2026-06-30 20:56:49,042 - INFO - MainThread - Processing Excel Row 163
2026-06-30 20:56:49,043 - INFO - MainThread - Order: V4063005165
2026-06-30 20:56:49,043 - INFO - MainThread - Processing Excel Row 164
2026-06-30 20:56:49,044 - INFO - MainThread - Order: V4063005166
2026-06-30 20:56:49,044 - INFO - MainThread - Processing Excel Row 165
2026-06-30 20:56:49,045 - INFO - MainThread - Order: V4063005167
2026-06-30 20:56:49,045 - INFO - MainThread - Processing Excel Row 166
2026-06-30 20:56:49,046 - INFO - MainThread - Order: V4063005168
2026-06-30 20:56:49,046 - INFO - MainThread - Processing Excel Row 167
2026-06-30 20:56:49,047 - INFO - MainThread - Order: V4063005169
2026-06-30 20:56:49,047 - INFO - MainThread - Processing Excel Row 168
2026-06-30 20:56:49,048 - INFO - MainThread - Order: V4063005170
2026-06-30 20:56:49,048 - INFO - MainThread - Processing Excel Row 169
2026-06-30 20:56:49,049 - INFO - MainThread - Order: V4063005171
2026-06-30 20:56:49,049 - INFO - MainThread - Processing Excel Row 170
2026-06-30 20:56:49,050 - INFO - MainThread - Order: V4063005172
2026-06-30 20:56:49,050 - INFO - MainThread - Processing Excel Row 171
2026-06-30 20:56:49,051 - INFO - MainThread - Order: V4063005173
2026-06-30 20:56:49,051 - INFO - MainThread - Processing Excel Row 172
2026-06-30 20:56:49,052 - INFO - MainThread - Order: V4063005174
2026-06-30 20:56:49,052 - INFO - MainThread - Processing Excel Row 173
2026-06-30 20:56:49,053 - INFO - MainThread - Order: V4063005175
2026-06-30 20:56:49,053 - INFO - MainThread - Processing Excel Row 174
2026-06-30 20:56:49,053 - INFO - MainThread - Order: V4063005176
2026-06-30 20:56:49,053 - INFO - MainThread - Processing Excel Row 175
2026-06-30 20:56:49,054 - INFO - MainThread - Order: V4063005177
2026-06-30 20:56:49,054 - INFO - MainThread - Processing Excel Row 176
2026-06-30 20:56:49,055 - INFO - MainThread - Order: V4063005178
2026-06-30 20:56:49,055 - INFO - MainThread - Processing Excel Row 177
2026-06-30 20:56:49,056 - INFO - MainThread - Order: V4063005179
2026-06-30 20:56:49,056 - INFO - MainThread - Processing Excel Row 178
2026-06-30 20:56:49,057 - INFO - MainThread - Order: V4063005180
2026-06-30 20:56:49,057 - INFO - MainThread - Processing Excel Row 179
2026-06-30 20:56:49,058 - INFO - MainThread - Order: V4063005181
2026-06-30 20:56:49,058 - INFO - MainThread - Processing Excel Row 180
2026-06-30 20:56:49,058 - INFO - MainThread - Order: V4063005182
2026-06-30 20:56:49,058 - INFO - MainThread - Processing Excel Row 181
2026-06-30 20:56:49,059 - INFO - MainThread - Order: V4063005183
2026-06-30 20:56:49,059 - INFO - MainThread - Processing Excel Row 182
2026-06-30 20:56:49,060 - INFO - MainThread - Order: V4063005184
2026-06-30 20:56:49,060 - INFO - MainThread - Processing Excel Row 183
2026-06-30 20:56:49,061 - INFO - MainThread - Order: V4063005185
2026-06-30 20:56:49,061 - INFO - MainThread - Processing Excel Row 184
2026-06-30 20:56:49,062 - INFO - MainThread - Order: V4063005186
2026-06-30 20:56:49,062 - INFO - MainThread - Processing Excel Row 185
2026-06-30 20:56:49,063 - INFO - MainThread - Order: V4063005187
2026-06-30 20:56:49,063 - INFO - MainThread - Processing Excel Row 186
2026-06-30 20:56:49,064 - INFO - MainThread - Order: V4063005188
2026-06-30 20:56:49,064 - INFO - MainThread - Processing Excel Row 187
2026-06-30 20:56:49,065 - INFO - MainThread - Order: V4063005189
2026-06-30 20:56:49,065 - INFO - MainThread - Processing Excel Row 188
2026-06-30 20:56:49,066 - INFO - MainThread - Order: V4063005190
2026-06-30 20:56:49,066 - INFO - MainThread - Processing Excel Row 189
2026-06-30 20:56:49,067 - INFO - MainThread - Order: V4063005191
2026-06-30 20:56:49,067 - INFO - MainThread - Processing Excel Row 190
2026-06-30 20:56:49,068 - INFO - MainThread - Order: V4063005192
2026-06-30 20:56:49,068 - INFO - MainThread - Processing Excel Row 191
2026-06-30 20:56:49,069 - INFO - MainThread - Order: V4063005193
2026-06-30 20:56:49,069 - INFO - MainThread - Processing Excel Row 192
2026-06-30 20:56:49,070 - INFO - MainThread - Order: V4063005194
2026-06-30 20:56:49,070 - INFO - MainThread - Processing Excel Row 193
2026-06-30 20:56:49,070 - INFO - MainThread - Order: V4063005195
2026-06-30 20:56:49,070 - INFO - MainThread - Processing Excel Row 194
2026-06-30 20:56:49,071 - INFO - MainThread - Order: V4063005196
2026-06-30 20:56:49,071 - INFO - MainThread - Processing Excel Row 195
2026-06-30 20:56:49,072 - INFO - MainThread - Order: V4063005197
2026-06-30 20:56:49,072 - INFO - MainThread - Processing Excel Row 196
2026-06-30 20:56:49,073 - INFO - MainThread - Order: V4063005198
2026-06-30 20:56:49,073 - INFO - MainThread - Processing Excel Row 197
2026-06-30 20:56:49,074 - INFO - MainThread - Order: V4063005199
2026-06-30 20:56:49,074 - INFO - MainThread - Processing Excel Row 198
2026-06-30 20:56:49,074 - INFO - MainThread - Order: V4063005200
2026-06-30 20:56:49,074 - INFO - MainThread - Processing Excel Row 199
2026-06-30 20:56:49,075 - INFO - MainThread - Order: V4063005201
2026-06-30 20:56:49,075 - INFO - MainThread - Processing Excel Row 200
2026-06-30 20:56:49,076 - INFO - MainThread - Order: V4063005202
2026-06-30 20:56:49,076 - INFO - MainThread - Processing Excel Row 201
2026-06-30 20:56:49,077 - INFO - MainThread - Order: V4063005203
2026-06-30 20:56:49,077 - INFO - MainThread - Processing Excel Row 202
2026-06-30 20:56:49,078 - INFO - MainThread - Order: V4063005204
2026-06-30 20:56:49,078 - INFO - MainThread - Processing Excel Row 203
2026-06-30 20:56:49,079 - INFO - MainThread - Order: V4063005205
2026-06-30 20:56:49,079 - INFO - MainThread - Processing Excel Row 204
2026-06-30 20:56:49,080 - INFO - MainThread - Order: V4063005206
2026-06-30 20:56:49,080 - INFO - MainThread - Processing Excel Row 205
2026-06-30 20:56:49,080 - INFO - MainThread - Order: V4063005207
2026-06-30 20:56:49,080 - INFO - MainThread - Processing Excel Row 206
2026-06-30 20:56:49,081 - INFO - MainThread - Order: V4063005208
2026-06-30 20:56:49,081 - INFO - MainThread - Processing Excel Row 207
2026-06-30 20:56:49,082 - INFO - MainThread - Order: V4063005209
2026-06-30 20:56:49,082 - INFO - MainThread - Processing Excel Row 208
2026-06-30 20:56:49,083 - INFO - MainThread - Order: V4063005210
2026-06-30 20:56:49,083 - INFO - MainThread - Processing Excel Row 209
2026-06-30 20:56:49,083 - INFO - MainThread - Order: V4063005211
2026-06-30 20:56:49,083 - INFO - MainThread - Processing Excel Row 210
2026-06-30 20:56:49,084 - INFO - MainThread - Order: V4063005212
2026-06-30 20:56:49,084 - INFO - MainThread - Processing Excel Row 211
2026-06-30 20:56:49,085 - INFO - MainThread - Order: V4063005213
2026-06-30 20:56:49,085 - INFO - MainThread - Processing Excel Row 212
2026-06-30 20:56:49,086 - INFO - MainThread - Order: V4063005214
2026-06-30 20:56:49,086 - INFO - MainThread - Processing Excel Row 213
2026-06-30 20:56:49,087 - INFO - MainThread - Order: V4063005215
2026-06-30 20:56:49,087 - INFO - MainThread - Processing Excel Row 214
2026-06-30 20:56:49,088 - INFO - MainThread - Order: V4063005216
2026-06-30 20:56:49,088 - INFO - MainThread - Processing Excel Row 215
2026-06-30 20:56:49,089 - INFO - MainThread - Order: V4063005217
2026-06-30 20:56:49,089 - INFO - MainThread - Processing Excel Row 216
2026-06-30 20:56:49,090 - INFO - MainThread - Order: V4063005218
2026-06-30 20:56:49,090 - INFO - MainThread - Processing Excel Row 217
2026-06-30 20:56:49,091 - INFO - MainThread - Order: V4063005219
2026-06-30 20:56:49,091 - INFO - MainThread - Processing Excel Row 218
2026-06-30 20:56:49,091 - INFO - MainThread - Order: V4063005220
2026-06-30 20:56:49,091 - INFO - MainThread - Processing Excel Row 219
2026-06-30 20:56:49,092 - INFO - MainThread - Order: V4063005221
2026-06-30 20:56:49,092 - INFO - MainThread - Processing Excel Row 220
2026-06-30 20:56:49,093 - INFO - MainThread - Order: V4063005222
2026-06-30 20:56:49,093 - INFO - MainThread - Processing Excel Row 221
2026-06-30 20:56:49,094 - INFO - MainThread - Order: V4063005223
2026-06-30 20:56:49,094 - INFO - MainThread - Processing Excel Row 222
2026-06-30 20:56:49,095 - INFO - MainThread - Order: V4063005224
2026-06-30 20:56:49,095 - INFO - MainThread - Processing Excel Row 223
2026-06-30 20:56:49,096 - INFO - MainThread - Order: V4063005225
2026-06-30 20:56:49,096 - INFO - MainThread - Processing Excel Row 224
2026-06-30 20:56:49,097 - INFO - MainThread - Order: V4063005226
2026-06-30 20:56:49,097 - INFO - MainThread - Processing Excel Row 225
2026-06-30 20:56:49,097 - INFO - MainThread - Order: V4063005227
2026-06-30 20:56:49,097 - INFO - MainThread - Processing Excel Row 226
2026-06-30 20:56:49,098 - INFO - MainThread - Order: V4063005228
2026-06-30 20:56:49,098 - INFO - MainThread - Processing Excel Row 227
2026-06-30 20:56:49,099 - INFO - MainThread - Order: V4063005229
2026-06-30 20:56:49,099 - INFO - MainThread - Processing Excel Row 228
2026-06-30 20:56:49,099 - INFO - MainThread - Order: V4063005230
2026-06-30 20:56:49,100 - INFO - MainThread - Processing Excel Row 229
2026-06-30 20:56:49,100 - INFO - MainThread - Order: V4063005231
2026-06-30 20:56:49,100 - INFO - MainThread - Processing Excel Row 230
2026-06-30 20:56:49,101 - INFO - MainThread - Order: V4063005232
2026-06-30 20:56:49,101 - INFO - MainThread - Processing Excel Row 231
2026-06-30 20:56:49,102 - INFO - MainThread - Order: V4063005233
2026-06-30 20:56:49,102 - INFO - MainThread - Processing Excel Row 232
2026-06-30 20:56:49,103 - INFO - MainThread - Order: V4063005234
2026-06-30 20:56:49,103 - INFO - MainThread - Processing Excel Row 233
2026-06-30 20:56:49,103 - INFO - MainThread - Order: V4063005235
2026-06-30 20:56:49,103 - INFO - MainThread - Processing Excel Row 234
2026-06-30 20:56:49,104 - INFO - MainThread - Order: V4063005236
2026-06-30 20:56:49,104 - INFO - MainThread - Processing Excel Row 235
2026-06-30 20:56:49,105 - INFO - MainThread - Order: V4063005237
2026-06-30 20:56:49,105 - INFO - MainThread - Processing Excel Row 236
2026-06-30 20:56:49,106 - INFO - MainThread - Order: V4063005238
2026-06-30 20:56:49,106 - INFO - MainThread - Processing Excel Row 237
2026-06-30 20:56:49,107 - INFO - MainThread - Order: V4063005239
2026-06-30 20:56:49,107 - INFO - MainThread - Processing Excel Row 238
2026-06-30 20:56:49,108 - INFO - MainThread - Order: V4063005240
2026-06-30 20:56:49,108 - INFO - MainThread - Processing Excel Row 239
2026-06-30 20:56:49,109 - INFO - MainThread - Order: V4063005241
2026-06-30 20:56:49,109 - INFO - MainThread - Processing Excel Row 240
2026-06-30 20:56:49,110 - INFO - MainThread - Order: V4063005242
2026-06-30 20:56:49,110 - INFO - MainThread - Processing Excel Row 241
2026-06-30 20:56:49,111 - INFO - MainThread - Order: V4063005243
2026-06-30 20:56:49,111 - INFO - MainThread - Processing Excel Row 242
2026-06-30 20:56:49,112 - INFO - MainThread - Order: V4063005244
2026-06-30 20:56:49,112 - INFO - MainThread - Processing Excel Row 243
2026-06-30 20:56:49,112 - INFO - MainThread - Order: V4063005245
2026-06-30 20:56:49,112 - INFO - MainThread - Processing Excel Row 244
2026-06-30 20:56:49,113 - INFO - MainThread - Order: V4063005246
2026-06-30 20:56:49,113 - INFO - MainThread - Processing Excel Row 245
2026-06-30 20:56:49,114 - INFO - MainThread - Order: V4063005247
2026-06-30 20:56:49,114 - INFO - MainThread - Processing Excel Row 246
2026-06-30 20:56:49,115 - INFO - MainThread - Order: V4063005248
2026-06-30 20:56:49,115 - INFO - MainThread - Processing Excel Row 247
2026-06-30 20:56:49,116 - INFO - MainThread - Order: V4063005249
2026-06-30 20:56:49,116 - INFO - MainThread - Processing Excel Row 248
2026-06-30 20:56:49,116 - INFO - MainThread - Order: V4063005250
2026-06-30 20:56:49,116 - INFO - MainThread - Processing Excel Row 249
2026-06-30 20:56:49,117 - INFO - MainThread - Order: V4063005251
2026-06-30 20:56:49,117 - INFO - MainThread - Processing Excel Row 250
2026-06-30 20:56:49,118 - INFO - MainThread - Order: V4063005252
2026-06-30 20:56:49,118 - INFO - MainThread - Processing Excel Row 251
2026-06-30 20:56:49,119 - INFO - MainThread - Order: V4063005253
2026-06-30 20:56:49,119 - INFO - MainThread - Processing Excel Row 252
2026-06-30 20:56:49,120 - INFO - MainThread - Order: V4063005254
2026-06-30 20:56:49,120 - INFO - MainThread - Processing Excel Row 253
2026-06-30 20:56:49,121 - INFO - MainThread - Order: V4063005255
2026-06-30 20:56:49,121 - INFO - MainThread - Processing Excel Row 254
2026-06-30 20:56:49,122 - INFO - MainThread - Order: V4063005256
2026-06-30 20:56:49,122 - INFO - MainThread - Processing Excel Row 255
2026-06-30 20:56:49,123 - INFO - MainThread - Order: V4063005257
2026-06-30 20:56:49,123 - INFO - MainThread - Processing Excel Row 256
2026-06-30 20:56:49,123 - INFO - MainThread - Order: V4063005258
2026-06-30 20:56:49,123 - INFO - MainThread - Processing Excel Row 257
2026-06-30 20:56:49,124 - INFO - MainThread - Order: V4063005259
2026-06-30 20:56:49,124 - INFO - MainThread - Processing Excel Row 258
2026-06-30 20:56:49,125 - INFO - MainThread - Order: V4063005260
2026-06-30 20:56:49,125 - INFO - MainThread - Processing Excel Row 259
2026-06-30 20:56:49,126 - INFO - MainThread - Order: V4063005261
2026-06-30 20:56:49,126 - INFO - MainThread - Processing Excel Row 260
2026-06-30 20:56:49,126 - INFO - MainThread - Order: V4063005262
2026-06-30 20:56:49,126 - INFO - MainThread - Processing Excel Row 261
2026-06-30 20:56:49,127 - INFO - MainThread - Order: V4063005263
2026-06-30 20:56:49,127 - INFO - MainThread - Processing Excel Row 262
2026-06-30 20:56:49,128 - INFO - MainThread - Order: V4063005264
2026-06-30 20:56:49,128 - INFO - MainThread - Processing Excel Row 263
2026-06-30 20:56:49,129 - INFO - MainThread - Order: V4063005265
2026-06-30 20:56:49,129 - INFO - MainThread - Processing Excel Row 264
2026-06-30 20:56:49,130 - INFO - MainThread - Order: V4063005266
2026-06-30 20:56:49,130 - INFO - MainThread - Processing Excel Row 265
2026-06-30 20:56:49,131 - INFO - MainThread - Order: V4063005267
2026-06-30 20:56:49,131 - INFO - MainThread - Processing Excel Row 266
2026-06-30 20:56:49,132 - INFO - MainThread - Order: V4063005268
2026-06-30 20:56:49,132 - INFO - MainThread - Processing Excel Row 267
2026-06-30 20:56:49,132 - INFO - MainThread - Order: V4063005269
2026-06-30 20:56:49,132 - INFO - MainThread - Processing Excel Row 268
2026-06-30 20:56:49,133 - INFO - MainThread - Order: V4063005270
2026-06-30 20:56:49,133 - INFO - MainThread - Processing Excel Row 269
2026-06-30 20:56:49,134 - INFO - MainThread - Order: V4063005271
2026-06-30 20:56:49,134 - INFO - MainThread - Processing Excel Row 270
2026-06-30 20:56:49,135 - INFO - MainThread - Order: V4063005272
2026-06-30 20:56:49,135 - INFO - MainThread - Processing Excel Row 271
2026-06-30 20:56:49,135 - INFO - MainThread - Order: V4063005273
2026-06-30 20:56:49,135 - INFO - MainThread - Processing Excel Row 272
2026-06-30 20:56:49,136 - INFO - MainThread - Order: V4063005274
2026-06-30 20:56:49,136 - INFO - MainThread - Processing Excel Row 273
2026-06-30 20:56:49,137 - INFO - MainThread - Order: V4063005275
2026-06-30 20:56:49,137 - INFO - MainThread - Processing Excel Row 274
2026-06-30 20:56:49,138 - INFO - MainThread - Order: V4063005276
2026-06-30 20:56:49,138 - INFO - MainThread - Processing Excel Row 275
2026-06-30 20:56:49,139 - INFO - MainThread - Order: V4063005277
2026-06-30 20:56:49,139 - INFO - MainThread - Processing Excel Row 276
2026-06-30 20:56:49,139 - INFO - MainThread - Order: V4063005278
2026-06-30 20:56:49,139 - INFO - MainThread - Processing Excel Row 277
2026-06-30 20:56:49,140 - INFO - MainThread - Order: V4063005279
2026-06-30 20:56:49,140 - INFO - MainThread - Processing Excel Row 278
2026-06-30 20:56:49,141 - INFO - MainThread - Order: V4063005280
2026-06-30 20:56:49,141 - INFO - MainThread - Processing Excel Row 279
2026-06-30 20:56:49,142 - INFO - MainThread - Order: V4063005281
2026-06-30 20:56:49,142 - INFO - MainThread - Processing Excel Row 280
2026-06-30 20:56:49,143 - INFO - MainThread - Order: V4063005282
2026-06-30 20:56:49,143 - INFO - MainThread - Processing Excel Row 281
2026-06-30 20:56:49,144 - INFO - MainThread - Order: V4063005283
2026-06-30 20:56:49,144 - INFO - MainThread - Processing Excel Row 282
2026-06-30 20:56:49,145 - INFO - MainThread - Order: V4063005284
2026-06-30 20:56:49,145 - INFO - MainThread - Processing Excel Row 283
2026-06-30 20:56:49,146 - INFO - MainThread - Order: V4063005285
2026-06-30 20:56:49,146 - INFO - MainThread - Processing Excel Row 284
2026-06-30 20:56:49,146 - INFO - MainThread - Order: V4063005286
2026-06-30 20:56:49,146 - INFO - MainThread - Processing Excel Row 285
2026-06-30 20:56:49,147 - INFO - MainThread - Order: V4063005287
2026-06-30 20:56:49,147 - INFO - MainThread - Processing Excel Row 286
2026-06-30 20:56:49,148 - INFO - MainThread - Order: V4063005288
2026-06-30 20:56:49,148 - INFO - MainThread - Processing Excel Row 287
2026-06-30 20:56:49,149 - INFO - MainThread - Order: V4063005289
2026-06-30 20:56:49,149 - INFO - MainThread - Processing Excel Row 288
2026-06-30 20:56:49,150 - INFO - MainThread - Order: V4063005290
2026-06-30 20:56:49,150 - INFO - MainThread - Processing Excel Row 289
2026-06-30 20:56:49,151 - INFO - MainThread - Order: V4063005291
2026-06-30 20:56:49,152 - INFO - MainThread - Processing Excel Row 290
2026-06-30 20:56:49,152 - INFO - MainThread - Order: V4063005292
2026-06-30 20:56:49,153 - INFO - MainThread - Processing Excel Row 291
2026-06-30 20:56:49,153 - INFO - MainThread - Order: V4063005293
2026-06-30 20:56:49,154 - INFO - MainThread - Processing Excel Row 292
2026-06-30 20:56:49,154 - INFO - MainThread - Order: V4063005294
2026-06-30 20:56:49,155 - INFO - MainThread - Processing Excel Row 293
2026-06-30 20:56:49,155 - INFO - MainThread - Order: V4063005295
2026-06-30 20:56:49,155 - INFO - MainThread - Processing Excel Row 294
2026-06-30 20:56:49,156 - INFO - MainThread - Order: V4063005296
2026-06-30 20:56:49,156 - INFO - MainThread - Processing Excel Row 295
2026-06-30 20:56:49,157 - INFO - MainThread - Order: V4063005297
2026-06-30 20:56:49,157 - INFO - MainThread - Processing Excel Row 296
2026-06-30 20:56:49,158 - INFO - MainThread - Order: V4063005298
2026-06-30 20:56:49,158 - INFO - MainThread - Processing Excel Row 297
2026-06-30 20:56:49,159 - INFO - MainThread - Order: V4063005299
2026-06-30 20:56:49,159 - INFO - MainThread - Processing Excel Row 298
2026-06-30 20:56:49,160 - INFO - MainThread - Order: V4063005300
2026-06-30 20:56:49,160 - INFO - MainThread - Processing Excel Row 299
2026-06-30 20:56:49,161 - INFO - MainThread - Order: V4063005301
2026-06-30 20:56:49,161 - INFO - MainThread - Processing Excel Row 300
2026-06-30 20:56:49,161 - INFO - MainThread - Order: V4063005302
2026-06-30 20:56:49,162 - INFO - MainThread - Processing Excel Row 301
2026-06-30 20:56:49,162 - INFO - MainThread - Order: V4063005303
2026-06-30 20:56:49,162 - INFO - MainThread - Processing Excel Row 302
2026-06-30 20:56:49,163 - INFO - MainThread - Order: V4063005304
2026-06-30 20:56:49,163 - INFO - MainThread - Processing Excel Row 303
2026-06-30 20:56:49,164 - INFO - MainThread - Order: V4063005305
2026-06-30 20:56:49,164 - INFO - MainThread - Processing Excel Row 304
2026-06-30 20:56:49,165 - INFO - MainThread - Order: V4063005306
2026-06-30 20:56:49,165 - INFO - MainThread - Processing Excel Row 305
2026-06-30 20:56:49,165 - INFO - MainThread - Order: V4063005307
2026-06-30 20:56:49,165 - INFO - MainThread - Processing Excel Row 306
2026-06-30 20:56:49,166 - INFO - MainThread - Order: V4063005308
2026-06-30 20:56:49,166 - INFO - MainThread - Processing Excel Row 307
2026-06-30 20:56:49,167 - INFO - MainThread - Order: V4063005309
2026-06-30 20:56:49,167 - INFO - MainThread - Processing Excel Row 308
2026-06-30 20:56:49,167 - INFO - MainThread - Order: V4063005310
2026-06-30 20:56:49,168 - INFO - MainThread - Processing Excel Row 309
2026-06-30 20:56:49,169 - INFO - MainThread - Order: V4063005311
2026-06-30 20:56:49,169 - INFO - MainThread - Processing Excel Row 310
2026-06-30 20:56:49,170 - INFO - MainThread - Order: V4063005312
2026-06-30 20:56:49,170 - INFO - MainThread - Processing Excel Row 311
2026-06-30 20:56:49,171 - INFO - MainThread - Order: V4063005313
2026-06-30 20:56:49,171 - INFO - MainThread - Processing Excel Row 312
2026-06-30 20:56:49,172 - INFO - MainThread - Order: V4063005314
2026-06-30 20:56:49,172 - INFO - MainThread - Processing Excel Row 313
2026-06-30 20:56:49,173 - INFO - MainThread - Order: V4063005315
2026-06-30 20:56:49,173 - INFO - MainThread - Processing Excel Row 314
2026-06-30 20:56:49,174 - INFO - MainThread - Order: V4063005316
2026-06-30 20:56:49,174 - INFO - MainThread - Processing Excel Row 315
2026-06-30 20:56:49,175 - INFO - MainThread - Order: V4063005317
2026-06-30 20:56:49,175 - INFO - MainThread - Processing Excel Row 316
2026-06-30 20:56:49,176 - INFO - MainThread - Order: V4063005318
2026-06-30 20:56:49,176 - INFO - MainThread - Processing Excel Row 317
2026-06-30 20:56:49,177 - INFO - MainThread - Order: V4063005319
2026-06-30 20:56:49,177 - INFO - MainThread - Processing Excel Row 318
2026-06-30 20:56:49,178 - INFO - MainThread - Order: V4063005320
2026-06-30 20:56:49,178 - INFO - MainThread - Processing Excel Row 319
2026-06-30 20:56:49,179 - INFO - MainThread - Order: V4063005321
2026-06-30 20:56:49,179 - INFO - MainThread - Processing Excel Row 320
2026-06-30 20:56:49,180 - INFO - MainThread - Order: V4063005322
2026-06-30 20:56:49,180 - INFO - MainThread - Processing Excel Row 321
2026-06-30 20:56:49,180 - INFO - MainThread - Order: V4063005323
2026-06-30 20:56:49,181 - INFO - MainThread - Processing Excel Row 322
2026-06-30 20:56:49,181 - INFO - MainThread - Order: V4063005324
2026-06-30 20:56:49,181 - INFO - MainThread - Processing Excel Row 323
2026-06-30 20:56:49,182 - INFO - MainThread - Order: V4063005325
2026-06-30 20:56:49,182 - INFO - MainThread - Processing Excel Row 324
2026-06-30 20:56:49,183 - INFO - MainThread - Order: V4063005326
2026-06-30 20:56:49,183 - INFO - MainThread - Processing Excel Row 325
2026-06-30 20:56:49,184 - INFO - MainThread - Order: V4063005327
2026-06-30 20:56:49,184 - INFO - MainThread - Processing Excel Row 326
2026-06-30 20:56:49,185 - INFO - MainThread - Order: V4063005328
2026-06-30 20:56:49,185 - INFO - MainThread - Processing Excel Row 327
2026-06-30 20:56:49,185 - INFO - MainThread - Order: V4063005329
2026-06-30 20:56:49,186 - INFO - MainThread - Processing Excel Row 328
2026-06-30 20:56:49,186 - INFO - MainThread - Order: V4063005330
2026-06-30 20:56:49,186 - INFO - MainThread - Processing Excel Row 329
2026-06-30 20:56:49,187 - INFO - MainThread - Order: V4063005331
2026-06-30 20:56:49,187 - INFO - MainThread - Processing Excel Row 330
2026-06-30 20:56:49,188 - INFO - MainThread - Order: V4063005332
2026-06-30 20:56:49,188 - INFO - MainThread - Processing Excel Row 331
2026-06-30 20:56:49,189 - INFO - MainThread - Order: V4063005333
2026-06-30 20:56:49,189 - INFO - MainThread - Processing Excel Row 332
2026-06-30 20:56:49,190 - INFO - MainThread - Order: V4063005334
2026-06-30 20:56:49,190 - INFO - MainThread - Processing Excel Row 333
2026-06-30 20:56:49,191 - INFO - MainThread - Order: V4063005335
2026-06-30 20:56:49,191 - INFO - MainThread - Processing Excel Row 334
2026-06-30 20:56:49,192 - INFO - MainThread - Order: V4063005336
2026-06-30 20:56:49,192 - INFO - MainThread - Processing Excel Row 335
2026-06-30 20:56:49,193 - INFO - MainThread - Order: V4063005337
2026-06-30 20:56:49,193 - INFO - MainThread - Processing Excel Row 336
2026-06-30 20:56:49,194 - INFO - MainThread - Order: V4063005338
2026-06-30 20:56:49,194 - INFO - MainThread - Processing Excel Row 337
2026-06-30 20:56:49,194 - INFO - MainThread - Order: V4063005339
2026-06-30 20:56:49,194 - INFO - MainThread - Processing Excel Row 338
2026-06-30 20:56:49,195 - INFO - MainThread - Order: V4063005340
2026-06-30 20:56:49,195 - INFO - MainThread - Processing Excel Row 339
2026-06-30 20:56:49,196 - INFO - MainThread - Order: V4063005341
2026-06-30 20:56:49,196 - INFO - MainThread - Processing Excel Row 340
2026-06-30 20:56:49,197 - INFO - MainThread - Order: V4063005342
2026-06-30 20:56:49,197 - INFO - MainThread - Processing Excel Row 341
2026-06-30 20:56:49,198 - INFO - MainThread - Order: V4063005343
2026-06-30 20:56:49,198 - INFO - MainThread - Processing Excel Row 342
2026-06-30 20:56:49,198 - INFO - MainThread - Order: V4063005344
2026-06-30 20:56:49,198 - INFO - MainThread - Processing Excel Row 343
2026-06-30 20:56:49,199 - INFO - MainThread - Order: V4063005345
2026-06-30 20:56:49,199 - INFO - MainThread - Processing Excel Row 344
2026-06-30 20:56:49,200 - INFO - MainThread - Order: V4063005346
2026-06-30 20:56:49,200 - INFO - MainThread - Processing Excel Row 345
2026-06-30 20:56:49,201 - INFO - MainThread - Order: V4063005347
2026-06-30 20:56:49,201 - INFO - MainThread - Processing Excel Row 346
2026-06-30 20:56:49,201 - INFO - MainThread - Order: V4063005348
2026-06-30 20:56:49,201 - INFO - MainThread - Processing Excel Row 347
2026-06-30 20:56:49,202 - INFO - MainThread - Order: V4063005349
2026-06-30 20:56:49,202 - INFO - MainThread - Processing Excel Row 348
2026-06-30 20:56:49,203 - INFO - MainThread - Order: V4063005350
2026-06-30 20:56:49,203 - INFO - MainThread - Processing Excel Row 349
2026-06-30 20:56:49,204 - INFO - MainThread - Order: V4063005351
2026-06-30 20:56:49,204 - INFO - MainThread - Processing Excel Row 350
2026-06-30 20:56:49,205 - INFO - MainThread - Order: V4063005352
2026-06-30 20:56:49,205 - INFO - MainThread - Processing Excel Row 351
2026-06-30 20:56:49,205 - INFO - MainThread - Order: V4063005353
2026-06-30 20:56:49,205 - INFO - MainThread - Processing Excel Row 352
2026-06-30 20:56:49,206 - INFO - MainThread - Order: V4063005354
2026-06-30 20:56:49,206 - INFO - MainThread - Processing Excel Row 353
2026-06-30 20:56:49,207 - INFO - MainThread - Order: V4063005355
2026-06-30 20:56:49,207 - INFO - MainThread - Processing Excel Row 354
2026-06-30 20:56:49,208 - INFO - MainThread - Order: V4063005356
2026-06-30 20:56:49,208 - INFO - MainThread - Processing Excel Row 355
2026-06-30 20:56:49,208 - INFO - MainThread - Order: V4063005357
2026-06-30 20:56:49,208 - INFO - MainThread - Processing Excel Row 356
2026-06-30 20:56:49,209 - INFO - MainThread - Order: V4063005358
2026-06-30 20:56:49,209 - INFO - MainThread - Processing Excel Row 357
2026-06-30 20:56:49,210 - INFO - MainThread - Order: V4063005359
2026-06-30 20:56:49,210 - INFO - MainThread - Processing Excel Row 358
2026-06-30 20:56:49,211 - INFO - MainThread - Order: V4063005360
2026-06-30 20:56:49,211 - INFO - MainThread - Processing Excel Row 359
2026-06-30 20:56:49,212 - INFO - MainThread - Order: V4063005361
2026-06-30 20:56:49,212 - INFO - MainThread - Processing Excel Row 360
2026-06-30 20:56:49,213 - INFO - MainThread - Order: V4063005362
2026-06-30 20:56:49,213 - INFO - MainThread - Processing Excel Row 361
2026-06-30 20:56:49,214 - INFO - MainThread - Order: V4063005363
2026-06-30 20:56:49,214 - INFO - MainThread - Processing Excel Row 362
2026-06-30 20:56:49,215 - INFO - MainThread - Order: V4063005364
2026-06-30 20:56:49,215 - INFO - MainThread - Processing Excel Row 363
2026-06-30 20:56:49,215 - INFO - MainThread - Order: V4063005365
2026-06-30 20:56:49,215 - INFO - MainThread - Processing Excel Row 364
2026-06-30 20:56:49,216 - INFO - MainThread - Order: V4063005366
2026-06-30 20:56:49,216 - INFO - MainThread - Processing Excel Row 365
2026-06-30 20:56:49,217 - INFO - MainThread - Order: V4063005367
2026-06-30 20:56:49,217 - INFO - MainThread - Processing Excel Row 366
2026-06-30 20:56:49,218 - INFO - MainThread - Order: V4063005368
2026-06-30 20:56:49,218 - INFO - MainThread - Processing Excel Row 367
2026-06-30 20:56:49,219 - INFO - MainThread - Order: V4063005369
2026-06-30 20:56:49,219 - INFO - MainThread - Processing Excel Row 368
2026-06-30 20:56:49,220 - INFO - MainThread - Order: V4063005370
2026-06-30 20:56:49,220 - INFO - MainThread - Processing Excel Row 369
2026-06-30 20:56:49,221 - INFO - MainThread - Order: V4063005371
2026-06-30 20:56:49,221 - INFO - MainThread - Processing Excel Row 370
2026-06-30 20:56:49,221 - INFO - MainThread - Order: V4063005372
2026-06-30 20:56:49,222 - INFO - MainThread - Processing Excel Row 371
2026-06-30 20:56:49,222 - INFO - MainThread - Order: V4063005373
2026-06-30 20:56:49,222 - INFO - MainThread - Processing Excel Row 372
2026-06-30 20:56:49,223 - INFO - MainThread - Order: V4063005374
2026-06-30 20:56:49,223 - INFO - MainThread - Processing Excel Row 373
2026-06-30 20:56:49,224 - INFO - MainThread - Order: V4063005375
2026-06-30 20:56:49,224 - INFO - MainThread - Processing Excel Row 374
2026-06-30 20:56:49,225 - INFO - MainThread - Order: V4063005376
2026-06-30 20:56:49,225 - INFO - MainThread - Processing Excel Row 375
2026-06-30 20:56:49,225 - INFO - MainThread - Order: V4063005377
2026-06-30 20:56:49,225 - INFO - MainThread - Processing Excel Row 376
2026-06-30 20:56:49,226 - INFO - MainThread - Order: V4063005378
2026-06-30 20:56:49,227 - INFO - MainThread - Processing Excel Row 377
2026-06-30 20:56:49,227 - INFO - MainThread - Order: V4063005379
2026-06-30 20:56:49,227 - INFO - MainThread - Processing Excel Row 378
2026-06-30 20:56:49,228 - INFO - MainThread - Order: V4063005380
2026-06-30 20:56:49,228 - INFO - MainThread - Processing Excel Row 379
2026-06-30 20:56:49,229 - INFO - MainThread - Order: V4063005381
2026-06-30 20:56:49,229 - INFO - MainThread - Processing Excel Row 380
2026-06-30 20:56:49,230 - INFO - MainThread - Order: V4063005382
2026-06-30 20:56:49,230 - INFO - MainThread - Processing Excel Row 381
2026-06-30 20:56:49,231 - INFO - MainThread - Order: V4063005383
2026-06-30 20:56:49,231 - INFO - MainThread - Processing Excel Row 382
2026-06-30 20:56:49,232 - INFO - MainThread - Order: V4063005384
2026-06-30 20:56:49,232 - INFO - MainThread - Processing Excel Row 383
2026-06-30 20:56:49,233 - INFO - MainThread - Order: V4063005385
2026-06-30 20:56:49,233 - INFO - MainThread - Processing Excel Row 384
2026-06-30 20:56:49,234 - INFO - MainThread - Order: V4063005386
2026-06-30 20:56:49,234 - INFO - MainThread - Processing Excel Row 385
2026-06-30 20:56:49,235 - INFO - MainThread - Order: V4063005387
2026-06-30 20:56:49,235 - INFO - MainThread - Processing Excel Row 386
2026-06-30 20:56:49,235 - INFO - MainThread - Order: V4063005388
2026-06-30 20:56:49,235 - INFO - MainThread - Processing Excel Row 387
2026-06-30 20:56:49,236 - INFO - MainThread - Order: V4063005389
2026-06-30 20:56:49,236 - INFO - MainThread - Processing Excel Row 388
2026-06-30 20:56:49,237 - INFO - MainThread - Order: V4063005390
2026-06-30 20:56:49,237 - INFO - MainThread - Processing Excel Row 389
2026-06-30 20:56:49,238 - INFO - MainThread - Order: V4063005391
2026-06-30 20:56:49,238 - INFO - MainThread - Processing Excel Row 390
2026-06-30 20:56:49,239 - INFO - MainThread - Order: V4063005392
2026-06-30 20:56:49,239 - INFO - MainThread - Processing Excel Row 391
2026-06-30 20:56:49,239 - INFO - MainThread - Order: V4063005393
2026-06-30 20:56:49,239 - INFO - MainThread - Processing Excel Row 392
2026-06-30 20:56:49,240 - INFO - MainThread - Order: V4063005394
2026-06-30 20:56:49,240 - INFO - MainThread - Processing Excel Row 393
2026-06-30 20:56:49,241 - INFO - MainThread - Order: V4063005395
2026-06-30 20:56:49,241 - INFO - MainThread - Processing Excel Row 394
2026-06-30 20:56:49,242 - INFO - MainThread - Order: V4063005396
2026-06-30 20:56:49,242 - INFO - MainThread - Processing Excel Row 395
2026-06-30 20:56:49,242 - INFO - MainThread - Order: V4063005397
2026-06-30 20:56:49,242 - INFO - MainThread - Processing Excel Row 396
2026-06-30 20:56:49,243 - INFO - MainThread - Order: V4063005398
2026-06-30 20:56:49,243 - INFO - MainThread - Processing Excel Row 397
2026-06-30 20:56:49,244 - INFO - MainThread - Order: V4063005399
2026-06-30 20:56:49,244 - INFO - MainThread - Processing Excel Row 398
2026-06-30 20:56:49,245 - INFO - MainThread - Order: V4063005400
2026-06-30 20:56:49,245 - INFO - MainThread - Processing Excel Row 399
2026-06-30 20:56:49,245 - INFO - MainThread - Order: V4063005401
2026-06-30 20:56:49,245 - INFO - MainThread - Processing Excel Row 400
2026-06-30 20:56:49,246 - INFO - MainThread - Order: V4063005402
2026-06-30 20:56:49,246 - INFO - MainThread - Processing Excel Row 401
2026-06-30 20:56:49,247 - INFO - MainThread - Order: V4063005403
2026-06-30 20:56:49,247 - INFO - MainThread - Processing Excel Row 402
2026-06-30 20:56:49,248 - INFO - MainThread - Order: V4063005404
2026-06-30 20:56:49,248 - INFO - MainThread - Processing Excel Row 403
2026-06-30 20:56:49,249 - INFO - MainThread - Order: V4063005405
2026-06-30 20:56:49,249 - INFO - MainThread - Processing Excel Row 404
2026-06-30 20:56:49,250 - INFO - MainThread - Order: V4063005406
2026-06-30 20:56:49,250 - INFO - MainThread - Processing Excel Row 405
2026-06-30 20:56:49,251 - INFO - MainThread - Order: V4063005407
2026-06-30 20:56:49,251 - INFO - MainThread - Processing Excel Row 406
2026-06-30 20:56:49,252 - INFO - MainThread - Order: V4063005408
2026-06-30 20:56:49,252 - INFO - MainThread - Processing Excel Row 407
2026-06-30 20:56:49,253 - INFO - MainThread - Order: V4063005409
2026-06-30 20:56:49,253 - INFO - MainThread - Processing Excel Row 408
2026-06-30 20:56:49,254 - INFO - MainThread - Order: V4063005410
2026-06-30 20:56:49,254 - INFO - MainThread - Processing Excel Row 409
2026-06-30 20:56:49,254 - INFO - MainThread - Order: V4063005411
2026-06-30 20:56:49,254 - INFO - MainThread - Processing Excel Row 410
2026-06-30 20:56:49,255 - INFO - MainThread - Order: V4063005412
2026-06-30 20:56:49,255 - INFO - MainThread - Processing Excel Row 411
2026-06-30 20:56:49,256 - INFO - MainThread - Order: V4063005413
2026-06-30 20:56:49,256 - INFO - MainThread - Processing Excel Row 412
2026-06-30 20:56:49,257 - INFO - MainThread - Order: V4063005414
2026-06-30 20:56:49,257 - INFO - MainThread - Processing Excel Row 413
2026-06-30 20:56:49,257 - INFO - MainThread - Order: V4063005415
2026-06-30 20:56:49,258 - INFO - MainThread - Processing Excel Row 414
2026-06-30 20:56:49,258 - INFO - MainThread - Order: V4063005416
2026-06-30 20:56:49,258 - INFO - MainThread - Processing Excel Row 415
2026-06-30 20:56:49,259 - INFO - MainThread - Order: V4063005417
2026-06-30 20:56:49,259 - INFO - MainThread - Processing Excel Row 416
2026-06-30 20:56:49,260 - INFO - MainThread - Order: V4063005418
2026-06-30 20:56:49,260 - INFO - MainThread - Processing Excel Row 417
2026-06-30 20:56:49,261 - INFO - MainThread - Order: V4063005419
2026-06-30 20:56:49,261 - INFO - MainThread - Processing Excel Row 418
2026-06-30 20:56:49,262 - INFO - MainThread - Order: V4063005420
2026-06-30 20:56:49,262 - INFO - MainThread - Processing Excel Row 419
2026-06-30 20:56:49,263 - INFO - MainThread - Order: V4063005421
2026-06-30 20:56:49,263 - INFO - MainThread - Processing Excel Row 420
2026-06-30 20:56:49,263 - INFO - MainThread - Order: V4063005422
2026-06-30 20:56:49,263 - INFO - MainThread - Processing Excel Row 421
2026-06-30 20:56:49,264 - INFO - MainThread - Order: V4063005423
2026-06-30 20:56:49,264 - INFO - MainThread - Processing Excel Row 422
2026-06-30 20:56:49,265 - INFO - MainThread - Order: V4063005424
2026-06-30 20:56:49,265 - INFO - MainThread - Processing Excel Row 423
2026-06-30 20:56:49,266 - INFO - MainThread - Order: V4063005425
2026-06-30 20:56:49,266 - INFO - MainThread - Processing Excel Row 424
2026-06-30 20:56:49,266 - INFO - MainThread - Order: V4063005426
2026-06-30 20:56:49,266 - INFO - MainThread - Processing Excel Row 425
2026-06-30 20:56:49,267 - INFO - MainThread - Order: V4063005427
2026-06-30 20:56:49,267 - INFO - MainThread - Processing Excel Row 426
2026-06-30 20:56:49,268 - INFO - MainThread - Order: V4063005428
2026-06-30 20:56:49,268 - INFO - MainThread - Processing Excel Row 427
2026-06-30 20:56:49,269 - INFO - MainThread - Order: V4063005429
2026-06-30 20:56:49,269 - INFO - MainThread - Processing Excel Row 428
2026-06-30 20:56:49,269 - INFO - MainThread - Order: V4063005430
2026-06-30 20:56:49,269 - INFO - MainThread - Processing Excel Row 429
2026-06-30 20:56:49,270 - INFO - MainThread - Order: V4063005431
2026-06-30 20:56:49,270 - INFO - MainThread - Processing Excel Row 430
2026-06-30 20:56:49,271 - INFO - MainThread - Order: V4063005432
2026-06-30 20:56:49,272 - INFO - MainThread - Processing Excel Row 431
2026-06-30 20:56:49,272 - INFO - MainThread - Order: V4063005433
2026-06-30 20:56:49,272 - INFO - MainThread - Processing Excel Row 432
2026-06-30 20:56:49,273 - INFO - MainThread - Order: V4063005434
2026-06-30 20:56:49,273 - INFO - MainThread - Processing Excel Row 433
2026-06-30 20:56:49,274 - INFO - MainThread - Order: V4063005435
2026-06-30 20:56:49,274 - INFO - MainThread - Processing Excel Row 434
2026-06-30 20:56:49,275 - INFO - MainThread - Order: V4063005436
2026-06-30 20:56:49,275 - INFO - MainThread - Processing Excel Row 435
2026-06-30 20:56:49,276 - INFO - MainThread - Order: V4063005437
2026-06-30 20:56:49,276 - INFO - MainThread - Processing Excel Row 436
2026-06-30 20:56:49,277 - INFO - MainThread - Order: V4063005438
2026-06-30 20:56:49,277 - INFO - MainThread - Processing Excel Row 437
2026-06-30 20:56:49,278 - INFO - MainThread - Order: V4063005439
2026-06-30 20:56:49,278 - INFO - MainThread - Processing Excel Row 438
2026-06-30 20:56:49,279 - INFO - MainThread - Order: V4063005440
2026-06-30 20:56:49,279 - INFO - MainThread - Processing Excel Row 439
2026-06-30 20:56:49,280 - INFO - MainThread - Order: V4063005441
2026-06-30 20:56:49,280 - INFO - MainThread - Processing Excel Row 440
2026-06-30 20:56:49,281 - INFO - MainThread - Order: V4063005442
2026-06-30 20:56:49,281 - INFO - MainThread - Processing Excel Row 441
2026-06-30 20:56:49,282 - INFO - MainThread - Order: V4063005443
2026-06-30 20:56:49,282 - INFO - MainThread - Processing Excel Row 442
2026-06-30 20:56:49,282 - INFO - MainThread - Order: V4063005444
2026-06-30 20:56:49,282 - INFO - MainThread - Processing Excel Row 443
2026-06-30 20:56:49,283 - INFO - MainThread - Order: V4063005445
2026-06-30 20:56:49,283 - INFO - MainThread - Processing Excel Row 444
2026-06-30 20:56:49,284 - INFO - MainThread - Order: V4063005446
2026-06-30 20:56:49,284 - INFO - MainThread - Processing Excel Row 445
2026-06-30 20:56:49,285 - INFO - MainThread - Order: V4063005447
2026-06-30 20:56:49,285 - INFO - MainThread - Processing Excel Row 446
2026-06-30 20:56:49,287 - INFO - MainThread - Order: V4063005448
2026-06-30 20:56:49,287 - INFO - MainThread - Processing Excel Row 447
2026-06-30 20:56:49,287 - INFO - MainThread - Order: V4063005449
2026-06-30 20:56:49,287 - INFO - MainThread - Processing Excel Row 448
2026-06-30 20:56:49,288 - INFO - MainThread - Order: V4063005450
2026-06-30 20:56:49,288 - INFO - MainThread - Processing Excel Row 449
2026-06-30 20:56:49,289 - INFO - MainThread - Order: V4063005451
2026-06-30 20:56:49,289 - INFO - MainThread - Processing Excel Row 450
2026-06-30 20:56:49,290 - INFO - MainThread - Order: V4063005452
2026-06-30 20:56:49,290 - INFO - MainThread - Processing Excel Row 451
2026-06-30 20:56:49,292 - INFO - MainThread - Order: V4063005453
2026-06-30 20:56:49,292 - INFO - MainThread - Processing Excel Row 452
2026-06-30 20:56:49,293 - INFO - MainThread - Order: V4063005454
2026-06-30 20:56:49,293 - INFO - MainThread - Processing Excel Row 453
2026-06-30 20:56:49,294 - INFO - MainThread - Order: V4063005455
2026-06-30 20:56:49,294 - INFO - MainThread - Processing Excel Row 454
2026-06-30 20:56:49,294 - INFO - MainThread - Order: V4063005456
2026-06-30 20:56:49,295 - INFO - MainThread - Processing Excel Row 455
2026-06-30 20:56:49,295 - INFO - MainThread - Order: V4063005457
2026-06-30 20:56:49,295 - INFO - MainThread - Processing Excel Row 456
2026-06-30 20:56:49,296 - INFO - MainThread - Order: V4063005458
2026-06-30 20:56:49,296 - INFO - MainThread - Processing Excel Row 457
2026-06-30 20:56:49,297 - INFO - MainThread - Order: V4063005459
2026-06-30 20:56:49,297 - INFO - MainThread - Processing Excel Row 458
2026-06-30 20:56:49,298 - INFO - MainThread - Order: V4063005460
2026-06-30 20:56:49,298 - INFO - MainThread - Processing Excel Row 459
2026-06-30 20:56:49,299 - INFO - MainThread - Order: V4063005461
2026-06-30 20:56:49,299 - INFO - MainThread - Processing Excel Row 460
2026-06-30 20:56:49,299 - INFO - MainThread - Order: V4063005462
2026-06-30 20:56:49,299 - INFO - MainThread - Processing Excel Row 461
2026-06-30 20:56:49,300 - INFO - MainThread - Order: V4063005463
2026-06-30 20:56:49,301 - INFO - MainThread - Processing Excel Row 462
2026-06-30 20:56:49,302 - INFO - MainThread - Order: V4063005464
2026-06-30 20:56:49,302 - INFO - MainThread - Processing Excel Row 463
2026-06-30 20:56:49,302 - INFO - MainThread - Order: V4063005465
2026-06-30 20:56:49,303 - INFO - MainThread - Processing Excel Row 464
2026-06-30 20:56:49,303 - INFO - MainThread - Order: V4063005466
2026-06-30 20:56:49,303 - INFO - MainThread - Processing Excel Row 465
2026-06-30 20:56:49,304 - INFO - MainThread - Order: V4063005467
2026-06-30 20:56:49,304 - INFO - MainThread - Processing Excel Row 466
2026-06-30 20:56:49,305 - INFO - MainThread - Order: V4063005468
2026-06-30 20:56:49,305 - INFO - MainThread - Processing Excel Row 467
2026-06-30 20:56:49,306 - INFO - MainThread - Order: V4063005469
2026-06-30 20:56:49,306 - INFO - MainThread - Processing Excel Row 468
2026-06-30 20:56:49,307 - INFO - MainThread - Order: V4063005470
2026-06-30 20:56:49,307 - INFO - MainThread - Processing Excel Row 469
2026-06-30 20:56:49,307 - INFO - MainThread - Order: V4063005471
2026-06-30 20:56:49,307 - INFO - MainThread - Processing Excel Row 470
2026-06-30 20:56:49,308 - INFO - MainThread - Order: V4063005472
2026-06-30 20:56:49,308 - INFO - MainThread - Processing Excel Row 471
2026-06-30 20:56:49,309 - INFO - MainThread - Order: V4063005473
2026-06-30 20:56:49,309 - INFO - MainThread - Processing Excel Row 472
2026-06-30 20:56:49,309 - INFO - MainThread - Order: V4063005474
2026-06-30 20:56:49,310 - INFO - MainThread - Processing Excel Row 473
2026-06-30 20:56:49,310 - INFO - MainThread - Order: V4063005475
2026-06-30 20:56:49,310 - INFO - MainThread - Processing Excel Row 474
2026-06-30 20:56:49,311 - INFO - MainThread - Order: V4063005476
2026-06-30 20:56:49,311 - INFO - MainThread - Processing Excel Row 475
2026-06-30 20:56:49,312 - INFO - MainThread - Order: V4063005477
2026-06-30 20:56:49,312 - INFO - MainThread - Processing Excel Row 476
2026-06-30 20:56:49,313 - INFO - MainThread - Order: V4063005478
2026-06-30 20:56:49,313 - INFO - MainThread - Processing Excel Row 477
2026-06-30 20:56:49,314 - INFO - MainThread - Order: V4063005479
2026-06-30 20:56:49,314 - INFO - MainThread - Processing Excel Row 478
2026-06-30 20:56:49,315 - INFO - MainThread - Order: V4063005480
2026-06-30 20:56:49,315 - INFO - MainThread - Processing Excel Row 479
2026-06-30 20:56:49,316 - INFO - MainThread - Order: V4063005481
2026-06-30 20:56:49,316 - INFO - MainThread - Processing Excel Row 480
2026-06-30 20:56:49,317 - INFO - MainThread - Order: V4063005482
2026-06-30 20:56:49,317 - INFO - MainThread - Processing Excel Row 481
2026-06-30 20:56:49,318 - INFO - MainThread - Order: V4063005483
2026-06-30 20:56:49,318 - INFO - MainThread - Processing Excel Row 482
2026-06-30 20:56:49,319 - INFO - MainThread - Order: V4063005484
2026-06-30 20:56:49,319 - INFO - MainThread - Processing Excel Row 483
2026-06-30 20:56:49,320 - INFO - MainThread - Order: V4063005485
2026-06-30 20:56:49,320 - INFO - MainThread - Processing Excel Row 484
2026-06-30 20:56:49,323 - INFO - MainThread - Order: V4063005486
2026-06-30 20:56:49,323 - INFO - MainThread - Processing Excel Row 485
2026-06-30 20:56:49,324 - INFO - MainThread - Order: V4063005487
2026-06-30 20:56:49,324 - INFO - MainThread - Processing Excel Row 486
2026-06-30 20:56:49,324 - INFO - MainThread - Order: V4063005488
2026-06-30 20:56:49,324 - INFO - MainThread - Processing Excel Row 487
2026-06-30 20:56:49,325 - INFO - MainThread - Order: V4063005489
2026-06-30 20:56:49,325 - INFO - MainThread - Processing Excel Row 488
2026-06-30 20:56:49,326 - INFO - MainThread - Order: V4063005490
2026-06-30 20:56:49,326 - INFO - MainThread - Processing Excel Row 489
2026-06-30 20:56:49,327 - INFO - MainThread - Order: V4063005491
2026-06-30 20:56:49,327 - INFO - MainThread - Processing Excel Row 490
2026-06-30 20:56:49,328 - INFO - MainThread - Order: V4063005492
2026-06-30 20:56:49,328 - INFO - MainThread - Processing Excel Row 491
2026-06-30 20:56:49,329 - INFO - MainThread - Order: V4063005493
2026-06-30 20:56:49,329 - INFO - MainThread - Processing Excel Row 492
2026-06-30 20:56:49,329 - INFO - MainThread - Order: V4063005494
2026-06-30 20:56:49,329 - INFO - MainThread - Processing Excel Row 493
2026-06-30 20:56:49,330 - INFO - MainThread - Order: V4063005495
2026-06-30 20:56:49,330 - INFO - MainThread - Processing Excel Row 494
2026-06-30 20:56:49,331 - INFO - MainThread - Order: V4063005496
2026-06-30 20:56:49,331 - INFO - MainThread - Processing Excel Row 495
2026-06-30 20:56:49,332 - INFO - MainThread - Order: V4063005497
2026-06-30 20:56:49,332 - INFO - MainThread - Processing Excel Row 496
2026-06-30 20:56:49,333 - INFO - MainThread - Order: V4063005498
2026-06-30 20:56:49,333 - INFO - MainThread - Processing Excel Row 497
2026-06-30 20:56:49,333 - INFO - MainThread - Order: V4063005499
2026-06-30 20:56:49,334 - INFO - MainThread - Processing Excel Row 498
2026-06-30 20:56:49,335 - INFO - MainThread - Order: V4063005500
2026-06-30 20:56:49,335 - INFO - MainThread - Processing Excel Row 499
2026-06-30 20:56:49,336 - INFO - MainThread - Order: V4063005501
2026-06-30 20:56:49,336 - INFO - MainThread - Processing Excel Row 500
2026-06-30 20:56:49,337 - INFO - MainThread - Order: V4063005502
2026-06-30 20:56:49,337 - INFO - MainThread - Processing Excel Row 501
2026-06-30 20:56:49,338 - INFO - MainThread - Order: V4063005503
2026-06-30 20:56:49,338 - INFO - MainThread - Processing Excel Row 502
2026-06-30 20:56:49,338 - INFO - MainThread - Order: V4063005504
2026-06-30 20:56:49,338 - INFO - MainThread - Processing Excel Row 503
2026-06-30 20:56:49,339 - INFO - MainThread - Order: V4063005505
2026-06-30 20:56:49,339 - INFO - MainThread - Processing Excel Row 504
2026-06-30 20:56:49,340 - INFO - MainThread - Order: V4063005506
2026-06-30 20:56:49,340 - INFO - MainThread - Processing Excel Row 505
2026-06-30 20:56:49,341 - INFO - MainThread - Order: V4063005507
2026-06-30 20:56:49,341 - INFO - MainThread - Processing Excel Row 506
2026-06-30 20:56:49,341 - INFO - MainThread - Order: V4063005508
2026-06-30 20:56:49,342 - INFO - MainThread - Processing Excel Row 507
2026-06-30 20:56:49,342 - INFO - MainThread - Order: V4063005509
2026-06-30 20:56:49,342 - INFO - MainThread - Processing Excel Row 508
2026-06-30 20:56:49,343 - INFO - MainThread - Order: V4063005510
2026-06-30 20:56:49,343 - INFO - MainThread - Processing Excel Row 509
2026-06-30 20:56:49,344 - INFO - MainThread - Order: V4063005511
2026-06-30 20:56:49,344 - INFO - MainThread - Processing Excel Row 510
2026-06-30 20:56:49,344 - INFO - MainThread - Order: V4063005512
2026-06-30 20:56:49,344 - INFO - MainThread - Processing Excel Row 511
2026-06-30 20:56:49,345 - INFO - MainThread - Order: V4063005513
2026-06-30 20:56:49,345 - INFO - MainThread - Processing Excel Row 512
2026-06-30 20:56:49,346 - INFO - MainThread - Order: V4063005514
2026-06-30 20:56:49,346 - INFO - MainThread - Processing Excel Row 513
2026-06-30 20:56:49,347 - INFO - MainThread - Order: V4063005515
2026-06-30 20:56:49,347 - INFO - MainThread - Processing Excel Row 514
2026-06-30 20:56:49,348 - INFO - MainThread - Order: V4063005516
2026-06-30 20:56:49,348 - INFO - MainThread - Processing Excel Row 515
2026-06-30 20:56:49,348 - INFO - MainThread - Order: V4063005517
2026-06-30 20:56:49,348 - INFO - MainThread - Processing Excel Row 516
2026-06-30 20:56:49,349 - INFO - MainThread - Order: V4063005518
2026-06-30 20:56:49,349 - INFO - MainThread - Processing Excel Row 517
2026-06-30 20:56:49,350 - INFO - MainThread - Order: V4063005519
2026-06-30 20:56:49,350 - INFO - MainThread - Processing Excel Row 518
2026-06-30 20:56:49,351 - INFO - MainThread - Order: V4063005520
2026-06-30 20:56:49,351 - INFO - MainThread - Processing Excel Row 519
2026-06-30 20:56:49,351 - INFO - MainThread - Order: V4063005521
2026-06-30 20:56:49,352 - INFO - MainThread - Processing Excel Row 520
2026-06-30 20:56:49,352 - INFO - MainThread - Order: V4063005522
2026-06-30 20:56:49,352 - INFO - MainThread - Processing Excel Row 521
2026-06-30 20:56:49,353 - INFO - MainThread - Order: V4063005523
2026-06-30 20:56:49,353 - INFO - MainThread - Processing Excel Row 522
2026-06-30 20:56:49,354 - INFO - MainThread - Order: V4063005524
2026-06-30 20:56:49,354 - INFO - MainThread - Processing Excel Row 523
2026-06-30 20:56:49,355 - INFO - MainThread - Order: V4063005525
2026-06-30 20:56:49,355 - INFO - MainThread - Processing Excel Row 524
2026-06-30 20:56:49,355 - INFO - MainThread - Order: V4063005526
2026-06-30 20:56:49,355 - INFO - MainThread - Processing Excel Row 525
2026-06-30 20:56:49,356 - INFO - MainThread - Order: V4063005527
2026-06-30 20:56:49,356 - INFO - MainThread - Processing Excel Row 526
2026-06-30 20:56:49,357 - INFO - MainThread - Order: V4063005528
2026-06-30 20:56:49,357 - INFO - MainThread - Processing Excel Row 527
2026-06-30 20:56:49,358 - INFO - MainThread - Order: V4063005529
2026-06-30 20:56:49,358 - INFO - MainThread - Processing Excel Row 528
2026-06-30 20:56:49,359 - INFO - MainThread - Order: V4063005530
2026-06-30 20:56:49,359 - INFO - MainThread - Processing Excel Row 529
2026-06-30 20:56:49,360 - INFO - MainThread - Order: V4063005531
2026-06-30 20:56:49,360 - INFO - MainThread - Processing Excel Row 530
2026-06-30 20:56:49,361 - INFO - MainThread - Order: V4063005532
2026-06-30 20:56:49,361 - INFO - MainThread - Processing Excel Row 531
2026-06-30 20:56:49,362 - INFO - MainThread - Order: V4063005533
2026-06-30 20:56:49,363 - INFO - MainThread - Processing Excel Row 532
2026-06-30 20:56:49,363 - INFO - MainThread - Order: V4063005534
2026-06-30 20:56:49,363 - INFO - MainThread - Processing Excel Row 533
2026-06-30 20:56:49,364 - INFO - MainThread - Order: V4063005535
2026-06-30 20:56:49,364 - INFO - MainThread - Processing Excel Row 534
2026-06-30 20:56:49,365 - INFO - MainThread - Order: V4063005536
2026-06-30 20:56:49,365 - INFO - MainThread - Processing Excel Row 535
2026-06-30 20:56:49,366 - INFO - MainThread - Order: V4063005537
2026-06-30 20:56:49,366 - INFO - MainThread - Processing Excel Row 536
2026-06-30 20:56:49,366 - INFO - MainThread - Order: V4063005538
2026-06-30 20:56:49,367 - INFO - MainThread - Processing Excel Row 537
2026-06-30 20:56:49,367 - INFO - MainThread - Order: V4063005539
2026-06-30 20:56:49,367 - INFO - MainThread - Processing Excel Row 538
2026-06-30 20:56:49,368 - INFO - MainThread - Order: V4063005540
2026-06-30 20:56:49,368 - INFO - MainThread - Processing Excel Row 539
2026-06-30 20:56:49,369 - INFO - MainThread - Order: V4063005541
2026-06-30 20:56:49,369 - INFO - MainThread - Processing Excel Row 540
2026-06-30 20:56:49,369 - INFO - MainThread - Order: V4063005542
2026-06-30 20:56:49,370 - INFO - MainThread - Processing Excel Row 541
2026-06-30 20:56:49,370 - INFO - MainThread - Order: V4063005543
2026-06-30 20:56:49,370 - INFO - MainThread - Processing Excel Row 542
2026-06-30 20:56:49,371 - INFO - MainThread - Order: V4063005544
2026-06-30 20:56:49,371 - INFO - MainThread - Processing Excel Row 543
2026-06-30 20:56:49,372 - INFO - MainThread - Order: V4063005545
2026-06-30 20:56:49,372 - INFO - MainThread - Processing Excel Row 544
2026-06-30 20:56:49,373 - INFO - MainThread - Order: V4063005546
2026-06-30 20:56:49,373 - INFO - MainThread - Processing Excel Row 545
2026-06-30 20:56:49,373 - INFO - MainThread - Order: V4063005547
2026-06-30 20:56:49,373 - INFO - MainThread - Processing Excel Row 546
2026-06-30 20:56:49,374 - INFO - MainThread - Order: V4063005548
2026-06-30 20:56:49,374 - INFO - MainThread - Processing Excel Row 547
2026-06-30 20:56:49,375 - INFO - MainThread - Order: V4063005549
2026-06-30 20:56:49,375 - INFO - MainThread - Processing Excel Row 548
2026-06-30 20:56:49,376 - INFO - MainThread - Order: V4063005550
2026-06-30 20:56:49,376 - INFO - MainThread - Processing Excel Row 549
2026-06-30 20:56:49,376 - INFO - MainThread - Order: V4063005551
2026-06-30 20:56:49,376 - INFO - MainThread - Processing Excel Row 550
2026-06-30 20:56:49,377 - INFO - MainThread - Order: V4063005552
2026-06-30 20:56:49,377 - INFO - MainThread - Processing Excel Row 551
2026-06-30 20:56:49,378 - INFO - MainThread - Order: V4063005553
2026-06-30 20:56:49,378 - INFO - MainThread - Processing Excel Row 552
2026-06-30 20:56:49,379 - INFO - MainThread - Order: V4063005554
2026-06-30 20:56:49,379 - INFO - MainThread - Processing Excel Row 553
2026-06-30 20:56:49,380 - INFO - MainThread - Order: V4063005555
2026-06-30 20:56:49,381 - INFO - MainThread - Processing Excel Row 554
2026-06-30 20:56:49,381 - INFO - MainThread - Order: V4063005556
2026-06-30 20:56:49,382 - INFO - MainThread - Processing Excel Row 555
2026-06-30 20:56:49,382 - INFO - MainThread - Order: V4063005557
2026-06-30 20:56:49,382 - INFO - MainThread - Processing Excel Row 556
2026-06-30 20:56:49,383 - INFO - MainThread - Order: V4063005558
2026-06-30 20:56:49,383 - INFO - MainThread - Processing Excel Row 557
2026-06-30 20:56:49,384 - INFO - MainThread - Order: V4063005559
2026-06-30 20:56:49,384 - INFO - MainThread - Processing Excel Row 558
2026-06-30 20:56:49,385 - INFO - MainThread - Order: V4063005560
2026-06-30 20:56:49,385 - INFO - MainThread - Processing Excel Row 559
2026-06-30 20:56:49,385 - INFO - MainThread - Order: V4063005561
2026-06-30 20:56:49,385 - INFO - MainThread - Processing Excel Row 560
2026-06-30 20:56:49,386 - INFO - MainThread - Order: V4063005562
2026-06-30 20:56:49,386 - INFO - MainThread - Processing Excel Row 561
2026-06-30 20:56:49,387 - INFO - MainThread - Order: V4063005563
2026-06-30 20:56:49,387 - INFO - MainThread - Processing Excel Row 562
2026-06-30 20:56:49,388 - INFO - MainThread - Order: V4063005564
2026-06-30 20:56:49,388 - INFO - MainThread - Processing Excel Row 563
2026-06-30 20:56:49,389 - INFO - MainThread - Order: V4063005565
2026-06-30 20:56:49,389 - INFO - MainThread - Processing Excel Row 564
2026-06-30 20:56:49,390 - INFO - MainThread - Order: V4063005566
2026-06-30 20:56:49,390 - INFO - MainThread - Processing Excel Row 565
2026-06-30 20:56:49,390 - INFO - MainThread - Order: V4063005567
2026-06-30 20:56:49,390 - INFO - MainThread - Processing Excel Row 566
2026-06-30 20:56:49,391 - INFO - MainThread - Order: V4063005568
2026-06-30 20:56:49,391 - INFO - MainThread - Processing Excel Row 567
2026-06-30 20:56:49,392 - INFO - MainThread - Order: V4063005569
2026-06-30 20:56:49,392 - INFO - MainThread - Processing Excel Row 568
2026-06-30 20:56:49,393 - INFO - MainThread - Order: V4063005570
2026-06-30 20:56:49,393 - INFO - MainThread - Processing Excel Row 569
2026-06-30 20:56:49,394 - INFO - MainThread - Order: V4063005571
2026-06-30 20:56:49,394 - INFO - MainThread - Processing Excel Row 570
2026-06-30 20:56:49,395 - INFO - MainThread - Order: V4063005572
2026-06-30 20:56:49,395 - INFO - MainThread - Processing Excel Row 571
2026-06-30 20:56:49,396 - INFO - MainThread - Order: V4063005573
2026-06-30 20:56:49,396 - INFO - MainThread - Processing Excel Row 572
2026-06-30 20:56:49,396 - INFO - MainThread - Order: V4063005574
2026-06-30 20:56:49,396 - INFO - MainThread - Processing Excel Row 573
2026-06-30 20:56:49,397 - INFO - MainThread - Order: V4063005575
2026-06-30 20:56:49,397 - INFO - MainThread - Processing Excel Row 574
2026-06-30 20:56:49,398 - INFO - MainThread - Order: V4063005576
2026-06-30 20:56:49,398 - INFO - MainThread - Processing Excel Row 575
2026-06-30 20:56:49,399 - INFO - MainThread - Order: V4063005577
2026-06-30 20:56:49,399 - INFO - MainThread - Processing Excel Row 576
2026-06-30 20:56:49,400 - INFO - MainThread - Order: V4063005578
2026-06-30 20:56:49,400 - INFO - MainThread - Processing Excel Row 577
2026-06-30 20:56:49,401 - INFO - MainThread - Order: V4063005579
2026-06-30 20:56:49,401 - INFO - MainThread - Processing Excel Row 578
2026-06-30 20:56:49,402 - INFO - MainThread - Order: V4063005580
2026-06-30 20:56:49,402 - INFO - MainThread - Processing Excel Row 579
2026-06-30 20:56:49,403 - INFO - MainThread - Order: V4063005581
2026-06-30 20:56:49,403 - INFO - MainThread - Processing Excel Row 580
2026-06-30 20:56:49,404 - INFO - MainThread - Order: V4063005582
2026-06-30 20:56:49,404 - INFO - MainThread - Processing Excel Row 581
2026-06-30 20:56:49,405 - INFO - MainThread - Order: V4063005583
2026-06-30 20:56:49,405 - INFO - MainThread - Processing Excel Row 582
2026-06-30 20:56:49,405 - INFO - MainThread - Order: V4063005584
2026-06-30 20:56:49,406 - INFO - MainThread - Processing Excel Row 583
2026-06-30 20:56:49,406 - INFO - MainThread - Order: V4063005585
2026-06-30 20:56:49,406 - INFO - MainThread - Processing Excel Row 584
2026-06-30 20:56:49,407 - INFO - MainThread - Order: V4063005586
2026-06-30 20:56:49,407 - INFO - MainThread - Processing Excel Row 585
2026-06-30 20:56:49,408 - INFO - MainThread - Order: V4063005587
2026-06-30 20:56:49,408 - INFO - MainThread - Processing Excel Row 586
2026-06-30 20:56:49,409 - INFO - MainThread - Order: V4063005588
2026-06-30 20:56:49,409 - INFO - MainThread - Processing Excel Row 587
2026-06-30 20:56:49,410 - INFO - MainThread - Order: V4063005589
2026-06-30 20:56:49,410 - INFO - MainThread - Processing Excel Row 588
2026-06-30 20:56:49,411 - INFO - MainThread - Order: V4063005590
2026-06-30 20:56:49,411 - INFO - MainThread - Processing Excel Row 589
2026-06-30 20:56:49,411 - INFO - MainThread - Order: V4063005591
2026-06-30 20:56:49,411 - INFO - MainThread - Processing Excel Row 590
2026-06-30 20:56:49,412 - INFO - MainThread - Order: V4063005592
2026-06-30 20:56:49,412 - INFO - MainThread - Processing Excel Row 591
2026-06-30 20:56:49,413 - INFO - MainThread - Order: V4063005593
2026-06-30 20:56:49,413 - INFO - MainThread - Processing Excel Row 592
2026-06-30 20:56:49,414 - INFO - MainThread - Order: V4063005594
2026-06-30 20:56:49,414 - INFO - MainThread - Processing Excel Row 593
2026-06-30 20:56:49,415 - INFO - MainThread - Order: V4063005595
2026-06-30 20:56:49,415 - INFO - MainThread - Processing Excel Row 594
2026-06-30 20:56:49,415 - INFO - MainThread - Order: V4063005596
2026-06-30 20:56:49,415 - INFO - MainThread - Processing Excel Row 595
2026-06-30 20:56:49,416 - INFO - MainThread - Order: V4063005597
2026-06-30 20:56:49,416 - INFO - MainThread - Processing Excel Row 596
2026-06-30 20:56:49,417 - INFO - MainThread - Order: V4063005598
2026-06-30 20:56:49,417 - INFO - MainThread - Processing Excel Row 597
2026-06-30 20:56:49,418 - INFO - MainThread - Order: V4063005599
2026-06-30 20:56:49,418 - INFO - MainThread - Processing Excel Row 598
2026-06-30 20:56:49,419 - INFO - MainThread - Order: V4063005600
2026-06-30 20:56:49,419 - INFO - MainThread - Processing Excel Row 599
2026-06-30 20:56:49,420 - INFO - MainThread - Order: V4063005601
2026-06-30 20:56:49,420 - INFO - MainThread - Processing Excel Row 600
2026-06-30 20:56:49,421 - INFO - MainThread - Order: V4063005602
2026-06-30 20:56:49,421 - INFO - MainThread - Processing Excel Row 601
2026-06-30 20:56:49,422 - INFO - MainThread - Order: V4063005603
2026-06-30 20:56:49,422 - INFO - MainThread - Processing Excel Row 602
2026-06-30 20:56:49,423 - INFO - MainThread - Order: V4063005604
2026-06-30 20:56:49,423 - INFO - MainThread - Processing Excel Row 603
2026-06-30 20:56:49,424 - INFO - MainThread - Order: V4063005605
2026-06-30 20:56:49,424 - INFO - MainThread - Processing Excel Row 604
2026-06-30 20:56:49,425 - INFO - MainThread - Order: V4063005606
2026-06-30 20:56:49,425 - INFO - MainThread - Processing Excel Row 605
2026-06-30 20:56:49,425 - INFO - MainThread - Order: V4063005607
2026-06-30 20:56:49,425 - INFO - MainThread - Processing Excel Row 606
2026-06-30 20:56:49,426 - INFO - MainThread - Order: V4063005608
2026-06-30 20:56:49,426 - INFO - MainThread - Processing Excel Row 607
2026-06-30 20:56:49,427 - INFO - MainThread - Order: V4063005609
2026-06-30 20:56:49,427 - INFO - MainThread - Processing Excel Row 608
2026-06-30 20:56:49,428 - INFO - MainThread - Order: V4063005610
2026-06-30 20:56:49,428 - INFO - MainThread - Processing Excel Row 609
2026-06-30 20:56:49,429 - INFO - MainThread - Order: V4063005611
2026-06-30 20:56:49,429 - INFO - MainThread - Processing Excel Row 610
2026-06-30 20:56:49,430 - INFO - MainThread - Order: V4063005612
2026-06-30 20:56:49,430 - INFO - MainThread - Processing Excel Row 611
2026-06-30 20:56:49,431 - INFO - MainThread - Order: V4063005613
2026-06-30 20:56:49,431 - INFO - MainThread - Processing Excel Row 612
2026-06-30 20:56:49,431 - INFO - MainThread - Order: V4063005614
2026-06-30 20:56:49,431 - INFO - MainThread - Processing Excel Row 613
2026-06-30 20:56:49,432 - INFO - MainThread - Order: V4063005615
2026-06-30 20:56:49,432 - INFO - MainThread - Processing Excel Row 614
2026-06-30 20:56:49,433 - INFO - MainThread - Order: V4063005616
2026-06-30 20:56:49,433 - INFO - MainThread - Processing Excel Row 615
2026-06-30 20:56:49,434 - INFO - MainThread - Order: V4063005617
2026-06-30 20:56:49,434 - INFO - MainThread - Processing Excel Row 616
2026-06-30 20:56:49,435 - INFO - MainThread - Order: V4063005618
2026-06-30 20:56:49,435 - INFO - MainThread - Processing Excel Row 617
2026-06-30 20:56:49,435 - INFO - MainThread - Order: V4063005619
2026-06-30 20:56:49,436 - INFO - MainThread - Processing Excel Row 618
2026-06-30 20:56:49,436 - INFO - MainThread - Order: V4063005620
2026-06-30 20:56:49,436 - INFO - MainThread - Processing Excel Row 619
2026-06-30 20:56:49,437 - INFO - MainThread - Order: V4063005621
2026-06-30 20:56:49,437 - INFO - MainThread - Processing Excel Row 620
2026-06-30 20:56:49,438 - INFO - MainThread - Order: V4063005622
2026-06-30 20:56:49,438 - INFO - MainThread - Processing Excel Row 621
2026-06-30 20:56:49,439 - INFO - MainThread - Order: V4063005623
2026-06-30 20:56:49,439 - INFO - MainThread - Processing Excel Row 622
2026-06-30 20:56:49,440 - INFO - MainThread - Order: V4063005624
2026-06-30 20:56:49,440 - INFO - MainThread - Processing Excel Row 623
2026-06-30 20:56:49,441 - INFO - MainThread - Order: V4063005625
2026-06-30 20:56:49,441 - INFO - MainThread - Processing Excel Row 624
2026-06-30 20:56:49,442 - INFO - MainThread - Order: V4063005626
2026-06-30 20:56:49,442 - INFO - MainThread - Processing Excel Row 625
2026-06-30 20:56:49,443 - INFO - MainThread - Order: V4063005627
2026-06-30 20:56:49,443 - INFO - MainThread - Processing Excel Row 626
2026-06-30 20:56:49,443 - INFO - MainThread - Order: V4063005628
2026-06-30 20:56:49,443 - INFO - MainThread - Processing Excel Row 627
2026-06-30 20:56:49,444 - INFO - MainThread - Order: V4063005629
2026-06-30 20:56:49,444 - INFO - MainThread - Processing Excel Row 628
2026-06-30 20:56:49,445 - INFO - MainThread - Order: V4063005630
2026-06-30 20:56:49,445 - INFO - MainThread - Processing Excel Row 629
2026-06-30 20:56:49,446 - INFO - MainThread - Order: V4063005631
2026-06-30 20:56:49,446 - INFO - MainThread - Processing Excel Row 630
2026-06-30 20:56:49,447 - INFO - MainThread - Order: V4063005632
2026-06-30 20:56:49,447 - INFO - MainThread - Processing Excel Row 631
2026-06-30 20:56:49,447 - INFO - MainThread - Order: V4063005633
2026-06-30 20:56:49,447 - INFO - MainThread - Processing Excel Row 632
2026-06-30 20:56:49,448 - INFO - MainThread - Order: V4063005634
2026-06-30 20:56:49,448 - INFO - MainThread - Processing Excel Row 633
2026-06-30 20:56:49,449 - INFO - MainThread - Order: V4063005635
2026-06-30 20:56:49,449 - INFO - MainThread - Processing Excel Row 634
2026-06-30 20:56:49,450 - INFO - MainThread - Order: V4063005636
2026-06-30 20:56:49,450 - INFO - MainThread - Processing Excel Row 635
2026-06-30 20:56:49,450 - INFO - MainThread - Order: V4063005637
2026-06-30 20:56:49,451 - INFO - MainThread - Processing Excel Row 636
2026-06-30 20:56:49,451 - INFO - MainThread - Order: V4063005638
2026-06-30 20:56:49,451 - INFO - MainThread - Processing Excel Row 637
2026-06-30 20:56:49,452 - INFO - MainThread - Order: V4063005639
2026-06-30 20:56:49,452 - INFO - MainThread - Processing Excel Row 638
2026-06-30 20:56:49,453 - INFO - MainThread - Order: V4063005640
2026-06-30 20:56:49,453 - INFO - MainThread - Processing Excel Row 639
2026-06-30 20:56:49,453 - INFO - MainThread - Order: V4063005641
2026-06-30 20:56:49,453 - INFO - MainThread - Processing Excel Row 640
2026-06-30 20:56:49,454 - INFO - MainThread - Order: V4063005642
2026-06-30 20:56:49,454 - INFO - MainThread - Processing Excel Row 641
2026-06-30 20:56:49,455 - INFO - MainThread - Order: V4063005643
2026-06-30 20:56:49,455 - INFO - MainThread - Processing Excel Row 642
2026-06-30 20:56:49,456 - INFO - MainThread - Order: V4063005644
2026-06-30 20:56:49,456 - INFO - MainThread - Processing Excel Row 643
2026-06-30 20:56:49,456 - INFO - MainThread - Order: V4063005645
2026-06-30 20:56:49,456 - INFO - MainThread - Processing Excel Row 644
2026-06-30 20:56:49,457 - INFO - MainThread - Order: V4063005646
2026-06-30 20:56:49,457 - INFO - MainThread - Processing Excel Row 645
2026-06-30 20:56:49,458 - INFO - MainThread - Order: V4063005647
2026-06-30 20:56:49,458 - INFO - MainThread - Processing Excel Row 646
2026-06-30 20:56:49,459 - INFO - MainThread - Order: V4063005648
2026-06-30 20:56:49,459 - INFO - MainThread - Processing Excel Row 647
2026-06-30 20:56:49,459 - INFO - MainThread - Order: V4063005649
2026-06-30 20:56:49,459 - INFO - MainThread - Processing Excel Row 648
2026-06-30 20:56:49,460 - INFO - MainThread - Order: V4063005650
2026-06-30 20:56:49,460 - INFO - MainThread - Processing Excel Row 649
2026-06-30 20:56:49,461 - INFO - MainThread - Order: V4063005651
2026-06-30 20:56:49,461 - INFO - MainThread - Processing Excel Row 650
2026-06-30 20:56:49,462 - INFO - MainThread - Order: V4063005652
2026-06-30 20:56:49,462 - INFO - MainThread - Processing Excel Row 651
2026-06-30 20:56:49,462 - INFO - MainThread - Order: V4063005653
2026-06-30 20:56:49,462 - INFO - MainThread - Processing Excel Row 652
2026-06-30 20:56:49,463 - INFO - MainThread - Order: V4063005654
2026-06-30 20:56:49,463 - INFO - MainThread - Processing Excel Row 653
2026-06-30 20:56:49,464 - INFO - MainThread - Order: V4063005655
2026-06-30 20:56:49,464 - INFO - MainThread - Processing Excel Row 654
2026-06-30 20:56:49,465 - INFO - MainThread - Order: V4063005656
2026-06-30 20:56:49,465 - INFO - MainThread - Processing Excel Row 655
2026-06-30 20:56:49,466 - INFO - MainThread - Order: V4063005657
2026-06-30 20:56:49,466 - INFO - MainThread - Processing Excel Row 656
2026-06-30 20:56:49,471 - INFO - MainThread - Order: V4063005658
2026-06-30 20:56:49,472 - INFO - MainThread - Processing Excel Row 657
2026-06-30 20:56:49,474 - INFO - MainThread - Order: V4063005659
2026-06-30 20:56:49,474 - INFO - MainThread - Processing Excel Row 658
2026-06-30 20:56:49,475 - INFO - MainThread - Order: V4063005660
2026-06-30 20:56:49,475 - INFO - MainThread - Processing Excel Row 659
2026-06-30 20:56:49,476 - INFO - MainThread - Order: V4063005661
2026-06-30 20:56:49,476 - INFO - MainThread - Processing Excel Row 660
2026-06-30 20:56:49,477 - INFO - MainThread - Order: V4063005662
2026-06-30 20:56:49,477 - INFO - MainThread - Processing Excel Row 661
2026-06-30 20:56:49,478 - INFO - MainThread - Order: V4063005663
2026-06-30 20:56:49,478 - INFO - MainThread - Processing Excel Row 662
2026-06-30 20:56:49,479 - INFO - MainThread - Order: V4063005664
2026-06-30 20:56:49,479 - INFO - MainThread - Processing Excel Row 663
2026-06-30 20:56:49,480 - INFO - MainThread - Order: V4063005665
2026-06-30 20:56:49,480 - INFO - MainThread - Processing Excel Row 664
2026-06-30 20:56:49,480 - INFO - MainThread - Order: V4063005666
2026-06-30 20:56:49,480 - INFO - MainThread - Processing Excel Row 665
2026-06-30 20:56:49,481 - INFO - MainThread - Order: V4063005667
2026-06-30 20:56:49,481 - INFO - MainThread - Processing Excel Row 666
2026-06-30 20:56:49,482 - INFO - MainThread - Order: V4063005668
2026-06-30 20:56:49,482 - INFO - MainThread - Processing Excel Row 667
2026-06-30 20:56:49,483 - INFO - MainThread - Order: V4063005669
2026-06-30 20:56:49,483 - INFO - MainThread - Processing Excel Row 668
2026-06-30 20:56:49,484 - INFO - MainThread - Order: V4063005670
2026-06-30 20:56:49,484 - INFO - MainThread - Processing Excel Row 669
2026-06-30 20:56:49,485 - INFO - MainThread - Order: V4063005671
2026-06-30 20:56:49,485 - INFO - MainThread - Processing Excel Row 670
2026-06-30 20:56:49,486 - INFO - MainThread - Order: V4063005672
2026-06-30 20:56:49,486 - INFO - MainThread - Processing Excel Row 671
2026-06-30 20:56:49,487 - INFO - MainThread - Order: V4063005673
2026-06-30 20:56:49,487 - INFO - MainThread - Processing Excel Row 672
2026-06-30 20:56:49,488 - INFO - MainThread - Order: V4063005674
2026-06-30 20:56:49,488 - INFO - MainThread - Processing Excel Row 673
2026-06-30 20:56:49,489 - INFO - MainThread - Order: V4063005675
2026-06-30 20:56:49,489 - INFO - MainThread - Processing Excel Row 674
2026-06-30 20:56:49,490 - INFO - MainThread - Order: V4063005676
2026-06-30 20:56:49,490 - INFO - MainThread - Processing Excel Row 675
2026-06-30 20:56:49,491 - INFO - MainThread - Order: V4063005677
2026-06-30 20:56:49,491 - INFO - MainThread - Processing Excel Row 676
2026-06-30 20:56:49,492 - INFO - MainThread - Order: V4063005678
2026-06-30 20:56:49,492 - INFO - MainThread - Processing Excel Row 677
2026-06-30 20:56:49,493 - INFO - MainThread - Order: V4063005679
2026-06-30 20:56:49,493 - INFO - MainThread - Processing Excel Row 678
2026-06-30 20:56:49,493 - INFO - MainThread - Order: V4063005680
2026-06-30 20:56:49,493 - INFO - MainThread - Processing Excel Row 679
2026-06-30 20:56:49,494 - INFO - MainThread - Order: V4063005681
2026-06-30 20:56:49,494 - INFO - MainThread - Processing Excel Row 680
2026-06-30 20:56:49,495 - INFO - MainThread - Order: V4063005682
2026-06-30 20:56:49,495 - INFO - MainThread - Processing Excel Row 681
2026-06-30 20:56:49,496 - INFO - MainThread - Order: V4063005683
2026-06-30 20:56:49,496 - INFO - MainThread - Processing Excel Row 682
2026-06-30 20:56:49,497 - INFO - MainThread - Order: V4063005684
2026-06-30 20:56:49,497 - INFO - MainThread - Processing Excel Row 683
2026-06-30 20:56:49,497 - INFO - MainThread - Order: V4063005685
2026-06-30 20:56:49,497 - INFO - MainThread - Processing Excel Row 684
2026-06-30 20:56:49,498 - INFO - MainThread - Order: V4063005686
2026-06-30 20:56:49,498 - INFO - MainThread - Processing Excel Row 685
2026-06-30 20:56:49,499 - INFO - MainThread - Order: V4063005687
2026-06-30 20:56:49,499 - INFO - MainThread - Processing Excel Row 686
2026-06-30 20:56:49,500 - INFO - MainThread - Order: V4063005688
2026-06-30 20:56:49,500 - INFO - MainThread - Processing Excel Row 687
2026-06-30 20:56:49,500 - INFO - MainThread - Order: V4063005689
2026-06-30 20:56:49,500 - INFO - MainThread - Processing Excel Row 688
2026-06-30 20:56:49,501 - INFO - MainThread - Order: V4063005690
2026-06-30 20:56:49,501 - INFO - MainThread - Processing Excel Row 689
2026-06-30 20:56:49,502 - INFO - MainThread - Order: V4063005691
2026-06-30 20:56:49,502 - INFO - MainThread - Processing Excel Row 690
2026-06-30 20:56:49,503 - INFO - MainThread - Order: V4063005692
2026-06-30 20:56:49,503 - INFO - MainThread - Processing Excel Row 691
2026-06-30 20:56:49,503 - INFO - MainThread - Order: V4063005693
2026-06-30 20:56:49,503 - INFO - MainThread - Processing Excel Row 692
2026-06-30 20:56:49,504 - INFO - MainThread - Order: V4063005694
2026-06-30 20:56:49,504 - INFO - MainThread - Processing Excel Row 693
2026-06-30 20:56:49,505 - INFO - MainThread - Order: V4063005695
2026-06-30 20:56:49,505 - INFO - MainThread - Processing Excel Row 694
2026-06-30 20:56:49,506 - INFO - MainThread - Order: V4063005696
2026-06-30 20:56:49,506 - INFO - MainThread - Processing Excel Row 695
2026-06-30 20:56:49,507 - INFO - MainThread - Order: V4063005697
2026-06-30 20:56:49,507 - INFO - MainThread - Processing Excel Row 696
2026-06-30 20:56:49,508 - INFO - MainThread - Order: V4063005698
2026-06-30 20:56:49,508 - INFO - MainThread - Processing Excel Row 697
2026-06-30 20:56:49,509 - INFO - MainThread - Order: V4063005699
2026-06-30 20:56:49,509 - INFO - MainThread - Processing Excel Row 698
2026-06-30 20:56:49,510 - INFO - MainThread - Order: V4063005700
2026-06-30 20:56:49,510 - INFO - MainThread - Processing Excel Row 699
2026-06-30 20:56:49,511 - INFO - MainThread - Order: V4063005701
2026-06-30 20:56:49,511 - INFO - MainThread - Processing Excel Row 700
2026-06-30 20:56:49,512 - INFO - MainThread - Order: V4063005702
2026-06-30 20:56:49,512 - INFO - MainThread - Processing Excel Row 701
2026-06-30 20:56:49,512 - INFO - MainThread - Order: V4063005703
2026-06-30 20:56:49,512 - INFO - MainThread - Processing Excel Row 702
2026-06-30 20:56:49,513 - INFO - MainThread - Order: V4063005704
2026-06-30 20:56:49,513 - INFO - MainThread - Processing Excel Row 703
2026-06-30 20:56:49,514 - INFO - MainThread - Order: V4063005705
2026-06-30 20:56:49,514 - INFO - MainThread - Processing Excel Row 704
2026-06-30 20:56:49,515 - INFO - MainThread - Order: V4063005706
2026-06-30 20:56:49,515 - INFO - MainThread - Processing Excel Row 705
2026-06-30 20:56:49,515 - INFO - MainThread - Order: V4063005707
2026-06-30 20:56:49,516 - INFO - MainThread - Processing Excel Row 706
2026-06-30 20:56:49,516 - INFO - MainThread - Order: V4063005708
2026-06-30 20:56:49,516 - INFO - MainThread - Processing Excel Row 707
2026-06-30 20:56:49,517 - INFO - MainThread - Order: V4063005709
2026-06-30 20:56:49,517 - INFO - MainThread - Processing Excel Row 708
2026-06-30 20:56:49,518 - INFO - MainThread - Order: V4063005710
2026-06-30 20:56:49,518 - INFO - MainThread - Processing Excel Row 709
2026-06-30 20:56:49,519 - INFO - MainThread - Order: V4063005711
2026-06-30 20:56:49,519 - INFO - MainThread - Processing Excel Row 710
2026-06-30 20:56:49,520 - INFO - MainThread - Order: V4063005712
2026-06-30 20:56:49,520 - INFO - MainThread - Processing Excel Row 711
2026-06-30 20:56:49,521 - INFO - MainThread - Order: V4063005713
2026-06-30 20:56:49,521 - INFO - MainThread - Processing Excel Row 712
2026-06-30 20:56:49,521 - INFO - MainThread - Order: V4063005714
2026-06-30 20:56:49,522 - INFO - MainThread - Processing Excel Row 713
2026-06-30 20:56:49,522 - INFO - MainThread - Order: V4063005715
2026-06-30 20:56:49,522 - INFO - MainThread - Processing Excel Row 714
2026-06-30 20:56:49,523 - INFO - MainThread - Order: V4063005716
2026-06-30 20:56:49,523 - INFO - MainThread - Processing Excel Row 715
2026-06-30 20:56:49,524 - INFO - MainThread - Order: V4063005717
2026-06-30 20:56:49,524 - INFO - MainThread - Processing Excel Row 716
2026-06-30 20:56:49,524 - INFO - MainThread - Order: V4063005718
2026-06-30 20:56:49,525 - INFO - MainThread - Processing Excel Row 717
2026-06-30 20:56:49,525 - INFO - MainThread - Order: V4063005719
2026-06-30 20:56:49,525 - INFO - MainThread - Processing Excel Row 718
2026-06-30 20:56:49,526 - INFO - MainThread - Order: V4063005720
2026-06-30 20:56:49,526 - INFO - MainThread - Processing Excel Row 719
2026-06-30 20:56:49,527 - INFO - MainThread - Order: V4063005721
2026-06-30 20:56:49,527 - INFO - MainThread - Processing Excel Row 720
2026-06-30 20:56:49,528 - INFO - MainThread - Order: V4063005722
2026-06-30 20:56:49,528 - INFO - MainThread - Processing Excel Row 721
2026-06-30 20:56:49,529 - INFO - MainThread - Order: V4063005723
2026-06-30 20:56:49,529 - INFO - MainThread - Processing Excel Row 722
2026-06-30 20:56:49,530 - INFO - MainThread - Order: V4063005724
2026-06-30 20:56:49,530 - INFO - MainThread - Processing Excel Row 723
2026-06-30 20:56:49,531 - INFO - MainThread - Order: V4063005725
2026-06-30 20:56:49,531 - INFO - MainThread - Processing Excel Row 724
2026-06-30 20:56:49,531 - INFO - MainThread - Order: V4063005726
2026-06-30 20:56:49,532 - INFO - MainThread - Processing Excel Row 725
2026-06-30 20:56:49,532 - INFO - MainThread - Order: V4063005727
2026-06-30 20:56:49,532 - INFO - MainThread - Processing Excel Row 726
2026-06-30 20:56:49,533 - INFO - MainThread - Order: V4063005728
2026-06-30 20:56:49,533 - INFO - MainThread - Processing Excel Row 727
2026-06-30 20:56:49,534 - INFO - MainThread - Order: V4063005729
2026-06-30 20:56:49,534 - INFO - MainThread - Processing Excel Row 728
2026-06-30 20:56:49,535 - INFO - MainThread - Order: V4063005730
2026-06-30 20:56:49,535 - INFO - MainThread - Processing Excel Row 729
2026-06-30 20:56:49,535 - INFO - MainThread - Order: V4063005731
2026-06-30 20:56:49,536 - INFO - MainThread - Processing Excel Row 730
2026-06-30 20:56:49,536 - INFO - MainThread - Order: V4063005732
2026-06-30 20:56:49,536 - INFO - MainThread - Processing Excel Row 731
2026-06-30 20:56:49,537 - INFO - MainThread - Order: V4063005733
2026-06-30 20:56:49,537 - INFO - MainThread - Processing Excel Row 732
2026-06-30 20:56:49,538 - INFO - MainThread - Order: V4063005734
2026-06-30 20:56:49,538 - INFO - MainThread - Processing Excel Row 733
2026-06-30 20:56:49,539 - INFO - MainThread - Order: V4063005735
2026-06-30 20:56:49,539 - INFO - MainThread - Processing Excel Row 734
2026-06-30 20:56:49,540 - INFO - MainThread - Order: V4063005736
2026-06-30 20:56:49,540 - INFO - MainThread - Processing Excel Row 735
2026-06-30 20:56:49,541 - INFO - MainThread - Order: V4063005737
2026-06-30 20:56:49,541 - INFO - MainThread - Processing Excel Row 736
2026-06-30 20:56:49,541 - INFO - MainThread - Order: V4063005738
2026-06-30 20:56:49,542 - INFO - MainThread - Processing Excel Row 737
2026-06-30 20:56:49,542 - INFO - MainThread - Order: V4063005739
2026-06-30 20:56:49,542 - INFO - MainThread - Processing Excel Row 738
2026-06-30 20:56:49,543 - INFO - MainThread - Order: V4063005740
2026-06-30 20:56:49,543 - INFO - MainThread - Processing Excel Row 739
2026-06-30 20:56:49,544 - INFO - MainThread - Order: V4063005741
2026-06-30 20:56:49,544 - INFO - MainThread - Processing Excel Row 740
2026-06-30 20:56:49,545 - INFO - MainThread - Order: V4063005742
2026-06-30 20:56:49,545 - INFO - MainThread - Processing Excel Row 741
2026-06-30 20:56:49,546 - INFO - MainThread - Order: V4063005743
2026-06-30 20:56:49,546 - INFO - MainThread - Processing Excel Row 742
2026-06-30 20:56:49,546 - INFO - MainThread - Order: V4063005744
2026-06-30 20:56:49,546 - INFO - MainThread - Processing Excel Row 743
2026-06-30 20:56:49,547 - INFO - MainThread - Order: V4063005745
2026-06-30 20:56:49,547 - INFO - MainThread - Processing Excel Row 744
2026-06-30 20:56:49,548 - INFO - MainThread - Order: V4063005746
2026-06-30 20:56:49,548 - INFO - MainThread - Processing Excel Row 745
2026-06-30 20:56:49,549 - INFO - MainThread - Order: V4063005747
2026-06-30 20:56:49,549 - INFO - MainThread - Processing Excel Row 746
2026-06-30 20:56:49,550 - INFO - MainThread - Order: V4063005748
2026-06-30 20:56:49,550 - INFO - MainThread - Processing Excel Row 747
2026-06-30 20:56:49,550 - INFO - MainThread - Order: V4063005749
2026-06-30 20:56:49,551 - INFO - MainThread - Processing Excel Row 748
2026-06-30 20:56:49,551 - INFO - MainThread - Order: V4063005750
2026-06-30 20:56:49,551 - INFO - MainThread - Processing Excel Row 749
2026-06-30 20:56:49,552 - INFO - MainThread - Order: V4063005751
2026-06-30 20:56:49,552 - INFO - MainThread - Processing Excel Row 750
2026-06-30 20:56:49,553 - INFO - MainThread - Order: V4063005752
2026-06-30 20:56:49,553 - INFO - MainThread - Processing Excel Row 751
2026-06-30 20:56:49,554 - INFO - MainThread - Order: V4063005753
2026-06-30 20:56:49,554 - INFO - MainThread - Processing Excel Row 752
2026-06-30 20:56:49,555 - INFO - MainThread - Order: V4063005754
2026-06-30 20:56:49,555 - INFO - MainThread - Processing Excel Row 753
2026-06-30 20:56:49,556 - INFO - MainThread - Order: V4063005755
2026-06-30 20:56:49,556 - INFO - MainThread - Processing Excel Row 754
2026-06-30 20:56:49,557 - INFO - MainThread - Order: V4063005756
2026-06-30 20:56:49,557 - INFO - MainThread - Processing Excel Row 755
2026-06-30 20:56:49,558 - INFO - MainThread - Order: V4063005757
2026-06-30 20:56:49,558 - INFO - MainThread - Processing Excel Row 756
2026-06-30 20:56:49,559 - INFO - MainThread - Order: V4063005758
2026-06-30 20:56:49,559 - INFO - MainThread - Processing Excel Row 757
2026-06-30 20:56:49,560 - INFO - MainThread - Order: V4063005759
2026-06-30 20:56:49,560 - INFO - MainThread - Processing Excel Row 758
2026-06-30 20:56:49,560 - INFO - MainThread - Order: V4063005760
2026-06-30 20:56:49,560 - INFO - MainThread - Processing Excel Row 759
2026-06-30 20:56:49,561 - INFO - MainThread - Order: V4063005761
2026-06-30 20:56:49,561 - INFO - MainThread - Processing Excel Row 760
2026-06-30 20:56:49,562 - INFO - MainThread - Order: V4063005762
2026-06-30 20:56:49,562 - INFO - MainThread - Processing Excel Row 761
2026-06-30 20:56:49,563 - INFO - MainThread - Order: V4063005763
2026-06-30 20:56:49,563 - INFO - MainThread - Processing Excel Row 762
2026-06-30 20:56:49,564 - INFO - MainThread - Order: V4063005764
2026-06-30 20:56:49,564 - INFO - MainThread - Processing Excel Row 763
2026-06-30 20:56:49,565 - INFO - MainThread - Order: V4063005765
2026-06-30 20:56:49,565 - INFO - MainThread - Processing Excel Row 764
2026-06-30 20:56:49,565 - INFO - MainThread - Order: V4063005766
2026-06-30 20:56:49,565 - INFO - MainThread - Processing Excel Row 765
2026-06-30 20:56:49,566 - INFO - MainThread - Order: V4063005767
2026-06-30 20:56:49,566 - INFO - MainThread - Processing Excel Row 766
2026-06-30 20:56:49,567 - INFO - MainThread - Order: V4063005768
2026-06-30 20:56:49,567 - INFO - MainThread - Processing Excel Row 767
2026-06-30 20:56:49,568 - INFO - MainThread - Order: V4063005769
2026-06-30 20:56:49,568 - INFO - MainThread - Processing Excel Row 768
2026-06-30 20:56:49,569 - INFO - MainThread - Order: V4063005770
2026-06-30 20:56:49,569 - INFO - MainThread - Processing Excel Row 769
2026-06-30 20:56:49,569 - INFO - MainThread - Order: V4063005771
2026-06-30 20:56:49,569 - INFO - MainThread - Processing Excel Row 770
2026-06-30 20:56:49,570 - INFO - MainThread - Order: V4063005772
2026-06-30 20:56:49,570 - INFO - MainThread - Processing Excel Row 771
2026-06-30 20:56:49,571 - INFO - MainThread - Order: V4063005773
2026-06-30 20:56:49,571 - INFO - MainThread - Processing Excel Row 772
2026-06-30 20:56:49,572 - INFO - MainThread - Order: V4063005774
2026-06-30 20:56:49,572 - INFO - MainThread - Processing Excel Row 773
2026-06-30 20:56:49,573 - INFO - MainThread - Order: V4063005775
2026-06-30 20:56:49,573 - INFO - MainThread - Processing Excel Row 774
2026-06-30 20:56:49,574 - INFO - MainThread - Order: V4063005776
2026-06-30 20:56:49,574 - INFO - MainThread - Processing Excel Row 775
2026-06-30 20:56:49,574 - INFO - MainThread - Order: V4063005777
2026-06-30 20:56:49,574 - INFO - MainThread - Processing Excel Row 776
2026-06-30 20:56:49,575 - INFO - MainThread - Order: V4063005778
2026-06-30 20:56:49,575 - INFO - MainThread - Processing Excel Row 777
2026-06-30 20:56:49,576 - INFO - MainThread - Order: V4063005779
2026-06-30 20:56:49,576 - INFO - MainThread - Processing Excel Row 778
2026-06-30 20:56:49,577 - INFO - MainThread - Order: V4063005780
2026-06-30 20:56:49,577 - INFO - MainThread - Processing Excel Row 779
2026-06-30 20:56:49,578 - INFO - MainThread - Order: V4063005781
2026-06-30 20:56:49,578 - INFO - MainThread - Processing Excel Row 780
2026-06-30 20:56:49,579 - INFO - MainThread - Order: V4063005782
2026-06-30 20:56:49,579 - INFO - MainThread - Processing Excel Row 781
2026-06-30 20:56:49,580 - INFO - MainThread - Order: V4063005783
2026-06-30 20:56:49,580 - INFO - MainThread - Processing Excel Row 782
2026-06-30 20:56:49,581 - INFO - MainThread - Order: V4063005784
2026-06-30 20:56:49,581 - INFO - MainThread - Processing Excel Row 783
2026-06-30 20:56:49,581 - INFO - MainThread - Order: V4063005785
2026-06-30 20:56:49,581 - INFO - MainThread - Processing Excel Row 784
2026-06-30 20:56:49,582 - INFO - MainThread - Order: V4063005786
2026-06-30 20:56:49,582 - INFO - MainThread - Processing Excel Row 785
2026-06-30 20:56:49,583 - INFO - MainThread - Order: V4063005787
2026-06-30 20:56:49,583 - INFO - MainThread - Processing Excel Row 786
2026-06-30 20:56:49,584 - INFO - MainThread - Order: V4063005788
2026-06-30 20:56:49,584 - INFO - MainThread - Processing Excel Row 787
2026-06-30 20:56:49,585 - INFO - MainThread - Order: V4063005789
2026-06-30 20:56:49,585 - INFO - MainThread - Processing Excel Row 788
2026-06-30 20:56:49,586 - INFO - MainThread - Order: V4063005790
2026-06-30 20:56:49,586 - INFO - MainThread - Processing Excel Row 789
2026-06-30 20:56:49,587 - INFO - MainThread - Order: V4063005791
2026-06-30 20:56:49,587 - INFO - MainThread - Processing Excel Row 790
2026-06-30 20:56:49,587 - INFO - MainThread - Order: V4063005792
2026-06-30 20:56:49,588 - INFO - MainThread - Processing Excel Row 791
2026-06-30 20:56:49,588 - INFO - MainThread - Order: V4063005793
2026-06-30 20:56:49,588 - INFO - MainThread - Processing Excel Row 792
2026-06-30 20:56:49,589 - INFO - MainThread - Order: V4063005794
2026-06-30 20:56:49,589 - INFO - MainThread - Processing Excel Row 793
2026-06-30 20:56:49,590 - INFO - MainThread - Order: V4063005795
2026-06-30 20:56:49,590 - INFO - MainThread - Processing Excel Row 794
2026-06-30 20:56:49,591 - INFO - MainThread - Order: V4063005796
2026-06-30 20:56:49,591 - INFO - MainThread - Processing Excel Row 795
2026-06-30 20:56:49,591 - INFO - MainThread - Order: V4063005797
2026-06-30 20:56:49,591 - INFO - MainThread - Processing Excel Row 796
2026-06-30 20:56:49,592 - INFO - MainThread - Order: V4063005798
2026-06-30 20:56:49,592 - INFO - MainThread - Processing Excel Row 797
2026-06-30 20:56:49,593 - INFO - MainThread - Order: V4063005799
2026-06-30 20:56:49,593 - INFO - MainThread - Processing Excel Row 798
2026-06-30 20:56:49,594 - INFO - MainThread - Order: V4063005800
2026-06-30 20:56:49,594 - INFO - MainThread - Processing Excel Row 799
2026-06-30 20:56:49,595 - INFO - MainThread - Order: V4063005801
2026-06-30 20:56:49,595 - INFO - MainThread - Processing Excel Row 800
2026-06-30 20:56:49,596 - INFO - MainThread - Order: V4063005802
2026-06-30 20:56:49,596 - INFO - MainThread - Processing Excel Row 801
2026-06-30 20:56:49,597 - INFO - MainThread - Order: V4063005803
2026-06-30 20:56:49,597 - INFO - MainThread - Processing Excel Row 802
2026-06-30 20:56:49,598 - INFO - MainThread - Order: V4063005804
2026-06-30 20:56:49,598 - INFO - MainThread - Processing Excel Row 803
2026-06-30 20:56:49,599 - INFO - MainThread - Order: V4063005805
2026-06-30 20:56:49,599 - INFO - MainThread - Processing Excel Row 804
2026-06-30 20:56:49,600 - INFO - MainThread - Order: V4063005806
2026-06-30 20:56:49,600 - INFO - MainThread - Processing Excel Row 805
2026-06-30 20:56:49,601 - INFO - MainThread - Order: V4063005807
2026-06-30 20:56:49,601 - INFO - MainThread - Processing Excel Row 806
2026-06-30 20:56:49,601 - INFO - MainThread - Order: V4063005808
2026-06-30 20:56:49,601 - INFO - MainThread - Processing Excel Row 807
2026-06-30 20:56:49,602 - INFO - MainThread - Order: V4063005809
2026-06-30 20:56:49,602 - INFO - MainThread - Processing Excel Row 808
2026-06-30 20:56:49,603 - INFO - MainThread - Order: V4063005810
2026-06-30 20:56:49,603 - INFO - MainThread - Processing Excel Row 809
2026-06-30 20:56:49,604 - INFO - MainThread - Order: V4063005811
2026-06-30 20:56:49,604 - INFO - MainThread - Processing Excel Row 810
2026-06-30 20:56:49,604 - INFO - MainThread - Order: V4063005812
2026-06-30 20:56:49,604 - INFO - MainThread - Processing Excel Row 811
2026-06-30 20:56:49,605 - INFO - MainThread - Order: V4063005813
2026-06-30 20:56:49,605 - INFO - MainThread - Processing Excel Row 812
2026-06-30 20:56:49,606 - INFO - MainThread - Order: V4063005814
2026-06-30 20:56:49,606 - INFO - MainThread - Processing Excel Row 813
2026-06-30 20:56:49,607 - INFO - MainThread - Order: V4063005815
2026-06-30 20:56:49,607 - INFO - MainThread - Processing Excel Row 814
2026-06-30 20:56:49,607 - INFO - MainThread - Order: V4063005816
2026-06-30 20:56:49,607 - INFO - MainThread - Processing Excel Row 815
2026-06-30 20:56:49,608 - INFO - MainThread - Order: V4063005817
2026-06-30 20:56:49,608 - INFO - MainThread - Processing Excel Row 816
2026-06-30 20:56:49,609 - INFO - MainThread - Order: V4063005818
2026-06-30 20:56:49,609 - INFO - MainThread - Processing Excel Row 817
2026-06-30 20:56:49,610 - INFO - MainThread - Order: V4063005819
2026-06-30 20:56:49,610 - INFO - MainThread - Processing Excel Row 818
2026-06-30 20:56:49,611 - INFO - MainThread - Order: V4063005820
2026-06-30 20:56:49,611 - INFO - MainThread - Processing Excel Row 819
2026-06-30 20:56:49,612 - INFO - MainThread - Order: V4063005821
2026-06-30 20:56:49,612 - INFO - MainThread - Processing Excel Row 820
2026-06-30 20:56:49,612 - INFO - MainThread - Order: V4063005822
2026-06-30 20:56:49,612 - INFO - MainThread - Processing Excel Row 821
2026-06-30 20:56:49,613 - INFO - MainThread - Order: V4063005823
2026-06-30 20:56:49,613 - INFO - MainThread - Processing Excel Row 822
2026-06-30 20:56:49,614 - INFO - MainThread - Order: V4063005824
2026-06-30 20:56:49,614 - INFO - MainThread - Processing Excel Row 823
2026-06-30 20:56:49,615 - INFO - MainThread - Order: V4063005825
2026-06-30 20:56:49,615 - INFO - MainThread - Processing Excel Row 824
2026-06-30 20:56:49,616 - INFO - MainThread - Order: V4063005826
2026-06-30 20:56:49,616 - INFO - MainThread - Processing Excel Row 825
2026-06-30 20:56:49,617 - INFO - MainThread - Order: V4063005827
2026-06-30 20:56:49,617 - INFO - MainThread - Processing Excel Row 826
2026-06-30 20:56:49,618 - INFO - MainThread - Order: V4063005828
2026-06-30 20:56:49,618 - INFO - MainThread - Processing Excel Row 827
2026-06-30 20:56:49,619 - INFO - MainThread - Order: V4063005829
2026-06-30 20:56:49,619 - INFO - MainThread - Processing Excel Row 828
2026-06-30 20:56:49,620 - INFO - MainThread - Order: V4063005830
2026-06-30 20:56:49,620 - INFO - MainThread - Processing Excel Row 829
2026-06-30 20:56:49,621 - INFO - MainThread - Order: V4063005831
2026-06-30 20:56:49,621 - INFO - MainThread - Processing Excel Row 830
2026-06-30 20:56:49,622 - INFO - MainThread - Order: V4063005832
2026-06-30 20:56:49,622 - INFO - MainThread - Processing Excel Row 831
2026-06-30 20:56:49,623 - INFO - MainThread - Order: V4063005833
2026-06-30 20:56:49,623 - INFO - MainThread - Processing Excel Row 832
2026-06-30 20:56:49,624 - INFO - MainThread - Order: V4063005834
2026-06-30 20:56:49,624 - INFO - MainThread - Processing Excel Row 833
2026-06-30 20:56:49,625 - INFO - MainThread - Order: V4063005835
2026-06-30 20:56:49,625 - INFO - MainThread - Processing Excel Row 834
2026-06-30 20:56:49,626 - INFO - MainThread - Order: V4063005836
2026-06-30 20:56:49,626 - INFO - MainThread - Processing Excel Row 835
2026-06-30 20:56:49,627 - INFO - MainThread - Order: V4063005837
2026-06-30 20:56:49,627 - INFO - MainThread - Processing Excel Row 836
2026-06-30 20:56:49,628 - INFO - MainThread - Order: V4063005838
2026-06-30 20:56:49,628 - INFO - MainThread - Processing Excel Row 837
2026-06-30 20:56:49,629 - INFO - MainThread - Order: V4063005839
2026-06-30 20:56:49,629 - INFO - MainThread - Processing Excel Row 838
2026-06-30 20:56:49,630 - INFO - MainThread - Order: V4063005840
2026-06-30 20:56:49,630 - INFO - MainThread - Processing Excel Row 839
2026-06-30 20:56:49,630 - INFO - MainThread - Order: V4063005841
2026-06-30 20:56:49,631 - INFO - MainThread - Processing Excel Row 840
2026-06-30 20:56:49,631 - INFO - MainThread - Order: V4063005842
2026-06-30 20:56:49,631 - INFO - MainThread - Processing Excel Row 841
2026-06-30 20:56:49,632 - INFO - MainThread - Order: V4063005843
2026-06-30 20:56:49,632 - INFO - MainThread - Processing Excel Row 842
2026-06-30 20:56:49,634 - INFO - MainThread - Order: V4063005844
2026-06-30 20:56:49,634 - INFO - MainThread - Processing Excel Row 843
2026-06-30 20:56:49,635 - INFO - MainThread - Order: V4063005845
2026-06-30 20:56:49,635 - INFO - MainThread - Processing Excel Row 844
2026-06-30 20:56:49,636 - INFO - MainThread - Order: V4063005846
2026-06-30 20:56:49,636 - INFO - MainThread - Processing Excel Row 845
2026-06-30 20:56:49,637 - INFO - MainThread - Order: V4063005847
2026-06-30 20:56:49,637 - INFO - MainThread - Processing Excel Row 846
2026-06-30 20:56:49,637 - INFO - MainThread - Order: V4063005848
2026-06-30 20:56:49,638 - INFO - MainThread - Processing Excel Row 847
2026-06-30 20:56:49,638 - INFO - MainThread - Order: V4063005849
2026-06-30 20:56:49,638 - INFO - MainThread - Processing Excel Row 848
2026-06-30 20:56:49,639 - INFO - MainThread - Order: V4063005850
2026-06-30 20:56:49,639 - INFO - MainThread - Processing Excel Row 849
2026-06-30 20:56:49,640 - INFO - MainThread - Order: V4063005851
2026-06-30 20:56:49,640 - INFO - MainThread - Processing Excel Row 850
2026-06-30 20:56:49,641 - INFO - MainThread - Order: V4063005852
2026-06-30 20:56:49,641 - INFO - MainThread - Processing Excel Row 851
2026-06-30 20:56:49,642 - INFO - MainThread - Order: V4063005853
2026-06-30 20:56:49,642 - INFO - MainThread - Processing Excel Row 852
2026-06-30 20:56:49,643 - INFO - MainThread - Order: V4063005854
2026-06-30 20:56:49,643 - INFO - MainThread - Processing Excel Row 853
2026-06-30 20:56:49,644 - INFO - MainThread - Order: V4063005855
2026-06-30 20:56:49,644 - INFO - MainThread - Processing Excel Row 854
2026-06-30 20:56:49,645 - INFO - MainThread - Order: V4063005856
2026-06-30 20:56:49,645 - INFO - MainThread - Processing Excel Row 855
2026-06-30 20:56:49,645 - INFO - MainThread - Order: V4063005857
2026-06-30 20:56:49,646 - INFO - MainThread - Processing Excel Row 856
2026-06-30 20:56:49,646 - INFO - MainThread - Order: V4063005858
2026-06-30 20:56:49,646 - INFO - MainThread - Processing Excel Row 857
2026-06-30 20:56:49,647 - INFO - MainThread - Order: V4063005859
2026-06-30 20:56:49,647 - INFO - MainThread - Processing Excel Row 858
2026-06-30 20:56:49,648 - INFO - MainThread - Order: V4063005860
2026-06-30 20:56:49,648 - INFO - MainThread - Processing Excel Row 859
2026-06-30 20:56:49,649 - INFO - MainThread - Order: V4063005861
2026-06-30 20:56:49,649 - INFO - MainThread - Processing Excel Row 860
2026-06-30 20:56:49,649 - INFO - MainThread - Order: V4063005862
2026-06-30 20:56:49,650 - INFO - MainThread - Processing Excel Row 861
2026-06-30 20:56:49,650 - INFO - MainThread - Order: V4063005863
2026-06-30 20:56:49,650 - INFO - MainThread - Processing Excel Row 862
2026-06-30 20:56:49,651 - INFO - MainThread - Order: V4063005864
2026-06-30 20:56:49,651 - INFO - MainThread - Processing Excel Row 863
2026-06-30 20:56:49,652 - INFO - MainThread - Order: V4063005865
2026-06-30 20:56:49,652 - INFO - MainThread - Processing Excel Row 864
2026-06-30 20:56:49,653 - INFO - MainThread - Order: V4063005866
2026-06-30 20:56:49,653 - INFO - MainThread - Processing Excel Row 865
2026-06-30 20:56:49,653 - INFO - MainThread - Order: V4063005867
2026-06-30 20:56:49,653 - INFO - MainThread - Processing Excel Row 866
2026-06-30 20:56:49,654 - INFO - MainThread - Order: V4063005868
2026-06-30 20:56:49,654 - INFO - MainThread - Processing Excel Row 867
2026-06-30 20:56:49,655 - INFO - MainThread - Order: V4063005869
2026-06-30 20:56:49,655 - INFO - MainThread - Processing Excel Row 868
2026-06-30 20:56:49,655 - INFO - MainThread - Order: V4063005870
2026-06-30 20:56:49,656 - INFO - MainThread - Processing Excel Row 869
2026-06-30 20:56:49,656 - INFO - MainThread - Order: V4063005871
2026-06-30 20:56:49,656 - INFO - MainThread - Processing Excel Row 870
2026-06-30 20:56:49,657 - INFO - MainThread - Order: V4063005872
2026-06-30 20:56:49,657 - INFO - MainThread - Processing Excel Row 871
2026-06-30 20:56:49,658 - INFO - MainThread - Order: V4063005873
2026-06-30 20:56:49,658 - INFO - MainThread - Processing Excel Row 872
2026-06-30 20:56:49,659 - INFO - MainThread - Order: V4063005874
2026-06-30 20:56:49,659 - INFO - MainThread - Processing Excel Row 873
2026-06-30 20:56:49,660 - INFO - MainThread - Order: V4063005875
2026-06-30 20:56:49,660 - INFO - MainThread - Processing Excel Row 874
2026-06-30 20:56:49,661 - INFO - MainThread - Order: V4063005876
2026-06-30 20:56:49,661 - INFO - MainThread - Processing Excel Row 875
2026-06-30 20:56:49,662 - INFO - MainThread - Order: V4063005877
2026-06-30 20:56:49,662 - INFO - MainThread - Processing Excel Row 876
2026-06-30 20:56:49,663 - INFO - MainThread - Order: V4063005878
2026-06-30 20:56:49,663 - INFO - MainThread - Processing Excel Row 877
2026-06-30 20:56:49,664 - INFO - MainThread - Order: V4063005879
2026-06-30 20:56:49,664 - INFO - MainThread - Processing Excel Row 878
2026-06-30 20:56:49,665 - INFO - MainThread - Order: V4063005880
2026-06-30 20:56:49,665 - INFO - MainThread - Processing Excel Row 879
2026-06-30 20:56:49,666 - INFO - MainThread - Order: V4063005881
2026-06-30 20:56:49,666 - INFO - MainThread - Processing Excel Row 880
2026-06-30 20:56:49,667 - INFO - MainThread - Order: V4063005882
2026-06-30 20:56:49,667 - INFO - MainThread - Processing Excel Row 881
2026-06-30 20:56:49,668 - INFO - MainThread - Order: V4063005883
2026-06-30 20:56:49,668 - INFO - MainThread - Processing Excel Row 882
2026-06-30 20:56:49,669 - INFO - MainThread - Order: V4063005884
2026-06-30 20:56:49,669 - INFO - MainThread - Processing Excel Row 883
2026-06-30 20:56:49,669 - INFO - MainThread - Order: V4063005885
2026-06-30 20:56:49,669 - INFO - MainThread - Processing Excel Row 884
2026-06-30 20:56:49,670 - INFO - MainThread - Order: V4063005886
2026-06-30 20:56:49,670 - INFO - MainThread - Processing Excel Row 885
2026-06-30 20:56:49,671 - INFO - MainThread - Order: V4063005887
2026-06-30 20:56:49,671 - INFO - MainThread - Processing Excel Row 886
2026-06-30 20:56:49,672 - INFO - MainThread - Order: V4063005888
2026-06-30 20:56:49,672 - INFO - MainThread - Processing Excel Row 887
2026-06-30 20:56:49,673 - INFO - MainThread - Order: V4063005889
2026-06-30 20:56:49,673 - INFO - MainThread - Processing Excel Row 888
2026-06-30 20:56:49,673 - INFO - MainThread - Order: V4063005890
2026-06-30 20:56:49,673 - INFO - MainThread - Processing Excel Row 889
2026-06-30 20:56:49,674 - INFO - MainThread - Order: V4063005891
2026-06-30 20:56:49,674 - INFO - MainThread - Processing Excel Row 890
2026-06-30 20:56:49,675 - INFO - MainThread - Order: V4063005892
2026-06-30 20:56:49,675 - INFO - MainThread - Processing Excel Row 891
2026-06-30 20:56:49,676 - INFO - MainThread - Order: V4063005893
2026-06-30 20:56:49,676 - INFO - MainThread - Processing Excel Row 892
2026-06-30 20:56:49,676 - INFO - MainThread - Order: V4063005894
2026-06-30 20:56:49,676 - INFO - MainThread - Processing Excel Row 893
2026-06-30 20:56:49,677 - INFO - MainThread - Order: V4063005895
2026-06-30 20:56:49,677 - INFO - MainThread - Processing Excel Row 894
2026-06-30 20:56:49,678 - INFO - MainThread - Order: V4063005896
2026-06-30 20:56:49,678 - INFO - MainThread - Processing Excel Row 895
2026-06-30 20:56:49,679 - INFO - MainThread - Order: V4063005897
2026-06-30 20:56:49,679 - INFO - MainThread - Processing Excel Row 896
2026-06-30 20:56:49,680 - INFO - MainThread - Order: V4063005898
2026-06-30 20:56:49,680 - INFO - MainThread - Processing Excel Row 897
2026-06-30 20:56:49,681 - INFO - MainThread - Order: V4063005899
2026-06-30 20:56:49,681 - INFO - MainThread - Processing Excel Row 898
2026-06-30 20:56:49,682 - INFO - MainThread - Order: V4063005900
2026-06-30 20:56:49,682 - INFO - MainThread - Processing Excel Row 899
2026-06-30 20:56:49,683 - INFO - MainThread - Order: V4063005901
2026-06-30 20:56:49,683 - INFO - MainThread - Processing Excel Row 900
2026-06-30 20:56:49,685 - INFO - MainThread - Order: V4063005902
2026-06-30 20:56:49,685 - INFO - MainThread - Processing Excel Row 901
2026-06-30 20:56:49,686 - INFO - MainThread - Order: V4063005903
2026-06-30 20:56:49,686 - INFO - MainThread - Processing Excel Row 902
2026-06-30 20:56:49,687 - INFO - MainThread - Order: V4063005904
2026-06-30 20:56:49,687 - INFO - MainThread - Processing Excel Row 903
2026-06-30 20:56:49,688 - INFO - MainThread - Order: V4063005905
2026-06-30 20:56:49,688 - INFO - MainThread - Processing Excel Row 904
2026-06-30 20:56:49,689 - INFO - MainThread - Order: V4063005906
2026-06-30 20:56:49,689 - INFO - MainThread - Processing Excel Row 905
2026-06-30 20:56:49,689 - INFO - MainThread - Order: V4063005907
2026-06-30 20:56:49,689 - INFO - MainThread - Processing Excel Row 906
2026-06-30 20:56:49,690 - INFO - MainThread - Order: V4063005908
2026-06-30 20:56:49,690 - INFO - MainThread - Processing Excel Row 907
2026-06-30 20:56:49,691 - INFO - MainThread - Order: V4063005909
2026-06-30 20:56:49,691 - INFO - MainThread - Processing Excel Row 908
2026-06-30 20:56:49,692 - INFO - MainThread - Order: V4063005910
2026-06-30 20:56:49,692 - INFO - MainThread - Processing Excel Row 909
2026-06-30 20:56:49,693 - INFO - MainThread - Order: V4063005911
2026-06-30 20:56:49,693 - INFO - MainThread - Processing Excel Row 910
2026-06-30 20:56:49,694 - INFO - MainThread - Order: V4063005912
2026-06-30 20:56:49,694 - INFO - MainThread - Processing Excel Row 911
2026-06-30 20:56:49,695 - INFO - MainThread - Order: V4063005913
2026-06-30 20:56:49,695 - INFO - MainThread - Processing Excel Row 912
2026-06-30 20:56:49,696 - INFO - MainThread - Order: V4063005914
2026-06-30 20:56:49,696 - INFO - MainThread - Processing Excel Row 913
2026-06-30 20:56:49,696 - INFO - MainThread - Order: V4063005915
2026-06-30 20:56:49,696 - INFO - MainThread - Processing Excel Row 914
2026-06-30 20:56:49,697 - INFO - MainThread - Order: V4063005916
2026-06-30 20:56:49,697 - INFO - MainThread - Processing Excel Row 915
2026-06-30 20:56:49,698 - INFO - MainThread - Order: V4063005917
2026-06-30 20:56:49,698 - INFO - MainThread - Processing Excel Row 916
2026-06-30 20:56:49,699 - INFO - MainThread - Order: V4063005918
2026-06-30 20:56:49,699 - INFO - MainThread - Processing Excel Row 917
2026-06-30 20:56:49,700 - INFO - MainThread - Order: V4063005919
2026-06-30 20:56:49,700 - INFO - MainThread - Processing Excel Row 918
2026-06-30 20:56:49,701 - INFO - MainThread - Order: V4063005920
2026-06-30 20:56:49,701 - INFO - MainThread - Processing Excel Row 919
2026-06-30 20:56:49,702 - INFO - MainThread - Order: V4063005921
2026-06-30 20:56:49,702 - INFO - MainThread - Processing Excel Row 920
2026-06-30 20:56:49,703 - INFO - MainThread - Order: V4063005922
2026-06-30 20:56:49,703 - INFO - MainThread - Processing Excel Row 921
2026-06-30 20:56:49,704 - INFO - MainThread - Order: V4063005923
2026-06-30 20:56:49,704 - INFO - MainThread - Processing Excel Row 922
2026-06-30 20:56:49,705 - INFO - MainThread - Order: V4063005924
2026-06-30 20:56:49,705 - INFO - MainThread - Processing Excel Row 923
2026-06-30 20:56:49,706 - INFO - MainThread - Order: V4063005925
2026-06-30 20:56:49,706 - INFO - MainThread - Processing Excel Row 924
2026-06-30 20:56:49,706 - INFO - MainThread - Order: V4063005926
2026-06-30 20:56:49,706 - INFO - MainThread - Processing Excel Row 925
2026-06-30 20:56:49,707 - INFO - MainThread - Order: V4063005927
2026-06-30 20:56:49,707 - INFO - MainThread - Processing Excel Row 926
2026-06-30 20:56:49,708 - INFO - MainThread - Order: V4063005928
2026-06-30 20:56:49,708 - INFO - MainThread - Processing Excel Row 927
2026-06-30 20:56:49,709 - INFO - MainThread - Order: V4063005929
2026-06-30 20:56:49,709 - INFO - MainThread - Processing Excel Row 928
2026-06-30 20:56:49,710 - INFO - MainThread - Order: V4063005930
2026-06-30 20:56:49,710 - INFO - MainThread - Processing Excel Row 929
2026-06-30 20:56:49,711 - INFO - MainThread - Order: V4063005931
2026-06-30 20:56:49,711 - INFO - MainThread - Processing Excel Row 930
2026-06-30 20:56:49,712 - INFO - MainThread - Order: V4063005932
2026-06-30 20:56:49,712 - INFO - MainThread - Processing Excel Row 931
2026-06-30 20:56:49,713 - INFO - MainThread - Order: V4063005933
2026-06-30 20:56:49,713 - INFO - MainThread - Processing Excel Row 932
2026-06-30 20:56:49,713 - INFO - MainThread - Order: V4063005934
2026-06-30 20:56:49,713 - INFO - MainThread - Processing Excel Row 933
2026-06-30 20:56:49,714 - INFO - MainThread - Order: V4063005935
2026-06-30 20:56:49,714 - INFO - MainThread - Processing Excel Row 934
2026-06-30 20:56:49,715 - INFO - MainThread - Order: V4063005936
2026-06-30 20:56:49,715 - INFO - MainThread - Processing Excel Row 935
2026-06-30 20:56:49,716 - INFO - MainThread - Order: V4063005937
2026-06-30 20:56:49,716 - INFO - MainThread - Processing Excel Row 936
2026-06-30 20:56:49,716 - INFO - MainThread - Order: V4063005938
2026-06-30 20:56:49,716 - INFO - MainThread - Processing Excel Row 937
2026-06-30 20:56:49,717 - INFO - MainThread - Order: V4063005939
2026-06-30 20:56:49,717 - INFO - MainThread - Processing Excel Row 938
2026-06-30 20:56:49,718 - INFO - MainThread - Order: V4063005940
2026-06-30 20:56:49,718 - INFO - MainThread - Processing Excel Row 939
2026-06-30 20:56:49,719 - INFO - MainThread - Order: V4063005941
2026-06-30 20:56:49,719 - INFO - MainThread - Processing Excel Row 940
2026-06-30 20:56:49,719 - INFO - MainThread - Order: V4063005942
2026-06-30 20:56:49,719 - INFO - MainThread - Processing Excel Row 941
2026-06-30 20:56:49,720 - INFO - MainThread - Order: V4063005943
2026-06-30 20:56:49,720 - INFO - MainThread - Processing Excel Row 942
2026-06-30 20:56:49,721 - INFO - MainThread - Order: V4063005944
2026-06-30 20:56:49,721 - INFO - MainThread - Processing Excel Row 943
2026-06-30 20:56:49,722 - INFO - MainThread - Order: V4063005945
2026-06-30 20:56:49,722 - INFO - MainThread - Processing Excel Row 944
2026-06-30 20:56:49,723 - INFO - MainThread - Order: V4063005946
2026-06-30 20:56:49,723 - INFO - MainThread - Processing Excel Row 945
2026-06-30 20:56:49,724 - INFO - MainThread - Order: V4063005947
2026-06-30 20:56:49,724 - INFO - MainThread - Processing Excel Row 946
2026-06-30 20:56:49,725 - INFO - MainThread - Order: V4063005948
2026-06-30 20:56:49,725 - INFO - MainThread - Processing Excel Row 947
2026-06-30 20:56:49,726 - INFO - MainThread - Order: V4063005949
2026-06-30 20:56:49,726 - INFO - MainThread - Processing Excel Row 948
2026-06-30 20:56:49,727 - INFO - MainThread - Order: V4063005950
2026-06-30 20:56:49,727 - INFO - MainThread - Processing Excel Row 949
2026-06-30 20:56:49,727 - INFO - MainThread - Order: V4063005951
2026-06-30 20:56:49,728 - INFO - MainThread - Processing Excel Row 950
2026-06-30 20:56:49,728 - INFO - MainThread - Order: V4063005952
2026-06-30 20:56:49,728 - INFO - MainThread - Processing Excel Row 951
2026-06-30 20:56:49,729 - INFO - MainThread - Order: V4063005953
2026-06-30 20:56:49,729 - INFO - MainThread - Processing Excel Row 952
2026-06-30 20:56:49,730 - INFO - MainThread - Order: V4063005954
2026-06-30 20:56:49,730 - INFO - MainThread - Processing Excel Row 953
2026-06-30 20:56:49,731 - INFO - MainThread - Order: V4063005955
2026-06-30 20:56:49,731 - INFO - MainThread - Processing Excel Row 954
2026-06-30 20:56:49,732 - INFO - MainThread - Order: V4063005956
2026-06-30 20:56:49,732 - INFO - MainThread - Processing Excel Row 955
2026-06-30 20:56:49,732 - INFO - MainThread - Order: V4063005957
2026-06-30 20:56:49,732 - INFO - MainThread - Processing Excel Row 956
2026-06-30 20:56:49,733 - INFO - MainThread - Order: V4063005958
2026-06-30 20:56:49,733 - INFO - MainThread - Processing Excel Row 957
2026-06-30 20:56:49,734 - INFO - MainThread - Order: V4063005959
2026-06-30 20:56:49,734 - INFO - MainThread - Processing Excel Row 958
2026-06-30 20:56:49,735 - INFO - MainThread - Order: V4063005960
2026-06-30 20:56:49,735 - INFO - MainThread - Processing Excel Row 959
2026-06-30 20:56:49,736 - INFO - MainThread - Order: V4063005961
2026-06-30 20:56:49,736 - INFO - MainThread - Processing Excel Row 960
2026-06-30 20:56:49,737 - INFO - MainThread - Order: V4063005962
2026-06-30 20:56:49,737 - INFO - MainThread - Processing Excel Row 961
2026-06-30 20:56:49,738 - INFO - MainThread - Order: V4063005963
2026-06-30 20:56:49,738 - INFO - MainThread - Processing Excel Row 962
2026-06-30 20:56:49,738 - INFO - MainThread - Order: V4063005964
2026-06-30 20:56:49,738 - INFO - MainThread - Processing Excel Row 963
2026-06-30 20:56:49,739 - INFO - MainThread - Order: V4063005965
2026-06-30 20:56:49,739 - INFO - MainThread - Processing Excel Row 964
2026-06-30 20:56:49,740 - INFO - MainThread - Order: V4063005966
2026-06-30 20:56:49,740 - INFO - MainThread - Processing Excel Row 965
2026-06-30 20:56:49,741 - INFO - MainThread - Order: V4063005967
2026-06-30 20:56:49,741 - INFO - MainThread - Processing Excel Row 966
2026-06-30 20:56:49,742 - INFO - MainThread - Order: V4063005968
2026-06-30 20:56:49,742 - INFO - MainThread - Processing Excel Row 967
2026-06-30 20:56:49,743 - INFO - MainThread - Order: V4063005969
2026-06-30 20:56:49,743 - INFO - MainThread - Processing Excel Row 968
2026-06-30 20:56:49,744 - INFO - MainThread - Order: V4063005970
2026-06-30 20:56:49,744 - INFO - MainThread - Processing Excel Row 969
2026-06-30 20:56:49,745 - INFO - MainThread - Order: V4063005971
2026-06-30 20:56:49,745 - INFO - MainThread - Processing Excel Row 970
2026-06-30 20:56:49,746 - INFO - MainThread - Order: V4063005972
2026-06-30 20:56:49,746 - INFO - MainThread - Processing Excel Row 971
2026-06-30 20:56:49,747 - INFO - MainThread - Order: V4063005973
2026-06-30 20:56:49,747 - INFO - MainThread - Processing Excel Row 972
2026-06-30 20:56:49,748 - INFO - MainThread - Order: V4063005974
2026-06-30 20:56:49,748 - INFO - MainThread - Processing Excel Row 973
2026-06-30 20:56:49,749 - INFO - MainThread - Order: V4063005975
2026-06-30 20:56:49,749 - INFO - MainThread - Processing Excel Row 974
2026-06-30 20:56:49,750 - INFO - MainThread - Order: V4063005976
2026-06-30 20:56:49,750 - INFO - MainThread - Processing Excel Row 975
2026-06-30 20:56:49,751 - INFO - MainThread - Order: V4063005977
2026-06-30 20:56:49,751 - INFO - MainThread - Processing Excel Row 976
2026-06-30 20:56:49,752 - INFO - MainThread - Order: V4063005978
2026-06-30 20:56:49,752 - INFO - MainThread - Processing Excel Row 977
2026-06-30 20:56:49,752 - INFO - MainThread - Order: V4063005979
2026-06-30 20:56:49,753 - INFO - MainThread - Processing Excel Row 978
2026-06-30 20:56:49,753 - INFO - MainThread - Order: V4063005980
2026-06-30 20:56:49,753 - INFO - MainThread - Processing Excel Row 979
2026-06-30 20:56:49,754 - INFO - MainThread - Order: V4063005981
2026-06-30 20:56:49,754 - INFO - MainThread - Processing Excel Row 980
2026-06-30 20:56:49,755 - INFO - MainThread - Order: V4063005982
2026-06-30 20:56:49,755 - INFO - MainThread - Processing Excel Row 981
2026-06-30 20:56:49,756 - INFO - MainThread - Order: V4063005983
2026-06-30 20:56:49,756 - INFO - MainThread - Processing Excel Row 982
2026-06-30 20:56:49,757 - INFO - MainThread - Order: V4063005984
2026-06-30 20:56:49,757 - INFO - MainThread - Processing Excel Row 983
2026-06-30 20:56:49,757 - INFO - MainThread - Order: V4063005985
2026-06-30 20:56:49,757 - INFO - MainThread - Processing Excel Row 984
2026-06-30 20:56:49,758 - INFO - MainThread - Order: V4063005986
2026-06-30 20:56:49,758 - INFO - MainThread - Processing Excel Row 985
2026-06-30 20:56:49,759 - INFO - MainThread - Order: V4063005987
2026-06-30 20:56:49,759 - INFO - MainThread - Processing Excel Row 986
2026-06-30 20:56:49,760 - INFO - MainThread - Order: V4063005988
2026-06-30 20:56:49,760 - INFO - MainThread - Processing Excel Row 987
2026-06-30 20:56:49,761 - INFO - MainThread - Order: V4063005989
2026-06-30 20:56:49,761 - INFO - MainThread - Processing Excel Row 988
2026-06-30 20:56:49,762 - INFO - MainThread - Order: V4063005990
2026-06-30 20:56:49,762 - INFO - MainThread - Processing Excel Row 989
2026-06-30 20:56:49,763 - INFO - MainThread - Order: V4063005991
2026-06-30 20:56:49,763 - INFO - MainThread - Processing Excel Row 990
2026-06-30 20:56:49,764 - INFO - MainThread - Order: V4063005992
2026-06-30 20:56:49,764 - INFO - MainThread - Processing Excel Row 991
2026-06-30 20:56:49,764 - INFO - MainThread - Order: V4063005993
2026-06-30 20:56:49,765 - INFO - MainThread - Processing Excel Row 992
2026-06-30 20:56:49,765 - INFO - MainThread - Order: V4063005994
2026-06-30 20:56:49,766 - INFO - MainThread - Processing Excel Row 993
2026-06-30 20:56:49,766 - INFO - MainThread - Order: V4063005995
2026-06-30 20:56:49,766 - INFO - MainThread - Processing Excel Row 994
2026-06-30 20:56:49,767 - INFO - MainThread - Order: V4063005996
2026-06-30 20:56:49,767 - INFO - MainThread - Processing Excel Row 995
2026-06-30 20:56:49,768 - INFO - MainThread - Order: V4063005997
2026-06-30 20:56:49,768 - INFO - MainThread - Processing Excel Row 996
2026-06-30 20:56:49,769 - INFO - MainThread - Order: V4063005998
2026-06-30 20:56:49,769 - INFO - MainThread - Processing Excel Row 997
2026-06-30 20:56:49,770 - INFO - MainThread - Order: V4063005999
2026-06-30 20:56:49,770 - INFO - MainThread - Processing Excel Row 998
2026-06-30 20:56:49,771 - INFO - MainThread - Order: V4063006000
2026-06-30 20:56:49,771 - INFO - MainThread - Processing Excel Row 999
2026-06-30 20:56:49,772 - INFO - MainThread - Order: V4063006001
2026-06-30 20:56:49,772 - INFO - MainThread - Processing Excel Row 1000
2026-06-30 20:56:49,772 - INFO - MainThread - Order: V4063006002
2026-06-30 20:56:49,893 - INFO - MainThread - Sheets found in '/Users/vgana3/Documents/GitHub/Nike/J30/Input_files/Outbound_Worksheet.xlsx': ['CreateOrder', 'Parent_Order', 'BackUp', 'TranLog', 'MHE_Journal', 'OriginalOrderInput', 'CreateShipment', 'MasterData', 'MasterInput', 'Shipment_ID', 'Item_info', 'B2B_SUB_HUB']
2026-06-30 20:56:50,079 - INFO - MainThread - Total payloads to send: 1000
2026-06-30 20:56:50,079 - INFO - MainThread - Using 10 worker thread(s).
2026-06-30 20:56:50,853 - INFO - ThreadPoolExecutor-0_0 - [PROD] Sending payload 1/1000 | Order Number: V4063005003
2026-06-30 20:56:50,854 - INFO - ThreadPoolExecutor-0_1 - [PROD] Sending payload 2/1000 | Order Number: V4063005004
2026-06-30 20:56:50,854 - INFO - ThreadPoolExecutor-0_2 - [PROD] Sending payload 3/1000 | Order Number: V4063005005
2026-06-30 20:56:50,854 - INFO - ThreadPoolExecutor-0_3 - [PROD] Sending payload 4/1000 | Order Number: V4063005006
2026-06-30 20:56:50,855 - INFO - ThreadPoolExecutor-0_4 - [PROD] Sending payload 5/1000 | Order Number: V4063005007
2026-06-30 20:56:50,856 - INFO - ThreadPoolExecutor-0_5 - [PROD] Sending payload 6/1000 | Order Number: V4063005008
2026-06-30 20:56:50,856 - INFO - ThreadPoolExecutor-0_6 - [PROD] Sending payload 7/1000 | Order Number: V4063005009
2026-06-30 20:56:50,857 - INFO - ThreadPoolExecutor-0_7 - [PROD] Sending payload 8/1000 | Order Number: V4063005010
2026-06-30 20:56:50,857 - INFO - ThreadPoolExecutor-0_8 - [PROD] Sending payload 9/1000 | Order Number: V4063005011
2026-06-30 20:56:50,860 - INFO - ThreadPoolExecutor-0_9 - [PROD] Sending payload 10/1000 | Order Number: V4063005012
2026-06-30 20:56:54,089 - INFO - ThreadPoolExecutor-0_4 - [PROD] Payload 5/1000 sent successfully. Status Code: 200
2026-06-30 20:56:54,093 - INFO - ThreadPoolExecutor-0_4 - [PROD] Sending payload 11/1000 | Order Number: V4063005013
2026-06-30 20:56:54,091 - INFO - ThreadPoolExecutor-0_2 - [PROD] Payload 3/1000 sent successfully. Status Code: 200
2026-06-30 20:56:54,097 - INFO - ThreadPoolExecutor-0_2 - [PROD] Sending payload 12/1000 | Order Number: V4063005014
2026-06-30 20:56:54,194 - INFO - ThreadPoolExecutor-0_1 - [PROD] Payload 2/1000 sent successfully. Status Code: 200
2026-06-30 20:56:54,196 - INFO - ThreadPoolExecutor-0_1 - [PROD] Sending payload 13/1000 | Order Number: V4063005015
2026-06-30 20:56:54,263 - INFO - ThreadPoolExecutor-0_8 - [PROD] Payload 9/1000 sent successfully. Status Code: 200
2026-06-30 20:56:54,265 - INFO - ThreadPoolExecutor-0_8 - [PROD] Sending payload 14/1000 | Order Number: V4063005016
2026-06-30 20:56:54,299 - INFO - ThreadPoolExecutor-0_7 - [PROD] Payload 8/1000 sent successfully. Status Code: 200
2026-06-30 20:56:54,300 - INFO - ThreadPoolExecutor-0_7 - [PROD] Sending payload 15/1000 | Order Number: V4063005017
2026-06-30 20:56:54,315 - INFO - ThreadPoolExecutor-0_0 - [PROD] Payload 1/1000 sent successfully. Status Code: 200
2026-06-30 20:56:54,315 - INFO - ThreadPoolExecutor-0_0 - [PROD] Sending payload 16/1000 | Order Number: V4063005018
2026-06-30 20:56:54,570 - INFO - ThreadPoolExecutor-0_6 - [PROD] Payload 7/1000 sent successfully. Status Code: 200
2026-06-30 20:56:54,574 - INFO - ThreadPoolExecutor-0_6 - [PROD] Sending payload 17/1000 | Order Number: V4063005019
2026-06-30 20:56:55,932 - INFO - ThreadPoolExecutor-0_9 - [PROD] Payload 10/1000 sent successfully. Status Code: 200
2026-06-30 20:56:55,933 - INFO - ThreadPoolExecutor-0_3 - [PROD] Payload 4/1000 sent successfully. Status Code: 200
2026-06-30 20:56:55,933 - INFO - ThreadPoolExecutor-0_5 - [PROD] Payload 6/1000 sent successfully. Status Code: 200
2026-06-30 20:56:55,934 - INFO - ThreadPoolExecutor-0_2 - [PROD] Payload 12/1000 sent successfully. Status Code: 200
2026-06-30 20:56:55,934 - INFO - ThreadPoolExecutor-0_9 - [PROD] Sending payload 18/1000 | Order Number: V4063005020
2026-06-30 20:56:55,935 - INFO - ThreadPoolExecutor-0_3 - [PROD] Sending payload 19/1000 | Order Number: V4063005021
2026-06-30 20:56:55,935 - INFO - ThreadPoolExecutor-0_5 - [PROD] Sending payload 20/1000 | Order Number: V4063005022
2026-06-30 20:56:55,935 - INFO - ThreadPoolExecutor-0_2 - [PROD] Sending payload 21/1000 | Order Number: V4063005023
2026-06-30 20:56:56,153 - INFO - ThreadPoolExecutor-0_1 - [PROD] Payload 13/1000 sent successfully. Status Code: 200
2026-06-30 20:56:56,153 - INFO - ThreadPoolExecutor-0_1 - [PROD] Sending payload 22/1000 | Order Number: V4063005024
2026-06-30 20:56:56,154 - INFO - ThreadPoolExecutor-0_4 - [PROD] Payload 11/1000 sent successfully. Status Code: 200
2026-06-30 20:56:56,154 - INFO - ThreadPoolExecutor-0_4 - [PROD] Sending payload 23/1000 | Order Number: V4063005025
2026-06-30 20:56:56,281 - INFO - ThreadPoolExecutor-0_7 - [PROD] Payload 15/1000 sent successfully. Status Code: 200
2026-06-30 20:56:56,281 - INFO - ThreadPoolExecutor-0_7 - [PROD] Sending payload 24/1000 | Order Number: V4063005026
2026-06-30 20:56:56,503 - INFO - ThreadPoolExecutor-0_8 - [PROD] Payload 14/1000 sent successfully. Status Code: 200
2026-06-30 20:56:56,503 - INFO - ThreadPoolExecutor-0_8 - [PROD] Sending payload 25/1000 | Order Number: V4063005027
2026-06-30 20:56:56,632 - INFO - ThreadPoolExecutor-0_6 - [PROD] Payload 17/1000 sent successfully. Status Code: 200
2026-06-30 20:56:56,632 - INFO - ThreadPoolExecutor-0_6 - [PROD] Sending payload 26/1000 | Order Number: V4063005028
2026-06-30 20:56:57,975 - INFO - ThreadPoolExecutor-0_2 - [PROD] Payload 21/1000 sent successfully. Status Code: 200
2026-06-30 20:56:57,975 - INFO - ThreadPoolExecutor-0_2 - [PROD] Sending payload 27/1000 | Order Number: V4063005029
2026-06-30 20:56:58,056 - INFO - ThreadPoolExecutor-0_9 - [PROD] Payload 18/1000 sent successfully. Status Code: 200
2026-06-30 20:56:58,056 - INFO - ThreadPoolExecutor-0_9 - [PROD] Sending payload 28/1000 | Order Number: V4063005030
2026-06-30 20:56:58,218 - INFO - ThreadPoolExecutor-0_3 - [PROD] Payload 19/1000 sent successfully. Status Code: 200
2026-06-30 20:56:58,218 - INFO - ThreadPoolExecutor-0_3 - [PROD] Sending payload 29/1000 | Order Number: V4063005031
2026-06-30 20:56:58,219 - INFO - ThreadPoolExecutor-0_0 - [PROD] Payload 16/1000 sent successfully. Status Code: 200
2026-06-30 20:56:58,219 - INFO - ThreadPoolExecutor-0_0 - [PROD] Sending payload 30/1000 | Order Number: V4063005032
2026-06-30 20:56:58,258 - INFO - ThreadPoolExecutor-0_1 - [PROD] Payload 22/1000 sent successfully. Status Code: 200
2026-06-30 20:56:58,259 - INFO - ThreadPoolExecutor-0_1 - [PROD] Sending payload 31/1000 | Order Number: V4063005033
2026-06-30 20:56:58,274 - INFO - ThreadPoolExecutor-0_4 - [PROD] Payload 23/1000 sent successfully. Status Code: 200
2026-06-30 20:56:58,274 - INFO - ThreadPoolExecutor-0_4 - [PROD] Sending payload 32/1000 | Order Number: V4063005034
2026-06-30 20:56:58,468 - INFO - ThreadPoolExecutor-0_8 - [PROD] Payload 25/1000 sent successfully. Status Code: 200
2026-06-30 20:56:58,468 - INFO - ThreadPoolExecutor-0_8 - [PROD] Sending payload 33/1000 | Order Number: V4063005035
2026-06-30 20:56:58,607 - INFO - ThreadPoolExecutor-0_6 - [PROD] Payload 26/1000 sent successfully. Status Code: 200
2026-06-30 20:56:58,608 - INFO - ThreadPoolExecutor-0_6 - [PROD] Sending payload 34/1000 | Order Number: V4063005036
2026-06-30 20:56:59,867 - INFO - ThreadPoolExecutor-0_9 - [PROD] Payload 28/1000 sent successfully. Status Code: 200
2026-06-30 20:56:59,869 - INFO - ThreadPoolExecutor-0_9 - [PROD] Sending payload 35/1000 | Order Number: V4063005037
2026-06-30 20:57:00,018 - INFO - ThreadPoolExecutor-0_3 - [PROD] Payload 29/1000 sent successfully. Status Code: 200
2026-06-30 20:57:00,018 - INFO - ThreadPoolExecutor-0_3 - [PROD] Sending payload 36/1000 | Order Number: V4063005038
2026-06-30 20:57:00,086 - INFO - ThreadPoolExecutor-0_7 - [PROD] Payload 24/1000 sent successfully. Status Code: 200
2026-06-30 20:57:00,086 - INFO - ThreadPoolExecutor-0_7 - [PROD] Sending payload 37/1000 | Order Number: V4063005039
2026-06-30 20:57:00,101 - INFO - ThreadPoolExecutor-0_5 - [PROD] Payload 20/1000 sent successfully. Status Code: 200
2026-06-30 20:57:00,101 - INFO - ThreadPoolExecutor-0_5 - [PROD] Sending payload 38/1000 | Order Number: V4063005040
2026-06-30 20:57:00,116 - INFO - ThreadPoolExecutor-0_2 - [PROD] Payload 27/1000 sent successfully. Status Code: 200
2026-06-30 20:57:00,116 - INFO - ThreadPoolExecutor-0_2 - [PROD] Sending payload 39/1000 | Order Number: V4063005041
2026-06-30 20:57:00,157 - INFO - ThreadPoolExecutor-0_0 - [PROD] Payload 30/1000 sent successfully. Status Code: 200
2026-06-30 20:57:00,158 - INFO - ThreadPoolExecutor-0_0 - [PROD] Sending payload 40/1000 | Order Number: V4063005042
2026-06-30 20:57:00,202 - INFO - ThreadPoolExecutor-0_1 - [PROD] Payload 31/1000 sent successfully. Status Code: 200
2026-06-30 20:57:00,202 - INFO - ThreadPoolExecutor-0_1 - [PROD] Sending payload 41/1000 | Order Number: V4063005043
2026-06-30 20:57:00,303 - INFO - ThreadPoolExecutor-0_8 - [PROD] Payload 33/1000 sent successfully. Status Code: 200
2026-06-30 20:57:00,306 - INFO - ThreadPoolExecutor-0_8 - [PROD] Sending payload 42/1000 | Order Number: V4063005044
2026-06-30 20:57:00,454 - INFO - ThreadPoolExecutor-0_4 - [PROD] Payload 32/1000 sent successfully. Status Code: 200
2026-06-30 20:57:00,455 - INFO - ThreadPoolExecutor-0_4 - [PROD] Sending payload 43/1000 | Order Number: V4063005045
2026-06-30 20:57:00,544 - INFO - ThreadPoolExecutor-0_6 - [PROD] Payload 34/1000 sent successfully. Status Code: 200
2026-06-30 20:57:00,545 - INFO - ThreadPoolExecutor-0_6 - [PROD] Sending payload 44/1000 | Order Number: V4063005046
2026-06-30 20:57:01,770 - INFO - ThreadPoolExecutor-0_9 - [PROD] Payload 35/1000 sent successfully. Status Code: 200
2026-06-30 20:57:01,771 - INFO - ThreadPoolExecutor-0_9 - [PROD] Sending payload 45/1000 | Order Number: V4063005047
2026-06-30 20:57:01,994 - INFO - ThreadPoolExecutor-0_0 - [PROD] Payload 40/1000 sent successfully. Status Code: 200
2026-06-30 20:57:01,996 - INFO - ThreadPoolExecutor-0_0 - [PROD] Sending payload 46/1000 | Order Number: V4063005048
2026-06-30 20:57:02,045 - INFO - ThreadPoolExecutor-0_7 - [PROD] Payload 37/1000 sent successfully. Status Code: 200
2026-06-30 20:57:02,048 - INFO - ThreadPoolExecutor-0_7 - [PROD] Sending payload 47/1000 | Order Number: V4063005049
2026-06-30 20:57:02,101 - INFO - ThreadPoolExecutor-0_3 - [PROD] Payload 36/1000 sent successfully. Status Code: 200
2026-06-30 20:57:02,102 - INFO - ThreadPoolExecutor-0_3 - [PROD] Sending payload 48/1000 | Order Number: V4063005050
2026-06-30 20:57:02,253 - INFO - ThreadPoolExecutor-0_2 - [PROD] Payload 39/1000 sent successfully. Status Code: 200
2026-06-30 20:57:02,254 - INFO - ThreadPoolExecutor-0_2 - [PROD] Sending payload 49/1000 | Order Number: V4063005051
2026-06-30 20:57:02,314 - INFO - ThreadPoolExecutor-0_4 - [PROD] Payload 43/1000 sent successfully. Status Code: 200
2026-06-30 20:57:02,314 - INFO - ThreadPoolExecutor-0_5 - [PROD] Payload 38/1000 sent successfully. Status Code: 200
2026-06-30 20:57:02,316 - INFO - ThreadPoolExecutor-0_5 - [PROD] Sending payload 50/1000 | Order Number: V4063005052
2026-06-30 20:57:02,318 - INFO - ThreadPoolExecutor-0_4 - [PROD] Sending payload 51/1000 | Order Number: V4063005053
2026-06-30 20:57:02,492 - INFO - ThreadPoolExecutor-0_6 - [PROD] Payload 44/1000 sent successfully. Status Code: 200
2026-06-30 20:57:02,494 - INFO - ThreadPoolExecutor-0_6 - [PROD] Sending payload 52/1000 | Order Number: V4063005054
2026-06-30 20:57:02,597 - INFO - ThreadPoolExecutor-0_1 - [PROD] Payload 41/1000 sent successfully. Status Code: 200
2026-06-30 20:57:02,597 - INFO - ThreadPoolExecutor-0_1 - [PROD] Sending payload 53/1000 | Order Number: V4063005055
2026-06-30 20:57:02,719 - INFO - ThreadPoolExecutor-0_8 - [PROD] Payload 42/1000 sent successfully. Status Code: 200
2026-06-30 20:57:02,720 - INFO - ThreadPoolExecutor-0_8 - [PROD] Sending payload 54/1000 | Order Number: V4063005056
2026-06-30 20:57:03,777 - INFO - ThreadPoolExecutor-0_9 - [PROD] Payload 45/1000 sent successfully. Status Code: 200
2026-06-30 20:57:03,777 - INFO - ThreadPoolExecutor-0_9 - [PROD] Sending payload 55/1000 | Order Number: V4063005057
2026-06-30 20:57:03,822 - INFO - ThreadPoolExecutor-0_0 - [PROD] Payload 46/1000 sent successfully. Status Code: 200
2026-06-30 20:57:03,824 - INFO - ThreadPoolExecutor-0_0 - [PROD] Sending payload 56/1000 | Order Number: V4063005058
2026-06-30 20:57:04,090 - INFO - ThreadPoolExecutor-0_2 - [PROD] Payload 49/1000 sent successfully. Status Code: 200
2026-06-30 20:57:04,091 - INFO - ThreadPoolExecutor-0_2 - [PROD] Sending payload 57/1000 | Order Number: V4063005059
2026-06-30 20:57:04,117 - INFO - ThreadPoolExecutor-0_7 - [PROD] Payload 47/1000 sent successfully. Status Code: 200
2026-06-30 20:57:04,118 - INFO - ThreadPoolExecutor-0_7 - [PROD] Sending payload 58/1000 | Order Number: V4063005060
2026-06-30 20:57:04,132 - INFO - ThreadPoolExecutor-0_3 - [PROD] Payload 48/1000 sent successfully. Status Code: 200
2026-06-30 20:57:04,133 - INFO - ThreadPoolExecutor-0_3 - [PROD] Sending payload 59/1000 | Order Number: V4063005061
2026-06-30 20:57:04,299 - INFO - ThreadPoolExecutor-0_5 - [PROD] Payload 50/1000 sent successfully. Status Code: 200
2026-06-30 20:57:04,300 - INFO - ThreadPoolExecutor-0_5 - [PROD] Sending payload 60/1000 | Order Number: V4063005062
2026-06-30 20:57:04,390 - INFO - ThreadPoolExecutor-0_4 - [PROD] Payload 51/1000 sent successfully. Status Code: 200
2026-06-30 20:57:04,391 - INFO - ThreadPoolExecutor-0_4 - [PROD] Sending payload 61/1000 | Order Number: V4063005063
2026-06-30 20:57:04,415 - INFO - ThreadPoolExecutor-0_1 - [PROD] Payload 53/1000 sent successfully. Status Code: 200
2026-06-30 20:57:04,417 - INFO - ThreadPoolExecutor-0_1 - [PROD] Sending payload 62/1000 | Order Number: V4063005064
2026-06-30 20:57:04,602 - INFO - ThreadPoolExecutor-0_8 - [PROD] Payload 54/1000 sent successfully. Status Code: 200
2026-06-30 20:57:04,602 - INFO - ThreadPoolExecutor-0_6 - [PROD] Payload 52/1000 sent successfully. Status Code: 200
2026-06-30 20:57:04,603 - INFO - ThreadPoolExecutor-0_6 - [PROD] Sending payload 63/1000 | Order Number: V4063005065
2026-06-30 20:57:04,603 - INFO - ThreadPoolExecutor-0_8 - [PROD] Sending payload 64/1000 | Order Number: V4063005066
2026-06-30 20:57:05,561 - INFO - ThreadPoolExecutor-0_9 - [PROD] Payload 55/1000 sent successfully. Status Code: 200
2026-06-30 20:57:05,562 - INFO - ThreadPoolExecutor-0_9 - [PROD] Sending payload 65/1000 | Order Number: V4063005067
2026-06-30 20:57:05,732 - INFO - ThreadPoolExecutor-0_0 - [PROD] Payload 56/1000 sent successfully. Status Code: 200
2026-06-30 20:57:05,733 - INFO - ThreadPoolExecutor-0_0 - [PROD] Sending payload 66/1000 | Order Number: V4063005068
2026-06-30 20:57:05,924 - INFO - ThreadPoolExecutor-0_2 - [PROD] Payload 57/1000 sent successfully. Status Code: 200
2026-06-30 20:57:05,925 - INFO - ThreadPoolExecutor-0_2 - [PROD] Sending payload 67/1000 | Order Number: V4063005069
2026-06-30 20:57:05,941 - INFO - ThreadPoolExecutor-0_7 - [PROD] Payload 58/1000 sent successfully. Status Code: 200
2026-06-30 20:57:05,942 - INFO - ThreadPoolExecutor-0_7 - [PROD] Sending payload 68/1000 | Order Number: V4063005070
2026-06-30 20:57:06,035 - INFO - ThreadPoolExecutor-0_3 - [PROD] Payload 59/1000 sent successfully. Status Code: 200
2026-06-30 20:57:06,036 - INFO - ThreadPoolExecutor-0_3 - [PROD] Sending payload 69/1000 | Order Number: V4063005071
2026-06-30 20:57:06,174 - INFO - ThreadPoolExecutor-0_5 - [PROD] Payload 60/1000 sent successfully. Status Code: 200
2026-06-30 20:57:06,176 - INFO - ThreadPoolExecutor-0_5 - [PROD] Sending payload 70/1000 | Order Number: V4063005072
2026-06-30 20:57:06,245 - INFO - ThreadPoolExecutor-0_1 - [PROD] Payload 62/1000 sent successfully. Status Code: 200
2026-06-30 20:57:06,245 - INFO - ThreadPoolExecutor-0_1 - [PROD] Sending payload 71/1000 | Order Number: V4063005073
2026-06-30 20:57:06,418 - INFO - ThreadPoolExecutor-0_4 - [PROD] Payload 61/1000 sent successfully. Status Code: 200
2026-06-30 20:57:06,419 - INFO - ThreadPoolExecutor-0_4 - [PROD] Sending payload 72/1000 | Order Number: V4063005074
2026-06-30 20:57:06,464 - INFO - ThreadPoolExecutor-0_6 - [PROD] Payload 63/1000 sent successfully. Status Code: 200
2026-06-30 20:57:06,464 - INFO - ThreadPoolExecutor-0_6 - [PROD] Sending payload 73/1000 | Order Number: V4063005075
2026-06-30 20:57:06,494 - INFO - ThreadPoolExecutor-0_8 - [PROD] Payload 64/1000 sent successfully. Status Code: 200
2026-06-30 20:57:06,496 - INFO - ThreadPoolExecutor-0_8 - [PROD] Sending payload 74/1000 | Order Number: V4063005076
2026-06-30 20:57:07,380 - INFO - ThreadPoolExecutor-0_9 - [PROD] Payload 65/1000 sent successfully. Status Code: 200
2026-06-30 20:57:07,381 - INFO - ThreadPoolExecutor-0_9 - [PROD] Sending payload 75/1000 | Order Number: V4063005077
2026-06-30 20:57:07,593 - INFO - ThreadPoolExecutor-0_0 - [PROD] Payload 66/1000 sent successfully. Status Code: 200
2026-06-30 20:57:07,595 - INFO - ThreadPoolExecutor-0_0 - [PROD] Sending payload 76/1000 | Order Number: V4063005078
2026-06-30 20:57:07,753 - INFO - ThreadPoolExecutor-0_7 - [PROD] Payload 68/1000 sent successfully. Status Code: 200
2026-06-30 20:57:07,755 - INFO - ThreadPoolExecutor-0_7 - [PROD] Sending payload 77/1000 | Order Number: V4063005079
2026-06-30 20:57:07,798 - INFO - ThreadPoolExecutor-0_2 - [PROD] Payload 67/1000 sent successfully. Status Code: 200
2026-06-30 20:57:07,802 - INFO - ThreadPoolExecutor-0_2 - [PROD] Sending payload 78/1000 | Order Number: V4063005080
2026-06-30 20:57:07,906 - INFO - ThreadPoolExecutor-0_3 - [PROD] Payload 69/1000 sent successfully. Status Code: 200
2026-06-30 20:57:07,908 - INFO - ThreadPoolExecutor-0_3 - [PROD] Sending payload 79/1000 | Order Number: V4063005081
2026-06-30 20:57:08,085 - INFO - ThreadPoolExecutor-0_5 - [PROD] Payload 70/1000 sent successfully. Status Code: 200
2026-06-30 20:57:08,088 - INFO - ThreadPoolExecutor-0_5 - [PROD] Sending payload 80/1000 | Order Number: V4063005082
2026-06-30 20:57:08,258 - INFO - ThreadPoolExecutor-0_4 - [PROD] Payload 72/1000 sent successfully. Status Code: 200
2026-06-30 20:57:08,260 - INFO - ThreadPoolExecutor-0_4 - [PROD] Sending payload 81/1000 | Order Number: V4063005083
2026-06-30 20:57:08,324 - INFO - ThreadPoolExecutor-0_1 - [PROD] Payload 71/1000 sent successfully. Status Code: 200
2026-06-30 20:57:08,325 - INFO - ThreadPoolExecutor-0_1 - [PROD] Sending payload 82/1000 | Order Number: V4063005084
2026-06-30 20:57:08,381 - INFO - ThreadPoolExecutor-0_6 - [PROD] Payload 73/1000 sent successfully. Status Code: 200
2026-06-30 20:57:08,382 - INFO - ThreadPoolExecutor-0_6 - [PROD] Sending payload 83/1000 | Order Number: V4063005085
2026-06-30 20:57:08,608 - INFO - ThreadPoolExecutor-0_8 - [PROD] Payload 74/1000 sent successfully. Status Code: 200
2026-06-30 20:57:08,609 - INFO - ThreadPoolExecutor-0_8 - [PROD] Sending payload 84/1000 | Order Number: V4063005086
2026-06-30 20:57:09,257 - INFO - ThreadPoolExecutor-0_9 - [PROD] Payload 75/1000 sent successfully. Status Code: 200
2026-06-30 20:57:09,259 - INFO - ThreadPoolExecutor-0_9 - [PROD] Sending payload 85/1000 | Order Number: V4063005087
2026-06-30 20:57:09,450 - INFO - ThreadPoolExecutor-0_0 - [PROD] Payload 76/1000 sent successfully. Status Code: 200
2026-06-30 20:57:09,452 - INFO - ThreadPoolExecutor-0_0 - [PROD] Sending payload 86/1000 | Order Number: V4063005088
2026-06-30 20:57:09,595 - INFO - ThreadPoolExecutor-0_7 - [PROD] Payload 77/1000 sent successfully. Status Code: 200
2026-06-30 20:57:09,598 - INFO - ThreadPoolExecutor-0_7 - [PROD] Sending payload 87/1000 | Order Number: V4063005089
2026-06-30 20:57:09,633 - INFO - ThreadPoolExecutor-0_2 - [PROD] Payload 78/1000 sent successfully. Status Code: 200
2026-06-30 20:57:09,636 - INFO - ThreadPoolExecutor-0_2 - [PROD] Sending payload 88/1000 | Order Number: V4063005090
2026-06-30 20:57:09,773 - INFO - ThreadPoolExecutor-0_3 - [PROD] Payload 79/1000 sent successfully. Status Code: 200
2026-06-30 20:57:09,775 - INFO - ThreadPoolExecutor-0_3 - [PROD] Sending payload 89/1000 | Order Number: V4063005091
2026-06-30 20:57:10,225 - INFO - ThreadPoolExecutor-0_4 - [PROD] Payload 81/1000 sent successfully. Status Code: 200
2026-06-30 20:57:10,227 - INFO - ThreadPoolExecutor-0_4 - [PROD] Sending payload 90/1000 | Order Number: V4063005092
2026-06-30 20:57:10,336 - INFO - ThreadPoolExecutor-0_5 - [PROD] Payload 80/1000 sent successfully. Status Code: 200
2026-06-30 20:57:10,342 - INFO - ThreadPoolExecutor-0_6 - [PROD] Payload 83/1000 sent successfully. Status Code: 200
2026-06-30 20:57:10,344 - INFO - ThreadPoolExecutor-0_6 - [PROD] Sending payload 91/1000 | Order Number: V4063005093
2026-06-30 20:57:10,346 - INFO - ThreadPoolExecutor-0_5 - [PROD] Sending payload 92/1000 | Order Number: V4063005094
2026-06-30 20:57:10,422 - INFO - ThreadPoolExecutor-0_1 - [PROD] Payload 82/1000 sent successfully. Status Code: 200
2026-06-30 20:57:10,423 - INFO - ThreadPoolExecutor-0_1 - [PROD] Sending payload 93/1000 | Order Number: V4063005095
2026-06-30 20:57:10,436 - INFO - ThreadPoolExecutor-0_8 - [PROD] Payload 84/1000 sent successfully. Status Code: 200
2026-06-30 20:57:10,437 - INFO - ThreadPoolExecutor-0_8 - [PROD] Sending payload 94/1000 | Order Number: V4063005096
2026-06-30 20:57:11,176 - INFO - ThreadPoolExecutor-0_9 - [PROD] Payload 85/1000 sent successfully. Status Code: 200
2026-06-30 20:57:11,178 - INFO - ThreadPoolExecutor-0_9 - [PROD] Sending payload 95/1000 | Order Number: V4063005097
2026-06-30 20:57:11,451 - INFO - ThreadPoolExecutor-0_0 - [PROD] Payload 86/1000 sent successfully. Status Code: 200
2026-06-30 20:57:11,453 - INFO - ThreadPoolExecutor-0_0 - [PROD] Sending payload 96/1000 | Order Number: V4063005098
2026-06-30 20:57:11,471 - INFO - ThreadPoolExecutor-0_2 - [PROD] Payload 88/1000 sent successfully. Status Code: 200
2026-06-30 20:57:11,472 - INFO - ThreadPoolExecutor-0_2 - [PROD] Sending payload 97/1000 | Order Number: V4063005099
2026-06-30 20:57:11,512 - INFO - ThreadPoolExecutor-0_7 - [PROD] Payload 87/1000 sent successfully. Status Code: 200
2026-06-30 20:57:11,512 - INFO - ThreadPoolExecutor-0_7 - [PROD] Sending payload 98/1000 | Order Number: V4063005100
2026-06-30 20:57:11,611 - INFO - ThreadPoolExecutor-0_3 - [PROD] Payload 89/1000 sent successfully. Status Code: 200
2026-06-30 20:57:11,617 - INFO - ThreadPoolExecutor-0_3 - [PROD] Sending payload 99/1000 | Order Number: V4063005101
2026-06-30 20:57:12,035 - INFO - ThreadPoolExecutor-0_4 - [PROD] Payload 90/1000 sent successfully. Status Code: 200
2026-06-30 20:57:12,036 - INFO - ThreadPoolExecutor-0_4 - [PROD] Sending payload 100/1000 | Order Number: V4063005102
2026-06-30 20:57:12,186 - INFO - ThreadPoolExecutor-0_5 - [PROD] Payload 92/1000 sent successfully. Status Code: 200
2026-06-30 20:57:12,194 - INFO - ThreadPoolExecutor-0_5 - [PROD] Sending payload 101/1000 | Order Number: V4063005103
2026-06-30 20:57:12,291 - INFO - ThreadPoolExecutor-0_1 - [PROD] Payload 93/1000 sent successfully. Status Code: 200
2026-06-30 20:57:12,292 - INFO - ThreadPoolExecutor-0_1 - [PROD] Sending payload 102/1000 | Order Number: V4063005104
2026-06-30 20:57:12,383 - INFO - ThreadPoolExecutor-0_6 - [PROD] Payload 91/1000 sent successfully. Status Code: 200
2026-06-30 20:57:12,384 - INFO - ThreadPoolExecutor-0_8 - [PROD] Payload 94/1000 sent successfully. Status Code: 200
2026-06-30 20:57:12,384 - INFO - ThreadPoolExecutor-0_6 - [PROD] Sending payload 103/1000 | Order Number: V4063005105
2026-06-30 20:57:12,384 - INFO - ThreadPoolExecutor-0_8 - [PROD] Sending payload 104/1000 | Order Number: V4063005106
2026-06-30 20:57:13,014 - INFO - ThreadPoolExecutor-0_9 - [PROD] Payload 95/1000 sent successfully. Status Code: 200
2026-06-30 20:57:13,016 - INFO - ThreadPoolExecutor-0_9 - [PROD] Sending payload 105/1000 | Order Number: V4063005107
2026-06-30 20:57:13,332 - INFO - ThreadPoolExecutor-0_0 - [PROD] Payload 96/1000 sent successfully. Status Code: 200
2026-06-30 20:57:13,338 - INFO - ThreadPoolExecutor-0_0 - [PROD] Sending payload 106/1000 | Order Number: V4063005108
2026-06-30 20:57:13,364 - INFO - ThreadPoolExecutor-0_2 - [PROD] Payload 97/1000 sent successfully. Status Code: 200
2026-06-30 20:57:13,364 - INFO - ThreadPoolExecutor-0_2 - [PROD] Sending payload 107/1000 | Order Number: V4063005109
2026-06-30 20:57:13,511 - INFO - ThreadPoolExecutor-0_3 - [PROD] Payload 99/1000 sent successfully. Status Code: 200
2026-06-30 20:57:13,515 - INFO - ThreadPoolExecutor-0_3 - [PROD] Sending payload 108/1000 | Order Number: V4063005110
2026-06-30 20:57:13,562 - INFO - ThreadPoolExecutor-0_7 - [PROD] Payload 98/1000 sent successfully. Status Code: 200
2026-06-30 20:57:13,563 - INFO - ThreadPoolExecutor-0_7 - [PROD] Sending payload 109/1000 | Order Number: V4063005111
2026-06-30 20:57:13,913 - INFO - ThreadPoolExecutor-0_4 - [PROD] Payload 100/1000 sent successfully. Status Code: 200
2026-06-30 20:57:13,918 - INFO - ThreadPoolExecutor-0_4 - [PROD] Sending payload 110/1000 | Order Number: V4063005112
2026-06-30 20:57:14,117 - INFO - ThreadPoolExecutor-0_1 - [PROD] Payload 102/1000 sent successfully. Status Code: 200
2026-06-30 20:57:14,119 - INFO - ThreadPoolExecutor-0_1 - [PROD] Sending payload 111/1000 | Order Number: V4063005113
2026-06-30 20:57:14,142 - INFO - ThreadPoolExecutor-0_5 - [PROD] Payload 101/1000 sent successfully. Status Code: 200
2026-06-30 20:57:14,144 - INFO - ThreadPoolExecutor-0_5 - [PROD] Sending payload 112/1000 | Order Number: V4063005114
2026-06-30 20:57:14,303 - INFO - ThreadPoolExecutor-0_8 - [PROD] Payload 104/1000 sent successfully. Status Code: 200
2026-06-30 20:57:14,309 - INFO - ThreadPoolExecutor-0_8 - [PROD] Sending payload 113/1000 | Order Number: V4063005115
2026-06-30 20:57:14,329 - INFO - ThreadPoolExecutor-0_6 - [PROD] Payload 103/1000 sent successfully. Status Code: 200
2026-06-30 20:57:14,330 - INFO - ThreadPoolExecutor-0_6 - [PROD] Sending payload 114/1000 | Order Number: V4063005116
2026-06-30 20:57:14,878 - INFO - ThreadPoolExecutor-0_9 - [PROD] Payload 105/1000 sent successfully. Status Code: 200
2026-06-30 20:57:14,880 - INFO - ThreadPoolExecutor-0_9 - [PROD] Sending payload 115/1000 | Order Number: V4063005117
2026-06-30 20:57:15,207 - INFO - ThreadPoolExecutor-0_0 - [PROD] Payload 106/1000 sent successfully. Status Code: 200
2026-06-30 20:57:15,213 - INFO - ThreadPoolExecutor-0_0 - [PROD] Sending payload 116/1000 | Order Number: V4063005118
2026-06-30 20:57:15,240 - INFO - ThreadPoolExecutor-0_2 - [PROD] Payload 107/1000 sent successfully. Status Code: 200
2026-06-30 20:57:15,241 - INFO - ThreadPoolExecutor-0_2 - [PROD] Sending payload 117/1000 | Order Number: V4063005119
2026-06-30 20:57:15,349 - INFO - ThreadPoolExecutor-0_3 - [PROD] Payload 108/1000 sent successfully. Status Code: 200
2026-06-30 20:57:15,352 - INFO - ThreadPoolExecutor-0_3 - [PROD] Sending payload 118/1000 | Order Number: V4063005120
2026-06-30 20:57:15,404 - INFO - ThreadPoolExecutor-0_7 - [PROD] Payload 109/1000 sent successfully. Status Code: 200
2026-06-30 20:57:15,405 - INFO - ThreadPoolExecutor-0_7 - [PROD] Sending payload 119/1000 | Order Number: V4063005121
2026-06-30 20:57:15,781 - INFO - ThreadPoolExecutor-0_4 - [PROD] Payload 110/1000 sent successfully. Status Code: 200
2026-06-30 20:57:15,782 - INFO - ThreadPoolExecutor-0_4 - [PROD] Sending payload 120/1000 | Order Number: V4063005122
2026-06-30 20:57:15,998 - INFO - ThreadPoolExecutor-0_5 - [PROD] Payload 112/1000 sent successfully. Status Code: 200
2026-06-30 20:57:16,003 - INFO - ThreadPoolExecutor-0_5 - [PROD] Sending payload 121/1000 | Order Number: V4063005123
2026-06-30 20:57:16,064 - INFO - ThreadPoolExecutor-0_1 - [PROD] Payload 111/1000 sent successfully. Status Code: 200
2026-06-30 20:57:16,066 - INFO - ThreadPoolExecutor-0_1 - [PROD] Sending payload 122/1000 | Order Number: V4063005124
2026-06-30 20:57:16,181 - INFO - ThreadPoolExecutor-0_8 - [PROD] Payload 113/1000 sent successfully. Status Code: 200
2026-06-30 20:57:16,182 - INFO - ThreadPoolExecutor-0_8 - [PROD] Sending payload 123/1000 | Order Number: V4063005125
2026-06-30 20:57:16,336 - INFO - ThreadPoolExecutor-0_6 - [PROD] Payload 114/1000 sent successfully. Status Code: 200
2026-06-30 20:57:16,340 - INFO - ThreadPoolExecutor-0_6 - [PROD] Sending payload 124/1000 | Order Number: V4063005126
2026-06-30 20:57:16,836 - INFO - ThreadPoolExecutor-0_9 - [PROD] Payload 115/1000 sent successfully. Status Code: 200
2026-06-30 20:57:16,837 - INFO - ThreadPoolExecutor-0_9 - [PROD] Sending payload 125/1000 | Order Number: V4063005127
2026-06-30 20:57:17,064 - INFO - ThreadPoolExecutor-0_0 - [PROD] Payload 116/1000 sent successfully. Status Code: 200
2026-06-30 20:57:17,066 - INFO - ThreadPoolExecutor-0_0 - [PROD] Sending payload 126/1000 | Order Number: V4063005128
2026-06-30 20:57:17,170 - INFO - ThreadPoolExecutor-0_3 - [PROD] Payload 118/1000 sent successfully. Status Code: 200
2026-06-30 20:57:17,172 - INFO - ThreadPoolExecutor-0_3 - [PROD] Sending payload 127/1000 | Order Number: V4063005129
2026-06-30 20:57:17,256 - INFO - ThreadPoolExecutor-0_2 - [PROD] Payload 117/1000 sent successfully. Status Code: 200
2026-06-30 20:57:17,260 - INFO - ThreadPoolExecutor-0_2 - [PROD] Sending payload 128/1000 | Order Number: V4063005130
2026-06-30 20:57:17,275 - INFO - ThreadPoolExecutor-0_7 - [PROD] Payload 119/1000 sent successfully. Status Code: 200
2026-06-30 20:57:17,276 - INFO - ThreadPoolExecutor-0_7 - [PROD] Sending payload 129/1000 | Order Number: V4063005131
2026-06-30 20:57:17,638 - INFO - ThreadPoolExecutor-0_4 - [PROD] Payload 120/1000 sent successfully. Status Code: 200
2026-06-30 20:57:17,641 - INFO - ThreadPoolExecutor-0_4 - [PROD] Sending payload 130/1000 | Order Number: V4063005132
2026-06-30 20:57:17,948 - INFO - ThreadPoolExecutor-0_5 - [PROD] Payload 121/1000 sent successfully. Status Code: 200
2026-06-30 20:57:17,950 - INFO - ThreadPoolExecutor-0_5 - [PROD] Sending payload 131/1000 | Order Number: V4063005133
2026-06-30 20:57:18,105 - INFO - ThreadPoolExecutor-0_8 - [PROD] Payload 123/1000 sent successfully. Status Code: 200
2026-06-30 20:57:18,107 - INFO - ThreadPoolExecutor-0_8 - [PROD] Sending payload 132/1000 | Order Number: V4063005134
2026-06-30 20:57:18,131 - INFO - ThreadPoolExecutor-0_1 - [PROD] Payload 122/1000 sent successfully. Status Code: 200
2026-06-30 20:57:18,132 - INFO - ThreadPoolExecutor-0_1 - [PROD] Sending payload 133/1000 | Order Number: V4063005135
2026-06-30 20:57:18,265 - INFO - ThreadPoolExecutor-0_6 - [PROD] Payload 124/1000 sent successfully. Status Code: 200
2026-06-30 20:57:18,267 - INFO - ThreadPoolExecutor-0_6 - [PROD] Sending payload 134/1000 | Order Number: V4063005136
2026-06-30 20:57:18,754 - INFO - ThreadPoolExecutor-0_9 - [PROD] Payload 125/1000 sent successfully. Status Code: 200
2026-06-30 20:57:18,756 - INFO - ThreadPoolExecutor-0_9 - [PROD] Sending payload 135/1000 | Order Number: V4063005137
2026-06-30 20:57:19,016 - INFO - ThreadPoolExecutor-0_0 - [PROD] Payload 126/1000 sent successfully. Status Code: 200
2026-06-30 20:57:19,018 - INFO - ThreadPoolExecutor-0_0 - [PROD] Sending payload 136/1000 | Order Number: V4063005138
2026-06-30 20:57:19,047 - INFO - ThreadPoolExecutor-0_3 - [PROD] Payload 127/1000 sent successfully. Status Code: 200
2026-06-30 20:57:19,048 - INFO - ThreadPoolExecutor-0_3 - [PROD] Sending payload 137/1000 | Order Number: V4063005139
2026-06-30 20:57:19,081 - INFO - ThreadPoolExecutor-0_2 - [PROD] Payload 128/1000 sent successfully. Status Code: 200
2026-06-30 20:57:19,081 - INFO - ThreadPoolExecutor-0_2 - [PROD] Sending payload 138/1000 | Order Number: V4063005140
2026-06-30 20:57:19,269 - INFO - ThreadPoolExecutor-0_7 - [PROD] Payload 129/1000 sent successfully. Status Code: 200
2026-06-30 20:57:19,271 - INFO - ThreadPoolExecutor-0_7 - [PROD] Sending payload 139/1000 | Order Number: V4063005141
2026-06-30 20:57:19,501 - INFO - ThreadPoolExecutor-0_4 - [PROD] Payload 130/1000 sent successfully. Status Code: 200
2026-06-30 20:57:19,503 - INFO - ThreadPoolExecutor-0_4 - [PROD] Sending payload 140/1000 | Order Number: V4063005142
2026-06-30 20:57:19,778 - INFO - ThreadPoolExecutor-0_5 - [PROD] Payload 131/1000 sent successfully. Status Code: 200
2026-06-30 20:57:19,780 - INFO - ThreadPoolExecutor-0_5 - [PROD] Sending payload 141/1000 | Order Number: V4063005143
2026-06-30 20:57:19,984 - INFO - ThreadPoolExecutor-0_8 - [PROD] Payload 132/1000 sent successfully. Status Code: 200
2026-06-30 20:57:19,986 - INFO - ThreadPoolExecutor-0_8 - [PROD] Sending payload 142/1000 | Order Number: V4063005144
2026-06-30 20:57:20,106 - INFO - ThreadPoolExecutor-0_6 - [PROD] Payload 134/1000 sent successfully. Status Code: 200
2026-06-30 20:57:20,108 - INFO - ThreadPoolExecutor-0_6 - [PROD] Sending payload 143/1000 | Order Number: V4063005145
2026-06-30 20:57:20,171 - INFO - ThreadPoolExecutor-0_1 - [PROD] Payload 133/1000 sent successfully. Status Code: 200
2026-06-30 20:57:20,176 - INFO - ThreadPoolExecutor-0_1 - [PROD] Sending payload 144/1000 | Order Number: V4063005146
2026-06-30 20:57:20,658 - INFO - ThreadPoolExecutor-0_9 - [PROD] Payload 135/1000 sent successfully. Status Code: 200
2026-06-30 20:57:20,660 - INFO - ThreadPoolExecutor-0_9 - [PROD] Sending payload 145/1000 | Order Number: V4063005147
2026-06-30 20:57:20,882 - INFO - ThreadPoolExecutor-0_3 - [PROD] Payload 137/1000 sent successfully. Status Code: 200
2026-06-30 20:57:20,884 - INFO - ThreadPoolExecutor-0_3 - [PROD] Sending payload 146/1000 | Order Number: V4063005148
2026-06-30 20:57:20,915 - INFO - ThreadPoolExecutor-0_2 - [PROD] Payload 138/1000 sent successfully. Status Code: 200
2026-06-30 20:57:20,915 - INFO - ThreadPoolExecutor-0_2 - [PROD] Sending payload 147/1000 | Order Number: V4063005149
2026-06-30 20:57:21,079 - INFO - ThreadPoolExecutor-0_0 - [PROD] Payload 136/1000 sent successfully. Status Code: 200
2026-06-30 20:57:21,082 - INFO - ThreadPoolExecutor-0_0 - [PROD] Sending payload 148/1000 | Order Number: V4063005150
2026-06-30 20:57:21,100 - INFO - ThreadPoolExecutor-0_7 - [PROD] Payload 139/1000 sent successfully. Status Code: 200
2026-06-30 20:57:21,102 - INFO - ThreadPoolExecutor-0_7 - [PROD] Sending payload 149/1000 | Order Number: V4063005151
2026-06-30 20:57:21,371 - INFO - ThreadPoolExecutor-0_4 - [PROD] Payload 140/1000 sent successfully. Status Code: 200
2026-06-30 20:57:21,373 - INFO - ThreadPoolExecutor-0_4 - [PROD] Sending payload 150/1000 | Order Number: V4063005152
2026-06-30 20:57:21,681 - INFO - ThreadPoolExecutor-0_5 - [PROD] Payload 141/1000 sent successfully. Status Code: 200
2026-06-30 20:57:21,683 - INFO - ThreadPoolExecutor-0_5 - [PROD] Sending payload 151/1000 | Order Number: V4063005153
2026-06-30 20:57:21,876 - INFO - ThreadPoolExecutor-0_8 - [PROD] Payload 142/1000 sent successfully. Status Code: 200
2026-06-30 20:57:21,879 - INFO - ThreadPoolExecutor-0_8 - [PROD] Sending payload 152/1000 | Order Number: V4063005154
2026-06-30 20:57:21,952 - INFO - ThreadPoolExecutor-0_6 - [PROD] Payload 143/1000 sent successfully. Status Code: 200
2026-06-30 20:57:21,956 - INFO - ThreadPoolExecutor-0_6 - [PROD] Sending payload 153/1000 | Order Number: V4063005155
2026-06-30 20:57:22,020 - INFO - ThreadPoolExecutor-0_1 - [PROD] Payload 144/1000 sent successfully. Status Code: 200
2026-06-30 20:57:22,021 - INFO - ThreadPoolExecutor-0_1 - [PROD] Sending payload 154/1000 | Order Number: V4063005156
2026-06-30 20:57:22,550 - INFO - ThreadPoolExecutor-0_9 - [PROD] Payload 145/1000 sent successfully. Status Code: 200
2026-06-30 20:57:22,552 - INFO - ThreadPoolExecutor-0_9 - [PROD] Sending payload 155/1000 | Order Number: V4063005157
2026-06-30 20:57:22,760 - INFO - ThreadPoolExecutor-0_3 - [PROD] Payload 146/1000 sent successfully. Status Code: 200
2026-06-30 20:57:22,762 - INFO - ThreadPoolExecutor-0_3 - [PROD] Sending payload 156/1000 | Order Number: V4063005158
2026-06-30 20:57:22,812 - INFO - ThreadPoolExecutor-0_2 - [PROD] Payload 147/1000 sent successfully. Status Code: 200
2026-06-30 20:57:22,815 - INFO - ThreadPoolExecutor-0_2 - [PROD] Sending payload 157/1000 | Order Number: V4063005159
2026-06-30 20:57:22,975 - INFO - ThreadPoolExecutor-0_0 - [PROD] Payload 148/1000 sent successfully. Status Code: 200
2026-06-30 20:57:22,976 - INFO - ThreadPoolExecutor-0_0 - [PROD] Sending payload 158/1000 | Order Number: V4063005160
2026-06-30 20:57:23,129 - INFO - ThreadPoolExecutor-0_7 - [PROD] Payload 149/1000 sent successfully. Status Code: 200
2026-06-30 20:57:23,132 - INFO - ThreadPoolExecutor-0_7 - [PROD] Sending payload 159/1000 | Order Number: V4063005161
2026-06-30 20:57:23,298 - INFO - ThreadPoolExecutor-0_4 - [PROD] Payload 150/1000 sent successfully. Status Code: 200
2026-06-30 20:57:23,300 - INFO - ThreadPoolExecutor-0_4 - [PROD] Sending payload 160/1000 | Order Number: V4063005162
2026-06-30 20:57:23,595 - INFO - ThreadPoolExecutor-0_5 - [PROD] Payload 151/1000 sent successfully. Status Code: 200
2026-06-30 20:57:23,599 - INFO - ThreadPoolExecutor-0_5 - [PROD] Sending payload 161/1000 | Order Number: V4063005163
2026-06-30 20:57:23,743 - INFO - ThreadPoolExecutor-0_8 - [PROD] Payload 152/1000 sent successfully. Status Code: 200
2026-06-30 20:57:23,745 - INFO - ThreadPoolExecutor-0_8 - [PROD] Sending payload 162/1000 | Order Number: V4063005164
2026-06-30 20:57:23,920 - INFO - ThreadPoolExecutor-0_6 - [PROD] Payload 153/1000 sent successfully. Status Code: 200
2026-06-30 20:57:23,926 - INFO - ThreadPoolExecutor-0_6 - [PROD] Sending payload 163/1000 | Order Number: V4063005165
2026-06-30 20:57:23,930 - INFO - ThreadPoolExecutor-0_1 - [PROD] Payload 154/1000 sent successfully. Status Code: 200
2026-06-30 20:57:23,932 - INFO - ThreadPoolExecutor-0_1 - [PROD] Sending payload 164/1000 | Order Number: V4063005166
2026-06-30 20:57:24,505 - INFO - ThreadPoolExecutor-0_9 - [PROD] Payload 155/1000 sent successfully. Status Code: 200
2026-06-30 20:57:24,512 - INFO - ThreadPoolExecutor-0_9 - [PROD] Sending payload 165/1000 | Order Number: V4063005167
2026-06-30 20:57:24,648 - INFO - ThreadPoolExecutor-0_2 - [PROD] Payload 157/1000 sent successfully. Status Code: 200
2026-06-30 20:57:24,649 - INFO - ThreadPoolExecutor-0_2 - [PROD] Sending payload 166/1000 | Order Number: V4063005168
2026-06-30 20:57:24,857 - INFO - ThreadPoolExecutor-0_3 - [PROD] Payload 156/1000 sent successfully. Status Code: 200
2026-06-30 20:57:24,858 - INFO - ThreadPoolExecutor-0_3 - [PROD] Sending payload 167/1000 | Order Number: V4063005169
2026-06-30 20:57:24,896 - INFO - ThreadPoolExecutor-0_0 - [PROD] Payload 158/1000 sent successfully. Status Code: 200
2026-06-30 20:57:24,897 - INFO - ThreadPoolExecutor-0_0 - [PROD] Sending payload 168/1000 | Order Number: V4063005170
2026-06-30 20:57:25,148 - INFO - ThreadPoolExecutor-0_4 - [PROD] Payload 160/1000 sent successfully. Status Code: 200
2026-06-30 20:57:25,150 - INFO - ThreadPoolExecutor-0_4 - [PROD] Sending payload 169/1000 | Order Number: V4063005171
2026-06-30 20:57:25,478 - INFO - ThreadPoolExecutor-0_5 - [PROD] Payload 161/1000 sent successfully. Status Code: 200
2026-06-30 20:57:25,480 - INFO - ThreadPoolExecutor-0_5 - [PROD] Sending payload 170/1000 | Order Number: V4063005172
2026-06-30 20:57:25,704 - INFO - ThreadPoolExecutor-0_8 - [PROD] Payload 162/1000 sent successfully. Status Code: 200
2026-06-30 20:57:25,706 - INFO - ThreadPoolExecutor-0_8 - [PROD] Sending payload 171/1000 | Order Number: V4063005173
2026-06-30 20:57:25,735 - INFO - ThreadPoolExecutor-0_6 - [PROD] Payload 163/1000 sent successfully. Status Code: 200
2026-06-30 20:57:25,735 - INFO - ThreadPoolExecutor-0_6 - [PROD] Sending payload 172/1000 | Order Number: V4063005174
2026-06-30 20:57:25,856 - INFO - ThreadPoolExecutor-0_1 - [PROD] Payload 164/1000 sent successfully. Status Code: 200
2026-06-30 20:57:25,859 - INFO - ThreadPoolExecutor-0_1 - [PROD] Sending payload 173/1000 | Order Number: V4063005175
2026-06-30 20:57:26,063 - INFO - ThreadPoolExecutor-0_7 - [PROD] Payload 159/1000 sent successfully. Status Code: 200
2026-06-30 20:57:26,065 - INFO - ThreadPoolExecutor-0_7 - [PROD] Sending payload 174/1000 | Order Number: V4063005176
2026-06-30 20:57:26,447 - INFO - ThreadPoolExecutor-0_9 - [PROD] Payload 165/1000 sent successfully. Status Code: 200
2026-06-30 20:57:26,449 - INFO - ThreadPoolExecutor-0_9 - [PROD] Sending payload 175/1000 | Order Number: V4063005177
2026-06-30 20:57:26,624 - INFO - ThreadPoolExecutor-0_2 - [PROD] Payload 166/1000 sent successfully. Status Code: 200
2026-06-30 20:57:26,626 - INFO - ThreadPoolExecutor-0_2 - [PROD] Sending payload 176/1000 | Order Number: V4063005178
2026-06-30 20:57:26,718 - INFO - ThreadPoolExecutor-0_0 - [PROD] Payload 168/1000 sent successfully. Status Code: 200
2026-06-30 20:57:26,720 - INFO - ThreadPoolExecutor-0_0 - [PROD] Sending payload 177/1000 | Order Number: V4063005179
2026-06-30 20:57:26,722 - INFO - ThreadPoolExecutor-0_3 - [PROD] Payload 167/1000 sent successfully. Status Code: 200
2026-06-30 20:57:26,723 - INFO - ThreadPoolExecutor-0_3 - [PROD] Sending payload 178/1000 | Order Number: V4063005180
2026-06-30 20:57:26,988 - INFO - ThreadPoolExecutor-0_4 - [PROD] Payload 169/1000 sent successfully. Status Code: 200
2026-06-30 20:57:26,991 - INFO - ThreadPoolExecutor-0_4 - [PROD] Sending payload 179/1000 | Order Number: V4063005181
2026-06-30 20:57:27,424 - INFO - ThreadPoolExecutor-0_5 - [PROD] Payload 170/1000 sent successfully. Status Code: 200
2026-06-30 20:57:27,426 - INFO - ThreadPoolExecutor-0_5 - [PROD] Sending payload 180/1000 | Order Number: V4063005182
2026-06-30 20:57:27,552 - INFO - ThreadPoolExecutor-0_6 - [PROD] Payload 172/1000 sent successfully. Status Code: 200
2026-06-30 20:57:27,554 - INFO - ThreadPoolExecutor-0_6 - [PROD] Sending payload 181/1000 | Order Number: V4063005183
2026-06-30 20:57:27,575 - INFO - ThreadPoolExecutor-0_8 - [PROD] Payload 171/1000 sent successfully. Status Code: 200
2026-06-30 20:57:27,576 - INFO - ThreadPoolExecutor-0_8 - [PROD] Sending payload 182/1000 | Order Number: V4063005184
2026-06-30 20:57:27,761 - INFO - ThreadPoolExecutor-0_1 - [PROD] Payload 173/1000 sent successfully. Status Code: 200
2026-06-30 20:57:27,763 - INFO - ThreadPoolExecutor-0_1 - [PROD] Sending payload 183/1000 | Order Number: V4063005185
2026-06-30 20:57:27,934 - INFO - ThreadPoolExecutor-0_7 - [PROD] Payload 174/1000 sent successfully. Status Code: 200
2026-06-30 20:57:27,936 - INFO - ThreadPoolExecutor-0_7 - [PROD] Sending payload 184/1000 | Order Number: V4063005186
2026-06-30 20:57:28,356 - INFO - ThreadPoolExecutor-0_9 - [PROD] Payload 175/1000 sent successfully. Status Code: 200
2026-06-30 20:57:28,359 - INFO - ThreadPoolExecutor-0_9 - [PROD] Sending payload 185/1000 | Order Number: V4063005187
2026-06-30 20:57:28,456 - INFO - ThreadPoolExecutor-0_2 - [PROD] Payload 176/1000 sent successfully. Status Code: 200
2026-06-30 20:57:28,458 - INFO - ThreadPoolExecutor-0_2 - [PROD] Sending payload 186/1000 | Order Number: V4063005188
2026-06-30 20:57:28,573 - INFO - ThreadPoolExecutor-0_3 - [PROD] Payload 178/1000 sent successfully. Status Code: 200
2026-06-30 20:57:28,573 - INFO - ThreadPoolExecutor-0_3 - [PROD] Sending payload 187/1000 | Order Number: V4063005189
2026-06-30 20:57:28,599 - INFO - ThreadPoolExecutor-0_0 - [PROD] Payload 177/1000 sent successfully. Status Code: 200
2026-06-30 20:57:28,600 - INFO - ThreadPoolExecutor-0_0 - [PROD] Sending payload 188/1000 | Order Number: V4063005190
2026-06-30 20:57:28,809 - INFO - ThreadPoolExecutor-0_4 - [PROD] Payload 179/1000 sent successfully. Status Code: 200
2026-06-30 20:57:28,811 - INFO - ThreadPoolExecutor-0_4 - [PROD] Sending payload 189/1000 | Order Number: V4063005191
2026-06-30 20:57:29,223 - INFO - ThreadPoolExecutor-0_5 - [PROD] Payload 180/1000 sent successfully. Status Code: 200
2026-06-30 20:57:29,225 - INFO - ThreadPoolExecutor-0_5 - [PROD] Sending payload 190/1000 | Order Number: V4063005192
2026-06-30 20:57:29,478 - INFO - ThreadPoolExecutor-0_8 - [PROD] Payload 182/1000 sent successfully. Status Code: 200
2026-06-30 20:57:29,480 - INFO - ThreadPoolExecutor-0_8 - [PROD] Sending payload 191/1000 | Order Number: V4063005193
2026-06-30 20:57:29,627 - INFO - ThreadPoolExecutor-0_1 - [PROD] Payload 183/1000 sent successfully. Status Code: 200
2026-06-30 20:57:29,627 - INFO - ThreadPoolExecutor-0_1 - [PROD] Sending payload 192/1000 | Order Number: V4063005194
2026-06-30 20:57:29,646 - INFO - ThreadPoolExecutor-0_6 - [PROD] Payload 181/1000 sent successfully. Status Code: 200
2026-06-30 20:57:29,646 - INFO - ThreadPoolExecutor-0_6 - [PROD] Sending payload 193/1000 | Order Number: V4063005195
2026-06-30 20:57:29,771 - INFO - ThreadPoolExecutor-0_7 - [PROD] Payload 184/1000 sent successfully. Status Code: 200
2026-06-30 20:57:29,772 - INFO - ThreadPoolExecutor-0_7 - [PROD] Sending payload 194/1000 | Order Number: V4063005196
2026-06-30 20:57:30,303 - INFO - ThreadPoolExecutor-0_2 - [PROD] Payload 186/1000 sent successfully. Status Code: 200
2026-06-30 20:57:30,305 - INFO - ThreadPoolExecutor-0_2 - [PROD] Sending payload 195/1000 | Order Number: V4063005197
2026-06-30 20:57:30,365 - INFO - ThreadPoolExecutor-0_3 - [PROD] Payload 187/1000 sent successfully. Status Code: 200
2026-06-30 20:57:30,369 - INFO - ThreadPoolExecutor-0_3 - [PROD] Sending payload 196/1000 | Order Number: V4063005198
2026-06-30 20:57:30,478 - INFO - ThreadPoolExecutor-0_0 - [PROD] Payload 188/1000 sent successfully. Status Code: 200
2026-06-30 20:57:30,480 - INFO - ThreadPoolExecutor-0_0 - [PROD] Sending payload 197/1000 | Order Number: V4063005199
2026-06-30 20:57:30,557 - INFO - ThreadPoolExecutor-0_9 - [PROD] Payload 185/1000 sent successfully. Status Code: 200
2026-06-30 20:57:30,559 - INFO - ThreadPoolExecutor-0_9 - [PROD] Sending payload 198/1000 | Order Number: V4063005200
2026-06-30 20:57:30,797 - INFO - ThreadPoolExecutor-0_4 - [PROD] Payload 189/1000 sent successfully. Status Code: 200
2026-06-30 20:57:30,799 - INFO - ThreadPoolExecutor-0_4 - [PROD] Sending payload 199/1000 | Order Number: V4063005201
2026-06-30 20:57:31,024 - INFO - ThreadPoolExecutor-0_5 - [PROD] Payload 190/1000 sent successfully. Status Code: 200
2026-06-30 20:57:31,028 - INFO - ThreadPoolExecutor-0_5 - [PROD] Sending payload 200/1000 | Order Number: V4063005202
2026-06-30 20:57:31,272 - INFO - ThreadPoolExecutor-0_8 - [PROD] Payload 191/1000 sent successfully. Status Code: 200
2026-06-30 20:57:31,275 - INFO - ThreadPoolExecutor-0_8 - [PROD] Sending payload 201/1000 | Order Number: V4063005203
2026-06-30 20:57:31,423 - INFO - ThreadPoolExecutor-0_1 - [PROD] Payload 192/1000 sent successfully. Status Code: 200
2026-06-30 20:57:31,426 - INFO - ThreadPoolExecutor-0_1 - [PROD] Sending payload 202/1000 | Order Number: V4063005204
2026-06-30 20:57:31,484 - INFO - ThreadPoolExecutor-0_6 - [PROD] Payload 193/1000 sent successfully. Status Code: 200
2026-06-30 20:57:31,487 - INFO - ThreadPoolExecutor-0_6 - [PROD] Sending payload 203/1000 | Order Number: V4063005205
2026-06-30 20:57:31,592 - INFO - ThreadPoolExecutor-0_7 - [PROD] Payload 194/1000 sent successfully. Status Code: 200
2026-06-30 20:57:31,594 - INFO - ThreadPoolExecutor-0_7 - [PROD] Sending payload 204/1000 | Order Number: V4063005206
2026-06-30 20:57:32,147 - INFO - ThreadPoolExecutor-0_2 - [PROD] Payload 195/1000 sent successfully. Status Code: 200
2026-06-30 20:57:32,149 - INFO - ThreadPoolExecutor-0_2 - [PROD] Sending payload 205/1000 | Order Number: V4063005207
2026-06-30 20:57:32,299 - INFO - ThreadPoolExecutor-0_0 - [PROD] Payload 197/1000 sent successfully. Status Code: 200
2026-06-30 20:57:32,301 - INFO - ThreadPoolExecutor-0_0 - [PROD] Sending payload 206/1000 | Order Number: V4063005208
2026-06-30 20:57:32,476 - INFO - ThreadPoolExecutor-0_9 - [PROD] Payload 198/1000 sent successfully. Status Code: 200
2026-06-30 20:57:32,479 - INFO - ThreadPoolExecutor-0_9 - [PROD] Sending payload 207/1000 | Order Number: V4063005209
2026-06-30 20:57:32,912 - INFO - ThreadPoolExecutor-0_3 - [PROD] Payload 196/1000 sent successfully. Status Code: 200
2026-06-30 20:57:32,914 - INFO - ThreadPoolExecutor-0_3 - [PROD] Sending payload 208/1000 | Order Number: V4063005210
2026-06-30 20:57:33,109 - INFO - ThreadPoolExecutor-0_8 - [PROD] Payload 201/1000 sent successfully. Status Code: 200
2026-06-30 20:57:33,112 - INFO - ThreadPoolExecutor-0_8 - [PROD] Sending payload 209/1000 | Order Number: V4063005211
2026-06-30 20:57:33,247 - INFO - ThreadPoolExecutor-0_4 - [PROD] Payload 199/1000 sent successfully. Status Code: 200
2026-06-30 20:57:33,249 - INFO - ThreadPoolExecutor-0_4 - [PROD] Sending payload 210/1000 | Order Number: V4063005212
2026-06-30 20:57:33,328 - INFO - ThreadPoolExecutor-0_1 - [PROD] Payload 202/1000 sent successfully. Status Code: 200
2026-06-30 20:57:33,331 - INFO - ThreadPoolExecutor-0_1 - [PROD] Sending payload 211/1000 | Order Number: V4063005213
2026-06-30 20:57:33,459 - INFO - ThreadPoolExecutor-0_7 - [PROD] Payload 204/1000 sent successfully. Status Code: 200
2026-06-30 20:57:33,462 - INFO - ThreadPoolExecutor-0_7 - [PROD] Sending payload 212/1000 | Order Number: V4063005214
2026-06-30 20:57:33,540 - INFO - ThreadPoolExecutor-0_5 - [PROD] Payload 200/1000 sent successfully. Status Code: 200
2026-06-30 20:57:33,542 - INFO - ThreadPoolExecutor-0_5 - [PROD] Sending payload 213/1000 | Order Number: V4063005215
2026-06-30 20:57:33,745 - INFO - ThreadPoolExecutor-0_6 - [PROD] Payload 203/1000 sent successfully. Status Code: 200
2026-06-30 20:57:33,747 - INFO - ThreadPoolExecutor-0_6 - [PROD] Sending payload 214/1000 | Order Number: V4063005216
2026-06-30 20:57:33,946 - INFO - ThreadPoolExecutor-0_2 - [PROD] Payload 205/1000 sent successfully. Status Code: 200
2026-06-30 20:57:33,948 - INFO - ThreadPoolExecutor-0_2 - [PROD] Sending payload 215/1000 | Order Number: V4063005217
2026-06-30 20:57:34,120 - INFO - ThreadPoolExecutor-0_0 - [PROD] Payload 206/1000 sent successfully. Status Code: 200
2026-06-30 20:57:34,123 - INFO - ThreadPoolExecutor-0_0 - [PROD] Sending payload 216/1000 | Order Number: V4063005218
2026-06-30 20:57:34,312 - INFO - ThreadPoolExecutor-0_9 - [PROD] Payload 207/1000 sent successfully. Status Code: 200
2026-06-30 20:57:34,314 - INFO - ThreadPoolExecutor-0_9 - [PROD] Sending payload 217/1000 | Order Number: V4063005219
2026-06-30 20:57:34,778 - INFO - ThreadPoolExecutor-0_3 - [PROD] Payload 208/1000 sent successfully. Status Code: 200
2026-06-30 20:57:34,780 - INFO - ThreadPoolExecutor-0_3 - [PROD] Sending payload 218/1000 | Order Number: V4063005220
2026-06-30 20:57:34,924 - INFO - ThreadPoolExecutor-0_8 - [PROD] Payload 209/1000 sent successfully. Status Code: 200
2026-06-30 20:57:34,926 - INFO - ThreadPoolExecutor-0_8 - [PROD] Sending payload 219/1000 | Order Number: V4063005221
2026-06-30 20:57:35,098 - INFO - ThreadPoolExecutor-0_4 - [PROD] Payload 210/1000 sent successfully. Status Code: 200
2026-06-30 20:57:35,100 - INFO - ThreadPoolExecutor-0_4 - [PROD] Sending payload 220/1000 | Order Number: V4063005222
2026-06-30 20:57:35,149 - INFO - ThreadPoolExecutor-0_1 - [PROD] Payload 211/1000 sent successfully. Status Code: 200
2026-06-30 20:57:35,150 - INFO - ThreadPoolExecutor-0_1 - [PROD] Sending payload 221/1000 | Order Number: V4063005223
2026-06-30 20:57:35,313 - INFO - ThreadPoolExecutor-0_7 - [PROD] Payload 212/1000 sent successfully. Status Code: 200
2026-06-30 20:57:35,315 - INFO - ThreadPoolExecutor-0_7 - [PROD] Sending payload 222/1000 | Order Number: V4063005224
2026-06-30 20:57:35,363 - INFO - ThreadPoolExecutor-0_5 - [PROD] Payload 213/1000 sent successfully. Status Code: 200
2026-06-30 20:57:35,364 - INFO - ThreadPoolExecutor-0_5 - [PROD] Sending payload 223/1000 | Order Number: V4063005225
2026-06-30 20:57:35,745 - INFO - ThreadPoolExecutor-0_2 - [PROD] Payload 215/1000 sent successfully. Status Code: 200
2026-06-30 20:57:35,747 - INFO - ThreadPoolExecutor-0_2 - [PROD] Sending payload 224/1000 | Order Number: V4063005226
2026-06-30 20:57:35,913 - INFO - ThreadPoolExecutor-0_6 - [PROD] Payload 214/1000 sent successfully. Status Code: 200
2026-06-30 20:57:35,914 - INFO - ThreadPoolExecutor-0_6 - [PROD] Sending payload 225/1000 | Order Number: V4063005227
2026-06-30 20:57:35,941 - INFO - ThreadPoolExecutor-0_0 - [PROD] Payload 216/1000 sent successfully. Status Code: 200
2026-06-30 20:57:35,941 - INFO - ThreadPoolExecutor-0_0 - [PROD] Sending payload 226/1000 | Order Number: V4063005228
2026-06-30 20:57:36,183 - INFO - ThreadPoolExecutor-0_9 - [PROD] Payload 217/1000 sent successfully. Status Code: 200
2026-06-30 20:57:36,187 - INFO - ThreadPoolExecutor-0_9 - [PROD] Sending payload 227/1000 | Order Number: V4063005229
2026-06-30 20:57:36,668 - INFO - ThreadPoolExecutor-0_3 - [PROD] Payload 218/1000 sent successfully. Status Code: 200
2026-06-30 20:57:36,670 - INFO - ThreadPoolExecutor-0_3 - [PROD] Sending payload 228/1000 | Order Number: V4063005230
2026-06-30 20:57:36,768 - INFO - ThreadPoolExecutor-0_8 - [PROD] Payload 219/1000 sent successfully. Status Code: 200
2026-06-30 20:57:36,770 - INFO - ThreadPoolExecutor-0_8 - [PROD] Sending payload 229/1000 | Order Number: V4063005231
2026-06-30 20:57:37,002 - INFO - ThreadPoolExecutor-0_1 - [PROD] Payload 221/1000 sent successfully. Status Code: 200
2026-06-30 20:57:37,005 - INFO - ThreadPoolExecutor-0_1 - [PROD] Sending payload 230/1000 | Order Number: V4063005232
2026-06-30 20:57:37,148 - INFO - ThreadPoolExecutor-0_4 - [PROD] Payload 220/1000 sent successfully. Status Code: 200
2026-06-30 20:57:37,151 - INFO - ThreadPoolExecutor-0_4 - [PROD] Sending payload 231/1000 | Order Number: V4063005233
2026-06-30 20:57:37,156 - INFO - ThreadPoolExecutor-0_7 - [PROD] Payload 222/1000 sent successfully. Status Code: 200
2026-06-30 20:57:37,158 - INFO - ThreadPoolExecutor-0_7 - [PROD] Sending payload 232/1000 | Order Number: V4063005234
2026-06-30 20:57:37,399 - INFO - ThreadPoolExecutor-0_5 - [PROD] Payload 223/1000 sent successfully. Status Code: 200
2026-06-30 20:57:37,407 - INFO - ThreadPoolExecutor-0_5 - [PROD] Sending payload 233/1000 | Order Number: V4063005235
2026-06-30 20:57:37,646 - INFO - ThreadPoolExecutor-0_2 - [PROD] Payload 224/1000 sent successfully. Status Code: 200
2026-06-30 20:57:37,648 - INFO - ThreadPoolExecutor-0_2 - [PROD] Sending payload 234/1000 | Order Number: V4063005236
2026-06-30 20:57:37,736 - INFO - ThreadPoolExecutor-0_6 - [PROD] Payload 225/1000 sent successfully. Status Code: 200
2026-06-30 20:57:37,738 - INFO - ThreadPoolExecutor-0_6 - [PROD] Sending payload 235/1000 | Order Number: V4063005237
2026-06-30 20:57:37,825 - INFO - ThreadPoolExecutor-0_0 - [PROD] Payload 226/1000 sent successfully. Status Code: 200
2026-06-30 20:57:37,828 - INFO - ThreadPoolExecutor-0_0 - [PROD] Sending payload 236/1000 | Order Number: V4063005238
2026-06-30 20:57:38,025 - INFO - ThreadPoolExecutor-0_9 - [PROD] Payload 227/1000 sent successfully. Status Code: 200
2026-06-30 20:57:38,027 - INFO - ThreadPoolExecutor-0_9 - [PROD] Sending payload 237/1000 | Order Number: V4063005239
2026-06-30 20:57:38,542 - INFO - ThreadPoolExecutor-0_3 - [PROD] Payload 228/1000 sent successfully. Status Code: 200
2026-06-30 20:57:38,544 - INFO - ThreadPoolExecutor-0_3 - [PROD] Sending payload 238/1000 | Order Number: V4063005240
2026-06-30 20:57:38,651 - INFO - ThreadPoolExecutor-0_8 - [PROD] Payload 229/1000 sent successfully. Status Code: 200
2026-06-30 20:57:38,653 - INFO - ThreadPoolExecutor-0_8 - [PROD] Sending payload 239/1000 | Order Number: V4063005241
2026-06-30 20:57:38,957 - INFO - ThreadPoolExecutor-0_1 - [PROD] Payload 230/1000 sent successfully. Status Code: 200
2026-06-30 20:57:38,958 - INFO - ThreadPoolExecutor-0_1 - [PROD] Sending payload 240/1000 | Order Number: V4063005242
2026-06-30 20:57:39,034 - INFO - ThreadPoolExecutor-0_7 - [PROD] Payload 232/1000 sent successfully. Status Code: 200
2026-06-30 20:57:39,036 - INFO - ThreadPoolExecutor-0_7 - [PROD] Sending payload 241/1000 | Order Number: V4063005243
2026-06-30 20:57:39,075 - INFO - ThreadPoolExecutor-0_4 - [PROD] Payload 231/1000 sent successfully. Status Code: 200
2026-06-30 20:57:39,076 - INFO - ThreadPoolExecutor-0_4 - [PROD] Sending payload 242/1000 | Order Number: V4063005244
2026-06-30 20:57:39,288 - INFO - ThreadPoolExecutor-0_5 - [PROD] Payload 233/1000 sent successfully. Status Code: 200
2026-06-30 20:57:39,290 - INFO - ThreadPoolExecutor-0_5 - [PROD] Sending payload 243/1000 | Order Number: V4063005245
2026-06-30 20:57:39,452 - INFO - ThreadPoolExecutor-0_2 - [PROD] Payload 234/1000 sent successfully. Status Code: 200
2026-06-30 20:57:39,454 - INFO - ThreadPoolExecutor-0_2 - [PROD] Sending payload 244/1000 | Order Number: V4063005246
2026-06-30 20:57:39,586 - INFO - ThreadPoolExecutor-0_6 - [PROD] Payload 235/1000 sent successfully. Status Code: 200
2026-06-30 20:57:39,588 - INFO - ThreadPoolExecutor-0_6 - [PROD] Sending payload 245/1000 | Order Number: V4063005247
2026-06-30 20:57:39,674 - INFO - ThreadPoolExecutor-0_0 - [PROD] Payload 236/1000 sent successfully. Status Code: 200
2026-06-30 20:57:39,676 - INFO - ThreadPoolExecutor-0_0 - [PROD] Sending payload 246/1000 | Order Number: V4063005248
2026-06-30 20:57:39,900 - INFO - ThreadPoolExecutor-0_9 - [PROD] Payload 237/1000 sent successfully. Status Code: 200
2026-06-30 20:57:39,902 - INFO - ThreadPoolExecutor-0_9 - [PROD] Sending payload 247/1000 | Order Number: V4063005249
2026-06-30 20:57:40,379 - INFO - ThreadPoolExecutor-0_3 - [PROD] Payload 238/1000 sent successfully. Status Code: 200
2026-06-30 20:57:40,381 - INFO - ThreadPoolExecutor-0_3 - [PROD] Sending payload 248/1000 | Order Number: V4063005250
2026-06-30 20:57:40,590 - INFO - ThreadPoolExecutor-0_8 - [PROD] Payload 239/1000 sent successfully. Status Code: 200
2026-06-30 20:57:40,592 - INFO - ThreadPoolExecutor-0_8 - [PROD] Sending payload 249/1000 | Order Number: V4063005251
2026-06-30 20:57:40,841 - INFO - ThreadPoolExecutor-0_1 - [PROD] Payload 240/1000 sent successfully. Status Code: 200
2026-06-30 20:57:40,843 - INFO - ThreadPoolExecutor-0_1 - [PROD] Sending payload 250/1000 | Order Number: V4063005252
2026-06-30 20:57:40,989 - INFO - ThreadPoolExecutor-0_4 - [PROD] Payload 242/1000 sent successfully. Status Code: 200
2026-06-30 20:57:40,992 - INFO - ThreadPoolExecutor-0_4 - [PROD] Sending payload 251/1000 | Order Number: V4063005253
2026-06-30 20:57:41,024 - INFO - ThreadPoolExecutor-0_7 - [PROD] Payload 241/1000 sent successfully. Status Code: 200
2026-06-30 20:57:41,025 - INFO - ThreadPoolExecutor-0_7 - [PROD] Sending payload 252/1000 | Order Number: V4063005254
2026-06-30 20:57:41,186 - INFO - ThreadPoolExecutor-0_5 - [PROD] Payload 243/1000 sent successfully. Status Code: 200
2026-06-30 20:57:41,189 - INFO - ThreadPoolExecutor-0_5 - [PROD] Sending payload 253/1000 | Order Number: V4063005255
2026-06-30 20:57:41,421 - INFO - ThreadPoolExecutor-0_6 - [PROD] Payload 245/1000 sent successfully. Status Code: 200
2026-06-30 20:57:41,424 - INFO - ThreadPoolExecutor-0_6 - [PROD] Sending payload 254/1000 | Order Number: V4063005256
2026-06-30 20:57:41,437 - INFO - ThreadPoolExecutor-0_2 - [PROD] Payload 244/1000 sent successfully. Status Code: 200
2026-06-30 20:57:41,439 - INFO - ThreadPoolExecutor-0_2 - [PROD] Sending payload 255/1000 | Order Number: V4063005257
2026-06-30 20:57:41,504 - INFO - ThreadPoolExecutor-0_0 - [PROD] Payload 246/1000 sent successfully. Status Code: 200
2026-06-30 20:57:41,506 - INFO - ThreadPoolExecutor-0_0 - [PROD] Sending payload 256/1000 | Order Number: V4063005258
2026-06-30 20:57:41,789 - INFO - ThreadPoolExecutor-0_9 - [PROD] Payload 247/1000 sent successfully. Status Code: 200
2026-06-30 20:57:41,791 - INFO - ThreadPoolExecutor-0_9 - [PROD] Sending payload 257/1000 | Order Number: V4063005259
2026-06-30 20:57:42,241 - INFO - ThreadPoolExecutor-0_3 - [PROD] Payload 248/1000 sent successfully. Status Code: 200
2026-06-30 20:57:42,242 - INFO - ThreadPoolExecutor-0_3 - [PROD] Sending payload 258/1000 | Order Number: V4063005260
2026-06-30 20:57:42,509 - INFO - ThreadPoolExecutor-0_8 - [PROD] Payload 249/1000 sent successfully. Status Code: 200
2026-06-30 20:57:42,511 - INFO - ThreadPoolExecutor-0_8 - [PROD] Sending payload 259/1000 | Order Number: V4063005261
2026-06-30 20:57:42,734 - INFO - ThreadPoolExecutor-0_1 - [PROD] Payload 250/1000 sent successfully. Status Code: 200
2026-06-30 20:57:42,736 - INFO - ThreadPoolExecutor-0_1 - [PROD] Sending payload 260/1000 | Order Number: V4063005262
2026-06-30 20:57:42,878 - INFO - ThreadPoolExecutor-0_4 - [PROD] Payload 251/1000 sent successfully. Status Code: 200
2026-06-30 20:57:42,880 - INFO - ThreadPoolExecutor-0_4 - [PROD] Sending payload 261/1000 | Order Number: V4063005263
2026-06-30 20:57:42,887 - INFO - ThreadPoolExecutor-0_7 - [PROD] Payload 252/1000 sent successfully. Status Code: 200
2026-06-30 20:57:42,889 - INFO - ThreadPoolExecutor-0_7 - [PROD] Sending payload 262/1000 | Order Number: V4063005264
2026-06-30 20:57:43,006 - INFO - ThreadPoolExecutor-0_5 - [PROD] Payload 253/1000 sent successfully. Status Code: 200
2026-06-30 20:57:43,009 - INFO - ThreadPoolExecutor-0_5 - [PROD] Sending payload 263/1000 | Order Number: V4063005265
2026-06-30 20:57:43,268 - INFO - ThreadPoolExecutor-0_6 - [PROD] Payload 254/1000 sent successfully. Status Code: 200
2026-06-30 20:57:43,268 - INFO - ThreadPoolExecutor-0_6 - [PROD] Sending payload 264/1000 | Order Number: V4063005266
2026-06-30 20:57:43,290 - INFO - ThreadPoolExecutor-0_2 - [PROD] Payload 255/1000 sent successfully. Status Code: 200
2026-06-30 20:57:43,291 - INFO - ThreadPoolExecutor-0_2 - [PROD] Sending payload 265/1000 | Order Number: V4063005267
2026-06-30 20:57:43,468 - INFO - ThreadPoolExecutor-0_0 - [PROD] Payload 256/1000 sent successfully. Status Code: 200
2026-06-30 20:57:43,469 - INFO - ThreadPoolExecutor-0_0 - [PROD] Sending payload 266/1000 | Order Number: V4063005268
2026-06-30 20:57:43,637 - INFO - ThreadPoolExecutor-0_9 - [PROD] Payload 257/1000 sent successfully. Status Code: 200
2026-06-30 20:57:43,639 - INFO - ThreadPoolExecutor-0_9 - [PROD] Sending payload 267/1000 | Order Number: V4063005269
2026-06-30 20:57:44,082 - INFO - ThreadPoolExecutor-0_3 - [PROD] Payload 258/1000 sent successfully. Status Code: 200
2026-06-30 20:57:44,084 - INFO - ThreadPoolExecutor-0_3 - [PROD] Sending payload 268/1000 | Order Number: V4063005270
2026-06-30 20:57:44,346 - INFO - ThreadPoolExecutor-0_8 - [PROD] Payload 259/1000 sent successfully. Status Code: 200
2026-06-30 20:57:44,350 - INFO - ThreadPoolExecutor-0_8 - [PROD] Sending payload 269/1000 | Order Number: V4063005271
2026-06-30 20:57:44,688 - INFO - ThreadPoolExecutor-0_1 - [PROD] Payload 260/1000 sent successfully. Status Code: 200
2026-06-30 20:57:44,691 - INFO - ThreadPoolExecutor-0_1 - [PROD] Sending payload 270/1000 | Order Number: V4063005272
2026-06-30 20:57:44,713 - INFO - ThreadPoolExecutor-0_7 - [PROD] Payload 262/1000 sent successfully. Status Code: 200
2026-06-30 20:57:44,714 - INFO - ThreadPoolExecutor-0_7 - [PROD] Sending payload 271/1000 | Order Number: V4063005273
2026-06-30 20:57:44,867 - INFO - ThreadPoolExecutor-0_4 - [PROD] Payload 261/1000 sent successfully. Status Code: 200
2026-06-30 20:57:44,869 - INFO - ThreadPoolExecutor-0_4 - [PROD] Sending payload 272/1000 | Order Number: V4063005274
2026-06-30 20:57:44,936 - INFO - ThreadPoolExecutor-0_5 - [PROD] Payload 263/1000 sent successfully. Status Code: 200
2026-06-30 20:57:44,938 - INFO - ThreadPoolExecutor-0_5 - [PROD] Sending payload 273/1000 | Order Number: V4063005275
2026-06-30 20:57:45,057 - INFO - ThreadPoolExecutor-0_6 - [PROD] Payload 264/1000 sent successfully. Status Code: 200
2026-06-30 20:57:45,060 - INFO - ThreadPoolExecutor-0_6 - [PROD] Sending payload 274/1000 | Order Number: V4063005276
2026-06-30 20:57:45,181 - INFO - ThreadPoolExecutor-0_2 - [PROD] Payload 265/1000 sent successfully. Status Code: 200
2026-06-30 20:57:45,183 - INFO - ThreadPoolExecutor-0_2 - [PROD] Sending payload 275/1000 | Order Number: V4063005277
2026-06-30 20:57:45,319 - INFO - ThreadPoolExecutor-0_0 - [PROD] Payload 266/1000 sent successfully. Status Code: 200
2026-06-30 20:57:45,321 - INFO - ThreadPoolExecutor-0_0 - [PROD] Sending payload 276/1000 | Order Number: V4063005278
2026-06-30 20:57:45,499 - INFO - ThreadPoolExecutor-0_9 - [PROD] Payload 267/1000 sent successfully. Status Code: 200
2026-06-30 20:57:45,501 - INFO - ThreadPoolExecutor-0_9 - [PROD] Sending payload 277/1000 | Order Number: V4063005279
2026-06-30 20:57:45,920 - INFO - ThreadPoolExecutor-0_3 - [PROD] Payload 268/1000 sent successfully. Status Code: 200
2026-06-30 20:57:45,922 - INFO - ThreadPoolExecutor-0_3 - [PROD] Sending payload 278/1000 | Order Number: V4063005280
2026-06-30 20:57:46,215 - INFO - ThreadPoolExecutor-0_8 - [PROD] Payload 269/1000 sent successfully. Status Code: 200
2026-06-30 20:57:46,217 - INFO - ThreadPoolExecutor-0_8 - [PROD] Sending payload 279/1000 | Order Number: V4063005281
2026-06-30 20:57:46,512 - INFO - ThreadPoolExecutor-0_1 - [PROD] Payload 270/1000 sent successfully. Status Code: 200
2026-06-30 20:57:46,515 - INFO - ThreadPoolExecutor-0_1 - [PROD] Sending payload 280/1000 | Order Number: V4063005282
2026-06-30 20:57:46,630 - INFO - ThreadPoolExecutor-0_7 - [PROD] Payload 271/1000 sent successfully. Status Code: 200
2026-06-30 20:57:46,633 - INFO - ThreadPoolExecutor-0_7 - [PROD] Sending payload 281/1000 | Order Number: V4063005283
2026-06-30 20:57:46,703 - INFO - ThreadPoolExecutor-0_4 - [PROD] Payload 272/1000 sent successfully. Status Code: 200
2026-06-30 20:57:46,709 - INFO - ThreadPoolExecutor-0_4 - [PROD] Sending payload 282/1000 | Order Number: V4063005284
2026-06-30 20:57:46,842 - INFO - ThreadPoolExecutor-0_5 - [PROD] Payload 273/1000 sent successfully. Status Code: 200
2026-06-30 20:57:46,844 - INFO - ThreadPoolExecutor-0_5 - [PROD] Sending payload 283/1000 | Order Number: V4063005285
2026-06-30 20:57:46,906 - INFO - ThreadPoolExecutor-0_6 - [PROD] Payload 274/1000 sent successfully. Status Code: 200
2026-06-30 20:57:46,910 - INFO - ThreadPoolExecutor-0_6 - [PROD] Sending payload 284/1000 | Order Number: V4063005286
2026-06-30 20:57:47,154 - INFO - ThreadPoolExecutor-0_0 - [PROD] Payload 276/1000 sent successfully. Status Code: 200
2026-06-30 20:57:47,157 - INFO - ThreadPoolExecutor-0_0 - [PROD] Sending payload 285/1000 | Order Number: V4063005287
2026-06-30 20:57:47,354 - INFO - ThreadPoolExecutor-0_9 - [PROD] Payload 277/1000 sent successfully. Status Code: 200
2026-06-30 20:57:47,355 - INFO - ThreadPoolExecutor-0_9 - [PROD] Sending payload 286/1000 | Order Number: V4063005288
2026-06-30 20:57:47,688 - INFO - ThreadPoolExecutor-0_2 - [PROD] Payload 275/1000 sent successfully. Status Code: 200
2026-06-30 20:57:47,691 - INFO - ThreadPoolExecutor-0_2 - [PROD] Sending payload 287/1000 | Order Number: V4063005289
2026-06-30 20:57:47,768 - INFO - ThreadPoolExecutor-0_3 - [PROD] Payload 278/1000 sent successfully. Status Code: 200
2026-06-30 20:57:47,768 - INFO - ThreadPoolExecutor-0_3 - [PROD] Sending payload 288/1000 | Order Number: V4063005290
2026-06-30 20:57:48,147 - INFO - ThreadPoolExecutor-0_8 - [PROD] Payload 279/1000 sent successfully. Status Code: 200
2026-06-30 20:57:48,148 - INFO - ThreadPoolExecutor-0_8 - [PROD] Sending payload 289/1000 | Order Number: V4063005291
2026-06-30 20:57:48,349 - INFO - ThreadPoolExecutor-0_1 - [PROD] Payload 280/1000 sent successfully. Status Code: 200
2026-06-30 20:57:48,351 - INFO - ThreadPoolExecutor-0_1 - [PROD] Sending payload 290/1000 | Order Number: V4063005292
2026-06-30 20:57:48,554 - INFO - ThreadPoolExecutor-0_7 - [PROD] Payload 281/1000 sent successfully. Status Code: 200
2026-06-30 20:57:48,555 - INFO - ThreadPoolExecutor-0_7 - [PROD] Sending payload 291/1000 | Order Number: V4063005293
2026-06-30 20:57:48,613 - INFO - ThreadPoolExecutor-0_4 - [PROD] Payload 282/1000 sent successfully. Status Code: 200
2026-06-30 20:57:48,614 - INFO - ThreadPoolExecutor-0_4 - [PROD] Sending payload 292/1000 | Order Number: V4063005294
2026-06-30 20:57:48,697 - INFO - ThreadPoolExecutor-0_5 - [PROD] Payload 283/1000 sent successfully. Status Code: 200
2026-06-30 20:57:48,699 - INFO - ThreadPoolExecutor-0_5 - [PROD] Sending payload 293/1000 | Order Number: V4063005295
2026-06-30 20:57:48,736 - INFO - ThreadPoolExecutor-0_6 - [PROD] Payload 284/1000 sent successfully. Status Code: 200
2026-06-30 20:57:48,737 - INFO - ThreadPoolExecutor-0_6 - [PROD] Sending payload 294/1000 | Order Number: V4063005296
2026-06-30 20:57:49,047 - INFO - ThreadPoolExecutor-0_0 - [PROD] Payload 285/1000 sent successfully. Status Code: 200
2026-06-30 20:57:49,049 - INFO - ThreadPoolExecutor-0_0 - [PROD] Sending payload 295/1000 | Order Number: V4063005297
2026-06-30 20:57:49,238 - INFO - ThreadPoolExecutor-0_9 - [PROD] Payload 286/1000 sent successfully. Status Code: 200
2026-06-30 20:57:49,240 - INFO - ThreadPoolExecutor-0_9 - [PROD] Sending payload 296/1000 | Order Number: V4063005298
2026-06-30 20:57:49,491 - INFO - ThreadPoolExecutor-0_2 - [PROD] Payload 287/1000 sent successfully. Status Code: 200
2026-06-30 20:57:49,494 - INFO - ThreadPoolExecutor-0_2 - [PROD] Sending payload 297/1000 | Order Number: V4063005299
2026-06-30 20:57:49,665 - INFO - ThreadPoolExecutor-0_3 - [PROD] Payload 288/1000 sent successfully. Status Code: 200
2026-06-30 20:57:49,668 - INFO - ThreadPoolExecutor-0_3 - [PROD] Sending payload 298/1000 | Order Number: V4063005300
2026-06-30 20:57:50,051 - INFO - ThreadPoolExecutor-0_8 - [PROD] Payload 289/1000 sent successfully. Status Code: 200
2026-06-30 20:57:50,053 - INFO - ThreadPoolExecutor-0_8 - [PROD] Sending payload 299/1000 | Order Number: V4063005301
2026-06-30 20:57:50,228 - INFO - ThreadPoolExecutor-0_1 - [PROD] Payload 290/1000 sent successfully. Status Code: 200
2026-06-30 20:57:50,230 - INFO - ThreadPoolExecutor-0_1 - [PROD] Sending payload 300/1000 | Order Number: V4063005302
2026-06-30 20:57:50,391 - INFO - ThreadPoolExecutor-0_7 - [PROD] Payload 291/1000 sent successfully. Status Code: 200
2026-06-30 20:57:50,393 - INFO - ThreadPoolExecutor-0_7 - [PROD] Sending payload 301/1000 | Order Number: V4063005303
2026-06-30 20:57:50,428 - INFO - ThreadPoolExecutor-0_4 - [PROD] Payload 292/1000 sent successfully. Status Code: 200
2026-06-30 20:57:50,429 - INFO - ThreadPoolExecutor-0_4 - [PROD] Sending payload 302/1000 | Order Number: V4063005304
2026-06-30 20:57:50,584 - INFO - ThreadPoolExecutor-0_5 - [PROD] Payload 293/1000 sent successfully. Status Code: 200
2026-06-30 20:57:50,586 - INFO - ThreadPoolExecutor-0_5 - [PROD] Sending payload 303/1000 | Order Number: V4063005305
2026-06-30 20:57:50,614 - INFO - ThreadPoolExecutor-0_6 - [PROD] Payload 294/1000 sent successfully. Status Code: 200
2026-06-30 20:57:50,615 - INFO - ThreadPoolExecutor-0_6 - [PROD] Sending payload 304/1000 | Order Number: V4063005306
2026-06-30 20:57:50,919 - INFO - ThreadPoolExecutor-0_0 - [PROD] Payload 295/1000 sent successfully. Status Code: 200
2026-06-30 20:57:50,921 - INFO - ThreadPoolExecutor-0_0 - [PROD] Sending payload 305/1000 | Order Number: V4063005307
2026-06-30 20:57:51,109 - INFO - ThreadPoolExecutor-0_9 - [PROD] Payload 296/1000 sent successfully. Status Code: 200
2026-06-30 20:57:51,111 - INFO - ThreadPoolExecutor-0_9 - [PROD] Sending payload 306/1000 | Order Number: V4063005308
2026-06-30 20:57:51,626 - INFO - ThreadPoolExecutor-0_2 - [PROD] Payload 297/1000 sent successfully. Status Code: 200
2026-06-30 20:57:51,628 - INFO - ThreadPoolExecutor-0_2 - [PROD] Sending payload 307/1000 | Order Number: V4063005309
2026-06-30 20:57:51,664 - INFO - ThreadPoolExecutor-0_3 - [PROD] Payload 298/1000 sent successfully. Status Code: 200
2026-06-30 20:57:51,664 - INFO - ThreadPoolExecutor-0_3 - [PROD] Sending payload 308/1000 | Order Number: V4063005310
2026-06-30 20:57:51,919 - INFO - ThreadPoolExecutor-0_8 - [PROD] Payload 299/1000 sent successfully. Status Code: 200
2026-06-30 20:57:51,921 - INFO - ThreadPoolExecutor-0_8 - [PROD] Sending payload 309/1000 | Order Number: V4063005311
2026-06-30 20:57:52,129 - INFO - ThreadPoolExecutor-0_1 - [PROD] Payload 300/1000 sent successfully. Status Code: 200
2026-06-30 20:57:52,132 - INFO - ThreadPoolExecutor-0_1 - [PROD] Sending payload 310/1000 | Order Number: V4063005312
2026-06-30 20:57:52,228 - INFO - ThreadPoolExecutor-0_7 - [PROD] Payload 301/1000 sent successfully. Status Code: 200
2026-06-30 20:57:52,232 - INFO - ThreadPoolExecutor-0_7 - [PROD] Sending payload 311/1000 | Order Number: V4063005313
2026-06-30 20:57:52,311 - INFO - ThreadPoolExecutor-0_4 - [PROD] Payload 302/1000 sent successfully. Status Code: 200
2026-06-30 20:57:52,314 - INFO - ThreadPoolExecutor-0_4 - [PROD] Sending payload 312/1000 | Order Number: V4063005314
2026-06-30 20:57:52,419 - INFO - ThreadPoolExecutor-0_5 - [PROD] Payload 303/1000 sent successfully. Status Code: 200
2026-06-30 20:57:52,424 - INFO - ThreadPoolExecutor-0_5 - [PROD] Sending payload 313/1000 | Order Number: V4063005315
2026-06-30 20:57:52,500 - INFO - ThreadPoolExecutor-0_6 - [PROD] Payload 304/1000 sent successfully. Status Code: 200
2026-06-30 20:57:52,501 - INFO - ThreadPoolExecutor-0_6 - [PROD] Sending payload 314/1000 | Order Number: V4063005316
2026-06-30 20:57:52,837 - INFO - ThreadPoolExecutor-0_0 - [PROD] Payload 305/1000 sent successfully. Status Code: 200
2026-06-30 20:57:52,840 - INFO - ThreadPoolExecutor-0_0 - [PROD] Sending payload 315/1000 | Order Number: V4063005317
2026-06-30 20:57:53,032 - INFO - ThreadPoolExecutor-0_9 - [PROD] Payload 306/1000 sent successfully. Status Code: 200
2026-06-30 20:57:53,036 - INFO - ThreadPoolExecutor-0_9 - [PROD] Sending payload 316/1000 | Order Number: V4063005318
2026-06-30 20:57:53,492 - INFO - ThreadPoolExecutor-0_2 - [PROD] Payload 307/1000 sent successfully. Status Code: 200
2026-06-30 20:57:53,494 - INFO - ThreadPoolExecutor-0_2 - [PROD] Sending payload 317/1000 | Order Number: V4063005319
2026-06-30 20:57:53,510 - INFO - ThreadPoolExecutor-0_3 - [PROD] Payload 308/1000 sent successfully. Status Code: 200
2026-06-30 20:57:53,512 - INFO - ThreadPoolExecutor-0_3 - [PROD] Sending payload 318/1000 | Order Number: V4063005320
2026-06-30 20:57:53,763 - INFO - ThreadPoolExecutor-0_8 - [PROD] Payload 309/1000 sent successfully. Status Code: 200
2026-06-30 20:57:53,766 - INFO - ThreadPoolExecutor-0_8 - [PROD] Sending payload 319/1000 | Order Number: V4063005321
2026-06-30 20:57:53,970 - INFO - ThreadPoolExecutor-0_1 - [PROD] Payload 310/1000 sent successfully. Status Code: 200
2026-06-30 20:57:53,971 - INFO - ThreadPoolExecutor-0_1 - [PROD] Sending payload 320/1000 | Order Number: V4063005322
2026-06-30 20:57:54,068 - INFO - ThreadPoolExecutor-0_7 - [PROD] Payload 311/1000 sent successfully. Status Code: 200
2026-06-30 20:57:54,069 - INFO - ThreadPoolExecutor-0_7 - [PROD] Sending payload 321/1000 | Order Number: V4063005323
2026-06-30 20:57:54,166 - INFO - ThreadPoolExecutor-0_4 - [PROD] Payload 312/1000 sent successfully. Status Code: 200
2026-06-30 20:57:54,167 - INFO - ThreadPoolExecutor-0_4 - [PROD] Sending payload 322/1000 | Order Number: V4063005324
2026-06-30 20:57:54,251 - INFO - ThreadPoolExecutor-0_5 - [PROD] Payload 313/1000 sent successfully. Status Code: 200
2026-06-30 20:57:54,257 - INFO - ThreadPoolExecutor-0_5 - [PROD] Sending payload 323/1000 | Order Number: V4063005325
2026-06-30 20:57:54,360 - INFO - ThreadPoolExecutor-0_6 - [PROD] Payload 314/1000 sent successfully. Status Code: 200
2026-06-30 20:57:54,361 - INFO - ThreadPoolExecutor-0_6 - [PROD] Sending payload 324/1000 | Order Number: V4063005326
2026-06-30 20:57:54,771 - INFO - ThreadPoolExecutor-0_0 - [PROD] Payload 315/1000 sent successfully. Status Code: 200
2026-06-30 20:57:54,777 - INFO - ThreadPoolExecutor-0_0 - [PROD] Sending payload 325/1000 | Order Number: V4063005327
2026-06-30 20:57:54,949 - INFO - ThreadPoolExecutor-0_9 - [PROD] Payload 316/1000 sent successfully. Status Code: 200
2026-06-30 20:57:54,957 - INFO - ThreadPoolExecutor-0_9 - [PROD] Sending payload 326/1000 | Order Number: V4063005328
2026-06-30 20:57:55,350 - INFO - ThreadPoolExecutor-0_2 - [PROD] Payload 317/1000 sent successfully. Status Code: 200
2026-06-30 20:57:55,358 - INFO - ThreadPoolExecutor-0_2 - [PROD] Sending payload 327/1000 | Order Number: V4063005329
2026-06-30 20:57:55,407 - INFO - ThreadPoolExecutor-0_3 - [PROD] Payload 318/1000 sent successfully. Status Code: 200
2026-06-30 20:57:55,408 - INFO - ThreadPoolExecutor-0_3 - [PROD] Sending payload 328/1000 | Order Number: V4063005330
2026-06-30 20:57:55,617 - INFO - ThreadPoolExecutor-0_8 - [PROD] Payload 319/1000 sent successfully. Status Code: 200
2026-06-30 20:57:55,618 - INFO - ThreadPoolExecutor-0_8 - [PROD] Sending payload 329/1000 | Order Number: V4063005331
2026-06-30 20:57:55,859 - INFO - ThreadPoolExecutor-0_1 - [PROD] Payload 320/1000 sent successfully. Status Code: 200
2026-06-30 20:57:55,861 - INFO - ThreadPoolExecutor-0_1 - [PROD] Sending payload 330/1000 | Order Number: V4063005332
2026-06-30 20:57:55,922 - INFO - ThreadPoolExecutor-0_7 - [PROD] Payload 321/1000 sent successfully. Status Code: 200
2026-06-30 20:57:55,924 - INFO - ThreadPoolExecutor-0_7 - [PROD] Sending payload 331/1000 | Order Number: V4063005333
2026-06-30 20:57:56,014 - INFO - ThreadPoolExecutor-0_4 - [PROD] Payload 322/1000 sent successfully. Status Code: 200
2026-06-30 20:57:56,014 - INFO - ThreadPoolExecutor-0_4 - [PROD] Sending payload 332/1000 | Order Number: V4063005334
2026-06-30 20:57:56,241 - INFO - ThreadPoolExecutor-0_5 - [PROD] Payload 323/1000 sent successfully. Status Code: 200
2026-06-30 20:57:56,242 - INFO - ThreadPoolExecutor-0_5 - [PROD] Sending payload 333/1000 | Order Number: V4063005335
2026-06-30 20:57:56,294 - INFO - ThreadPoolExecutor-0_6 - [PROD] Payload 324/1000 sent successfully. Status Code: 200
2026-06-30 20:57:56,295 - INFO - ThreadPoolExecutor-0_6 - [PROD] Sending payload 334/1000 | Order Number: V4063005336
2026-06-30 20:57:56,646 - INFO - ThreadPoolExecutor-0_0 - [PROD] Payload 325/1000 sent successfully. Status Code: 200
2026-06-30 20:57:56,646 - INFO - ThreadPoolExecutor-0_0 - [PROD] Sending payload 335/1000 | Order Number: V4063005337
2026-06-30 20:57:56,812 - INFO - ThreadPoolExecutor-0_9 - [PROD] Payload 326/1000 sent successfully. Status Code: 200
2026-06-30 20:57:56,812 - INFO - ThreadPoolExecutor-0_9 - [PROD] Sending payload 336/1000 | Order Number: V4063005338
2026-06-30 20:57:57,261 - INFO - ThreadPoolExecutor-0_2 - [PROD] Payload 327/1000 sent successfully. Status Code: 200
2026-06-30 20:57:57,262 - INFO - ThreadPoolExecutor-0_2 - [PROD] Sending payload 337/1000 | Order Number: V4063005339
2026-06-30 20:57:57,440 - INFO - ThreadPoolExecutor-0_8 - [PROD] Payload 329/1000 sent successfully. Status Code: 200
2026-06-30 20:57:57,441 - INFO - ThreadPoolExecutor-0_8 - [PROD] Sending payload 338/1000 | Order Number: V4063005340
2026-06-30 20:57:57,468 - INFO - ThreadPoolExecutor-0_3 - [PROD] Payload 328/1000 sent successfully. Status Code: 200
2026-06-30 20:57:57,469 - INFO - ThreadPoolExecutor-0_3 - [PROD] Sending payload 339/1000 | Order Number: V4063005341
2026-06-30 20:57:57,771 - INFO - ThreadPoolExecutor-0_7 - [PROD] Payload 331/1000 sent successfully. Status Code: 200
2026-06-30 20:57:57,773 - INFO - ThreadPoolExecutor-0_7 - [PROD] Sending payload 340/1000 | Order Number: V4063005342
2026-06-30 20:57:57,841 - INFO - ThreadPoolExecutor-0_1 - [PROD] Payload 330/1000 sent successfully. Status Code: 200
2026-06-30 20:57:57,842 - INFO - ThreadPoolExecutor-0_1 - [PROD] Sending payload 341/1000 | Order Number: V4063005343
2026-06-30 20:57:57,958 - INFO - ThreadPoolExecutor-0_4 - [PROD] Payload 332/1000 sent successfully. Status Code: 200
2026-06-30 20:57:57,959 - INFO - ThreadPoolExecutor-0_4 - [PROD] Sending payload 342/1000 | Order Number: V4063005344
2026-06-30 20:57:58,115 - INFO - ThreadPoolExecutor-0_6 - [PROD] Payload 334/1000 sent successfully. Status Code: 200
2026-06-30 20:57:58,115 - INFO - ThreadPoolExecutor-0_6 - [PROD] Sending payload 343/1000 | Order Number: V4063005345
2026-06-30 20:57:58,127 - INFO - ThreadPoolExecutor-0_5 - [PROD] Payload 333/1000 sent successfully. Status Code: 200
2026-06-30 20:57:58,128 - INFO - ThreadPoolExecutor-0_5 - [PROD] Sending payload 344/1000 | Order Number: V4063005346
2026-06-30 20:57:58,484 - INFO - ThreadPoolExecutor-0_0 - [PROD] Payload 335/1000 sent successfully. Status Code: 200
2026-06-30 20:57:58,484 - INFO - ThreadPoolExecutor-0_0 - [PROD] Sending payload 345/1000 | Order Number: V4063005347
2026-06-30 20:57:58,861 - INFO - ThreadPoolExecutor-0_9 - [PROD] Payload 336/1000 sent successfully. Status Code: 200
2026-06-30 20:57:58,862 - INFO - ThreadPoolExecutor-0_9 - [PROD] Sending payload 346/1000 | Order Number: V4063005348
2026-06-30 20:57:59,127 - INFO - ThreadPoolExecutor-0_2 - [PROD] Payload 337/1000 sent successfully. Status Code: 200
2026-06-30 20:57:59,127 - INFO - ThreadPoolExecutor-0_2 - [PROD] Sending payload 347/1000 | Order Number: V4063005349
2026-06-30 20:57:59,277 - INFO - ThreadPoolExecutor-0_3 - [PROD] Payload 339/1000 sent successfully. Status Code: 200
2026-06-30 20:57:59,278 - INFO - ThreadPoolExecutor-0_3 - [PROD] Sending payload 348/1000 | Order Number: V4063005350
2026-06-30 20:57:59,340 - INFO - ThreadPoolExecutor-0_8 - [PROD] Payload 338/1000 sent successfully. Status Code: 200
2026-06-30 20:57:59,340 - INFO - ThreadPoolExecutor-0_8 - [PROD] Sending payload 349/1000 | Order Number: V4063005351
2026-06-30 20:57:59,633 - INFO - ThreadPoolExecutor-0_1 - [PROD] Payload 341/1000 sent successfully. Status Code: 200
2026-06-30 20:57:59,635 - INFO - ThreadPoolExecutor-0_1 - [PROD] Sending payload 350/1000 | Order Number: V4063005352
2026-06-30 20:57:59,639 - INFO - ThreadPoolExecutor-0_7 - [PROD] Payload 340/1000 sent successfully. Status Code: 200
2026-06-30 20:57:59,640 - INFO - ThreadPoolExecutor-0_7 - [PROD] Sending payload 351/1000 | Order Number: V4063005353
2026-06-30 20:57:59,786 - INFO - ThreadPoolExecutor-0_4 - [PROD] Payload 342/1000 sent successfully. Status Code: 200
2026-06-30 20:57:59,787 - INFO - ThreadPoolExecutor-0_4 - [PROD] Sending payload 352/1000 | Order Number: V4063005354
2026-06-30 20:57:59,935 - INFO - ThreadPoolExecutor-0_5 - [PROD] Payload 344/1000 sent successfully. Status Code: 200
2026-06-30 20:57:59,937 - INFO - ThreadPoolExecutor-0_5 - [PROD] Sending payload 353/1000 | Order Number: V4063005355
2026-06-30 20:57:59,959 - INFO - ThreadPoolExecutor-0_6 - [PROD] Payload 343/1000 sent successfully. Status Code: 200
2026-06-30 20:57:59,960 - INFO - ThreadPoolExecutor-0_6 - [PROD] Sending payload 354/1000 | Order Number: V4063005356
2026-06-30 20:58:00,302 - INFO - ThreadPoolExecutor-0_0 - [PROD] Payload 345/1000 sent successfully. Status Code: 200
2026-06-30 20:58:00,302 - INFO - ThreadPoolExecutor-0_0 - [PROD] Sending payload 355/1000 | Order Number: V4063005357
2026-06-30 20:58:00,844 - INFO - ThreadPoolExecutor-0_9 - [PROD] Payload 346/1000 sent successfully. Status Code: 200
2026-06-30 20:58:00,844 - INFO - ThreadPoolExecutor-0_9 - [PROD] Sending payload 356/1000 | Order Number: V4063005358
2026-06-30 20:58:00,956 - INFO - ThreadPoolExecutor-0_2 - [PROD] Payload 347/1000 sent successfully. Status Code: 200
2026-06-30 20:58:00,958 - INFO - ThreadPoolExecutor-0_2 - [PROD] Sending payload 357/1000 | Order Number: V4063005359
2026-06-30 20:58:01,118 - INFO - ThreadPoolExecutor-0_8 - [PROD] Payload 349/1000 sent successfully. Status Code: 200
2026-06-30 20:58:01,119 - INFO - ThreadPoolExecutor-0_8 - [PROD] Sending payload 358/1000 | Order Number: V4063005360
2026-06-30 20:58:01,260 - INFO - ThreadPoolExecutor-0_3 - [PROD] Payload 348/1000 sent successfully. Status Code: 200
2026-06-30 20:58:01,263 - INFO - ThreadPoolExecutor-0_3 - [PROD] Sending payload 359/1000 | Order Number: V4063005361
2026-06-30 20:58:01,534 - INFO - ThreadPoolExecutor-0_7 - [PROD] Payload 351/1000 sent successfully. Status Code: 200
2026-06-30 20:58:01,535 - INFO - ThreadPoolExecutor-0_7 - [PROD] Sending payload 360/1000 | Order Number: V4063005362
2026-06-30 20:58:01,738 - INFO - ThreadPoolExecutor-0_4 - [PROD] Payload 352/1000 sent successfully. Status Code: 200
2026-06-30 20:58:01,740 - INFO - ThreadPoolExecutor-0_4 - [PROD] Sending payload 361/1000 | Order Number: V4063005363
2026-06-30 20:58:01,750 - INFO - ThreadPoolExecutor-0_1 - [PROD] Payload 350/1000 sent successfully. Status Code: 200
2026-06-30 20:58:01,751 - INFO - ThreadPoolExecutor-0_1 - [PROD] Sending payload 362/1000 | Order Number: V4063005364
2026-06-30 20:58:01,914 - INFO - ThreadPoolExecutor-0_6 - [PROD] Payload 354/1000 sent successfully. Status Code: 200
2026-06-30 20:58:01,916 - INFO - ThreadPoolExecutor-0_6 - [PROD] Sending payload 363/1000 | Order Number: V4063005365
2026-06-30 20:58:01,918 - INFO - ThreadPoolExecutor-0_5 - [PROD] Payload 353/1000 sent successfully. Status Code: 200
2026-06-30 20:58:01,919 - INFO - ThreadPoolExecutor-0_5 - [PROD] Sending payload 364/1000 | Order Number: V4063005366
2026-06-30 20:58:02,130 - INFO - ThreadPoolExecutor-0_0 - [PROD] Payload 355/1000 sent successfully. Status Code: 200
2026-06-30 20:58:02,132 - INFO - ThreadPoolExecutor-0_0 - [PROD] Sending payload 365/1000 | Order Number: V4063005367
2026-06-30 20:58:02,863 - INFO - ThreadPoolExecutor-0_9 - [PROD] Payload 356/1000 sent successfully. Status Code: 200
2026-06-30 20:58:02,865 - INFO - ThreadPoolExecutor-0_9 - [PROD] Sending payload 366/1000 | Order Number: V4063005368
2026-06-30 20:58:02,974 - INFO - ThreadPoolExecutor-0_8 - [PROD] Payload 358/1000 sent successfully. Status Code: 200
2026-06-30 20:58:02,976 - INFO - ThreadPoolExecutor-0_8 - [PROD] Sending payload 367/1000 | Order Number: V4063005369
2026-06-30 20:58:03,002 - INFO - ThreadPoolExecutor-0_2 - [PROD] Payload 357/1000 sent successfully. Status Code: 200
2026-06-30 20:58:03,003 - INFO - ThreadPoolExecutor-0_2 - [PROD] Sending payload 368/1000 | Order Number: V4063005370
2026-06-30 20:58:03,239 - INFO - ThreadPoolExecutor-0_3 - [PROD] Payload 359/1000 sent successfully. Status Code: 200
2026-06-30 20:58:03,240 - INFO - ThreadPoolExecutor-0_3 - [PROD] Sending payload 369/1000 | Order Number: V4063005371
2026-06-30 20:58:03,396 - INFO - ThreadPoolExecutor-0_7 - [PROD] Payload 360/1000 sent successfully. Status Code: 200
2026-06-30 20:58:03,397 - INFO - ThreadPoolExecutor-0_7 - [PROD] Sending payload 370/1000 | Order Number: V4063005372
2026-06-30 20:58:03,553 - INFO - ThreadPoolExecutor-0_4 - [PROD] Payload 361/1000 sent successfully. Status Code: 200
2026-06-30 20:58:03,555 - INFO - ThreadPoolExecutor-0_4 - [PROD] Sending payload 371/1000 | Order Number: V4063005373
2026-06-30 20:58:03,768 - INFO - ThreadPoolExecutor-0_1 - [PROD] Payload 362/1000 sent successfully. Status Code: 200
2026-06-30 20:58:03,770 - INFO - ThreadPoolExecutor-0_1 - [PROD] Sending payload 372/1000 | Order Number: V4063005374
2026-06-30 20:58:03,876 - INFO - ThreadPoolExecutor-0_6 - [PROD] Payload 363/1000 sent successfully. Status Code: 200
2026-06-30 20:58:03,877 - INFO - ThreadPoolExecutor-0_6 - [PROD] Sending payload 373/1000 | Order Number: V4063005375
2026-06-30 20:58:03,991 - INFO - ThreadPoolExecutor-0_0 - [PROD] Payload 365/1000 sent successfully. Status Code: 200
2026-06-30 20:58:03,993 - INFO - ThreadPoolExecutor-0_0 - [PROD] Sending payload 374/1000 | Order Number: V4063005376
2026-06-30 20:58:04,034 - INFO - ThreadPoolExecutor-0_5 - [PROD] Payload 364/1000 sent successfully. Status Code: 200
2026-06-30 20:58:04,034 - INFO - ThreadPoolExecutor-0_5 - [PROD] Sending payload 375/1000 | Order Number: V4063005377
2026-06-30 20:58:04,718 - INFO - ThreadPoolExecutor-0_9 - [PROD] Payload 366/1000 sent successfully. Status Code: 200
2026-06-30 20:58:04,720 - INFO - ThreadPoolExecutor-0_9 - [PROD] Sending payload 376/1000 | Order Number: V4063005378
2026-06-30 20:58:04,795 - INFO - ThreadPoolExecutor-0_2 - [PROD] Payload 368/1000 sent successfully. Status Code: 200
2026-06-30 20:58:04,796 - INFO - ThreadPoolExecutor-0_2 - [PROD] Sending payload 377/1000 | Order Number: V4063005379
2026-06-30 20:58:04,979 - INFO - ThreadPoolExecutor-0_8 - [PROD] Payload 367/1000 sent successfully. Status Code: 200
2026-06-30 20:58:04,981 - INFO - ThreadPoolExecutor-0_8 - [PROD] Sending payload 378/1000 | Order Number: V4063005380
2026-06-30 20:58:05,105 - INFO - ThreadPoolExecutor-0_3 - [PROD] Payload 369/1000 sent successfully. Status Code: 200
2026-06-30 20:58:05,106 - INFO - ThreadPoolExecutor-0_3 - [PROD] Sending payload 379/1000 | Order Number: V4063005381
2026-06-30 20:58:05,312 - INFO - ThreadPoolExecutor-0_7 - [PROD] Payload 370/1000 sent successfully. Status Code: 200
2026-06-30 20:58:05,313 - INFO - ThreadPoolExecutor-0_7 - [PROD] Sending payload 380/1000 | Order Number: V4063005382
2026-06-30 20:58:05,445 - INFO - ThreadPoolExecutor-0_4 - [PROD] Payload 371/1000 sent successfully. Status Code: 200
2026-06-30 20:58:05,447 - INFO - ThreadPoolExecutor-0_4 - [PROD] Sending payload 381/1000 | Order Number: V4063005383
2026-06-30 20:58:05,585 - INFO - ThreadPoolExecutor-0_1 - [PROD] Payload 372/1000 sent successfully. Status Code: 200
2026-06-30 20:58:05,586 - INFO - ThreadPoolExecutor-0_1 - [PROD] Sending payload 382/1000 | Order Number: V4063005384
2026-06-30 20:58:05,735 - INFO - ThreadPoolExecutor-0_6 - [PROD] Payload 373/1000 sent successfully. Status Code: 200
2026-06-30 20:58:05,736 - INFO - ThreadPoolExecutor-0_6 - [PROD] Sending payload 383/1000 | Order Number: V4063005385
2026-06-30 20:58:05,778 - INFO - ThreadPoolExecutor-0_0 - [PROD] Payload 374/1000 sent successfully. Status Code: 200
2026-06-30 20:58:05,779 - INFO - ThreadPoolExecutor-0_0 - [PROD] Sending payload 384/1000 | Order Number: V4063005386
2026-06-30 20:58:05,895 - INFO - ThreadPoolExecutor-0_5 - [PROD] Payload 375/1000 sent successfully. Status Code: 200
2026-06-30 20:58:05,896 - INFO - ThreadPoolExecutor-0_5 - [PROD] Sending payload 385/1000 | Order Number: V4063005387
2026-06-30 20:58:06,586 - INFO - ThreadPoolExecutor-0_9 - [PROD] Payload 376/1000 sent successfully. Status Code: 200
2026-06-30 20:58:06,588 - INFO - ThreadPoolExecutor-0_9 - [PROD] Sending payload 386/1000 | Order Number: V4063005388
2026-06-30 20:58:06,712 - INFO - ThreadPoolExecutor-0_2 - [PROD] Payload 377/1000 sent successfully. Status Code: 200
2026-06-30 20:58:06,714 - INFO - ThreadPoolExecutor-0_2 - [PROD] Sending payload 387/1000 | Order Number: V4063005389
2026-06-30 20:58:06,917 - INFO - ThreadPoolExecutor-0_8 - [PROD] Payload 378/1000 sent successfully. Status Code: 200
2026-06-30 20:58:06,919 - INFO - ThreadPoolExecutor-0_8 - [PROD] Sending payload 388/1000 | Order Number: V4063005390
2026-06-30 20:58:06,938 - INFO - ThreadPoolExecutor-0_3 - [PROD] Payload 379/1000 sent successfully. Status Code: 200
2026-06-30 20:58:06,939 - INFO - ThreadPoolExecutor-0_3 - [PROD] Sending payload 389/1000 | Order Number: V4063005391
2026-06-30 20:58:07,105 - INFO - ThreadPoolExecutor-0_7 - [PROD] Payload 380/1000 sent successfully. Status Code: 200
2026-06-30 20:58:07,107 - INFO - ThreadPoolExecutor-0_7 - [PROD] Sending payload 390/1000 | Order Number: V4063005392
2026-06-30 20:58:07,252 - INFO - ThreadPoolExecutor-0_4 - [PROD] Payload 381/1000 sent successfully. Status Code: 200
2026-06-30 20:58:07,255 - INFO - ThreadPoolExecutor-0_4 - [PROD] Sending payload 391/1000 | Order Number: V4063005393
2026-06-30 20:58:07,383 - INFO - ThreadPoolExecutor-0_1 - [PROD] Payload 382/1000 sent successfully. Status Code: 200
2026-06-30 20:58:07,384 - INFO - ThreadPoolExecutor-0_1 - [PROD] Sending payload 392/1000 | Order Number: V4063005394
2026-06-30 20:58:07,570 - INFO - ThreadPoolExecutor-0_6 - [PROD] Payload 383/1000 sent successfully. Status Code: 200
2026-06-30 20:58:07,573 - INFO - ThreadPoolExecutor-0_6 - [PROD] Sending payload 393/1000 | Order Number: V4063005395
2026-06-30 20:58:07,694 - INFO - ThreadPoolExecutor-0_5 - [PROD] Payload 385/1000 sent successfully. Status Code: 200
2026-06-30 20:58:07,695 - INFO - ThreadPoolExecutor-0_5 - [PROD] Sending payload 394/1000 | Order Number: V4063005396
2026-06-30 20:58:07,904 - INFO - ThreadPoolExecutor-0_0 - [PROD] Payload 384/1000 sent successfully. Status Code: 200
2026-06-30 20:58:07,907 - INFO - ThreadPoolExecutor-0_0 - [PROD] Sending payload 395/1000 | Order Number: V4063005397
2026-06-30 20:58:08,465 - INFO - ThreadPoolExecutor-0_9 - [PROD] Payload 386/1000 sent successfully. Status Code: 200
2026-06-30 20:58:08,469 - INFO - ThreadPoolExecutor-0_9 - [PROD] Sending payload 396/1000 | Order Number: V4063005398
2026-06-30 20:58:08,506 - INFO - ThreadPoolExecutor-0_2 - [PROD] Payload 387/1000 sent successfully. Status Code: 200
2026-06-30 20:58:08,507 - INFO - ThreadPoolExecutor-0_2 - [PROD] Sending payload 397/1000 | Order Number: V4063005399
2026-06-30 20:58:08,728 - INFO - ThreadPoolExecutor-0_3 - [PROD] Payload 389/1000 sent successfully. Status Code: 200
2026-06-30 20:58:08,730 - INFO - ThreadPoolExecutor-0_3 - [PROD] Sending payload 398/1000 | Order Number: V4063005400
2026-06-30 20:58:08,792 - INFO - ThreadPoolExecutor-0_8 - [PROD] Payload 388/1000 sent successfully. Status Code: 200
2026-06-30 20:58:08,793 - INFO - ThreadPoolExecutor-0_8 - [PROD] Sending payload 399/1000 | Order Number: V4063005401
2026-06-30 20:58:09,000 - INFO - ThreadPoolExecutor-0_7 - [PROD] Payload 390/1000 sent successfully. Status Code: 200
2026-06-30 20:58:09,001 - INFO - ThreadPoolExecutor-0_7 - [PROD] Sending payload 400/1000 | Order Number: V4063005402
2026-06-30 20:58:09,098 - INFO - ThreadPoolExecutor-0_4 - [PROD] Payload 391/1000 sent successfully. Status Code: 200
2026-06-30 20:58:09,102 - INFO - ThreadPoolExecutor-0_4 - [PROD] Sending payload 401/1000 | Order Number: V4063005403
2026-06-30 20:58:09,193 - INFO - ThreadPoolExecutor-0_1 - [PROD] Payload 392/1000 sent successfully. Status Code: 200
2026-06-30 20:58:09,196 - INFO - ThreadPoolExecutor-0_1 - [PROD] Sending payload 402/1000 | Order Number: V4063005404
2026-06-30 20:58:09,450 - INFO - ThreadPoolExecutor-0_6 - [PROD] Payload 393/1000 sent successfully. Status Code: 200
2026-06-30 20:58:09,451 - INFO - ThreadPoolExecutor-0_6 - [PROD] Sending payload 403/1000 | Order Number: V4063005405
2026-06-30 20:58:09,499 - INFO - ThreadPoolExecutor-0_5 - [PROD] Payload 394/1000 sent successfully. Status Code: 200
2026-06-30 20:58:09,500 - INFO - ThreadPoolExecutor-0_5 - [PROD] Sending payload 404/1000 | Order Number: V4063005406
2026-06-30 20:58:09,754 - INFO - ThreadPoolExecutor-0_0 - [PROD] Payload 395/1000 sent successfully. Status Code: 200
2026-06-30 20:58:09,758 - INFO - ThreadPoolExecutor-0_0 - [PROD] Sending payload 405/1000 | Order Number: V4063005407
2026-06-30 20:58:10,342 - INFO - ThreadPoolExecutor-0_9 - [PROD] Payload 396/1000 sent successfully. Status Code: 200
2026-06-30 20:58:10,343 - INFO - ThreadPoolExecutor-0_9 - [PROD] Sending payload 406/1000 | Order Number: V4063005408
2026-06-30 20:58:10,345 - INFO - ThreadPoolExecutor-0_2 - [PROD] Payload 397/1000 sent successfully. Status Code: 200
2026-06-30 20:58:10,346 - INFO - ThreadPoolExecutor-0_2 - [PROD] Sending payload 407/1000 | Order Number: V4063005409
2026-06-30 20:58:10,653 - INFO - ThreadPoolExecutor-0_3 - [PROD] Payload 398/1000 sent successfully. Status Code: 200
2026-06-30 20:58:10,654 - INFO - ThreadPoolExecutor-0_3 - [PROD] Sending payload 408/1000 | Order Number: V4063005410
2026-06-30 20:58:10,807 - INFO - ThreadPoolExecutor-0_7 - [PROD] Payload 400/1000 sent successfully. Status Code: 200
2026-06-30 20:58:10,808 - INFO - ThreadPoolExecutor-0_7 - [PROD] Sending payload 409/1000 | Order Number: V4063005411
2026-06-30 20:58:10,828 - INFO - ThreadPoolExecutor-0_8 - [PROD] Payload 399/1000 sent successfully. Status Code: 200
2026-06-30 20:58:10,828 - INFO - ThreadPoolExecutor-0_8 - [PROD] Sending payload 410/1000 | Order Number: V4063005412
2026-06-30 20:58:10,972 - INFO - ThreadPoolExecutor-0_4 - [PROD] Payload 401/1000 sent successfully. Status Code: 200
2026-06-30 20:58:10,974 - INFO - ThreadPoolExecutor-0_4 - [PROD] Sending payload 411/1000 | Order Number: V4063005413
2026-06-30 20:58:12,026 - INFO - ThreadPoolExecutor-0_6 - [PROD] Payload 403/1000 sent successfully. Status Code: 200
2026-06-30 20:58:12,027 - INFO - ThreadPoolExecutor-0_5 - [PROD] Payload 404/1000 sent successfully. Status Code: 200
2026-06-30 20:58:12,027 - INFO - ThreadPoolExecutor-0_6 - [PROD] Sending payload 412/1000 | Order Number: V4063005414
2026-06-30 20:58:12,027 - INFO - ThreadPoolExecutor-0_5 - [PROD] Sending payload 413/1000 | Order Number: V4063005415
2026-06-30 20:58:12,032 - INFO - ThreadPoolExecutor-0_0 - [PROD] Payload 405/1000 sent successfully. Status Code: 200
2026-06-30 20:58:12,032 - INFO - ThreadPoolExecutor-0_0 - [PROD] Sending payload 414/1000 | Order Number: V4063005416
2026-06-30 20:58:12,130 - INFO - ThreadPoolExecutor-0_1 - [PROD] Payload 402/1000 sent successfully. Status Code: 200
2026-06-30 20:58:12,132 - INFO - ThreadPoolExecutor-0_1 - [PROD] Sending payload 415/1000 | Order Number: V4063005417
2026-06-30 20:58:12,168 - INFO - ThreadPoolExecutor-0_2 - [PROD] Payload 407/1000 sent successfully. Status Code: 200
2026-06-30 20:58:12,169 - INFO - ThreadPoolExecutor-0_2 - [PROD] Sending payload 416/1000 | Order Number: V4063005418
2026-06-30 20:58:12,182 - INFO - ThreadPoolExecutor-0_9 - [PROD] Payload 406/1000 sent successfully. Status Code: 200
2026-06-30 20:58:12,182 - INFO - ThreadPoolExecutor-0_9 - [PROD] Sending payload 417/1000 | Order Number: V4063005419
2026-06-30 20:58:12,516 - INFO - ThreadPoolExecutor-0_3 - [PROD] Payload 408/1000 sent successfully. Status Code: 200
2026-06-30 20:58:12,517 - INFO - ThreadPoolExecutor-0_3 - [PROD] Sending payload 418/1000 | Order Number: V4063005420
2026-06-30 20:58:13,677 - INFO - ThreadPoolExecutor-0_8 - [PROD] Payload 410/1000 sent successfully. Status Code: 200
2026-06-30 20:58:13,678 - INFO - ThreadPoolExecutor-0_8 - [PROD] Sending payload 419/1000 | Order Number: V4063005421
2026-06-30 20:58:13,805 - INFO - ThreadPoolExecutor-0_7 - [PROD] Payload 409/1000 sent successfully. Status Code: 200
2026-06-30 20:58:13,808 - INFO - ThreadPoolExecutor-0_7 - [PROD] Sending payload 420/1000 | Order Number: V4063005422
2026-06-30 20:58:13,971 - INFO - ThreadPoolExecutor-0_0 - [PROD] Payload 414/1000 sent successfully. Status Code: 200
2026-06-30 20:58:13,973 - INFO - ThreadPoolExecutor-0_0 - [PROD] Sending payload 421/1000 | Order Number: V4063005423
2026-06-30 20:58:13,984 - INFO - ThreadPoolExecutor-0_6 - [PROD] Payload 412/1000 sent successfully. Status Code: 200
2026-06-30 20:58:13,985 - INFO - ThreadPoolExecutor-0_6 - [PROD] Sending payload 422/1000 | Order Number: V4063005424
2026-06-30 20:58:14,079 - INFO - ThreadPoolExecutor-0_4 - [PROD] Payload 411/1000 sent successfully. Status Code: 200
2026-06-30 20:58:14,080 - INFO - ThreadPoolExecutor-0_4 - [PROD] Sending payload 423/1000 | Order Number: V4063005425
2026-06-30 20:58:14,156 - INFO - ThreadPoolExecutor-0_2 - [PROD] Payload 416/1000 sent successfully. Status Code: 200
2026-06-30 20:58:14,157 - INFO - ThreadPoolExecutor-0_2 - [PROD] Sending payload 424/1000 | Order Number: V4063005426
2026-06-30 20:58:14,227 - INFO - ThreadPoolExecutor-0_5 - [PROD] Payload 413/1000 sent successfully. Status Code: 200
2026-06-30 20:58:14,228 - INFO - ThreadPoolExecutor-0_5 - [PROD] Sending payload 425/1000 | Order Number: V4063005427
2026-06-30 20:58:14,580 - INFO - ThreadPoolExecutor-0_1 - [PROD] Payload 415/1000 sent successfully. Status Code: 200
2026-06-30 20:58:14,582 - INFO - ThreadPoolExecutor-0_1 - [PROD] Sending payload 426/1000 | Order Number: V4063005428
2026-06-30 20:58:14,618 - INFO - ThreadPoolExecutor-0_9 - [PROD] Payload 417/1000 sent successfully. Status Code: 200
2026-06-30 20:58:14,619 - INFO - ThreadPoolExecutor-0_9 - [PROD] Sending payload 427/1000 | Order Number: V4063005429
2026-06-30 20:58:14,778 - INFO - ThreadPoolExecutor-0_3 - [PROD] Payload 418/1000 sent successfully. Status Code: 200
2026-06-30 20:58:14,779 - INFO - ThreadPoolExecutor-0_3 - [PROD] Sending payload 428/1000 | Order Number: V4063005430
2026-06-30 20:58:15,630 - INFO - ThreadPoolExecutor-0_8 - [PROD] Payload 419/1000 sent successfully. Status Code: 200
2026-06-30 20:58:15,631 - INFO - ThreadPoolExecutor-0_8 - [PROD] Sending payload 429/1000 | Order Number: V4063005431
2026-06-30 20:58:15,692 - INFO - ThreadPoolExecutor-0_7 - [PROD] Payload 420/1000 sent successfully. Status Code: 200
2026-06-30 20:58:15,693 - INFO - ThreadPoolExecutor-0_7 - [PROD] Sending payload 430/1000 | Order Number: V4063005432
2026-06-30 20:58:15,810 - INFO - ThreadPoolExecutor-0_0 - [PROD] Payload 421/1000 sent successfully. Status Code: 200
2026-06-30 20:58:15,810 - INFO - ThreadPoolExecutor-0_0 - [PROD] Sending payload 431/1000 | Order Number: V4063005433
2026-06-30 20:58:15,916 - INFO - ThreadPoolExecutor-0_4 - [PROD] Payload 423/1000 sent successfully. Status Code: 200
2026-06-30 20:58:15,916 - INFO - ThreadPoolExecutor-0_4 - [PROD] Sending payload 432/1000 | Order Number: V4063005434
2026-06-30 20:58:15,963 - INFO - ThreadPoolExecutor-0_6 - [PROD] Payload 422/1000 sent successfully. Status Code: 200
2026-06-30 20:58:15,963 - INFO - ThreadPoolExecutor-0_6 - [PROD] Sending payload 433/1000 | Order Number: V4063005435
2026-06-30 20:58:16,123 - INFO - ThreadPoolExecutor-0_2 - [PROD] Payload 424/1000 sent successfully. Status Code: 200
2026-06-30 20:58:16,124 - INFO - ThreadPoolExecutor-0_2 - [PROD] Sending payload 434/1000 | Order Number: V4063005436
2026-06-30 20:58:16,183 - INFO - ThreadPoolExecutor-0_5 - [PROD] Payload 425/1000 sent successfully. Status Code: 200
2026-06-30 20:58:16,184 - INFO - ThreadPoolExecutor-0_5 - [PROD] Sending payload 435/1000 | Order Number: V4063005437
2026-06-30 20:58:16,437 - INFO - ThreadPoolExecutor-0_9 - [PROD] Payload 427/1000 sent successfully. Status Code: 200
2026-06-30 20:58:16,438 - INFO - ThreadPoolExecutor-0_9 - [PROD] Sending payload 436/1000 | Order Number: V4063005438
2026-06-30 20:58:16,448 - INFO - ThreadPoolExecutor-0_1 - [PROD] Payload 426/1000 sent successfully. Status Code: 200
2026-06-30 20:58:16,449 - INFO - ThreadPoolExecutor-0_1 - [PROD] Sending payload 437/1000 | Order Number: V4063005439
2026-06-30 20:58:16,612 - INFO - ThreadPoolExecutor-0_3 - [PROD] Payload 428/1000 sent successfully. Status Code: 200
2026-06-30 20:58:16,614 - INFO - ThreadPoolExecutor-0_3 - [PROD] Sending payload 438/1000 | Order Number: V4063005440
2026-06-30 20:58:17,458 - INFO - ThreadPoolExecutor-0_8 - [PROD] Payload 429/1000 sent successfully. Status Code: 200
2026-06-30 20:58:17,460 - INFO - ThreadPoolExecutor-0_8 - [PROD] Sending payload 439/1000 | Order Number: V4063005441
2026-06-30 20:58:17,501 - INFO - ThreadPoolExecutor-0_7 - [PROD] Payload 430/1000 sent successfully. Status Code: 200
2026-06-30 20:58:17,501 - INFO - ThreadPoolExecutor-0_7 - [PROD] Sending payload 440/1000 | Order Number: V4063005442
2026-06-30 20:58:17,671 - INFO - ThreadPoolExecutor-0_0 - [PROD] Payload 431/1000 sent successfully. Status Code: 200
2026-06-30 20:58:17,673 - INFO - ThreadPoolExecutor-0_0 - [PROD] Sending payload 441/1000 | Order Number: V4063005443
2026-06-30 20:58:17,766 - INFO - ThreadPoolExecutor-0_4 - [PROD] Payload 432/1000 sent successfully. Status Code: 200
2026-06-30 20:58:17,768 - INFO - ThreadPoolExecutor-0_4 - [PROD] Sending payload 442/1000 | Order Number: V4063005444
2026-06-30 20:58:17,779 - INFO - ThreadPoolExecutor-0_6 - [PROD] Payload 433/1000 sent successfully. Status Code: 200
2026-06-30 20:58:17,780 - INFO - ThreadPoolExecutor-0_6 - [PROD] Sending payload 443/1000 | Order Number: V4063005445
2026-06-30 20:58:17,936 - INFO - ThreadPoolExecutor-0_2 - [PROD] Payload 434/1000 sent successfully. Status Code: 200
2026-06-30 20:58:17,938 - INFO - ThreadPoolExecutor-0_2 - [PROD] Sending payload 444/1000 | Order Number: V4063005446
2026-06-30 20:58:18,032 - INFO - ThreadPoolExecutor-0_5 - [PROD] Payload 435/1000 sent successfully. Status Code: 200
2026-06-30 20:58:18,034 - INFO - ThreadPoolExecutor-0_5 - [PROD] Sending payload 445/1000 | Order Number: V4063005447
2026-06-30 20:58:18,237 - INFO - ThreadPoolExecutor-0_9 - [PROD] Payload 436/1000 sent successfully. Status Code: 200
2026-06-30 20:58:18,239 - INFO - ThreadPoolExecutor-0_9 - [PROD] Sending payload 446/1000 | Order Number: V4063005448
2026-06-30 20:58:18,243 - INFO - ThreadPoolExecutor-0_1 - [PROD] Payload 437/1000 sent successfully. Status Code: 200
2026-06-30 20:58:18,244 - INFO - ThreadPoolExecutor-0_1 - [PROD] Sending payload 447/1000 | Order Number: V4063005449
2026-06-30 20:58:18,422 - INFO - ThreadPoolExecutor-0_3 - [PROD] Payload 438/1000 sent successfully. Status Code: 200
2026-06-30 20:58:18,423 - INFO - ThreadPoolExecutor-0_3 - [PROD] Sending payload 448/1000 | Order Number: V4063005450
2026-06-30 20:58:19,486 - INFO - ThreadPoolExecutor-0_7 - [PROD] Payload 440/1000 sent successfully. Status Code: 200
2026-06-30 20:58:19,486 - INFO - ThreadPoolExecutor-0_8 - [PROD] Payload 439/1000 sent successfully. Status Code: 200
2026-06-30 20:58:19,487 - INFO - ThreadPoolExecutor-0_0 - [PROD] Payload 441/1000 sent successfully. Status Code: 200
2026-06-30 20:58:19,487 - INFO - ThreadPoolExecutor-0_8 - [PROD] Sending payload 449/1000 | Order Number: V4063005451
2026-06-30 20:58:19,487 - INFO - ThreadPoolExecutor-0_0 - [PROD] Sending payload 450/1000 | Order Number: V4063005452
2026-06-30 20:58:19,488 - INFO - ThreadPoolExecutor-0_7 - [PROD] Sending payload 451/1000 | Order Number: V4063005453
2026-06-30 20:58:19,592 - INFO - ThreadPoolExecutor-0_6 - [PROD] Payload 443/1000 sent successfully. Status Code: 200
2026-06-30 20:58:19,593 - INFO - ThreadPoolExecutor-0_6 - [PROD] Sending payload 452/1000 | Order Number: V4063005454
2026-06-30 20:58:19,793 - INFO - ThreadPoolExecutor-0_4 - [PROD] Payload 442/1000 sent successfully. Status Code: 200
2026-06-30 20:58:19,795 - INFO - ThreadPoolExecutor-0_4 - [PROD] Sending payload 453/1000 | Order Number: V4063005455
2026-06-30 20:58:19,868 - INFO - ThreadPoolExecutor-0_5 - [PROD] Payload 445/1000 sent successfully. Status Code: 200
2026-06-30 20:58:19,871 - INFO - ThreadPoolExecutor-0_5 - [PROD] Sending payload 454/1000 | Order Number: V4063005456
2026-06-30 20:58:20,023 - INFO - ThreadPoolExecutor-0_2 - [PROD] Payload 444/1000 sent successfully. Status Code: 200
2026-06-30 20:58:20,025 - INFO - ThreadPoolExecutor-0_2 - [PROD] Sending payload 455/1000 | Order Number: V4063005457
2026-06-30 20:58:20,170 - INFO - ThreadPoolExecutor-0_1 - [PROD] Payload 447/1000 sent successfully. Status Code: 200
2026-06-30 20:58:20,172 - INFO - ThreadPoolExecutor-0_1 - [PROD] Sending payload 456/1000 | Order Number: V4063005458
2026-06-30 20:58:20,282 - INFO - ThreadPoolExecutor-0_3 - [PROD] Payload 448/1000 sent successfully. Status Code: 200
2026-06-30 20:58:20,284 - INFO - ThreadPoolExecutor-0_3 - [PROD] Sending payload 457/1000 | Order Number: V4063005459
2026-06-30 20:58:20,379 - INFO - ThreadPoolExecutor-0_9 - [PROD] Payload 446/1000 sent successfully. Status Code: 200
2026-06-30 20:58:20,381 - INFO - ThreadPoolExecutor-0_9 - [PROD] Sending payload 458/1000 | Order Number: V4063005460
2026-06-30 20:58:21,317 - INFO - ThreadPoolExecutor-0_8 - [PROD] Payload 449/1000 sent successfully. Status Code: 200
2026-06-30 20:58:21,319 - INFO - ThreadPoolExecutor-0_8 - [PROD] Sending payload 459/1000 | Order Number: V4063005461
2026-06-30 20:58:21,361 - INFO - ThreadPoolExecutor-0_0 - [PROD] Payload 450/1000 sent successfully. Status Code: 200
2026-06-30 20:58:21,362 - INFO - ThreadPoolExecutor-0_0 - [PROD] Sending payload 460/1000 | Order Number: V4063005462
2026-06-30 20:58:21,490 - INFO - ThreadPoolExecutor-0_7 - [PROD] Payload 451/1000 sent successfully. Status Code: 200
2026-06-30 20:58:21,491 - INFO - ThreadPoolExecutor-0_7 - [PROD] Sending payload 461/1000 | Order Number: V4063005463
2026-06-30 20:58:21,508 - INFO - ThreadPoolExecutor-0_6 - [PROD] Payload 452/1000 sent successfully. Status Code: 200
2026-06-30 20:58:21,508 - INFO - ThreadPoolExecutor-0_6 - [PROD] Sending payload 462/1000 | Order Number: V4063005464
2026-06-30 20:58:21,690 - INFO - ThreadPoolExecutor-0_5 - [PROD] Payload 454/1000 sent successfully. Status Code: 200
2026-06-30 20:58:21,691 - INFO - ThreadPoolExecutor-0_5 - [PROD] Sending payload 463/1000 | Order Number: V4063005465
2026-06-30 20:58:21,693 - INFO - ThreadPoolExecutor-0_4 - [PROD] Payload 453/1000 sent successfully. Status Code: 200
2026-06-30 20:58:21,694 - INFO - ThreadPoolExecutor-0_4 - [PROD] Sending payload 464/1000 | Order Number: V4063005466
2026-06-30 20:58:21,935 - INFO - ThreadPoolExecutor-0_2 - [PROD] Payload 455/1000 sent successfully. Status Code: 200
2026-06-30 20:58:21,936 - INFO - ThreadPoolExecutor-0_2 - [PROD] Sending payload 465/1000 | Order Number: V4063005467
2026-06-30 20:58:22,087 - INFO - ThreadPoolExecutor-0_3 - [PROD] Payload 457/1000 sent successfully. Status Code: 200
2026-06-30 20:58:22,089 - INFO - ThreadPoolExecutor-0_3 - [PROD] Sending payload 466/1000 | Order Number: V4063005468
2026-06-30 20:58:22,277 - INFO - ThreadPoolExecutor-0_9 - [PROD] Payload 458/1000 sent successfully. Status Code: 200
2026-06-30 20:58:22,278 - INFO - ThreadPoolExecutor-0_9 - [PROD] Sending payload 467/1000 | Order Number: V4063005469
2026-06-30 20:58:22,280 - INFO - ThreadPoolExecutor-0_1 - [PROD] Payload 456/1000 sent successfully. Status Code: 200
2026-06-30 20:58:22,282 - INFO - ThreadPoolExecutor-0_1 - [PROD] Sending payload 468/1000 | Order Number: V4063005470
2026-06-30 20:58:23,165 - INFO - ThreadPoolExecutor-0_8 - [PROD] Payload 459/1000 sent successfully. Status Code: 200
2026-06-30 20:58:23,167 - INFO - ThreadPoolExecutor-0_8 - [PROD] Sending payload 469/1000 | Order Number: V4063005471
2026-06-30 20:58:23,343 - INFO - ThreadPoolExecutor-0_7 - [PROD] Payload 461/1000 sent successfully. Status Code: 200
2026-06-30 20:58:23,344 - INFO - ThreadPoolExecutor-0_7 - [PROD] Sending payload 470/1000 | Order Number: V4063005472
2026-06-30 20:58:23,379 - INFO - ThreadPoolExecutor-0_6 - [PROD] Payload 462/1000 sent successfully. Status Code: 200
2026-06-30 20:58:23,380 - INFO - ThreadPoolExecutor-0_6 - [PROD] Sending payload 471/1000 | Order Number: V4063005473
2026-06-30 20:58:23,393 - INFO - ThreadPoolExecutor-0_0 - [PROD] Payload 460/1000 sent successfully. Status Code: 200
2026-06-30 20:58:23,394 - INFO - ThreadPoolExecutor-0_0 - [PROD] Sending payload 472/1000 | Order Number: V4063005474
2026-06-30 20:58:23,577 - INFO - ThreadPoolExecutor-0_5 - [PROD] Payload 463/1000 sent successfully. Status Code: 200
2026-06-30 20:58:23,579 - INFO - ThreadPoolExecutor-0_5 - [PROD] Sending payload 473/1000 | Order Number: V4063005475
2026-06-30 20:58:23,685 - INFO - ThreadPoolExecutor-0_4 - [PROD] Payload 464/1000 sent successfully. Status Code: 200
2026-06-30 20:58:23,688 - INFO - ThreadPoolExecutor-0_4 - [PROD] Sending payload 474/1000 | Order Number: V4063005476
2026-06-30 20:58:23,747 - INFO - ThreadPoolExecutor-0_2 - [PROD] Payload 465/1000 sent successfully. Status Code: 200
2026-06-30 20:58:23,749 - INFO - ThreadPoolExecutor-0_2 - [PROD] Sending payload 475/1000 | Order Number: V4063005477
2026-06-30 20:58:24,040 - INFO - ThreadPoolExecutor-0_3 - [PROD] Payload 466/1000 sent successfully. Status Code: 200
2026-06-30 20:58:24,042 - INFO - ThreadPoolExecutor-0_3 - [PROD] Sending payload 476/1000 | Order Number: V4063005478
2026-06-30 20:58:24,131 - INFO - ThreadPoolExecutor-0_1 - [PROD] Payload 468/1000 sent successfully. Status Code: 200
2026-06-30 20:58:24,133 - INFO - ThreadPoolExecutor-0_1 - [PROD] Sending payload 477/1000 | Order Number: V4063005479
2026-06-30 20:58:24,226 - INFO - ThreadPoolExecutor-0_9 - [PROD] Payload 467/1000 sent successfully. Status Code: 200
2026-06-30 20:58:24,228 - INFO - ThreadPoolExecutor-0_9 - [PROD] Sending payload 478/1000 | Order Number: V4063005480
2026-06-30 20:58:25,018 - INFO - ThreadPoolExecutor-0_8 - [PROD] Payload 469/1000 sent successfully. Status Code: 200
2026-06-30 20:58:25,019 - INFO - ThreadPoolExecutor-0_8 - [PROD] Sending payload 479/1000 | Order Number: V4063005481
2026-06-30 20:58:25,235 - INFO - ThreadPoolExecutor-0_6 - [PROD] Payload 471/1000 sent successfully. Status Code: 200
2026-06-30 20:58:25,237 - INFO - ThreadPoolExecutor-0_6 - [PROD] Sending payload 480/1000 | Order Number: V4063005482
2026-06-30 20:58:25,239 - INFO - ThreadPoolExecutor-0_7 - [PROD] Payload 470/1000 sent successfully. Status Code: 200
2026-06-30 20:58:25,239 - INFO - ThreadPoolExecutor-0_7 - [PROD] Sending payload 481/1000 | Order Number: V4063005483
2026-06-30 20:58:25,251 - INFO - ThreadPoolExecutor-0_0 - [PROD] Payload 472/1000 sent successfully. Status Code: 200
2026-06-30 20:58:25,252 - INFO - ThreadPoolExecutor-0_0 - [PROD] Sending payload 482/1000 | Order Number: V4063005484
2026-06-30 20:58:25,512 - INFO - ThreadPoolExecutor-0_5 - [PROD] Payload 473/1000 sent successfully. Status Code: 200
2026-06-30 20:58:25,514 - INFO - ThreadPoolExecutor-0_5 - [PROD] Sending payload 483/1000 | Order Number: V4063005485
2026-06-30 20:58:25,597 - INFO - ThreadPoolExecutor-0_4 - [PROD] Payload 474/1000 sent successfully. Status Code: 200
2026-06-30 20:58:25,599 - INFO - ThreadPoolExecutor-0_4 - [PROD] Sending payload 484/1000 | Order Number: V4063005486
2026-06-30 20:58:25,702 - INFO - ThreadPoolExecutor-0_2 - [PROD] Payload 475/1000 sent successfully. Status Code: 200
2026-06-30 20:58:25,705 - INFO - ThreadPoolExecutor-0_2 - [PROD] Sending payload 485/1000 | Order Number: V4063005487
2026-06-30 20:58:25,900 - INFO - ThreadPoolExecutor-0_3 - [PROD] Payload 476/1000 sent successfully. Status Code: 200
2026-06-30 20:58:25,902 - INFO - ThreadPoolExecutor-0_3 - [PROD] Sending payload 486/1000 | Order Number: V4063005488
2026-06-30 20:58:26,133 - INFO - ThreadPoolExecutor-0_9 - [PROD] Payload 478/1000 sent successfully. Status Code: 200
2026-06-30 20:58:26,135 - INFO - ThreadPoolExecutor-0_9 - [PROD] Sending payload 487/1000 | Order Number: V4063005489
2026-06-30 20:58:26,147 - INFO - ThreadPoolExecutor-0_1 - [PROD] Payload 477/1000 sent successfully. Status Code: 200
2026-06-30 20:58:26,148 - INFO - ThreadPoolExecutor-0_1 - [PROD] Sending payload 488/1000 | Order Number: V4063005490
2026-06-30 20:58:27,068 - INFO - ThreadPoolExecutor-0_8 - [PROD] Payload 479/1000 sent successfully. Status Code: 200
2026-06-30 20:58:27,069 - INFO - ThreadPoolExecutor-0_7 - [PROD] Payload 481/1000 sent successfully. Status Code: 200
2026-06-30 20:58:27,071 - INFO - ThreadPoolExecutor-0_7 - [PROD] Sending payload 489/1000 | Order Number: V4063005491
2026-06-30 20:58:27,072 - INFO - ThreadPoolExecutor-0_8 - [PROD] Sending payload 490/1000 | Order Number: V4063005492
2026-06-30 20:58:27,075 - INFO - ThreadPoolExecutor-0_0 - [PROD] Payload 482/1000 sent successfully. Status Code: 200
2026-06-30 20:58:27,076 - INFO - ThreadPoolExecutor-0_0 - [PROD] Sending payload 491/1000 | Order Number: V4063005493
2026-06-30 20:58:27,380 - INFO - ThreadPoolExecutor-0_5 - [PROD] Payload 483/1000 sent successfully. Status Code: 200
2026-06-30 20:58:27,382 - INFO - ThreadPoolExecutor-0_5 - [PROD] Sending payload 492/1000 | Order Number: V4063005494
2026-06-30 20:58:27,402 - INFO - ThreadPoolExecutor-0_4 - [PROD] Payload 484/1000 sent successfully. Status Code: 200
2026-06-30 20:58:27,402 - INFO - ThreadPoolExecutor-0_4 - [PROD] Sending payload 493/1000 | Order Number: V4063005495
2026-06-30 20:58:27,560 - INFO - ThreadPoolExecutor-0_2 - [PROD] Payload 485/1000 sent successfully. Status Code: 200
2026-06-30 20:58:27,563 - INFO - ThreadPoolExecutor-0_2 - [PROD] Sending payload 494/1000 | Order Number: V4063005496
2026-06-30 20:58:27,738 - INFO - ThreadPoolExecutor-0_3 - [PROD] Payload 486/1000 sent successfully. Status Code: 200
2026-06-30 20:58:27,739 - INFO - ThreadPoolExecutor-0_3 - [PROD] Sending payload 495/1000 | Order Number: V4063005497
2026-06-30 20:58:27,956 - INFO - ThreadPoolExecutor-0_1 - [PROD] Payload 488/1000 sent successfully. Status Code: 200
2026-06-30 20:58:27,958 - INFO - ThreadPoolExecutor-0_1 - [PROD] Sending payload 496/1000 | Order Number: V4063005498
2026-06-30 20:58:27,975 - INFO - ThreadPoolExecutor-0_9 - [PROD] Payload 487/1000 sent successfully. Status Code: 200
2026-06-30 20:58:27,975 - INFO - ThreadPoolExecutor-0_9 - [PROD] Sending payload 497/1000 | Order Number: V4063005499
2026-06-30 20:58:28,225 - INFO - ThreadPoolExecutor-0_6 - [PROD] Payload 480/1000 sent successfully. Status Code: 200
2026-06-30 20:58:28,226 - INFO - ThreadPoolExecutor-0_6 - [PROD] Sending payload 498/1000 | Order Number: V4063005500
2026-06-30 20:58:29,012 - INFO - ThreadPoolExecutor-0_7 - [PROD] Payload 489/1000 sent successfully. Status Code: 200
2026-06-30 20:58:29,014 - INFO - ThreadPoolExecutor-0_7 - [PROD] Sending payload 499/1000 | Order Number: V4063005501
2026-06-30 20:58:29,016 - INFO - ThreadPoolExecutor-0_0 - [PROD] Payload 491/1000 sent successfully. Status Code: 200
2026-06-30 20:58:29,017 - INFO - ThreadPoolExecutor-0_8 - [PROD] Payload 490/1000 sent successfully. Status Code: 200
2026-06-30 20:58:29,019 - INFO - ThreadPoolExecutor-0_0 - [PROD] Sending payload 500/1000 | Order Number: V4063005502
2026-06-30 20:58:29,019 - INFO - ThreadPoolExecutor-0_8 - [PROD] Sending payload 501/1000 | Order Number: V4063005503
2026-06-30 20:58:29,258 - INFO - ThreadPoolExecutor-0_5 - [PROD] Payload 492/1000 sent successfully. Status Code: 200
2026-06-30 20:58:29,260 - INFO - ThreadPoolExecutor-0_5 - [PROD] Sending payload 502/1000 | Order Number: V4063005504
2026-06-30 20:58:29,263 - INFO - ThreadPoolExecutor-0_4 - [PROD] Payload 493/1000 sent successfully. Status Code: 200
2026-06-30 20:58:29,264 - INFO - ThreadPoolExecutor-0_4 - [PROD] Sending payload 503/1000 | Order Number: V4063005505
2026-06-30 20:58:29,477 - INFO - ThreadPoolExecutor-0_2 - [PROD] Payload 494/1000 sent successfully. Status Code: 200
2026-06-30 20:58:29,478 - INFO - ThreadPoolExecutor-0_2 - [PROD] Sending payload 504/1000 | Order Number: V4063005506
2026-06-30 20:58:29,551 - INFO - ThreadPoolExecutor-0_3 - [PROD] Payload 495/1000 sent successfully. Status Code: 200
2026-06-30 20:58:29,552 - INFO - ThreadPoolExecutor-0_3 - [PROD] Sending payload 505/1000 | Order Number: V4063005507
2026-06-30 20:58:29,786 - INFO - ThreadPoolExecutor-0_1 - [PROD] Payload 496/1000 sent successfully. Status Code: 200
2026-06-30 20:58:29,788 - INFO - ThreadPoolExecutor-0_1 - [PROD] Sending payload 506/1000 | Order Number: V4063005508
2026-06-30 20:58:29,940 - INFO - ThreadPoolExecutor-0_9 - [PROD] Payload 497/1000 sent successfully. Status Code: 200
2026-06-30 20:58:29,942 - INFO - ThreadPoolExecutor-0_9 - [PROD] Sending payload 507/1000 | Order Number: V4063005509
2026-06-30 20:58:30,074 - INFO - ThreadPoolExecutor-0_6 - [PROD] Payload 498/1000 sent successfully. Status Code: 200
2026-06-30 20:58:30,075 - INFO - ThreadPoolExecutor-0_6 - [PROD] Sending payload 508/1000 | Order Number: V4063005510
2026-06-30 20:58:30,959 - INFO - ThreadPoolExecutor-0_8 - [PROD] Payload 501/1000 sent successfully. Status Code: 200
2026-06-30 20:58:30,961 - INFO - ThreadPoolExecutor-0_0 - [PROD] Payload 500/1000 sent successfully. Status Code: 200
2026-06-30 20:58:30,962 - INFO - ThreadPoolExecutor-0_8 - [PROD] Sending payload 509/1000 | Order Number: V4063005511
2026-06-30 20:58:30,962 - INFO - ThreadPoolExecutor-0_0 - [PROD] Sending payload 510/1000 | Order Number: V4063005512
2026-06-30 20:58:31,037 - INFO - ThreadPoolExecutor-0_7 - [PROD] Payload 499/1000 sent successfully. Status Code: 200
2026-06-30 20:58:31,038 - INFO - ThreadPoolExecutor-0_7 - [PROD] Sending payload 511/1000 | Order Number: V4063005513
2026-06-30 20:58:31,064 - INFO - ThreadPoolExecutor-0_5 - [PROD] Payload 502/1000 sent successfully. Status Code: 200
2026-06-30 20:58:31,065 - INFO - ThreadPoolExecutor-0_5 - [PROD] Sending payload 512/1000 | Order Number: V4063005514
2026-06-30 20:58:31,219 - INFO - ThreadPoolExecutor-0_4 - [PROD] Payload 503/1000 sent successfully. Status Code: 200
2026-06-30 20:58:31,222 - INFO - ThreadPoolExecutor-0_4 - [PROD] Sending payload 513/1000 | Order Number: V4063005515
2026-06-30 20:58:31,344 - INFO - ThreadPoolExecutor-0_2 - [PROD] Payload 504/1000 sent successfully. Status Code: 200
2026-06-30 20:58:31,346 - INFO - ThreadPoolExecutor-0_2 - [PROD] Sending payload 514/1000 | Order Number: V4063005516
2026-06-30 20:58:31,358 - INFO - ThreadPoolExecutor-0_3 - [PROD] Payload 505/1000 sent successfully. Status Code: 200
2026-06-30 20:58:31,359 - INFO - ThreadPoolExecutor-0_3 - [PROD] Sending payload 515/1000 | Order Number: V4063005517
2026-06-30 20:58:31,599 - INFO - ThreadPoolExecutor-0_1 - [PROD] Payload 506/1000 sent successfully. Status Code: 200
2026-06-30 20:58:31,601 - INFO - ThreadPoolExecutor-0_1 - [PROD] Sending payload 516/1000 | Order Number: V4063005518
2026-06-30 20:58:31,827 - INFO - ThreadPoolExecutor-0_9 - [PROD] Payload 507/1000 sent successfully. Status Code: 200
2026-06-30 20:58:31,828 - INFO - ThreadPoolExecutor-0_9 - [PROD] Sending payload 517/1000 | Order Number: V4063005519
2026-06-30 20:58:31,903 - INFO - ThreadPoolExecutor-0_6 - [PROD] Payload 508/1000 sent successfully. Status Code: 200
2026-06-30 20:58:31,905 - INFO - ThreadPoolExecutor-0_6 - [PROD] Sending payload 518/1000 | Order Number: V4063005520
2026-06-30 20:58:32,904 - INFO - ThreadPoolExecutor-0_0 - [PROD] Payload 510/1000 sent successfully. Status Code: 200
2026-06-30 20:58:32,906 - INFO - ThreadPoolExecutor-0_7 - [PROD] Payload 511/1000 sent successfully. Status Code: 200
2026-06-30 20:58:32,908 - INFO - ThreadPoolExecutor-0_7 - [PROD] Sending payload 520/1000 | Order Number: V4063005522
2026-06-30 20:58:32,907 - INFO - ThreadPoolExecutor-0_0 - [PROD] Sending payload 519/1000 | Order Number: V4063005521
2026-06-30 20:58:33,018 - INFO - ThreadPoolExecutor-0_4 - [PROD] Payload 513/1000 sent successfully. Status Code: 200
2026-06-30 20:58:33,018 - INFO - ThreadPoolExecutor-0_4 - [PROD] Sending payload 521/1000 | Order Number: V4063005523
2026-06-30 20:58:33,040 - INFO - ThreadPoolExecutor-0_8 - [PROD] Payload 509/1000 sent successfully. Status Code: 200
2026-06-30 20:58:33,041 - INFO - ThreadPoolExecutor-0_8 - [PROD] Sending payload 522/1000 | Order Number: V4063005524
2026-06-30 20:58:33,176 - INFO - ThreadPoolExecutor-0_2 - [PROD] Payload 514/1000 sent successfully. Status Code: 200
2026-06-30 20:58:33,178 - INFO - ThreadPoolExecutor-0_2 - [PROD] Sending payload 523/1000 | Order Number: V4063005525
2026-06-30 20:58:33,194 - INFO - ThreadPoolExecutor-0_5 - [PROD] Payload 512/1000 sent successfully. Status Code: 200
2026-06-30 20:58:33,195 - INFO - ThreadPoolExecutor-0_5 - [PROD] Sending payload 524/1000 | Order Number: V4063005526
2026-06-30 20:58:33,335 - INFO - ThreadPoolExecutor-0_3 - [PROD] Payload 515/1000 sent successfully. Status Code: 200
2026-06-30 20:58:33,336 - INFO - ThreadPoolExecutor-0_3 - [PROD] Sending payload 525/1000 | Order Number: V4063005527
2026-06-30 20:58:33,552 - INFO - ThreadPoolExecutor-0_1 - [PROD] Payload 516/1000 sent successfully. Status Code: 200
2026-06-30 20:58:33,554 - INFO - ThreadPoolExecutor-0_1 - [PROD] Sending payload 526/1000 | Order Number: V4063005528
2026-06-30 20:58:33,636 - INFO - ThreadPoolExecutor-0_9 - [PROD] Payload 517/1000 sent successfully. Status Code: 200
2026-06-30 20:58:33,637 - INFO - ThreadPoolExecutor-0_9 - [PROD] Sending payload 527/1000 | Order Number: V4063005529
2026-06-30 20:58:33,746 - INFO - ThreadPoolExecutor-0_6 - [PROD] Payload 518/1000 sent successfully. Status Code: 200
2026-06-30 20:58:33,748 - INFO - ThreadPoolExecutor-0_6 - [PROD] Sending payload 528/1000 | Order Number: V4063005530
2026-06-30 20:58:34,741 - INFO - ThreadPoolExecutor-0_7 - [PROD] Payload 520/1000 sent successfully. Status Code: 200
2026-06-30 20:58:34,743 - INFO - ThreadPoolExecutor-0_7 - [PROD] Sending payload 529/1000 | Order Number: V4063005531
2026-06-30 20:58:34,750 - INFO - ThreadPoolExecutor-0_0 - [PROD] Payload 519/1000 sent successfully. Status Code: 200
2026-06-30 20:58:34,750 - INFO - ThreadPoolExecutor-0_0 - [PROD] Sending payload 530/1000 | Order Number: V4063005532
2026-06-30 20:58:34,845 - INFO - ThreadPoolExecutor-0_4 - [PROD] Payload 521/1000 sent successfully. Status Code: 200
2026-06-30 20:58:34,846 - INFO - ThreadPoolExecutor-0_4 - [PROD] Sending payload 531/1000 | Order Number: V4063005533
2026-06-30 20:58:35,011 - INFO - ThreadPoolExecutor-0_5 - [PROD] Payload 524/1000 sent successfully. Status Code: 200
2026-06-30 20:58:35,013 - INFO - ThreadPoolExecutor-0_8 - [PROD] Payload 522/1000 sent successfully. Status Code: 200
2026-06-30 20:58:35,014 - INFO - ThreadPoolExecutor-0_5 - [PROD] Sending payload 532/1000 | Order Number: V4063005534
2026-06-30 20:58:35,014 - INFO - ThreadPoolExecutor-0_8 - [PROD] Sending payload 533/1000 | Order Number: V4063005535
2026-06-30 20:58:35,173 - INFO - ThreadPoolExecutor-0_3 - [PROD] Payload 525/1000 sent successfully. Status Code: 200
2026-06-30 20:58:35,175 - INFO - ThreadPoolExecutor-0_3 - [PROD] Sending payload 534/1000 | Order Number: V4063005536
2026-06-30 20:58:35,248 - INFO - ThreadPoolExecutor-0_2 - [PROD] Payload 523/1000 sent successfully. Status Code: 200
2026-06-30 20:58:35,249 - INFO - ThreadPoolExecutor-0_2 - [PROD] Sending payload 535/1000 | Order Number: V4063005537
2026-06-30 20:58:35,355 - INFO - ThreadPoolExecutor-0_1 - [PROD] Payload 526/1000 sent successfully. Status Code: 200
2026-06-30 20:58:35,357 - INFO - ThreadPoolExecutor-0_1 - [PROD] Sending payload 536/1000 | Order Number: V4063005538
2026-06-30 20:58:35,537 - INFO - ThreadPoolExecutor-0_9 - [PROD] Payload 527/1000 sent successfully. Status Code: 200
2026-06-30 20:58:35,539 - INFO - ThreadPoolExecutor-0_9 - [PROD] Sending payload 537/1000 | Order Number: V4063005539
2026-06-30 20:58:35,587 - INFO - ThreadPoolExecutor-0_6 - [PROD] Payload 528/1000 sent successfully. Status Code: 200
2026-06-30 20:58:35,587 - INFO - ThreadPoolExecutor-0_6 - [PROD] Sending payload 538/1000 | Order Number: V4063005540
2026-06-30 20:58:36,557 - INFO - ThreadPoolExecutor-0_0 - [PROD] Payload 530/1000 sent successfully. Status Code: 200
2026-06-30 20:58:36,559 - INFO - ThreadPoolExecutor-0_0 - [PROD] Sending payload 539/1000 | Order Number: V4063005541
2026-06-30 20:58:36,617 - INFO - ThreadPoolExecutor-0_7 - [PROD] Payload 529/1000 sent successfully. Status Code: 200
2026-06-30 20:58:36,618 - INFO - ThreadPoolExecutor-0_7 - [PROD] Sending payload 540/1000 | Order Number: V4063005542
2026-06-30 20:58:36,700 - INFO - ThreadPoolExecutor-0_4 - [PROD] Payload 531/1000 sent successfully. Status Code: 200
2026-06-30 20:58:36,701 - INFO - ThreadPoolExecutor-0_4 - [PROD] Sending payload 541/1000 | Order Number: V4063005543
2026-06-30 20:58:36,838 - INFO - ThreadPoolExecutor-0_8 - [PROD] Payload 533/1000 sent successfully. Status Code: 200
2026-06-30 20:58:36,840 - INFO - ThreadPoolExecutor-0_8 - [PROD] Sending payload 542/1000 | Order Number: V4063005544
2026-06-30 20:58:36,876 - INFO - ThreadPoolExecutor-0_5 - [PROD] Payload 532/1000 sent successfully. Status Code: 200
2026-06-30 20:58:36,876 - INFO - ThreadPoolExecutor-0_5 - [PROD] Sending payload 543/1000 | Order Number: V4063005545
2026-06-30 20:58:37,107 - INFO - ThreadPoolExecutor-0_3 - [PROD] Payload 534/1000 sent successfully. Status Code: 200
2026-06-30 20:58:37,108 - INFO - ThreadPoolExecutor-0_3 - [PROD] Sending payload 544/1000 | Order Number: V4063005546
2026-06-30 20:58:37,122 - INFO - ThreadPoolExecutor-0_2 - [PROD] Payload 535/1000 sent successfully. Status Code: 200
2026-06-30 20:58:37,123 - INFO - ThreadPoolExecutor-0_2 - [PROD] Sending payload 545/1000 | Order Number: V4063005547
2026-06-30 20:58:37,315 - INFO - ThreadPoolExecutor-0_1 - [PROD] Payload 536/1000 sent successfully. Status Code: 200
2026-06-30 20:58:37,317 - INFO - ThreadPoolExecutor-0_1 - [PROD] Sending payload 546/1000 | Order Number: V4063005548
2026-06-30 20:58:37,349 - INFO - ThreadPoolExecutor-0_9 - [PROD] Payload 537/1000 sent successfully. Status Code: 200
2026-06-30 20:58:37,349 - INFO - ThreadPoolExecutor-0_9 - [PROD] Sending payload 547/1000 | Order Number: V4063005549
2026-06-30 20:58:37,523 - INFO - ThreadPoolExecutor-0_6 - [PROD] Payload 538/1000 sent successfully. Status Code: 200
2026-06-30 20:58:37,525 - INFO - ThreadPoolExecutor-0_6 - [PROD] Sending payload 548/1000 | Order Number: V4063005550
2026-06-30 20:58:38,383 - INFO - ThreadPoolExecutor-0_0 - [PROD] Payload 539/1000 sent successfully. Status Code: 200
2026-06-30 20:58:38,384 - INFO - ThreadPoolExecutor-0_0 - [PROD] Sending payload 549/1000 | Order Number: V4063005551
2026-06-30 20:58:38,515 - INFO - ThreadPoolExecutor-0_4 - [PROD] Payload 541/1000 sent successfully. Status Code: 200
2026-06-30 20:58:38,516 - INFO - ThreadPoolExecutor-0_4 - [PROD] Sending payload 550/1000 | Order Number: V4063005552
2026-06-30 20:58:38,563 - INFO - ThreadPoolExecutor-0_7 - [PROD] Payload 540/1000 sent successfully. Status Code: 200
2026-06-30 20:58:38,564 - INFO - ThreadPoolExecutor-0_7 - [PROD] Sending payload 551/1000 | Order Number: V4063005553
2026-06-30 20:58:38,702 - INFO - ThreadPoolExecutor-0_8 - [PROD] Payload 542/1000 sent successfully. Status Code: 200
2026-06-30 20:58:38,704 - INFO - ThreadPoolExecutor-0_8 - [PROD] Sending payload 552/1000 | Order Number: V4063005554
2026-06-30 20:58:38,736 - INFO - ThreadPoolExecutor-0_5 - [PROD] Payload 543/1000 sent successfully. Status Code: 200
2026-06-30 20:58:38,737 - INFO - ThreadPoolExecutor-0_5 - [PROD] Sending payload 553/1000 | Order Number: V4063005555
2026-06-30 20:58:38,976 - INFO - ThreadPoolExecutor-0_2 - [PROD] Payload 545/1000 sent successfully. Status Code: 200
2026-06-30 20:58:38,976 - INFO - ThreadPoolExecutor-0_2 - [PROD] Sending payload 554/1000 | Order Number: V4063005556
2026-06-30 20:58:39,149 - INFO - ThreadPoolExecutor-0_9 - [PROD] Payload 547/1000 sent successfully. Status Code: 200
2026-06-30 20:58:39,151 - INFO - ThreadPoolExecutor-0_9 - [PROD] Sending payload 555/1000 | Order Number: V4063005557
2026-06-30 20:58:39,197 - INFO - ThreadPoolExecutor-0_1 - [PROD] Payload 546/1000 sent successfully. Status Code: 200
2026-06-30 20:58:39,197 - INFO - ThreadPoolExecutor-0_3 - [PROD] Payload 544/1000 sent successfully. Status Code: 200
2026-06-30 20:58:39,198 - INFO - ThreadPoolExecutor-0_1 - [PROD] Sending payload 556/1000 | Order Number: V4063005558
2026-06-30 20:58:39,198 - INFO - ThreadPoolExecutor-0_3 - [PROD] Sending payload 557/1000 | Order Number: V4063005559
2026-06-30 20:58:39,360 - INFO - ThreadPoolExecutor-0_6 - [PROD] Payload 548/1000 sent successfully. Status Code: 200
2026-06-30 20:58:39,362 - INFO - ThreadPoolExecutor-0_6 - [PROD] Sending payload 558/1000 | Order Number: V4063005560
2026-06-30 20:58:40,279 - INFO - ThreadPoolExecutor-0_0 - [PROD] Payload 549/1000 sent successfully. Status Code: 200
2026-06-30 20:58:40,280 - INFO - ThreadPoolExecutor-0_0 - [PROD] Sending payload 559/1000 | Order Number: V4063005561
2026-06-30 20:58:40,356 - INFO - ThreadPoolExecutor-0_4 - [PROD] Payload 550/1000 sent successfully. Status Code: 200
2026-06-30 20:58:40,357 - INFO - ThreadPoolExecutor-0_4 - [PROD] Sending payload 560/1000 | Order Number: V4063005562
2026-06-30 20:58:40,533 - INFO - ThreadPoolExecutor-0_7 - [PROD] Payload 551/1000 sent successfully. Status Code: 200
2026-06-30 20:58:40,534 - INFO - ThreadPoolExecutor-0_7 - [PROD] Sending payload 561/1000 | Order Number: V4063005563
2026-06-30 20:58:40,636 - INFO - ThreadPoolExecutor-0_8 - [PROD] Payload 552/1000 sent successfully. Status Code: 200
2026-06-30 20:58:40,638 - INFO - ThreadPoolExecutor-0_8 - [PROD] Sending payload 562/1000 | Order Number: V4063005564
2026-06-30 20:58:40,798 - INFO - ThreadPoolExecutor-0_5 - [PROD] Payload 553/1000 sent successfully. Status Code: 200
2026-06-30 20:58:40,799 - INFO - ThreadPoolExecutor-0_5 - [PROD] Sending payload 563/1000 | Order Number: V4063005565
2026-06-30 20:58:40,880 - INFO - ThreadPoolExecutor-0_2 - [PROD] Payload 554/1000 sent successfully. Status Code: 200
2026-06-30 20:58:40,881 - INFO - ThreadPoolExecutor-0_2 - [PROD] Sending payload 564/1000 | Order Number: V4063005566
2026-06-30 20:58:40,965 - INFO - ThreadPoolExecutor-0_9 - [PROD] Payload 555/1000 sent successfully. Status Code: 200
2026-06-30 20:58:40,968 - INFO - ThreadPoolExecutor-0_9 - [PROD] Sending payload 565/1000 | Order Number: V4063005567
2026-06-30 20:58:41,129 - INFO - ThreadPoolExecutor-0_3 - [PROD] Payload 557/1000 sent successfully. Status Code: 200
2026-06-30 20:58:41,131 - INFO - ThreadPoolExecutor-0_3 - [PROD] Sending payload 566/1000 | Order Number: V4063005568
2026-06-30 20:58:41,202 - INFO - ThreadPoolExecutor-0_6 - [PROD] Payload 558/1000 sent successfully. Status Code: 200
2026-06-30 20:58:41,204 - INFO - ThreadPoolExecutor-0_6 - [PROD] Sending payload 567/1000 | Order Number: V4063005569
2026-06-30 20:58:41,211 - INFO - ThreadPoolExecutor-0_1 - [PROD] Payload 556/1000 sent successfully. Status Code: 200
2026-06-30 20:58:41,212 - INFO - ThreadPoolExecutor-0_1 - [PROD] Sending payload 568/1000 | Order Number: V4063005570
2026-06-30 20:58:42,118 - INFO - ThreadPoolExecutor-0_0 - [PROD] Payload 559/1000 sent successfully. Status Code: 200
2026-06-30 20:58:42,120 - INFO - ThreadPoolExecutor-0_0 - [PROD] Sending payload 569/1000 | Order Number: V4063005571
2026-06-30 20:58:42,234 - INFO - ThreadPoolExecutor-0_4 - [PROD] Payload 560/1000 sent successfully. Status Code: 200
2026-06-30 20:58:42,236 - INFO - ThreadPoolExecutor-0_4 - [PROD] Sending payload 570/1000 | Order Number: V4063005572
2026-06-30 20:58:42,457 - INFO - ThreadPoolExecutor-0_7 - [PROD] Payload 561/1000 sent successfully. Status Code: 200
2026-06-30 20:58:42,458 - INFO - ThreadPoolExecutor-0_7 - [PROD] Sending payload 571/1000 | Order Number: V4063005573
2026-06-30 20:58:42,490 - INFO - ThreadPoolExecutor-0_8 - [PROD] Payload 562/1000 sent successfully. Status Code: 200
2026-06-30 20:58:42,490 - INFO - ThreadPoolExecutor-0_8 - [PROD] Sending payload 572/1000 | Order Number: V4063005574
2026-06-30 20:58:42,659 - INFO - ThreadPoolExecutor-0_5 - [PROD] Payload 563/1000 sent successfully. Status Code: 200
2026-06-30 20:58:42,661 - INFO - ThreadPoolExecutor-0_5 - [PROD] Sending payload 573/1000 | Order Number: V4063005575
2026-06-30 20:58:42,764 - INFO - ThreadPoolExecutor-0_2 - [PROD] Payload 564/1000 sent successfully. Status Code: 200
2026-06-30 20:58:42,766 - INFO - ThreadPoolExecutor-0_2 - [PROD] Sending payload 574/1000 | Order Number: V4063005576
2026-06-30 20:58:42,773 - INFO - ThreadPoolExecutor-0_9 - [PROD] Payload 565/1000 sent successfully. Status Code: 200
2026-06-30 20:58:42,773 - INFO - ThreadPoolExecutor-0_9 - [PROD] Sending payload 575/1000 | Order Number: V4063005577
2026-06-30 20:58:42,947 - INFO - ThreadPoolExecutor-0_3 - [PROD] Payload 566/1000 sent successfully. Status Code: 200
2026-06-30 20:58:42,949 - INFO - ThreadPoolExecutor-0_3 - [PROD] Sending payload 576/1000 | Order Number: V4063005578
2026-06-30 20:58:43,012 - INFO - ThreadPoolExecutor-0_6 - [PROD] Payload 567/1000 sent successfully. Status Code: 200
2026-06-30 20:58:43,013 - INFO - ThreadPoolExecutor-0_6 - [PROD] Sending payload 577/1000 | Order Number: V4063005579
2026-06-30 20:58:43,270 - INFO - ThreadPoolExecutor-0_1 - [PROD] Payload 568/1000 sent successfully. Status Code: 200
2026-06-30 20:58:43,272 - INFO - ThreadPoolExecutor-0_1 - [PROD] Sending payload 578/1000 | Order Number: V4063005580
2026-06-30 20:58:43,922 - INFO - ThreadPoolExecutor-0_0 - [PROD] Payload 569/1000 sent successfully. Status Code: 200
2026-06-30 20:58:43,923 - INFO - ThreadPoolExecutor-0_0 - [PROD] Sending payload 579/1000 | Order Number: V4063005581
2026-06-30 20:58:44,117 - INFO - ThreadPoolExecutor-0_4 - [PROD] Payload 570/1000 sent successfully. Status Code: 200
2026-06-30 20:58:44,118 - INFO - ThreadPoolExecutor-0_4 - [PROD] Sending payload 580/1000 | Order Number: V4063005582
2026-06-30 20:58:44,264 - INFO - ThreadPoolExecutor-0_7 - [PROD] Payload 571/1000 sent successfully. Status Code: 200
2026-06-30 20:58:44,266 - INFO - ThreadPoolExecutor-0_7 - [PROD] Sending payload 581/1000 | Order Number: V4063005583
2026-06-30 20:58:44,450 - INFO - ThreadPoolExecutor-0_8 - [PROD] Payload 572/1000 sent successfully. Status Code: 200
2026-06-30 20:58:44,451 - INFO - ThreadPoolExecutor-0_8 - [PROD] Sending payload 582/1000 | Order Number: V4063005584
2026-06-30 20:58:44,536 - INFO - ThreadPoolExecutor-0_5 - [PROD] Payload 573/1000 sent successfully. Status Code: 200
2026-06-30 20:58:44,538 - INFO - ThreadPoolExecutor-0_5 - [PROD] Sending payload 583/1000 | Order Number: V4063005585
2026-06-30 20:58:44,568 - INFO - ThreadPoolExecutor-0_2 - [PROD] Payload 574/1000 sent successfully. Status Code: 200
2026-06-30 20:58:44,569 - INFO - ThreadPoolExecutor-0_2 - [PROD] Sending payload 584/1000 | Order Number: V4063005586
2026-06-30 20:58:44,745 - INFO - ThreadPoolExecutor-0_9 - [PROD] Payload 575/1000 sent successfully. Status Code: 200
2026-06-30 20:58:44,747 - INFO - ThreadPoolExecutor-0_9 - [PROD] Sending payload 585/1000 | Order Number: V4063005587
2026-06-30 20:58:44,851 - INFO - ThreadPoolExecutor-0_3 - [PROD] Payload 576/1000 sent successfully. Status Code: 200
2026-06-30 20:58:44,852 - INFO - ThreadPoolExecutor-0_3 - [PROD] Sending payload 586/1000 | Order Number: V4063005588
2026-06-30 20:58:44,862 - INFO - ThreadPoolExecutor-0_6 - [PROD] Payload 577/1000 sent successfully. Status Code: 200
2026-06-30 20:58:44,862 - INFO - ThreadPoolExecutor-0_6 - [PROD] Sending payload 587/1000 | Order Number: V4063005589
2026-06-30 20:58:45,099 - INFO - ThreadPoolExecutor-0_1 - [PROD] Payload 578/1000 sent successfully. Status Code: 200
2026-06-30 20:58:45,101 - INFO - ThreadPoolExecutor-0_1 - [PROD] Sending payload 588/1000 | Order Number: V4063005590
2026-06-30 20:58:45,869 - INFO - ThreadPoolExecutor-0_0 - [PROD] Payload 579/1000 sent successfully. Status Code: 200
2026-06-30 20:58:45,872 - INFO - ThreadPoolExecutor-0_0 - [PROD] Sending payload 589/1000 | Order Number: V4063005591
2026-06-30 20:58:46,047 - INFO - ThreadPoolExecutor-0_4 - [PROD] Payload 580/1000 sent successfully. Status Code: 200
2026-06-30 20:58:46,048 - INFO - ThreadPoolExecutor-0_4 - [PROD] Sending payload 590/1000 | Order Number: V4063005592
2026-06-30 20:58:46,194 - INFO - ThreadPoolExecutor-0_7 - [PROD] Payload 581/1000 sent successfully. Status Code: 200
2026-06-30 20:58:46,195 - INFO - ThreadPoolExecutor-0_7 - [PROD] Sending payload 591/1000 | Order Number: V4063005593
2026-06-30 20:58:46,270 - INFO - ThreadPoolExecutor-0_8 - [PROD] Payload 582/1000 sent successfully. Status Code: 200
2026-06-30 20:58:46,272 - INFO - ThreadPoolExecutor-0_8 - [PROD] Sending payload 592/1000 | Order Number: V4063005594
2026-06-30 20:58:46,401 - INFO - ThreadPoolExecutor-0_5 - [PROD] Payload 583/1000 sent successfully. Status Code: 200
2026-06-30 20:58:46,403 - INFO - ThreadPoolExecutor-0_5 - [PROD] Sending payload 593/1000 | Order Number: V4063005595
2026-06-30 20:58:46,516 - INFO - ThreadPoolExecutor-0_2 - [PROD] Payload 584/1000 sent successfully. Status Code: 200
2026-06-30 20:58:46,517 - INFO - ThreadPoolExecutor-0_2 - [PROD] Sending payload 594/1000 | Order Number: V4063005596
2026-06-30 20:58:46,556 - INFO - ThreadPoolExecutor-0_9 - [PROD] Payload 585/1000 sent successfully. Status Code: 200
2026-06-30 20:58:46,556 - INFO - ThreadPoolExecutor-0_9 - [PROD] Sending payload 595/1000 | Order Number: V4063005597
2026-06-30 20:58:46,671 - INFO - ThreadPoolExecutor-0_6 - [PROD] Payload 587/1000 sent successfully. Status Code: 200
2026-06-30 20:58:46,673 - INFO - ThreadPoolExecutor-0_6 - [PROD] Sending payload 596/1000 | Order Number: V4063005598
2026-06-30 20:58:46,691 - INFO - ThreadPoolExecutor-0_3 - [PROD] Payload 586/1000 sent successfully. Status Code: 200
2026-06-30 20:58:46,691 - INFO - ThreadPoolExecutor-0_3 - [PROD] Sending payload 597/1000 | Order Number: V4063005599
2026-06-30 20:58:46,890 - INFO - ThreadPoolExecutor-0_1 - [PROD] Payload 588/1000 sent successfully. Status Code: 200
2026-06-30 20:58:46,892 - INFO - ThreadPoolExecutor-0_1 - [PROD] Sending payload 598/1000 | Order Number: V4063005600
2026-06-30 20:58:47,670 - INFO - ThreadPoolExecutor-0_0 - [PROD] Payload 589/1000 sent successfully. Status Code: 200
2026-06-30 20:58:47,672 - INFO - ThreadPoolExecutor-0_0 - [PROD] Sending payload 599/1000 | Order Number: V4063005601
2026-06-30 20:58:47,835 - INFO - ThreadPoolExecutor-0_4 - [PROD] Payload 590/1000 sent successfully. Status Code: 200
2026-06-30 20:58:47,836 - INFO - ThreadPoolExecutor-0_4 - [PROD] Sending payload 600/1000 | Order Number: V4063005602
2026-06-30 20:58:48,078 - INFO - ThreadPoolExecutor-0_7 - [PROD] Payload 591/1000 sent successfully. Status Code: 200
2026-06-30 20:58:48,081 - INFO - ThreadPoolExecutor-0_7 - [PROD] Sending payload 601/1000 | Order Number: V4063005603
2026-06-30 20:58:48,098 - INFO - ThreadPoolExecutor-0_8 - [PROD] Payload 592/1000 sent successfully. Status Code: 200
2026-06-30 20:58:48,099 - INFO - ThreadPoolExecutor-0_8 - [PROD] Sending payload 602/1000 | Order Number: V4063005604
2026-06-30 20:58:48,278 - INFO - ThreadPoolExecutor-0_5 - [PROD] Payload 593/1000 sent successfully. Status Code: 200
2026-06-30 20:58:48,279 - INFO - ThreadPoolExecutor-0_5 - [PROD] Sending payload 603/1000 | Order Number: V4063005605
2026-06-30 20:58:48,348 - INFO - ThreadPoolExecutor-0_2 - [PROD] Payload 594/1000 sent successfully. Status Code: 200
2026-06-30 20:58:48,349 - INFO - ThreadPoolExecutor-0_2 - [PROD] Sending payload 604/1000 | Order Number: V4063005606
2026-06-30 20:58:48,365 - INFO - ThreadPoolExecutor-0_9 - [PROD] Payload 595/1000 sent successfully. Status Code: 200
2026-06-30 20:58:48,366 - INFO - ThreadPoolExecutor-0_9 - [PROD] Sending payload 605/1000 | Order Number: V4063005607
2026-06-30 20:58:48,531 - INFO - ThreadPoolExecutor-0_3 - [PROD] Payload 597/1000 sent successfully. Status Code: 200
2026-06-30 20:58:48,534 - INFO - ThreadPoolExecutor-0_3 - [PROD] Sending payload 606/1000 | Order Number: V4063005608
2026-06-30 20:58:48,640 - INFO - ThreadPoolExecutor-0_6 - [PROD] Payload 596/1000 sent successfully. Status Code: 200
2026-06-30 20:58:48,642 - INFO - ThreadPoolExecutor-0_6 - [PROD] Sending payload 607/1000 | Order Number: V4063005609
2026-06-30 20:58:48,698 - INFO - ThreadPoolExecutor-0_1 - [PROD] Payload 598/1000 sent successfully. Status Code: 200
2026-06-30 20:58:48,699 - INFO - ThreadPoolExecutor-0_1 - [PROD] Sending payload 608/1000 | Order Number: V4063005610
2026-06-30 20:58:49,700 - INFO - ThreadPoolExecutor-0_0 - [PROD] Payload 599/1000 sent successfully. Status Code: 200
2026-06-30 20:58:49,703 - INFO - ThreadPoolExecutor-0_0 - [PROD] Sending payload 609/1000 | Order Number: V4063005611
2026-06-30 20:58:49,809 - INFO - ThreadPoolExecutor-0_4 - [PROD] Payload 600/1000 sent successfully. Status Code: 200
2026-06-30 20:58:49,810 - INFO - ThreadPoolExecutor-0_4 - [PROD] Sending payload 610/1000 | Order Number: V4063005612
2026-06-30 20:58:49,904 - INFO - ThreadPoolExecutor-0_7 - [PROD] Payload 601/1000 sent successfully. Status Code: 200
2026-06-30 20:58:49,906 - INFO - ThreadPoolExecutor-0_7 - [PROD] Sending payload 611/1000 | Order Number: V4063005613
2026-06-30 20:58:50,008 - INFO - ThreadPoolExecutor-0_8 - [PROD] Payload 602/1000 sent successfully. Status Code: 200
2026-06-30 20:58:50,010 - INFO - ThreadPoolExecutor-0_8 - [PROD] Sending payload 612/1000 | Order Number: V4063005614
2026-06-30 20:58:50,179 - INFO - ThreadPoolExecutor-0_9 - [PROD] Payload 605/1000 sent successfully. Status Code: 200
2026-06-30 20:58:50,181 - INFO - ThreadPoolExecutor-0_9 - [PROD] Sending payload 613/1000 | Order Number: V4063005615
2026-06-30 20:58:50,195 - INFO - ThreadPoolExecutor-0_5 - [PROD] Payload 603/1000 sent successfully. Status Code: 200
2026-06-30 20:58:50,195 - INFO - ThreadPoolExecutor-0_5 - [PROD] Sending payload 614/1000 | Order Number: V4063005616
2026-06-30 20:58:50,307 - INFO - ThreadPoolExecutor-0_2 - [PROD] Payload 604/1000 sent successfully. Status Code: 200
2026-06-30 20:58:50,309 - INFO - ThreadPoolExecutor-0_2 - [PROD] Sending payload 615/1000 | Order Number: V4063005617
2026-06-30 20:58:50,353 - INFO - ThreadPoolExecutor-0_3 - [PROD] Payload 606/1000 sent successfully. Status Code: 200
2026-06-30 20:58:50,354 - INFO - ThreadPoolExecutor-0_3 - [PROD] Sending payload 616/1000 | Order Number: V4063005618
2026-06-30 20:58:50,656 - INFO - ThreadPoolExecutor-0_1 - [PROD] Payload 608/1000 sent successfully. Status Code: 200
2026-06-30 20:58:50,658 - INFO - ThreadPoolExecutor-0_1 - [PROD] Sending payload 617/1000 | Order Number: V4063005619
2026-06-30 20:58:50,762 - INFO - ThreadPoolExecutor-0_6 - [PROD] Payload 607/1000 sent successfully. Status Code: 200
2026-06-30 20:58:50,764 - INFO - ThreadPoolExecutor-0_6 - [PROD] Sending payload 618/1000 | Order Number: V4063005620
2026-06-30 20:58:51,642 - INFO - ThreadPoolExecutor-0_0 - [PROD] Payload 609/1000 sent successfully. Status Code: 200
2026-06-30 20:58:51,643 - INFO - ThreadPoolExecutor-0_0 - [PROD] Sending payload 619/1000 | Order Number: V4063005621
2026-06-30 20:58:51,670 - INFO - ThreadPoolExecutor-0_4 - [PROD] Payload 610/1000 sent successfully. Status Code: 200
2026-06-30 20:58:51,671 - INFO - ThreadPoolExecutor-0_4 - [PROD] Sending payload 620/1000 | Order Number: V4063005622
2026-06-30 20:58:51,846 - INFO - ThreadPoolExecutor-0_8 - [PROD] Payload 612/1000 sent successfully. Status Code: 200
2026-06-30 20:58:51,847 - INFO - ThreadPoolExecutor-0_8 - [PROD] Sending payload 621/1000 | Order Number: V4063005623
2026-06-30 20:58:51,861 - INFO - ThreadPoolExecutor-0_7 - [PROD] Payload 611/1000 sent successfully. Status Code: 200
2026-06-30 20:58:51,861 - INFO - ThreadPoolExecutor-0_7 - [PROD] Sending payload 622/1000 | Order Number: V4063005624
2026-06-30 20:58:52,014 - INFO - ThreadPoolExecutor-0_9 - [PROD] Payload 613/1000 sent successfully. Status Code: 200
2026-06-30 20:58:52,016 - INFO - ThreadPoolExecutor-0_9 - [PROD] Sending payload 623/1000 | Order Number: V4063005625
2026-06-30 20:58:52,133 - INFO - ThreadPoolExecutor-0_5 - [PROD] Payload 614/1000 sent successfully. Status Code: 200
2026-06-30 20:58:52,135 - INFO - ThreadPoolExecutor-0_5 - [PROD] Sending payload 624/1000 | Order Number: V4063005626
2026-06-30 20:58:52,250 - INFO - ThreadPoolExecutor-0_2 - [PROD] Payload 615/1000 sent successfully. Status Code: 200
2026-06-30 20:58:52,252 - INFO - ThreadPoolExecutor-0_2 - [PROD] Sending payload 625/1000 | Order Number: V4063005627
2026-06-30 20:58:52,336 - INFO - ThreadPoolExecutor-0_3 - [PROD] Payload 616/1000 sent successfully. Status Code: 200
2026-06-30 20:58:52,339 - INFO - ThreadPoolExecutor-0_3 - [PROD] Sending payload 626/1000 | Order Number: V4063005628
2026-06-30 20:58:52,474 - INFO - ThreadPoolExecutor-0_1 - [PROD] Payload 617/1000 sent successfully. Status Code: 200
2026-06-30 20:58:52,475 - INFO - ThreadPoolExecutor-0_1 - [PROD] Sending payload 627/1000 | Order Number: V4063005629
2026-06-30 20:58:52,985 - INFO - ThreadPoolExecutor-0_6 - [PROD] Payload 618/1000 sent successfully. Status Code: 200
2026-06-30 20:58:52,987 - INFO - ThreadPoolExecutor-0_6 - [PROD] Sending payload 628/1000 | Order Number: V4063005630
2026-06-30 20:58:53,512 - INFO - ThreadPoolExecutor-0_0 - [PROD] Payload 619/1000 sent successfully. Status Code: 200
2026-06-30 20:58:53,514 - INFO - ThreadPoolExecutor-0_0 - [PROD] Sending payload 629/1000 | Order Number: V4063005631
2026-06-30 20:58:53,587 - INFO - ThreadPoolExecutor-0_4 - [PROD] Payload 620/1000 sent successfully. Status Code: 200
2026-06-30 20:58:53,588 - INFO - ThreadPoolExecutor-0_4 - [PROD] Sending payload 630/1000 | Order Number: V4063005632
2026-06-30 20:58:53,832 - INFO - ThreadPoolExecutor-0_8 - [PROD] Payload 621/1000 sent successfully. Status Code: 200
2026-06-30 20:58:53,834 - INFO - ThreadPoolExecutor-0_8 - [PROD] Sending payload 631/1000 | Order Number: V4063005633
2026-06-30 20:58:53,901 - INFO - ThreadPoolExecutor-0_9 - [PROD] Payload 623/1000 sent successfully. Status Code: 200
2026-06-30 20:58:53,902 - INFO - ThreadPoolExecutor-0_9 - [PROD] Sending payload 632/1000 | Order Number: V4063005634
2026-06-30 20:58:54,081 - INFO - ThreadPoolExecutor-0_2 - [PROD] Payload 625/1000 sent successfully. Status Code: 200
2026-06-30 20:58:54,083 - INFO - ThreadPoolExecutor-0_2 - [PROD] Sending payload 633/1000 | Order Number: V4063005635
2026-06-30 20:58:54,130 - INFO - ThreadPoolExecutor-0_5 - [PROD] Payload 624/1000 sent successfully. Status Code: 200
2026-06-30 20:58:54,130 - INFO - ThreadPoolExecutor-0_5 - [PROD] Sending payload 634/1000 | Order Number: V4063005636
2026-06-30 20:58:54,259 - INFO - ThreadPoolExecutor-0_7 - [PROD] Payload 622/1000 sent successfully. Status Code: 200
2026-06-30 20:58:54,261 - INFO - ThreadPoolExecutor-0_7 - [PROD] Sending payload 635/1000 | Order Number: V4063005637
2026-06-30 20:58:54,292 - INFO - ThreadPoolExecutor-0_1 - [PROD] Payload 627/1000 sent successfully. Status Code: 200
2026-06-30 20:58:54,292 - INFO - ThreadPoolExecutor-0_1 - [PROD] Sending payload 636/1000 | Order Number: V4063005638
2026-06-30 20:58:54,864 - INFO - ThreadPoolExecutor-0_6 - [PROD] Payload 628/1000 sent successfully. Status Code: 200
2026-06-30 20:58:54,865 - INFO - ThreadPoolExecutor-0_6 - [PROD] Sending payload 637/1000 | Order Number: V4063005639
2026-06-30 20:58:54,925 - INFO - ThreadPoolExecutor-0_3 - [PROD] Payload 626/1000 sent successfully. Status Code: 200
2026-06-30 20:58:54,926 - INFO - ThreadPoolExecutor-0_3 - [PROD] Sending payload 638/1000 | Order Number: V4063005640
2026-06-30 20:58:55,417 - INFO - ThreadPoolExecutor-0_0 - [PROD] Payload 629/1000 sent successfully. Status Code: 200
2026-06-30 20:58:55,419 - INFO - ThreadPoolExecutor-0_0 - [PROD] Sending payload 639/1000 | Order Number: V4063005641
2026-06-30 20:58:55,476 - INFO - ThreadPoolExecutor-0_4 - [PROD] Payload 630/1000 sent successfully. Status Code: 200
2026-06-30 20:58:55,477 - INFO - ThreadPoolExecutor-0_4 - [PROD] Sending payload 640/1000 | Order Number: V4063005642
2026-06-30 20:58:55,849 - INFO - ThreadPoolExecutor-0_8 - [PROD] Payload 631/1000 sent successfully. Status Code: 200
2026-06-30 20:58:55,851 - INFO - ThreadPoolExecutor-0_8 - [PROD] Sending payload 641/1000 | Order Number: V4063005643
2026-06-30 20:58:56,082 - INFO - ThreadPoolExecutor-0_5 - [PROD] Payload 634/1000 sent successfully. Status Code: 200
2026-06-30 20:58:56,083 - INFO - ThreadPoolExecutor-0_5 - [PROD] Sending payload 642/1000 | Order Number: V4063005644
2026-06-30 20:58:56,122 - INFO - ThreadPoolExecutor-0_7 - [PROD] Payload 635/1000 sent successfully. Status Code: 200
2026-06-30 20:58:56,123 - INFO - ThreadPoolExecutor-0_7 - [PROD] Sending payload 643/1000 | Order Number: V4063005645
2026-06-30 20:58:56,191 - INFO - ThreadPoolExecutor-0_1 - [PROD] Payload 636/1000 sent successfully. Status Code: 200
2026-06-30 20:58:56,192 - INFO - ThreadPoolExecutor-0_1 - [PROD] Sending payload 644/1000 | Order Number: V4063005646
2026-06-30 20:58:56,469 - INFO - ThreadPoolExecutor-0_9 - [PROD] Payload 632/1000 sent successfully. Status Code: 200
2026-06-30 20:58:56,471 - INFO - ThreadPoolExecutor-0_9 - [PROD] Sending payload 645/1000 | Order Number: V4063005647
2026-06-30 20:58:56,692 - INFO - ThreadPoolExecutor-0_2 - [PROD] Payload 633/1000 sent successfully. Status Code: 200
2026-06-30 20:58:56,694 - INFO - ThreadPoolExecutor-0_2 - [PROD] Sending payload 646/1000 | Order Number: V4063005648
2026-06-30 20:58:56,727 - INFO - ThreadPoolExecutor-0_3 - [PROD] Payload 638/1000 sent successfully. Status Code: 200
2026-06-30 20:58:56,728 - INFO - ThreadPoolExecutor-0_3 - [PROD] Sending payload 647/1000 | Order Number: V4063005649
2026-06-30 20:58:56,815 - INFO - ThreadPoolExecutor-0_6 - [PROD] Payload 637/1000 sent successfully. Status Code: 200
2026-06-30 20:58:56,816 - INFO - ThreadPoolExecutor-0_6 - [PROD] Sending payload 648/1000 | Order Number: V4063005650
2026-06-30 20:58:57,684 - INFO - ThreadPoolExecutor-0_4 - [PROD] Payload 640/1000 sent successfully. Status Code: 200
2026-06-30 20:58:57,685 - INFO - ThreadPoolExecutor-0_4 - [PROD] Sending payload 649/1000 | Order Number: V4063005651
2026-06-30 20:58:57,686 - INFO - ThreadPoolExecutor-0_0 - [PROD] Payload 639/1000 sent successfully. Status Code: 200
2026-06-30 20:58:57,688 - INFO - ThreadPoolExecutor-0_0 - [PROD] Sending payload 650/1000 | Order Number: V4063005652
2026-06-30 20:58:57,868 - INFO - ThreadPoolExecutor-0_8 - [PROD] Payload 641/1000 sent successfully. Status Code: 200
2026-06-30 20:58:57,870 - INFO - ThreadPoolExecutor-0_8 - [PROD] Sending payload 651/1000 | Order Number: V4063005653
2026-06-30 20:58:58,040 - INFO - ThreadPoolExecutor-0_1 - [PROD] Payload 644/1000 sent successfully. Status Code: 200
2026-06-30 20:58:58,042 - INFO - ThreadPoolExecutor-0_1 - [PROD] Sending payload 652/1000 | Order Number: V4063005654
2026-06-30 20:58:58,139 - INFO - ThreadPoolExecutor-0_5 - [PROD] Payload 642/1000 sent successfully. Status Code: 200
2026-06-30 20:58:58,141 - INFO - ThreadPoolExecutor-0_5 - [PROD] Sending payload 653/1000 | Order Number: V4063005655
2026-06-30 20:58:58,340 - INFO - ThreadPoolExecutor-0_9 - [PROD] Payload 645/1000 sent successfully. Status Code: 200
2026-06-30 20:58:58,342 - INFO - ThreadPoolExecutor-0_9 - [PROD] Sending payload 654/1000 | Order Number: V4063005656
2026-06-30 20:58:58,535 - INFO - ThreadPoolExecutor-0_3 - [PROD] Payload 647/1000 sent successfully. Status Code: 200
2026-06-30 20:58:58,536 - INFO - ThreadPoolExecutor-0_3 - [PROD] Sending payload 655/1000 | Order Number: V4063005657
2026-06-30 20:58:58,649 - INFO - ThreadPoolExecutor-0_7 - [PROD] Payload 643/1000 sent successfully. Status Code: 200
2026-06-30 20:58:58,651 - INFO - ThreadPoolExecutor-0_7 - [PROD] Sending payload 656/1000 | Order Number: V4063005658
2026-06-30 20:58:58,736 - INFO - ThreadPoolExecutor-0_2 - [PROD] Payload 646/1000 sent successfully. Status Code: 200
2026-06-30 20:58:58,737 - INFO - ThreadPoolExecutor-0_2 - [PROD] Sending payload 657/1000 | Order Number: V4063005659
2026-06-30 20:58:59,426 - INFO - ThreadPoolExecutor-0_6 - [PROD] Payload 648/1000 sent successfully. Status Code: 200
2026-06-30 20:58:59,427 - INFO - ThreadPoolExecutor-0_6 - [PROD] Sending payload 658/1000 | Order Number: V4063005660
2026-06-30 20:58:59,526 - INFO - ThreadPoolExecutor-0_0 - [PROD] Payload 650/1000 sent successfully. Status Code: 200
2026-06-30 20:58:59,528 - INFO - ThreadPoolExecutor-0_0 - [PROD] Sending payload 659/1000 | Order Number: V4063005661
2026-06-30 20:58:59,689 - INFO - ThreadPoolExecutor-0_8 - [PROD] Payload 651/1000 sent successfully. Status Code: 200
2026-06-30 20:58:59,690 - INFO - ThreadPoolExecutor-0_8 - [PROD] Sending payload 660/1000 | Order Number: V4063005662
2026-06-30 20:58:59,809 - INFO - ThreadPoolExecutor-0_4 - [PROD] Payload 649/1000 sent successfully. Status Code: 200
2026-06-30 20:58:59,811 - INFO - ThreadPoolExecutor-0_4 - [PROD] Sending payload 661/1000 | Order Number: V4063005663
2026-06-30 20:59:00,042 - INFO - ThreadPoolExecutor-0_5 - [PROD] Payload 653/1000 sent successfully. Status Code: 200
2026-06-30 20:59:00,044 - INFO - ThreadPoolExecutor-0_5 - [PROD] Sending payload 662/1000 | Order Number: V4063005664
2026-06-30 20:59:00,149 - INFO - ThreadPoolExecutor-0_9 - [PROD] Payload 654/1000 sent successfully. Status Code: 200
2026-06-30 20:59:00,151 - INFO - ThreadPoolExecutor-0_9 - [PROD] Sending payload 663/1000 | Order Number: V4063005665
2026-06-30 20:59:00,195 - INFO - ThreadPoolExecutor-0_1 - [PROD] Payload 652/1000 sent successfully. Status Code: 200
2026-06-30 20:59:00,196 - INFO - ThreadPoolExecutor-0_1 - [PROD] Sending payload 664/1000 | Order Number: V4063005666
2026-06-30 20:59:00,438 - INFO - ThreadPoolExecutor-0_3 - [PROD] Payload 655/1000 sent successfully. Status Code: 200
2026-06-30 20:59:00,439 - INFO - ThreadPoolExecutor-0_3 - [PROD] Sending payload 665/1000 | Order Number: V4063005667
2026-06-30 20:59:00,549 - INFO - ThreadPoolExecutor-0_7 - [PROD] Payload 656/1000 sent successfully. Status Code: 200
2026-06-30 20:59:00,551 - INFO - ThreadPoolExecutor-0_7 - [PROD] Sending payload 666/1000 | Order Number: V4063005668
2026-06-30 20:59:00,723 - INFO - ThreadPoolExecutor-0_2 - [PROD] Payload 657/1000 sent successfully. Status Code: 200
2026-06-30 20:59:00,725 - INFO - ThreadPoolExecutor-0_2 - [PROD] Sending payload 667/1000 | Order Number: V4063005669
2026-06-30 20:59:01,233 - INFO - ThreadPoolExecutor-0_6 - [PROD] Payload 658/1000 sent successfully. Status Code: 200
2026-06-30 20:59:01,235 - INFO - ThreadPoolExecutor-0_6 - [PROD] Sending payload 668/1000 | Order Number: V4063005670
2026-06-30 20:59:01,409 - INFO - ThreadPoolExecutor-0_0 - [PROD] Payload 659/1000 sent successfully. Status Code: 200
2026-06-30 20:59:01,411 - INFO - ThreadPoolExecutor-0_0 - [PROD] Sending payload 669/1000 | Order Number: V4063005671
2026-06-30 20:59:01,798 - INFO - ThreadPoolExecutor-0_4 - [PROD] Payload 661/1000 sent successfully. Status Code: 200
2026-06-30 20:59:01,800 - INFO - ThreadPoolExecutor-0_4 - [PROD] Sending payload 670/1000 | Order Number: V4063005672
2026-06-30 20:59:01,883 - INFO - ThreadPoolExecutor-0_5 - [PROD] Payload 662/1000 sent successfully. Status Code: 200
2026-06-30 20:59:01,885 - INFO - ThreadPoolExecutor-0_5 - [PROD] Sending payload 671/1000 | Order Number: V4063005673
2026-06-30 20:59:02,369 - INFO - ThreadPoolExecutor-0_1 - [PROD] Payload 664/1000 sent successfully. Status Code: 200
2026-06-30 20:59:02,371 - INFO - ThreadPoolExecutor-0_1 - [PROD] Sending payload 672/1000 | Order Number: V4063005674
2026-06-30 20:59:02,396 - INFO - ThreadPoolExecutor-0_7 - [PROD] Payload 666/1000 sent successfully. Status Code: 200
2026-06-30 20:59:02,397 - INFO - ThreadPoolExecutor-0_7 - [PROD] Sending payload 673/1000 | Order Number: V4063005675
2026-06-30 20:59:02,604 - INFO - ThreadPoolExecutor-0_9 - [PROD] Payload 663/1000 sent successfully. Status Code: 200
2026-06-30 20:59:02,604 - INFO - ThreadPoolExecutor-0_9 - [PROD] Sending payload 674/1000 | Order Number: V4063005676
2026-06-30 20:59:02,670 - INFO - ThreadPoolExecutor-0_2 - [PROD] Payload 667/1000 sent successfully. Status Code: 200
2026-06-30 20:59:02,670 - INFO - ThreadPoolExecutor-0_2 - [PROD] Sending payload 675/1000 | Order Number: V4063005677
2026-06-30 20:59:02,970 - INFO - ThreadPoolExecutor-0_8 - [PROD] Payload 660/1000 sent successfully. Status Code: 200
2026-06-30 20:59:02,973 - INFO - ThreadPoolExecutor-0_8 - [PROD] Sending payload 676/1000 | Order Number: V4063005678
2026-06-30 20:59:03,025 - INFO - ThreadPoolExecutor-0_3 - [PROD] Payload 665/1000 sent successfully. Status Code: 200
2026-06-30 20:59:03,026 - INFO - ThreadPoolExecutor-0_3 - [PROD] Sending payload 677/1000 | Order Number: V4063005679
2026-06-30 20:59:03,267 - INFO - ThreadPoolExecutor-0_0 - [PROD] Payload 669/1000 sent successfully. Status Code: 200
2026-06-30 20:59:03,269 - INFO - ThreadPoolExecutor-0_0 - [PROD] Sending payload 678/1000 | Order Number: V4063005680
2026-06-30 20:59:03,423 - INFO - ThreadPoolExecutor-0_6 - [PROD] Payload 668/1000 sent successfully. Status Code: 200
2026-06-30 20:59:03,425 - INFO - ThreadPoolExecutor-0_6 - [PROD] Sending payload 679/1000 | Order Number: V4063005681
2026-06-30 20:59:03,786 - INFO - ThreadPoolExecutor-0_5 - [PROD] Payload 671/1000 sent successfully. Status Code: 200
2026-06-30 20:59:03,788 - INFO - ThreadPoolExecutor-0_5 - [PROD] Sending payload 680/1000 | Order Number: V4063005682
2026-06-30 20:59:03,820 - INFO - ThreadPoolExecutor-0_4 - [PROD] Payload 670/1000 sent successfully. Status Code: 200
2026-06-30 20:59:03,820 - INFO - ThreadPoolExecutor-0_4 - [PROD] Sending payload 681/1000 | Order Number: V4063005683
2026-06-30 20:59:04,211 - INFO - ThreadPoolExecutor-0_1 - [PROD] Payload 672/1000 sent successfully. Status Code: 200
2026-06-30 20:59:04,214 - INFO - ThreadPoolExecutor-0_1 - [PROD] Sending payload 682/1000 | Order Number: V4063005684
2026-06-30 20:59:04,216 - INFO - ThreadPoolExecutor-0_7 - [PROD] Payload 673/1000 sent successfully. Status Code: 200
2026-06-30 20:59:04,217 - INFO - ThreadPoolExecutor-0_7 - [PROD] Sending payload 683/1000 | Order Number: V4063005685
2026-06-30 20:59:04,423 - INFO - ThreadPoolExecutor-0_9 - [PROD] Payload 674/1000 sent successfully. Status Code: 200
2026-06-30 20:59:04,424 - INFO - ThreadPoolExecutor-0_9 - [PROD] Sending payload 684/1000 | Order Number: V4063005686
2026-06-30 20:59:04,542 - INFO - ThreadPoolExecutor-0_2 - [PROD] Payload 675/1000 sent successfully. Status Code: 200
2026-06-30 20:59:04,543 - INFO - ThreadPoolExecutor-0_2 - [PROD] Sending payload 685/1000 | Order Number: V4063005687
2026-06-30 20:59:04,882 - INFO - ThreadPoolExecutor-0_3 - [PROD] Payload 677/1000 sent successfully. Status Code: 200
2026-06-30 20:59:04,884 - INFO - ThreadPoolExecutor-0_3 - [PROD] Sending payload 686/1000 | Order Number: V4063005688
2026-06-30 20:59:04,890 - INFO - ThreadPoolExecutor-0_8 - [PROD] Payload 676/1000 sent successfully. Status Code: 200
2026-06-30 20:59:04,890 - INFO - ThreadPoolExecutor-0_8 - [PROD] Sending payload 687/1000 | Order Number: V4063005689
2026-06-30 20:59:05,089 - INFO - ThreadPoolExecutor-0_0 - [PROD] Payload 678/1000 sent successfully. Status Code: 200
2026-06-30 20:59:05,091 - INFO - ThreadPoolExecutor-0_0 - [PROD] Sending payload 688/1000 | Order Number: V4063005690
2026-06-30 20:59:05,237 - INFO - ThreadPoolExecutor-0_6 - [PROD] Payload 679/1000 sent successfully. Status Code: 200
2026-06-30 20:59:05,238 - INFO - ThreadPoolExecutor-0_6 - [PROD] Sending payload 689/1000 | Order Number: V4063005691
2026-06-30 20:59:05,718 - INFO - ThreadPoolExecutor-0_5 - [PROD] Payload 680/1000 sent successfully. Status Code: 200
2026-06-30 20:59:05,720 - INFO - ThreadPoolExecutor-0_5 - [PROD] Sending payload 690/1000 | Order Number: V4063005692
2026-06-30 20:59:06,065 - INFO - ThreadPoolExecutor-0_1 - [PROD] Payload 682/1000 sent successfully. Status Code: 200
2026-06-30 20:59:06,066 - INFO - ThreadPoolExecutor-0_1 - [PROD] Sending payload 691/1000 | Order Number: V4063005693
2026-06-30 20:59:06,242 - INFO - ThreadPoolExecutor-0_7 - [PROD] Payload 683/1000 sent successfully. Status Code: 200
2026-06-30 20:59:06,244 - INFO - ThreadPoolExecutor-0_7 - [PROD] Sending payload 692/1000 | Order Number: V4063005694
2026-06-30 20:59:06,318 - INFO - ThreadPoolExecutor-0_4 - [PROD] Payload 681/1000 sent successfully. Status Code: 200
2026-06-30 20:59:06,319 - INFO - ThreadPoolExecutor-0_4 - [PROD] Sending payload 693/1000 | Order Number: V4063005695
2026-06-30 20:59:06,461 - INFO - ThreadPoolExecutor-0_9 - [PROD] Payload 684/1000 sent successfully. Status Code: 200
2026-06-30 20:59:06,462 - INFO - ThreadPoolExecutor-0_9 - [PROD] Sending payload 694/1000 | Order Number: V4063005696
2026-06-30 20:59:06,619 - INFO - ThreadPoolExecutor-0_2 - [PROD] Payload 685/1000 sent successfully. Status Code: 200
2026-06-30 20:59:06,621 - INFO - ThreadPoolExecutor-0_2 - [PROD] Sending payload 695/1000 | Order Number: V4063005697
2026-06-30 20:59:06,801 - INFO - ThreadPoolExecutor-0_8 - [PROD] Payload 687/1000 sent successfully. Status Code: 200
2026-06-30 20:59:06,803 - INFO - ThreadPoolExecutor-0_8 - [PROD] Sending payload 696/1000 | Order Number: V4063005698
2026-06-30 20:59:06,899 - INFO - ThreadPoolExecutor-0_0 - [PROD] Payload 688/1000 sent successfully. Status Code: 200
2026-06-30 20:59:06,901 - INFO - ThreadPoolExecutor-0_0 - [PROD] Sending payload 697/1000 | Order Number: V4063005699
2026-06-30 20:59:07,354 - INFO - ThreadPoolExecutor-0_3 - [PROD] Payload 686/1000 sent successfully. Status Code: 200
2026-06-30 20:59:07,356 - INFO - ThreadPoolExecutor-0_3 - [PROD] Sending payload 698/1000 | Order Number: V4063005700
2026-06-30 20:59:07,848 - INFO - ThreadPoolExecutor-0_6 - [PROD] Payload 689/1000 sent successfully. Status Code: 200
2026-06-30 20:59:07,849 - INFO - ThreadPoolExecutor-0_6 - [PROD] Sending payload 699/1000 | Order Number: V4063005701
2026-06-30 20:59:07,851 - INFO - ThreadPoolExecutor-0_1 - [PROD] Payload 691/1000 sent successfully. Status Code: 200
2026-06-30 20:59:07,852 - INFO - ThreadPoolExecutor-0_1 - [PROD] Sending payload 700/1000 | Order Number: V4063005702
2026-06-30 20:59:08,182 - INFO - ThreadPoolExecutor-0_4 - [PROD] Payload 693/1000 sent successfully. Status Code: 200
2026-06-30 20:59:08,183 - INFO - ThreadPoolExecutor-0_4 - [PROD] Sending payload 701/1000 | Order Number: V4063005703
2026-06-30 20:59:08,212 - INFO - ThreadPoolExecutor-0_5 - [PROD] Payload 690/1000 sent successfully. Status Code: 200
2026-06-30 20:59:08,212 - INFO - ThreadPoolExecutor-0_5 - [PROD] Sending payload 702/1000 | Order Number: V4063005704
2026-06-30 20:59:08,390 - INFO - ThreadPoolExecutor-0_9 - [PROD] Payload 694/1000 sent successfully. Status Code: 200
2026-06-30 20:59:08,390 - INFO - ThreadPoolExecutor-0_7 - [PROD] Payload 692/1000 sent successfully. Status Code: 200
2026-06-30 20:59:08,392 - INFO - ThreadPoolExecutor-0_7 - [PROD] Sending payload 703/1000 | Order Number: V4063005705
2026-06-30 20:59:08,392 - INFO - ThreadPoolExecutor-0_9 - [PROD] Sending payload 704/1000 | Order Number: V4063005706
2026-06-30 20:59:08,410 - INFO - ThreadPoolExecutor-0_2 - [PROD] Payload 695/1000 sent successfully. Status Code: 200
2026-06-30 20:59:08,411 - INFO - ThreadPoolExecutor-0_2 - [PROD] Sending payload 705/1000 | Order Number: V4063005707
2026-06-30 20:59:08,770 - INFO - ThreadPoolExecutor-0_8 - [PROD] Payload 696/1000 sent successfully. Status Code: 200
2026-06-30 20:59:08,772 - INFO - ThreadPoolExecutor-0_8 - [PROD] Sending payload 706/1000 | Order Number: V4063005708
2026-06-30 20:59:08,784 - INFO - ThreadPoolExecutor-0_0 - [PROD] Payload 697/1000 sent successfully. Status Code: 200
2026-06-30 20:59:08,786 - INFO - ThreadPoolExecutor-0_0 - [PROD] Sending payload 707/1000 | Order Number: V4063005709
2026-06-30 20:59:09,273 - INFO - ThreadPoolExecutor-0_3 - [PROD] Payload 698/1000 sent successfully. Status Code: 200
2026-06-30 20:59:09,274 - INFO - ThreadPoolExecutor-0_3 - [PROD] Sending payload 708/1000 | Order Number: V4063005710
2026-06-30 20:59:09,688 - INFO - ThreadPoolExecutor-0_1 - [PROD] Payload 700/1000 sent successfully. Status Code: 200
2026-06-30 20:59:09,689 - INFO - ThreadPoolExecutor-0_1 - [PROD] Sending payload 709/1000 | Order Number: V4063005711
2026-06-30 20:59:10,027 - INFO - ThreadPoolExecutor-0_5 - [PROD] Payload 702/1000 sent successfully. Status Code: 200
2026-06-30 20:59:10,028 - INFO - ThreadPoolExecutor-0_5 - [PROD] Sending payload 710/1000 | Order Number: V4063005712
2026-06-30 20:59:10,064 - INFO - ThreadPoolExecutor-0_4 - [PROD] Payload 701/1000 sent successfully. Status Code: 200
2026-06-30 20:59:10,065 - INFO - ThreadPoolExecutor-0_4 - [PROD] Sending payload 711/1000 | Order Number: V4063005713
2026-06-30 20:59:10,306 - INFO - ThreadPoolExecutor-0_9 - [PROD] Payload 704/1000 sent successfully. Status Code: 200
2026-06-30 20:59:10,308 - INFO - ThreadPoolExecutor-0_9 - [PROD] Sending payload 712/1000 | Order Number: V4063005714
2026-06-30 20:59:10,362 - INFO - ThreadPoolExecutor-0_7 - [PROD] Payload 703/1000 sent successfully. Status Code: 200
2026-06-30 20:59:10,362 - INFO - ThreadPoolExecutor-0_7 - [PROD] Sending payload 713/1000 | Order Number: V4063005715
2026-06-30 20:59:10,372 - INFO - ThreadPoolExecutor-0_6 - [PROD] Payload 699/1000 sent successfully. Status Code: 200
2026-06-30 20:59:10,373 - INFO - ThreadPoolExecutor-0_6 - [PROD] Sending payload 714/1000 | Order Number: V4063005716
2026-06-30 20:59:10,606 - INFO - ThreadPoolExecutor-0_0 - [PROD] Payload 707/1000 sent successfully. Status Code: 200
2026-06-30 20:59:10,608 - INFO - ThreadPoolExecutor-0_0 - [PROD] Sending payload 715/1000 | Order Number: V4063005717
2026-06-30 20:59:10,621 - INFO - ThreadPoolExecutor-0_8 - [PROD] Payload 706/1000 sent successfully. Status Code: 200
2026-06-30 20:59:10,622 - INFO - ThreadPoolExecutor-0_8 - [PROD] Sending payload 716/1000 | Order Number: V4063005718
2026-06-30 20:59:10,932 - INFO - ThreadPoolExecutor-0_2 - [PROD] Payload 705/1000 sent successfully. Status Code: 200
2026-06-30 20:59:10,934 - INFO - ThreadPoolExecutor-0_2 - [PROD] Sending payload 717/1000 | Order Number: V4063005719
2026-06-30 20:59:11,112 - INFO - ThreadPoolExecutor-0_3 - [PROD] Payload 708/1000 sent successfully. Status Code: 200
2026-06-30 20:59:11,114 - INFO - ThreadPoolExecutor-0_3 - [PROD] Sending payload 718/1000 | Order Number: V4063005720
2026-06-30 20:59:11,540 - INFO - ThreadPoolExecutor-0_1 - [PROD] Payload 709/1000 sent successfully. Status Code: 200
2026-06-30 20:59:11,541 - INFO - ThreadPoolExecutor-0_1 - [PROD] Sending payload 719/1000 | Order Number: V4063005721
2026-06-30 20:59:11,895 - INFO - ThreadPoolExecutor-0_5 - [PROD] Payload 710/1000 sent successfully. Status Code: 200
2026-06-30 20:59:11,896 - INFO - ThreadPoolExecutor-0_5 - [PROD] Sending payload 720/1000 | Order Number: V4063005722
2026-06-30 20:59:11,908 - INFO - ThreadPoolExecutor-0_4 - [PROD] Payload 711/1000 sent successfully. Status Code: 200
2026-06-30 20:59:11,909 - INFO - ThreadPoolExecutor-0_4 - [PROD] Sending payload 721/1000 | Order Number: V4063005723
2026-06-30 20:59:12,220 - INFO - ThreadPoolExecutor-0_9 - [PROD] Payload 712/1000 sent successfully. Status Code: 200
2026-06-30 20:59:12,221 - INFO - ThreadPoolExecutor-0_9 - [PROD] Sending payload 722/1000 | Order Number: V4063005724
2026-06-30 20:59:12,251 - INFO - ThreadPoolExecutor-0_6 - [PROD] Payload 714/1000 sent successfully. Status Code: 200
2026-06-30 20:59:12,252 - INFO - ThreadPoolExecutor-0_6 - [PROD] Sending payload 723/1000 | Order Number: V4063005725
2026-06-30 20:59:12,412 - INFO - ThreadPoolExecutor-0_7 - [PROD] Payload 713/1000 sent successfully. Status Code: 200
2026-06-30 20:59:12,413 - INFO - ThreadPoolExecutor-0_7 - [PROD] Sending payload 724/1000 | Order Number: V4063005726
2026-06-30 20:59:12,773 - INFO - ThreadPoolExecutor-0_8 - [PROD] Payload 716/1000 sent successfully. Status Code: 200
2026-06-30 20:59:12,773 - INFO - ThreadPoolExecutor-0_8 - [PROD] Sending payload 725/1000 | Order Number: V4063005727
2026-06-30 20:59:13,054 - INFO - ThreadPoolExecutor-0_0 - [PROD] Payload 715/1000 sent successfully. Status Code: 200
2026-06-30 20:59:13,055 - INFO - ThreadPoolExecutor-0_0 - [PROD] Sending payload 726/1000 | Order Number: V4063005728
2026-06-30 20:59:13,057 - INFO - ThreadPoolExecutor-0_2 - [PROD] Payload 717/1000 sent successfully. Status Code: 200
2026-06-30 20:59:13,058 - INFO - ThreadPoolExecutor-0_2 - [PROD] Sending payload 727/1000 | Order Number: V4063005729
2026-06-30 20:59:13,232 - INFO - ThreadPoolExecutor-0_3 - [PROD] Payload 718/1000 sent successfully. Status Code: 200
2026-06-30 20:59:13,234 - INFO - ThreadPoolExecutor-0_3 - [PROD] Sending payload 728/1000 | Order Number: V4063005730
2026-06-30 20:59:13,413 - INFO - ThreadPoolExecutor-0_1 - [PROD] Payload 719/1000 sent successfully. Status Code: 200
2026-06-30 20:59:13,417 - INFO - ThreadPoolExecutor-0_1 - [PROD] Sending payload 729/1000 | Order Number: V4063005731
2026-06-30 20:59:13,731 - INFO - ThreadPoolExecutor-0_5 - [PROD] Payload 720/1000 sent successfully. Status Code: 200
2026-06-30 20:59:13,733 - INFO - ThreadPoolExecutor-0_5 - [PROD] Sending payload 730/1000 | Order Number: V4063005732
2026-06-30 20:59:13,886 - INFO - ThreadPoolExecutor-0_4 - [PROD] Payload 721/1000 sent successfully. Status Code: 200
2026-06-30 20:59:13,888 - INFO - ThreadPoolExecutor-0_4 - [PROD] Sending payload 731/1000 | Order Number: V4063005733
2026-06-30 20:59:14,015 - INFO - ThreadPoolExecutor-0_9 - [PROD] Payload 722/1000 sent successfully. Status Code: 200
2026-06-30 20:59:14,016 - INFO - ThreadPoolExecutor-0_9 - [PROD] Sending payload 732/1000 | Order Number: V4063005734
2026-06-30 20:59:14,178 - INFO - ThreadPoolExecutor-0_6 - [PROD] Payload 723/1000 sent successfully. Status Code: 200
2026-06-30 20:59:14,180 - INFO - ThreadPoolExecutor-0_6 - [PROD] Sending payload 733/1000 | Order Number: V4063005735
2026-06-30 20:59:14,230 - INFO - ThreadPoolExecutor-0_7 - [PROD] Payload 724/1000 sent successfully. Status Code: 200
2026-06-30 20:59:14,231 - INFO - ThreadPoolExecutor-0_7 - [PROD] Sending payload 734/1000 | Order Number: V4063005736
2026-06-30 20:59:14,648 - INFO - ThreadPoolExecutor-0_8 - [PROD] Payload 725/1000 sent successfully. Status Code: 200
2026-06-30 20:59:14,650 - INFO - ThreadPoolExecutor-0_8 - [PROD] Sending payload 735/1000 | Order Number: V4063005737
2026-06-30 20:59:14,857 - INFO - ThreadPoolExecutor-0_0 - [PROD] Payload 726/1000 sent successfully. Status Code: 200
2026-06-30 20:59:14,859 - INFO - ThreadPoolExecutor-0_0 - [PROD] Sending payload 736/1000 | Order Number: V4063005738
2026-06-30 20:59:15,290 - INFO - ThreadPoolExecutor-0_1 - [PROD] Payload 729/1000 sent successfully. Status Code: 200
2026-06-30 20:59:15,292 - INFO - ThreadPoolExecutor-0_1 - [PROD] Sending payload 737/1000 | Order Number: V4063005739
2026-06-30 20:59:15,564 - INFO - ThreadPoolExecutor-0_3 - [PROD] Payload 728/1000 sent successfully. Status Code: 200
2026-06-30 20:59:15,565 - INFO - ThreadPoolExecutor-0_3 - [PROD] Sending payload 738/1000 | Order Number: V4063005740
2026-06-30 20:59:15,567 - INFO - ThreadPoolExecutor-0_2 - [PROD] Payload 727/1000 sent successfully. Status Code: 200
2026-06-30 20:59:15,568 - INFO - ThreadPoolExecutor-0_2 - [PROD] Sending payload 739/1000 | Order Number: V4063005741
2026-06-30 20:59:15,705 - INFO - ThreadPoolExecutor-0_4 - [PROD] Payload 731/1000 sent successfully. Status Code: 200
2026-06-30 20:59:15,707 - INFO - ThreadPoolExecutor-0_4 - [PROD] Sending payload 740/1000 | Order Number: V4063005742
2026-06-30 20:59:15,881 - INFO - ThreadPoolExecutor-0_9 - [PROD] Payload 732/1000 sent successfully. Status Code: 200
2026-06-30 20:59:15,883 - INFO - ThreadPoolExecutor-0_9 - [PROD] Sending payload 741/1000 | Order Number: V4063005743
2026-06-30 20:59:15,964 - INFO - ThreadPoolExecutor-0_6 - [PROD] Payload 733/1000 sent successfully. Status Code: 200
2026-06-30 20:59:15,966 - INFO - ThreadPoolExecutor-0_6 - [PROD] Sending payload 742/1000 | Order Number: V4063005744
2026-06-30 20:59:16,076 - INFO - ThreadPoolExecutor-0_7 - [PROD] Payload 734/1000 sent successfully. Status Code: 200
2026-06-30 20:59:16,077 - INFO - ThreadPoolExecutor-0_7 - [PROD] Sending payload 743/1000 | Order Number: V4063005745
2026-06-30 20:59:16,370 - INFO - ThreadPoolExecutor-0_5 - [PROD] Payload 730/1000 sent successfully. Status Code: 200
2026-06-30 20:59:16,372 - INFO - ThreadPoolExecutor-0_5 - [PROD] Sending payload 744/1000 | Order Number: V4063005746
2026-06-30 20:59:16,456 - INFO - ThreadPoolExecutor-0_8 - [PROD] Payload 735/1000 sent successfully. Status Code: 200
2026-06-30 20:59:16,458 - INFO - ThreadPoolExecutor-0_8 - [PROD] Sending payload 745/1000 | Order Number: V4063005747
2026-06-30 20:59:16,676 - INFO - ThreadPoolExecutor-0_0 - [PROD] Payload 736/1000 sent successfully. Status Code: 200
2026-06-30 20:59:16,677 - INFO - ThreadPoolExecutor-0_0 - [PROD] Sending payload 746/1000 | Order Number: V4063005748
2026-06-30 20:59:17,450 - INFO - ThreadPoolExecutor-0_1 - [PROD] Payload 737/1000 sent successfully. Status Code: 200
2026-06-30 20:59:17,451 - INFO - ThreadPoolExecutor-0_1 - [PROD] Sending payload 747/1000 | Order Number: V4063005749
2026-06-30 20:59:17,530 - INFO - ThreadPoolExecutor-0_3 - [PROD] Payload 738/1000 sent successfully. Status Code: 200
2026-06-30 20:59:17,530 - INFO - ThreadPoolExecutor-0_4 - [PROD] Payload 740/1000 sent successfully. Status Code: 200
2026-06-30 20:59:17,532 - INFO - ThreadPoolExecutor-0_3 - [PROD] Sending payload 748/1000 | Order Number: V4063005750
2026-06-30 20:59:17,532 - INFO - ThreadPoolExecutor-0_4 - [PROD] Sending payload 749/1000 | Order Number: V4063005751
2026-06-30 20:59:17,578 - INFO - ThreadPoolExecutor-0_2 - [PROD] Payload 739/1000 sent successfully. Status Code: 200
2026-06-30 20:59:17,578 - INFO - ThreadPoolExecutor-0_2 - [PROD] Sending payload 750/1000 | Order Number: V4063005752
2026-06-30 20:59:17,713 - INFO - ThreadPoolExecutor-0_9 - [PROD] Payload 741/1000 sent successfully. Status Code: 200
2026-06-30 20:59:17,714 - INFO - ThreadPoolExecutor-0_9 - [PROD] Sending payload 751/1000 | Order Number: V4063005753
2026-06-30 20:59:17,928 - INFO - ThreadPoolExecutor-0_6 - [PROD] Payload 742/1000 sent successfully. Status Code: 200
2026-06-30 20:59:17,930 - INFO - ThreadPoolExecutor-0_6 - [PROD] Sending payload 752/1000 | Order Number: V4063005754
2026-06-30 20:59:17,933 - INFO - ThreadPoolExecutor-0_7 - [PROD] Payload 743/1000 sent successfully. Status Code: 200
2026-06-30 20:59:17,934 - INFO - ThreadPoolExecutor-0_7 - [PROD] Sending payload 753/1000 | Order Number: V4063005755
2026-06-30 20:59:18,256 - INFO - ThreadPoolExecutor-0_5 - [PROD] Payload 744/1000 sent successfully. Status Code: 200
2026-06-30 20:59:18,258 - INFO - ThreadPoolExecutor-0_5 - [PROD] Sending payload 754/1000 | Order Number: V4063005756
2026-06-30 20:59:18,382 - INFO - ThreadPoolExecutor-0_8 - [PROD] Payload 745/1000 sent successfully. Status Code: 200
2026-06-30 20:59:18,384 - INFO - ThreadPoolExecutor-0_8 - [PROD] Sending payload 755/1000 | Order Number: V4063005757
2026-06-30 20:59:18,590 - INFO - ThreadPoolExecutor-0_0 - [PROD] Payload 746/1000 sent successfully. Status Code: 200
2026-06-30 20:59:18,592 - INFO - ThreadPoolExecutor-0_0 - [PROD] Sending payload 756/1000 | Order Number: V4063005758
2026-06-30 20:59:19,442 - INFO - ThreadPoolExecutor-0_3 - [PROD] Payload 748/1000 sent successfully. Status Code: 200
2026-06-30 20:59:19,443 - INFO - ThreadPoolExecutor-0_3 - [PROD] Sending payload 757/1000 | Order Number: V4063005759
2026-06-30 20:59:19,464 - INFO - ThreadPoolExecutor-0_2 - [PROD] Payload 750/1000 sent successfully. Status Code: 200
2026-06-30 20:59:19,465 - INFO - ThreadPoolExecutor-0_2 - [PROD] Sending payload 758/1000 | Order Number: V4063005760
2026-06-30 20:59:19,532 - INFO - ThreadPoolExecutor-0_9 - [PROD] Payload 751/1000 sent successfully. Status Code: 200
2026-06-30 20:59:19,532 - INFO - ThreadPoolExecutor-0_9 - [PROD] Sending payload 759/1000 | Order Number: V4063005761
2026-06-30 20:59:19,745 - INFO - ThreadPoolExecutor-0_4 - [PROD] Payload 749/1000 sent successfully. Status Code: 200
2026-06-30 20:59:19,746 - INFO - ThreadPoolExecutor-0_4 - [PROD] Sending payload 760/1000 | Order Number: V4063005762
2026-06-30 20:59:19,760 - INFO - ThreadPoolExecutor-0_7 - [PROD] Payload 753/1000 sent successfully. Status Code: 200
2026-06-30 20:59:19,760 - INFO - ThreadPoolExecutor-0_7 - [PROD] Sending payload 761/1000 | Order Number: V4063005763
2026-06-30 20:59:19,956 - INFO - ThreadPoolExecutor-0_1 - [PROD] Payload 747/1000 sent successfully. Status Code: 200
2026-06-30 20:59:19,957 - INFO - ThreadPoolExecutor-0_1 - [PROD] Sending payload 762/1000 | Order Number: V4063005764
2026-06-30 20:59:20,280 - INFO - ThreadPoolExecutor-0_5 - [PROD] Payload 754/1000 sent successfully. Status Code: 200
2026-06-30 20:59:20,282 - INFO - ThreadPoolExecutor-0_5 - [PROD] Sending payload 763/1000 | Order Number: V4063005765
2026-06-30 20:59:20,293 - INFO - ThreadPoolExecutor-0_8 - [PROD] Payload 755/1000 sent successfully. Status Code: 200
2026-06-30 20:59:20,293 - INFO - ThreadPoolExecutor-0_8 - [PROD] Sending payload 764/1000 | Order Number: V4063005766
2026-06-30 20:59:20,442 - INFO - ThreadPoolExecutor-0_6 - [PROD] Payload 752/1000 sent successfully. Status Code: 200
2026-06-30 20:59:20,443 - INFO - ThreadPoolExecutor-0_6 - [PROD] Sending payload 765/1000 | Order Number: V4063005767
2026-06-30 20:59:20,472 - INFO - ThreadPoolExecutor-0_0 - [PROD] Payload 756/1000 sent successfully. Status Code: 200
2026-06-30 20:59:20,472 - INFO - ThreadPoolExecutor-0_0 - [PROD] Sending payload 766/1000 | Order Number: V4063005768
2026-06-30 20:59:21,339 - INFO - ThreadPoolExecutor-0_2 - [PROD] Payload 758/1000 sent successfully. Status Code: 200
2026-06-30 20:59:21,340 - INFO - ThreadPoolExecutor-0_3 - [PROD] Payload 757/1000 sent successfully. Status Code: 200
2026-06-30 20:59:21,341 - INFO - ThreadPoolExecutor-0_2 - [PROD] Sending payload 767/1000 | Order Number: V4063005769
2026-06-30 20:59:21,342 - INFO - ThreadPoolExecutor-0_3 - [PROD] Sending payload 768/1000 | Order Number: V4063005770
2026-06-30 20:59:21,491 - INFO - ThreadPoolExecutor-0_9 - [PROD] Payload 759/1000 sent successfully. Status Code: 200
2026-06-30 20:59:21,493 - INFO - ThreadPoolExecutor-0_9 - [PROD] Sending payload 769/1000 | Order Number: V4063005771
2026-06-30 20:59:21,638 - INFO - ThreadPoolExecutor-0_4 - [PROD] Payload 760/1000 sent successfully. Status Code: 200
2026-06-30 20:59:21,640 - INFO - ThreadPoolExecutor-0_4 - [PROD] Sending payload 770/1000 | Order Number: V4063005772
2026-06-30 20:59:21,678 - INFO - ThreadPoolExecutor-0_7 - [PROD] Payload 761/1000 sent successfully. Status Code: 200
2026-06-30 20:59:21,679 - INFO - ThreadPoolExecutor-0_7 - [PROD] Sending payload 771/1000 | Order Number: V4063005773
2026-06-30 20:59:21,749 - INFO - ThreadPoolExecutor-0_1 - [PROD] Payload 762/1000 sent successfully. Status Code: 200
2026-06-30 20:59:21,749 - INFO - ThreadPoolExecutor-0_1 - [PROD] Sending payload 772/1000 | Order Number: V4063005774
2026-06-30 20:59:22,135 - INFO - ThreadPoolExecutor-0_8 - [PROD] Payload 764/1000 sent successfully. Status Code: 200
2026-06-30 20:59:22,137 - INFO - ThreadPoolExecutor-0_8 - [PROD] Sending payload 773/1000 | Order Number: V4063005775
2026-06-30 20:59:22,217 - INFO - ThreadPoolExecutor-0_5 - [PROD] Payload 763/1000 sent successfully. Status Code: 200
2026-06-30 20:59:22,218 - INFO - ThreadPoolExecutor-0_5 - [PROD] Sending payload 774/1000 | Order Number: V4063005776
2026-06-30 20:59:22,233 - INFO - ThreadPoolExecutor-0_6 - [PROD] Payload 765/1000 sent successfully. Status Code: 200
2026-06-30 20:59:22,234 - INFO - ThreadPoolExecutor-0_6 - [PROD] Sending payload 775/1000 | Order Number: V4063005777
2026-06-30 20:59:22,429 - INFO - ThreadPoolExecutor-0_0 - [PROD] Payload 766/1000 sent successfully. Status Code: 200
2026-06-30 20:59:22,429 - INFO - ThreadPoolExecutor-0_0 - [PROD] Sending payload 776/1000 | Order Number: V4063005778
2026-06-30 20:59:23,181 - INFO - ThreadPoolExecutor-0_3 - [PROD] Payload 768/1000 sent successfully. Status Code: 200
2026-06-30 20:59:23,183 - INFO - ThreadPoolExecutor-0_3 - [PROD] Sending payload 777/1000 | Order Number: V4063005779
2026-06-30 20:59:23,216 - INFO - ThreadPoolExecutor-0_2 - [PROD] Payload 767/1000 sent successfully. Status Code: 200
2026-06-30 20:59:23,217 - INFO - ThreadPoolExecutor-0_2 - [PROD] Sending payload 778/1000 | Order Number: V4063005780
2026-06-30 20:59:23,325 - INFO - ThreadPoolExecutor-0_9 - [PROD] Payload 769/1000 sent successfully. Status Code: 200
2026-06-30 20:59:23,327 - INFO - ThreadPoolExecutor-0_9 - [PROD] Sending payload 779/1000 | Order Number: V4063005781
2026-06-30 20:59:23,650 - INFO - ThreadPoolExecutor-0_1 - [PROD] Payload 772/1000 sent successfully. Status Code: 200
2026-06-30 20:59:23,651 - INFO - ThreadPoolExecutor-0_1 - [PROD] Sending payload 780/1000 | Order Number: V4063005782
2026-06-30 20:59:23,860 - INFO - ThreadPoolExecutor-0_7 - [PROD] Payload 771/1000 sent successfully. Status Code: 200
2026-06-30 20:59:23,862 - INFO - ThreadPoolExecutor-0_7 - [PROD] Sending payload 781/1000 | Order Number: V4063005783
2026-06-30 20:59:24,035 - INFO - ThreadPoolExecutor-0_6 - [PROD] Payload 775/1000 sent successfully. Status Code: 200
2026-06-30 20:59:24,036 - INFO - ThreadPoolExecutor-0_6 - [PROD] Sending payload 782/1000 | Order Number: V4063005784
2026-06-30 20:59:24,070 - INFO - ThreadPoolExecutor-0_8 - [PROD] Payload 773/1000 sent successfully. Status Code: 200
2026-06-30 20:59:24,070 - INFO - ThreadPoolExecutor-0_8 - [PROD] Sending payload 783/1000 | Order Number: V4063005785
2026-06-30 20:59:24,177 - INFO - ThreadPoolExecutor-0_4 - [PROD] Payload 770/1000 sent successfully. Status Code: 200
2026-06-30 20:59:24,179 - INFO - ThreadPoolExecutor-0_4 - [PROD] Sending payload 784/1000 | Order Number: V4063005786
2026-06-30 20:59:24,254 - INFO - ThreadPoolExecutor-0_5 - [PROD] Payload 774/1000 sent successfully. Status Code: 200
2026-06-30 20:59:24,256 - INFO - ThreadPoolExecutor-0_5 - [PROD] Sending payload 785/1000 | Order Number: V4063005787
2026-06-30 20:59:24,258 - INFO - ThreadPoolExecutor-0_0 - [PROD] Payload 776/1000 sent successfully. Status Code: 200
2026-06-30 20:59:24,259 - INFO - ThreadPoolExecutor-0_0 - [PROD] Sending payload 786/1000 | Order Number: V4063005788
2026-06-30 20:59:25,126 - INFO - ThreadPoolExecutor-0_2 - [PROD] Payload 778/1000 sent successfully. Status Code: 200
2026-06-30 20:59:25,128 - INFO - ThreadPoolExecutor-0_2 - [PROD] Sending payload 787/1000 | Order Number: V4063005789
2026-06-30 20:59:25,184 - INFO - ThreadPoolExecutor-0_9 - [PROD] Payload 779/1000 sent successfully. Status Code: 200
2026-06-30 20:59:25,185 - INFO - ThreadPoolExecutor-0_9 - [PROD] Sending payload 788/1000 | Order Number: V4063005790
2026-06-30 20:59:25,309 - INFO - ThreadPoolExecutor-0_3 - [PROD] Payload 777/1000 sent successfully. Status Code: 200
2026-06-30 20:59:25,310 - INFO - ThreadPoolExecutor-0_3 - [PROD] Sending payload 789/1000 | Order Number: V4063005791
2026-06-30 20:59:25,565 - INFO - ThreadPoolExecutor-0_1 - [PROD] Payload 780/1000 sent successfully. Status Code: 200
2026-06-30 20:59:25,567 - INFO - ThreadPoolExecutor-0_1 - [PROD] Sending payload 790/1000 | Order Number: V4063005792
2026-06-30 20:59:25,722 - INFO - ThreadPoolExecutor-0_7 - [PROD] Payload 781/1000 sent successfully. Status Code: 200
2026-06-30 20:59:25,724 - INFO - ThreadPoolExecutor-0_7 - [PROD] Sending payload 791/1000 | Order Number: V4063005793
2026-06-30 20:59:25,892 - INFO - ThreadPoolExecutor-0_8 - [PROD] Payload 783/1000 sent successfully. Status Code: 200
2026-06-30 20:59:25,894 - INFO - ThreadPoolExecutor-0_8 - [PROD] Sending payload 792/1000 | Order Number: V4063005794
2026-06-30 20:59:26,027 - INFO - ThreadPoolExecutor-0_4 - [PROD] Payload 784/1000 sent successfully. Status Code: 200
2026-06-30 20:59:26,028 - INFO - ThreadPoolExecutor-0_4 - [PROD] Sending payload 793/1000 | Order Number: V4063005795
2026-06-30 20:59:26,120 - INFO - ThreadPoolExecutor-0_0 - [PROD] Payload 786/1000 sent successfully. Status Code: 200
2026-06-30 20:59:26,122 - INFO - ThreadPoolExecutor-0_0 - [PROD] Sending payload 794/1000 | Order Number: V4063005796
2026-06-30 20:59:26,175 - INFO - ThreadPoolExecutor-0_5 - [PROD] Payload 785/1000 sent successfully. Status Code: 200
2026-06-30 20:59:26,176 - INFO - ThreadPoolExecutor-0_5 - [PROD] Sending payload 795/1000 | Order Number: V4063005797
2026-06-30 20:59:26,336 - INFO - ThreadPoolExecutor-0_6 - [PROD] Payload 782/1000 sent successfully. Status Code: 200
2026-06-30 20:59:26,337 - INFO - ThreadPoolExecutor-0_6 - [PROD] Sending payload 796/1000 | Order Number: V4063005798
2026-06-30 20:59:27,040 - INFO - ThreadPoolExecutor-0_9 - [PROD] Payload 788/1000 sent successfully. Status Code: 200
2026-06-30 20:59:27,042 - INFO - ThreadPoolExecutor-0_9 - [PROD] Sending payload 797/1000 | Order Number: V4063005799
2026-06-30 20:59:27,158 - INFO - ThreadPoolExecutor-0_3 - [PROD] Payload 789/1000 sent successfully. Status Code: 200
2026-06-30 20:59:27,159 - INFO - ThreadPoolExecutor-0_3 - [PROD] Sending payload 798/1000 | Order Number: V4063005800
2026-06-30 20:59:27,387 - INFO - ThreadPoolExecutor-0_1 - [PROD] Payload 790/1000 sent successfully. Status Code: 200
2026-06-30 20:59:27,387 - INFO - ThreadPoolExecutor-0_1 - [PROD] Sending payload 799/1000 | Order Number: V4063005801
2026-06-30 20:59:27,577 - INFO - ThreadPoolExecutor-0_2 - [PROD] Payload 787/1000 sent successfully. Status Code: 200
2026-06-30 20:59:27,578 - INFO - ThreadPoolExecutor-0_2 - [PROD] Sending payload 800/1000 | Order Number: V4063005802
2026-06-30 20:59:27,657 - INFO - ThreadPoolExecutor-0_7 - [PROD] Payload 791/1000 sent successfully. Status Code: 200
2026-06-30 20:59:27,658 - INFO - ThreadPoolExecutor-0_7 - [PROD] Sending payload 801/1000 | Order Number: V4063005803
2026-06-30 20:59:27,880 - INFO - ThreadPoolExecutor-0_4 - [PROD] Payload 793/1000 sent successfully. Status Code: 200
2026-06-30 20:59:27,881 - INFO - ThreadPoolExecutor-0_4 - [PROD] Sending payload 802/1000 | Order Number: V4063005804
2026-06-30 20:59:28,128 - INFO - ThreadPoolExecutor-0_5 - [PROD] Payload 795/1000 sent successfully. Status Code: 200
2026-06-30 20:59:28,131 - INFO - ThreadPoolExecutor-0_5 - [PROD] Sending payload 803/1000 | Order Number: V4063005805
2026-06-30 20:59:28,158 - INFO - ThreadPoolExecutor-0_6 - [PROD] Payload 796/1000 sent successfully. Status Code: 200
2026-06-30 20:59:28,159 - INFO - ThreadPoolExecutor-0_0 - [PROD] Payload 794/1000 sent successfully. Status Code: 200
2026-06-30 20:59:28,159 - INFO - ThreadPoolExecutor-0_6 - [PROD] Sending payload 804/1000 | Order Number: V4063005806
2026-06-30 20:59:28,160 - INFO - ThreadPoolExecutor-0_0 - [PROD] Sending payload 805/1000 | Order Number: V4063005807
2026-06-30 20:59:28,429 - INFO - ThreadPoolExecutor-0_8 - [PROD] Payload 792/1000 sent successfully. Status Code: 200
2026-06-30 20:59:28,430 - INFO - ThreadPoolExecutor-0_8 - [PROD] Sending payload 806/1000 | Order Number: V4063005808
2026-06-30 20:59:28,999 - INFO - ThreadPoolExecutor-0_3 - [PROD] Payload 798/1000 sent successfully. Status Code: 200
2026-06-30 20:59:29,002 - INFO - ThreadPoolExecutor-0_3 - [PROD] Sending payload 807/1000 | Order Number: V4063005809
2026-06-30 20:59:29,283 - INFO - ThreadPoolExecutor-0_1 - [PROD] Payload 799/1000 sent successfully. Status Code: 200
2026-06-30 20:59:29,284 - INFO - ThreadPoolExecutor-0_1 - [PROD] Sending payload 808/1000 | Order Number: V4063005810
2026-06-30 20:59:29,421 - INFO - ThreadPoolExecutor-0_2 - [PROD] Payload 800/1000 sent successfully. Status Code: 200
2026-06-30 20:59:29,422 - INFO - ThreadPoolExecutor-0_2 - [PROD] Sending payload 809/1000 | Order Number: V4063005811
2026-06-30 20:59:29,510 - INFO - ThreadPoolExecutor-0_7 - [PROD] Payload 801/1000 sent successfully. Status Code: 200
2026-06-30 20:59:29,511 - INFO - ThreadPoolExecutor-0_7 - [PROD] Sending payload 810/1000 | Order Number: V4063005812
2026-06-30 20:59:29,616 - INFO - ThreadPoolExecutor-0_9 - [PROD] Payload 797/1000 sent successfully. Status Code: 200
2026-06-30 20:59:29,618 - INFO - ThreadPoolExecutor-0_9 - [PROD] Sending payload 811/1000 | Order Number: V4063005813
2026-06-30 20:59:29,685 - INFO - ThreadPoolExecutor-0_4 - [PROD] Payload 802/1000 sent successfully. Status Code: 200
2026-06-30 20:59:29,687 - INFO - ThreadPoolExecutor-0_4 - [PROD] Sending payload 812/1000 | Order Number: V4063005814
2026-06-30 20:59:29,951 - INFO - ThreadPoolExecutor-0_5 - [PROD] Payload 803/1000 sent successfully. Status Code: 200
2026-06-30 20:59:29,952 - INFO - ThreadPoolExecutor-0_5 - [PROD] Sending payload 813/1000 | Order Number: V4063005815
2026-06-30 20:59:30,007 - INFO - ThreadPoolExecutor-0_0 - [PROD] Payload 805/1000 sent successfully. Status Code: 200
2026-06-30 20:59:30,008 - INFO - ThreadPoolExecutor-0_6 - [PROD] Payload 804/1000 sent successfully. Status Code: 200
2026-06-30 20:59:30,009 - INFO - ThreadPoolExecutor-0_0 - [PROD] Sending payload 814/1000 | Order Number: V4063005816
2026-06-30 20:59:30,009 - INFO - ThreadPoolExecutor-0_6 - [PROD] Sending payload 815/1000 | Order Number: V4063005817
2026-06-30 20:59:30,309 - INFO - ThreadPoolExecutor-0_8 - [PROD] Payload 806/1000 sent successfully. Status Code: 200
2026-06-30 20:59:30,310 - INFO - ThreadPoolExecutor-0_8 - [PROD] Sending payload 816/1000 | Order Number: V4063005818
2026-06-30 20:59:30,827 - INFO - ThreadPoolExecutor-0_3 - [PROD] Payload 807/1000 sent successfully. Status Code: 200
2026-06-30 20:59:30,828 - INFO - ThreadPoolExecutor-0_3 - [PROD] Sending payload 817/1000 | Order Number: V4063005819
2026-06-30 20:59:31,270 - INFO - ThreadPoolExecutor-0_1 - [PROD] Payload 808/1000 sent successfully. Status Code: 200
2026-06-30 20:59:31,271 - INFO - ThreadPoolExecutor-0_1 - [PROD] Sending payload 818/1000 | Order Number: V4063005820
2026-06-30 20:59:31,289 - INFO - ThreadPoolExecutor-0_2 - [PROD] Payload 809/1000 sent successfully. Status Code: 200
2026-06-30 20:59:31,289 - INFO - ThreadPoolExecutor-0_2 - [PROD] Sending payload 819/1000 | Order Number: V4063005821
2026-06-30 20:59:31,450 - INFO - ThreadPoolExecutor-0_9 - [PROD] Payload 811/1000 sent successfully. Status Code: 200
2026-06-30 20:59:31,451 - INFO - ThreadPoolExecutor-0_9 - [PROD] Sending payload 820/1000 | Order Number: V4063005822
2026-06-30 20:59:31,487 - INFO - ThreadPoolExecutor-0_7 - [PROD] Payload 810/1000 sent successfully. Status Code: 200
2026-06-30 20:59:31,488 - INFO - ThreadPoolExecutor-0_7 - [PROD] Sending payload 821/1000 | Order Number: V4063005823
2026-06-30 20:59:31,514 - INFO - ThreadPoolExecutor-0_4 - [PROD] Payload 812/1000 sent successfully. Status Code: 200
2026-06-30 20:59:31,514 - INFO - ThreadPoolExecutor-0_4 - [PROD] Sending payload 822/1000 | Order Number: V4063005824
2026-06-30 20:59:31,840 - INFO - ThreadPoolExecutor-0_6 - [PROD] Payload 815/1000 sent successfully. Status Code: 200
2026-06-30 20:59:31,842 - INFO - ThreadPoolExecutor-0_6 - [PROD] Sending payload 823/1000 | Order Number: V4063005825
2026-06-30 20:59:31,845 - INFO - ThreadPoolExecutor-0_5 - [PROD] Payload 813/1000 sent successfully. Status Code: 200
2026-06-30 20:59:31,846 - INFO - ThreadPoolExecutor-0_5 - [PROD] Sending payload 824/1000 | Order Number: V4063005826
2026-06-30 20:59:32,018 - INFO - ThreadPoolExecutor-0_0 - [PROD] Payload 814/1000 sent successfully. Status Code: 200
2026-06-30 20:59:32,022 - INFO - ThreadPoolExecutor-0_0 - [PROD] Sending payload 825/1000 | Order Number: V4063005827
2026-06-30 20:59:32,112 - INFO - ThreadPoolExecutor-0_8 - [PROD] Payload 816/1000 sent successfully. Status Code: 200
2026-06-30 20:59:32,115 - INFO - ThreadPoolExecutor-0_8 - [PROD] Sending payload 826/1000 | Order Number: V4063005828
2026-06-30 20:59:32,809 - INFO - ThreadPoolExecutor-0_3 - [PROD] Payload 817/1000 sent successfully. Status Code: 200
2026-06-30 20:59:32,810 - INFO - ThreadPoolExecutor-0_3 - [PROD] Sending payload 827/1000 | Order Number: V4063005829
2026-06-30 20:59:33,113 - INFO - ThreadPoolExecutor-0_2 - [PROD] Payload 819/1000 sent successfully. Status Code: 200
2026-06-30 20:59:33,115 - INFO - ThreadPoolExecutor-0_2 - [PROD] Sending payload 828/1000 | Order Number: V4063005830
2026-06-30 20:59:33,193 - INFO - ThreadPoolExecutor-0_1 - [PROD] Payload 818/1000 sent successfully. Status Code: 200
2026-06-30 20:59:33,194 - INFO - ThreadPoolExecutor-0_1 - [PROD] Sending payload 829/1000 | Order Number: V4063005831
2026-06-30 20:59:33,447 - INFO - ThreadPoolExecutor-0_4 - [PROD] Payload 822/1000 sent successfully. Status Code: 200
2026-06-30 20:59:33,449 - INFO - ThreadPoolExecutor-0_4 - [PROD] Sending payload 830/1000 | Order Number: V4063005832
2026-06-30 20:59:33,600 - INFO - ThreadPoolExecutor-0_7 - [PROD] Payload 821/1000 sent successfully. Status Code: 200
2026-06-30 20:59:33,602 - INFO - ThreadPoolExecutor-0_7 - [PROD] Sending payload 831/1000 | Order Number: V4063005833
2026-06-30 20:59:33,667 - INFO - ThreadPoolExecutor-0_5 - [PROD] Payload 824/1000 sent successfully. Status Code: 200
2026-06-30 20:59:33,669 - INFO - ThreadPoolExecutor-0_5 - [PROD] Sending payload 832/1000 | Order Number: V4063005834
2026-06-30 20:59:33,775 - INFO - ThreadPoolExecutor-0_6 - [PROD] Payload 823/1000 sent successfully. Status Code: 200
2026-06-30 20:59:33,776 - INFO - ThreadPoolExecutor-0_6 - [PROD] Sending payload 833/1000 | Order Number: V4063005835
2026-06-30 20:59:33,959 - INFO - ThreadPoolExecutor-0_0 - [PROD] Payload 825/1000 sent successfully. Status Code: 200
2026-06-30 20:59:33,960 - INFO - ThreadPoolExecutor-0_0 - [PROD] Sending payload 834/1000 | Order Number: V4063005836
2026-06-30 20:59:33,980 - INFO - ThreadPoolExecutor-0_8 - [PROD] Payload 826/1000 sent successfully. Status Code: 200
2026-06-30 20:59:33,982 - INFO - ThreadPoolExecutor-0_8 - [PROD] Sending payload 835/1000 | Order Number: V4063005837
2026-06-30 20:59:34,020 - INFO - ThreadPoolExecutor-0_9 - [PROD] Payload 820/1000 sent successfully. Status Code: 200
2026-06-30 20:59:34,020 - INFO - ThreadPoolExecutor-0_9 - [PROD] Sending payload 836/1000 | Order Number: V4063005838
2026-06-30 20:59:34,642 - INFO - ThreadPoolExecutor-0_3 - [PROD] Payload 827/1000 sent successfully. Status Code: 200
2026-06-30 20:59:34,644 - INFO - ThreadPoolExecutor-0_3 - [PROD] Sending payload 837/1000 | Order Number: V4063005839
2026-06-30 20:59:35,013 - INFO - ThreadPoolExecutor-0_1 - [PROD] Payload 829/1000 sent successfully. Status Code: 200
2026-06-30 20:59:35,015 - INFO - ThreadPoolExecutor-0_1 - [PROD] Sending payload 838/1000 | Order Number: V4063005840
2026-06-30 20:59:35,381 - INFO - ThreadPoolExecutor-0_4 - [PROD] Payload 830/1000 sent successfully. Status Code: 200
2026-06-30 20:59:35,383 - INFO - ThreadPoolExecutor-0_4 - [PROD] Sending payload 839/1000 | Order Number: V4063005841
2026-06-30 20:59:35,522 - INFO - ThreadPoolExecutor-0_2 - [PROD] Payload 828/1000 sent successfully. Status Code: 200
2026-06-30 20:59:35,524 - INFO - ThreadPoolExecutor-0_2 - [PROD] Sending payload 840/1000 | Order Number: V4063005842
2026-06-30 20:59:35,560 - INFO - ThreadPoolExecutor-0_5 - [PROD] Payload 832/1000 sent successfully. Status Code: 200
2026-06-30 20:59:35,560 - INFO - ThreadPoolExecutor-0_5 - [PROD] Sending payload 841/1000 | Order Number: V4063005843
2026-06-30 20:59:35,624 - INFO - ThreadPoolExecutor-0_6 - [PROD] Payload 833/1000 sent successfully. Status Code: 200
2026-06-30 20:59:35,624 - INFO - ThreadPoolExecutor-0_6 - [PROD] Sending payload 842/1000 | Order Number: V4063005844
2026-06-30 20:59:35,791 - INFO - ThreadPoolExecutor-0_8 - [PROD] Payload 835/1000 sent successfully. Status Code: 200
2026-06-30 20:59:35,793 - INFO - ThreadPoolExecutor-0_8 - [PROD] Sending payload 843/1000 | Order Number: V4063005845
2026-06-30 20:59:35,816 - INFO - ThreadPoolExecutor-0_0 - [PROD] Payload 834/1000 sent successfully. Status Code: 200
2026-06-30 20:59:35,817 - INFO - ThreadPoolExecutor-0_0 - [PROD] Sending payload 844/1000 | Order Number: V4063005846
2026-06-30 20:59:36,339 - INFO - ThreadPoolExecutor-0_9 - [PROD] Payload 836/1000 sent successfully. Status Code: 200
2026-06-30 20:59:36,340 - INFO - ThreadPoolExecutor-0_9 - [PROD] Sending payload 845/1000 | Order Number: V4063005847
2026-06-30 20:59:36,427 - INFO - ThreadPoolExecutor-0_7 - [PROD] Payload 831/1000 sent successfully. Status Code: 200
2026-06-30 20:59:36,428 - INFO - ThreadPoolExecutor-0_7 - [PROD] Sending payload 846/1000 | Order Number: V4063005848
2026-06-30 20:59:36,609 - INFO - ThreadPoolExecutor-0_3 - [PROD] Payload 837/1000 sent successfully. Status Code: 200
2026-06-30 20:59:36,611 - INFO - ThreadPoolExecutor-0_3 - [PROD] Sending payload 847/1000 | Order Number: V4063005849
2026-06-30 20:59:36,824 - INFO - ThreadPoolExecutor-0_1 - [PROD] Payload 838/1000 sent successfully. Status Code: 200
2026-06-30 20:59:36,827 - INFO - ThreadPoolExecutor-0_1 - [PROD] Sending payload 848/1000 | Order Number: V4063005850
2026-06-30 20:59:37,288 - INFO - ThreadPoolExecutor-0_4 - [PROD] Payload 839/1000 sent successfully. Status Code: 200
2026-06-30 20:59:37,289 - INFO - ThreadPoolExecutor-0_4 - [PROD] Sending payload 849/1000 | Order Number: V4063005851
2026-06-30 20:59:37,390 - INFO - ThreadPoolExecutor-0_5 - [PROD] Payload 841/1000 sent successfully. Status Code: 200
2026-06-30 20:59:37,391 - INFO - ThreadPoolExecutor-0_5 - [PROD] Sending payload 850/1000 | Order Number: V4063005852
2026-06-30 20:59:37,470 - INFO - ThreadPoolExecutor-0_6 - [PROD] Payload 842/1000 sent successfully. Status Code: 200
2026-06-30 20:59:37,478 - INFO - ThreadPoolExecutor-0_6 - [PROD] Sending payload 851/1000 | Order Number: V4063005853
2026-06-30 20:59:37,635 - INFO - ThreadPoolExecutor-0_2 - [PROD] Payload 840/1000 sent successfully. Status Code: 200
2026-06-30 20:59:37,637 - INFO - ThreadPoolExecutor-0_2 - [PROD] Sending payload 852/1000 | Order Number: V4063005854
2026-06-30 20:59:37,639 - INFO - ThreadPoolExecutor-0_8 - [PROD] Payload 843/1000 sent successfully. Status Code: 200
2026-06-30 20:59:37,640 - INFO - ThreadPoolExecutor-0_8 - [PROD] Sending payload 853/1000 | Order Number: V4063005855
2026-06-30 20:59:37,654 - INFO - ThreadPoolExecutor-0_0 - [PROD] Payload 844/1000 sent successfully. Status Code: 200
2026-06-30 20:59:37,655 - INFO - ThreadPoolExecutor-0_0 - [PROD] Sending payload 854/1000 | Order Number: V4063005856
2026-06-30 20:59:38,230 - INFO - ThreadPoolExecutor-0_7 - [PROD] Payload 846/1000 sent successfully. Status Code: 200
2026-06-30 20:59:38,231 - INFO - ThreadPoolExecutor-0_7 - [PROD] Sending payload 855/1000 | Order Number: V4063005857
2026-06-30 20:59:38,373 - INFO - ThreadPoolExecutor-0_9 - [PROD] Payload 845/1000 sent successfully. Status Code: 200
2026-06-30 20:59:38,373 - INFO - ThreadPoolExecutor-0_9 - [PROD] Sending payload 856/1000 | Order Number: V4063005858
2026-06-30 20:59:38,511 - INFO - ThreadPoolExecutor-0_3 - [PROD] Payload 847/1000 sent successfully. Status Code: 200
2026-06-30 20:59:38,511 - INFO - ThreadPoolExecutor-0_3 - [PROD] Sending payload 857/1000 | Order Number: V4063005859
2026-06-30 20:59:38,616 - INFO - ThreadPoolExecutor-0_1 - [PROD] Payload 848/1000 sent successfully. Status Code: 200
2026-06-30 20:59:38,618 - INFO - ThreadPoolExecutor-0_1 - [PROD] Sending payload 858/1000 | Order Number: V4063005860
2026-06-30 20:59:39,215 - INFO - ThreadPoolExecutor-0_5 - [PROD] Payload 850/1000 sent successfully. Status Code: 200
2026-06-30 20:59:39,217 - INFO - ThreadPoolExecutor-0_5 - [PROD] Sending payload 859/1000 | Order Number: V4063005861
2026-06-30 20:59:39,319 - INFO - ThreadPoolExecutor-0_6 - [PROD] Payload 851/1000 sent successfully. Status Code: 200
2026-06-30 20:59:39,320 - INFO - ThreadPoolExecutor-0_6 - [PROD] Sending payload 860/1000 | Order Number: V4063005862
2026-06-30 20:59:39,438 - INFO - ThreadPoolExecutor-0_8 - [PROD] Payload 853/1000 sent successfully. Status Code: 200
2026-06-30 20:59:39,440 - INFO - ThreadPoolExecutor-0_8 - [PROD] Sending payload 861/1000 | Order Number: V4063005863
2026-06-30 20:59:39,502 - INFO - ThreadPoolExecutor-0_4 - [PROD] Payload 849/1000 sent successfully. Status Code: 200
2026-06-30 20:59:39,504 - INFO - ThreadPoolExecutor-0_4 - [PROD] Sending payload 862/1000 | Order Number: V4063005864
2026-06-30 20:59:39,507 - INFO - ThreadPoolExecutor-0_2 - [PROD] Payload 852/1000 sent successfully. Status Code: 200
2026-06-30 20:59:39,508 - INFO - ThreadPoolExecutor-0_2 - [PROD] Sending payload 863/1000 | Order Number: V4063005865
2026-06-30 20:59:39,883 - INFO - ThreadPoolExecutor-0_0 - [PROD] Payload 854/1000 sent successfully. Status Code: 200
2026-06-30 20:59:39,884 - INFO - ThreadPoolExecutor-0_0 - [PROD] Sending payload 864/1000 | Order Number: V4063005866
2026-06-30 20:59:40,077 - INFO - ThreadPoolExecutor-0_7 - [PROD] Payload 855/1000 sent successfully. Status Code: 200
2026-06-30 20:59:40,077 - INFO - ThreadPoolExecutor-0_7 - [PROD] Sending payload 865/1000 | Order Number: V4063005867
2026-06-30 20:59:40,214 - INFO - ThreadPoolExecutor-0_9 - [PROD] Payload 856/1000 sent successfully. Status Code: 200
2026-06-30 20:59:40,216 - INFO - ThreadPoolExecutor-0_9 - [PROD] Sending payload 866/1000 | Order Number: V4063005868
2026-06-30 20:59:40,388 - INFO - ThreadPoolExecutor-0_3 - [PROD] Payload 857/1000 sent successfully. Status Code: 200
2026-06-30 20:59:40,390 - INFO - ThreadPoolExecutor-0_3 - [PROD] Sending payload 867/1000 | Order Number: V4063005869
2026-06-30 20:59:40,480 - INFO - ThreadPoolExecutor-0_1 - [PROD] Payload 858/1000 sent successfully. Status Code: 200
2026-06-30 20:59:40,481 - INFO - ThreadPoolExecutor-0_1 - [PROD] Sending payload 868/1000 | Order Number: V4063005870
2026-06-30 20:59:41,058 - INFO - ThreadPoolExecutor-0_5 - [PROD] Payload 859/1000 sent successfully. Status Code: 200
2026-06-30 20:59:41,060 - INFO - ThreadPoolExecutor-0_5 - [PROD] Sending payload 869/1000 | Order Number: V4063005871
2026-06-30 20:59:41,187 - INFO - ThreadPoolExecutor-0_6 - [PROD] Payload 860/1000 sent successfully. Status Code: 200
2026-06-30 20:59:41,188 - INFO - ThreadPoolExecutor-0_6 - [PROD] Sending payload 870/1000 | Order Number: V4063005872
2026-06-30 20:59:41,245 - INFO - ThreadPoolExecutor-0_8 - [PROD] Payload 861/1000 sent successfully. Status Code: 200
2026-06-30 20:59:41,246 - INFO - ThreadPoolExecutor-0_8 - [PROD] Sending payload 871/1000 | Order Number: V4063005873
2026-06-30 20:59:41,301 - INFO - ThreadPoolExecutor-0_2 - [PROD] Payload 863/1000 sent successfully. Status Code: 200
2026-06-30 20:59:41,302 - INFO - ThreadPoolExecutor-0_2 - [PROD] Sending payload 872/1000 | Order Number: V4063005874
2026-06-30 20:59:41,484 - INFO - ThreadPoolExecutor-0_4 - [PROD] Payload 862/1000 sent successfully. Status Code: 200
2026-06-30 20:59:41,484 - INFO - ThreadPoolExecutor-0_4 - [PROD] Sending payload 873/1000 | Order Number: V4063005875
2026-06-30 20:59:41,732 - INFO - ThreadPoolExecutor-0_0 - [PROD] Payload 864/1000 sent successfully. Status Code: 200
2026-06-30 20:59:41,734 - INFO - ThreadPoolExecutor-0_0 - [PROD] Sending payload 874/1000 | Order Number: V4063005876
2026-06-30 20:59:41,925 - INFO - ThreadPoolExecutor-0_7 - [PROD] Payload 865/1000 sent successfully. Status Code: 200
2026-06-30 20:59:41,927 - INFO - ThreadPoolExecutor-0_7 - [PROD] Sending payload 875/1000 | Order Number: V4063005877
2026-06-30 20:59:42,106 - INFO - ThreadPoolExecutor-0_9 - [PROD] Payload 866/1000 sent successfully. Status Code: 200
2026-06-30 20:59:42,108 - INFO - ThreadPoolExecutor-0_9 - [PROD] Sending payload 876/1000 | Order Number: V4063005878
2026-06-30 20:59:42,199 - INFO - ThreadPoolExecutor-0_3 - [PROD] Payload 867/1000 sent successfully. Status Code: 200
2026-06-30 20:59:42,201 - INFO - ThreadPoolExecutor-0_3 - [PROD] Sending payload 877/1000 | Order Number: V4063005879
2026-06-30 20:59:42,481 - INFO - ThreadPoolExecutor-0_1 - [PROD] Payload 868/1000 sent successfully. Status Code: 200
2026-06-30 20:59:42,483 - INFO - ThreadPoolExecutor-0_1 - [PROD] Sending payload 878/1000 | Order Number: V4063005880
2026-06-30 20:59:42,966 - INFO - ThreadPoolExecutor-0_5 - [PROD] Payload 869/1000 sent successfully. Status Code: 200
2026-06-30 20:59:42,968 - INFO - ThreadPoolExecutor-0_5 - [PROD] Sending payload 879/1000 | Order Number: V4063005881
2026-06-30 20:59:43,089 - INFO - ThreadPoolExecutor-0_2 - [PROD] Payload 872/1000 sent successfully. Status Code: 200
2026-06-30 20:59:43,089 - INFO - ThreadPoolExecutor-0_2 - [PROD] Sending payload 880/1000 | Order Number: V4063005882
2026-06-30 20:59:43,254 - INFO - ThreadPoolExecutor-0_4 - [PROD] Payload 873/1000 sent successfully. Status Code: 200
2026-06-30 20:59:43,255 - INFO - ThreadPoolExecutor-0_4 - [PROD] Sending payload 881/1000 | Order Number: V4063005883
2026-06-30 20:59:43,263 - INFO - ThreadPoolExecutor-0_8 - [PROD] Payload 871/1000 sent successfully. Status Code: 200
2026-06-30 20:59:43,263 - INFO - ThreadPoolExecutor-0_8 - [PROD] Sending payload 882/1000 | Order Number: V4063005884
2026-06-30 20:59:43,544 - INFO - ThreadPoolExecutor-0_6 - [PROD] Payload 870/1000 sent successfully. Status Code: 200
2026-06-30 20:59:43,546 - INFO - ThreadPoolExecutor-0_6 - [PROD] Sending payload 883/1000 | Order Number: V4063005885
2026-06-30 20:59:43,589 - INFO - ThreadPoolExecutor-0_0 - [PROD] Payload 874/1000 sent successfully. Status Code: 200
2026-06-30 20:59:43,590 - INFO - ThreadPoolExecutor-0_0 - [PROD] Sending payload 884/1000 | Order Number: V4063005886
2026-06-30 20:59:43,793 - INFO - ThreadPoolExecutor-0_7 - [PROD] Payload 875/1000 sent successfully. Status Code: 200
2026-06-30 20:59:43,795 - INFO - ThreadPoolExecutor-0_7 - [PROD] Sending payload 885/1000 | Order Number: V4063005887
2026-06-30 20:59:43,951 - INFO - ThreadPoolExecutor-0_9 - [PROD] Payload 876/1000 sent successfully. Status Code: 200
2026-06-30 20:59:43,953 - INFO - ThreadPoolExecutor-0_9 - [PROD] Sending payload 886/1000 | Order Number: V4063005888
2026-06-30 20:59:44,029 - INFO - ThreadPoolExecutor-0_3 - [PROD] Payload 877/1000 sent successfully. Status Code: 200
2026-06-30 20:59:44,031 - INFO - ThreadPoolExecutor-0_3 - [PROD] Sending payload 887/1000 | Order Number: V4063005889
2026-06-30 20:59:44,300 - INFO - ThreadPoolExecutor-0_1 - [PROD] Payload 878/1000 sent successfully. Status Code: 200
2026-06-30 20:59:44,302 - INFO - ThreadPoolExecutor-0_1 - [PROD] Sending payload 888/1000 | Order Number: V4063005890
2026-06-30 20:59:44,794 - INFO - ThreadPoolExecutor-0_5 - [PROD] Payload 879/1000 sent successfully. Status Code: 200
2026-06-30 20:59:44,796 - INFO - ThreadPoolExecutor-0_5 - [PROD] Sending payload 889/1000 | Order Number: V4063005891
2026-06-30 20:59:44,963 - INFO - ThreadPoolExecutor-0_2 - [PROD] Payload 880/1000 sent successfully. Status Code: 200
2026-06-30 20:59:44,964 - INFO - ThreadPoolExecutor-0_2 - [PROD] Sending payload 890/1000 | Order Number: V4063005892
2026-06-30 20:59:45,068 - INFO - ThreadPoolExecutor-0_4 - [PROD] Payload 881/1000 sent successfully. Status Code: 200
2026-06-30 20:59:45,069 - INFO - ThreadPoolExecutor-0_4 - [PROD] Sending payload 891/1000 | Order Number: V4063005893
2026-06-30 20:59:45,116 - INFO - ThreadPoolExecutor-0_8 - [PROD] Payload 882/1000 sent successfully. Status Code: 200
2026-06-30 20:59:45,117 - INFO - ThreadPoolExecutor-0_8 - [PROD] Sending payload 892/1000 | Order Number: V4063005894
2026-06-30 20:59:45,357 - INFO - ThreadPoolExecutor-0_6 - [PROD] Payload 883/1000 sent successfully. Status Code: 200
2026-06-30 20:59:45,359 - INFO - ThreadPoolExecutor-0_6 - [PROD] Sending payload 893/1000 | Order Number: V4063005895
2026-06-30 20:59:45,412 - INFO - ThreadPoolExecutor-0_0 - [PROD] Payload 884/1000 sent successfully. Status Code: 200
2026-06-30 20:59:45,412 - INFO - ThreadPoolExecutor-0_0 - [PROD] Sending payload 894/1000 | Order Number: V4063005896
2026-06-30 20:59:45,634 - INFO - ThreadPoolExecutor-0_7 - [PROD] Payload 885/1000 sent successfully. Status Code: 200
2026-06-30 20:59:45,636 - INFO - ThreadPoolExecutor-0_7 - [PROD] Sending payload 895/1000 | Order Number: V4063005897
2026-06-30 20:59:45,786 - INFO - ThreadPoolExecutor-0_9 - [PROD] Payload 886/1000 sent successfully. Status Code: 200
2026-06-30 20:59:45,788 - INFO - ThreadPoolExecutor-0_9 - [PROD] Sending payload 896/1000 | Order Number: V4063005898
2026-06-30 20:59:46,101 - INFO - ThreadPoolExecutor-0_1 - [PROD] Payload 888/1000 sent successfully. Status Code: 200
2026-06-30 20:59:46,102 - INFO - ThreadPoolExecutor-0_1 - [PROD] Sending payload 897/1000 | Order Number: V4063005899
2026-06-30 20:59:46,206 - INFO - ThreadPoolExecutor-0_3 - [PROD] Payload 887/1000 sent successfully. Status Code: 200
2026-06-30 20:59:46,206 - INFO - ThreadPoolExecutor-0_3 - [PROD] Sending payload 898/1000 | Order Number: V4063005900
2026-06-30 20:59:46,691 - INFO - ThreadPoolExecutor-0_5 - [PROD] Payload 889/1000 sent successfully. Status Code: 200
2026-06-30 20:59:46,692 - INFO - ThreadPoolExecutor-0_5 - [PROD] Sending payload 899/1000 | Order Number: V4063005901
2026-06-30 20:59:46,886 - INFO - ThreadPoolExecutor-0_2 - [PROD] Payload 890/1000 sent successfully. Status Code: 200
2026-06-30 20:59:46,888 - INFO - ThreadPoolExecutor-0_2 - [PROD] Sending payload 900/1000 | Order Number: V4063005902
2026-06-30 20:59:47,003 - INFO - ThreadPoolExecutor-0_8 - [PROD] Payload 892/1000 sent successfully. Status Code: 200
2026-06-30 20:59:47,004 - INFO - ThreadPoolExecutor-0_8 - [PROD] Sending payload 901/1000 | Order Number: V4063005903
2026-06-30 20:59:47,255 - INFO - ThreadPoolExecutor-0_0 - [PROD] Payload 894/1000 sent successfully. Status Code: 200
2026-06-30 20:59:47,257 - INFO - ThreadPoolExecutor-0_0 - [PROD] Sending payload 902/1000 | Order Number: V4063005904
2026-06-30 20:59:47,450 - INFO - ThreadPoolExecutor-0_6 - [PROD] Payload 893/1000 sent successfully. Status Code: 200
2026-06-30 20:59:47,451 - INFO - ThreadPoolExecutor-0_6 - [PROD] Sending payload 903/1000 | Order Number: V4063005905
2026-06-30 20:59:47,528 - INFO - ThreadPoolExecutor-0_7 - [PROD] Payload 895/1000 sent successfully. Status Code: 200
2026-06-30 20:59:47,530 - INFO - ThreadPoolExecutor-0_7 - [PROD] Sending payload 904/1000 | Order Number: V4063005906
2026-06-30 20:59:47,701 - INFO - ThreadPoolExecutor-0_9 - [PROD] Payload 896/1000 sent successfully. Status Code: 200
2026-06-30 20:59:47,703 - INFO - ThreadPoolExecutor-0_9 - [PROD] Sending payload 905/1000 | Order Number: V4063005907
2026-06-30 20:59:47,970 - INFO - ThreadPoolExecutor-0_1 - [PROD] Payload 897/1000 sent successfully. Status Code: 200
2026-06-30 20:59:47,972 - INFO - ThreadPoolExecutor-0_1 - [PROD] Sending payload 906/1000 | Order Number: V4063005908
2026-06-30 20:59:48,120 - INFO - ThreadPoolExecutor-0_3 - [PROD] Payload 898/1000 sent successfully. Status Code: 200
2026-06-30 20:59:48,122 - INFO - ThreadPoolExecutor-0_3 - [PROD] Sending payload 907/1000 | Order Number: V4063005909
2026-06-30 20:59:48,150 - INFO - ThreadPoolExecutor-0_4 - [PROD] Payload 891/1000 sent successfully. Status Code: 200
2026-06-30 20:59:48,151 - INFO - ThreadPoolExecutor-0_4 - [PROD] Sending payload 908/1000 | Order Number: V4063005910
2026-06-30 20:59:48,510 - INFO - ThreadPoolExecutor-0_5 - [PROD] Payload 899/1000 sent successfully. Status Code: 200
2026-06-30 20:59:48,512 - INFO - ThreadPoolExecutor-0_5 - [PROD] Sending payload 909/1000 | Order Number: V4063005911
2026-06-30 20:59:48,839 - INFO - ThreadPoolExecutor-0_8 - [PROD] Payload 901/1000 sent successfully. Status Code: 200
2026-06-30 20:59:48,842 - INFO - ThreadPoolExecutor-0_8 - [PROD] Sending payload 910/1000 | Order Number: V4063005912
2026-06-30 20:59:48,868 - INFO - ThreadPoolExecutor-0_2 - [PROD] Payload 900/1000 sent successfully. Status Code: 200
2026-06-30 20:59:48,870 - INFO - ThreadPoolExecutor-0_2 - [PROD] Sending payload 911/1000 | Order Number: V4063005913
2026-06-30 20:59:49,118 - INFO - ThreadPoolExecutor-0_0 - [PROD] Payload 902/1000 sent successfully. Status Code: 200
2026-06-30 20:59:49,120 - INFO - ThreadPoolExecutor-0_0 - [PROD] Sending payload 912/1000 | Order Number: V4063005914
2026-06-30 20:59:49,295 - INFO - ThreadPoolExecutor-0_6 - [PROD] Payload 903/1000 sent successfully. Status Code: 200
2026-06-30 20:59:49,297 - INFO - ThreadPoolExecutor-0_6 - [PROD] Sending payload 913/1000 | Order Number: V4063005915
2026-06-30 20:59:49,436 - INFO - ThreadPoolExecutor-0_7 - [PROD] Payload 904/1000 sent successfully. Status Code: 200
2026-06-30 20:59:49,438 - INFO - ThreadPoolExecutor-0_7 - [PROD] Sending payload 914/1000 | Order Number: V4063005916
2026-06-30 20:59:49,566 - INFO - ThreadPoolExecutor-0_9 - [PROD] Payload 905/1000 sent successfully. Status Code: 200
2026-06-30 20:59:49,567 - INFO - ThreadPoolExecutor-0_9 - [PROD] Sending payload 915/1000 | Order Number: V4063005917
2026-06-30 20:59:49,757 - INFO - ThreadPoolExecutor-0_1 - [PROD] Payload 906/1000 sent successfully. Status Code: 200
2026-06-30 20:59:49,758 - INFO - ThreadPoolExecutor-0_1 - [PROD] Sending payload 916/1000 | Order Number: V4063005918
2026-06-30 20:59:50,002 - INFO - ThreadPoolExecutor-0_3 - [PROD] Payload 907/1000 sent successfully. Status Code: 200
2026-06-30 20:59:50,004 - INFO - ThreadPoolExecutor-0_3 - [PROD] Sending payload 917/1000 | Order Number: V4063005919
2026-06-30 20:59:50,198 - INFO - ThreadPoolExecutor-0_4 - [PROD] Payload 908/1000 sent successfully. Status Code: 200
2026-06-30 20:59:50,199 - INFO - ThreadPoolExecutor-0_4 - [PROD] Sending payload 918/1000 | Order Number: V4063005920
2026-06-30 20:59:50,398 - INFO - ThreadPoolExecutor-0_5 - [PROD] Payload 909/1000 sent successfully. Status Code: 200
2026-06-30 20:59:50,398 - INFO - ThreadPoolExecutor-0_5 - [PROD] Sending payload 919/1000 | Order Number: V4063005921
2026-06-30 20:59:50,649 - INFO - ThreadPoolExecutor-0_8 - [PROD] Payload 910/1000 sent successfully. Status Code: 200
2026-06-30 20:59:50,651 - INFO - ThreadPoolExecutor-0_8 - [PROD] Sending payload 920/1000 | Order Number: V4063005922
2026-06-30 20:59:50,828 - INFO - ThreadPoolExecutor-0_2 - [PROD] Payload 911/1000 sent successfully. Status Code: 200
2026-06-30 20:59:50,829 - INFO - ThreadPoolExecutor-0_2 - [PROD] Sending payload 921/1000 | Order Number: V4063005923
2026-06-30 20:59:50,938 - INFO - ThreadPoolExecutor-0_0 - [PROD] Payload 912/1000 sent successfully. Status Code: 200
2026-06-30 20:59:50,939 - INFO - ThreadPoolExecutor-0_0 - [PROD] Sending payload 922/1000 | Order Number: V4063005924
2026-06-30 20:59:51,133 - INFO - ThreadPoolExecutor-0_6 - [PROD] Payload 913/1000 sent successfully. Status Code: 200
2026-06-30 20:59:51,134 - INFO - ThreadPoolExecutor-0_6 - [PROD] Sending payload 923/1000 | Order Number: V4063005925
2026-06-30 20:59:51,283 - INFO - ThreadPoolExecutor-0_7 - [PROD] Payload 914/1000 sent successfully. Status Code: 200
2026-06-30 20:59:51,285 - INFO - ThreadPoolExecutor-0_7 - [PROD] Sending payload 924/1000 | Order Number: V4063005926
2026-06-30 20:59:51,396 - INFO - ThreadPoolExecutor-0_9 - [PROD] Payload 915/1000 sent successfully. Status Code: 200
2026-06-30 20:59:51,398 - INFO - ThreadPoolExecutor-0_9 - [PROD] Sending payload 925/1000 | Order Number: V4063005927
2026-06-30 20:59:51,570 - INFO - ThreadPoolExecutor-0_1 - [PROD] Payload 916/1000 sent successfully. Status Code: 200
2026-06-30 20:59:51,572 - INFO - ThreadPoolExecutor-0_1 - [PROD] Sending payload 926/1000 | Order Number: V4063005928
2026-06-30 20:59:51,880 - INFO - ThreadPoolExecutor-0_3 - [PROD] Payload 917/1000 sent successfully. Status Code: 200
2026-06-30 20:59:51,882 - INFO - ThreadPoolExecutor-0_3 - [PROD] Sending payload 927/1000 | Order Number: V4063005929
2026-06-30 20:59:52,060 - INFO - ThreadPoolExecutor-0_4 - [PROD] Payload 918/1000 sent successfully. Status Code: 200
2026-06-30 20:59:52,062 - INFO - ThreadPoolExecutor-0_4 - [PROD] Sending payload 928/1000 | Order Number: V4063005930
2026-06-30 20:59:52,252 - INFO - ThreadPoolExecutor-0_5 - [PROD] Payload 919/1000 sent successfully. Status Code: 200
2026-06-30 20:59:52,254 - INFO - ThreadPoolExecutor-0_5 - [PROD] Sending payload 929/1000 | Order Number: V4063005931
2026-06-30 20:59:52,496 - INFO - ThreadPoolExecutor-0_8 - [PROD] Payload 920/1000 sent successfully. Status Code: 200
2026-06-30 20:59:52,497 - INFO - ThreadPoolExecutor-0_8 - [PROD] Sending payload 930/1000 | Order Number: V4063005932
2026-06-30 20:59:52,676 - INFO - ThreadPoolExecutor-0_2 - [PROD] Payload 921/1000 sent successfully. Status Code: 200
2026-06-30 20:59:52,678 - INFO - ThreadPoolExecutor-0_2 - [PROD] Sending payload 931/1000 | Order Number: V4063005933
2026-06-30 20:59:53,047 - INFO - ThreadPoolExecutor-0_6 - [PROD] Payload 923/1000 sent successfully. Status Code: 200
2026-06-30 20:59:53,050 - INFO - ThreadPoolExecutor-0_6 - [PROD] Sending payload 932/1000 | Order Number: V4063005934
2026-06-30 20:59:53,249 - INFO - ThreadPoolExecutor-0_7 - [PROD] Payload 924/1000 sent successfully. Status Code: 200
2026-06-30 20:59:53,251 - INFO - ThreadPoolExecutor-0_7 - [PROD] Sending payload 933/1000 | Order Number: V4063005935
2026-06-30 20:59:53,381 - INFO - ThreadPoolExecutor-0_0 - [PROD] Payload 922/1000 sent successfully. Status Code: 200
2026-06-30 20:59:53,382 - INFO - ThreadPoolExecutor-0_0 - [PROD] Sending payload 934/1000 | Order Number: V4063005936
2026-06-30 20:59:53,385 - INFO - ThreadPoolExecutor-0_1 - [PROD] Payload 926/1000 sent successfully. Status Code: 200
2026-06-30 20:59:53,386 - INFO - ThreadPoolExecutor-0_1 - [PROD] Sending payload 935/1000 | Order Number: V4063005937
2026-06-30 20:59:53,685 - INFO - ThreadPoolExecutor-0_3 - [PROD] Payload 927/1000 sent successfully. Status Code: 200
2026-06-30 20:59:53,686 - INFO - ThreadPoolExecutor-0_3 - [PROD] Sending payload 936/1000 | Order Number: V4063005938
2026-06-30 20:59:53,689 - INFO - ThreadPoolExecutor-0_9 - [PROD] Payload 925/1000 sent successfully. Status Code: 200
2026-06-30 20:59:53,690 - INFO - ThreadPoolExecutor-0_9 - [PROD] Sending payload 937/1000 | Order Number: V4063005939
2026-06-30 20:59:53,952 - INFO - ThreadPoolExecutor-0_4 - [PROD] Payload 928/1000 sent successfully. Status Code: 200
2026-06-30 20:59:53,954 - INFO - ThreadPoolExecutor-0_4 - [PROD] Sending payload 938/1000 | Order Number: V4063005940
2026-06-30 20:59:54,056 - INFO - ThreadPoolExecutor-0_5 - [PROD] Payload 929/1000 sent successfully. Status Code: 200
2026-06-30 20:59:54,058 - INFO - ThreadPoolExecutor-0_5 - [PROD] Sending payload 939/1000 | Order Number: V4063005941
2026-06-30 20:59:54,336 - INFO - ThreadPoolExecutor-0_8 - [PROD] Payload 930/1000 sent successfully. Status Code: 200
2026-06-30 20:59:54,338 - INFO - ThreadPoolExecutor-0_8 - [PROD] Sending payload 940/1000 | Order Number: V4063005942
2026-06-30 20:59:54,528 - INFO - ThreadPoolExecutor-0_2 - [PROD] Payload 931/1000 sent successfully. Status Code: 200
2026-06-30 20:59:54,529 - INFO - ThreadPoolExecutor-0_2 - [PROD] Sending payload 941/1000 | Order Number: V4063005943
2026-06-30 20:59:54,969 - INFO - ThreadPoolExecutor-0_6 - [PROD] Payload 932/1000 sent successfully. Status Code: 200
2026-06-30 20:59:54,971 - INFO - ThreadPoolExecutor-0_6 - [PROD] Sending payload 942/1000 | Order Number: V4063005944
2026-06-30 20:59:55,103 - INFO - ThreadPoolExecutor-0_7 - [PROD] Payload 933/1000 sent successfully. Status Code: 200
2026-06-30 20:59:55,105 - INFO - ThreadPoolExecutor-0_7 - [PROD] Sending payload 943/1000 | Order Number: V4063005945
2026-06-30 20:59:55,195 - INFO - ThreadPoolExecutor-0_0 - [PROD] Payload 934/1000 sent successfully. Status Code: 200
2026-06-30 20:59:55,197 - INFO - ThreadPoolExecutor-0_0 - [PROD] Sending payload 944/1000 | Order Number: V4063005946
2026-06-30 20:59:55,230 - INFO - ThreadPoolExecutor-0_1 - [PROD] Payload 935/1000 sent successfully. Status Code: 200
2026-06-30 20:59:55,230 - INFO - ThreadPoolExecutor-0_1 - [PROD] Sending payload 945/1000 | Order Number: V4063005947
2026-06-30 20:59:55,631 - INFO - ThreadPoolExecutor-0_3 - [PROD] Payload 936/1000 sent successfully. Status Code: 200
2026-06-30 20:59:55,632 - INFO - ThreadPoolExecutor-0_3 - [PROD] Sending payload 946/1000 | Order Number: V4063005948
2026-06-30 20:59:55,817 - INFO - ThreadPoolExecutor-0_4 - [PROD] Payload 938/1000 sent successfully. Status Code: 200
2026-06-30 20:59:55,819 - INFO - ThreadPoolExecutor-0_4 - [PROD] Sending payload 947/1000 | Order Number: V4063005949
2026-06-30 20:59:55,868 - INFO - ThreadPoolExecutor-0_9 - [PROD] Payload 937/1000 sent successfully. Status Code: 200
2026-06-30 20:59:55,868 - INFO - ThreadPoolExecutor-0_9 - [PROD] Sending payload 948/1000 | Order Number: V4063005950
2026-06-30 20:59:55,889 - INFO - ThreadPoolExecutor-0_5 - [PROD] Payload 939/1000 sent successfully. Status Code: 200
2026-06-30 20:59:55,890 - INFO - ThreadPoolExecutor-0_5 - [PROD] Sending payload 949/1000 | Order Number: V4063005951
2026-06-30 20:59:56,160 - INFO - ThreadPoolExecutor-0_8 - [PROD] Payload 940/1000 sent successfully. Status Code: 200
2026-06-30 20:59:56,162 - INFO - ThreadPoolExecutor-0_8 - [PROD] Sending payload 950/1000 | Order Number: V4063005952
2026-06-30 20:59:56,439 - INFO - ThreadPoolExecutor-0_2 - [PROD] Payload 941/1000 sent successfully. Status Code: 200
2026-06-30 20:59:56,440 - INFO - ThreadPoolExecutor-0_2 - [PROD] Sending payload 951/1000 | Order Number: V4063005953
2026-06-30 20:59:56,795 - INFO - ThreadPoolExecutor-0_6 - [PROD] Payload 942/1000 sent successfully. Status Code: 200
2026-06-30 20:59:56,796 - INFO - ThreadPoolExecutor-0_6 - [PROD] Sending payload 952/1000 | Order Number: V4063005954
2026-06-30 20:59:56,978 - INFO - ThreadPoolExecutor-0_7 - [PROD] Payload 943/1000 sent successfully. Status Code: 200
2026-06-30 20:59:56,979 - INFO - ThreadPoolExecutor-0_7 - [PROD] Sending payload 953/1000 | Order Number: V4063005955
2026-06-30 20:59:57,056 - INFO - ThreadPoolExecutor-0_0 - [PROD] Payload 944/1000 sent successfully. Status Code: 200
2026-06-30 20:59:57,057 - INFO - ThreadPoolExecutor-0_0 - [PROD] Sending payload 954/1000 | Order Number: V4063005956
2026-06-30 20:59:57,074 - INFO - ThreadPoolExecutor-0_1 - [PROD] Payload 945/1000 sent successfully. Status Code: 200
2026-06-30 20:59:57,074 - INFO - ThreadPoolExecutor-0_1 - [PROD] Sending payload 955/1000 | Order Number: V4063005957
2026-06-30 20:59:57,526 - INFO - ThreadPoolExecutor-0_3 - [PROD] Payload 946/1000 sent successfully. Status Code: 200
2026-06-30 20:59:57,527 - INFO - ThreadPoolExecutor-0_3 - [PROD] Sending payload 956/1000 | Order Number: V4063005958
2026-06-30 20:59:57,598 - INFO - ThreadPoolExecutor-0_4 - [PROD] Payload 947/1000 sent successfully. Status Code: 200
2026-06-30 20:59:57,599 - INFO - ThreadPoolExecutor-0_4 - [PROD] Sending payload 957/1000 | Order Number: V4063005959
2026-06-30 20:59:57,754 - INFO - ThreadPoolExecutor-0_9 - [PROD] Payload 948/1000 sent successfully. Status Code: 200
2026-06-30 20:59:57,756 - INFO - ThreadPoolExecutor-0_9 - [PROD] Sending payload 958/1000 | Order Number: V4063005960
2026-06-30 20:59:57,799 - INFO - ThreadPoolExecutor-0_5 - [PROD] Payload 949/1000 sent successfully. Status Code: 200
2026-06-30 20:59:57,800 - INFO - ThreadPoolExecutor-0_5 - [PROD] Sending payload 959/1000 | Order Number: V4063005961
2026-06-30 20:59:58,001 - INFO - ThreadPoolExecutor-0_8 - [PROD] Payload 950/1000 sent successfully. Status Code: 200
2026-06-30 20:59:58,006 - INFO - ThreadPoolExecutor-0_8 - [PROD] Sending payload 960/1000 | Order Number: V4063005962
2026-06-30 20:59:58,329 - INFO - ThreadPoolExecutor-0_2 - [PROD] Payload 951/1000 sent successfully. Status Code: 200
2026-06-30 20:59:58,330 - INFO - ThreadPoolExecutor-0_2 - [PROD] Sending payload 961/1000 | Order Number: V4063005963
2026-06-30 20:59:58,638 - INFO - ThreadPoolExecutor-0_6 - [PROD] Payload 952/1000 sent successfully. Status Code: 200
2026-06-30 20:59:58,639 - INFO - ThreadPoolExecutor-0_6 - [PROD] Sending payload 962/1000 | Order Number: V4063005964
2026-06-30 20:59:58,879 - INFO - ThreadPoolExecutor-0_7 - [PROD] Payload 953/1000 sent successfully. Status Code: 200
2026-06-30 20:59:58,885 - INFO - ThreadPoolExecutor-0_7 - [PROD] Sending payload 963/1000 | Order Number: V4063005965
2026-06-30 20:59:59,002 - INFO - ThreadPoolExecutor-0_0 - [PROD] Payload 954/1000 sent successfully. Status Code: 200
2026-06-30 20:59:59,003 - INFO - ThreadPoolExecutor-0_0 - [PROD] Sending payload 964/1000 | Order Number: V4063005966
2026-06-30 20:59:59,071 - INFO - ThreadPoolExecutor-0_1 - [PROD] Payload 955/1000 sent successfully. Status Code: 200
2026-06-30 20:59:59,072 - INFO - ThreadPoolExecutor-0_1 - [PROD] Sending payload 965/1000 | Order Number: V4063005967
2026-06-30 20:59:59,327 - INFO - ThreadPoolExecutor-0_3 - [PROD] Payload 956/1000 sent successfully. Status Code: 200
2026-06-30 20:59:59,328 - INFO - ThreadPoolExecutor-0_3 - [PROD] Sending payload 966/1000 | Order Number: V4063005968
2026-06-30 20:59:59,516 - INFO - ThreadPoolExecutor-0_4 - [PROD] Payload 957/1000 sent successfully. Status Code: 200
2026-06-30 20:59:59,517 - INFO - ThreadPoolExecutor-0_4 - [PROD] Sending payload 967/1000 | Order Number: V4063005969
2026-06-30 20:59:59,607 - INFO - ThreadPoolExecutor-0_9 - [PROD] Payload 958/1000 sent successfully. Status Code: 200
2026-06-30 20:59:59,609 - INFO - ThreadPoolExecutor-0_9 - [PROD] Sending payload 968/1000 | Order Number: V4063005970
2026-06-30 20:59:59,678 - INFO - ThreadPoolExecutor-0_5 - [PROD] Payload 959/1000 sent successfully. Status Code: 200
2026-06-30 20:59:59,680 - INFO - ThreadPoolExecutor-0_5 - [PROD] Sending payload 969/1000 | Order Number: V4063005971
2026-06-30 20:59:59,850 - INFO - ThreadPoolExecutor-0_8 - [PROD] Payload 960/1000 sent successfully. Status Code: 200
2026-06-30 20:59:59,851 - INFO - ThreadPoolExecutor-0_8 - [PROD] Sending payload 970/1000 | Order Number: V4063005972
2026-06-30 21:00:00,372 - INFO - ThreadPoolExecutor-0_2 - [PROD] Payload 961/1000 sent successfully. Status Code: 200
2026-06-30 21:00:00,376 - INFO - ThreadPoolExecutor-0_2 - [PROD] Sending payload 971/1000 | Order Number: V4063005973
2026-06-30 21:00:00,737 - INFO - ThreadPoolExecutor-0_7 - [PROD] Payload 963/1000 sent successfully. Status Code: 200
2026-06-30 21:00:00,739 - INFO - ThreadPoolExecutor-0_7 - [PROD] Sending payload 972/1000 | Order Number: V4063005974
2026-06-30 21:00:00,741 - INFO - ThreadPoolExecutor-0_6 - [PROD] Payload 962/1000 sent successfully. Status Code: 200
2026-06-30 21:00:00,742 - INFO - ThreadPoolExecutor-0_6 - [PROD] Sending payload 973/1000 | Order Number: V4063005975
2026-06-30 21:00:00,884 - INFO - ThreadPoolExecutor-0_0 - [PROD] Payload 964/1000 sent successfully. Status Code: 200
2026-06-30 21:00:00,886 - INFO - ThreadPoolExecutor-0_0 - [PROD] Sending payload 974/1000 | Order Number: V4063005976
2026-06-30 21:00:01,253 - INFO - ThreadPoolExecutor-0_1 - [PROD] Payload 965/1000 sent successfully. Status Code: 200
2026-06-30 21:00:01,254 - INFO - ThreadPoolExecutor-0_1 - [PROD] Sending payload 975/1000 | Order Number: V4063005977
2026-06-30 21:00:01,645 - INFO - ThreadPoolExecutor-0_9 - [PROD] Payload 968/1000 sent successfully. Status Code: 200
2026-06-30 21:00:01,647 - INFO - ThreadPoolExecutor-0_9 - [PROD] Sending payload 976/1000 | Order Number: V4063005978
2026-06-30 21:00:01,762 - INFO - ThreadPoolExecutor-0_3 - [PROD] Payload 966/1000 sent successfully. Status Code: 200
2026-06-30 21:00:01,763 - INFO - ThreadPoolExecutor-0_3 - [PROD] Sending payload 977/1000 | Order Number: V4063005979
2026-06-30 21:00:01,917 - INFO - ThreadPoolExecutor-0_5 - [PROD] Payload 969/1000 sent successfully. Status Code: 200
2026-06-30 21:00:01,919 - INFO - ThreadPoolExecutor-0_5 - [PROD] Sending payload 978/1000 | Order Number: V4063005980
2026-06-30 21:00:02,024 - INFO - ThreadPoolExecutor-0_4 - [PROD] Payload 967/1000 sent successfully. Status Code: 200
2026-06-30 21:00:02,026 - INFO - ThreadPoolExecutor-0_4 - [PROD] Sending payload 979/1000 | Order Number: V4063005981
2026-06-30 21:00:02,227 - INFO - ThreadPoolExecutor-0_8 - [PROD] Payload 970/1000 sent successfully. Status Code: 200
2026-06-30 21:00:02,231 - INFO - ThreadPoolExecutor-0_8 - [PROD] Sending payload 980/1000 | Order Number: V4063005982
2026-06-30 21:00:02,743 - INFO - ThreadPoolExecutor-0_6 - [PROD] Payload 973/1000 sent successfully. Status Code: 200
2026-06-30 21:00:02,744 - INFO - ThreadPoolExecutor-0_6 - [PROD] Sending payload 981/1000 | Order Number: V4063005983
2026-06-30 21:00:02,878 - INFO - ThreadPoolExecutor-0_2 - [PROD] Payload 971/1000 sent successfully. Status Code: 200
2026-06-30 21:00:02,880 - INFO - ThreadPoolExecutor-0_2 - [PROD] Sending payload 982/1000 | Order Number: V4063005984
2026-06-30 21:00:02,977 - INFO - ThreadPoolExecutor-0_7 - [PROD] Payload 972/1000 sent successfully. Status Code: 200
2026-06-30 21:00:02,980 - INFO - ThreadPoolExecutor-0_7 - [PROD] Sending payload 983/1000 | Order Number: V4063005985
2026-06-30 21:00:03,161 - INFO - ThreadPoolExecutor-0_1 - [PROD] Payload 975/1000 sent successfully. Status Code: 200
2026-06-30 21:00:03,162 - INFO - ThreadPoolExecutor-0_1 - [PROD] Sending payload 984/1000 | Order Number: V4063005986
2026-06-30 21:00:03,526 - INFO - ThreadPoolExecutor-0_9 - [PROD] Payload 976/1000 sent successfully. Status Code: 200
2026-06-30 21:00:03,527 - INFO - ThreadPoolExecutor-0_9 - [PROD] Sending payload 985/1000 | Order Number: V4063005987
2026-06-30 21:00:03,749 - INFO - ThreadPoolExecutor-0_0 - [PROD] Payload 974/1000 sent successfully. Status Code: 200
2026-06-30 21:00:03,751 - INFO - ThreadPoolExecutor-0_0 - [PROD] Sending payload 986/1000 | Order Number: V4063005988
2026-06-30 21:00:03,979 - INFO - ThreadPoolExecutor-0_4 - [PROD] Payload 979/1000 sent successfully. Status Code: 200
2026-06-30 21:00:03,980 - INFO - ThreadPoolExecutor-0_4 - [PROD] Sending payload 987/1000 | Order Number: V4063005989
2026-06-30 21:00:04,186 - INFO - ThreadPoolExecutor-0_3 - [PROD] Payload 977/1000 sent successfully. Status Code: 200
2026-06-30 21:00:04,188 - INFO - ThreadPoolExecutor-0_3 - [PROD] Sending payload 988/1000 | Order Number: V4063005990
2026-06-30 21:00:04,740 - INFO - ThreadPoolExecutor-0_5 - [PROD] Payload 978/1000 sent successfully. Status Code: 200
2026-06-30 21:00:04,743 - INFO - ThreadPoolExecutor-0_5 - [PROD] Sending payload 989/1000 | Order Number: V4063005991
2026-06-30 21:00:04,810 - INFO - ThreadPoolExecutor-0_8 - [PROD] Payload 980/1000 sent successfully. Status Code: 200
2026-06-30 21:00:04,811 - INFO - ThreadPoolExecutor-0_8 - [PROD] Sending payload 990/1000 | Order Number: V4063005992
2026-06-30 21:00:04,944 - INFO - ThreadPoolExecutor-0_6 - [PROD] Payload 981/1000 sent successfully. Status Code: 200
2026-06-30 21:00:04,945 - INFO - ThreadPoolExecutor-0_6 - [PROD] Sending payload 991/1000 | Order Number: V4063005993
2026-06-30 21:00:04,957 - INFO - ThreadPoolExecutor-0_2 - [PROD] Payload 982/1000 sent successfully. Status Code: 200
2026-06-30 21:00:04,958 - INFO - ThreadPoolExecutor-0_2 - [PROD] Sending payload 992/1000 | Order Number: V4063005994
2026-06-30 21:00:05,121 - INFO - ThreadPoolExecutor-0_1 - [PROD] Payload 984/1000 sent successfully. Status Code: 200
2026-06-30 21:00:05,121 - INFO - ThreadPoolExecutor-0_1 - [PROD] Sending payload 993/1000 | Order Number: V4063005995
2026-06-30 21:00:05,157 - INFO - ThreadPoolExecutor-0_7 - [PROD] Payload 983/1000 sent successfully. Status Code: 200
2026-06-30 21:00:05,157 - INFO - ThreadPoolExecutor-0_7 - [PROD] Sending payload 994/1000 | Order Number: V4063005996
2026-06-30 21:00:05,512 - INFO - ThreadPoolExecutor-0_9 - [PROD] Payload 985/1000 sent successfully. Status Code: 200
2026-06-30 21:00:05,514 - INFO - ThreadPoolExecutor-0_9 - [PROD] Sending payload 995/1000 | Order Number: V4063005997
2026-06-30 21:00:05,964 - INFO - ThreadPoolExecutor-0_4 - [PROD] Payload 987/1000 sent successfully. Status Code: 200
2026-06-30 21:00:05,966 - INFO - ThreadPoolExecutor-0_4 - [PROD] Sending payload 996/1000 | Order Number: V4063005998
2026-06-30 21:00:05,977 - INFO - ThreadPoolExecutor-0_0 - [PROD] Payload 986/1000 sent successfully. Status Code: 200
2026-06-30 21:00:05,978 - INFO - ThreadPoolExecutor-0_0 - [PROD] Sending payload 997/1000 | Order Number: V4063005999
2026-06-30 21:00:06,534 - INFO - ThreadPoolExecutor-0_3 - [PROD] Payload 988/1000 sent successfully. Status Code: 200
2026-06-30 21:00:06,535 - INFO - ThreadPoolExecutor-0_3 - [PROD] Sending payload 998/1000 | Order Number: V4063006000
2026-06-30 21:00:06,690 - INFO - ThreadPoolExecutor-0_8 - [PROD] Payload 990/1000 sent successfully. Status Code: 200
2026-06-30 21:00:06,691 - INFO - ThreadPoolExecutor-0_8 - [PROD] Sending payload 999/1000 | Order Number: V4063006001
2026-06-30 21:00:06,792 - INFO - ThreadPoolExecutor-0_5 - [PROD] Payload 989/1000 sent successfully. Status Code: 200
2026-06-30 21:00:06,792 - INFO - ThreadPoolExecutor-0_5 - [PROD] Sending payload 1000/1000 | Order Number: V4063006002
2026-06-30 21:00:06,832 - INFO - ThreadPoolExecutor-0_6 - [PROD] Payload 991/1000 sent successfully. Status Code: 200
2026-06-30 21:00:07,120 - INFO - ThreadPoolExecutor-0_1 - [PROD] Payload 993/1000 sent successfully. Status Code: 200
2026-06-30 21:00:07,144 - INFO - ThreadPoolExecutor-0_2 - [PROD] Payload 992/1000 sent successfully. Status Code: 200
2026-06-30 21:00:07,167 - INFO - ThreadPoolExecutor-0_7 - [PROD] Payload 994/1000 sent successfully. Status Code: 200
2026-06-30 21:00:07,624 - INFO - ThreadPoolExecutor-0_9 - [PROD] Payload 995/1000 sent successfully. Status Code: 200
2026-06-30 21:00:08,035 - INFO - ThreadPoolExecutor-0_0 - [PROD] Payload 997/1000 sent successfully. Status Code: 200
2026-06-30 21:00:08,091 - INFO - ThreadPoolExecutor-0_4 - [PROD] Payload 996/1000 sent successfully. Status Code: 200
2026-06-30 21:00:08,501 - INFO - ThreadPoolExecutor-0_3 - [PROD] Payload 998/1000 sent successfully. Status Code: 200
2026-06-30 21:00:08,551 - INFO - ThreadPoolExecutor-0_8 - [PROD] Payload 999/1000 sent successfully. Status Code: 200
2026-06-30 21:00:08,707 - INFO - ThreadPoolExecutor-0_5 - [PROD] Payload 1000/1000 sent successfully. Status Code: 200
2026-06-30 21:00:08,711 - INFO - MainThread - Completed order creation. Success: 1000, Failed: 0, Total: 1000
