2026-06-30 21:14:45,153 - INFO - MainThread - Execution log file: /Users/vgana3/Documents/GitHub/Nike/J30/Outbound/logs/FR_Order_Creation_Prod_Multithread_20260630_211445_149764.log
2026-06-30 21:14:45,439 - INFO - MainThread - Sheets found in '/Users/vgana3/Documents/GitHub/Nike/J30/Input_files/Outbound_Worksheet.xlsx': ['CreateOrder', 'Parent_Order', 'BackUp', 'TranLog', 'MHE_Journal', 'OriginalOrderInput', 'CreateShipment', 'MasterData', 'MasterInput', 'Shipment_ID', 'Item_info', 'B2B_SUB_HUB']
2026-06-30 21:14:45,618 - INFO - MainThread - Successfully extracted 1000 data row(s) for processing.
2026-06-30 21:14:45,618 - INFO - MainThread - Processing Excel Row 1
2026-06-30 21:14:45,623 - INFO - MainThread - Order: V4063006003
2026-06-30 21:14:45,624 - INFO - MainThread - Processing Excel Row 2
2026-06-30 21:14:45,626 - INFO - MainThread - Order: V4063006004
2026-06-30 21:14:45,626 - INFO - MainThread - Processing Excel Row 3
2026-06-30 21:14:45,628 - INFO - MainThread - Order: V4063006005
2026-06-30 21:14:45,628 - INFO - MainThread - Processing Excel Row 4
2026-06-30 21:14:45,632 - INFO - MainThread - Order: V4063006006
2026-06-30 21:14:45,632 - INFO - MainThread - Processing Excel Row 5
2026-06-30 21:14:45,635 - INFO - MainThread - Order: V4063006007
2026-06-30 21:14:45,635 - INFO - MainThread - Processing Excel Row 6
2026-06-30 21:14:45,638 - INFO - MainThread - Order: V4063006008
2026-06-30 21:14:45,638 - INFO - MainThread - Processing Excel Row 7
2026-06-30 21:14:45,640 - INFO - MainThread - Order: V4063006009
2026-06-30 21:14:45,640 - INFO - MainThread - Processing Excel Row 8
2026-06-30 21:14:45,642 - INFO - MainThread - Order: V4063006010
2026-06-30 21:14:45,642 - INFO - MainThread - Processing Excel Row 9
2026-06-30 21:14:45,644 - INFO - MainThread - Order: V4063006011
2026-06-30 21:14:45,644 - INFO - MainThread - Processing Excel Row 10
2026-06-30 21:14:45,649 - INFO - MainThread - Order: V4063006012
2026-06-30 21:14:45,649 - INFO - MainThread - Processing Excel Row 11
2026-06-30 21:14:45,651 - INFO - MainThread - Order: V4063006013
2026-06-30 21:14:45,651 - INFO - MainThread - Processing Excel Row 12
2026-06-30 21:14:45,653 - INFO - MainThread - Order: V4063006014
2026-06-30 21:14:45,653 - INFO - MainThread - Processing Excel Row 13
2026-06-30 21:14:45,655 - INFO - MainThread - Order: V4063006015
2026-06-30 21:14:45,655 - INFO - MainThread - Processing Excel Row 14
2026-06-30 21:14:45,656 - INFO - MainThread - Order: V4063006016
2026-06-30 21:14:45,656 - INFO - MainThread - Processing Excel Row 15
2026-06-30 21:14:45,657 - INFO - MainThread - Order: V4063006017
2026-06-30 21:14:45,657 - INFO - MainThread - Processing Excel Row 16
2026-06-30 21:14:45,658 - INFO - MainThread - Order: V4063006018
2026-06-30 21:14:45,658 - INFO - MainThread - Processing Excel Row 17
2026-06-30 21:14:45,659 - INFO - MainThread - Order: V4063006019
2026-06-30 21:14:45,659 - INFO - MainThread - Processing Excel Row 18
2026-06-30 21:14:45,660 - INFO - MainThread - Order: V4063006020
2026-06-30 21:14:45,660 - INFO - MainThread - Processing Excel Row 19
2026-06-30 21:14:45,661 - INFO - MainThread - Order: V4063006021
2026-06-30 21:14:45,661 - INFO - MainThread - Processing Excel Row 20
2026-06-30 21:14:45,662 - INFO - MainThread - Order: V4063006022
2026-06-30 21:14:45,662 - INFO - MainThread - Processing Excel Row 21
2026-06-30 21:14:45,662 - INFO - MainThread - Order: V4063006023
2026-06-30 21:14:45,662 - INFO - MainThread - Processing Excel Row 22
2026-06-30 21:14:45,663 - INFO - MainThread - Order: V4063006024
2026-06-30 21:14:45,663 - INFO - MainThread - Processing Excel Row 23
2026-06-30 21:14:45,664 - INFO - MainThread - Order: V4063006025
2026-06-30 21:14:45,664 - INFO - MainThread - Processing Excel Row 24
2026-06-30 21:14:45,665 - INFO - MainThread - Order: V4063006026
2026-06-30 21:14:45,665 - INFO - MainThread - Processing Excel Row 25
2026-06-30 21:14:45,666 - INFO - MainThread - Order: V4063006027
2026-06-30 21:14:45,666 - INFO - MainThread - Processing Excel Row 26
2026-06-30 21:14:45,669 - INFO - MainThread - Order: V4063006028
2026-06-30 21:14:45,669 - INFO - MainThread - Processing Excel Row 27
2026-06-30 21:14:45,671 - INFO - MainThread - Order: V4063006029
2026-06-30 21:14:45,671 - INFO - MainThread - Processing Excel Row 28
2026-06-30 21:14:45,673 - INFO - MainThread - Order: V4063006030
2026-06-30 21:14:45,673 - INFO - MainThread - Processing Excel Row 29
2026-06-30 21:14:45,676 - INFO - MainThread - Order: V4063006031
2026-06-30 21:14:45,676 - INFO - MainThread - Processing Excel Row 30
2026-06-30 21:14:45,679 - INFO - MainThread - Order: V4063006032
2026-06-30 21:14:45,680 - INFO - MainThread - Processing Excel Row 31
2026-06-30 21:14:45,683 - INFO - MainThread - Order: V4063006033
2026-06-30 21:14:45,683 - INFO - MainThread - Processing Excel Row 32
2026-06-30 21:14:45,686 - INFO - MainThread - Order: V4063006034
2026-06-30 21:14:45,686 - INFO - MainThread - Processing Excel Row 33
2026-06-30 21:14:45,689 - INFO - MainThread - Order: V4063006035
2026-06-30 21:14:45,689 - INFO - MainThread - Processing Excel Row 34
2026-06-30 21:14:45,692 - INFO - MainThread - Order: V4063006036
2026-06-30 21:14:45,692 - INFO - MainThread - Processing Excel Row 35
2026-06-30 21:14:45,694 - INFO - MainThread - Order: V4063006037
2026-06-30 21:14:45,695 - INFO - MainThread - Processing Excel Row 36
2026-06-30 21:14:45,696 - INFO - MainThread - Order: V4063006038
2026-06-30 21:14:45,696 - INFO - MainThread - Processing Excel Row 37
2026-06-30 21:14:45,698 - INFO - MainThread - Order: V4063006039
2026-06-30 21:14:45,699 - INFO - MainThread - Processing Excel Row 38
2026-06-30 21:14:45,701 - INFO - MainThread - Order: V4063006040
2026-06-30 21:14:45,701 - INFO - MainThread - Processing Excel Row 39
2026-06-30 21:14:45,703 - INFO - MainThread - Order: V4063006041
2026-06-30 21:14:45,703 - INFO - MainThread - Processing Excel Row 40
2026-06-30 21:14:45,705 - INFO - MainThread - Order: V4063006042
2026-06-30 21:14:45,705 - INFO - MainThread - Processing Excel Row 41
2026-06-30 21:14:45,707 - INFO - MainThread - Order: V4063006043
2026-06-30 21:14:45,707 - INFO - MainThread - Processing Excel Row 42
2026-06-30 21:14:45,709 - INFO - MainThread - Order: V4063006044
2026-06-30 21:14:45,709 - INFO - MainThread - Processing Excel Row 43
2026-06-30 21:14:45,711 - INFO - MainThread - Order: V4063006045
2026-06-30 21:14:45,711 - INFO - MainThread - Processing Excel Row 44
2026-06-30 21:14:45,712 - INFO - MainThread - Order: V4063006046
2026-06-30 21:14:45,712 - INFO - MainThread - Processing Excel Row 45
2026-06-30 21:14:45,714 - INFO - MainThread - Order: V4063006047
2026-06-30 21:14:45,714 - INFO - MainThread - Processing Excel Row 46
2026-06-30 21:14:45,715 - INFO - MainThread - Order: V4063006048
2026-06-30 21:14:45,715 - INFO - MainThread - Processing Excel Row 47
2026-06-30 21:14:45,718 - INFO - MainThread - Order: V4063006049
2026-06-30 21:14:45,718 - INFO - MainThread - Processing Excel Row 48
2026-06-30 21:14:45,720 - INFO - MainThread - Order: V4063006050
2026-06-30 21:14:45,720 - INFO - MainThread - Processing Excel Row 49
2026-06-30 21:14:45,722 - INFO - MainThread - Order: V4063006051
2026-06-30 21:14:45,722 - INFO - MainThread - Processing Excel Row 50
2026-06-30 21:14:45,724 - INFO - MainThread - Order: V4063006052
2026-06-30 21:14:45,724 - INFO - MainThread - Processing Excel Row 51
2026-06-30 21:14:45,726 - INFO - MainThread - Order: V4063006053
2026-06-30 21:14:45,726 - INFO - MainThread - Processing Excel Row 52
2026-06-30 21:14:45,727 - INFO - MainThread - Order: V4063006054
2026-06-30 21:14:45,727 - INFO - MainThread - Processing Excel Row 53
2026-06-30 21:14:45,729 - INFO - MainThread - Order: V4063006055
2026-06-30 21:14:45,729 - INFO - MainThread - Processing Excel Row 54
2026-06-30 21:14:45,731 - INFO - MainThread - Order: V4063006056
2026-06-30 21:14:45,731 - INFO - MainThread - Processing Excel Row 55
2026-06-30 21:14:45,733 - INFO - MainThread - Order: V4063006057
2026-06-30 21:14:45,733 - INFO - MainThread - Processing Excel Row 56
2026-06-30 21:14:45,735 - INFO - MainThread - Order: V4063006058
2026-06-30 21:14:45,735 - INFO - MainThread - Processing Excel Row 57
2026-06-30 21:14:45,736 - INFO - MainThread - Order: V4063006059
2026-06-30 21:14:45,737 - INFO - MainThread - Processing Excel Row 58
2026-06-30 21:14:45,738 - INFO - MainThread - Order: V4063006060
2026-06-30 21:14:45,738 - INFO - MainThread - Processing Excel Row 59
2026-06-30 21:14:45,740 - INFO - MainThread - Order: V4063006061
2026-06-30 21:14:45,740 - INFO - MainThread - Processing Excel Row 60
2026-06-30 21:14:45,742 - INFO - MainThread - Order: V4063006062
2026-06-30 21:14:45,742 - INFO - MainThread - Processing Excel Row 61
2026-06-30 21:14:45,744 - INFO - MainThread - Order: V4063006063
2026-06-30 21:14:45,744 - INFO - MainThread - Processing Excel Row 62
2026-06-30 21:14:45,746 - INFO - MainThread - Order: V4063006064
2026-06-30 21:14:45,746 - INFO - MainThread - Processing Excel Row 63
2026-06-30 21:14:45,748 - INFO - MainThread - Order: V4063006065
2026-06-30 21:14:45,748 - INFO - MainThread - Processing Excel Row 64
2026-06-30 21:14:45,749 - INFO - MainThread - Order: V4063006066
2026-06-30 21:14:45,749 - INFO - MainThread - Processing Excel Row 65
2026-06-30 21:14:45,751 - INFO - MainThread - Order: V4063006067
2026-06-30 21:14:45,751 - INFO - MainThread - Processing Excel Row 66
2026-06-30 21:14:45,753 - INFO - MainThread - Order: V4063006068
2026-06-30 21:14:45,753 - INFO - MainThread - Processing Excel Row 67
2026-06-30 21:14:45,755 - INFO - MainThread - Order: V4063006069
2026-06-30 21:14:45,755 - INFO - MainThread - Processing Excel Row 68
2026-06-30 21:14:45,757 - INFO - MainThread - Order: V4063006070
2026-06-30 21:14:45,757 - INFO - MainThread - Processing Excel Row 69
2026-06-30 21:14:45,759 - INFO - MainThread - Order: V4063006071
2026-06-30 21:14:45,759 - INFO - MainThread - Processing Excel Row 70
2026-06-30 21:14:45,761 - INFO - MainThread - Order: V4063006072
2026-06-30 21:14:45,761 - INFO - MainThread - Processing Excel Row 71
2026-06-30 21:14:45,762 - INFO - MainThread - Order: V4063006073
2026-06-30 21:14:45,762 - INFO - MainThread - Processing Excel Row 72
2026-06-30 21:14:45,764 - INFO - MainThread - Order: V4063006074
2026-06-30 21:14:45,764 - INFO - MainThread - Processing Excel Row 73
2026-06-30 21:14:45,766 - INFO - MainThread - Order: V4063006075
2026-06-30 21:14:45,766 - INFO - MainThread - Processing Excel Row 74
2026-06-30 21:14:45,768 - INFO - MainThread - Order: V4063006076
2026-06-30 21:14:45,768 - INFO - MainThread - Processing Excel Row 75
2026-06-30 21:14:45,770 - INFO - MainThread - Order: V4063006077
2026-06-30 21:14:45,770 - INFO - MainThread - Processing Excel Row 76
2026-06-30 21:14:45,772 - INFO - MainThread - Order: V4063006078
2026-06-30 21:14:45,772 - INFO - MainThread - Processing Excel Row 77
2026-06-30 21:14:45,773 - INFO - MainThread - Order: V4063006079
2026-06-30 21:14:45,773 - INFO - MainThread - Processing Excel Row 78
2026-06-30 21:14:45,775 - INFO - MainThread - Order: V4063006080
2026-06-30 21:14:45,776 - INFO - MainThread - Processing Excel Row 79
2026-06-30 21:14:45,777 - INFO - MainThread - Order: V4063006081
2026-06-30 21:14:45,777 - INFO - MainThread - Processing Excel Row 80
2026-06-30 21:14:45,779 - INFO - MainThread - Order: V4063006082
2026-06-30 21:14:45,779 - INFO - MainThread - Processing Excel Row 81
2026-06-30 21:14:45,781 - INFO - MainThread - Order: V4063006083
2026-06-30 21:14:45,781 - INFO - MainThread - Processing Excel Row 82
2026-06-30 21:14:45,783 - INFO - MainThread - Order: V4063006084
2026-06-30 21:14:45,783 - INFO - MainThread - Processing Excel Row 83
2026-06-30 21:14:45,784 - INFO - MainThread - Order: V4063006085
2026-06-30 21:14:45,784 - INFO - MainThread - Processing Excel Row 84
2026-06-30 21:14:45,786 - INFO - MainThread - Order: V4063006086
2026-06-30 21:14:45,786 - INFO - MainThread - Processing Excel Row 85
2026-06-30 21:14:45,788 - INFO - MainThread - Order: V4063006087
2026-06-30 21:14:45,788 - INFO - MainThread - Processing Excel Row 86
2026-06-30 21:14:45,790 - INFO - MainThread - Order: V4063006088
2026-06-30 21:14:45,790 - INFO - MainThread - Processing Excel Row 87
2026-06-30 21:14:45,793 - INFO - MainThread - Order: V4063006089
2026-06-30 21:14:45,793 - INFO - MainThread - Processing Excel Row 88
2026-06-30 21:14:45,795 - INFO - MainThread - Order: V4063006090
2026-06-30 21:14:45,795 - INFO - MainThread - Processing Excel Row 89
2026-06-30 21:14:45,798 - INFO - MainThread - Order: V4063006091
2026-06-30 21:14:45,798 - INFO - MainThread - Processing Excel Row 90
2026-06-30 21:14:45,800 - INFO - MainThread - Order: V4063006092
2026-06-30 21:14:45,800 - INFO - MainThread - Processing Excel Row 91
2026-06-30 21:14:45,802 - INFO - MainThread - Order: V4063006093
2026-06-30 21:14:45,802 - INFO - MainThread - Processing Excel Row 92
2026-06-30 21:14:45,804 - INFO - MainThread - Order: V4063006094
2026-06-30 21:14:45,804 - INFO - MainThread - Processing Excel Row 93
2026-06-30 21:14:45,806 - INFO - MainThread - Order: V4063006095
2026-06-30 21:14:45,806 - INFO - MainThread - Processing Excel Row 94
2026-06-30 21:14:45,808 - INFO - MainThread - Order: V4063006096
2026-06-30 21:14:45,808 - INFO - MainThread - Processing Excel Row 95
2026-06-30 21:14:45,810 - INFO - MainThread - Order: V4063006097
2026-06-30 21:14:45,810 - INFO - MainThread - Processing Excel Row 96
2026-06-30 21:14:45,812 - INFO - MainThread - Order: V4063006098
2026-06-30 21:14:45,812 - INFO - MainThread - Processing Excel Row 97
2026-06-30 21:14:45,813 - INFO - MainThread - Order: V4063006099
2026-06-30 21:14:45,813 - INFO - MainThread - Processing Excel Row 98
2026-06-30 21:14:45,815 - INFO - MainThread - Order: V4063006100
2026-06-30 21:14:45,815 - INFO - MainThread - Processing Excel Row 99
2026-06-30 21:14:45,817 - INFO - MainThread - Order: V4063006101
2026-06-30 21:14:45,817 - INFO - MainThread - Processing Excel Row 100
2026-06-30 21:14:45,819 - INFO - MainThread - Order: V4063006102
2026-06-30 21:14:45,819 - INFO - MainThread - Processing Excel Row 101
2026-06-30 21:14:45,822 - INFO - MainThread - Order: V4063006103
2026-06-30 21:14:45,822 - INFO - MainThread - Processing Excel Row 102
2026-06-30 21:14:45,824 - INFO - MainThread - Order: V4063006104
2026-06-30 21:14:45,824 - INFO - MainThread - Processing Excel Row 103
2026-06-30 21:14:45,826 - INFO - MainThread - Order: V4063006105
2026-06-30 21:14:45,826 - INFO - MainThread - Processing Excel Row 104
2026-06-30 21:14:45,828 - INFO - MainThread - Order: V4063006106
2026-06-30 21:14:45,828 - INFO - MainThread - Processing Excel Row 105
2026-06-30 21:14:45,830 - INFO - MainThread - Order: V4063006107
2026-06-30 21:14:45,830 - INFO - MainThread - Processing Excel Row 106
2026-06-30 21:14:45,832 - INFO - MainThread - Order: V4063006108
2026-06-30 21:14:45,832 - INFO - MainThread - Processing Excel Row 107
2026-06-30 21:14:45,834 - INFO - MainThread - Order: V4063006109
2026-06-30 21:14:45,834 - INFO - MainThread - Processing Excel Row 108
2026-06-30 21:14:45,837 - INFO - MainThread - Order: V4063006110
2026-06-30 21:14:45,837 - INFO - MainThread - Processing Excel Row 109
2026-06-30 21:14:45,840 - INFO - MainThread - Order: V4063006111
2026-06-30 21:14:45,840 - INFO - MainThread - Processing Excel Row 110
2026-06-30 21:14:45,842 - INFO - MainThread - Order: V4063006112
2026-06-30 21:14:45,842 - INFO - MainThread - Processing Excel Row 111
2026-06-30 21:14:45,845 - INFO - MainThread - Order: V4063006113
2026-06-30 21:14:45,845 - INFO - MainThread - Processing Excel Row 112
2026-06-30 21:14:45,847 - INFO - MainThread - Order: V4063006114
2026-06-30 21:14:45,847 - INFO - MainThread - Processing Excel Row 113
2026-06-30 21:14:45,849 - INFO - MainThread - Order: V4063006115
2026-06-30 21:14:45,849 - INFO - MainThread - Processing Excel Row 114
2026-06-30 21:14:45,851 - INFO - MainThread - Order: V4063006116
2026-06-30 21:14:45,851 - INFO - MainThread - Processing Excel Row 115
2026-06-30 21:14:45,854 - INFO - MainThread - Order: V4063006117
2026-06-30 21:14:45,854 - INFO - MainThread - Processing Excel Row 116
2026-06-30 21:14:45,855 - INFO - MainThread - Order: V4063006118
2026-06-30 21:14:45,855 - INFO - MainThread - Processing Excel Row 117
2026-06-30 21:14:45,858 - INFO - MainThread - Order: V4063006119
2026-06-30 21:14:45,858 - INFO - MainThread - Processing Excel Row 118
2026-06-30 21:14:45,860 - INFO - MainThread - Order: V4063006120
2026-06-30 21:14:45,860 - INFO - MainThread - Processing Excel Row 119
2026-06-30 21:14:45,862 - INFO - MainThread - Order: V4063006121
2026-06-30 21:14:45,862 - INFO - MainThread - Processing Excel Row 120
2026-06-30 21:14:45,866 - INFO - MainThread - Order: V4063006122
2026-06-30 21:14:45,866 - INFO - MainThread - Processing Excel Row 121
2026-06-30 21:14:45,868 - INFO - MainThread - Order: V4063006123
2026-06-30 21:14:45,868 - INFO - MainThread - Processing Excel Row 122
2026-06-30 21:14:45,870 - INFO - MainThread - Order: V4063006124
2026-06-30 21:14:45,870 - INFO - MainThread - Processing Excel Row 123
2026-06-30 21:14:45,871 - INFO - MainThread - Order: V4063006125
2026-06-30 21:14:45,872 - INFO - MainThread - Processing Excel Row 124
2026-06-30 21:14:45,874 - INFO - MainThread - Order: V4063006126
2026-06-30 21:14:45,874 - INFO - MainThread - Processing Excel Row 125
2026-06-30 21:14:45,878 - INFO - MainThread - Order: V4063006127
2026-06-30 21:14:45,878 - INFO - MainThread - Processing Excel Row 126
2026-06-30 21:14:45,880 - INFO - MainThread - Order: V4063006128
2026-06-30 21:14:45,880 - INFO - MainThread - Processing Excel Row 127
2026-06-30 21:14:45,882 - INFO - MainThread - Order: V4063006129
2026-06-30 21:14:45,882 - INFO - MainThread - Processing Excel Row 128
2026-06-30 21:14:45,883 - INFO - MainThread - Order: V4063006130
2026-06-30 21:14:45,883 - INFO - MainThread - Processing Excel Row 129
2026-06-30 21:14:45,884 - INFO - MainThread - Order: V4063006131
2026-06-30 21:14:45,884 - INFO - MainThread - Processing Excel Row 130
2026-06-30 21:14:45,885 - INFO - MainThread - Order: V4063006132
2026-06-30 21:14:45,885 - INFO - MainThread - Processing Excel Row 131
2026-06-30 21:14:45,887 - INFO - MainThread - Order: V4063006133
2026-06-30 21:14:45,887 - INFO - MainThread - Processing Excel Row 132
2026-06-30 21:14:45,888 - INFO - MainThread - Order: V4063006134
2026-06-30 21:14:45,889 - INFO - MainThread - Processing Excel Row 133
2026-06-30 21:14:45,890 - INFO - MainThread - Order: V4063006135
2026-06-30 21:14:45,890 - INFO - MainThread - Processing Excel Row 134
2026-06-30 21:14:45,891 - INFO - MainThread - Order: V4063006136
2026-06-30 21:14:45,891 - INFO - MainThread - Processing Excel Row 135
2026-06-30 21:14:45,892 - INFO - MainThread - Order: V4063006137
2026-06-30 21:14:45,892 - INFO - MainThread - Processing Excel Row 136
2026-06-30 21:14:45,893 - INFO - MainThread - Order: V4063006138
2026-06-30 21:14:45,893 - INFO - MainThread - Processing Excel Row 137
2026-06-30 21:14:45,894 - INFO - MainThread - Order: V4063006139
2026-06-30 21:14:45,895 - INFO - MainThread - Processing Excel Row 138
2026-06-30 21:14:45,896 - INFO - MainThread - Order: V4063006140
2026-06-30 21:14:45,896 - INFO - MainThread - Processing Excel Row 139
2026-06-30 21:14:45,897 - INFO - MainThread - Order: V4063006141
2026-06-30 21:14:45,897 - INFO - MainThread - Processing Excel Row 140
2026-06-30 21:14:45,899 - INFO - MainThread - Order: V4063006142
2026-06-30 21:14:45,899 - INFO - MainThread - Processing Excel Row 141
2026-06-30 21:14:45,900 - INFO - MainThread - Order: V4063006143
2026-06-30 21:14:45,901 - INFO - MainThread - Processing Excel Row 142
2026-06-30 21:14:45,902 - INFO - MainThread - Order: V4063006144
2026-06-30 21:14:45,902 - INFO - MainThread - Processing Excel Row 143
2026-06-30 21:14:45,903 - INFO - MainThread - Order: V4063006145
2026-06-30 21:14:45,903 - INFO - MainThread - Processing Excel Row 144
2026-06-30 21:14:45,904 - INFO - MainThread - Order: V4063006146
2026-06-30 21:14:45,904 - INFO - MainThread - Processing Excel Row 145
2026-06-30 21:14:45,905 - INFO - MainThread - Order: V4063006147
2026-06-30 21:14:45,905 - INFO - MainThread - Processing Excel Row 146
2026-06-30 21:14:45,906 - INFO - MainThread - Order: V4063006148
2026-06-30 21:14:45,906 - INFO - MainThread - Processing Excel Row 147
2026-06-30 21:14:45,908 - INFO - MainThread - Order: V4063006149
2026-06-30 21:14:45,908 - INFO - MainThread - Processing Excel Row 148
2026-06-30 21:14:45,909 - INFO - MainThread - Order: V4063006150
2026-06-30 21:14:45,909 - INFO - MainThread - Processing Excel Row 149
2026-06-30 21:14:45,910 - INFO - MainThread - Order: V4063006151
2026-06-30 21:14:45,910 - INFO - MainThread - Processing Excel Row 150
2026-06-30 21:14:45,911 - INFO - MainThread - Order: V4063006152
2026-06-30 21:14:45,911 - INFO - MainThread - Processing Excel Row 151
2026-06-30 21:14:45,912 - INFO - MainThread - Order: V4063006153
2026-06-30 21:14:45,913 - INFO - MainThread - Processing Excel Row 152
2026-06-30 21:14:45,914 - INFO - MainThread - Order: V4063006154
2026-06-30 21:14:45,914 - INFO - MainThread - Processing Excel Row 153
2026-06-30 21:14:45,915 - INFO - MainThread - Order: V4063006155
2026-06-30 21:14:45,915 - INFO - MainThread - Processing Excel Row 154
2026-06-30 21:14:45,917 - INFO - MainThread - Order: V4063006156
2026-06-30 21:14:45,917 - INFO - MainThread - Processing Excel Row 155
2026-06-30 21:14:45,918 - INFO - MainThread - Order: V4063006157
2026-06-30 21:14:45,918 - INFO - MainThread - Processing Excel Row 156
2026-06-30 21:14:45,920 - INFO - MainThread - Order: V4063006158
2026-06-30 21:14:45,920 - INFO - MainThread - Processing Excel Row 157
2026-06-30 21:14:45,921 - INFO - MainThread - Order: V4063006159
2026-06-30 21:14:45,921 - INFO - MainThread - Processing Excel Row 158
2026-06-30 21:14:45,922 - INFO - MainThread - Order: V4063006160
2026-06-30 21:14:45,922 - INFO - MainThread - Processing Excel Row 159
2026-06-30 21:14:45,924 - INFO - MainThread - Order: V4063006161
2026-06-30 21:14:45,924 - INFO - MainThread - Processing Excel Row 160
2026-06-30 21:14:45,925 - INFO - MainThread - Order: V4063006162
2026-06-30 21:14:45,925 - INFO - MainThread - Processing Excel Row 161
2026-06-30 21:14:45,926 - INFO - MainThread - Order: V4063006163
2026-06-30 21:14:45,926 - INFO - MainThread - Processing Excel Row 162
2026-06-30 21:14:45,927 - INFO - MainThread - Order: V4063006164
2026-06-30 21:14:45,927 - INFO - MainThread - Processing Excel Row 163
2026-06-30 21:14:45,928 - INFO - MainThread - Order: V4063006165
2026-06-30 21:14:45,928 - INFO - MainThread - Processing Excel Row 164
2026-06-30 21:14:45,929 - INFO - MainThread - Order: V4063006166
2026-06-30 21:14:45,929 - INFO - MainThread - Processing Excel Row 165
2026-06-30 21:14:45,930 - INFO - MainThread - Order: V4063006167
2026-06-30 21:14:45,930 - INFO - MainThread - Processing Excel Row 166
2026-06-30 21:14:45,932 - INFO - MainThread - Order: V4063006168
2026-06-30 21:14:45,932 - INFO - MainThread - Processing Excel Row 167
2026-06-30 21:14:45,933 - INFO - MainThread - Order: V4063006169
2026-06-30 21:14:45,933 - INFO - MainThread - Processing Excel Row 168
2026-06-30 21:14:45,934 - INFO - MainThread - Order: V4063006170
2026-06-30 21:14:45,934 - INFO - MainThread - Processing Excel Row 169
2026-06-30 21:14:45,935 - INFO - MainThread - Order: V4063006171
2026-06-30 21:14:45,935 - INFO - MainThread - Processing Excel Row 170
2026-06-30 21:14:45,936 - INFO - MainThread - Order: V4063006172
2026-06-30 21:14:45,936 - INFO - MainThread - Processing Excel Row 171
2026-06-30 21:14:45,938 - INFO - MainThread - Order: V4063006173
2026-06-30 21:14:45,938 - INFO - MainThread - Processing Excel Row 172
2026-06-30 21:14:45,940 - INFO - MainThread - Order: V4063006174
2026-06-30 21:14:45,940 - INFO - MainThread - Processing Excel Row 173
2026-06-30 21:14:45,942 - INFO - MainThread - Order: V4063006175
2026-06-30 21:14:45,942 - INFO - MainThread - Processing Excel Row 174
2026-06-30 21:14:45,943 - INFO - MainThread - Order: V4063006176
2026-06-30 21:14:45,943 - INFO - MainThread - Processing Excel Row 175
2026-06-30 21:14:45,944 - INFO - MainThread - Order: V4063006177
2026-06-30 21:14:45,944 - INFO - MainThread - Processing Excel Row 176
2026-06-30 21:14:45,946 - INFO - MainThread - Order: V4063006178
2026-06-30 21:14:45,946 - INFO - MainThread - Processing Excel Row 177
2026-06-30 21:14:45,947 - INFO - MainThread - Order: V4063006179
2026-06-30 21:14:45,947 - INFO - MainThread - Processing Excel Row 178
2026-06-30 21:14:45,948 - INFO - MainThread - Order: V4063006180
2026-06-30 21:14:45,948 - INFO - MainThread - Processing Excel Row 179
2026-06-30 21:14:45,949 - INFO - MainThread - Order: V4063006181
2026-06-30 21:14:45,949 - INFO - MainThread - Processing Excel Row 180
2026-06-30 21:14:45,950 - INFO - MainThread - Order: V4063006182
2026-06-30 21:14:45,950 - INFO - MainThread - Processing Excel Row 181
2026-06-30 21:14:45,951 - INFO - MainThread - Order: V4063006183
2026-06-30 21:14:45,951 - INFO - MainThread - Processing Excel Row 182
2026-06-30 21:14:45,952 - INFO - MainThread - Order: V4063006184
2026-06-30 21:14:45,952 - INFO - MainThread - Processing Excel Row 183
2026-06-30 21:14:45,953 - INFO - MainThread - Order: V4063006185
2026-06-30 21:14:45,954 - INFO - MainThread - Processing Excel Row 184
2026-06-30 21:14:45,955 - INFO - MainThread - Order: V4063006186
2026-06-30 21:14:45,955 - INFO - MainThread - Processing Excel Row 185
2026-06-30 21:14:45,956 - INFO - MainThread - Order: V4063006187
2026-06-30 21:14:45,956 - INFO - MainThread - Processing Excel Row 186
2026-06-30 21:14:45,957 - INFO - MainThread - Order: V4063006188
2026-06-30 21:14:45,957 - INFO - MainThread - Processing Excel Row 187
2026-06-30 21:14:45,958 - INFO - MainThread - Order: V4063006189
2026-06-30 21:14:45,958 - INFO - MainThread - Processing Excel Row 188
2026-06-30 21:14:45,959 - INFO - MainThread - Order: V4063006190
2026-06-30 21:14:45,959 - INFO - MainThread - Processing Excel Row 189
2026-06-30 21:14:45,961 - INFO - MainThread - Order: V4063006191
2026-06-30 21:14:45,961 - INFO - MainThread - Processing Excel Row 190
2026-06-30 21:14:45,962 - INFO - MainThread - Order: V4063006192
2026-06-30 21:14:45,962 - INFO - MainThread - Processing Excel Row 191
2026-06-30 21:14:45,964 - INFO - MainThread - Order: V4063006193
2026-06-30 21:14:45,964 - INFO - MainThread - Processing Excel Row 192
2026-06-30 21:14:45,966 - INFO - MainThread - Order: V4063006194
2026-06-30 21:14:45,966 - INFO - MainThread - Processing Excel Row 193
2026-06-30 21:14:45,968 - INFO - MainThread - Order: V4063006195
2026-06-30 21:14:45,968 - INFO - MainThread - Processing Excel Row 194
2026-06-30 21:14:45,970 - INFO - MainThread - Order: V4063006196
2026-06-30 21:14:45,970 - INFO - MainThread - Processing Excel Row 195
2026-06-30 21:14:45,973 - INFO - MainThread - Order: V4063006197
2026-06-30 21:14:45,973 - INFO - MainThread - Processing Excel Row 196
2026-06-30 21:14:45,975 - INFO - MainThread - Order: V4063006198
2026-06-30 21:14:45,975 - INFO - MainThread - Processing Excel Row 197
2026-06-30 21:14:45,977 - INFO - MainThread - Order: V4063006199
2026-06-30 21:14:45,977 - INFO - MainThread - Processing Excel Row 198
2026-06-30 21:14:45,979 - INFO - MainThread - Order: V4063006200
2026-06-30 21:14:45,979 - INFO - MainThread - Processing Excel Row 199
2026-06-30 21:14:45,981 - INFO - MainThread - Order: V4063006201
2026-06-30 21:14:45,981 - INFO - MainThread - Processing Excel Row 200
2026-06-30 21:14:45,982 - INFO - MainThread - Order: V4063006202
2026-06-30 21:14:45,982 - INFO - MainThread - Processing Excel Row 201
2026-06-30 21:14:45,984 - INFO - MainThread - Order: V4063006203
2026-06-30 21:14:45,984 - INFO - MainThread - Processing Excel Row 202
2026-06-30 21:14:45,985 - INFO - MainThread - Order: V4063006204
2026-06-30 21:14:45,986 - INFO - MainThread - Processing Excel Row 203
2026-06-30 21:14:45,987 - INFO - MainThread - Order: V4063006205
2026-06-30 21:14:45,987 - INFO - MainThread - Processing Excel Row 204
2026-06-30 21:14:45,988 - INFO - MainThread - Order: V4063006206
2026-06-30 21:14:45,988 - INFO - MainThread - Processing Excel Row 205
2026-06-30 21:14:45,989 - INFO - MainThread - Order: V4063006207
2026-06-30 21:14:45,989 - INFO - MainThread - Processing Excel Row 206
2026-06-30 21:14:45,990 - INFO - MainThread - Order: V4063006208
2026-06-30 21:14:45,990 - INFO - MainThread - Processing Excel Row 207
2026-06-30 21:14:45,991 - INFO - MainThread - Order: V4063006209
2026-06-30 21:14:45,991 - INFO - MainThread - Processing Excel Row 208
2026-06-30 21:14:45,992 - INFO - MainThread - Order: V4063006210
2026-06-30 21:14:45,992 - INFO - MainThread - Processing Excel Row 209
2026-06-30 21:14:45,993 - INFO - MainThread - Order: V4063006211
2026-06-30 21:14:45,993 - INFO - MainThread - Processing Excel Row 210
2026-06-30 21:14:45,994 - INFO - MainThread - Order: V4063006212
2026-06-30 21:14:45,994 - INFO - MainThread - Processing Excel Row 211
2026-06-30 21:14:45,996 - INFO - MainThread - Order: V4063006213
2026-06-30 21:14:45,996 - INFO - MainThread - Processing Excel Row 212
2026-06-30 21:14:45,997 - INFO - MainThread - Order: V4063006214
2026-06-30 21:14:45,997 - INFO - MainThread - Processing Excel Row 213
2026-06-30 21:14:45,998 - INFO - MainThread - Order: V4063006215
2026-06-30 21:14:45,998 - INFO - MainThread - Processing Excel Row 214
2026-06-30 21:14:45,999 - INFO - MainThread - Order: V4063006216
2026-06-30 21:14:45,999 - INFO - MainThread - Processing Excel Row 215
2026-06-30 21:14:46,000 - INFO - MainThread - Order: V4063006217
2026-06-30 21:14:46,000 - INFO - MainThread - Processing Excel Row 216
2026-06-30 21:14:46,001 - INFO - MainThread - Order: V4063006218
2026-06-30 21:14:46,001 - INFO - MainThread - Processing Excel Row 217
2026-06-30 21:14:46,002 - INFO - MainThread - Order: V4063006219
2026-06-30 21:14:46,002 - INFO - MainThread - Processing Excel Row 218
2026-06-30 21:14:46,003 - INFO - MainThread - Order: V4063006220
2026-06-30 21:14:46,003 - INFO - MainThread - Processing Excel Row 219
2026-06-30 21:14:46,004 - INFO - MainThread - Order: V4063006221
2026-06-30 21:14:46,004 - INFO - MainThread - Processing Excel Row 220
2026-06-30 21:14:46,006 - INFO - MainThread - Order: V4063006222
2026-06-30 21:14:46,006 - INFO - MainThread - Processing Excel Row 221
2026-06-30 21:14:46,007 - INFO - MainThread - Order: V4063006223
2026-06-30 21:14:46,007 - INFO - MainThread - Processing Excel Row 222
2026-06-30 21:14:46,008 - INFO - MainThread - Order: V4063006224
2026-06-30 21:14:46,009 - INFO - MainThread - Processing Excel Row 223
2026-06-30 21:14:46,010 - INFO - MainThread - Order: V4063006225
2026-06-30 21:14:46,010 - INFO - MainThread - Processing Excel Row 224
2026-06-30 21:14:46,011 - INFO - MainThread - Order: V4063006226
2026-06-30 21:14:46,011 - INFO - MainThread - Processing Excel Row 225
2026-06-30 21:14:46,012 - INFO - MainThread - Order: V4063006227
2026-06-30 21:14:46,012 - INFO - MainThread - Processing Excel Row 226
2026-06-30 21:14:46,013 - INFO - MainThread - Order: V4063006228
2026-06-30 21:14:46,013 - INFO - MainThread - Processing Excel Row 227
2026-06-30 21:14:46,014 - INFO - MainThread - Order: V4063006229
2026-06-30 21:14:46,014 - INFO - MainThread - Processing Excel Row 228
2026-06-30 21:14:46,015 - INFO - MainThread - Order: V4063006230
2026-06-30 21:14:46,015 - INFO - MainThread - Processing Excel Row 229
2026-06-30 21:14:46,016 - INFO - MainThread - Order: V4063006231
2026-06-30 21:14:46,016 - INFO - MainThread - Processing Excel Row 230
2026-06-30 21:14:46,017 - INFO - MainThread - Order: V4063006232
2026-06-30 21:14:46,017 - INFO - MainThread - Processing Excel Row 231
2026-06-30 21:14:46,018 - INFO - MainThread - Order: V4063006233
2026-06-30 21:14:46,018 - INFO - MainThread - Processing Excel Row 232
2026-06-30 21:14:46,019 - INFO - MainThread - Order: V4063006234
2026-06-30 21:14:46,019 - INFO - MainThread - Processing Excel Row 233
2026-06-30 21:14:46,020 - INFO - MainThread - Order: V4063006235
2026-06-30 21:14:46,020 - INFO - MainThread - Processing Excel Row 234
2026-06-30 21:14:46,022 - INFO - MainThread - Order: V4063006236
2026-06-30 21:14:46,022 - INFO - MainThread - Processing Excel Row 235
2026-06-30 21:14:46,023 - INFO - MainThread - Order: V4063006237
2026-06-30 21:14:46,023 - INFO - MainThread - Processing Excel Row 236
2026-06-30 21:14:46,024 - INFO - MainThread - Order: V4063006238
2026-06-30 21:14:46,024 - INFO - MainThread - Processing Excel Row 237
2026-06-30 21:14:46,025 - INFO - MainThread - Order: V4063006239
2026-06-30 21:14:46,025 - INFO - MainThread - Processing Excel Row 238
2026-06-30 21:14:46,026 - INFO - MainThread - Order: V4063006240
2026-06-30 21:14:46,026 - INFO - MainThread - Processing Excel Row 239
2026-06-30 21:14:46,027 - INFO - MainThread - Order: V4063006241
2026-06-30 21:14:46,027 - INFO - MainThread - Processing Excel Row 240
2026-06-30 21:14:46,028 - INFO - MainThread - Order: V4063006242
2026-06-30 21:14:46,029 - INFO - MainThread - Processing Excel Row 241
2026-06-30 21:14:46,030 - INFO - MainThread - Order: V4063006243
2026-06-30 21:14:46,030 - INFO - MainThread - Processing Excel Row 242
2026-06-30 21:14:46,031 - INFO - MainThread - Order: V4063006244
2026-06-30 21:14:46,031 - INFO - MainThread - Processing Excel Row 243
2026-06-30 21:14:46,032 - INFO - MainThread - Order: V4063006245
2026-06-30 21:14:46,033 - INFO - MainThread - Processing Excel Row 244
2026-06-30 21:14:46,034 - INFO - MainThread - Order: V4063006246
2026-06-30 21:14:46,034 - INFO - MainThread - Processing Excel Row 245
2026-06-30 21:14:46,035 - INFO - MainThread - Order: V4063006247
2026-06-30 21:14:46,035 - INFO - MainThread - Processing Excel Row 246
2026-06-30 21:14:46,036 - INFO - MainThread - Order: V4063006248
2026-06-30 21:14:46,036 - INFO - MainThread - Processing Excel Row 247
2026-06-30 21:14:46,037 - INFO - MainThread - Order: V4063006249
2026-06-30 21:14:46,037 - INFO - MainThread - Processing Excel Row 248
2026-06-30 21:14:46,038 - INFO - MainThread - Order: V4063006250
2026-06-30 21:14:46,038 - INFO - MainThread - Processing Excel Row 249
2026-06-30 21:14:46,039 - INFO - MainThread - Order: V4063006251
2026-06-30 21:14:46,039 - INFO - MainThread - Processing Excel Row 250
2026-06-30 21:14:46,040 - INFO - MainThread - Order: V4063006252
2026-06-30 21:14:46,040 - INFO - MainThread - Processing Excel Row 251
2026-06-30 21:14:46,041 - INFO - MainThread - Order: V4063006253
2026-06-30 21:14:46,041 - INFO - MainThread - Processing Excel Row 252
2026-06-30 21:14:46,042 - INFO - MainThread - Order: V4063006254
2026-06-30 21:14:46,042 - INFO - MainThread - Processing Excel Row 253
2026-06-30 21:14:46,043 - INFO - MainThread - Order: V4063006255
2026-06-30 21:14:46,043 - INFO - MainThread - Processing Excel Row 254
2026-06-30 21:14:46,044 - INFO - MainThread - Order: V4063006256
2026-06-30 21:14:46,044 - INFO - MainThread - Processing Excel Row 255
2026-06-30 21:14:46,045 - INFO - MainThread - Order: V4063006257
2026-06-30 21:14:46,045 - INFO - MainThread - Processing Excel Row 256
2026-06-30 21:14:46,046 - INFO - MainThread - Order: V4063006258
2026-06-30 21:14:46,046 - INFO - MainThread - Processing Excel Row 257
2026-06-30 21:14:46,047 - INFO - MainThread - Order: V4063006259
2026-06-30 21:14:46,047 - INFO - MainThread - Processing Excel Row 258
2026-06-30 21:14:46,049 - INFO - MainThread - Order: V4063006260
2026-06-30 21:14:46,049 - INFO - MainThread - Processing Excel Row 259
2026-06-30 21:14:46,051 - INFO - MainThread - Order: V4063006261
2026-06-30 21:14:46,051 - INFO - MainThread - Processing Excel Row 260
2026-06-30 21:14:46,053 - INFO - MainThread - Order: V4063006262
2026-06-30 21:14:46,053 - INFO - MainThread - Processing Excel Row 261
2026-06-30 21:14:46,055 - INFO - MainThread - Order: V4063006263
2026-06-30 21:14:46,055 - INFO - MainThread - Processing Excel Row 262
2026-06-30 21:14:46,057 - INFO - MainThread - Order: V4063006264
2026-06-30 21:14:46,057 - INFO - MainThread - Processing Excel Row 263
2026-06-30 21:14:46,059 - INFO - MainThread - Order: V4063006265
2026-06-30 21:14:46,059 - INFO - MainThread - Processing Excel Row 264
2026-06-30 21:14:46,061 - INFO - MainThread - Order: V4063006266
2026-06-30 21:14:46,061 - INFO - MainThread - Processing Excel Row 265
2026-06-30 21:14:46,063 - INFO - MainThread - Order: V4063006267
2026-06-30 21:14:46,063 - INFO - MainThread - Processing Excel Row 266
2026-06-30 21:14:46,066 - INFO - MainThread - Order: V4063006268
2026-06-30 21:14:46,066 - INFO - MainThread - Processing Excel Row 267
2026-06-30 21:14:46,068 - INFO - MainThread - Order: V4063006269
2026-06-30 21:14:46,068 - INFO - MainThread - Processing Excel Row 268
2026-06-30 21:14:46,069 - INFO - MainThread - Order: V4063006270
2026-06-30 21:14:46,069 - INFO - MainThread - Processing Excel Row 269
2026-06-30 21:14:46,070 - INFO - MainThread - Order: V4063006271
2026-06-30 21:14:46,070 - INFO - MainThread - Processing Excel Row 270
2026-06-30 21:14:46,071 - INFO - MainThread - Order: V4063006272
2026-06-30 21:14:46,071 - INFO - MainThread - Processing Excel Row 271
2026-06-30 21:14:46,072 - INFO - MainThread - Order: V4063006273
2026-06-30 21:14:46,072 - INFO - MainThread - Processing Excel Row 272
2026-06-30 21:14:46,073 - INFO - MainThread - Order: V4063006274
2026-06-30 21:14:46,073 - INFO - MainThread - Processing Excel Row 273
2026-06-30 21:14:46,075 - INFO - MainThread - Order: V4063006275
2026-06-30 21:14:46,075 - INFO - MainThread - Processing Excel Row 274
2026-06-30 21:14:46,076 - INFO - MainThread - Order: V4063006276
2026-06-30 21:14:46,076 - INFO - MainThread - Processing Excel Row 275
2026-06-30 21:14:46,077 - INFO - MainThread - Order: V4063006277
2026-06-30 21:14:46,077 - INFO - MainThread - Processing Excel Row 276
2026-06-30 21:14:46,078 - INFO - MainThread - Order: V4063006278
2026-06-30 21:14:46,078 - INFO - MainThread - Processing Excel Row 277
2026-06-30 21:14:46,079 - INFO - MainThread - Order: V4063006279
2026-06-30 21:14:46,079 - INFO - MainThread - Processing Excel Row 278
2026-06-30 21:14:46,080 - INFO - MainThread - Order: V4063006280
2026-06-30 21:14:46,080 - INFO - MainThread - Processing Excel Row 279
2026-06-30 21:14:46,081 - INFO - MainThread - Order: V4063006281
2026-06-30 21:14:46,082 - INFO - MainThread - Processing Excel Row 280
2026-06-30 21:14:46,083 - INFO - MainThread - Order: V4063006282
2026-06-30 21:14:46,083 - INFO - MainThread - Processing Excel Row 281
2026-06-30 21:14:46,084 - INFO - MainThread - Order: V4063006283
2026-06-30 21:14:46,084 - INFO - MainThread - Processing Excel Row 282
2026-06-30 21:14:46,085 - INFO - MainThread - Order: V4063006284
2026-06-30 21:14:46,085 - INFO - MainThread - Processing Excel Row 283
2026-06-30 21:14:46,086 - INFO - MainThread - Order: V4063006285
2026-06-30 21:14:46,086 - INFO - MainThread - Processing Excel Row 284
2026-06-30 21:14:46,087 - INFO - MainThread - Order: V4063006286
2026-06-30 21:14:46,087 - INFO - MainThread - Processing Excel Row 285
2026-06-30 21:14:46,088 - INFO - MainThread - Order: V4063006287
2026-06-30 21:14:46,088 - INFO - MainThread - Processing Excel Row 286
2026-06-30 21:14:46,089 - INFO - MainThread - Order: V4063006288
2026-06-30 21:14:46,089 - INFO - MainThread - Processing Excel Row 287
2026-06-30 21:14:46,090 - INFO - MainThread - Order: V4063006289
2026-06-30 21:14:46,090 - INFO - MainThread - Processing Excel Row 288
2026-06-30 21:14:46,091 - INFO - MainThread - Order: V4063006290
2026-06-30 21:14:46,091 - INFO - MainThread - Processing Excel Row 289
2026-06-30 21:14:46,092 - INFO - MainThread - Order: V4063006291
2026-06-30 21:14:46,092 - INFO - MainThread - Processing Excel Row 290
2026-06-30 21:14:46,093 - INFO - MainThread - Order: V4063006292
2026-06-30 21:14:46,093 - INFO - MainThread - Processing Excel Row 291
2026-06-30 21:14:46,094 - INFO - MainThread - Order: V4063006293
2026-06-30 21:14:46,094 - INFO - MainThread - Processing Excel Row 292
2026-06-30 21:14:46,096 - INFO - MainThread - Order: V4063006294
2026-06-30 21:14:46,096 - INFO - MainThread - Processing Excel Row 293
2026-06-30 21:14:46,097 - INFO - MainThread - Order: V4063006295
2026-06-30 21:14:46,097 - INFO - MainThread - Processing Excel Row 294
2026-06-30 21:14:46,098 - INFO - MainThread - Order: V4063006296
2026-06-30 21:14:46,098 - INFO - MainThread - Processing Excel Row 295
2026-06-30 21:14:46,099 - INFO - MainThread - Order: V4063006297
2026-06-30 21:14:46,100 - INFO - MainThread - Processing Excel Row 296
2026-06-30 21:14:46,101 - INFO - MainThread - Order: V4063006298
2026-06-30 21:14:46,101 - INFO - MainThread - Processing Excel Row 297
2026-06-30 21:14:46,102 - INFO - MainThread - Order: V4063006299
2026-06-30 21:14:46,102 - INFO - MainThread - Processing Excel Row 298
2026-06-30 21:14:46,103 - INFO - MainThread - Order: V4063006300
2026-06-30 21:14:46,103 - INFO - MainThread - Processing Excel Row 299
2026-06-30 21:14:46,104 - INFO - MainThread - Order: V4063006301
2026-06-30 21:14:46,104 - INFO - MainThread - Processing Excel Row 300
2026-06-30 21:14:46,105 - INFO - MainThread - Order: V4063006302
2026-06-30 21:14:46,105 - INFO - MainThread - Processing Excel Row 301
2026-06-30 21:14:46,107 - INFO - MainThread - Order: V4063006303
2026-06-30 21:14:46,107 - INFO - MainThread - Processing Excel Row 302
2026-06-30 21:14:46,108 - INFO - MainThread - Order: V4063006304
2026-06-30 21:14:46,108 - INFO - MainThread - Processing Excel Row 303
2026-06-30 21:14:46,109 - INFO - MainThread - Order: V4063006305
2026-06-30 21:14:46,109 - INFO - MainThread - Processing Excel Row 304
2026-06-30 21:14:46,110 - INFO - MainThread - Order: V4063006306
2026-06-30 21:14:46,110 - INFO - MainThread - Processing Excel Row 305
2026-06-30 21:14:46,111 - INFO - MainThread - Order: V4063006307
2026-06-30 21:14:46,111 - INFO - MainThread - Processing Excel Row 306
2026-06-30 21:14:46,112 - INFO - MainThread - Order: V4063006308
2026-06-30 21:14:46,112 - INFO - MainThread - Processing Excel Row 307
2026-06-30 21:14:46,113 - INFO - MainThread - Order: V4063006309
2026-06-30 21:14:46,113 - INFO - MainThread - Processing Excel Row 308
2026-06-30 21:14:46,114 - INFO - MainThread - Order: V4063006310
2026-06-30 21:14:46,114 - INFO - MainThread - Processing Excel Row 309
2026-06-30 21:14:46,115 - INFO - MainThread - Order: V4063006311
2026-06-30 21:14:46,115 - INFO - MainThread - Processing Excel Row 310
2026-06-30 21:14:46,117 - INFO - MainThread - Order: V4063006312
2026-06-30 21:14:46,117 - INFO - MainThread - Processing Excel Row 311
2026-06-30 21:14:46,118 - INFO - MainThread - Order: V4063006313
2026-06-30 21:14:46,118 - INFO - MainThread - Processing Excel Row 312
2026-06-30 21:14:46,119 - INFO - MainThread - Order: V4063006314
2026-06-30 21:14:46,119 - INFO - MainThread - Processing Excel Row 313
2026-06-30 21:14:46,120 - INFO - MainThread - Order: V4063006315
2026-06-30 21:14:46,121 - INFO - MainThread - Processing Excel Row 314
2026-06-30 21:14:46,122 - INFO - MainThread - Order: V4063006316
2026-06-30 21:14:46,122 - INFO - MainThread - Processing Excel Row 315
2026-06-30 21:14:46,123 - INFO - MainThread - Order: V4063006317
2026-06-30 21:14:46,123 - INFO - MainThread - Processing Excel Row 316
2026-06-30 21:14:46,124 - INFO - MainThread - Order: V4063006318
2026-06-30 21:14:46,124 - INFO - MainThread - Processing Excel Row 317
2026-06-30 21:14:46,125 - INFO - MainThread - Order: V4063006319
2026-06-30 21:14:46,125 - INFO - MainThread - Processing Excel Row 318
2026-06-30 21:14:46,126 - INFO - MainThread - Order: V4063006320
2026-06-30 21:14:46,126 - INFO - MainThread - Processing Excel Row 319
2026-06-30 21:14:46,127 - INFO - MainThread - Order: V4063006321
2026-06-30 21:14:46,127 - INFO - MainThread - Processing Excel Row 320
2026-06-30 21:14:46,128 - INFO - MainThread - Order: V4063006322
2026-06-30 21:14:46,128 - INFO - MainThread - Processing Excel Row 321
2026-06-30 21:14:46,129 - INFO - MainThread - Order: V4063006323
2026-06-30 21:14:46,129 - INFO - MainThread - Processing Excel Row 322
2026-06-30 21:14:46,131 - INFO - MainThread - Order: V4063006324
2026-06-30 21:14:46,131 - INFO - MainThread - Processing Excel Row 323
2026-06-30 21:14:46,132 - INFO - MainThread - Order: V4063006325
2026-06-30 21:14:46,132 - INFO - MainThread - Processing Excel Row 324
2026-06-30 21:14:46,133 - INFO - MainThread - Order: V4063006326
2026-06-30 21:14:46,133 - INFO - MainThread - Processing Excel Row 325
2026-06-30 21:14:46,134 - INFO - MainThread - Order: V4063006327
2026-06-30 21:14:46,134 - INFO - MainThread - Processing Excel Row 326
2026-06-30 21:14:46,135 - INFO - MainThread - Order: V4063006328
2026-06-30 21:14:46,135 - INFO - MainThread - Processing Excel Row 327
2026-06-30 21:14:46,136 - INFO - MainThread - Order: V4063006329
2026-06-30 21:14:46,136 - INFO - MainThread - Processing Excel Row 328
2026-06-30 21:14:46,137 - INFO - MainThread - Order: V4063006330
2026-06-30 21:14:46,137 - INFO - MainThread - Processing Excel Row 329
2026-06-30 21:14:46,138 - INFO - MainThread - Order: V4063006331
2026-06-30 21:14:46,138 - INFO - MainThread - Processing Excel Row 330
2026-06-30 21:14:46,139 - INFO - MainThread - Order: V4063006332
2026-06-30 21:14:46,139 - INFO - MainThread - Processing Excel Row 331
2026-06-30 21:14:46,140 - INFO - MainThread - Order: V4063006333
2026-06-30 21:14:46,140 - INFO - MainThread - Processing Excel Row 332
2026-06-30 21:14:46,141 - INFO - MainThread - Order: V4063006334
2026-06-30 21:14:46,141 - INFO - MainThread - Processing Excel Row 333
2026-06-30 21:14:46,142 - INFO - MainThread - Order: V4063006335
2026-06-30 21:14:46,142 - INFO - MainThread - Processing Excel Row 334
2026-06-30 21:14:46,144 - INFO - MainThread - Order: V4063006336
2026-06-30 21:14:46,144 - INFO - MainThread - Processing Excel Row 335
2026-06-30 21:14:46,145 - INFO - MainThread - Order: V4063006337
2026-06-30 21:14:46,145 - INFO - MainThread - Processing Excel Row 336
2026-06-30 21:14:46,146 - INFO - MainThread - Order: V4063006338
2026-06-30 21:14:46,146 - INFO - MainThread - Processing Excel Row 337
2026-06-30 21:14:46,147 - INFO - MainThread - Order: V4063006339
2026-06-30 21:14:46,148 - INFO - MainThread - Processing Excel Row 338
2026-06-30 21:14:46,149 - INFO - MainThread - Order: V4063006340
2026-06-30 21:14:46,149 - INFO - MainThread - Processing Excel Row 339
2026-06-30 21:14:46,151 - INFO - MainThread - Order: V4063006341
2026-06-30 21:14:46,151 - INFO - MainThread - Processing Excel Row 340
2026-06-30 21:14:46,153 - INFO - MainThread - Order: V4063006342
2026-06-30 21:14:46,153 - INFO - MainThread - Processing Excel Row 341
2026-06-30 21:14:46,155 - INFO - MainThread - Order: V4063006343
2026-06-30 21:14:46,155 - INFO - MainThread - Processing Excel Row 342
2026-06-30 21:14:46,157 - INFO - MainThread - Order: V4063006344
2026-06-30 21:14:46,157 - INFO - MainThread - Processing Excel Row 343
2026-06-30 21:14:46,158 - INFO - MainThread - Order: V4063006345
2026-06-30 21:14:46,159 - INFO - MainThread - Processing Excel Row 344
2026-06-30 21:14:46,160 - INFO - MainThread - Order: V4063006346
2026-06-30 21:14:46,160 - INFO - MainThread - Processing Excel Row 345
2026-06-30 21:14:46,162 - INFO - MainThread - Order: V4063006347
2026-06-30 21:14:46,162 - INFO - MainThread - Processing Excel Row 346
2026-06-30 21:14:46,166 - INFO - MainThread - Order: V4063006348
2026-06-30 21:14:46,166 - INFO - MainThread - Processing Excel Row 347
2026-06-30 21:14:46,168 - INFO - MainThread - Order: V4063006349
2026-06-30 21:14:46,168 - INFO - MainThread - Processing Excel Row 348
2026-06-30 21:14:46,171 - INFO - MainThread - Order: V4063006350
2026-06-30 21:14:46,171 - INFO - MainThread - Processing Excel Row 349
2026-06-30 21:14:46,174 - INFO - MainThread - Order: V4063006351
2026-06-30 21:14:46,174 - INFO - MainThread - Processing Excel Row 350
2026-06-30 21:14:46,176 - INFO - MainThread - Order: V4063006352
2026-06-30 21:14:46,176 - INFO - MainThread - Processing Excel Row 351
2026-06-30 21:14:46,177 - INFO - MainThread - Order: V4063006353
2026-06-30 21:14:46,177 - INFO - MainThread - Processing Excel Row 352
2026-06-30 21:14:46,178 - INFO - MainThread - Order: V4063006354
2026-06-30 21:14:46,179 - INFO - MainThread - Processing Excel Row 353
2026-06-30 21:14:46,180 - INFO - MainThread - Order: V4063006355
2026-06-30 21:14:46,180 - INFO - MainThread - Processing Excel Row 354
2026-06-30 21:14:46,181 - INFO - MainThread - Order: V4063006356
2026-06-30 21:14:46,181 - INFO - MainThread - Processing Excel Row 355
2026-06-30 21:14:46,183 - INFO - MainThread - Order: V4063006357
2026-06-30 21:14:46,183 - INFO - MainThread - Processing Excel Row 356
2026-06-30 21:14:46,185 - INFO - MainThread - Order: V4063006358
2026-06-30 21:14:46,185 - INFO - MainThread - Processing Excel Row 357
2026-06-30 21:14:46,187 - INFO - MainThread - Order: V4063006359
2026-06-30 21:14:46,188 - INFO - MainThread - Processing Excel Row 358
2026-06-30 21:14:46,190 - INFO - MainThread - Order: V4063006360
2026-06-30 21:14:46,190 - INFO - MainThread - Processing Excel Row 359
2026-06-30 21:14:46,192 - INFO - MainThread - Order: V4063006361
2026-06-30 21:14:46,192 - INFO - MainThread - Processing Excel Row 360
2026-06-30 21:14:46,194 - INFO - MainThread - Order: V4063006362
2026-06-30 21:14:46,194 - INFO - MainThread - Processing Excel Row 361
2026-06-30 21:14:46,195 - INFO - MainThread - Order: V4063006363
2026-06-30 21:14:46,196 - INFO - MainThread - Processing Excel Row 362
2026-06-30 21:14:46,197 - INFO - MainThread - Order: V4063006364
2026-06-30 21:14:46,197 - INFO - MainThread - Processing Excel Row 363
2026-06-30 21:14:46,198 - INFO - MainThread - Order: V4063006365
2026-06-30 21:14:46,198 - INFO - MainThread - Processing Excel Row 364
2026-06-30 21:14:46,199 - INFO - MainThread - Order: V4063006366
2026-06-30 21:14:46,199 - INFO - MainThread - Processing Excel Row 365
2026-06-30 21:14:46,200 - INFO - MainThread - Order: V4063006367
2026-06-30 21:14:46,200 - INFO - MainThread - Processing Excel Row 366
2026-06-30 21:14:46,201 - INFO - MainThread - Order: V4063006368
2026-06-30 21:14:46,202 - INFO - MainThread - Processing Excel Row 367
2026-06-30 21:14:46,203 - INFO - MainThread - Order: V4063006369
2026-06-30 21:14:46,203 - INFO - MainThread - Processing Excel Row 368
2026-06-30 21:14:46,204 - INFO - MainThread - Order: V4063006370
2026-06-30 21:14:46,205 - INFO - MainThread - Processing Excel Row 369
2026-06-30 21:14:46,206 - INFO - MainThread - Order: V4063006371
2026-06-30 21:14:46,206 - INFO - MainThread - Processing Excel Row 370
2026-06-30 21:14:46,207 - INFO - MainThread - Order: V4063006372
2026-06-30 21:14:46,207 - INFO - MainThread - Processing Excel Row 371
2026-06-30 21:14:46,208 - INFO - MainThread - Order: V4063006373
2026-06-30 21:14:46,209 - INFO - MainThread - Processing Excel Row 372
2026-06-30 21:14:46,210 - INFO - MainThread - Order: V4063006374
2026-06-30 21:14:46,210 - INFO - MainThread - Processing Excel Row 373
2026-06-30 21:14:46,211 - INFO - MainThread - Order: V4063006375
2026-06-30 21:14:46,211 - INFO - MainThread - Processing Excel Row 374
2026-06-30 21:14:46,212 - INFO - MainThread - Order: V4063006376
2026-06-30 21:14:46,212 - INFO - MainThread - Processing Excel Row 375
2026-06-30 21:14:46,213 - INFO - MainThread - Order: V4063006377
2026-06-30 21:14:46,213 - INFO - MainThread - Processing Excel Row 376
2026-06-30 21:14:46,214 - INFO - MainThread - Order: V4063006378
2026-06-30 21:14:46,214 - INFO - MainThread - Processing Excel Row 377
2026-06-30 21:14:46,215 - INFO - MainThread - Order: V4063006379
2026-06-30 21:14:46,215 - INFO - MainThread - Processing Excel Row 378
2026-06-30 21:14:46,216 - INFO - MainThread - Order: V4063006380
2026-06-30 21:14:46,216 - INFO - MainThread - Processing Excel Row 379
2026-06-30 21:14:46,217 - INFO - MainThread - Order: V4063006381
2026-06-30 21:14:46,217 - INFO - MainThread - Processing Excel Row 380
2026-06-30 21:14:46,218 - INFO - MainThread - Order: V4063006382
2026-06-30 21:14:46,218 - INFO - MainThread - Processing Excel Row 381
2026-06-30 21:14:46,219 - INFO - MainThread - Order: V4063006383
2026-06-30 21:14:46,220 - INFO - MainThread - Processing Excel Row 382
2026-06-30 21:14:46,221 - INFO - MainThread - Order: V4063006384
2026-06-30 21:14:46,221 - INFO - MainThread - Processing Excel Row 383
2026-06-30 21:14:46,222 - INFO - MainThread - Order: V4063006385
2026-06-30 21:14:46,222 - INFO - MainThread - Processing Excel Row 384
2026-06-30 21:14:46,223 - INFO - MainThread - Order: V4063006386
2026-06-30 21:14:46,223 - INFO - MainThread - Processing Excel Row 385
2026-06-30 21:14:46,225 - INFO - MainThread - Order: V4063006387
2026-06-30 21:14:46,225 - INFO - MainThread - Processing Excel Row 386
2026-06-30 21:14:46,226 - INFO - MainThread - Order: V4063006388
2026-06-30 21:14:46,226 - INFO - MainThread - Processing Excel Row 387
2026-06-30 21:14:46,227 - INFO - MainThread - Order: V4063006389
2026-06-30 21:14:46,228 - INFO - MainThread - Processing Excel Row 388
2026-06-30 21:14:46,229 - INFO - MainThread - Order: V4063006390
2026-06-30 21:14:46,229 - INFO - MainThread - Processing Excel Row 389
2026-06-30 21:14:46,230 - INFO - MainThread - Order: V4063006391
2026-06-30 21:14:46,230 - INFO - MainThread - Processing Excel Row 390
2026-06-30 21:14:46,231 - INFO - MainThread - Order: V4063006392
2026-06-30 21:14:46,231 - INFO - MainThread - Processing Excel Row 391
2026-06-30 21:14:46,232 - INFO - MainThread - Order: V4063006393
2026-06-30 21:14:46,232 - INFO - MainThread - Processing Excel Row 392
2026-06-30 21:14:46,233 - INFO - MainThread - Order: V4063006394
2026-06-30 21:14:46,233 - INFO - MainThread - Processing Excel Row 393
2026-06-30 21:14:46,234 - INFO - MainThread - Order: V4063006395
2026-06-30 21:14:46,234 - INFO - MainThread - Processing Excel Row 394
2026-06-30 21:14:46,235 - INFO - MainThread - Order: V4063006396
2026-06-30 21:14:46,236 - INFO - MainThread - Processing Excel Row 395
2026-06-30 21:14:46,237 - INFO - MainThread - Order: V4063006397
2026-06-30 21:14:46,237 - INFO - MainThread - Processing Excel Row 396
2026-06-30 21:14:46,238 - INFO - MainThread - Order: V4063006398
2026-06-30 21:14:46,238 - INFO - MainThread - Processing Excel Row 397
2026-06-30 21:14:46,239 - INFO - MainThread - Order: V4063006399
2026-06-30 21:14:46,239 - INFO - MainThread - Processing Excel Row 398
2026-06-30 21:14:46,240 - INFO - MainThread - Order: V4063006400
2026-06-30 21:14:46,240 - INFO - MainThread - Processing Excel Row 399
2026-06-30 21:14:46,241 - INFO - MainThread - Order: V4063006401
2026-06-30 21:14:46,241 - INFO - MainThread - Processing Excel Row 400
2026-06-30 21:14:46,242 - INFO - MainThread - Order: V4063006402
2026-06-30 21:14:46,242 - INFO - MainThread - Processing Excel Row 401
2026-06-30 21:14:46,243 - INFO - MainThread - Order: V4063006403
2026-06-30 21:14:46,243 - INFO - MainThread - Processing Excel Row 402
2026-06-30 21:14:46,244 - INFO - MainThread - Order: V4063006404
2026-06-30 21:14:46,244 - INFO - MainThread - Processing Excel Row 403
2026-06-30 21:14:46,245 - INFO - MainThread - Order: V4063006405
2026-06-30 21:14:46,245 - INFO - MainThread - Processing Excel Row 404
2026-06-30 21:14:46,247 - INFO - MainThread - Order: V4063006406
2026-06-30 21:14:46,247 - INFO - MainThread - Processing Excel Row 405
2026-06-30 21:14:46,248 - INFO - MainThread - Order: V4063006407
2026-06-30 21:14:46,248 - INFO - MainThread - Processing Excel Row 406
2026-06-30 21:14:46,250 - INFO - MainThread - Order: V4063006408
2026-06-30 21:14:46,250 - INFO - MainThread - Processing Excel Row 407
2026-06-30 21:14:46,251 - INFO - MainThread - Order: V4063006409
2026-06-30 21:14:46,251 - INFO - MainThread - Processing Excel Row 408
2026-06-30 21:14:46,252 - INFO - MainThread - Order: V4063006410
2026-06-30 21:14:46,252 - INFO - MainThread - Processing Excel Row 409
2026-06-30 21:14:46,253 - INFO - MainThread - Order: V4063006411
2026-06-30 21:14:46,253 - INFO - MainThread - Processing Excel Row 410
2026-06-30 21:14:46,254 - INFO - MainThread - Order: V4063006412
2026-06-30 21:14:46,254 - INFO - MainThread - Processing Excel Row 411
2026-06-30 21:14:46,255 - INFO - MainThread - Order: V4063006413
2026-06-30 21:14:46,255 - INFO - MainThread - Processing Excel Row 412
2026-06-30 21:14:46,256 - INFO - MainThread - Order: V4063006414
2026-06-30 21:14:46,256 - INFO - MainThread - Processing Excel Row 413
2026-06-30 21:14:46,258 - INFO - MainThread - Order: V4063006415
2026-06-30 21:14:46,258 - INFO - MainThread - Processing Excel Row 414
2026-06-30 21:14:46,259 - INFO - MainThread - Order: V4063006416
2026-06-30 21:14:46,259 - INFO - MainThread - Processing Excel Row 415
2026-06-30 21:14:46,260 - INFO - MainThread - Order: V4063006417
2026-06-30 21:14:46,260 - INFO - MainThread - Processing Excel Row 416
2026-06-30 21:14:46,261 - INFO - MainThread - Order: V4063006418
2026-06-30 21:14:46,261 - INFO - MainThread - Processing Excel Row 417
2026-06-30 21:14:46,262 - INFO - MainThread - Order: V4063006419
2026-06-30 21:14:46,262 - INFO - MainThread - Processing Excel Row 418
2026-06-30 21:14:46,263 - INFO - MainThread - Order: V4063006420
2026-06-30 21:14:46,263 - INFO - MainThread - Processing Excel Row 419
2026-06-30 21:14:46,265 - INFO - MainThread - Order: V4063006421
2026-06-30 21:14:46,265 - INFO - MainThread - Processing Excel Row 420
2026-06-30 21:14:46,266 - INFO - MainThread - Order: V4063006422
2026-06-30 21:14:46,266 - INFO - MainThread - Processing Excel Row 421
2026-06-30 21:14:46,267 - INFO - MainThread - Order: V4063006423
2026-06-30 21:14:46,267 - INFO - MainThread - Processing Excel Row 422
2026-06-30 21:14:46,268 - INFO - MainThread - Order: V4063006424
2026-06-30 21:14:46,268 - INFO - MainThread - Processing Excel Row 423
2026-06-30 21:14:46,274 - INFO - MainThread - Order: V4063006425
2026-06-30 21:14:46,274 - INFO - MainThread - Processing Excel Row 424
2026-06-30 21:14:46,276 - INFO - MainThread - Order: V4063006426
2026-06-30 21:14:46,276 - INFO - MainThread - Processing Excel Row 425
2026-06-30 21:14:46,290 - INFO - MainThread - Order: V4063006427
2026-06-30 21:14:46,290 - INFO - MainThread - Processing Excel Row 426
2026-06-30 21:14:46,292 - INFO - MainThread - Order: V4063006428
2026-06-30 21:14:46,292 - INFO - MainThread - Processing Excel Row 427
2026-06-30 21:14:46,293 - INFO - MainThread - Order: V4063006429
2026-06-30 21:14:46,293 - INFO - MainThread - Processing Excel Row 428
2026-06-30 21:14:46,294 - INFO - MainThread - Order: V4063006430
2026-06-30 21:14:46,294 - INFO - MainThread - Processing Excel Row 429
2026-06-30 21:14:46,296 - INFO - MainThread - Order: V4063006431
2026-06-30 21:14:46,296 - INFO - MainThread - Processing Excel Row 430
2026-06-30 21:14:46,297 - INFO - MainThread - Order: V4063006432
2026-06-30 21:14:46,297 - INFO - MainThread - Processing Excel Row 431
2026-06-30 21:14:46,298 - INFO - MainThread - Order: V4063006433
2026-06-30 21:14:46,298 - INFO - MainThread - Processing Excel Row 432
2026-06-30 21:14:46,299 - INFO - MainThread - Order: V4063006434
2026-06-30 21:14:46,299 - INFO - MainThread - Processing Excel Row 433
2026-06-30 21:14:46,301 - INFO - MainThread - Order: V4063006435
2026-06-30 21:14:46,301 - INFO - MainThread - Processing Excel Row 434
2026-06-30 21:14:46,302 - INFO - MainThread - Order: V4063006436
2026-06-30 21:14:46,302 - INFO - MainThread - Processing Excel Row 435
2026-06-30 21:14:46,303 - INFO - MainThread - Order: V4063006437
2026-06-30 21:14:46,303 - INFO - MainThread - Processing Excel Row 436
2026-06-30 21:14:46,304 - INFO - MainThread - Order: V4063006438
2026-06-30 21:14:46,304 - INFO - MainThread - Processing Excel Row 437
2026-06-30 21:14:46,306 - INFO - MainThread - Order: V4063006439
2026-06-30 21:14:46,306 - INFO - MainThread - Processing Excel Row 438
2026-06-30 21:14:46,307 - INFO - MainThread - Order: V4063006440
2026-06-30 21:14:46,307 - INFO - MainThread - Processing Excel Row 439
2026-06-30 21:14:46,308 - INFO - MainThread - Order: V4063006441
2026-06-30 21:14:46,308 - INFO - MainThread - Processing Excel Row 440
2026-06-30 21:14:46,311 - INFO - MainThread - Order: V4063006442
2026-06-30 21:14:46,311 - INFO - MainThread - Processing Excel Row 441
2026-06-30 21:14:46,314 - INFO - MainThread - Order: V4063006443
2026-06-30 21:14:46,314 - INFO - MainThread - Processing Excel Row 442
2026-06-30 21:14:46,317 - INFO - MainThread - Order: V4063006444
2026-06-30 21:14:46,318 - INFO - MainThread - Processing Excel Row 443
2026-06-30 21:14:46,321 - INFO - MainThread - Order: V4063006445
2026-06-30 21:14:46,321 - INFO - MainThread - Processing Excel Row 444
2026-06-30 21:14:46,322 - INFO - MainThread - Order: V4063006446
2026-06-30 21:14:46,323 - INFO - MainThread - Processing Excel Row 445
2026-06-30 21:14:46,324 - INFO - MainThread - Order: V4063006447
2026-06-30 21:14:46,324 - INFO - MainThread - Processing Excel Row 446
2026-06-30 21:14:46,325 - INFO - MainThread - Order: V4063006448
2026-06-30 21:14:46,325 - INFO - MainThread - Processing Excel Row 447
2026-06-30 21:14:46,326 - INFO - MainThread - Order: V4063006449
2026-06-30 21:14:46,326 - INFO - MainThread - Processing Excel Row 448
2026-06-30 21:14:46,327 - INFO - MainThread - Order: V4063006450
2026-06-30 21:14:46,327 - INFO - MainThread - Processing Excel Row 449
2026-06-30 21:14:46,328 - INFO - MainThread - Order: V4063006451
2026-06-30 21:14:46,328 - INFO - MainThread - Processing Excel Row 450
2026-06-30 21:14:46,329 - INFO - MainThread - Order: V4063006452
2026-06-30 21:14:46,330 - INFO - MainThread - Processing Excel Row 451
2026-06-30 21:14:46,331 - INFO - MainThread - Order: V4063006453
2026-06-30 21:14:46,331 - INFO - MainThread - Processing Excel Row 452
2026-06-30 21:14:46,332 - INFO - MainThread - Order: V4063006454
2026-06-30 21:14:46,332 - INFO - MainThread - Processing Excel Row 453
2026-06-30 21:14:46,334 - INFO - MainThread - Order: V4063006455
2026-06-30 21:14:46,334 - INFO - MainThread - Processing Excel Row 454
2026-06-30 21:14:46,335 - INFO - MainThread - Order: V4063006456
2026-06-30 21:14:46,335 - INFO - MainThread - Processing Excel Row 455
2026-06-30 21:14:46,338 - INFO - MainThread - Order: V4063006457
2026-06-30 21:14:46,338 - INFO - MainThread - Processing Excel Row 456
2026-06-30 21:14:46,340 - INFO - MainThread - Order: V4063006458
2026-06-30 21:14:46,341 - INFO - MainThread - Processing Excel Row 457
2026-06-30 21:14:46,343 - INFO - MainThread - Order: V4063006459
2026-06-30 21:14:46,343 - INFO - MainThread - Processing Excel Row 458
2026-06-30 21:14:46,345 - INFO - MainThread - Order: V4063006460
2026-06-30 21:14:46,345 - INFO - MainThread - Processing Excel Row 459
2026-06-30 21:14:46,348 - INFO - MainThread - Order: V4063006461
2026-06-30 21:14:46,348 - INFO - MainThread - Processing Excel Row 460
2026-06-30 21:14:46,350 - INFO - MainThread - Order: V4063006462
2026-06-30 21:14:46,350 - INFO - MainThread - Processing Excel Row 461
2026-06-30 21:14:46,352 - INFO - MainThread - Order: V4063006463
2026-06-30 21:14:46,352 - INFO - MainThread - Processing Excel Row 462
2026-06-30 21:14:46,354 - INFO - MainThread - Order: V4063006464
2026-06-30 21:14:46,354 - INFO - MainThread - Processing Excel Row 463
2026-06-30 21:14:46,356 - INFO - MainThread - Order: V4063006465
2026-06-30 21:14:46,356 - INFO - MainThread - Processing Excel Row 464
2026-06-30 21:14:46,358 - INFO - MainThread - Order: V4063006466
2026-06-30 21:14:46,358 - INFO - MainThread - Processing Excel Row 465
2026-06-30 21:14:46,361 - INFO - MainThread - Order: V4063006467
2026-06-30 21:14:46,361 - INFO - MainThread - Processing Excel Row 466
2026-06-30 21:14:46,363 - INFO - MainThread - Order: V4063006468
2026-06-30 21:14:46,363 - INFO - MainThread - Processing Excel Row 467
2026-06-30 21:14:46,366 - INFO - MainThread - Order: V4063006469
2026-06-30 21:14:46,366 - INFO - MainThread - Processing Excel Row 468
2026-06-30 21:14:46,369 - INFO - MainThread - Order: V4063006470
2026-06-30 21:14:46,369 - INFO - MainThread - Processing Excel Row 469
2026-06-30 21:14:46,371 - INFO - MainThread - Order: V4063006471
2026-06-30 21:14:46,371 - INFO - MainThread - Processing Excel Row 470
2026-06-30 21:14:46,373 - INFO - MainThread - Order: V4063006472
2026-06-30 21:14:46,373 - INFO - MainThread - Processing Excel Row 471
2026-06-30 21:14:46,374 - INFO - MainThread - Order: V4063006473
2026-06-30 21:14:46,374 - INFO - MainThread - Processing Excel Row 472
2026-06-30 21:14:46,376 - INFO - MainThread - Order: V4063006474
2026-06-30 21:14:46,376 - INFO - MainThread - Processing Excel Row 473
2026-06-30 21:14:46,377 - INFO - MainThread - Order: V4063006475
2026-06-30 21:14:46,377 - INFO - MainThread - Processing Excel Row 474
2026-06-30 21:14:46,379 - INFO - MainThread - Order: V4063006476
2026-06-30 21:14:46,379 - INFO - MainThread - Processing Excel Row 475
2026-06-30 21:14:46,381 - INFO - MainThread - Order: V4063006477
2026-06-30 21:14:46,381 - INFO - MainThread - Processing Excel Row 476
2026-06-30 21:14:46,383 - INFO - MainThread - Order: V4063006478
2026-06-30 21:14:46,383 - INFO - MainThread - Processing Excel Row 477
2026-06-30 21:14:46,384 - INFO - MainThread - Order: V4063006479
2026-06-30 21:14:46,384 - INFO - MainThread - Processing Excel Row 478
2026-06-30 21:14:46,385 - INFO - MainThread - Order: V4063006480
2026-06-30 21:14:46,385 - INFO - MainThread - Processing Excel Row 479
2026-06-30 21:14:46,387 - INFO - MainThread - Order: V4063006481
2026-06-30 21:14:46,387 - INFO - MainThread - Processing Excel Row 480
2026-06-30 21:14:46,388 - INFO - MainThread - Order: V4063006482
2026-06-30 21:14:46,388 - INFO - MainThread - Processing Excel Row 481
2026-06-30 21:14:46,390 - INFO - MainThread - Order: V4063006483
2026-06-30 21:14:46,390 - INFO - MainThread - Processing Excel Row 482
2026-06-30 21:14:46,391 - INFO - MainThread - Order: V4063006484
2026-06-30 21:14:46,391 - INFO - MainThread - Processing Excel Row 483
2026-06-30 21:14:46,392 - INFO - MainThread - Order: V4063006485
2026-06-30 21:14:46,393 - INFO - MainThread - Processing Excel Row 484
2026-06-30 21:14:46,394 - INFO - MainThread - Order: V4063006486
2026-06-30 21:14:46,394 - INFO - MainThread - Processing Excel Row 485
2026-06-30 21:14:46,395 - INFO - MainThread - Order: V4063006487
2026-06-30 21:14:46,395 - INFO - MainThread - Processing Excel Row 486
2026-06-30 21:14:46,397 - INFO - MainThread - Order: V4063006488
2026-06-30 21:14:46,397 - INFO - MainThread - Processing Excel Row 487
2026-06-30 21:14:46,398 - INFO - MainThread - Order: V4063006489
2026-06-30 21:14:46,398 - INFO - MainThread - Processing Excel Row 488
2026-06-30 21:14:46,401 - INFO - MainThread - Order: V4063006490
2026-06-30 21:14:46,401 - INFO - MainThread - Processing Excel Row 489
2026-06-30 21:14:46,405 - INFO - MainThread - Order: V4063006491
2026-06-30 21:14:46,405 - INFO - MainThread - Processing Excel Row 490
2026-06-30 21:14:46,407 - INFO - MainThread - Order: V4063006492
2026-06-30 21:14:46,407 - INFO - MainThread - Processing Excel Row 491
2026-06-30 21:14:46,408 - INFO - MainThread - Order: V4063006493
2026-06-30 21:14:46,408 - INFO - MainThread - Processing Excel Row 492
2026-06-30 21:14:46,409 - INFO - MainThread - Order: V4063006494
2026-06-30 21:14:46,410 - INFO - MainThread - Processing Excel Row 493
2026-06-30 21:14:46,411 - INFO - MainThread - Order: V4063006495
2026-06-30 21:14:46,411 - INFO - MainThread - Processing Excel Row 494
2026-06-30 21:14:46,412 - INFO - MainThread - Order: V4063006496
2026-06-30 21:14:46,412 - INFO - MainThread - Processing Excel Row 495
2026-06-30 21:14:46,413 - INFO - MainThread - Order: V4063006497
2026-06-30 21:14:46,413 - INFO - MainThread - Processing Excel Row 496
2026-06-30 21:14:46,414 - INFO - MainThread - Order: V4063006498
2026-06-30 21:14:46,414 - INFO - MainThread - Processing Excel Row 497
2026-06-30 21:14:46,415 - INFO - MainThread - Order: V4063006499
2026-06-30 21:14:46,415 - INFO - MainThread - Processing Excel Row 498
2026-06-30 21:14:46,416 - INFO - MainThread - Order: V4063006500
2026-06-30 21:14:46,417 - INFO - MainThread - Processing Excel Row 499
2026-06-30 21:14:46,418 - INFO - MainThread - Order: V4063006501
2026-06-30 21:14:46,418 - INFO - MainThread - Processing Excel Row 500
2026-06-30 21:14:46,419 - INFO - MainThread - Order: V4063006502
2026-06-30 21:14:46,420 - INFO - MainThread - Processing Excel Row 501
2026-06-30 21:14:46,421 - INFO - MainThread - Order: V4063006503
2026-06-30 21:14:46,421 - INFO - MainThread - Processing Excel Row 502
2026-06-30 21:14:46,423 - INFO - MainThread - Order: V4063006504
2026-06-30 21:14:46,423 - INFO - MainThread - Processing Excel Row 503
2026-06-30 21:14:46,425 - INFO - MainThread - Order: V4063006505
2026-06-30 21:14:46,425 - INFO - MainThread - Processing Excel Row 504
2026-06-30 21:14:46,426 - INFO - MainThread - Order: V4063006506
2026-06-30 21:14:46,426 - INFO - MainThread - Processing Excel Row 505
2026-06-30 21:14:46,428 - INFO - MainThread - Order: V4063006507
2026-06-30 21:14:46,428 - INFO - MainThread - Processing Excel Row 506
2026-06-30 21:14:46,429 - INFO - MainThread - Order: V4063006508
2026-06-30 21:14:46,429 - INFO - MainThread - Processing Excel Row 507
2026-06-30 21:14:46,432 - INFO - MainThread - Order: V4063006509
2026-06-30 21:14:46,432 - INFO - MainThread - Processing Excel Row 508
2026-06-30 21:14:46,435 - INFO - MainThread - Order: V4063006510
2026-06-30 21:14:46,435 - INFO - MainThread - Processing Excel Row 509
2026-06-30 21:14:46,438 - INFO - MainThread - Order: V4063006511
2026-06-30 21:14:46,438 - INFO - MainThread - Processing Excel Row 510
2026-06-30 21:14:46,443 - INFO - MainThread - Order: V4063006512
2026-06-30 21:14:46,443 - INFO - MainThread - Processing Excel Row 511
2026-06-30 21:14:46,446 - INFO - MainThread - Order: V4063006513
2026-06-30 21:14:46,446 - INFO - MainThread - Processing Excel Row 512
2026-06-30 21:14:46,448 - INFO - MainThread - Order: V4063006514
2026-06-30 21:14:46,448 - INFO - MainThread - Processing Excel Row 513
2026-06-30 21:14:46,449 - INFO - MainThread - Order: V4063006515
2026-06-30 21:14:46,449 - INFO - MainThread - Processing Excel Row 514
2026-06-30 21:14:46,451 - INFO - MainThread - Order: V4063006516
2026-06-30 21:14:46,451 - INFO - MainThread - Processing Excel Row 515
2026-06-30 21:14:46,452 - INFO - MainThread - Order: V4063006517
2026-06-30 21:14:46,452 - INFO - MainThread - Processing Excel Row 516
2026-06-30 21:14:46,453 - INFO - MainThread - Order: V4063006518
2026-06-30 21:14:46,453 - INFO - MainThread - Processing Excel Row 517
2026-06-30 21:14:46,455 - INFO - MainThread - Order: V4063006519
2026-06-30 21:14:46,455 - INFO - MainThread - Processing Excel Row 518
2026-06-30 21:14:46,456 - INFO - MainThread - Order: V4063006520
2026-06-30 21:14:46,456 - INFO - MainThread - Processing Excel Row 519
2026-06-30 21:14:46,457 - INFO - MainThread - Order: V4063006521
2026-06-30 21:14:46,457 - INFO - MainThread - Processing Excel Row 520
2026-06-30 21:14:46,459 - INFO - MainThread - Order: V4063006522
2026-06-30 21:14:46,459 - INFO - MainThread - Processing Excel Row 521
2026-06-30 21:14:46,460 - INFO - MainThread - Order: V4063006523
2026-06-30 21:14:46,460 - INFO - MainThread - Processing Excel Row 522
2026-06-30 21:14:46,461 - INFO - MainThread - Order: V4063006524
2026-06-30 21:14:46,461 - INFO - MainThread - Processing Excel Row 523
2026-06-30 21:14:46,462 - INFO - MainThread - Order: V4063006525
2026-06-30 21:14:46,462 - INFO - MainThread - Processing Excel Row 524
2026-06-30 21:14:46,463 - INFO - MainThread - Order: V4063006526
2026-06-30 21:14:46,463 - INFO - MainThread - Processing Excel Row 525
2026-06-30 21:14:46,465 - INFO - MainThread - Order: V4063006527
2026-06-30 21:14:46,465 - INFO - MainThread - Processing Excel Row 526
2026-06-30 21:14:46,466 - INFO - MainThread - Order: V4063006528
2026-06-30 21:14:46,466 - INFO - MainThread - Processing Excel Row 527
2026-06-30 21:14:46,468 - INFO - MainThread - Order: V4063006529
2026-06-30 21:14:46,468 - INFO - MainThread - Processing Excel Row 528
2026-06-30 21:14:46,469 - INFO - MainThread - Order: V4063006530
2026-06-30 21:14:46,469 - INFO - MainThread - Processing Excel Row 529
2026-06-30 21:14:46,470 - INFO - MainThread - Order: V4063006531
2026-06-30 21:14:46,471 - INFO - MainThread - Processing Excel Row 530
2026-06-30 21:14:46,472 - INFO - MainThread - Order: V4063006532
2026-06-30 21:14:46,472 - INFO - MainThread - Processing Excel Row 531
2026-06-30 21:14:46,473 - INFO - MainThread - Order: V4063006533
2026-06-30 21:14:46,473 - INFO - MainThread - Processing Excel Row 532
2026-06-30 21:14:46,475 - INFO - MainThread - Order: V4063006534
2026-06-30 21:14:46,475 - INFO - MainThread - Processing Excel Row 533
2026-06-30 21:14:46,476 - INFO - MainThread - Order: V4063006535
2026-06-30 21:14:46,476 - INFO - MainThread - Processing Excel Row 534
2026-06-30 21:14:46,477 - INFO - MainThread - Order: V4063006536
2026-06-30 21:14:46,477 - INFO - MainThread - Processing Excel Row 535
2026-06-30 21:14:46,478 - INFO - MainThread - Order: V4063006537
2026-06-30 21:14:46,478 - INFO - MainThread - Processing Excel Row 536
2026-06-30 21:14:46,480 - INFO - MainThread - Order: V4063006538
2026-06-30 21:14:46,480 - INFO - MainThread - Processing Excel Row 537
2026-06-30 21:14:46,481 - INFO - MainThread - Order: V4063006539
2026-06-30 21:14:46,481 - INFO - MainThread - Processing Excel Row 538
2026-06-30 21:14:46,482 - INFO - MainThread - Order: V4063006540
2026-06-30 21:14:46,482 - INFO - MainThread - Processing Excel Row 539
2026-06-30 21:14:46,484 - INFO - MainThread - Order: V4063006541
2026-06-30 21:14:46,484 - INFO - MainThread - Processing Excel Row 540
2026-06-30 21:14:46,485 - INFO - MainThread - Order: V4063006542
2026-06-30 21:14:46,485 - INFO - MainThread - Processing Excel Row 541
2026-06-30 21:14:46,487 - INFO - MainThread - Order: V4063006543
2026-06-30 21:14:46,487 - INFO - MainThread - Processing Excel Row 542
2026-06-30 21:14:46,488 - INFO - MainThread - Order: V4063006544
2026-06-30 21:14:46,489 - INFO - MainThread - Processing Excel Row 543
2026-06-30 21:14:46,491 - INFO - MainThread - Order: V4063006545
2026-06-30 21:14:46,491 - INFO - MainThread - Processing Excel Row 544
2026-06-30 21:14:46,493 - INFO - MainThread - Order: V4063006546
2026-06-30 21:14:46,493 - INFO - MainThread - Processing Excel Row 545
2026-06-30 21:14:46,495 - INFO - MainThread - Order: V4063006547
2026-06-30 21:14:46,495 - INFO - MainThread - Processing Excel Row 546
2026-06-30 21:14:46,498 - INFO - MainThread - Order: V4063006548
2026-06-30 21:14:46,498 - INFO - MainThread - Processing Excel Row 547
2026-06-30 21:14:46,499 - INFO - MainThread - Order: V4063006549
2026-06-30 21:14:46,500 - INFO - MainThread - Processing Excel Row 548
2026-06-30 21:14:46,501 - INFO - MainThread - Order: V4063006550
2026-06-30 21:14:46,501 - INFO - MainThread - Processing Excel Row 549
2026-06-30 21:14:46,503 - INFO - MainThread - Order: V4063006551
2026-06-30 21:14:46,503 - INFO - MainThread - Processing Excel Row 550
2026-06-30 21:14:46,505 - INFO - MainThread - Order: V4063006552
2026-06-30 21:14:46,505 - INFO - MainThread - Processing Excel Row 551
2026-06-30 21:14:46,507 - INFO - MainThread - Order: V4063006553
2026-06-30 21:14:46,507 - INFO - MainThread - Processing Excel Row 552
2026-06-30 21:14:46,509 - INFO - MainThread - Order: V4063006554
2026-06-30 21:14:46,509 - INFO - MainThread - Processing Excel Row 553
2026-06-30 21:14:46,511 - INFO - MainThread - Order: V4063006555
2026-06-30 21:14:46,511 - INFO - MainThread - Processing Excel Row 554
2026-06-30 21:14:46,513 - INFO - MainThread - Order: V4063006556
2026-06-30 21:14:46,513 - INFO - MainThread - Processing Excel Row 555
2026-06-30 21:14:46,515 - INFO - MainThread - Order: V4063006557
2026-06-30 21:14:46,515 - INFO - MainThread - Processing Excel Row 556
2026-06-30 21:14:46,517 - INFO - MainThread - Order: V4063006558
2026-06-30 21:14:46,517 - INFO - MainThread - Processing Excel Row 557
2026-06-30 21:14:46,519 - INFO - MainThread - Order: V4063006559
2026-06-30 21:14:46,519 - INFO - MainThread - Processing Excel Row 558
2026-06-30 21:14:46,520 - INFO - MainThread - Order: V4063006560
2026-06-30 21:14:46,520 - INFO - MainThread - Processing Excel Row 559
2026-06-30 21:14:46,522 - INFO - MainThread - Order: V4063006561
2026-06-30 21:14:46,522 - INFO - MainThread - Processing Excel Row 560
2026-06-30 21:14:46,523 - INFO - MainThread - Order: V4063006562
2026-06-30 21:14:46,523 - INFO - MainThread - Processing Excel Row 561
2026-06-30 21:14:46,524 - INFO - MainThread - Order: V4063006563
2026-06-30 21:14:46,524 - INFO - MainThread - Processing Excel Row 562
2026-06-30 21:14:46,525 - INFO - MainThread - Order: V4063006564
2026-06-30 21:14:46,525 - INFO - MainThread - Processing Excel Row 563
2026-06-30 21:14:46,526 - INFO - MainThread - Order: V4063006565
2026-06-30 21:14:46,527 - INFO - MainThread - Processing Excel Row 564
2026-06-30 21:14:46,528 - INFO - MainThread - Order: V4063006566
2026-06-30 21:14:46,528 - INFO - MainThread - Processing Excel Row 565
2026-06-30 21:14:46,529 - INFO - MainThread - Order: V4063006567
2026-06-30 21:14:46,529 - INFO - MainThread - Processing Excel Row 566
2026-06-30 21:14:46,530 - INFO - MainThread - Order: V4063006568
2026-06-30 21:14:46,530 - INFO - MainThread - Processing Excel Row 567
2026-06-30 21:14:46,531 - INFO - MainThread - Order: V4063006569
2026-06-30 21:14:46,531 - INFO - MainThread - Processing Excel Row 568
2026-06-30 21:14:46,532 - INFO - MainThread - Order: V4063006570
2026-06-30 21:14:46,532 - INFO - MainThread - Processing Excel Row 569
2026-06-30 21:14:46,533 - INFO - MainThread - Order: V4063006571
2026-06-30 21:14:46,533 - INFO - MainThread - Processing Excel Row 570
2026-06-30 21:14:46,534 - INFO - MainThread - Order: V4063006572
2026-06-30 21:14:46,534 - INFO - MainThread - Processing Excel Row 571
2026-06-30 21:14:46,535 - INFO - MainThread - Order: V4063006573
2026-06-30 21:14:46,535 - INFO - MainThread - Processing Excel Row 572
2026-06-30 21:14:46,536 - INFO - MainThread - Order: V4063006574
2026-06-30 21:14:46,537 - INFO - MainThread - Processing Excel Row 573
2026-06-30 21:14:46,538 - INFO - MainThread - Order: V4063006575
2026-06-30 21:14:46,538 - INFO - MainThread - Processing Excel Row 574
2026-06-30 21:14:46,539 - INFO - MainThread - Order: V4063006576
2026-06-30 21:14:46,539 - INFO - MainThread - Processing Excel Row 575
2026-06-30 21:14:46,540 - INFO - MainThread - Order: V4063006577
2026-06-30 21:14:46,541 - INFO - MainThread - Processing Excel Row 576
2026-06-30 21:14:46,542 - INFO - MainThread - Order: V4063006578
2026-06-30 21:14:46,542 - INFO - MainThread - Processing Excel Row 577
2026-06-30 21:14:46,543 - INFO - MainThread - Order: V4063006579
2026-06-30 21:14:46,543 - INFO - MainThread - Processing Excel Row 578
2026-06-30 21:14:46,544 - INFO - MainThread - Order: V4063006580
2026-06-30 21:14:46,544 - INFO - MainThread - Processing Excel Row 579
2026-06-30 21:14:46,545 - INFO - MainThread - Order: V4063006581
2026-06-30 21:14:46,545 - INFO - MainThread - Processing Excel Row 580
2026-06-30 21:14:46,546 - INFO - MainThread - Order: V4063006582
2026-06-30 21:14:46,546 - INFO - MainThread - Processing Excel Row 581
2026-06-30 21:14:46,547 - INFO - MainThread - Order: V4063006583
2026-06-30 21:14:46,548 - INFO - MainThread - Processing Excel Row 582
2026-06-30 21:14:46,549 - INFO - MainThread - Order: V4063006584
2026-06-30 21:14:46,549 - INFO - MainThread - Processing Excel Row 583
2026-06-30 21:14:46,550 - INFO - MainThread - Order: V4063006585
2026-06-30 21:14:46,550 - INFO - MainThread - Processing Excel Row 584
2026-06-30 21:14:46,551 - INFO - MainThread - Order: V4063006586
2026-06-30 21:14:46,551 - INFO - MainThread - Processing Excel Row 585
2026-06-30 21:14:46,552 - INFO - MainThread - Order: V4063006587
2026-06-30 21:14:46,552 - INFO - MainThread - Processing Excel Row 586
2026-06-30 21:14:46,553 - INFO - MainThread - Order: V4063006588
2026-06-30 21:14:46,553 - INFO - MainThread - Processing Excel Row 587
2026-06-30 21:14:46,554 - INFO - MainThread - Order: V4063006589
2026-06-30 21:14:46,554 - INFO - MainThread - Processing Excel Row 588
2026-06-30 21:14:46,556 - INFO - MainThread - Order: V4063006590
2026-06-30 21:14:46,556 - INFO - MainThread - Processing Excel Row 589
2026-06-30 21:14:46,558 - INFO - MainThread - Order: V4063006591
2026-06-30 21:14:46,558 - INFO - MainThread - Processing Excel Row 590
2026-06-30 21:14:46,560 - INFO - MainThread - Order: V4063006592
2026-06-30 21:14:46,561 - INFO - MainThread - Processing Excel Row 591
2026-06-30 21:14:46,563 - INFO - MainThread - Order: V4063006593
2026-06-30 21:14:46,563 - INFO - MainThread - Processing Excel Row 592
2026-06-30 21:14:46,566 - INFO - MainThread - Order: V4063006594
2026-06-30 21:14:46,566 - INFO - MainThread - Processing Excel Row 593
2026-06-30 21:14:46,568 - INFO - MainThread - Order: V4063006595
2026-06-30 21:14:46,568 - INFO - MainThread - Processing Excel Row 594
2026-06-30 21:14:46,570 - INFO - MainThread - Order: V4063006596
2026-06-30 21:14:46,570 - INFO - MainThread - Processing Excel Row 595
2026-06-30 21:14:46,572 - INFO - MainThread - Order: V4063006597
2026-06-30 21:14:46,573 - INFO - MainThread - Processing Excel Row 596
2026-06-30 21:14:46,578 - INFO - MainThread - Order: V4063006598
2026-06-30 21:14:46,578 - INFO - MainThread - Processing Excel Row 597
2026-06-30 21:14:46,579 - INFO - MainThread - Order: V4063006599
2026-06-30 21:14:46,580 - INFO - MainThread - Processing Excel Row 598
2026-06-30 21:14:46,581 - INFO - MainThread - Order: V4063006600
2026-06-30 21:14:46,581 - INFO - MainThread - Processing Excel Row 599
2026-06-30 21:14:46,582 - INFO - MainThread - Order: V4063006601
2026-06-30 21:14:46,582 - INFO - MainThread - Processing Excel Row 600
2026-06-30 21:14:46,583 - INFO - MainThread - Order: V4063006602
2026-06-30 21:14:46,583 - INFO - MainThread - Processing Excel Row 601
2026-06-30 21:14:46,585 - INFO - MainThread - Order: V4063006603
2026-06-30 21:14:46,585 - INFO - MainThread - Processing Excel Row 602
2026-06-30 21:14:46,586 - INFO - MainThread - Order: V4063006604
2026-06-30 21:14:46,586 - INFO - MainThread - Processing Excel Row 603
2026-06-30 21:14:46,587 - INFO - MainThread - Order: V4063006605
2026-06-30 21:14:46,587 - INFO - MainThread - Processing Excel Row 604
2026-06-30 21:14:46,588 - INFO - MainThread - Order: V4063006606
2026-06-30 21:14:46,588 - INFO - MainThread - Processing Excel Row 605
2026-06-30 21:14:46,589 - INFO - MainThread - Order: V4063006607
2026-06-30 21:14:46,589 - INFO - MainThread - Processing Excel Row 606
2026-06-30 21:14:46,590 - INFO - MainThread - Order: V4063006608
2026-06-30 21:14:46,590 - INFO - MainThread - Processing Excel Row 607
2026-06-30 21:14:46,591 - INFO - MainThread - Order: V4063006609
2026-06-30 21:14:46,591 - INFO - MainThread - Processing Excel Row 608
2026-06-30 21:14:46,592 - INFO - MainThread - Order: V4063006610
2026-06-30 21:14:46,593 - INFO - MainThread - Processing Excel Row 609
2026-06-30 21:14:46,594 - INFO - MainThread - Order: V4063006611
2026-06-30 21:14:46,594 - INFO - MainThread - Processing Excel Row 610
2026-06-30 21:14:46,595 - INFO - MainThread - Order: V4063006612
2026-06-30 21:14:46,595 - INFO - MainThread - Processing Excel Row 611
2026-06-30 21:14:46,596 - INFO - MainThread - Order: V4063006613
2026-06-30 21:14:46,596 - INFO - MainThread - Processing Excel Row 612
2026-06-30 21:14:46,597 - INFO - MainThread - Order: V4063006614
2026-06-30 21:14:46,597 - INFO - MainThread - Processing Excel Row 613
2026-06-30 21:14:46,598 - INFO - MainThread - Order: V4063006615
2026-06-30 21:14:46,598 - INFO - MainThread - Processing Excel Row 614
2026-06-30 21:14:46,599 - INFO - MainThread - Order: V4063006616
2026-06-30 21:14:46,599 - INFO - MainThread - Processing Excel Row 615
2026-06-30 21:14:46,600 - INFO - MainThread - Order: V4063006617
2026-06-30 21:14:46,600 - INFO - MainThread - Processing Excel Row 616
2026-06-30 21:14:46,602 - INFO - MainThread - Order: V4063006618
2026-06-30 21:14:46,602 - INFO - MainThread - Processing Excel Row 617
2026-06-30 21:14:46,603 - INFO - MainThread - Order: V4063006619
2026-06-30 21:14:46,603 - INFO - MainThread - Processing Excel Row 618
2026-06-30 21:14:46,604 - INFO - MainThread - Order: V4063006620
2026-06-30 21:14:46,604 - INFO - MainThread - Processing Excel Row 619
2026-06-30 21:14:46,605 - INFO - MainThread - Order: V4063006621
2026-06-30 21:14:46,605 - INFO - MainThread - Processing Excel Row 620
2026-06-30 21:14:46,606 - INFO - MainThread - Order: V4063006622
2026-06-30 21:14:46,606 - INFO - MainThread - Processing Excel Row 621
2026-06-30 21:14:46,607 - INFO - MainThread - Order: V4063006623
2026-06-30 21:14:46,607 - INFO - MainThread - Processing Excel Row 622
2026-06-30 21:14:46,608 - INFO - MainThread - Order: V4063006624
2026-06-30 21:14:46,608 - INFO - MainThread - Processing Excel Row 623
2026-06-30 21:14:46,610 - INFO - MainThread - Order: V4063006625
2026-06-30 21:14:46,610 - INFO - MainThread - Processing Excel Row 624
2026-06-30 21:14:46,611 - INFO - MainThread - Order: V4063006626
2026-06-30 21:14:46,611 - INFO - MainThread - Processing Excel Row 625
2026-06-30 21:14:46,612 - INFO - MainThread - Order: V4063006627
2026-06-30 21:14:46,612 - INFO - MainThread - Processing Excel Row 626
2026-06-30 21:14:46,613 - INFO - MainThread - Order: V4063006628
2026-06-30 21:14:46,613 - INFO - MainThread - Processing Excel Row 627
2026-06-30 21:14:46,614 - INFO - MainThread - Order: V4063006629
2026-06-30 21:14:46,614 - INFO - MainThread - Processing Excel Row 628
2026-06-30 21:14:46,615 - INFO - MainThread - Order: V4063006630
2026-06-30 21:14:46,615 - INFO - MainThread - Processing Excel Row 629
2026-06-30 21:14:46,616 - INFO - MainThread - Order: V4063006631
2026-06-30 21:14:46,616 - INFO - MainThread - Processing Excel Row 630
2026-06-30 21:14:46,617 - INFO - MainThread - Order: V4063006632
2026-06-30 21:14:46,617 - INFO - MainThread - Processing Excel Row 631
2026-06-30 21:14:46,618 - INFO - MainThread - Order: V4063006633
2026-06-30 21:14:46,618 - INFO - MainThread - Processing Excel Row 632
2026-06-30 21:14:46,619 - INFO - MainThread - Order: V4063006634
2026-06-30 21:14:46,619 - INFO - MainThread - Processing Excel Row 633
2026-06-30 21:14:46,621 - INFO - MainThread - Order: V4063006635
2026-06-30 21:14:46,621 - INFO - MainThread - Processing Excel Row 634
2026-06-30 21:14:46,622 - INFO - MainThread - Order: V4063006636
2026-06-30 21:14:46,622 - INFO - MainThread - Processing Excel Row 635
2026-06-30 21:14:46,623 - INFO - MainThread - Order: V4063006637
2026-06-30 21:14:46,623 - INFO - MainThread - Processing Excel Row 636
2026-06-30 21:14:46,624 - INFO - MainThread - Order: V4063006638
2026-06-30 21:14:46,625 - INFO - MainThread - Processing Excel Row 637
2026-06-30 21:14:46,626 - INFO - MainThread - Order: V4063006639
2026-06-30 21:14:46,626 - INFO - MainThread - Processing Excel Row 638
2026-06-30 21:14:46,627 - INFO - MainThread - Order: V4063006640
2026-06-30 21:14:46,627 - INFO - MainThread - Processing Excel Row 639
2026-06-30 21:14:46,628 - INFO - MainThread - Order: V4063006641
2026-06-30 21:14:46,628 - INFO - MainThread - Processing Excel Row 640
2026-06-30 21:14:46,629 - INFO - MainThread - Order: V4063006642
2026-06-30 21:14:46,629 - INFO - MainThread - Processing Excel Row 641
2026-06-30 21:14:46,631 - INFO - MainThread - Order: V4063006643
2026-06-30 21:14:46,631 - INFO - MainThread - Processing Excel Row 642
2026-06-30 21:14:46,632 - INFO - MainThread - Order: V4063006644
2026-06-30 21:14:46,632 - INFO - MainThread - Processing Excel Row 643
2026-06-30 21:14:46,633 - INFO - MainThread - Order: V4063006645
2026-06-30 21:14:46,633 - INFO - MainThread - Processing Excel Row 644
2026-06-30 21:14:46,634 - INFO - MainThread - Order: V4063006646
2026-06-30 21:14:46,634 - INFO - MainThread - Processing Excel Row 645
2026-06-30 21:14:46,635 - INFO - MainThread - Order: V4063006647
2026-06-30 21:14:46,635 - INFO - MainThread - Processing Excel Row 646
2026-06-30 21:14:46,636 - INFO - MainThread - Order: V4063006648
2026-06-30 21:14:46,636 - INFO - MainThread - Processing Excel Row 647
2026-06-30 21:14:46,637 - INFO - MainThread - Order: V4063006649
2026-06-30 21:14:46,637 - INFO - MainThread - Processing Excel Row 648
2026-06-30 21:14:46,638 - INFO - MainThread - Order: V4063006650
2026-06-30 21:14:46,638 - INFO - MainThread - Processing Excel Row 649
2026-06-30 21:14:46,639 - INFO - MainThread - Order: V4063006651
2026-06-30 21:14:46,639 - INFO - MainThread - Processing Excel Row 650
2026-06-30 21:14:46,641 - INFO - MainThread - Order: V4063006652
2026-06-30 21:14:46,641 - INFO - MainThread - Processing Excel Row 651
2026-06-30 21:14:46,642 - INFO - MainThread - Order: V4063006653
2026-06-30 21:14:46,642 - INFO - MainThread - Processing Excel Row 652
2026-06-30 21:14:46,643 - INFO - MainThread - Order: V4063006654
2026-06-30 21:14:46,643 - INFO - MainThread - Processing Excel Row 653
2026-06-30 21:14:46,644 - INFO - MainThread - Order: V4063006655
2026-06-30 21:14:46,645 - INFO - MainThread - Processing Excel Row 654
2026-06-30 21:14:46,646 - INFO - MainThread - Order: V4063006656
2026-06-30 21:14:46,646 - INFO - MainThread - Processing Excel Row 655
2026-06-30 21:14:46,647 - INFO - MainThread - Order: V4063006657
2026-06-30 21:14:46,647 - INFO - MainThread - Processing Excel Row 656
2026-06-30 21:14:46,648 - INFO - MainThread - Order: V4063006658
2026-06-30 21:14:46,648 - INFO - MainThread - Processing Excel Row 657
2026-06-30 21:14:46,649 - INFO - MainThread - Order: V4063006659
2026-06-30 21:14:46,649 - INFO - MainThread - Processing Excel Row 658
2026-06-30 21:14:46,650 - INFO - MainThread - Order: V4063006660
2026-06-30 21:14:46,650 - INFO - MainThread - Processing Excel Row 659
2026-06-30 21:14:46,651 - INFO - MainThread - Order: V4063006661
2026-06-30 21:14:46,652 - INFO - MainThread - Processing Excel Row 660
2026-06-30 21:14:46,654 - INFO - MainThread - Order: V4063006662
2026-06-30 21:14:46,654 - INFO - MainThread - Processing Excel Row 661
2026-06-30 21:14:46,656 - INFO - MainThread - Order: V4063006663
2026-06-30 21:14:46,656 - INFO - MainThread - Processing Excel Row 662
2026-06-30 21:14:46,658 - INFO - MainThread - Order: V4063006664
2026-06-30 21:14:46,658 - INFO - MainThread - Processing Excel Row 663
2026-06-30 21:14:46,660 - INFO - MainThread - Order: V4063006665
2026-06-30 21:14:46,660 - INFO - MainThread - Processing Excel Row 664
2026-06-30 21:14:46,662 - INFO - MainThread - Order: V4063006666
2026-06-30 21:14:46,662 - INFO - MainThread - Processing Excel Row 665
2026-06-30 21:14:46,664 - INFO - MainThread - Order: V4063006667
2026-06-30 21:14:46,664 - INFO - MainThread - Processing Excel Row 666
2026-06-30 21:14:46,666 - INFO - MainThread - Order: V4063006668
2026-06-30 21:14:46,666 - INFO - MainThread - Processing Excel Row 667
2026-06-30 21:14:46,668 - INFO - MainThread - Order: V4063006669
2026-06-30 21:14:46,668 - INFO - MainThread - Processing Excel Row 668
2026-06-30 21:14:46,670 - INFO - MainThread - Order: V4063006670
2026-06-30 21:14:46,670 - INFO - MainThread - Processing Excel Row 669
2026-06-30 21:14:46,672 - INFO - MainThread - Order: V4063006671
2026-06-30 21:14:46,673 - INFO - MainThread - Processing Excel Row 670
2026-06-30 21:14:46,674 - INFO - MainThread - Order: V4063006672
2026-06-30 21:14:46,674 - INFO - MainThread - Processing Excel Row 671
2026-06-30 21:14:46,676 - INFO - MainThread - Order: V4063006673
2026-06-30 21:14:46,676 - INFO - MainThread - Processing Excel Row 672
2026-06-30 21:14:46,678 - INFO - MainThread - Order: V4063006674
2026-06-30 21:14:46,678 - INFO - MainThread - Processing Excel Row 673
2026-06-30 21:14:46,680 - INFO - MainThread - Order: V4063006675
2026-06-30 21:14:46,680 - INFO - MainThread - Processing Excel Row 674
2026-06-30 21:14:46,681 - INFO - MainThread - Order: V4063006676
2026-06-30 21:14:46,681 - INFO - MainThread - Processing Excel Row 675
2026-06-30 21:14:46,683 - INFO - MainThread - Order: V4063006677
2026-06-30 21:14:46,683 - INFO - MainThread - Processing Excel Row 676
2026-06-30 21:14:46,685 - INFO - MainThread - Order: V4063006678
2026-06-30 21:14:46,685 - INFO - MainThread - Processing Excel Row 677
2026-06-30 21:14:46,687 - INFO - MainThread - Order: V4063006679
2026-06-30 21:14:46,687 - INFO - MainThread - Processing Excel Row 678
2026-06-30 21:14:46,689 - INFO - MainThread - Order: V4063006680
2026-06-30 21:14:46,689 - INFO - MainThread - Processing Excel Row 679
2026-06-30 21:14:46,691 - INFO - MainThread - Order: V4063006681
2026-06-30 21:14:46,691 - INFO - MainThread - Processing Excel Row 680
2026-06-30 21:14:46,693 - INFO - MainThread - Order: V4063006682
2026-06-30 21:14:46,693 - INFO - MainThread - Processing Excel Row 681
2026-06-30 21:14:46,695 - INFO - MainThread - Order: V4063006683
2026-06-30 21:14:46,695 - INFO - MainThread - Processing Excel Row 682
2026-06-30 21:14:46,697 - INFO - MainThread - Order: V4063006684
2026-06-30 21:14:46,697 - INFO - MainThread - Processing Excel Row 683
2026-06-30 21:14:46,699 - INFO - MainThread - Order: V4063006685
2026-06-30 21:14:46,699 - INFO - MainThread - Processing Excel Row 684
2026-06-30 21:14:46,701 - INFO - MainThread - Order: V4063006686
2026-06-30 21:14:46,701 - INFO - MainThread - Processing Excel Row 685
2026-06-30 21:14:46,702 - INFO - MainThread - Order: V4063006687
2026-06-30 21:14:46,702 - INFO - MainThread - Processing Excel Row 686
2026-06-30 21:14:46,703 - INFO - MainThread - Order: V4063006688
2026-06-30 21:14:46,703 - INFO - MainThread - Processing Excel Row 687
2026-06-30 21:14:46,704 - INFO - MainThread - Order: V4063006689
2026-06-30 21:14:46,704 - INFO - MainThread - Processing Excel Row 688
2026-06-30 21:14:46,705 - INFO - MainThread - Order: V4063006690
2026-06-30 21:14:46,706 - INFO - MainThread - Processing Excel Row 689
2026-06-30 21:14:46,707 - INFO - MainThread - Order: V4063006691
2026-06-30 21:14:46,707 - INFO - MainThread - Processing Excel Row 690
2026-06-30 21:14:46,708 - INFO - MainThread - Order: V4063006692
2026-06-30 21:14:46,708 - INFO - MainThread - Processing Excel Row 691
2026-06-30 21:14:46,709 - INFO - MainThread - Order: V4063006693
2026-06-30 21:14:46,709 - INFO - MainThread - Processing Excel Row 692
2026-06-30 21:14:46,710 - INFO - MainThread - Order: V4063006694
2026-06-30 21:14:46,711 - INFO - MainThread - Processing Excel Row 693
2026-06-30 21:14:46,712 - INFO - MainThread - Order: V4063006695
2026-06-30 21:14:46,712 - INFO - MainThread - Processing Excel Row 694
2026-06-30 21:14:46,713 - INFO - MainThread - Order: V4063006696
2026-06-30 21:14:46,713 - INFO - MainThread - Processing Excel Row 695
2026-06-30 21:14:46,714 - INFO - MainThread - Order: V4063006697
2026-06-30 21:14:46,714 - INFO - MainThread - Processing Excel Row 696
2026-06-30 21:14:46,715 - INFO - MainThread - Order: V4063006698
2026-06-30 21:14:46,715 - INFO - MainThread - Processing Excel Row 697
2026-06-30 21:14:46,716 - INFO - MainThread - Order: V4063006699
2026-06-30 21:14:46,716 - INFO - MainThread - Processing Excel Row 698
2026-06-30 21:14:46,719 - INFO - MainThread - Order: V4063006700
2026-06-30 21:14:46,719 - INFO - MainThread - Processing Excel Row 699
2026-06-30 21:14:46,720 - INFO - MainThread - Order: V4063006701
2026-06-30 21:14:46,721 - INFO - MainThread - Processing Excel Row 700
2026-06-30 21:14:46,722 - INFO - MainThread - Order: V4063006702
2026-06-30 21:14:46,722 - INFO - MainThread - Processing Excel Row 701
2026-06-30 21:14:46,724 - INFO - MainThread - Order: V4063006703
2026-06-30 21:14:46,724 - INFO - MainThread - Processing Excel Row 702
2026-06-30 21:14:46,726 - INFO - MainThread - Order: V4063006704
2026-06-30 21:14:46,726 - INFO - MainThread - Processing Excel Row 703
2026-06-30 21:14:46,728 - INFO - MainThread - Order: V4063006705
2026-06-30 21:14:46,728 - INFO - MainThread - Processing Excel Row 704
2026-06-30 21:14:46,730 - INFO - MainThread - Order: V4063006706
2026-06-30 21:14:46,730 - INFO - MainThread - Processing Excel Row 705
2026-06-30 21:14:46,732 - INFO - MainThread - Order: V4063006707
2026-06-30 21:14:46,732 - INFO - MainThread - Processing Excel Row 706
2026-06-30 21:14:46,735 - INFO - MainThread - Order: V4063006708
2026-06-30 21:14:46,735 - INFO - MainThread - Processing Excel Row 707
2026-06-30 21:14:46,737 - INFO - MainThread - Order: V4063006709
2026-06-30 21:14:46,737 - INFO - MainThread - Processing Excel Row 708
2026-06-30 21:14:46,739 - INFO - MainThread - Order: V4063006710
2026-06-30 21:14:46,739 - INFO - MainThread - Processing Excel Row 709
2026-06-30 21:14:46,741 - INFO - MainThread - Order: V4063006711
2026-06-30 21:14:46,741 - INFO - MainThread - Processing Excel Row 710
2026-06-30 21:14:46,742 - INFO - MainThread - Order: V4063006712
2026-06-30 21:14:46,743 - INFO - MainThread - Processing Excel Row 711
2026-06-30 21:14:46,744 - INFO - MainThread - Order: V4063006713
2026-06-30 21:14:46,745 - INFO - MainThread - Processing Excel Row 712
2026-06-30 21:14:46,746 - INFO - MainThread - Order: V4063006714
2026-06-30 21:14:46,747 - INFO - MainThread - Processing Excel Row 713
2026-06-30 21:14:46,749 - INFO - MainThread - Order: V4063006715
2026-06-30 21:14:46,749 - INFO - MainThread - Processing Excel Row 714
2026-06-30 21:14:46,750 - INFO - MainThread - Order: V4063006716
2026-06-30 21:14:46,750 - INFO - MainThread - Processing Excel Row 715
2026-06-30 21:14:46,752 - INFO - MainThread - Order: V4063006717
2026-06-30 21:14:46,752 - INFO - MainThread - Processing Excel Row 716
2026-06-30 21:14:46,754 - INFO - MainThread - Order: V4063006718
2026-06-30 21:14:46,754 - INFO - MainThread - Processing Excel Row 717
2026-06-30 21:14:46,755 - INFO - MainThread - Order: V4063006719
2026-06-30 21:14:46,755 - INFO - MainThread - Processing Excel Row 718
2026-06-30 21:14:46,756 - INFO - MainThread - Order: V4063006720
2026-06-30 21:14:46,756 - INFO - MainThread - Processing Excel Row 719
2026-06-30 21:14:46,757 - INFO - MainThread - Order: V4063006721
2026-06-30 21:14:46,757 - INFO - MainThread - Processing Excel Row 720
2026-06-30 21:14:46,758 - INFO - MainThread - Order: V4063006722
2026-06-30 21:14:46,758 - INFO - MainThread - Processing Excel Row 721
2026-06-30 21:14:46,759 - INFO - MainThread - Order: V4063006723
2026-06-30 21:14:46,759 - INFO - MainThread - Processing Excel Row 722
2026-06-30 21:14:46,760 - INFO - MainThread - Order: V4063006724
2026-06-30 21:14:46,760 - INFO - MainThread - Processing Excel Row 723
2026-06-30 21:14:46,761 - INFO - MainThread - Order: V4063006725
2026-06-30 21:14:46,762 - INFO - MainThread - Processing Excel Row 724
2026-06-30 21:14:46,762 - INFO - MainThread - Order: V4063006726
2026-06-30 21:14:46,763 - INFO - MainThread - Processing Excel Row 725
2026-06-30 21:14:46,764 - INFO - MainThread - Order: V4063006727
2026-06-30 21:14:46,764 - INFO - MainThread - Processing Excel Row 726
2026-06-30 21:14:46,765 - INFO - MainThread - Order: V4063006728
2026-06-30 21:14:46,765 - INFO - MainThread - Processing Excel Row 727
2026-06-30 21:14:46,766 - INFO - MainThread - Order: V4063006729
2026-06-30 21:14:46,766 - INFO - MainThread - Processing Excel Row 728
2026-06-30 21:14:46,767 - INFO - MainThread - Order: V4063006730
2026-06-30 21:14:46,767 - INFO - MainThread - Processing Excel Row 729
2026-06-30 21:14:46,768 - INFO - MainThread - Order: V4063006731
2026-06-30 21:14:46,768 - INFO - MainThread - Processing Excel Row 730
2026-06-30 21:14:46,769 - INFO - MainThread - Order: V4063006732
2026-06-30 21:14:46,769 - INFO - MainThread - Processing Excel Row 731
2026-06-30 21:14:46,770 - INFO - MainThread - Order: V4063006733
2026-06-30 21:14:46,770 - INFO - MainThread - Processing Excel Row 732
2026-06-30 21:14:46,771 - INFO - MainThread - Order: V4063006734
2026-06-30 21:14:46,771 - INFO - MainThread - Processing Excel Row 733
2026-06-30 21:14:46,773 - INFO - MainThread - Order: V4063006735
2026-06-30 21:14:46,773 - INFO - MainThread - Processing Excel Row 734
2026-06-30 21:14:46,774 - INFO - MainThread - Order: V4063006736
2026-06-30 21:14:46,774 - INFO - MainThread - Processing Excel Row 735
2026-06-30 21:14:46,775 - INFO - MainThread - Order: V4063006737
2026-06-30 21:14:46,775 - INFO - MainThread - Processing Excel Row 736
2026-06-30 21:14:46,776 - INFO - MainThread - Order: V4063006738
2026-06-30 21:14:46,776 - INFO - MainThread - Processing Excel Row 737
2026-06-30 21:14:46,778 - INFO - MainThread - Order: V4063006739
2026-06-30 21:14:46,778 - INFO - MainThread - Processing Excel Row 738
2026-06-30 21:14:46,779 - INFO - MainThread - Order: V4063006740
2026-06-30 21:14:46,779 - INFO - MainThread - Processing Excel Row 739
2026-06-30 21:14:46,780 - INFO - MainThread - Order: V4063006741
2026-06-30 21:14:46,780 - INFO - MainThread - Processing Excel Row 740
2026-06-30 21:14:46,781 - INFO - MainThread - Order: V4063006742
2026-06-30 21:14:46,782 - INFO - MainThread - Processing Excel Row 741
2026-06-30 21:14:46,783 - INFO - MainThread - Order: V4063006743
2026-06-30 21:14:46,783 - INFO - MainThread - Processing Excel Row 742
2026-06-30 21:14:46,784 - INFO - MainThread - Order: V4063006744
2026-06-30 21:14:46,784 - INFO - MainThread - Processing Excel Row 743
2026-06-30 21:14:46,785 - INFO - MainThread - Order: V4063006745
2026-06-30 21:14:46,785 - INFO - MainThread - Processing Excel Row 744
2026-06-30 21:14:46,786 - INFO - MainThread - Order: V4063006746
2026-06-30 21:14:46,786 - INFO - MainThread - Processing Excel Row 745
2026-06-30 21:14:46,787 - INFO - MainThread - Order: V4063006747
2026-06-30 21:14:46,787 - INFO - MainThread - Processing Excel Row 746
2026-06-30 21:14:46,788 - INFO - MainThread - Order: V4063006748
2026-06-30 21:14:46,789 - INFO - MainThread - Processing Excel Row 747
2026-06-30 21:14:46,790 - INFO - MainThread - Order: V4063006749
2026-06-30 21:14:46,790 - INFO - MainThread - Processing Excel Row 748
2026-06-30 21:14:46,791 - INFO - MainThread - Order: V4063006750
2026-06-30 21:14:46,791 - INFO - MainThread - Processing Excel Row 749
2026-06-30 21:14:46,792 - INFO - MainThread - Order: V4063006751
2026-06-30 21:14:46,792 - INFO - MainThread - Processing Excel Row 750
2026-06-30 21:14:46,793 - INFO - MainThread - Order: V4063006752
2026-06-30 21:14:46,793 - INFO - MainThread - Processing Excel Row 751
2026-06-30 21:14:46,795 - INFO - MainThread - Order: V4063006753
2026-06-30 21:14:46,795 - INFO - MainThread - Processing Excel Row 752
2026-06-30 21:14:46,796 - INFO - MainThread - Order: V4063006754
2026-06-30 21:14:46,796 - INFO - MainThread - Processing Excel Row 753
2026-06-30 21:14:46,797 - INFO - MainThread - Order: V4063006755
2026-06-30 21:14:46,797 - INFO - MainThread - Processing Excel Row 754
2026-06-30 21:14:46,798 - INFO - MainThread - Order: V4063006756
2026-06-30 21:14:46,798 - INFO - MainThread - Processing Excel Row 755
2026-06-30 21:14:46,799 - INFO - MainThread - Order: V4063006757
2026-06-30 21:14:46,799 - INFO - MainThread - Processing Excel Row 756
2026-06-30 21:14:46,800 - INFO - MainThread - Order: V4063006758
2026-06-30 21:14:46,800 - INFO - MainThread - Processing Excel Row 757
2026-06-30 21:14:46,801 - INFO - MainThread - Order: V4063006759
2026-06-30 21:14:46,801 - INFO - MainThread - Processing Excel Row 758
2026-06-30 21:14:46,802 - INFO - MainThread - Order: V4063006760
2026-06-30 21:14:46,802 - INFO - MainThread - Processing Excel Row 759
2026-06-30 21:14:46,803 - INFO - MainThread - Order: V4063006761
2026-06-30 21:14:46,803 - INFO - MainThread - Processing Excel Row 760
2026-06-30 21:14:46,804 - INFO - MainThread - Order: V4063006762
2026-06-30 21:14:46,804 - INFO - MainThread - Processing Excel Row 761
2026-06-30 21:14:46,805 - INFO - MainThread - Order: V4063006763
2026-06-30 21:14:46,805 - INFO - MainThread - Processing Excel Row 762
2026-06-30 21:14:46,806 - INFO - MainThread - Order: V4063006764
2026-06-30 21:14:46,806 - INFO - MainThread - Processing Excel Row 763
2026-06-30 21:14:46,807 - INFO - MainThread - Order: V4063006765
2026-06-30 21:14:46,807 - INFO - MainThread - Processing Excel Row 764
2026-06-30 21:14:46,808 - INFO - MainThread - Order: V4063006766
2026-06-30 21:14:46,809 - INFO - MainThread - Processing Excel Row 765
2026-06-30 21:14:46,810 - INFO - MainThread - Order: V4063006767
2026-06-30 21:14:46,810 - INFO - MainThread - Processing Excel Row 766
2026-06-30 21:14:46,811 - INFO - MainThread - Order: V4063006768
2026-06-30 21:14:46,811 - INFO - MainThread - Processing Excel Row 767
2026-06-30 21:14:46,813 - INFO - MainThread - Order: V4063006769
2026-06-30 21:14:46,813 - INFO - MainThread - Processing Excel Row 768
2026-06-30 21:14:46,814 - INFO - MainThread - Order: V4063006770
2026-06-30 21:14:46,814 - INFO - MainThread - Processing Excel Row 769
2026-06-30 21:14:46,815 - INFO - MainThread - Order: V4063006771
2026-06-30 21:14:46,816 - INFO - MainThread - Processing Excel Row 770
2026-06-30 21:14:46,817 - INFO - MainThread - Order: V4063006772
2026-06-30 21:14:46,817 - INFO - MainThread - Processing Excel Row 771
2026-06-30 21:14:46,818 - INFO - MainThread - Order: V4063006773
2026-06-30 21:14:46,818 - INFO - MainThread - Processing Excel Row 772
2026-06-30 21:14:46,819 - INFO - MainThread - Order: V4063006774
2026-06-30 21:14:46,819 - INFO - MainThread - Processing Excel Row 773
2026-06-30 21:14:46,820 - INFO - MainThread - Order: V4063006775
2026-06-30 21:14:46,820 - INFO - MainThread - Processing Excel Row 774
2026-06-30 21:14:46,821 - INFO - MainThread - Order: V4063006776
2026-06-30 21:14:46,821 - INFO - MainThread - Processing Excel Row 775
2026-06-30 21:14:46,822 - INFO - MainThread - Order: V4063006777
2026-06-30 21:14:46,822 - INFO - MainThread - Processing Excel Row 776
2026-06-30 21:14:46,823 - INFO - MainThread - Order: V4063006778
2026-06-30 21:14:46,823 - INFO - MainThread - Processing Excel Row 777
2026-06-30 21:14:46,824 - INFO - MainThread - Order: V4063006779
2026-06-30 21:14:46,824 - INFO - MainThread - Processing Excel Row 778
2026-06-30 21:14:46,825 - INFO - MainThread - Order: V4063006780
2026-06-30 21:14:46,825 - INFO - MainThread - Processing Excel Row 779
2026-06-30 21:14:46,826 - INFO - MainThread - Order: V4063006781
2026-06-30 21:14:46,826 - INFO - MainThread - Processing Excel Row 780
2026-06-30 21:14:46,827 - INFO - MainThread - Order: V4063006782
2026-06-30 21:14:46,827 - INFO - MainThread - Processing Excel Row 781
2026-06-30 21:14:46,828 - INFO - MainThread - Order: V4063006783
2026-06-30 21:14:46,829 - INFO - MainThread - Processing Excel Row 782
2026-06-30 21:14:46,830 - INFO - MainThread - Order: V4063006784
2026-06-30 21:14:46,830 - INFO - MainThread - Processing Excel Row 783
2026-06-30 21:14:46,831 - INFO - MainThread - Order: V4063006785
2026-06-30 21:14:46,831 - INFO - MainThread - Processing Excel Row 784
2026-06-30 21:14:46,832 - INFO - MainThread - Order: V4063006786
2026-06-30 21:14:46,832 - INFO - MainThread - Processing Excel Row 785
2026-06-30 21:14:46,834 - INFO - MainThread - Order: V4063006787
2026-06-30 21:14:46,834 - INFO - MainThread - Processing Excel Row 786
2026-06-30 21:14:46,836 - INFO - MainThread - Order: V4063006788
2026-06-30 21:14:46,836 - INFO - MainThread - Processing Excel Row 787
2026-06-30 21:14:46,837 - INFO - MainThread - Order: V4063006789
2026-06-30 21:14:46,837 - INFO - MainThread - Processing Excel Row 788
2026-06-30 21:14:46,838 - INFO - MainThread - Order: V4063006790
2026-06-30 21:14:46,839 - INFO - MainThread - Processing Excel Row 789
2026-06-30 21:14:46,841 - INFO - MainThread - Order: V4063006791
2026-06-30 21:14:46,841 - INFO - MainThread - Processing Excel Row 790
2026-06-30 21:14:46,842 - INFO - MainThread - Order: V4063006792
2026-06-30 21:14:46,842 - INFO - MainThread - Processing Excel Row 791
2026-06-30 21:14:46,846 - INFO - MainThread - Order: V4063006793
2026-06-30 21:14:46,846 - INFO - MainThread - Processing Excel Row 792
2026-06-30 21:14:46,849 - INFO - MainThread - Order: V4063006794
2026-06-30 21:14:46,849 - INFO - MainThread - Processing Excel Row 793
2026-06-30 21:14:46,851 - INFO - MainThread - Order: V4063006795
2026-06-30 21:14:46,851 - INFO - MainThread - Processing Excel Row 794
2026-06-30 21:14:46,853 - INFO - MainThread - Order: V4063006796
2026-06-30 21:14:46,853 - INFO - MainThread - Processing Excel Row 795
2026-06-30 21:14:46,855 - INFO - MainThread - Order: V4063006797
2026-06-30 21:14:46,855 - INFO - MainThread - Processing Excel Row 796
2026-06-30 21:14:46,857 - INFO - MainThread - Order: V4063006798
2026-06-30 21:14:46,857 - INFO - MainThread - Processing Excel Row 797
2026-06-30 21:14:46,859 - INFO - MainThread - Order: V4063006799
2026-06-30 21:14:46,859 - INFO - MainThread - Processing Excel Row 798
2026-06-30 21:14:46,869 - INFO - MainThread - Order: V4063006800
2026-06-30 21:14:46,869 - INFO - MainThread - Processing Excel Row 799
2026-06-30 21:14:46,872 - INFO - MainThread - Order: V4063006801
2026-06-30 21:14:46,872 - INFO - MainThread - Processing Excel Row 800
2026-06-30 21:14:46,873 - INFO - MainThread - Order: V4063006802
2026-06-30 21:14:46,873 - INFO - MainThread - Processing Excel Row 801
2026-06-30 21:14:46,875 - INFO - MainThread - Order: V4063006803
2026-06-30 21:14:46,875 - INFO - MainThread - Processing Excel Row 802
2026-06-30 21:14:46,876 - INFO - MainThread - Order: V4063006804
2026-06-30 21:14:46,876 - INFO - MainThread - Processing Excel Row 803
2026-06-30 21:14:46,880 - INFO - MainThread - Order: V4063006805
2026-06-30 21:14:46,880 - INFO - MainThread - Processing Excel Row 804
2026-06-30 21:14:46,884 - INFO - MainThread - Order: V4063006806
2026-06-30 21:14:46,884 - INFO - MainThread - Processing Excel Row 805
2026-06-30 21:14:46,885 - INFO - MainThread - Order: V4063006807
2026-06-30 21:14:46,885 - INFO - MainThread - Processing Excel Row 806
2026-06-30 21:14:46,886 - INFO - MainThread - Order: V4063006808
2026-06-30 21:14:46,886 - INFO - MainThread - Processing Excel Row 807
2026-06-30 21:14:46,888 - INFO - MainThread - Order: V4063006809
2026-06-30 21:14:46,888 - INFO - MainThread - Processing Excel Row 808
2026-06-30 21:14:46,889 - INFO - MainThread - Order: V4063006810
2026-06-30 21:14:46,889 - INFO - MainThread - Processing Excel Row 809
2026-06-30 21:14:46,890 - INFO - MainThread - Order: V4063006811
2026-06-30 21:14:46,890 - INFO - MainThread - Processing Excel Row 810
2026-06-30 21:14:46,891 - INFO - MainThread - Order: V4063006812
2026-06-30 21:14:46,891 - INFO - MainThread - Processing Excel Row 811
2026-06-30 21:14:46,893 - INFO - MainThread - Order: V4063006813
2026-06-30 21:14:46,893 - INFO - MainThread - Processing Excel Row 812
2026-06-30 21:14:46,894 - INFO - MainThread - Order: V4063006814
2026-06-30 21:14:46,894 - INFO - MainThread - Processing Excel Row 813
2026-06-30 21:14:46,896 - INFO - MainThread - Order: V4063006815
2026-06-30 21:14:46,896 - INFO - MainThread - Processing Excel Row 814
2026-06-30 21:14:46,897 - INFO - MainThread - Order: V4063006816
2026-06-30 21:14:46,898 - INFO - MainThread - Processing Excel Row 815
2026-06-30 21:14:46,899 - INFO - MainThread - Order: V4063006817
2026-06-30 21:14:46,899 - INFO - MainThread - Processing Excel Row 816
2026-06-30 21:14:46,900 - INFO - MainThread - Order: V4063006818
2026-06-30 21:14:46,900 - INFO - MainThread - Processing Excel Row 817
2026-06-30 21:14:46,901 - INFO - MainThread - Order: V4063006819
2026-06-30 21:14:46,901 - INFO - MainThread - Processing Excel Row 818
2026-06-30 21:14:46,902 - INFO - MainThread - Order: V4063006820
2026-06-30 21:14:46,902 - INFO - MainThread - Processing Excel Row 819
2026-06-30 21:14:46,903 - INFO - MainThread - Order: V4063006821
2026-06-30 21:14:46,904 - INFO - MainThread - Processing Excel Row 820
2026-06-30 21:14:46,905 - INFO - MainThread - Order: V4063006822
2026-06-30 21:14:46,905 - INFO - MainThread - Processing Excel Row 821
2026-06-30 21:14:46,906 - INFO - MainThread - Order: V4063006823
2026-06-30 21:14:46,906 - INFO - MainThread - Processing Excel Row 822
2026-06-30 21:14:46,907 - INFO - MainThread - Order: V4063006824
2026-06-30 21:14:46,907 - INFO - MainThread - Processing Excel Row 823
2026-06-30 21:14:46,908 - INFO - MainThread - Order: V4063006825
2026-06-30 21:14:46,908 - INFO - MainThread - Processing Excel Row 824
2026-06-30 21:14:46,909 - INFO - MainThread - Order: V4063006826
2026-06-30 21:14:46,909 - INFO - MainThread - Processing Excel Row 825
2026-06-30 21:14:46,910 - INFO - MainThread - Order: V4063006827
2026-06-30 21:14:46,910 - INFO - MainThread - Processing Excel Row 826
2026-06-30 21:14:46,911 - INFO - MainThread - Order: V4063006828
2026-06-30 21:14:46,911 - INFO - MainThread - Processing Excel Row 827
2026-06-30 21:14:46,913 - INFO - MainThread - Order: V4063006829
2026-06-30 21:14:46,913 - INFO - MainThread - Processing Excel Row 828
2026-06-30 21:14:46,914 - INFO - MainThread - Order: V4063006830
2026-06-30 21:14:46,914 - INFO - MainThread - Processing Excel Row 829
2026-06-30 21:14:46,916 - INFO - MainThread - Order: V4063006831
2026-06-30 21:14:46,916 - INFO - MainThread - Processing Excel Row 830
2026-06-30 21:14:46,917 - INFO - MainThread - Order: V4063006832
2026-06-30 21:14:46,917 - INFO - MainThread - Processing Excel Row 831
2026-06-30 21:14:46,919 - INFO - MainThread - Order: V4063006833
2026-06-30 21:14:46,919 - INFO - MainThread - Processing Excel Row 832
2026-06-30 21:14:46,920 - INFO - MainThread - Order: V4063006834
2026-06-30 21:14:46,920 - INFO - MainThread - Processing Excel Row 833
2026-06-30 21:14:46,921 - INFO - MainThread - Order: V4063006835
2026-06-30 21:14:46,921 - INFO - MainThread - Processing Excel Row 834
2026-06-30 21:14:46,922 - INFO - MainThread - Order: V4063006836
2026-06-30 21:14:46,923 - INFO - MainThread - Processing Excel Row 835
2026-06-30 21:14:46,924 - INFO - MainThread - Order: V4063006837
2026-06-30 21:14:46,924 - INFO - MainThread - Processing Excel Row 836
2026-06-30 21:14:46,925 - INFO - MainThread - Order: V4063006838
2026-06-30 21:14:46,925 - INFO - MainThread - Processing Excel Row 837
2026-06-30 21:14:46,926 - INFO - MainThread - Order: V4063006839
2026-06-30 21:14:46,926 - INFO - MainThread - Processing Excel Row 838
2026-06-30 21:14:46,927 - INFO - MainThread - Order: V4063006840
2026-06-30 21:14:46,927 - INFO - MainThread - Processing Excel Row 839
2026-06-30 21:14:46,928 - INFO - MainThread - Order: V4063006841
2026-06-30 21:14:46,928 - INFO - MainThread - Processing Excel Row 840
2026-06-30 21:14:46,929 - INFO - MainThread - Order: V4063006842
2026-06-30 21:14:46,929 - INFO - MainThread - Processing Excel Row 841
2026-06-30 21:14:46,930 - INFO - MainThread - Order: V4063006843
2026-06-30 21:14:46,930 - INFO - MainThread - Processing Excel Row 842
2026-06-30 21:14:46,931 - INFO - MainThread - Order: V4063006844
2026-06-30 21:14:46,931 - INFO - MainThread - Processing Excel Row 843
2026-06-30 21:14:46,932 - INFO - MainThread - Order: V4063006845
2026-06-30 21:14:46,932 - INFO - MainThread - Processing Excel Row 844
2026-06-30 21:14:46,933 - INFO - MainThread - Order: V4063006846
2026-06-30 21:14:46,933 - INFO - MainThread - Processing Excel Row 845
2026-06-30 21:14:46,934 - INFO - MainThread - Order: V4063006847
2026-06-30 21:14:46,934 - INFO - MainThread - Processing Excel Row 846
2026-06-30 21:14:46,935 - INFO - MainThread - Order: V4063006848
2026-06-30 21:14:46,935 - INFO - MainThread - Processing Excel Row 847
2026-06-30 21:14:46,936 - INFO - MainThread - Order: V4063006849
2026-06-30 21:14:46,936 - INFO - MainThread - Processing Excel Row 848
2026-06-30 21:14:46,937 - INFO - MainThread - Order: V4063006850
2026-06-30 21:14:46,937 - INFO - MainThread - Processing Excel Row 849
2026-06-30 21:14:46,938 - INFO - MainThread - Order: V4063006851
2026-06-30 21:14:46,939 - INFO - MainThread - Processing Excel Row 850
2026-06-30 21:14:46,939 - INFO - MainThread - Order: V4063006852
2026-06-30 21:14:46,940 - INFO - MainThread - Processing Excel Row 851
2026-06-30 21:14:46,941 - INFO - MainThread - Order: V4063006853
2026-06-30 21:14:46,941 - INFO - MainThread - Processing Excel Row 852
2026-06-30 21:14:46,942 - INFO - MainThread - Order: V4063006854
2026-06-30 21:14:46,942 - INFO - MainThread - Processing Excel Row 853
2026-06-30 21:14:46,943 - INFO - MainThread - Order: V4063006855
2026-06-30 21:14:46,943 - INFO - MainThread - Processing Excel Row 854
2026-06-30 21:14:46,945 - INFO - MainThread - Order: V4063006856
2026-06-30 21:14:46,945 - INFO - MainThread - Processing Excel Row 855
2026-06-30 21:14:46,946 - INFO - MainThread - Order: V4063006857
2026-06-30 21:14:46,946 - INFO - MainThread - Processing Excel Row 856
2026-06-30 21:14:46,947 - INFO - MainThread - Order: V4063006858
2026-06-30 21:14:46,947 - INFO - MainThread - Processing Excel Row 857
2026-06-30 21:14:46,948 - INFO - MainThread - Order: V4063006859
2026-06-30 21:14:46,948 - INFO - MainThread - Processing Excel Row 858
2026-06-30 21:14:46,949 - INFO - MainThread - Order: V4063006860
2026-06-30 21:14:46,949 - INFO - MainThread - Processing Excel Row 859
2026-06-30 21:14:46,950 - INFO - MainThread - Order: V4063006861
2026-06-30 21:14:46,950 - INFO - MainThread - Processing Excel Row 860
2026-06-30 21:14:46,951 - INFO - MainThread - Order: V4063006862
2026-06-30 21:14:46,951 - INFO - MainThread - Processing Excel Row 861
2026-06-30 21:14:46,952 - INFO - MainThread - Order: V4063006863
2026-06-30 21:14:46,952 - INFO - MainThread - Processing Excel Row 862
2026-06-30 21:14:46,953 - INFO - MainThread - Order: V4063006864
2026-06-30 21:14:46,953 - INFO - MainThread - Processing Excel Row 863
2026-06-30 21:14:46,954 - INFO - MainThread - Order: V4063006865
2026-06-30 21:14:46,954 - INFO - MainThread - Processing Excel Row 864
2026-06-30 21:14:46,955 - INFO - MainThread - Order: V4063006866
2026-06-30 21:14:46,955 - INFO - MainThread - Processing Excel Row 865
2026-06-30 21:14:46,956 - INFO - MainThread - Order: V4063006867
2026-06-30 21:14:46,956 - INFO - MainThread - Processing Excel Row 866
2026-06-30 21:14:46,957 - INFO - MainThread - Order: V4063006868
2026-06-30 21:14:46,957 - INFO - MainThread - Processing Excel Row 867
2026-06-30 21:14:46,958 - INFO - MainThread - Order: V4063006869
2026-06-30 21:14:46,959 - INFO - MainThread - Processing Excel Row 868
2026-06-30 21:14:46,960 - INFO - MainThread - Order: V4063006870
2026-06-30 21:14:46,960 - INFO - MainThread - Processing Excel Row 869
2026-06-30 21:14:46,961 - INFO - MainThread - Order: V4063006871
2026-06-30 21:14:46,961 - INFO - MainThread - Processing Excel Row 870
2026-06-30 21:14:46,963 - INFO - MainThread - Order: V4063006872
2026-06-30 21:14:46,963 - INFO - MainThread - Processing Excel Row 871
2026-06-30 21:14:46,964 - INFO - MainThread - Order: V4063006873
2026-06-30 21:14:46,964 - INFO - MainThread - Processing Excel Row 872
2026-06-30 21:14:46,965 - INFO - MainThread - Order: V4063006874
2026-06-30 21:14:46,965 - INFO - MainThread - Processing Excel Row 873
2026-06-30 21:14:46,966 - INFO - MainThread - Order: V4063006875
2026-06-30 21:14:46,966 - INFO - MainThread - Processing Excel Row 874
2026-06-30 21:14:46,967 - INFO - MainThread - Order: V4063006876
2026-06-30 21:14:46,967 - INFO - MainThread - Processing Excel Row 875
2026-06-30 21:14:46,968 - INFO - MainThread - Order: V4063006877
2026-06-30 21:14:46,968 - INFO - MainThread - Processing Excel Row 876
2026-06-30 21:14:46,969 - INFO - MainThread - Order: V4063006878
2026-06-30 21:14:46,969 - INFO - MainThread - Processing Excel Row 877
2026-06-30 21:14:46,970 - INFO - MainThread - Order: V4063006879
2026-06-30 21:14:46,970 - INFO - MainThread - Processing Excel Row 878
2026-06-30 21:14:46,971 - INFO - MainThread - Order: V4063006880
2026-06-30 21:14:46,971 - INFO - MainThread - Processing Excel Row 879
2026-06-30 21:14:46,972 - INFO - MainThread - Order: V4063006881
2026-06-30 21:14:46,973 - INFO - MainThread - Processing Excel Row 880
2026-06-30 21:14:46,974 - INFO - MainThread - Order: V4063006882
2026-06-30 21:14:46,974 - INFO - MainThread - Processing Excel Row 881
2026-06-30 21:14:46,975 - INFO - MainThread - Order: V4063006883
2026-06-30 21:14:46,975 - INFO - MainThread - Processing Excel Row 882
2026-06-30 21:14:46,976 - INFO - MainThread - Order: V4063006884
2026-06-30 21:14:46,976 - INFO - MainThread - Processing Excel Row 883
2026-06-30 21:14:46,977 - INFO - MainThread - Order: V4063006885
2026-06-30 21:14:46,977 - INFO - MainThread - Processing Excel Row 884
2026-06-30 21:14:46,978 - INFO - MainThread - Order: V4063006886
2026-06-30 21:14:46,978 - INFO - MainThread - Processing Excel Row 885
2026-06-30 21:14:46,979 - INFO - MainThread - Order: V4063006887
2026-06-30 21:14:46,979 - INFO - MainThread - Processing Excel Row 886
2026-06-30 21:14:46,980 - INFO - MainThread - Order: V4063006888
2026-06-30 21:14:46,981 - INFO - MainThread - Processing Excel Row 887
2026-06-30 21:14:46,982 - INFO - MainThread - Order: V4063006889
2026-06-30 21:14:46,982 - INFO - MainThread - Processing Excel Row 888
2026-06-30 21:14:46,983 - INFO - MainThread - Order: V4063006890
2026-06-30 21:14:46,983 - INFO - MainThread - Processing Excel Row 889
2026-06-30 21:14:46,984 - INFO - MainThread - Order: V4063006891
2026-06-30 21:14:46,984 - INFO - MainThread - Processing Excel Row 890
2026-06-30 21:14:46,985 - INFO - MainThread - Order: V4063006892
2026-06-30 21:14:46,986 - INFO - MainThread - Processing Excel Row 891
2026-06-30 21:14:46,987 - INFO - MainThread - Order: V4063006893
2026-06-30 21:14:46,987 - INFO - MainThread - Processing Excel Row 892
2026-06-30 21:14:46,988 - INFO - MainThread - Order: V4063006894
2026-06-30 21:14:46,988 - INFO - MainThread - Processing Excel Row 893
2026-06-30 21:14:46,989 - INFO - MainThread - Order: V4063006895
2026-06-30 21:14:46,989 - INFO - MainThread - Processing Excel Row 894
2026-06-30 21:14:46,990 - INFO - MainThread - Order: V4063006896
2026-06-30 21:14:46,990 - INFO - MainThread - Processing Excel Row 895
2026-06-30 21:14:46,991 - INFO - MainThread - Order: V4063006897
2026-06-30 21:14:46,991 - INFO - MainThread - Processing Excel Row 896
2026-06-30 21:14:46,992 - INFO - MainThread - Order: V4063006898
2026-06-30 21:14:46,992 - INFO - MainThread - Processing Excel Row 897
2026-06-30 21:14:46,993 - INFO - MainThread - Order: V4063006899
2026-06-30 21:14:46,993 - INFO - MainThread - Processing Excel Row 898
2026-06-30 21:14:46,994 - INFO - MainThread - Order: V4063006900
2026-06-30 21:14:46,994 - INFO - MainThread - Processing Excel Row 899
2026-06-30 21:14:46,995 - INFO - MainThread - Order: V4063006901
2026-06-30 21:14:46,995 - INFO - MainThread - Processing Excel Row 900
2026-06-30 21:14:46,996 - INFO - MainThread - Order: V4063006902
2026-06-30 21:14:46,996 - INFO - MainThread - Processing Excel Row 901
2026-06-30 21:14:46,997 - INFO - MainThread - Order: V4063006903
2026-06-30 21:14:46,997 - INFO - MainThread - Processing Excel Row 902
2026-06-30 21:14:46,998 - INFO - MainThread - Order: V4063006904
2026-06-30 21:14:46,998 - INFO - MainThread - Processing Excel Row 903
2026-06-30 21:14:46,999 - INFO - MainThread - Order: V4063006905
2026-06-30 21:14:46,999 - INFO - MainThread - Processing Excel Row 904
2026-06-30 21:14:47,000 - INFO - MainThread - Order: V4063006906
2026-06-30 21:14:47,000 - INFO - MainThread - Processing Excel Row 905
2026-06-30 21:14:47,001 - INFO - MainThread - Order: V4063006907
2026-06-30 21:14:47,001 - INFO - MainThread - Processing Excel Row 906
2026-06-30 21:14:47,002 - INFO - MainThread - Order: V4063006908
2026-06-30 21:14:47,002 - INFO - MainThread - Processing Excel Row 907
2026-06-30 21:14:47,003 - INFO - MainThread - Order: V4063006909
2026-06-30 21:14:47,003 - INFO - MainThread - Processing Excel Row 908
2026-06-30 21:14:47,004 - INFO - MainThread - Order: V4063006910
2026-06-30 21:14:47,005 - INFO - MainThread - Processing Excel Row 909
2026-06-30 21:14:47,006 - INFO - MainThread - Order: V4063006911
2026-06-30 21:14:47,006 - INFO - MainThread - Processing Excel Row 910
2026-06-30 21:14:47,007 - INFO - MainThread - Order: V4063006912
2026-06-30 21:14:47,007 - INFO - MainThread - Processing Excel Row 911
2026-06-30 21:14:47,008 - INFO - MainThread - Order: V4063006913
2026-06-30 21:14:47,008 - INFO - MainThread - Processing Excel Row 912
2026-06-30 21:14:47,010 - INFO - MainThread - Order: V4063006914
2026-06-30 21:14:47,010 - INFO - MainThread - Processing Excel Row 913
2026-06-30 21:14:47,011 - INFO - MainThread - Order: V4063006915
2026-06-30 21:14:47,011 - INFO - MainThread - Processing Excel Row 914
2026-06-30 21:14:47,012 - INFO - MainThread - Order: V4063006916
2026-06-30 21:14:47,012 - INFO - MainThread - Processing Excel Row 915
2026-06-30 21:14:47,013 - INFO - MainThread - Order: V4063006917
2026-06-30 21:14:47,013 - INFO - MainThread - Processing Excel Row 916
2026-06-30 21:14:47,014 - INFO - MainThread - Order: V4063006918
2026-06-30 21:14:47,014 - INFO - MainThread - Processing Excel Row 917
2026-06-30 21:14:47,015 - INFO - MainThread - Order: V4063006919
2026-06-30 21:14:47,015 - INFO - MainThread - Processing Excel Row 918
2026-06-30 21:14:47,016 - INFO - MainThread - Order: V4063006920
2026-06-30 21:14:47,016 - INFO - MainThread - Processing Excel Row 919
2026-06-30 21:14:47,017 - INFO - MainThread - Order: V4063006921
2026-06-30 21:14:47,018 - INFO - MainThread - Processing Excel Row 920
2026-06-30 21:14:47,019 - INFO - MainThread - Order: V4063006922
2026-06-30 21:14:47,019 - INFO - MainThread - Processing Excel Row 921
2026-06-30 21:14:47,020 - INFO - MainThread - Order: V4063006923
2026-06-30 21:14:47,020 - INFO - MainThread - Processing Excel Row 922
2026-06-30 21:14:47,021 - INFO - MainThread - Order: V4063006924
2026-06-30 21:14:47,021 - INFO - MainThread - Processing Excel Row 923
2026-06-30 21:14:47,022 - INFO - MainThread - Order: V4063006925
2026-06-30 21:14:47,022 - INFO - MainThread - Processing Excel Row 924
2026-06-30 21:14:47,024 - INFO - MainThread - Order: V4063006926
2026-06-30 21:14:47,024 - INFO - MainThread - Processing Excel Row 925
2026-06-30 21:14:47,025 - INFO - MainThread - Order: V4063006927
2026-06-30 21:14:47,025 - INFO - MainThread - Processing Excel Row 926
2026-06-30 21:14:47,026 - INFO - MainThread - Order: V4063006928
2026-06-30 21:14:47,026 - INFO - MainThread - Processing Excel Row 927
2026-06-30 21:14:47,028 - INFO - MainThread - Order: V4063006929
2026-06-30 21:14:47,028 - INFO - MainThread - Processing Excel Row 928
2026-06-30 21:14:47,029 - INFO - MainThread - Order: V4063006930
2026-06-30 21:14:47,029 - INFO - MainThread - Processing Excel Row 929
2026-06-30 21:14:47,030 - INFO - MainThread - Order: V4063006931
2026-06-30 21:14:47,031 - INFO - MainThread - Processing Excel Row 930
2026-06-30 21:14:47,032 - INFO - MainThread - Order: V4063006932
2026-06-30 21:14:47,032 - INFO - MainThread - Processing Excel Row 931
2026-06-30 21:14:47,033 - INFO - MainThread - Order: V4063006933
2026-06-30 21:14:47,033 - INFO - MainThread - Processing Excel Row 932
2026-06-30 21:14:47,035 - INFO - MainThread - Order: V4063006934
2026-06-30 21:14:47,035 - INFO - MainThread - Processing Excel Row 933
2026-06-30 21:14:47,036 - INFO - MainThread - Order: V4063006935
2026-06-30 21:14:47,036 - INFO - MainThread - Processing Excel Row 934
2026-06-30 21:14:47,037 - INFO - MainThread - Order: V4063006936
2026-06-30 21:14:47,037 - INFO - MainThread - Processing Excel Row 935
2026-06-30 21:14:47,038 - INFO - MainThread - Order: V4063006937
2026-06-30 21:14:47,038 - INFO - MainThread - Processing Excel Row 936
2026-06-30 21:14:47,039 - INFO - MainThread - Order: V4063006938
2026-06-30 21:14:47,039 - INFO - MainThread - Processing Excel Row 937
2026-06-30 21:14:47,040 - INFO - MainThread - Order: V4063006939
2026-06-30 21:14:47,040 - INFO - MainThread - Processing Excel Row 938
2026-06-30 21:14:47,041 - INFO - MainThread - Order: V4063006940
2026-06-30 21:14:47,042 - INFO - MainThread - Processing Excel Row 939
2026-06-30 21:14:47,043 - INFO - MainThread - Order: V4063006941
2026-06-30 21:14:47,043 - INFO - MainThread - Processing Excel Row 940
2026-06-30 21:14:47,044 - INFO - MainThread - Order: V4063006942
2026-06-30 21:14:47,044 - INFO - MainThread - Processing Excel Row 941
2026-06-30 21:14:47,045 - INFO - MainThread - Order: V4063006943
2026-06-30 21:14:47,045 - INFO - MainThread - Processing Excel Row 942
2026-06-30 21:14:47,046 - INFO - MainThread - Order: V4063006944
2026-06-30 21:14:47,046 - INFO - MainThread - Processing Excel Row 943
2026-06-30 21:14:47,047 - INFO - MainThread - Order: V4063006945
2026-06-30 21:14:47,047 - INFO - MainThread - Processing Excel Row 944
2026-06-30 21:14:47,048 - INFO - MainThread - Order: V4063006946
2026-06-30 21:14:47,048 - INFO - MainThread - Processing Excel Row 945
2026-06-30 21:14:47,049 - INFO - MainThread - Order: V4063006947
2026-06-30 21:14:47,049 - INFO - MainThread - Processing Excel Row 946
2026-06-30 21:14:47,052 - INFO - MainThread - Order: V4063006948
2026-06-30 21:14:47,052 - INFO - MainThread - Processing Excel Row 947
2026-06-30 21:14:47,055 - INFO - MainThread - Order: V4063006949
2026-06-30 21:14:47,055 - INFO - MainThread - Processing Excel Row 948
2026-06-30 21:14:47,056 - INFO - MainThread - Order: V4063006950
2026-06-30 21:14:47,056 - INFO - MainThread - Processing Excel Row 949
2026-06-30 21:14:47,058 - INFO - MainThread - Order: V4063006951
2026-06-30 21:14:47,058 - INFO - MainThread - Processing Excel Row 950
2026-06-30 21:14:47,060 - INFO - MainThread - Order: V4063006952
2026-06-30 21:14:47,060 - INFO - MainThread - Processing Excel Row 951
2026-06-30 21:14:47,064 - INFO - MainThread - Order: V4063006953
2026-06-30 21:14:47,064 - INFO - MainThread - Processing Excel Row 952
2026-06-30 21:14:47,066 - INFO - MainThread - Order: V4063006954
2026-06-30 21:14:47,066 - INFO - MainThread - Processing Excel Row 953
2026-06-30 21:14:47,068 - INFO - MainThread - Order: V4063006955
2026-06-30 21:14:47,068 - INFO - MainThread - Processing Excel Row 954
2026-06-30 21:14:47,070 - INFO - MainThread - Order: V4063006956
2026-06-30 21:14:47,070 - INFO - MainThread - Processing Excel Row 955
2026-06-30 21:14:47,073 - INFO - MainThread - Order: V4063006957
2026-06-30 21:14:47,073 - INFO - MainThread - Processing Excel Row 956
2026-06-30 21:14:47,076 - INFO - MainThread - Order: V4063006958
2026-06-30 21:14:47,076 - INFO - MainThread - Processing Excel Row 957
2026-06-30 21:14:47,077 - INFO - MainThread - Order: V4063006959
2026-06-30 21:14:47,077 - INFO - MainThread - Processing Excel Row 958
2026-06-30 21:14:47,078 - INFO - MainThread - Order: V4063006960
2026-06-30 21:14:47,078 - INFO - MainThread - Processing Excel Row 959
2026-06-30 21:14:47,080 - INFO - MainThread - Order: V4063006961
2026-06-30 21:14:47,080 - INFO - MainThread - Processing Excel Row 960
2026-06-30 21:14:47,081 - INFO - MainThread - Order: V4063006962
2026-06-30 21:14:47,081 - INFO - MainThread - Processing Excel Row 961
2026-06-30 21:14:47,082 - INFO - MainThread - Order: V4063006963
2026-06-30 21:14:47,082 - INFO - MainThread - Processing Excel Row 962
2026-06-30 21:14:47,083 - INFO - MainThread - Order: V4063006964
2026-06-30 21:14:47,083 - INFO - MainThread - Processing Excel Row 963
2026-06-30 21:14:47,084 - INFO - MainThread - Order: V4063006965
2026-06-30 21:14:47,084 - INFO - MainThread - Processing Excel Row 964
2026-06-30 21:14:47,085 - INFO - MainThread - Order: V4063006966
2026-06-30 21:14:47,085 - INFO - MainThread - Processing Excel Row 965
2026-06-30 21:14:47,086 - INFO - MainThread - Order: V4063006967
2026-06-30 21:14:47,086 - INFO - MainThread - Processing Excel Row 966
2026-06-30 21:14:47,087 - INFO - MainThread - Order: V4063006968
2026-06-30 21:14:47,087 - INFO - MainThread - Processing Excel Row 967
2026-06-30 21:14:47,088 - INFO - MainThread - Order: V4063006969
2026-06-30 21:14:47,088 - INFO - MainThread - Processing Excel Row 968
2026-06-30 21:14:47,089 - INFO - MainThread - Order: V4063006970
2026-06-30 21:14:47,089 - INFO - MainThread - Processing Excel Row 969
2026-06-30 21:14:47,090 - INFO - MainThread - Order: V4063006971
2026-06-30 21:14:47,090 - INFO - MainThread - Processing Excel Row 970
2026-06-30 21:14:47,091 - INFO - MainThread - Order: V4063006972
2026-06-30 21:14:47,091 - INFO - MainThread - Processing Excel Row 971
2026-06-30 21:14:47,092 - INFO - MainThread - Order: V4063006973
2026-06-30 21:14:47,092 - INFO - MainThread - Processing Excel Row 972
2026-06-30 21:14:47,093 - INFO - MainThread - Order: V4063006974
2026-06-30 21:14:47,093 - INFO - MainThread - Processing Excel Row 973
2026-06-30 21:14:47,094 - INFO - MainThread - Order: V4063006975
2026-06-30 21:14:47,094 - INFO - MainThread - Processing Excel Row 974
2026-06-30 21:14:47,095 - INFO - MainThread - Order: V4063006976
2026-06-30 21:14:47,096 - INFO - MainThread - Processing Excel Row 975
2026-06-30 21:14:47,097 - INFO - MainThread - Order: V4063006977
2026-06-30 21:14:47,097 - INFO - MainThread - Processing Excel Row 976
2026-06-30 21:14:47,098 - INFO - MainThread - Order: V4063006978
2026-06-30 21:14:47,098 - INFO - MainThread - Processing Excel Row 977
2026-06-30 21:14:47,099 - INFO - MainThread - Order: V4063006979
2026-06-30 21:14:47,099 - INFO - MainThread - Processing Excel Row 978
2026-06-30 21:14:47,100 - INFO - MainThread - Order: V4063006980
2026-06-30 21:14:47,101 - INFO - MainThread - Processing Excel Row 979
2026-06-30 21:14:47,101 - INFO - MainThread - Order: V4063006981
2026-06-30 21:14:47,102 - INFO - MainThread - Processing Excel Row 980
2026-06-30 21:14:47,103 - INFO - MainThread - Order: V4063006982
2026-06-30 21:14:47,103 - INFO - MainThread - Processing Excel Row 981
2026-06-30 21:14:47,104 - INFO - MainThread - Order: V4063006983
2026-06-30 21:14:47,104 - INFO - MainThread - Processing Excel Row 982
2026-06-30 21:14:47,104 - INFO - MainThread - Order: V4063006984
2026-06-30 21:14:47,105 - INFO - MainThread - Processing Excel Row 983
2026-06-30 21:14:47,105 - INFO - MainThread - Order: V4063006985
2026-06-30 21:14:47,106 - INFO - MainThread - Processing Excel Row 984
2026-06-30 21:14:47,107 - INFO - MainThread - Order: V4063006986
2026-06-30 21:14:47,107 - INFO - MainThread - Processing Excel Row 985
2026-06-30 21:14:47,108 - INFO - MainThread - Order: V4063006987
2026-06-30 21:14:47,108 - INFO - MainThread - Processing Excel Row 986
2026-06-30 21:14:47,109 - INFO - MainThread - Order: V4063006988
2026-06-30 21:14:47,109 - INFO - MainThread - Processing Excel Row 987
2026-06-30 21:14:47,110 - INFO - MainThread - Order: V4063006989
2026-06-30 21:14:47,110 - INFO - MainThread - Processing Excel Row 988
2026-06-30 21:14:47,111 - INFO - MainThread - Order: V4063006990
2026-06-30 21:14:47,111 - INFO - MainThread - Processing Excel Row 989
2026-06-30 21:14:47,112 - INFO - MainThread - Order: V4063006991
2026-06-30 21:14:47,112 - INFO - MainThread - Processing Excel Row 990
2026-06-30 21:14:47,113 - INFO - MainThread - Order: V4063006992
2026-06-30 21:14:47,113 - INFO - MainThread - Processing Excel Row 991
2026-06-30 21:14:47,114 - INFO - MainThread - Order: V4063006993
2026-06-30 21:14:47,114 - INFO - MainThread - Processing Excel Row 992
2026-06-30 21:14:47,115 - INFO - MainThread - Order: V4063006994
2026-06-30 21:14:47,115 - INFO - MainThread - Processing Excel Row 993
2026-06-30 21:14:47,116 - INFO - MainThread - Order: V4063006995
2026-06-30 21:14:47,116 - INFO - MainThread - Processing Excel Row 994
2026-06-30 21:14:47,117 - INFO - MainThread - Order: V4063006996
2026-06-30 21:14:47,117 - INFO - MainThread - Processing Excel Row 995
2026-06-30 21:14:47,119 - INFO - MainThread - Order: V4063006997
2026-06-30 21:14:47,119 - INFO - MainThread - Processing Excel Row 996
2026-06-30 21:14:47,120 - INFO - MainThread - Order: V4063006998
2026-06-30 21:14:47,120 - INFO - MainThread - Processing Excel Row 997
2026-06-30 21:14:47,121 - INFO - MainThread - Order: V4063006999
2026-06-30 21:14:47,121 - INFO - MainThread - Processing Excel Row 998
2026-06-30 21:14:47,122 - INFO - MainThread - Order: V4063007000
2026-06-30 21:14:47,122 - INFO - MainThread - Processing Excel Row 999
2026-06-30 21:14:47,123 - INFO - MainThread - Order: V4063007001
2026-06-30 21:14:47,123 - INFO - MainThread - Processing Excel Row 1000
2026-06-30 21:14:47,125 - INFO - MainThread - Order: V4063007002
2026-06-30 21:14:47,250 - INFO - MainThread - Sheets found in '/Users/vgana3/Documents/GitHub/Nike/J30/Input_files/Outbound_Worksheet.xlsx': ['CreateOrder', 'Parent_Order', 'BackUp', 'TranLog', 'MHE_Journal', 'OriginalOrderInput', 'CreateShipment', 'MasterData', 'MasterInput', 'Shipment_ID', 'Item_info', 'B2B_SUB_HUB']
2026-06-30 21:14:47,432 - INFO - MainThread - Total payloads to send: 1000
2026-06-30 21:14:47,432 - INFO - MainThread - Using 10 worker thread(s).
2026-06-30 21:14:48,160 - INFO - ThreadPoolExecutor-0_0 - [PROD] Sending payload 1/1000 | Order Number: V4063006003
2026-06-30 21:14:48,160 - INFO - ThreadPoolExecutor-0_1 - [PROD] Sending payload 2/1000 | Order Number: V4063006004
2026-06-30 21:14:48,160 - INFO - ThreadPoolExecutor-0_2 - [PROD] Sending payload 3/1000 | Order Number: V4063006005
2026-06-30 21:14:48,160 - INFO - ThreadPoolExecutor-0_3 - [PROD] Sending payload 4/1000 | Order Number: V4063006006
2026-06-30 21:14:48,161 - INFO - ThreadPoolExecutor-0_4 - [PROD] Sending payload 5/1000 | Order Number: V4063006007
2026-06-30 21:14:48,161 - INFO - ThreadPoolExecutor-0_5 - [PROD] Sending payload 6/1000 | Order Number: V4063006008
2026-06-30 21:14:48,162 - INFO - ThreadPoolExecutor-0_6 - [PROD] Sending payload 7/1000 | Order Number: V4063006009
2026-06-30 21:14:48,162 - INFO - ThreadPoolExecutor-0_7 - [PROD] Sending payload 8/1000 | Order Number: V4063006010
2026-06-30 21:14:48,164 - INFO - ThreadPoolExecutor-0_8 - [PROD] Sending payload 9/1000 | Order Number: V4063006011
2026-06-30 21:14:48,164 - INFO - ThreadPoolExecutor-0_9 - [PROD] Sending payload 10/1000 | Order Number: V4063006012
2026-06-30 21:14:52,834 - INFO - ThreadPoolExecutor-0_9 - [PROD] Payload 10/1000 sent successfully. Status Code: 200
2026-06-30 21:14:52,835 - INFO - ThreadPoolExecutor-0_3 - [PROD] Payload 4/1000 sent successfully. Status Code: 200
2026-06-30 21:14:52,836 - INFO - ThreadPoolExecutor-0_9 - [PROD] Sending payload 11/1000 | Order Number: V4063006013
2026-06-30 21:14:52,836 - INFO - ThreadPoolExecutor-0_3 - [PROD] Sending payload 12/1000 | Order Number: V4063006014
2026-06-30 21:14:52,853 - INFO - ThreadPoolExecutor-0_1 - [PROD] Payload 2/1000 sent successfully. Status Code: 200
2026-06-30 21:14:52,854 - INFO - ThreadPoolExecutor-0_1 - [PROD] Sending payload 13/1000 | Order Number: V4063006015
2026-06-30 21:14:52,878 - INFO - ThreadPoolExecutor-0_7 - [PROD] Payload 8/1000 sent successfully. Status Code: 200
2026-06-30 21:14:52,878 - INFO - ThreadPoolExecutor-0_7 - [PROD] Sending payload 14/1000 | Order Number: V4063006016
2026-06-30 21:14:53,500 - INFO - ThreadPoolExecutor-0_8 - [PROD] Payload 9/1000 sent successfully. Status Code: 200
2026-06-30 21:14:53,501 - INFO - ThreadPoolExecutor-0_8 - [PROD] Sending payload 15/1000 | Order Number: V4063006017
2026-06-30 21:14:53,503 - INFO - ThreadPoolExecutor-0_6 - [PROD] Payload 7/1000 sent successfully. Status Code: 200
2026-06-30 21:14:53,504 - INFO - ThreadPoolExecutor-0_6 - [PROD] Sending payload 16/1000 | Order Number: V4063006018
2026-06-30 21:14:53,514 - INFO - ThreadPoolExecutor-0_5 - [PROD] Payload 6/1000 sent successfully. Status Code: 200
2026-06-30 21:14:53,515 - INFO - ThreadPoolExecutor-0_5 - [PROD] Sending payload 17/1000 | Order Number: V4063006019
2026-06-30 21:14:53,531 - INFO - ThreadPoolExecutor-0_2 - [PROD] Payload 3/1000 sent successfully. Status Code: 200
2026-06-30 21:14:53,532 - INFO - ThreadPoolExecutor-0_4 - [PROD] Payload 5/1000 sent successfully. Status Code: 200
2026-06-30 21:14:53,533 - INFO - ThreadPoolExecutor-0_2 - [PROD] Sending payload 18/1000 | Order Number: V4063006020
2026-06-30 21:14:53,533 - INFO - ThreadPoolExecutor-0_4 - [PROD] Sending payload 19/1000 | Order Number: V4063006021
2026-06-30 21:14:53,885 - INFO - ThreadPoolExecutor-0_0 - [PROD] Payload 1/1000 sent successfully. Status Code: 200
2026-06-30 21:14:53,887 - INFO - ThreadPoolExecutor-0_0 - [PROD] Sending payload 20/1000 | Order Number: V4063006022
2026-06-30 21:14:55,327 - INFO - ThreadPoolExecutor-0_3 - [PROD] Payload 12/1000 sent successfully. Status Code: 200
2026-06-30 21:14:55,329 - INFO - ThreadPoolExecutor-0_4 - [PROD] Payload 19/1000 sent successfully. Status Code: 200
2026-06-30 21:14:55,330 - INFO - ThreadPoolExecutor-0_4 - [PROD] Sending payload 21/1000 | Order Number: V4063006023
2026-06-30 21:14:55,332 - INFO - ThreadPoolExecutor-0_3 - [PROD] Sending payload 22/1000 | Order Number: V4063006024
2026-06-30 21:14:55,375 - INFO - ThreadPoolExecutor-0_1 - [PROD] Payload 13/1000 sent successfully. Status Code: 200
2026-06-30 21:14:55,376 - INFO - ThreadPoolExecutor-0_1 - [PROD] Sending payload 23/1000 | Order Number: V4063006025
2026-06-30 21:14:55,479 - INFO - ThreadPoolExecutor-0_8 - [PROD] Payload 15/1000 sent successfully. Status Code: 200
2026-06-30 21:14:55,481 - INFO - ThreadPoolExecutor-0_8 - [PROD] Sending payload 24/1000 | Order Number: V4063006026
2026-06-30 21:14:55,713 - INFO - ThreadPoolExecutor-0_0 - [PROD] Payload 20/1000 sent successfully. Status Code: 200
2026-06-30 21:14:55,714 - INFO - ThreadPoolExecutor-0_0 - [PROD] Sending payload 25/1000 | Order Number: V4063006027
2026-06-30 21:14:55,859 - INFO - ThreadPoolExecutor-0_2 - [PROD] Payload 18/1000 sent successfully. Status Code: 200
2026-06-30 21:14:55,860 - INFO - ThreadPoolExecutor-0_2 - [PROD] Sending payload 26/1000 | Order Number: V4063006028
2026-06-30 21:14:56,060 - INFO - ThreadPoolExecutor-0_6 - [PROD] Payload 16/1000 sent successfully. Status Code: 200
2026-06-30 21:14:56,062 - INFO - ThreadPoolExecutor-0_6 - [PROD] Sending payload 27/1000 | Order Number: V4063006029
2026-06-30 21:14:56,308 - INFO - ThreadPoolExecutor-0_9 - [PROD] Payload 11/1000 sent successfully. Status Code: 200
2026-06-30 21:14:56,310 - INFO - ThreadPoolExecutor-0_9 - [PROD] Sending payload 28/1000 | Order Number: V4063006030
2026-06-30 21:14:56,337 - INFO - ThreadPoolExecutor-0_5 - [PROD] Payload 17/1000 sent successfully. Status Code: 200
2026-06-30 21:14:56,338 - INFO - ThreadPoolExecutor-0_5 - [PROD] Sending payload 29/1000 | Order Number: V4063006031
2026-06-30 21:14:56,344 - INFO - ThreadPoolExecutor-0_7 - [PROD] Payload 14/1000 sent successfully. Status Code: 200
2026-06-30 21:14:56,344 - INFO - ThreadPoolExecutor-0_7 - [PROD] Sending payload 30/1000 | Order Number: V4063006032
2026-06-30 21:14:57,372 - INFO - ThreadPoolExecutor-0_1 - [PROD] Payload 23/1000 sent successfully. Status Code: 200
2026-06-30 21:14:57,373 - INFO - ThreadPoolExecutor-0_1 - [PROD] Sending payload 31/1000 | Order Number: V4063006033
2026-06-30 21:14:57,438 - INFO - ThreadPoolExecutor-0_8 - [PROD] Payload 24/1000 sent successfully. Status Code: 200
2026-06-30 21:14:57,439 - INFO - ThreadPoolExecutor-0_8 - [PROD] Sending payload 32/1000 | Order Number: V4063006034
2026-06-30 21:14:57,499 - INFO - ThreadPoolExecutor-0_0 - [PROD] Payload 25/1000 sent successfully. Status Code: 200
2026-06-30 21:14:57,500 - INFO - ThreadPoolExecutor-0_0 - [PROD] Sending payload 33/1000 | Order Number: V4063006035
2026-06-30 21:14:57,884 - INFO - ThreadPoolExecutor-0_4 - [PROD] Payload 21/1000 sent successfully. Status Code: 200
2026-06-30 21:14:57,885 - INFO - ThreadPoolExecutor-0_4 - [PROD] Sending payload 34/1000 | Order Number: V4063006036
2026-06-30 21:14:57,994 - INFO - ThreadPoolExecutor-0_6 - [PROD] Payload 27/1000 sent successfully. Status Code: 200
2026-06-30 21:14:57,994 - INFO - ThreadPoolExecutor-0_6 - [PROD] Sending payload 35/1000 | Order Number: V4063006037
2026-06-30 21:14:58,073 - INFO - ThreadPoolExecutor-0_3 - [PROD] Payload 22/1000 sent successfully. Status Code: 200
2026-06-30 21:14:58,075 - INFO - ThreadPoolExecutor-0_3 - [PROD] Sending payload 36/1000 | Order Number: V4063006038
2026-06-30 21:14:58,329 - INFO - ThreadPoolExecutor-0_9 - [PROD] Payload 28/1000 sent successfully. Status Code: 200
2026-06-30 21:14:58,330 - INFO - ThreadPoolExecutor-0_9 - [PROD] Sending payload 37/1000 | Order Number: V4063006039
2026-06-30 21:14:58,355 - INFO - ThreadPoolExecutor-0_7 - [PROD] Payload 30/1000 sent successfully. Status Code: 200
2026-06-30 21:14:58,356 - INFO - ThreadPoolExecutor-0_7 - [PROD] Sending payload 38/1000 | Order Number: V4063006040
2026-06-30 21:14:59,320 - INFO - ThreadPoolExecutor-0_1 - [PROD] Payload 31/1000 sent successfully. Status Code: 200
2026-06-30 21:14:59,322 - INFO - ThreadPoolExecutor-0_1 - [PROD] Sending payload 39/1000 | Order Number: V4063006041
2026-06-30 21:14:59,348 - INFO - ThreadPoolExecutor-0_0 - [PROD] Payload 33/1000 sent successfully. Status Code: 200
2026-06-30 21:14:59,348 - INFO - ThreadPoolExecutor-0_0 - [PROD] Sending payload 40/1000 | Order Number: V4063006042
2026-06-30 21:14:59,513 - INFO - ThreadPoolExecutor-0_2 - [PROD] Payload 26/1000 sent successfully. Status Code: 200
2026-06-30 21:14:59,513 - INFO - ThreadPoolExecutor-0_2 - [PROD] Sending payload 41/1000 | Order Number: V4063006043
2026-06-30 21:14:59,527 - INFO - ThreadPoolExecutor-0_8 - [PROD] Payload 32/1000 sent successfully. Status Code: 200
2026-06-30 21:14:59,528 - INFO - ThreadPoolExecutor-0_8 - [PROD] Sending payload 42/1000 | Order Number: V4063006044
2026-06-30 21:14:59,572 - INFO - ThreadPoolExecutor-0_5 - [PROD] Payload 29/1000 sent successfully. Status Code: 200
2026-06-30 21:14:59,573 - INFO - ThreadPoolExecutor-0_5 - [PROD] Sending payload 43/1000 | Order Number: V4063006045
2026-06-30 21:14:59,724 - INFO - ThreadPoolExecutor-0_4 - [PROD] Payload 34/1000 sent successfully. Status Code: 200
2026-06-30 21:14:59,725 - INFO - ThreadPoolExecutor-0_4 - [PROD] Sending payload 44/1000 | Order Number: V4063006046
2026-06-30 21:14:59,895 - INFO - ThreadPoolExecutor-0_3 - [PROD] Payload 36/1000 sent successfully. Status Code: 200
2026-06-30 21:14:59,897 - INFO - ThreadPoolExecutor-0_3 - [PROD] Sending payload 45/1000 | Order Number: V4063006047
2026-06-30 21:15:00,216 - INFO - ThreadPoolExecutor-0_9 - [PROD] Payload 37/1000 sent successfully. Status Code: 200
2026-06-30 21:15:00,218 - INFO - ThreadPoolExecutor-0_9 - [PROD] Sending payload 46/1000 | Order Number: V4063006048
2026-06-30 21:15:00,234 - INFO - ThreadPoolExecutor-0_7 - [PROD] Payload 38/1000 sent successfully. Status Code: 200
2026-06-30 21:15:00,235 - INFO - ThreadPoolExecutor-0_7 - [PROD] Sending payload 47/1000 | Order Number: V4063006049
2026-06-30 21:15:00,544 - INFO - ThreadPoolExecutor-0_6 - [PROD] Payload 35/1000 sent successfully. Status Code: 200
2026-06-30 21:15:00,546 - INFO - ThreadPoolExecutor-0_6 - [PROD] Sending payload 48/1000 | Order Number: V4063006050
2026-06-30 21:15:01,123 - INFO - ThreadPoolExecutor-0_1 - [PROD] Payload 39/1000 sent successfully. Status Code: 200
2026-06-30 21:15:01,125 - INFO - ThreadPoolExecutor-0_1 - [PROD] Sending payload 49/1000 | Order Number: V4063006051
2026-06-30 21:15:01,403 - INFO - ThreadPoolExecutor-0_0 - [PROD] Payload 40/1000 sent successfully. Status Code: 200
2026-06-30 21:15:01,404 - INFO - ThreadPoolExecutor-0_0 - [PROD] Sending payload 50/1000 | Order Number: V4063006052
2026-06-30 21:15:01,437 - INFO - ThreadPoolExecutor-0_8 - [PROD] Payload 42/1000 sent successfully. Status Code: 200
2026-06-30 21:15:01,437 - INFO - ThreadPoolExecutor-0_8 - [PROD] Sending payload 51/1000 | Order Number: V4063006053
2026-06-30 21:15:01,564 - INFO - ThreadPoolExecutor-0_5 - [PROD] Payload 43/1000 sent successfully. Status Code: 200
2026-06-30 21:15:01,564 - INFO - ThreadPoolExecutor-0_5 - [PROD] Sending payload 52/1000 | Order Number: V4063006054
2026-06-30 21:15:01,783 - INFO - ThreadPoolExecutor-0_4 - [PROD] Payload 44/1000 sent successfully. Status Code: 200
2026-06-30 21:15:01,785 - INFO - ThreadPoolExecutor-0_4 - [PROD] Sending payload 53/1000 | Order Number: V4063006055
2026-06-30 21:15:02,176 - INFO - ThreadPoolExecutor-0_7 - [PROD] Payload 47/1000 sent successfully. Status Code: 200
2026-06-30 21:15:02,178 - INFO - ThreadPoolExecutor-0_7 - [PROD] Sending payload 54/1000 | Order Number: V4063006056
2026-06-30 21:15:02,476 - INFO - ThreadPoolExecutor-0_3 - [PROD] Payload 45/1000 sent successfully. Status Code: 200
2026-06-30 21:15:02,477 - INFO - ThreadPoolExecutor-0_3 - [PROD] Sending payload 55/1000 | Order Number: V4063006057
2026-06-30 21:15:02,700 - INFO - ThreadPoolExecutor-0_2 - [PROD] Payload 41/1000 sent successfully. Status Code: 200
2026-06-30 21:15:02,701 - INFO - ThreadPoolExecutor-0_2 - [PROD] Sending payload 56/1000 | Order Number: V4063006058
2026-06-30 21:15:02,754 - INFO - ThreadPoolExecutor-0_9 - [PROD] Payload 46/1000 sent successfully. Status Code: 200
2026-06-30 21:15:02,755 - INFO - ThreadPoolExecutor-0_9 - [PROD] Sending payload 57/1000 | Order Number: V4063006059
2026-06-30 21:15:02,996 - INFO - ThreadPoolExecutor-0_6 - [PROD] Payload 48/1000 sent successfully. Status Code: 200
2026-06-30 21:15:02,998 - INFO - ThreadPoolExecutor-0_6 - [PROD] Sending payload 58/1000 | Order Number: V4063006060
2026-06-30 21:15:03,244 - INFO - ThreadPoolExecutor-0_8 - [PROD] Payload 51/1000 sent successfully. Status Code: 200
2026-06-30 21:15:03,245 - INFO - ThreadPoolExecutor-0_8 - [PROD] Sending payload 59/1000 | Order Number: V4063006061
2026-06-30 21:15:03,381 - INFO - ThreadPoolExecutor-0_1 - [PROD] Payload 49/1000 sent successfully. Status Code: 200
2026-06-30 21:15:03,381 - INFO - ThreadPoolExecutor-0_1 - [PROD] Sending payload 60/1000 | Order Number: V4063006062
2026-06-30 21:15:03,476 - INFO - ThreadPoolExecutor-0_0 - [PROD] Payload 50/1000 sent successfully. Status Code: 200
2026-06-30 21:15:03,476 - INFO - ThreadPoolExecutor-0_0 - [PROD] Sending payload 61/1000 | Order Number: V4063006063
2026-06-30 21:15:03,660 - INFO - ThreadPoolExecutor-0_5 - [PROD] Payload 52/1000 sent successfully. Status Code: 200
2026-06-30 21:15:03,663 - INFO - ThreadPoolExecutor-0_5 - [PROD] Sending payload 62/1000 | Order Number: V4063006064
2026-06-30 21:15:03,768 - INFO - ThreadPoolExecutor-0_4 - [PROD] Payload 53/1000 sent successfully. Status Code: 200
2026-06-30 21:15:03,769 - INFO - ThreadPoolExecutor-0_4 - [PROD] Sending payload 63/1000 | Order Number: V4063006065
2026-06-30 21:15:04,073 - INFO - ThreadPoolExecutor-0_7 - [PROD] Payload 54/1000 sent successfully. Status Code: 200
2026-06-30 21:15:04,075 - INFO - ThreadPoolExecutor-0_7 - [PROD] Sending payload 64/1000 | Order Number: V4063006066
2026-06-30 21:15:04,317 - INFO - ThreadPoolExecutor-0_3 - [PROD] Payload 55/1000 sent successfully. Status Code: 200
2026-06-30 21:15:04,318 - INFO - ThreadPoolExecutor-0_3 - [PROD] Sending payload 65/1000 | Order Number: V4063006067
2026-06-30 21:15:04,542 - INFO - ThreadPoolExecutor-0_2 - [PROD] Payload 56/1000 sent successfully. Status Code: 200
2026-06-30 21:15:04,543 - INFO - ThreadPoolExecutor-0_2 - [PROD] Sending payload 66/1000 | Order Number: V4063006068
2026-06-30 21:15:04,743 - INFO - ThreadPoolExecutor-0_9 - [PROD] Payload 57/1000 sent successfully. Status Code: 200
2026-06-30 21:15:04,744 - INFO - ThreadPoolExecutor-0_9 - [PROD] Sending payload 67/1000 | Order Number: V4063006069
2026-06-30 21:15:04,923 - INFO - ThreadPoolExecutor-0_6 - [PROD] Payload 58/1000 sent successfully. Status Code: 200
2026-06-30 21:15:04,925 - INFO - ThreadPoolExecutor-0_6 - [PROD] Sending payload 68/1000 | Order Number: V4063006070
2026-06-30 21:15:05,081 - INFO - ThreadPoolExecutor-0_8 - [PROD] Payload 59/1000 sent successfully. Status Code: 200
2026-06-30 21:15:05,082 - INFO - ThreadPoolExecutor-0_8 - [PROD] Sending payload 69/1000 | Order Number: V4063006071
2026-06-30 21:15:05,278 - INFO - ThreadPoolExecutor-0_0 - [PROD] Payload 61/1000 sent successfully. Status Code: 200
2026-06-30 21:15:05,279 - INFO - ThreadPoolExecutor-0_0 - [PROD] Sending payload 70/1000 | Order Number: V4063006072
2026-06-30 21:15:05,395 - INFO - ThreadPoolExecutor-0_1 - [PROD] Payload 60/1000 sent successfully. Status Code: 200
2026-06-30 21:15:05,397 - INFO - ThreadPoolExecutor-0_1 - [PROD] Sending payload 71/1000 | Order Number: V4063006073
2026-06-30 21:15:05,567 - INFO - ThreadPoolExecutor-0_5 - [PROD] Payload 62/1000 sent successfully. Status Code: 200
2026-06-30 21:15:05,568 - INFO - ThreadPoolExecutor-0_5 - [PROD] Sending payload 72/1000 | Order Number: V4063006074
2026-06-30 21:15:05,656 - INFO - ThreadPoolExecutor-0_4 - [PROD] Payload 63/1000 sent successfully. Status Code: 200
2026-06-30 21:15:05,657 - INFO - ThreadPoolExecutor-0_4 - [PROD] Sending payload 73/1000 | Order Number: V4063006075
2026-06-30 21:15:05,929 - INFO - ThreadPoolExecutor-0_7 - [PROD] Payload 64/1000 sent successfully. Status Code: 200
2026-06-30 21:15:05,935 - INFO - ThreadPoolExecutor-0_7 - [PROD] Sending payload 74/1000 | Order Number: V4063006076
2026-06-30 21:15:06,167 - INFO - ThreadPoolExecutor-0_3 - [PROD] Payload 65/1000 sent successfully. Status Code: 200
2026-06-30 21:15:06,169 - INFO - ThreadPoolExecutor-0_3 - [PROD] Sending payload 75/1000 | Order Number: V4063006077
2026-06-30 21:15:06,546 - INFO - ThreadPoolExecutor-0_9 - [PROD] Payload 67/1000 sent successfully. Status Code: 200
2026-06-30 21:15:06,547 - INFO - ThreadPoolExecutor-0_9 - [PROD] Sending payload 76/1000 | Order Number: V4063006078
2026-06-30 21:15:06,549 - INFO - ThreadPoolExecutor-0_2 - [PROD] Payload 66/1000 sent successfully. Status Code: 200
2026-06-30 21:15:06,550 - INFO - ThreadPoolExecutor-0_2 - [PROD] Sending payload 77/1000 | Order Number: V4063006079
2026-06-30 21:15:06,770 - INFO - ThreadPoolExecutor-0_6 - [PROD] Payload 68/1000 sent successfully. Status Code: 200
2026-06-30 21:15:06,773 - INFO - ThreadPoolExecutor-0_6 - [PROD] Sending payload 78/1000 | Order Number: V4063006080
2026-06-30 21:15:07,002 - INFO - ThreadPoolExecutor-0_8 - [PROD] Payload 69/1000 sent successfully. Status Code: 200
2026-06-30 21:15:07,003 - INFO - ThreadPoolExecutor-0_8 - [PROD] Sending payload 79/1000 | Order Number: V4063006081
2026-06-30 21:15:07,342 - INFO - ThreadPoolExecutor-0_0 - [PROD] Payload 70/1000 sent successfully. Status Code: 200
2026-06-30 21:15:07,343 - INFO - ThreadPoolExecutor-0_0 - [PROD] Sending payload 80/1000 | Order Number: V4063006082
2026-06-30 21:15:07,506 - INFO - ThreadPoolExecutor-0_5 - [PROD] Payload 72/1000 sent successfully. Status Code: 200
2026-06-30 21:15:07,508 - INFO - ThreadPoolExecutor-0_5 - [PROD] Sending payload 81/1000 | Order Number: V4063006083
2026-06-30 21:15:07,701 - INFO - ThreadPoolExecutor-0_1 - [PROD] Payload 71/1000 sent successfully. Status Code: 200
2026-06-30 21:15:07,703 - INFO - ThreadPoolExecutor-0_1 - [PROD] Sending payload 82/1000 | Order Number: V4063006084
2026-06-30 21:15:07,747 - INFO - ThreadPoolExecutor-0_4 - [PROD] Payload 73/1000 sent successfully. Status Code: 200
2026-06-30 21:15:07,748 - INFO - ThreadPoolExecutor-0_4 - [PROD] Sending payload 83/1000 | Order Number: V4063006085
2026-06-30 21:15:07,804 - INFO - ThreadPoolExecutor-0_7 - [PROD] Payload 74/1000 sent successfully. Status Code: 200
2026-06-30 21:15:07,806 - INFO - ThreadPoolExecutor-0_7 - [PROD] Sending payload 84/1000 | Order Number: V4063006086
2026-06-30 21:15:08,027 - INFO - ThreadPoolExecutor-0_3 - [PROD] Payload 75/1000 sent successfully. Status Code: 200
2026-06-30 21:15:08,030 - INFO - ThreadPoolExecutor-0_3 - [PROD] Sending payload 85/1000 | Order Number: V4063006087
2026-06-30 21:15:08,376 - INFO - ThreadPoolExecutor-0_2 - [PROD] Payload 77/1000 sent successfully. Status Code: 200
2026-06-30 21:15:08,378 - INFO - ThreadPoolExecutor-0_2 - [PROD] Sending payload 86/1000 | Order Number: V4063006088
2026-06-30 21:15:08,574 - INFO - ThreadPoolExecutor-0_9 - [PROD] Payload 76/1000 sent successfully. Status Code: 200
2026-06-30 21:15:08,575 - INFO - ThreadPoolExecutor-0_9 - [PROD] Sending payload 87/1000 | Order Number: V4063006089
2026-06-30 21:15:08,710 - INFO - ThreadPoolExecutor-0_6 - [PROD] Payload 78/1000 sent successfully. Status Code: 200
2026-06-30 21:15:08,713 - INFO - ThreadPoolExecutor-0_6 - [PROD] Sending payload 88/1000 | Order Number: V4063006090
2026-06-30 21:15:08,788 - INFO - ThreadPoolExecutor-0_8 - [PROD] Payload 79/1000 sent successfully. Status Code: 200
2026-06-30 21:15:08,790 - INFO - ThreadPoolExecutor-0_8 - [PROD] Sending payload 89/1000 | Order Number: V4063006091
2026-06-30 21:15:09,189 - INFO - ThreadPoolExecutor-0_0 - [PROD] Payload 80/1000 sent successfully. Status Code: 200
2026-06-30 21:15:09,191 - INFO - ThreadPoolExecutor-0_0 - [PROD] Sending payload 90/1000 | Order Number: V4063006092
2026-06-30 21:15:09,509 - INFO - ThreadPoolExecutor-0_1 - [PROD] Payload 82/1000 sent successfully. Status Code: 200
2026-06-30 21:15:09,511 - INFO - ThreadPoolExecutor-0_1 - [PROD] Sending payload 91/1000 | Order Number: V4063006093
2026-06-30 21:15:09,536 - INFO - ThreadPoolExecutor-0_4 - [PROD] Payload 83/1000 sent successfully. Status Code: 200
2026-06-30 21:15:09,536 - INFO - ThreadPoolExecutor-0_4 - [PROD] Sending payload 92/1000 | Order Number: V4063006094
2026-06-30 21:15:09,564 - INFO - ThreadPoolExecutor-0_5 - [PROD] Payload 81/1000 sent successfully. Status Code: 200
2026-06-30 21:15:09,564 - INFO - ThreadPoolExecutor-0_5 - [PROD] Sending payload 93/1000 | Order Number: V4063006095
2026-06-30 21:15:09,825 - INFO - ThreadPoolExecutor-0_3 - [PROD] Payload 85/1000 sent successfully. Status Code: 200
2026-06-30 21:15:09,827 - INFO - ThreadPoolExecutor-0_3 - [PROD] Sending payload 94/1000 | Order Number: V4063006096
2026-06-30 21:15:10,105 - INFO - ThreadPoolExecutor-0_7 - [PROD] Payload 84/1000 sent successfully. Status Code: 200
2026-06-30 21:15:10,106 - INFO - ThreadPoolExecutor-0_7 - [PROD] Sending payload 95/1000 | Order Number: V4063006097
2026-06-30 21:15:10,225 - INFO - ThreadPoolExecutor-0_2 - [PROD] Payload 86/1000 sent successfully. Status Code: 200
2026-06-30 21:15:10,227 - INFO - ThreadPoolExecutor-0_2 - [PROD] Sending payload 96/1000 | Order Number: V4063006098
2026-06-30 21:15:10,541 - INFO - ThreadPoolExecutor-0_9 - [PROD] Payload 87/1000 sent successfully. Status Code: 200
2026-06-30 21:15:10,543 - INFO - ThreadPoolExecutor-0_9 - [PROD] Sending payload 97/1000 | Order Number: V4063006099
2026-06-30 21:15:10,694 - INFO - ThreadPoolExecutor-0_6 - [PROD] Payload 88/1000 sent successfully. Status Code: 200
2026-06-30 21:15:10,696 - INFO - ThreadPoolExecutor-0_6 - [PROD] Sending payload 98/1000 | Order Number: V4063006100
2026-06-30 21:15:10,908 - INFO - ThreadPoolExecutor-0_8 - [PROD] Payload 89/1000 sent successfully. Status Code: 200
2026-06-30 21:15:10,909 - INFO - ThreadPoolExecutor-0_8 - [PROD] Sending payload 99/1000 | Order Number: V4063006101
2026-06-30 21:15:11,271 - INFO - ThreadPoolExecutor-0_0 - [PROD] Payload 90/1000 sent successfully. Status Code: 200
2026-06-30 21:15:11,274 - INFO - ThreadPoolExecutor-0_0 - [PROD] Sending payload 100/1000 | Order Number: V4063006102
2026-06-30 21:15:11,339 - INFO - ThreadPoolExecutor-0_5 - [PROD] Payload 93/1000 sent successfully. Status Code: 200
2026-06-30 21:15:11,341 - INFO - ThreadPoolExecutor-0_5 - [PROD] Sending payload 101/1000 | Order Number: V4063006103
2026-06-30 21:15:11,466 - INFO - ThreadPoolExecutor-0_1 - [PROD] Payload 91/1000 sent successfully. Status Code: 200
2026-06-30 21:15:11,466 - INFO - ThreadPoolExecutor-0_1 - [PROD] Sending payload 102/1000 | Order Number: V4063006104
2026-06-30 21:15:11,526 - INFO - ThreadPoolExecutor-0_4 - [PROD] Payload 92/1000 sent successfully. Status Code: 200
2026-06-30 21:15:11,527 - INFO - ThreadPoolExecutor-0_4 - [PROD] Sending payload 103/1000 | Order Number: V4063006105
2026-06-30 21:15:11,689 - INFO - ThreadPoolExecutor-0_3 - [PROD] Payload 94/1000 sent successfully. Status Code: 200
2026-06-30 21:15:11,690 - INFO - ThreadPoolExecutor-0_3 - [PROD] Sending payload 104/1000 | Order Number: V4063006106
2026-06-30 21:15:11,953 - INFO - ThreadPoolExecutor-0_7 - [PROD] Payload 95/1000 sent successfully. Status Code: 200
2026-06-30 21:15:11,955 - INFO - ThreadPoolExecutor-0_7 - [PROD] Sending payload 105/1000 | Order Number: V4063006107
2026-06-30 21:15:12,006 - INFO - ThreadPoolExecutor-0_2 - [PROD] Payload 96/1000 sent successfully. Status Code: 200
2026-06-30 21:15:12,007 - INFO - ThreadPoolExecutor-0_2 - [PROD] Sending payload 106/1000 | Order Number: V4063006108
2026-06-30 21:15:12,467 - INFO - ThreadPoolExecutor-0_9 - [PROD] Payload 97/1000 sent successfully. Status Code: 200
2026-06-30 21:15:12,468 - INFO - ThreadPoolExecutor-0_9 - [PROD] Sending payload 107/1000 | Order Number: V4063006109
2026-06-30 21:15:12,748 - INFO - ThreadPoolExecutor-0_6 - [PROD] Payload 98/1000 sent successfully. Status Code: 200
2026-06-30 21:15:12,750 - INFO - ThreadPoolExecutor-0_6 - [PROD] Sending payload 108/1000 | Order Number: V4063006110
2026-06-30 21:15:12,761 - INFO - ThreadPoolExecutor-0_8 - [PROD] Payload 99/1000 sent successfully. Status Code: 200
2026-06-30 21:15:12,761 - INFO - ThreadPoolExecutor-0_8 - [PROD] Sending payload 109/1000 | Order Number: V4063006111
2026-06-30 21:15:13,097 - INFO - ThreadPoolExecutor-0_0 - [PROD] Payload 100/1000 sent successfully. Status Code: 200
2026-06-30 21:15:13,098 - INFO - ThreadPoolExecutor-0_0 - [PROD] Sending payload 110/1000 | Order Number: V4063006112
2026-06-30 21:15:13,150 - INFO - ThreadPoolExecutor-0_5 - [PROD] Payload 101/1000 sent successfully. Status Code: 200
2026-06-30 21:15:13,151 - INFO - ThreadPoolExecutor-0_5 - [PROD] Sending payload 111/1000 | Order Number: V4063006113
2026-06-30 21:15:13,312 - INFO - ThreadPoolExecutor-0_1 - [PROD] Payload 102/1000 sent successfully. Status Code: 200
2026-06-30 21:15:13,314 - INFO - ThreadPoolExecutor-0_1 - [PROD] Sending payload 112/1000 | Order Number: V4063006114
2026-06-30 21:15:13,351 - INFO - ThreadPoolExecutor-0_4 - [PROD] Payload 103/1000 sent successfully. Status Code: 200
2026-06-30 21:15:13,352 - INFO - ThreadPoolExecutor-0_4 - [PROD] Sending payload 113/1000 | Order Number: V4063006115
2026-06-30 21:15:13,544 - INFO - ThreadPoolExecutor-0_3 - [PROD] Payload 104/1000 sent successfully. Status Code: 200
2026-06-30 21:15:13,545 - INFO - ThreadPoolExecutor-0_3 - [PROD] Sending payload 114/1000 | Order Number: V4063006116
2026-06-30 21:15:13,886 - INFO - ThreadPoolExecutor-0_7 - [PROD] Payload 105/1000 sent successfully. Status Code: 200
2026-06-30 21:15:13,889 - INFO - ThreadPoolExecutor-0_7 - [PROD] Sending payload 115/1000 | Order Number: V4063006117
2026-06-30 21:15:13,937 - INFO - ThreadPoolExecutor-0_2 - [PROD] Payload 106/1000 sent successfully. Status Code: 200
2026-06-30 21:15:13,937 - INFO - ThreadPoolExecutor-0_2 - [PROD] Sending payload 116/1000 | Order Number: V4063006118
2026-06-30 21:15:14,433 - INFO - ThreadPoolExecutor-0_9 - [PROD] Payload 107/1000 sent successfully. Status Code: 200
2026-06-30 21:15:14,434 - INFO - ThreadPoolExecutor-0_9 - [PROD] Sending payload 117/1000 | Order Number: V4063006119
2026-06-30 21:15:14,570 - INFO - ThreadPoolExecutor-0_8 - [PROD] Payload 109/1000 sent successfully. Status Code: 200
2026-06-30 21:15:14,571 - INFO - ThreadPoolExecutor-0_8 - [PROD] Sending payload 118/1000 | Order Number: V4063006120
2026-06-30 21:15:14,629 - INFO - ThreadPoolExecutor-0_6 - [PROD] Payload 108/1000 sent successfully. Status Code: 200
2026-06-30 21:15:14,630 - INFO - ThreadPoolExecutor-0_6 - [PROD] Sending payload 119/1000 | Order Number: V4063006121
2026-06-30 21:15:14,948 - INFO - ThreadPoolExecutor-0_0 - [PROD] Payload 110/1000 sent successfully. Status Code: 200
2026-06-30 21:15:14,949 - INFO - ThreadPoolExecutor-0_0 - [PROD] Sending payload 120/1000 | Order Number: V4063006122
2026-06-30 21:15:15,055 - INFO - ThreadPoolExecutor-0_5 - [PROD] Payload 111/1000 sent successfully. Status Code: 200
2026-06-30 21:15:15,074 - INFO - ThreadPoolExecutor-0_5 - [PROD] Sending payload 121/1000 | Order Number: V4063006123
2026-06-30 21:15:15,092 - INFO - ThreadPoolExecutor-0_1 - [PROD] Payload 112/1000 sent successfully. Status Code: 200
2026-06-30 21:15:15,092 - INFO - ThreadPoolExecutor-0_1 - [PROD] Sending payload 122/1000 | Order Number: V4063006124
2026-06-30 21:15:15,207 - INFO - ThreadPoolExecutor-0_4 - [PROD] Payload 113/1000 sent successfully. Status Code: 200
2026-06-30 21:15:15,208 - INFO - ThreadPoolExecutor-0_4 - [PROD] Sending payload 123/1000 | Order Number: V4063006125
2026-06-30 21:15:15,382 - INFO - ThreadPoolExecutor-0_3 - [PROD] Payload 114/1000 sent successfully. Status Code: 200
2026-06-30 21:15:15,384 - INFO - ThreadPoolExecutor-0_3 - [PROD] Sending payload 124/1000 | Order Number: V4063006126
2026-06-30 21:15:15,754 - INFO - ThreadPoolExecutor-0_2 - [PROD] Payload 116/1000 sent successfully. Status Code: 200
2026-06-30 21:15:15,755 - INFO - ThreadPoolExecutor-0_2 - [PROD] Sending payload 125/1000 | Order Number: V4063006127
2026-06-30 21:15:15,819 - INFO - ThreadPoolExecutor-0_7 - [PROD] Payload 115/1000 sent successfully. Status Code: 200
2026-06-30 21:15:15,820 - INFO - ThreadPoolExecutor-0_7 - [PROD] Sending payload 126/1000 | Order Number: V4063006128
2026-06-30 21:15:16,253 - INFO - ThreadPoolExecutor-0_9 - [PROD] Payload 117/1000 sent successfully. Status Code: 200
2026-06-30 21:15:16,255 - INFO - ThreadPoolExecutor-0_9 - [PROD] Sending payload 127/1000 | Order Number: V4063006129
2026-06-30 21:15:16,398 - INFO - ThreadPoolExecutor-0_8 - [PROD] Payload 118/1000 sent successfully. Status Code: 200
2026-06-30 21:15:16,399 - INFO - ThreadPoolExecutor-0_8 - [PROD] Sending payload 128/1000 | Order Number: V4063006130
2026-06-30 21:15:16,572 - INFO - ThreadPoolExecutor-0_6 - [PROD] Payload 119/1000 sent successfully. Status Code: 200
2026-06-30 21:15:16,572 - INFO - ThreadPoolExecutor-0_6 - [PROD] Sending payload 129/1000 | Order Number: V4063006131
2026-06-30 21:15:16,814 - INFO - ThreadPoolExecutor-0_0 - [PROD] Payload 120/1000 sent successfully. Status Code: 200
2026-06-30 21:15:16,816 - INFO - ThreadPoolExecutor-0_0 - [PROD] Sending payload 130/1000 | Order Number: V4063006132
2026-06-30 21:15:16,877 - INFO - ThreadPoolExecutor-0_5 - [PROD] Payload 121/1000 sent successfully. Status Code: 200
2026-06-30 21:15:16,877 - INFO - ThreadPoolExecutor-0_5 - [PROD] Sending payload 131/1000 | Order Number: V4063006133
2026-06-30 21:15:16,941 - INFO - ThreadPoolExecutor-0_1 - [PROD] Payload 122/1000 sent successfully. Status Code: 200
2026-06-30 21:15:16,942 - INFO - ThreadPoolExecutor-0_1 - [PROD] Sending payload 132/1000 | Order Number: V4063006134
2026-06-30 21:15:17,082 - INFO - ThreadPoolExecutor-0_4 - [PROD] Payload 123/1000 sent successfully. Status Code: 200
2026-06-30 21:15:17,083 - INFO - ThreadPoolExecutor-0_4 - [PROD] Sending payload 133/1000 | Order Number: V4063006135
2026-06-30 21:15:17,252 - INFO - ThreadPoolExecutor-0_3 - [PROD] Payload 124/1000 sent successfully. Status Code: 200
2026-06-30 21:15:17,254 - INFO - ThreadPoolExecutor-0_3 - [PROD] Sending payload 134/1000 | Order Number: V4063006136
2026-06-30 21:15:17,585 - INFO - ThreadPoolExecutor-0_2 - [PROD] Payload 125/1000 sent successfully. Status Code: 200
2026-06-30 21:15:17,587 - INFO - ThreadPoolExecutor-0_2 - [PROD] Sending payload 135/1000 | Order Number: V4063006137
2026-06-30 21:15:17,651 - INFO - ThreadPoolExecutor-0_7 - [PROD] Payload 126/1000 sent successfully. Status Code: 200
2026-06-30 21:15:17,654 - INFO - ThreadPoolExecutor-0_7 - [PROD] Sending payload 136/1000 | Order Number: V4063006138
2026-06-30 21:15:18,128 - INFO - ThreadPoolExecutor-0_9 - [PROD] Payload 127/1000 sent successfully. Status Code: 200
2026-06-30 21:15:18,130 - INFO - ThreadPoolExecutor-0_9 - [PROD] Sending payload 137/1000 | Order Number: V4063006139
2026-06-30 21:15:18,399 - INFO - ThreadPoolExecutor-0_6 - [PROD] Payload 129/1000 sent successfully. Status Code: 200
2026-06-30 21:15:18,401 - INFO - ThreadPoolExecutor-0_6 - [PROD] Sending payload 138/1000 | Order Number: V4063006140
2026-06-30 21:15:18,643 - INFO - ThreadPoolExecutor-0_0 - [PROD] Payload 130/1000 sent successfully. Status Code: 200
2026-06-30 21:15:18,645 - INFO - ThreadPoolExecutor-0_0 - [PROD] Sending payload 139/1000 | Order Number: V4063006141
2026-06-30 21:15:18,678 - INFO - ThreadPoolExecutor-0_5 - [PROD] Payload 131/1000 sent successfully. Status Code: 200
2026-06-30 21:15:18,679 - INFO - ThreadPoolExecutor-0_5 - [PROD] Sending payload 140/1000 | Order Number: V4063006142
2026-06-30 21:15:18,844 - INFO - ThreadPoolExecutor-0_1 - [PROD] Payload 132/1000 sent successfully. Status Code: 200
2026-06-30 21:15:18,846 - INFO - ThreadPoolExecutor-0_1 - [PROD] Sending payload 141/1000 | Order Number: V4063006143
2026-06-30 21:15:18,955 - INFO - ThreadPoolExecutor-0_4 - [PROD] Payload 133/1000 sent successfully. Status Code: 200
2026-06-30 21:15:18,957 - INFO - ThreadPoolExecutor-0_4 - [PROD] Sending payload 142/1000 | Order Number: V4063006144
2026-06-30 21:15:19,117 - INFO - ThreadPoolExecutor-0_3 - [PROD] Payload 134/1000 sent successfully. Status Code: 200
2026-06-30 21:15:19,118 - INFO - ThreadPoolExecutor-0_3 - [PROD] Sending payload 143/1000 | Order Number: V4063006145
2026-06-30 21:15:19,299 - INFO - ThreadPoolExecutor-0_8 - [PROD] Payload 128/1000 sent successfully. Status Code: 200
2026-06-30 21:15:19,300 - INFO - ThreadPoolExecutor-0_8 - [PROD] Sending payload 144/1000 | Order Number: V4063006146
2026-06-30 21:15:19,481 - INFO - ThreadPoolExecutor-0_2 - [PROD] Payload 135/1000 sent successfully. Status Code: 200
2026-06-30 21:15:19,484 - INFO - ThreadPoolExecutor-0_2 - [PROD] Sending payload 145/1000 | Order Number: V4063006147
2026-06-30 21:15:19,722 - INFO - ThreadPoolExecutor-0_7 - [PROD] Payload 136/1000 sent successfully. Status Code: 200
2026-06-30 21:15:19,730 - INFO - ThreadPoolExecutor-0_7 - [PROD] Sending payload 146/1000 | Order Number: V4063006148
2026-06-30 21:15:20,007 - INFO - ThreadPoolExecutor-0_9 - [PROD] Payload 137/1000 sent successfully. Status Code: 200
2026-06-30 21:15:20,009 - INFO - ThreadPoolExecutor-0_9 - [PROD] Sending payload 147/1000 | Order Number: V4063006149
2026-06-30 21:15:20,259 - INFO - ThreadPoolExecutor-0_6 - [PROD] Payload 138/1000 sent successfully. Status Code: 200
2026-06-30 21:15:20,261 - INFO - ThreadPoolExecutor-0_6 - [PROD] Sending payload 148/1000 | Order Number: V4063006150
2026-06-30 21:15:20,481 - INFO - ThreadPoolExecutor-0_0 - [PROD] Payload 139/1000 sent successfully. Status Code: 200
2026-06-30 21:15:20,483 - INFO - ThreadPoolExecutor-0_0 - [PROD] Sending payload 149/1000 | Order Number: V4063006151
2026-06-30 21:15:20,559 - INFO - ThreadPoolExecutor-0_5 - [PROD] Payload 140/1000 sent successfully. Status Code: 200
2026-06-30 21:15:20,560 - INFO - ThreadPoolExecutor-0_5 - [PROD] Sending payload 150/1000 | Order Number: V4063006152
2026-06-30 21:15:20,779 - INFO - ThreadPoolExecutor-0_4 - [PROD] Payload 142/1000 sent successfully. Status Code: 200
2026-06-30 21:15:20,781 - INFO - ThreadPoolExecutor-0_4 - [PROD] Sending payload 151/1000 | Order Number: V4063006153
2026-06-30 21:15:20,926 - INFO - ThreadPoolExecutor-0_3 - [PROD] Payload 143/1000 sent successfully. Status Code: 200
2026-06-30 21:15:20,928 - INFO - ThreadPoolExecutor-0_3 - [PROD] Sending payload 152/1000 | Order Number: V4063006154
2026-06-30 21:15:21,174 - INFO - ThreadPoolExecutor-0_8 - [PROD] Payload 144/1000 sent successfully. Status Code: 200
2026-06-30 21:15:21,176 - INFO - ThreadPoolExecutor-0_8 - [PROD] Sending payload 153/1000 | Order Number: V4063006155
2026-06-30 21:15:21,188 - INFO - ThreadPoolExecutor-0_1 - [PROD] Payload 141/1000 sent successfully. Status Code: 200
2026-06-30 21:15:21,188 - INFO - ThreadPoolExecutor-0_1 - [PROD] Sending payload 154/1000 | Order Number: V4063006156
2026-06-30 21:15:21,376 - INFO - ThreadPoolExecutor-0_2 - [PROD] Payload 145/1000 sent successfully. Status Code: 200
2026-06-30 21:15:21,376 - INFO - ThreadPoolExecutor-0_2 - [PROD] Sending payload 155/1000 | Order Number: V4063006157
2026-06-30 21:15:21,566 - INFO - ThreadPoolExecutor-0_7 - [PROD] Payload 146/1000 sent successfully. Status Code: 200
2026-06-30 21:15:21,566 - INFO - ThreadPoolExecutor-0_7 - [PROD] Sending payload 156/1000 | Order Number: V4063006158
2026-06-30 21:15:21,851 - INFO - ThreadPoolExecutor-0_9 - [PROD] Payload 147/1000 sent successfully. Status Code: 200
2026-06-30 21:15:21,853 - INFO - ThreadPoolExecutor-0_9 - [PROD] Sending payload 157/1000 | Order Number: V4063006159
2026-06-30 21:15:22,085 - INFO - ThreadPoolExecutor-0_6 - [PROD] Payload 148/1000 sent successfully. Status Code: 200
2026-06-30 21:15:22,087 - INFO - ThreadPoolExecutor-0_6 - [PROD] Sending payload 158/1000 | Order Number: V4063006160
2026-06-30 21:15:22,385 - INFO - ThreadPoolExecutor-0_0 - [PROD] Payload 149/1000 sent successfully. Status Code: 200
2026-06-30 21:15:22,386 - INFO - ThreadPoolExecutor-0_0 - [PROD] Sending payload 159/1000 | Order Number: V4063006161
2026-06-30 21:15:22,560 - INFO - ThreadPoolExecutor-0_5 - [PROD] Payload 150/1000 sent successfully. Status Code: 200
2026-06-30 21:15:22,563 - INFO - ThreadPoolExecutor-0_5 - [PROD] Sending payload 160/1000 | Order Number: V4063006162
2026-06-30 21:15:22,689 - INFO - ThreadPoolExecutor-0_4 - [PROD] Payload 151/1000 sent successfully. Status Code: 200
2026-06-30 21:15:22,691 - INFO - ThreadPoolExecutor-0_4 - [PROD] Sending payload 161/1000 | Order Number: V4063006163
2026-06-30 21:15:22,856 - INFO - ThreadPoolExecutor-0_3 - [PROD] Payload 152/1000 sent successfully. Status Code: 200
2026-06-30 21:15:22,858 - INFO - ThreadPoolExecutor-0_3 - [PROD] Sending payload 162/1000 | Order Number: V4063006164
2026-06-30 21:15:22,964 - INFO - ThreadPoolExecutor-0_8 - [PROD] Payload 153/1000 sent successfully. Status Code: 200
2026-06-30 21:15:22,966 - INFO - ThreadPoolExecutor-0_8 - [PROD] Sending payload 163/1000 | Order Number: V4063006165
2026-06-30 21:15:22,980 - INFO - ThreadPoolExecutor-0_1 - [PROD] Payload 154/1000 sent successfully. Status Code: 200
2026-06-30 21:15:22,980 - INFO - ThreadPoolExecutor-0_1 - [PROD] Sending payload 164/1000 | Order Number: V4063006166
2026-06-30 21:15:23,162 - INFO - ThreadPoolExecutor-0_2 - [PROD] Payload 155/1000 sent successfully. Status Code: 200
2026-06-30 21:15:23,164 - INFO - ThreadPoolExecutor-0_2 - [PROD] Sending payload 165/1000 | Order Number: V4063006167
2026-06-30 21:15:23,446 - INFO - ThreadPoolExecutor-0_7 - [PROD] Payload 156/1000 sent successfully. Status Code: 200
2026-06-30 21:15:23,448 - INFO - ThreadPoolExecutor-0_7 - [PROD] Sending payload 166/1000 | Order Number: V4063006168
2026-06-30 21:15:23,688 - INFO - ThreadPoolExecutor-0_9 - [PROD] Payload 157/1000 sent successfully. Status Code: 200
2026-06-30 21:15:23,689 - INFO - ThreadPoolExecutor-0_9 - [PROD] Sending payload 167/1000 | Order Number: V4063006169
2026-06-30 21:15:23,912 - INFO - ThreadPoolExecutor-0_6 - [PROD] Payload 158/1000 sent successfully. Status Code: 200
2026-06-30 21:15:23,913 - INFO - ThreadPoolExecutor-0_6 - [PROD] Sending payload 168/1000 | Order Number: V4063006170
2026-06-30 21:15:24,225 - INFO - ThreadPoolExecutor-0_0 - [PROD] Payload 159/1000 sent successfully. Status Code: 200
2026-06-30 21:15:24,229 - INFO - ThreadPoolExecutor-0_0 - [PROD] Sending payload 169/1000 | Order Number: V4063006171
2026-06-30 21:15:24,393 - INFO - ThreadPoolExecutor-0_5 - [PROD] Payload 160/1000 sent successfully. Status Code: 200
2026-06-30 21:15:24,395 - INFO - ThreadPoolExecutor-0_5 - [PROD] Sending payload 170/1000 | Order Number: V4063006172
2026-06-30 21:15:24,503 - INFO - ThreadPoolExecutor-0_4 - [PROD] Payload 161/1000 sent successfully. Status Code: 200
2026-06-30 21:15:24,503 - INFO - ThreadPoolExecutor-0_4 - [PROD] Sending payload 171/1000 | Order Number: V4063006173
2026-06-30 21:15:24,708 - INFO - ThreadPoolExecutor-0_3 - [PROD] Payload 162/1000 sent successfully. Status Code: 200
2026-06-30 21:15:24,708 - INFO - ThreadPoolExecutor-0_3 - [PROD] Sending payload 172/1000 | Order Number: V4063006174
2026-06-30 21:15:24,820 - INFO - ThreadPoolExecutor-0_8 - [PROD] Payload 163/1000 sent successfully. Status Code: 200
2026-06-30 21:15:24,821 - INFO - ThreadPoolExecutor-0_8 - [PROD] Sending payload 173/1000 | Order Number: V4063006175
2026-06-30 21:15:24,954 - INFO - ThreadPoolExecutor-0_2 - [PROD] Payload 165/1000 sent successfully. Status Code: 200
2026-06-30 21:15:24,955 - INFO - ThreadPoolExecutor-0_2 - [PROD] Sending payload 174/1000 | Order Number: V4063006176
2026-06-30 21:15:24,993 - INFO - ThreadPoolExecutor-0_1 - [PROD] Payload 164/1000 sent successfully. Status Code: 200
2026-06-30 21:15:24,993 - INFO - ThreadPoolExecutor-0_1 - [PROD] Sending payload 175/1000 | Order Number: V4063006177
2026-06-30 21:15:25,312 - INFO - ThreadPoolExecutor-0_7 - [PROD] Payload 166/1000 sent successfully. Status Code: 200
2026-06-30 21:15:25,314 - INFO - ThreadPoolExecutor-0_7 - [PROD] Sending payload 176/1000 | Order Number: V4063006178
2026-06-30 21:15:25,489 - INFO - ThreadPoolExecutor-0_9 - [PROD] Payload 167/1000 sent successfully. Status Code: 200
2026-06-30 21:15:25,490 - INFO - ThreadPoolExecutor-0_9 - [PROD] Sending payload 177/1000 | Order Number: V4063006179
2026-06-30 21:15:25,768 - INFO - ThreadPoolExecutor-0_6 - [PROD] Payload 168/1000 sent successfully. Status Code: 200
2026-06-30 21:15:25,772 - INFO - ThreadPoolExecutor-0_6 - [PROD] Sending payload 178/1000 | Order Number: V4063006180
2026-06-30 21:15:26,077 - INFO - ThreadPoolExecutor-0_0 - [PROD] Payload 169/1000 sent successfully. Status Code: 200
2026-06-30 21:15:26,079 - INFO - ThreadPoolExecutor-0_0 - [PROD] Sending payload 179/1000 | Order Number: V4063006181
2026-06-30 21:15:26,241 - INFO - ThreadPoolExecutor-0_5 - [PROD] Payload 170/1000 sent successfully. Status Code: 200
2026-06-30 21:15:26,242 - INFO - ThreadPoolExecutor-0_5 - [PROD] Sending payload 180/1000 | Order Number: V4063006182
2026-06-30 21:15:26,446 - INFO - ThreadPoolExecutor-0_4 - [PROD] Payload 171/1000 sent successfully. Status Code: 200
2026-06-30 21:15:26,448 - INFO - ThreadPoolExecutor-0_4 - [PROD] Sending payload 181/1000 | Order Number: V4063006183
2026-06-30 21:15:26,570 - INFO - ThreadPoolExecutor-0_3 - [PROD] Payload 172/1000 sent successfully. Status Code: 200
2026-06-30 21:15:26,570 - INFO - ThreadPoolExecutor-0_3 - [PROD] Sending payload 182/1000 | Order Number: V4063006184
2026-06-30 21:15:26,698 - INFO - ThreadPoolExecutor-0_8 - [PROD] Payload 173/1000 sent successfully. Status Code: 200
2026-06-30 21:15:26,700 - INFO - ThreadPoolExecutor-0_8 - [PROD] Sending payload 183/1000 | Order Number: V4063006185
2026-06-30 21:15:26,814 - INFO - ThreadPoolExecutor-0_1 - [PROD] Payload 175/1000 sent successfully. Status Code: 200
2026-06-30 21:15:26,815 - INFO - ThreadPoolExecutor-0_2 - [PROD] Payload 174/1000 sent successfully. Status Code: 200
2026-06-30 21:15:26,817 - INFO - ThreadPoolExecutor-0_2 - [PROD] Sending payload 184/1000 | Order Number: V4063006186
2026-06-30 21:15:26,818 - INFO - ThreadPoolExecutor-0_1 - [PROD] Sending payload 185/1000 | Order Number: V4063006187
2026-06-30 21:15:27,165 - INFO - ThreadPoolExecutor-0_7 - [PROD] Payload 176/1000 sent successfully. Status Code: 200
2026-06-30 21:15:27,166 - INFO - ThreadPoolExecutor-0_7 - [PROD] Sending payload 186/1000 | Order Number: V4063006188
2026-06-30 21:15:27,356 - INFO - ThreadPoolExecutor-0_9 - [PROD] Payload 177/1000 sent successfully. Status Code: 200
2026-06-30 21:15:27,360 - INFO - ThreadPoolExecutor-0_9 - [PROD] Sending payload 187/1000 | Order Number: V4063006189
2026-06-30 21:15:27,794 - INFO - ThreadPoolExecutor-0_6 - [PROD] Payload 178/1000 sent successfully. Status Code: 200
2026-06-30 21:15:27,795 - INFO - ThreadPoolExecutor-0_6 - [PROD] Sending payload 188/1000 | Order Number: V4063006190
2026-06-30 21:15:27,883 - INFO - ThreadPoolExecutor-0_0 - [PROD] Payload 179/1000 sent successfully. Status Code: 200
2026-06-30 21:15:27,885 - INFO - ThreadPoolExecutor-0_0 - [PROD] Sending payload 189/1000 | Order Number: V4063006191
2026-06-30 21:15:28,075 - INFO - ThreadPoolExecutor-0_5 - [PROD] Payload 180/1000 sent successfully. Status Code: 200
2026-06-30 21:15:28,076 - INFO - ThreadPoolExecutor-0_5 - [PROD] Sending payload 190/1000 | Order Number: V4063006192
2026-06-30 21:15:28,388 - INFO - ThreadPoolExecutor-0_3 - [PROD] Payload 182/1000 sent successfully. Status Code: 200
2026-06-30 21:15:28,390 - INFO - ThreadPoolExecutor-0_3 - [PROD] Sending payload 191/1000 | Order Number: V4063006193
2026-06-30 21:15:28,543 - INFO - ThreadPoolExecutor-0_8 - [PROD] Payload 183/1000 sent successfully. Status Code: 200
2026-06-30 21:15:28,544 - INFO - ThreadPoolExecutor-0_8 - [PROD] Sending payload 192/1000 | Order Number: V4063006194
2026-06-30 21:15:28,570 - INFO - ThreadPoolExecutor-0_4 - [PROD] Payload 181/1000 sent successfully. Status Code: 200
2026-06-30 21:15:28,570 - INFO - ThreadPoolExecutor-0_4 - [PROD] Sending payload 193/1000 | Order Number: V4063006195
2026-06-30 21:15:28,675 - INFO - ThreadPoolExecutor-0_1 - [PROD] Payload 185/1000 sent successfully. Status Code: 200
2026-06-30 21:15:28,677 - INFO - ThreadPoolExecutor-0_1 - [PROD] Sending payload 194/1000 | Order Number: V4063006196
2026-06-30 21:15:28,757 - INFO - ThreadPoolExecutor-0_2 - [PROD] Payload 184/1000 sent successfully. Status Code: 200
2026-06-30 21:15:28,759 - INFO - ThreadPoolExecutor-0_2 - [PROD] Sending payload 195/1000 | Order Number: V4063006197
2026-06-30 21:15:29,003 - INFO - ThreadPoolExecutor-0_7 - [PROD] Payload 186/1000 sent successfully. Status Code: 200
2026-06-30 21:15:29,004 - INFO - ThreadPoolExecutor-0_7 - [PROD] Sending payload 196/1000 | Order Number: V4063006198
2026-06-30 21:15:29,205 - INFO - ThreadPoolExecutor-0_9 - [PROD] Payload 187/1000 sent successfully. Status Code: 200
2026-06-30 21:15:29,207 - INFO - ThreadPoolExecutor-0_9 - [PROD] Sending payload 197/1000 | Order Number: V4063006199
2026-06-30 21:15:29,711 - INFO - ThreadPoolExecutor-0_6 - [PROD] Payload 188/1000 sent successfully. Status Code: 200
2026-06-30 21:15:29,712 - INFO - ThreadPoolExecutor-0_6 - [PROD] Sending payload 198/1000 | Order Number: V4063006200
2026-06-30 21:15:29,892 - INFO - ThreadPoolExecutor-0_5 - [PROD] Payload 190/1000 sent successfully. Status Code: 200
2026-06-30 21:15:29,895 - INFO - ThreadPoolExecutor-0_5 - [PROD] Sending payload 199/1000 | Order Number: V4063006201
2026-06-30 21:15:30,080 - INFO - ThreadPoolExecutor-0_0 - [PROD] Payload 189/1000 sent successfully. Status Code: 200
2026-06-30 21:15:30,082 - INFO - ThreadPoolExecutor-0_0 - [PROD] Sending payload 200/1000 | Order Number: V4063006202
2026-06-30 21:15:30,199 - INFO - ThreadPoolExecutor-0_3 - [PROD] Payload 191/1000 sent successfully. Status Code: 200
2026-06-30 21:15:30,199 - INFO - ThreadPoolExecutor-0_3 - [PROD] Sending payload 201/1000 | Order Number: V4063006203
2026-06-30 21:15:30,418 - INFO - ThreadPoolExecutor-0_4 - [PROD] Payload 193/1000 sent successfully. Status Code: 200
2026-06-30 21:15:30,419 - INFO - ThreadPoolExecutor-0_4 - [PROD] Sending payload 202/1000 | Order Number: V4063006204
2026-06-30 21:15:30,431 - INFO - ThreadPoolExecutor-0_8 - [PROD] Payload 192/1000 sent successfully. Status Code: 200
2026-06-30 21:15:30,431 - INFO - ThreadPoolExecutor-0_8 - [PROD] Sending payload 203/1000 | Order Number: V4063006205
2026-06-30 21:15:30,631 - INFO - ThreadPoolExecutor-0_1 - [PROD] Payload 194/1000 sent successfully. Status Code: 200
2026-06-30 21:15:30,634 - INFO - ThreadPoolExecutor-0_1 - [PROD] Sending payload 204/1000 | Order Number: V4063006206
2026-06-30 21:15:30,685 - INFO - ThreadPoolExecutor-0_2 - [PROD] Payload 195/1000 sent successfully. Status Code: 200
2026-06-30 21:15:30,686 - INFO - ThreadPoolExecutor-0_2 - [PROD] Sending payload 205/1000 | Order Number: V4063006207
2026-06-30 21:15:30,858 - INFO - ThreadPoolExecutor-0_7 - [PROD] Payload 196/1000 sent successfully. Status Code: 200
2026-06-30 21:15:30,860 - INFO - ThreadPoolExecutor-0_7 - [PROD] Sending payload 206/1000 | Order Number: V4063006208
2026-06-30 21:15:31,009 - INFO - ThreadPoolExecutor-0_9 - [PROD] Payload 197/1000 sent successfully. Status Code: 200
2026-06-30 21:15:31,011 - INFO - ThreadPoolExecutor-0_9 - [PROD] Sending payload 207/1000 | Order Number: V4063006209
2026-06-30 21:15:31,515 - INFO - ThreadPoolExecutor-0_6 - [PROD] Payload 198/1000 sent successfully. Status Code: 200
2026-06-30 21:15:31,516 - INFO - ThreadPoolExecutor-0_6 - [PROD] Sending payload 208/1000 | Order Number: V4063006210
2026-06-30 21:15:31,729 - INFO - ThreadPoolExecutor-0_5 - [PROD] Payload 199/1000 sent successfully. Status Code: 200
2026-06-30 21:15:31,730 - INFO - ThreadPoolExecutor-0_5 - [PROD] Sending payload 209/1000 | Order Number: V4063006211
2026-06-30 21:15:31,857 - INFO - ThreadPoolExecutor-0_0 - [PROD] Payload 200/1000 sent successfully. Status Code: 200
2026-06-30 21:15:31,858 - INFO - ThreadPoolExecutor-0_0 - [PROD] Sending payload 210/1000 | Order Number: V4063006212
2026-06-30 21:15:32,063 - INFO - ThreadPoolExecutor-0_3 - [PROD] Payload 201/1000 sent successfully. Status Code: 200
2026-06-30 21:15:32,065 - INFO - ThreadPoolExecutor-0_3 - [PROD] Sending payload 211/1000 | Order Number: V4063006213
2026-06-30 21:15:32,247 - INFO - ThreadPoolExecutor-0_8 - [PROD] Payload 203/1000 sent successfully. Status Code: 200
2026-06-30 21:15:32,249 - INFO - ThreadPoolExecutor-0_8 - [PROD] Sending payload 212/1000 | Order Number: V4063006214
2026-06-30 21:15:32,302 - INFO - ThreadPoolExecutor-0_4 - [PROD] Payload 202/1000 sent successfully. Status Code: 200
2026-06-30 21:15:32,303 - INFO - ThreadPoolExecutor-0_4 - [PROD] Sending payload 213/1000 | Order Number: V4063006215
2026-06-30 21:15:32,479 - INFO - ThreadPoolExecutor-0_1 - [PROD] Payload 204/1000 sent successfully. Status Code: 200
2026-06-30 21:15:32,481 - INFO - ThreadPoolExecutor-0_1 - [PROD] Sending payload 214/1000 | Order Number: V4063006216
2026-06-30 21:15:32,782 - INFO - ThreadPoolExecutor-0_7 - [PROD] Payload 206/1000 sent successfully. Status Code: 200
2026-06-30 21:15:32,784 - INFO - ThreadPoolExecutor-0_7 - [PROD] Sending payload 215/1000 | Order Number: V4063006217
2026-06-30 21:15:32,804 - INFO - ThreadPoolExecutor-0_9 - [PROD] Payload 207/1000 sent successfully. Status Code: 200
2026-06-30 21:15:32,804 - INFO - ThreadPoolExecutor-0_9 - [PROD] Sending payload 216/1000 | Order Number: V4063006218
2026-06-30 21:15:33,171 - INFO - ThreadPoolExecutor-0_2 - [PROD] Payload 205/1000 sent successfully. Status Code: 200
2026-06-30 21:15:33,172 - INFO - ThreadPoolExecutor-0_2 - [PROD] Sending payload 217/1000 | Order Number: V4063006219
2026-06-30 21:15:33,365 - INFO - ThreadPoolExecutor-0_6 - [PROD] Payload 208/1000 sent successfully. Status Code: 200
2026-06-30 21:15:33,366 - INFO - ThreadPoolExecutor-0_6 - [PROD] Sending payload 218/1000 | Order Number: V4063006220
2026-06-30 21:15:33,611 - INFO - ThreadPoolExecutor-0_5 - [PROD] Payload 209/1000 sent successfully. Status Code: 200
2026-06-30 21:15:33,612 - INFO - ThreadPoolExecutor-0_5 - [PROD] Sending payload 219/1000 | Order Number: V4063006221
2026-06-30 21:15:33,763 - INFO - ThreadPoolExecutor-0_0 - [PROD] Payload 210/1000 sent successfully. Status Code: 200
2026-06-30 21:15:33,765 - INFO - ThreadPoolExecutor-0_0 - [PROD] Sending payload 220/1000 | Order Number: V4063006222
2026-06-30 21:15:34,047 - INFO - ThreadPoolExecutor-0_3 - [PROD] Payload 211/1000 sent successfully. Status Code: 200
2026-06-30 21:15:34,049 - INFO - ThreadPoolExecutor-0_3 - [PROD] Sending payload 221/1000 | Order Number: V4063006223
2026-06-30 21:15:34,083 - INFO - ThreadPoolExecutor-0_8 - [PROD] Payload 212/1000 sent successfully. Status Code: 200
2026-06-30 21:15:34,084 - INFO - ThreadPoolExecutor-0_8 - [PROD] Sending payload 222/1000 | Order Number: V4063006224
2026-06-30 21:15:34,135 - INFO - ThreadPoolExecutor-0_4 - [PROD] Payload 213/1000 sent successfully. Status Code: 200
2026-06-30 21:15:34,136 - INFO - ThreadPoolExecutor-0_4 - [PROD] Sending payload 223/1000 | Order Number: V4063006225
2026-06-30 21:15:34,600 - INFO - ThreadPoolExecutor-0_9 - [PROD] Payload 216/1000 sent successfully. Status Code: 200
2026-06-30 21:15:34,602 - INFO - ThreadPoolExecutor-0_9 - [PROD] Sending payload 224/1000 | Order Number: V4063006226
2026-06-30 21:15:34,621 - INFO - ThreadPoolExecutor-0_7 - [PROD] Payload 215/1000 sent successfully. Status Code: 200
2026-06-30 21:15:34,622 - INFO - ThreadPoolExecutor-0_7 - [PROD] Sending payload 225/1000 | Order Number: V4063006227
2026-06-30 21:15:34,942 - INFO - ThreadPoolExecutor-0_2 - [PROD] Payload 217/1000 sent successfully. Status Code: 200
2026-06-30 21:15:34,944 - INFO - ThreadPoolExecutor-0_2 - [PROD] Sending payload 226/1000 | Order Number: V4063006228
2026-06-30 21:15:35,425 - INFO - ThreadPoolExecutor-0_6 - [PROD] Payload 218/1000 sent successfully. Status Code: 200
2026-06-30 21:15:35,431 - INFO - ThreadPoolExecutor-0_6 - [PROD] Sending payload 227/1000 | Order Number: V4063006229
2026-06-30 21:15:35,508 - INFO - ThreadPoolExecutor-0_1 - [PROD] Payload 214/1000 sent successfully. Status Code: 200
2026-06-30 21:15:35,510 - INFO - ThreadPoolExecutor-0_1 - [PROD] Sending payload 228/1000 | Order Number: V4063006230
2026-06-30 21:15:35,602 - INFO - ThreadPoolExecutor-0_5 - [PROD] Payload 219/1000 sent successfully. Status Code: 200
2026-06-30 21:15:35,604 - INFO - ThreadPoolExecutor-0_5 - [PROD] Sending payload 229/1000 | Order Number: V4063006231
2026-06-30 21:15:35,715 - INFO - ThreadPoolExecutor-0_0 - [PROD] Payload 220/1000 sent successfully. Status Code: 200
2026-06-30 21:15:35,716 - INFO - ThreadPoolExecutor-0_0 - [PROD] Sending payload 230/1000 | Order Number: V4063006232
2026-06-30 21:15:35,964 - INFO - ThreadPoolExecutor-0_4 - [PROD] Payload 223/1000 sent successfully. Status Code: 200
2026-06-30 21:15:35,965 - INFO - ThreadPoolExecutor-0_4 - [PROD] Sending payload 231/1000 | Order Number: V4063006233
2026-06-30 21:15:35,998 - INFO - ThreadPoolExecutor-0_8 - [PROD] Payload 222/1000 sent successfully. Status Code: 200
2026-06-30 21:15:35,999 - INFO - ThreadPoolExecutor-0_8 - [PROD] Sending payload 232/1000 | Order Number: V4063006234
2026-06-30 21:15:36,107 - INFO - ThreadPoolExecutor-0_3 - [PROD] Payload 221/1000 sent successfully. Status Code: 200
2026-06-30 21:15:36,108 - INFO - ThreadPoolExecutor-0_3 - [PROD] Sending payload 233/1000 | Order Number: V4063006235
2026-06-30 21:15:36,467 - INFO - ThreadPoolExecutor-0_9 - [PROD] Payload 224/1000 sent successfully. Status Code: 200
2026-06-30 21:15:36,470 - INFO - ThreadPoolExecutor-0_9 - [PROD] Sending payload 234/1000 | Order Number: V4063006236
2026-06-30 21:15:36,541 - INFO - ThreadPoolExecutor-0_7 - [PROD] Payload 225/1000 sent successfully. Status Code: 200
2026-06-30 21:15:36,542 - INFO - ThreadPoolExecutor-0_7 - [PROD] Sending payload 235/1000 | Order Number: V4063006237
2026-06-30 21:15:36,786 - INFO - ThreadPoolExecutor-0_2 - [PROD] Payload 226/1000 sent successfully. Status Code: 200
2026-06-30 21:15:36,787 - INFO - ThreadPoolExecutor-0_2 - [PROD] Sending payload 236/1000 | Order Number: V4063006238
2026-06-30 21:15:37,258 - INFO - ThreadPoolExecutor-0_6 - [PROD] Payload 227/1000 sent successfully. Status Code: 200
2026-06-30 21:15:37,259 - INFO - ThreadPoolExecutor-0_6 - [PROD] Sending payload 237/1000 | Order Number: V4063006239
2026-06-30 21:15:37,449 - INFO - ThreadPoolExecutor-0_1 - [PROD] Payload 228/1000 sent successfully. Status Code: 200
2026-06-30 21:15:37,449 - INFO - ThreadPoolExecutor-0_1 - [PROD] Sending payload 238/1000 | Order Number: V4063006240
2026-06-30 21:15:37,554 - INFO - ThreadPoolExecutor-0_0 - [PROD] Payload 230/1000 sent successfully. Status Code: 200
2026-06-30 21:15:37,555 - INFO - ThreadPoolExecutor-0_0 - [PROD] Sending payload 239/1000 | Order Number: V4063006241
2026-06-30 21:15:37,730 - INFO - ThreadPoolExecutor-0_5 - [PROD] Payload 229/1000 sent successfully. Status Code: 200
2026-06-30 21:15:37,731 - INFO - ThreadPoolExecutor-0_5 - [PROD] Sending payload 240/1000 | Order Number: V4063006242
2026-06-30 21:15:37,779 - INFO - ThreadPoolExecutor-0_4 - [PROD] Payload 231/1000 sent successfully. Status Code: 200
2026-06-30 21:15:37,780 - INFO - ThreadPoolExecutor-0_4 - [PROD] Sending payload 241/1000 | Order Number: V4063006243
2026-06-30 21:15:37,933 - INFO - ThreadPoolExecutor-0_8 - [PROD] Payload 232/1000 sent successfully. Status Code: 200
2026-06-30 21:15:37,935 - INFO - ThreadPoolExecutor-0_8 - [PROD] Sending payload 242/1000 | Order Number: V4063006244
2026-06-30 21:15:38,165 - INFO - ThreadPoolExecutor-0_3 - [PROD] Payload 233/1000 sent successfully. Status Code: 200
2026-06-30 21:15:38,167 - INFO - ThreadPoolExecutor-0_3 - [PROD] Sending payload 243/1000 | Order Number: V4063006245
2026-06-30 21:15:38,316 - INFO - ThreadPoolExecutor-0_9 - [PROD] Payload 234/1000 sent successfully. Status Code: 200
2026-06-30 21:15:38,318 - INFO - ThreadPoolExecutor-0_9 - [PROD] Sending payload 244/1000 | Order Number: V4063006246
2026-06-30 21:15:38,413 - INFO - ThreadPoolExecutor-0_7 - [PROD] Payload 235/1000 sent successfully. Status Code: 200
2026-06-30 21:15:38,414 - INFO - ThreadPoolExecutor-0_7 - [PROD] Sending payload 245/1000 | Order Number: V4063006247
2026-06-30 21:15:38,566 - INFO - ThreadPoolExecutor-0_2 - [PROD] Payload 236/1000 sent successfully. Status Code: 200
2026-06-30 21:15:38,567 - INFO - ThreadPoolExecutor-0_2 - [PROD] Sending payload 246/1000 | Order Number: V4063006248
2026-06-30 21:15:39,104 - INFO - ThreadPoolExecutor-0_6 - [PROD] Payload 237/1000 sent successfully. Status Code: 200
2026-06-30 21:15:39,105 - INFO - ThreadPoolExecutor-0_6 - [PROD] Sending payload 247/1000 | Order Number: V4063006249
2026-06-30 21:15:39,288 - INFO - ThreadPoolExecutor-0_1 - [PROD] Payload 238/1000 sent successfully. Status Code: 200
2026-06-30 21:15:39,290 - INFO - ThreadPoolExecutor-0_1 - [PROD] Sending payload 248/1000 | Order Number: V4063006250
2026-06-30 21:15:39,346 - INFO - ThreadPoolExecutor-0_0 - [PROD] Payload 239/1000 sent successfully. Status Code: 200
2026-06-30 21:15:39,347 - INFO - ThreadPoolExecutor-0_0 - [PROD] Sending payload 249/1000 | Order Number: V4063006251
2026-06-30 21:15:39,633 - INFO - ThreadPoolExecutor-0_5 - [PROD] Payload 240/1000 sent successfully. Status Code: 200
2026-06-30 21:15:39,634 - INFO - ThreadPoolExecutor-0_5 - [PROD] Sending payload 250/1000 | Order Number: V4063006252
2026-06-30 21:15:39,650 - INFO - ThreadPoolExecutor-0_4 - [PROD] Payload 241/1000 sent successfully. Status Code: 200
2026-06-30 21:15:39,651 - INFO - ThreadPoolExecutor-0_4 - [PROD] Sending payload 251/1000 | Order Number: V4063006253
2026-06-30 21:15:39,787 - INFO - ThreadPoolExecutor-0_8 - [PROD] Payload 242/1000 sent successfully. Status Code: 200
2026-06-30 21:15:39,789 - INFO - ThreadPoolExecutor-0_8 - [PROD] Sending payload 252/1000 | Order Number: V4063006254
2026-06-30 21:15:39,974 - INFO - ThreadPoolExecutor-0_3 - [PROD] Payload 243/1000 sent successfully. Status Code: 200
2026-06-30 21:15:39,975 - INFO - ThreadPoolExecutor-0_3 - [PROD] Sending payload 253/1000 | Order Number: V4063006255
2026-06-30 21:15:40,184 - INFO - ThreadPoolExecutor-0_9 - [PROD] Payload 244/1000 sent successfully. Status Code: 200
2026-06-30 21:15:40,186 - INFO - ThreadPoolExecutor-0_9 - [PROD] Sending payload 254/1000 | Order Number: V4063006256
2026-06-30 21:15:40,296 - INFO - ThreadPoolExecutor-0_7 - [PROD] Payload 245/1000 sent successfully. Status Code: 200
2026-06-30 21:15:40,298 - INFO - ThreadPoolExecutor-0_7 - [PROD] Sending payload 255/1000 | Order Number: V4063006257
2026-06-30 21:15:40,474 - INFO - ThreadPoolExecutor-0_2 - [PROD] Payload 246/1000 sent successfully. Status Code: 200
2026-06-30 21:15:40,476 - INFO - ThreadPoolExecutor-0_2 - [PROD] Sending payload 256/1000 | Order Number: V4063006258
2026-06-30 21:15:40,964 - INFO - ThreadPoolExecutor-0_6 - [PROD] Payload 247/1000 sent successfully. Status Code: 200
2026-06-30 21:15:40,965 - INFO - ThreadPoolExecutor-0_6 - [PROD] Sending payload 257/1000 | Order Number: V4063006259
2026-06-30 21:15:41,210 - INFO - ThreadPoolExecutor-0_1 - [PROD] Payload 248/1000 sent successfully. Status Code: 200
2026-06-30 21:15:41,211 - INFO - ThreadPoolExecutor-0_1 - [PROD] Sending payload 258/1000 | Order Number: V4063006260
2026-06-30 21:15:41,337 - INFO - ThreadPoolExecutor-0_0 - [PROD] Payload 249/1000 sent successfully. Status Code: 200
2026-06-30 21:15:41,338 - INFO - ThreadPoolExecutor-0_0 - [PROD] Sending payload 259/1000 | Order Number: V4063006261
2026-06-30 21:15:41,483 - INFO - ThreadPoolExecutor-0_4 - [PROD] Payload 251/1000 sent successfully. Status Code: 200
2026-06-30 21:15:41,486 - INFO - ThreadPoolExecutor-0_4 - [PROD] Sending payload 260/1000 | Order Number: V4063006262
2026-06-30 21:15:41,619 - INFO - ThreadPoolExecutor-0_8 - [PROD] Payload 252/1000 sent successfully. Status Code: 200
2026-06-30 21:15:41,620 - INFO - ThreadPoolExecutor-0_8 - [PROD] Sending payload 261/1000 | Order Number: V4063006263
2026-06-30 21:15:41,654 - INFO - ThreadPoolExecutor-0_5 - [PROD] Payload 250/1000 sent successfully. Status Code: 200
2026-06-30 21:15:41,654 - INFO - ThreadPoolExecutor-0_5 - [PROD] Sending payload 262/1000 | Order Number: V4063006264
2026-06-30 21:15:41,781 - INFO - ThreadPoolExecutor-0_3 - [PROD] Payload 253/1000 sent successfully. Status Code: 200
2026-06-30 21:15:41,783 - INFO - ThreadPoolExecutor-0_3 - [PROD] Sending payload 263/1000 | Order Number: V4063006265
2026-06-30 21:15:42,076 - INFO - ThreadPoolExecutor-0_9 - [PROD] Payload 254/1000 sent successfully. Status Code: 200
2026-06-30 21:15:42,078 - INFO - ThreadPoolExecutor-0_9 - [PROD] Sending payload 264/1000 | Order Number: V4063006266
2026-06-30 21:15:42,328 - INFO - ThreadPoolExecutor-0_2 - [PROD] Payload 256/1000 sent successfully. Status Code: 200
2026-06-30 21:15:42,329 - INFO - ThreadPoolExecutor-0_2 - [PROD] Sending payload 265/1000 | Order Number: V4063006267
2026-06-30 21:15:42,519 - INFO - ThreadPoolExecutor-0_7 - [PROD] Payload 255/1000 sent successfully. Status Code: 200
2026-06-30 21:15:42,521 - INFO - ThreadPoolExecutor-0_7 - [PROD] Sending payload 266/1000 | Order Number: V4063006268
2026-06-30 21:15:42,875 - INFO - ThreadPoolExecutor-0_6 - [PROD] Payload 257/1000 sent successfully. Status Code: 200
2026-06-30 21:15:42,877 - INFO - ThreadPoolExecutor-0_6 - [PROD] Sending payload 267/1000 | Order Number: V4063006269
2026-06-30 21:15:43,151 - INFO - ThreadPoolExecutor-0_1 - [PROD] Payload 258/1000 sent successfully. Status Code: 200
2026-06-30 21:15:43,154 - INFO - ThreadPoolExecutor-0_1 - [PROD] Sending payload 268/1000 | Order Number: V4063006270
2026-06-30 21:15:43,201 - INFO - ThreadPoolExecutor-0_0 - [PROD] Payload 259/1000 sent successfully. Status Code: 200
2026-06-30 21:15:43,202 - INFO - ThreadPoolExecutor-0_0 - [PROD] Sending payload 269/1000 | Order Number: V4063006271
2026-06-30 21:15:43,368 - INFO - ThreadPoolExecutor-0_4 - [PROD] Payload 260/1000 sent successfully. Status Code: 200
2026-06-30 21:15:43,370 - INFO - ThreadPoolExecutor-0_4 - [PROD] Sending payload 270/1000 | Order Number: V4063006272
2026-06-30 21:15:43,436 - INFO - ThreadPoolExecutor-0_8 - [PROD] Payload 261/1000 sent successfully. Status Code: 200
2026-06-30 21:15:43,438 - INFO - ThreadPoolExecutor-0_8 - [PROD] Sending payload 271/1000 | Order Number: V4063006273
2026-06-30 21:15:43,439 - INFO - ThreadPoolExecutor-0_5 - [PROD] Payload 262/1000 sent successfully. Status Code: 200
2026-06-30 21:15:43,440 - INFO - ThreadPoolExecutor-0_5 - [PROD] Sending payload 272/1000 | Order Number: V4063006274
2026-06-30 21:15:43,600 - INFO - ThreadPoolExecutor-0_3 - [PROD] Payload 263/1000 sent successfully. Status Code: 200
2026-06-30 21:15:43,601 - INFO - ThreadPoolExecutor-0_3 - [PROD] Sending payload 273/1000 | Order Number: V4063006275
2026-06-30 21:15:43,915 - INFO - ThreadPoolExecutor-0_9 - [PROD] Payload 264/1000 sent successfully. Status Code: 200
2026-06-30 21:15:43,917 - INFO - ThreadPoolExecutor-0_9 - [PROD] Sending payload 274/1000 | Order Number: V4063006276
2026-06-30 21:15:44,221 - INFO - ThreadPoolExecutor-0_2 - [PROD] Payload 265/1000 sent successfully. Status Code: 200
2026-06-30 21:15:44,223 - INFO - ThreadPoolExecutor-0_2 - [PROD] Sending payload 275/1000 | Order Number: V4063006277
2026-06-30 21:15:44,326 - INFO - ThreadPoolExecutor-0_7 - [PROD] Payload 266/1000 sent successfully. Status Code: 200
2026-06-30 21:15:44,328 - INFO - ThreadPoolExecutor-0_7 - [PROD] Sending payload 276/1000 | Order Number: V4063006278
2026-06-30 21:15:44,838 - INFO - ThreadPoolExecutor-0_6 - [PROD] Payload 267/1000 sent successfully. Status Code: 200
2026-06-30 21:15:44,839 - INFO - ThreadPoolExecutor-0_6 - [PROD] Sending payload 277/1000 | Order Number: V4063006279
2026-06-30 21:15:45,006 - INFO - ThreadPoolExecutor-0_1 - [PROD] Payload 268/1000 sent successfully. Status Code: 200
2026-06-30 21:15:45,008 - INFO - ThreadPoolExecutor-0_1 - [PROD] Sending payload 278/1000 | Order Number: V4063006280
2026-06-30 21:15:45,238 - INFO - ThreadPoolExecutor-0_0 - [PROD] Payload 269/1000 sent successfully. Status Code: 200
2026-06-30 21:15:45,240 - INFO - ThreadPoolExecutor-0_0 - [PROD] Sending payload 279/1000 | Order Number: V4063006281
2026-06-30 21:15:45,256 - INFO - ThreadPoolExecutor-0_4 - [PROD] Payload 270/1000 sent successfully. Status Code: 200
2026-06-30 21:15:45,257 - INFO - ThreadPoolExecutor-0_4 - [PROD] Sending payload 280/1000 | Order Number: V4063006282
2026-06-30 21:15:45,368 - INFO - ThreadPoolExecutor-0_8 - [PROD] Payload 271/1000 sent successfully. Status Code: 200
2026-06-30 21:15:45,370 - INFO - ThreadPoolExecutor-0_8 - [PROD] Sending payload 281/1000 | Order Number: V4063006283
2026-06-30 21:15:45,486 - INFO - ThreadPoolExecutor-0_5 - [PROD] Payload 272/1000 sent successfully. Status Code: 200
2026-06-30 21:15:45,488 - INFO - ThreadPoolExecutor-0_5 - [PROD] Sending payload 282/1000 | Order Number: V4063006284
2026-06-30 21:15:45,690 - INFO - ThreadPoolExecutor-0_3 - [PROD] Payload 273/1000 sent successfully. Status Code: 200
2026-06-30 21:15:45,692 - INFO - ThreadPoolExecutor-0_3 - [PROD] Sending payload 283/1000 | Order Number: V4063006285
2026-06-30 21:15:45,775 - INFO - ThreadPoolExecutor-0_9 - [PROD] Payload 274/1000 sent successfully. Status Code: 200
2026-06-30 21:15:45,777 - INFO - ThreadPoolExecutor-0_9 - [PROD] Sending payload 284/1000 | Order Number: V4063006286
2026-06-30 21:15:46,089 - INFO - ThreadPoolExecutor-0_2 - [PROD] Payload 275/1000 sent successfully. Status Code: 200
2026-06-30 21:15:46,090 - INFO - ThreadPoolExecutor-0_2 - [PROD] Sending payload 285/1000 | Order Number: V4063006287
2026-06-30 21:15:46,150 - INFO - ThreadPoolExecutor-0_7 - [PROD] Payload 276/1000 sent successfully. Status Code: 200
2026-06-30 21:15:46,151 - INFO - ThreadPoolExecutor-0_7 - [PROD] Sending payload 286/1000 | Order Number: V4063006288
2026-06-30 21:15:46,694 - INFO - ThreadPoolExecutor-0_6 - [PROD] Payload 277/1000 sent successfully. Status Code: 200
2026-06-30 21:15:46,694 - INFO - ThreadPoolExecutor-0_6 - [PROD] Sending payload 287/1000 | Order Number: V4063006289
2026-06-30 21:15:46,825 - INFO - ThreadPoolExecutor-0_1 - [PROD] Payload 278/1000 sent successfully. Status Code: 200
2026-06-30 21:15:46,826 - INFO - ThreadPoolExecutor-0_1 - [PROD] Sending payload 288/1000 | Order Number: V4063006290
2026-06-30 21:15:47,059 - INFO - ThreadPoolExecutor-0_0 - [PROD] Payload 279/1000 sent successfully. Status Code: 200
2026-06-30 21:15:47,061 - INFO - ThreadPoolExecutor-0_0 - [PROD] Sending payload 289/1000 | Order Number: V4063006291
2026-06-30 21:15:47,253 - INFO - ThreadPoolExecutor-0_8 - [PROD] Payload 281/1000 sent successfully. Status Code: 200
2026-06-30 21:15:47,254 - INFO - ThreadPoolExecutor-0_8 - [PROD] Sending payload 290/1000 | Order Number: V4063006292
2026-06-30 21:15:47,266 - INFO - ThreadPoolExecutor-0_5 - [PROD] Payload 282/1000 sent successfully. Status Code: 200
2026-06-30 21:15:47,266 - INFO - ThreadPoolExecutor-0_5 - [PROD] Sending payload 291/1000 | Order Number: V4063006293
2026-06-30 21:15:47,435 - INFO - ThreadPoolExecutor-0_4 - [PROD] Payload 280/1000 sent successfully. Status Code: 200
2026-06-30 21:15:47,437 - INFO - ThreadPoolExecutor-0_4 - [PROD] Sending payload 292/1000 | Order Number: V4063006294
2026-06-30 21:15:47,531 - INFO - ThreadPoolExecutor-0_3 - [PROD] Payload 283/1000 sent successfully. Status Code: 200
2026-06-30 21:15:47,533 - INFO - ThreadPoolExecutor-0_3 - [PROD] Sending payload 293/1000 | Order Number: V4063006295
2026-06-30 21:15:47,648 - INFO - ThreadPoolExecutor-0_9 - [PROD] Payload 284/1000 sent successfully. Status Code: 200
2026-06-30 21:15:47,650 - INFO - ThreadPoolExecutor-0_9 - [PROD] Sending payload 294/1000 | Order Number: V4063006296
2026-06-30 21:15:47,903 - INFO - ThreadPoolExecutor-0_2 - [PROD] Payload 285/1000 sent successfully. Status Code: 200
2026-06-30 21:15:47,905 - INFO - ThreadPoolExecutor-0_2 - [PROD] Sending payload 295/1000 | Order Number: V4063006297
2026-06-30 21:15:47,936 - INFO - ThreadPoolExecutor-0_7 - [PROD] Payload 286/1000 sent successfully. Status Code: 200
2026-06-30 21:15:47,936 - INFO - ThreadPoolExecutor-0_7 - [PROD] Sending payload 296/1000 | Order Number: V4063006298
2026-06-30 21:15:48,684 - INFO - ThreadPoolExecutor-0_6 - [PROD] Payload 287/1000 sent successfully. Status Code: 200
2026-06-30 21:15:48,686 - INFO - ThreadPoolExecutor-0_1 - [PROD] Payload 288/1000 sent successfully. Status Code: 200
2026-06-30 21:15:48,687 - INFO - ThreadPoolExecutor-0_6 - [PROD] Sending payload 297/1000 | Order Number: V4063006299
2026-06-30 21:15:48,687 - INFO - ThreadPoolExecutor-0_1 - [PROD] Sending payload 298/1000 | Order Number: V4063006300
2026-06-30 21:15:48,954 - INFO - ThreadPoolExecutor-0_0 - [PROD] Payload 289/1000 sent successfully. Status Code: 200
2026-06-30 21:15:48,956 - INFO - ThreadPoolExecutor-0_0 - [PROD] Sending payload 299/1000 | Order Number: V4063006301
2026-06-30 21:15:49,112 - INFO - ThreadPoolExecutor-0_5 - [PROD] Payload 291/1000 sent successfully. Status Code: 200
2026-06-30 21:15:49,114 - INFO - ThreadPoolExecutor-0_5 - [PROD] Sending payload 300/1000 | Order Number: V4063006302
2026-06-30 21:15:49,137 - INFO - ThreadPoolExecutor-0_8 - [PROD] Payload 290/1000 sent successfully. Status Code: 200
2026-06-30 21:15:49,138 - INFO - ThreadPoolExecutor-0_8 - [PROD] Sending payload 301/1000 | Order Number: V4063006303
2026-06-30 21:15:49,396 - INFO - ThreadPoolExecutor-0_4 - [PROD] Payload 292/1000 sent successfully. Status Code: 200
2026-06-30 21:15:49,398 - INFO - ThreadPoolExecutor-0_4 - [PROD] Sending payload 302/1000 | Order Number: V4063006304
2026-06-30 21:15:49,405 - INFO - ThreadPoolExecutor-0_3 - [PROD] Payload 293/1000 sent successfully. Status Code: 200
2026-06-30 21:15:49,406 - INFO - ThreadPoolExecutor-0_3 - [PROD] Sending payload 303/1000 | Order Number: V4063006305
2026-06-30 21:15:49,440 - INFO - ThreadPoolExecutor-0_9 - [PROD] Payload 294/1000 sent successfully. Status Code: 200
2026-06-30 21:15:49,441 - INFO - ThreadPoolExecutor-0_9 - [PROD] Sending payload 304/1000 | Order Number: V4063006306
2026-06-30 21:15:49,725 - INFO - ThreadPoolExecutor-0_2 - [PROD] Payload 295/1000 sent successfully. Status Code: 200
2026-06-30 21:15:49,727 - INFO - ThreadPoolExecutor-0_2 - [PROD] Sending payload 305/1000 | Order Number: V4063006307
2026-06-30 21:15:49,816 - INFO - ThreadPoolExecutor-0_7 - [PROD] Payload 296/1000 sent successfully. Status Code: 200
2026-06-30 21:15:49,816 - INFO - ThreadPoolExecutor-0_7 - [PROD] Sending payload 306/1000 | Order Number: V4063006308
2026-06-30 21:15:50,622 - INFO - ThreadPoolExecutor-0_1 - [PROD] Payload 298/1000 sent successfully. Status Code: 200
2026-06-30 21:15:50,623 - INFO - ThreadPoolExecutor-0_1 - [PROD] Sending payload 307/1000 | Order Number: V4063006309
2026-06-30 21:15:50,626 - INFO - ThreadPoolExecutor-0_6 - [PROD] Payload 297/1000 sent successfully. Status Code: 200
2026-06-30 21:15:50,627 - INFO - ThreadPoolExecutor-0_6 - [PROD] Sending payload 308/1000 | Order Number: V4063006310
2026-06-30 21:15:50,913 - INFO - ThreadPoolExecutor-0_0 - [PROD] Payload 299/1000 sent successfully. Status Code: 200
2026-06-30 21:15:50,915 - INFO - ThreadPoolExecutor-0_0 - [PROD] Sending payload 309/1000 | Order Number: V4063006311
2026-06-30 21:15:50,963 - INFO - ThreadPoolExecutor-0_5 - [PROD] Payload 300/1000 sent successfully. Status Code: 200
2026-06-30 21:15:50,963 - INFO - ThreadPoolExecutor-0_5 - [PROD] Sending payload 310/1000 | Order Number: V4063006312
2026-06-30 21:15:51,224 - INFO - ThreadPoolExecutor-0_3 - [PROD] Payload 303/1000 sent successfully. Status Code: 200
2026-06-30 21:15:51,225 - INFO - ThreadPoolExecutor-0_3 - [PROD] Sending payload 311/1000 | Order Number: V4063006313
2026-06-30 21:15:51,228 - INFO - ThreadPoolExecutor-0_8 - [PROD] Payload 301/1000 sent successfully. Status Code: 200
2026-06-30 21:15:51,229 - INFO - ThreadPoolExecutor-0_8 - [PROD] Sending payload 312/1000 | Order Number: V4063006314
2026-06-30 21:15:51,392 - INFO - ThreadPoolExecutor-0_4 - [PROD] Payload 302/1000 sent successfully. Status Code: 200
2026-06-30 21:15:51,395 - INFO - ThreadPoolExecutor-0_4 - [PROD] Sending payload 313/1000 | Order Number: V4063006315
2026-06-30 21:15:51,430 - INFO - ThreadPoolExecutor-0_9 - [PROD] Payload 304/1000 sent successfully. Status Code: 200
2026-06-30 21:15:51,430 - INFO - ThreadPoolExecutor-0_9 - [PROD] Sending payload 314/1000 | Order Number: V4063006316
2026-06-30 21:15:51,621 - INFO - ThreadPoolExecutor-0_2 - [PROD] Payload 305/1000 sent successfully. Status Code: 200
2026-06-30 21:15:51,623 - INFO - ThreadPoolExecutor-0_2 - [PROD] Sending payload 315/1000 | Order Number: V4063006317
2026-06-30 21:15:51,680 - INFO - ThreadPoolExecutor-0_7 - [PROD] Payload 306/1000 sent successfully. Status Code: 200
2026-06-30 21:15:51,681 - INFO - ThreadPoolExecutor-0_7 - [PROD] Sending payload 316/1000 | Order Number: V4063006318
2026-06-30 21:15:52,440 - INFO - ThreadPoolExecutor-0_6 - [PROD] Payload 308/1000 sent successfully. Status Code: 200
2026-06-30 21:15:52,442 - INFO - ThreadPoolExecutor-0_6 - [PROD] Sending payload 317/1000 | Order Number: V4063006319
2026-06-30 21:15:52,552 - INFO - ThreadPoolExecutor-0_1 - [PROD] Payload 307/1000 sent successfully. Status Code: 200
2026-06-30 21:15:52,553 - INFO - ThreadPoolExecutor-0_1 - [PROD] Sending payload 318/1000 | Order Number: V4063006320
2026-06-30 21:15:52,891 - INFO - ThreadPoolExecutor-0_5 - [PROD] Payload 310/1000 sent successfully. Status Code: 200
2026-06-30 21:15:52,892 - INFO - ThreadPoolExecutor-0_5 - [PROD] Sending payload 319/1000 | Order Number: V4063006321
2026-06-30 21:15:52,922 - INFO - ThreadPoolExecutor-0_0 - [PROD] Payload 309/1000 sent successfully. Status Code: 200
2026-06-30 21:15:52,923 - INFO - ThreadPoolExecutor-0_0 - [PROD] Sending payload 320/1000 | Order Number: V4063006322
2026-06-30 21:15:53,069 - INFO - ThreadPoolExecutor-0_3 - [PROD] Payload 311/1000 sent successfully. Status Code: 200
2026-06-30 21:15:53,071 - INFO - ThreadPoolExecutor-0_3 - [PROD] Sending payload 321/1000 | Order Number: V4063006323
2026-06-30 21:15:53,129 - INFO - ThreadPoolExecutor-0_8 - [PROD] Payload 312/1000 sent successfully. Status Code: 200
2026-06-30 21:15:53,130 - INFO - ThreadPoolExecutor-0_8 - [PROD] Sending payload 322/1000 | Order Number: V4063006324
2026-06-30 21:15:53,224 - INFO - ThreadPoolExecutor-0_9 - [PROD] Payload 314/1000 sent successfully. Status Code: 200
2026-06-30 21:15:53,226 - INFO - ThreadPoolExecutor-0_9 - [PROD] Sending payload 323/1000 | Order Number: V4063006325
2026-06-30 21:15:53,332 - INFO - ThreadPoolExecutor-0_4 - [PROD] Payload 313/1000 sent successfully. Status Code: 200
2026-06-30 21:15:53,335 - INFO - ThreadPoolExecutor-0_4 - [PROD] Sending payload 324/1000 | Order Number: V4063006326
2026-06-30 21:15:53,494 - INFO - ThreadPoolExecutor-0_2 - [PROD] Payload 315/1000 sent successfully. Status Code: 200
2026-06-30 21:15:53,496 - INFO - ThreadPoolExecutor-0_2 - [PROD] Sending payload 325/1000 | Order Number: V4063006327
2026-06-30 21:15:53,500 - INFO - ThreadPoolExecutor-0_7 - [PROD] Payload 316/1000 sent successfully. Status Code: 200
2026-06-30 21:15:53,500 - INFO - ThreadPoolExecutor-0_7 - [PROD] Sending payload 326/1000 | Order Number: V4063006328
2026-06-30 21:15:54,351 - INFO - ThreadPoolExecutor-0_6 - [PROD] Payload 317/1000 sent successfully. Status Code: 200
2026-06-30 21:15:54,353 - INFO - ThreadPoolExecutor-0_6 - [PROD] Sending payload 327/1000 | Order Number: V4063006329
2026-06-30 21:15:54,390 - INFO - ThreadPoolExecutor-0_1 - [PROD] Payload 318/1000 sent successfully. Status Code: 200
2026-06-30 21:15:54,391 - INFO - ThreadPoolExecutor-0_1 - [PROD] Sending payload 328/1000 | Order Number: V4063006330
2026-06-30 21:15:54,731 - INFO - ThreadPoolExecutor-0_5 - [PROD] Payload 319/1000 sent successfully. Status Code: 200
2026-06-30 21:15:54,731 - INFO - ThreadPoolExecutor-0_5 - [PROD] Sending payload 329/1000 | Order Number: V4063006331
2026-06-30 21:15:54,810 - INFO - ThreadPoolExecutor-0_0 - [PROD] Payload 320/1000 sent successfully. Status Code: 200
2026-06-30 21:15:54,810 - INFO - ThreadPoolExecutor-0_0 - [PROD] Sending payload 330/1000 | Order Number: V4063006332
2026-06-30 21:15:54,966 - INFO - ThreadPoolExecutor-0_3 - [PROD] Payload 321/1000 sent successfully. Status Code: 200
2026-06-30 21:15:54,967 - INFO - ThreadPoolExecutor-0_3 - [PROD] Sending payload 331/1000 | Order Number: V4063006333
2026-06-30 21:15:55,008 - INFO - ThreadPoolExecutor-0_8 - [PROD] Payload 322/1000 sent successfully. Status Code: 200
2026-06-30 21:15:55,009 - INFO - ThreadPoolExecutor-0_8 - [PROD] Sending payload 332/1000 | Order Number: V4063006334
2026-06-30 21:15:55,067 - INFO - ThreadPoolExecutor-0_9 - [PROD] Payload 323/1000 sent successfully. Status Code: 200
2026-06-30 21:15:55,068 - INFO - ThreadPoolExecutor-0_9 - [PROD] Sending payload 333/1000 | Order Number: V4063006335
2026-06-30 21:15:55,157 - INFO - ThreadPoolExecutor-0_4 - [PROD] Payload 324/1000 sent successfully. Status Code: 200
2026-06-30 21:15:55,158 - INFO - ThreadPoolExecutor-0_4 - [PROD] Sending payload 334/1000 | Order Number: V4063006336
2026-06-30 21:15:55,327 - INFO - ThreadPoolExecutor-0_2 - [PROD] Payload 325/1000 sent successfully. Status Code: 200
2026-06-30 21:15:55,328 - INFO - ThreadPoolExecutor-0_2 - [PROD] Sending payload 335/1000 | Order Number: V4063006337
2026-06-30 21:15:55,430 - INFO - ThreadPoolExecutor-0_7 - [PROD] Payload 326/1000 sent successfully. Status Code: 200
2026-06-30 21:15:55,432 - INFO - ThreadPoolExecutor-0_7 - [PROD] Sending payload 336/1000 | Order Number: V4063006338
2026-06-30 21:15:56,202 - INFO - ThreadPoolExecutor-0_6 - [PROD] Payload 327/1000 sent successfully. Status Code: 200
2026-06-30 21:15:56,203 - INFO - ThreadPoolExecutor-0_6 - [PROD] Sending payload 337/1000 | Order Number: V4063006339
2026-06-30 21:15:56,292 - INFO - ThreadPoolExecutor-0_1 - [PROD] Payload 328/1000 sent successfully. Status Code: 200
2026-06-30 21:15:56,293 - INFO - ThreadPoolExecutor-0_1 - [PROD] Sending payload 338/1000 | Order Number: V4063006340
2026-06-30 21:15:56,538 - INFO - ThreadPoolExecutor-0_5 - [PROD] Payload 329/1000 sent successfully. Status Code: 200
2026-06-30 21:15:56,539 - INFO - ThreadPoolExecutor-0_5 - [PROD] Sending payload 339/1000 | Order Number: V4063006341
2026-06-30 21:15:56,709 - INFO - ThreadPoolExecutor-0_0 - [PROD] Payload 330/1000 sent successfully. Status Code: 200
2026-06-30 21:15:56,710 - INFO - ThreadPoolExecutor-0_0 - [PROD] Sending payload 340/1000 | Order Number: V4063006342
2026-06-30 21:15:56,823 - INFO - ThreadPoolExecutor-0_3 - [PROD] Payload 331/1000 sent successfully. Status Code: 200
2026-06-30 21:15:56,824 - INFO - ThreadPoolExecutor-0_3 - [PROD] Sending payload 341/1000 | Order Number: V4063006343
2026-06-30 21:15:56,914 - INFO - ThreadPoolExecutor-0_8 - [PROD] Payload 332/1000 sent successfully. Status Code: 200
2026-06-30 21:15:56,915 - INFO - ThreadPoolExecutor-0_8 - [PROD] Sending payload 342/1000 | Order Number: V4063006344
2026-06-30 21:15:57,026 - INFO - ThreadPoolExecutor-0_4 - [PROD] Payload 334/1000 sent successfully. Status Code: 200
2026-06-30 21:15:57,027 - INFO - ThreadPoolExecutor-0_4 - [PROD] Sending payload 343/1000 | Order Number: V4063006345
2026-06-30 21:15:57,097 - INFO - ThreadPoolExecutor-0_9 - [PROD] Payload 333/1000 sent successfully. Status Code: 200
2026-06-30 21:15:57,099 - INFO - ThreadPoolExecutor-0_9 - [PROD] Sending payload 344/1000 | Order Number: V4063006346
2026-06-30 21:15:57,274 - INFO - ThreadPoolExecutor-0_7 - [PROD] Payload 336/1000 sent successfully. Status Code: 200
2026-06-30 21:15:57,276 - INFO - ThreadPoolExecutor-0_7 - [PROD] Sending payload 345/1000 | Order Number: V4063006347
2026-06-30 21:15:57,870 - INFO - ThreadPoolExecutor-0_2 - [PROD] Payload 335/1000 sent successfully. Status Code: 200
2026-06-30 21:15:57,872 - INFO - ThreadPoolExecutor-0_2 - [PROD] Sending payload 346/1000 | Order Number: V4063006348
2026-06-30 21:15:58,139 - INFO - ThreadPoolExecutor-0_1 - [PROD] Payload 338/1000 sent successfully. Status Code: 200
2026-06-30 21:15:58,140 - INFO - ThreadPoolExecutor-0_1 - [PROD] Sending payload 347/1000 | Order Number: V4063006349
2026-06-30 21:15:58,165 - INFO - ThreadPoolExecutor-0_6 - [PROD] Payload 337/1000 sent successfully. Status Code: 200
2026-06-30 21:15:58,166 - INFO - ThreadPoolExecutor-0_6 - [PROD] Sending payload 348/1000 | Order Number: V4063006350
2026-06-30 21:15:58,355 - INFO - ThreadPoolExecutor-0_5 - [PROD] Payload 339/1000 sent successfully. Status Code: 200
2026-06-30 21:15:58,357 - INFO - ThreadPoolExecutor-0_5 - [PROD] Sending payload 349/1000 | Order Number: V4063006351
2026-06-30 21:15:58,520 - INFO - ThreadPoolExecutor-0_0 - [PROD] Payload 340/1000 sent successfully. Status Code: 200
2026-06-30 21:15:58,522 - INFO - ThreadPoolExecutor-0_0 - [PROD] Sending payload 350/1000 | Order Number: V4063006352
2026-06-30 21:15:58,739 - INFO - ThreadPoolExecutor-0_8 - [PROD] Payload 342/1000 sent successfully. Status Code: 200
2026-06-30 21:15:58,741 - INFO - ThreadPoolExecutor-0_8 - [PROD] Sending payload 351/1000 | Order Number: V4063006353
2026-06-30 21:15:58,916 - INFO - ThreadPoolExecutor-0_4 - [PROD] Payload 343/1000 sent successfully. Status Code: 200
2026-06-30 21:15:58,918 - INFO - ThreadPoolExecutor-0_4 - [PROD] Sending payload 352/1000 | Order Number: V4063006354
2026-06-30 21:15:58,926 - INFO - ThreadPoolExecutor-0_3 - [PROD] Payload 341/1000 sent successfully. Status Code: 200
2026-06-30 21:15:58,927 - INFO - ThreadPoolExecutor-0_3 - [PROD] Sending payload 353/1000 | Order Number: V4063006355
2026-06-30 21:15:59,044 - INFO - ThreadPoolExecutor-0_9 - [PROD] Payload 344/1000 sent successfully. Status Code: 200
2026-06-30 21:15:59,046 - INFO - ThreadPoolExecutor-0_9 - [PROD] Sending payload 354/1000 | Order Number: V4063006356
2026-06-30 21:15:59,307 - INFO - ThreadPoolExecutor-0_7 - [PROD] Payload 345/1000 sent successfully. Status Code: 200
2026-06-30 21:15:59,309 - INFO - ThreadPoolExecutor-0_7 - [PROD] Sending payload 355/1000 | Order Number: V4063006357
2026-06-30 21:15:59,731 - INFO - ThreadPoolExecutor-0_2 - [PROD] Payload 346/1000 sent successfully. Status Code: 200
2026-06-30 21:15:59,733 - INFO - ThreadPoolExecutor-0_2 - [PROD] Sending payload 356/1000 | Order Number: V4063006358
2026-06-30 21:16:00,013 - INFO - ThreadPoolExecutor-0_1 - [PROD] Payload 347/1000 sent successfully. Status Code: 200
2026-06-30 21:16:00,013 - INFO - ThreadPoolExecutor-0_1 - [PROD] Sending payload 357/1000 | Order Number: V4063006359
2026-06-30 21:16:00,181 - INFO - ThreadPoolExecutor-0_6 - [PROD] Payload 348/1000 sent successfully. Status Code: 200
2026-06-30 21:16:00,182 - INFO - ThreadPoolExecutor-0_6 - [PROD] Sending payload 358/1000 | Order Number: V4063006360
2026-06-30 21:16:00,324 - INFO - ThreadPoolExecutor-0_5 - [PROD] Payload 349/1000 sent successfully. Status Code: 200
2026-06-30 21:16:00,325 - INFO - ThreadPoolExecutor-0_5 - [PROD] Sending payload 359/1000 | Order Number: V4063006361
2026-06-30 21:16:00,404 - INFO - ThreadPoolExecutor-0_0 - [PROD] Payload 350/1000 sent successfully. Status Code: 200
2026-06-30 21:16:00,405 - INFO - ThreadPoolExecutor-0_0 - [PROD] Sending payload 360/1000 | Order Number: V4063006362
2026-06-30 21:16:00,763 - INFO - ThreadPoolExecutor-0_8 - [PROD] Payload 351/1000 sent successfully. Status Code: 200
2026-06-30 21:16:00,765 - INFO - ThreadPoolExecutor-0_8 - [PROD] Sending payload 361/1000 | Order Number: V4063006363
2026-06-30 21:16:00,867 - INFO - ThreadPoolExecutor-0_4 - [PROD] Payload 352/1000 sent successfully. Status Code: 200
2026-06-30 21:16:00,869 - INFO - ThreadPoolExecutor-0_4 - [PROD] Sending payload 362/1000 | Order Number: V4063006364
2026-06-30 21:16:00,934 - INFO - ThreadPoolExecutor-0_9 - [PROD] Payload 354/1000 sent successfully. Status Code: 200
2026-06-30 21:16:00,935 - INFO - ThreadPoolExecutor-0_9 - [PROD] Sending payload 363/1000 | Order Number: V4063006365
2026-06-30 21:16:01,044 - INFO - ThreadPoolExecutor-0_3 - [PROD] Payload 353/1000 sent successfully. Status Code: 200
2026-06-30 21:16:01,046 - INFO - ThreadPoolExecutor-0_3 - [PROD] Sending payload 364/1000 | Order Number: V4063006366
2026-06-30 21:16:01,223 - INFO - ThreadPoolExecutor-0_7 - [PROD] Payload 355/1000 sent successfully. Status Code: 200
2026-06-30 21:16:01,225 - INFO - ThreadPoolExecutor-0_7 - [PROD] Sending payload 365/1000 | Order Number: V4063006367
2026-06-30 21:16:01,989 - INFO - ThreadPoolExecutor-0_2 - [PROD] Payload 356/1000 sent successfully. Status Code: 200
2026-06-30 21:16:01,990 - INFO - ThreadPoolExecutor-0_2 - [PROD] Sending payload 366/1000 | Order Number: V4063006368
2026-06-30 21:16:02,077 - INFO - ThreadPoolExecutor-0_6 - [PROD] Payload 358/1000 sent successfully. Status Code: 200
2026-06-30 21:16:02,079 - INFO - ThreadPoolExecutor-0_6 - [PROD] Sending payload 367/1000 | Order Number: V4063006369
2026-06-30 21:16:02,217 - INFO - ThreadPoolExecutor-0_1 - [PROD] Payload 357/1000 sent successfully. Status Code: 200
2026-06-30 21:16:02,219 - INFO - ThreadPoolExecutor-0_1 - [PROD] Sending payload 368/1000 | Order Number: V4063006370
2026-06-30 21:16:02,405 - INFO - ThreadPoolExecutor-0_5 - [PROD] Payload 359/1000 sent successfully. Status Code: 200
2026-06-30 21:16:02,407 - INFO - ThreadPoolExecutor-0_5 - [PROD] Sending payload 369/1000 | Order Number: V4063006371
2026-06-30 21:16:02,536 - INFO - ThreadPoolExecutor-0_0 - [PROD] Payload 360/1000 sent successfully. Status Code: 200
2026-06-30 21:16:02,538 - INFO - ThreadPoolExecutor-0_0 - [PROD] Sending payload 370/1000 | Order Number: V4063006372
2026-06-30 21:16:02,611 - INFO - ThreadPoolExecutor-0_8 - [PROD] Payload 361/1000 sent successfully. Status Code: 200
2026-06-30 21:16:02,613 - INFO - ThreadPoolExecutor-0_8 - [PROD] Sending payload 371/1000 | Order Number: V4063006373
2026-06-30 21:16:02,756 - INFO - ThreadPoolExecutor-0_4 - [PROD] Payload 362/1000 sent successfully. Status Code: 200
2026-06-30 21:16:02,757 - INFO - ThreadPoolExecutor-0_4 - [PROD] Sending payload 372/1000 | Order Number: V4063006374
2026-06-30 21:16:02,977 - INFO - ThreadPoolExecutor-0_9 - [PROD] Payload 363/1000 sent successfully. Status Code: 200
2026-06-30 21:16:02,979 - INFO - ThreadPoolExecutor-0_9 - [PROD] Sending payload 373/1000 | Order Number: V4063006375
2026-06-30 21:16:03,120 - INFO - ThreadPoolExecutor-0_7 - [PROD] Payload 365/1000 sent successfully. Status Code: 200
2026-06-30 21:16:03,121 - INFO - ThreadPoolExecutor-0_7 - [PROD] Sending payload 374/1000 | Order Number: V4063006376
2026-06-30 21:16:03,833 - INFO - ThreadPoolExecutor-0_2 - [PROD] Payload 366/1000 sent successfully. Status Code: 200
2026-06-30 21:16:03,834 - INFO - ThreadPoolExecutor-0_2 - [PROD] Sending payload 375/1000 | Order Number: V4063006377
2026-06-30 21:16:03,971 - INFO - ThreadPoolExecutor-0_3 - [PROD] Payload 364/1000 sent successfully. Status Code: 200
2026-06-30 21:16:03,974 - INFO - ThreadPoolExecutor-0_3 - [PROD] Sending payload 376/1000 | Order Number: V4063006378
2026-06-30 21:16:03,981 - INFO - ThreadPoolExecutor-0_6 - [PROD] Payload 367/1000 sent successfully. Status Code: 200
2026-06-30 21:16:03,981 - INFO - ThreadPoolExecutor-0_6 - [PROD] Sending payload 377/1000 | Order Number: V4063006379
2026-06-30 21:16:04,173 - INFO - ThreadPoolExecutor-0_1 - [PROD] Payload 368/1000 sent successfully. Status Code: 200
2026-06-30 21:16:04,174 - INFO - ThreadPoolExecutor-0_1 - [PROD] Sending payload 378/1000 | Order Number: V4063006380
2026-06-30 21:16:04,489 - INFO - ThreadPoolExecutor-0_5 - [PROD] Payload 369/1000 sent successfully. Status Code: 200
2026-06-30 21:16:04,491 - INFO - ThreadPoolExecutor-0_5 - [PROD] Sending payload 379/1000 | Order Number: V4063006381
2026-06-30 21:16:04,586 - INFO - ThreadPoolExecutor-0_8 - [PROD] Payload 371/1000 sent successfully. Status Code: 200
2026-06-30 21:16:04,587 - INFO - ThreadPoolExecutor-0_8 - [PROD] Sending payload 380/1000 | Order Number: V4063006382
2026-06-30 21:16:04,607 - INFO - ThreadPoolExecutor-0_4 - [PROD] Payload 372/1000 sent successfully. Status Code: 200
2026-06-30 21:16:04,607 - INFO - ThreadPoolExecutor-0_4 - [PROD] Sending payload 381/1000 | Order Number: V4063006383
2026-06-30 21:16:04,675 - INFO - ThreadPoolExecutor-0_0 - [PROD] Payload 370/1000 sent successfully. Status Code: 200
2026-06-30 21:16:04,676 - INFO - ThreadPoolExecutor-0_0 - [PROD] Sending payload 382/1000 | Order Number: V4063006384
2026-06-30 21:16:04,939 - INFO - ThreadPoolExecutor-0_7 - [PROD] Payload 374/1000 sent successfully. Status Code: 200
2026-06-30 21:16:04,940 - INFO - ThreadPoolExecutor-0_7 - [PROD] Sending payload 383/1000 | Order Number: V4063006385
2026-06-30 21:16:05,047 - INFO - ThreadPoolExecutor-0_9 - [PROD] Payload 373/1000 sent successfully. Status Code: 200
2026-06-30 21:16:05,049 - INFO - ThreadPoolExecutor-0_9 - [PROD] Sending payload 384/1000 | Order Number: V4063006386
2026-06-30 21:16:05,777 - INFO - ThreadPoolExecutor-0_2 - [PROD] Payload 375/1000 sent successfully. Status Code: 200
2026-06-30 21:16:05,779 - INFO - ThreadPoolExecutor-0_2 - [PROD] Sending payload 385/1000 | Order Number: V4063006387
2026-06-30 21:16:05,881 - INFO - ThreadPoolExecutor-0_6 - [PROD] Payload 377/1000 sent successfully. Status Code: 200
2026-06-30 21:16:05,884 - INFO - ThreadPoolExecutor-0_6 - [PROD] Sending payload 386/1000 | Order Number: V4063006388
2026-06-30 21:16:05,920 - INFO - ThreadPoolExecutor-0_3 - [PROD] Payload 376/1000 sent successfully. Status Code: 200
2026-06-30 21:16:05,920 - INFO - ThreadPoolExecutor-0_3 - [PROD] Sending payload 387/1000 | Order Number: V4063006389
2026-06-30 21:16:06,013 - INFO - ThreadPoolExecutor-0_1 - [PROD] Payload 378/1000 sent successfully. Status Code: 200
2026-06-30 21:16:06,015 - INFO - ThreadPoolExecutor-0_1 - [PROD] Sending payload 388/1000 | Order Number: V4063006390
2026-06-30 21:16:06,325 - INFO - ThreadPoolExecutor-0_5 - [PROD] Payload 379/1000 sent successfully. Status Code: 200
2026-06-30 21:16:06,327 - INFO - ThreadPoolExecutor-0_5 - [PROD] Sending payload 389/1000 | Order Number: V4063006391
2026-06-30 21:16:06,504 - INFO - ThreadPoolExecutor-0_8 - [PROD] Payload 380/1000 sent successfully. Status Code: 200
2026-06-30 21:16:06,505 - INFO - ThreadPoolExecutor-0_8 - [PROD] Sending payload 390/1000 | Order Number: V4063006392
2026-06-30 21:16:06,546 - INFO - ThreadPoolExecutor-0_0 - [PROD] Payload 382/1000 sent successfully. Status Code: 200
2026-06-30 21:16:06,547 - INFO - ThreadPoolExecutor-0_0 - [PROD] Sending payload 391/1000 | Order Number: V4063006393
2026-06-30 21:16:06,623 - INFO - ThreadPoolExecutor-0_4 - [PROD] Payload 381/1000 sent successfully. Status Code: 200
2026-06-30 21:16:06,625 - INFO - ThreadPoolExecutor-0_4 - [PROD] Sending payload 392/1000 | Order Number: V4063006394
2026-06-30 21:16:06,865 - INFO - ThreadPoolExecutor-0_9 - [PROD] Payload 384/1000 sent successfully. Status Code: 200
2026-06-30 21:16:06,868 - INFO - ThreadPoolExecutor-0_9 - [PROD] Sending payload 393/1000 | Order Number: V4063006395
2026-06-30 21:16:06,925 - INFO - ThreadPoolExecutor-0_7 - [PROD] Payload 383/1000 sent successfully. Status Code: 200
2026-06-30 21:16:06,927 - INFO - ThreadPoolExecutor-0_7 - [PROD] Sending payload 394/1000 | Order Number: V4063006396
2026-06-30 21:16:07,624 - INFO - ThreadPoolExecutor-0_2 - [PROD] Payload 385/1000 sent successfully. Status Code: 200
2026-06-30 21:16:07,625 - INFO - ThreadPoolExecutor-0_2 - [PROD] Sending payload 395/1000 | Order Number: V4063006397
2026-06-30 21:16:07,759 - INFO - ThreadPoolExecutor-0_3 - [PROD] Payload 387/1000 sent successfully. Status Code: 200
2026-06-30 21:16:07,761 - INFO - ThreadPoolExecutor-0_3 - [PROD] Sending payload 396/1000 | Order Number: V4063006398
2026-06-30 21:16:07,798 - INFO - ThreadPoolExecutor-0_6 - [PROD] Payload 386/1000 sent successfully. Status Code: 200
2026-06-30 21:16:07,798 - INFO - ThreadPoolExecutor-0_6 - [PROD] Sending payload 397/1000 | Order Number: V4063006399
2026-06-30 21:16:08,161 - INFO - ThreadPoolExecutor-0_1 - [PROD] Payload 388/1000 sent successfully. Status Code: 200
2026-06-30 21:16:08,163 - INFO - ThreadPoolExecutor-0_1 - [PROD] Sending payload 398/1000 | Order Number: V4063006400
2026-06-30 21:16:08,164 - INFO - ThreadPoolExecutor-0_5 - [PROD] Payload 389/1000 sent successfully. Status Code: 200
2026-06-30 21:16:08,165 - INFO - ThreadPoolExecutor-0_5 - [PROD] Sending payload 399/1000 | Order Number: V4063006401
2026-06-30 21:16:08,354 - INFO - ThreadPoolExecutor-0_8 - [PROD] Payload 390/1000 sent successfully. Status Code: 200
2026-06-30 21:16:08,354 - INFO - ThreadPoolExecutor-0_0 - [PROD] Payload 391/1000 sent successfully. Status Code: 200
2026-06-30 21:16:08,356 - INFO - ThreadPoolExecutor-0_0 - [PROD] Sending payload 400/1000 | Order Number: V4063006402
2026-06-30 21:16:08,357 - INFO - ThreadPoolExecutor-0_8 - [PROD] Sending payload 401/1000 | Order Number: V4063006403
2026-06-30 21:16:08,542 - INFO - ThreadPoolExecutor-0_4 - [PROD] Payload 392/1000 sent successfully. Status Code: 200
2026-06-30 21:16:08,544 - INFO - ThreadPoolExecutor-0_4 - [PROD] Sending payload 402/1000 | Order Number: V4063006404
2026-06-30 21:16:08,714 - INFO - ThreadPoolExecutor-0_9 - [PROD] Payload 393/1000 sent successfully. Status Code: 200
2026-06-30 21:16:08,716 - INFO - ThreadPoolExecutor-0_9 - [PROD] Sending payload 403/1000 | Order Number: V4063006405
2026-06-30 21:16:08,954 - INFO - ThreadPoolExecutor-0_7 - [PROD] Payload 394/1000 sent successfully. Status Code: 200
2026-06-30 21:16:08,956 - INFO - ThreadPoolExecutor-0_7 - [PROD] Sending payload 404/1000 | Order Number: V4063006406
2026-06-30 21:16:09,431 - INFO - ThreadPoolExecutor-0_2 - [PROD] Payload 395/1000 sent successfully. Status Code: 200
2026-06-30 21:16:09,433 - INFO - ThreadPoolExecutor-0_2 - [PROD] Sending payload 405/1000 | Order Number: V4063006407
2026-06-30 21:16:09,602 - INFO - ThreadPoolExecutor-0_3 - [PROD] Payload 396/1000 sent successfully. Status Code: 200
2026-06-30 21:16:09,603 - INFO - ThreadPoolExecutor-0_3 - [PROD] Sending payload 406/1000 | Order Number: V4063006408
2026-06-30 21:16:09,614 - INFO - ThreadPoolExecutor-0_6 - [PROD] Payload 397/1000 sent successfully. Status Code: 200
2026-06-30 21:16:09,615 - INFO - ThreadPoolExecutor-0_6 - [PROD] Sending payload 407/1000 | Order Number: V4063006409
2026-06-30 21:16:10,041 - INFO - ThreadPoolExecutor-0_1 - [PROD] Payload 398/1000 sent successfully. Status Code: 200
2026-06-30 21:16:10,043 - INFO - ThreadPoolExecutor-0_1 - [PROD] Sending payload 408/1000 | Order Number: V4063006410
2026-06-30 21:16:10,095 - INFO - ThreadPoolExecutor-0_5 - [PROD] Payload 399/1000 sent successfully. Status Code: 200
2026-06-30 21:16:10,095 - INFO - ThreadPoolExecutor-0_5 - [PROD] Sending payload 409/1000 | Order Number: V4063006411
2026-06-30 21:16:10,219 - INFO - ThreadPoolExecutor-0_0 - [PROD] Payload 400/1000 sent successfully. Status Code: 200
2026-06-30 21:16:10,221 - INFO - ThreadPoolExecutor-0_0 - [PROD] Sending payload 410/1000 | Order Number: V4063006412
2026-06-30 21:16:10,322 - INFO - ThreadPoolExecutor-0_8 - [PROD] Payload 401/1000 sent successfully. Status Code: 200
2026-06-30 21:16:10,324 - INFO - ThreadPoolExecutor-0_8 - [PROD] Sending payload 411/1000 | Order Number: V4063006413
2026-06-30 21:16:10,405 - INFO - ThreadPoolExecutor-0_4 - [PROD] Payload 402/1000 sent successfully. Status Code: 200
2026-06-30 21:16:10,406 - INFO - ThreadPoolExecutor-0_4 - [PROD] Sending payload 412/1000 | Order Number: V4063006414
2026-06-30 21:16:10,505 - INFO - ThreadPoolExecutor-0_9 - [PROD] Payload 403/1000 sent successfully. Status Code: 200
2026-06-30 21:16:10,507 - INFO - ThreadPoolExecutor-0_9 - [PROD] Sending payload 413/1000 | Order Number: V4063006415
2026-06-30 21:16:10,819 - INFO - ThreadPoolExecutor-0_7 - [PROD] Payload 404/1000 sent successfully. Status Code: 200
2026-06-30 21:16:10,820 - INFO - ThreadPoolExecutor-0_7 - [PROD] Sending payload 414/1000 | Order Number: V4063006416
2026-06-30 21:16:11,469 - INFO - ThreadPoolExecutor-0_6 - [PROD] Payload 407/1000 sent successfully. Status Code: 200
2026-06-30 21:16:11,471 - INFO - ThreadPoolExecutor-0_6 - [PROD] Sending payload 415/1000 | Order Number: V4063006417
2026-06-30 21:16:11,531 - INFO - ThreadPoolExecutor-0_2 - [PROD] Payload 405/1000 sent successfully. Status Code: 200
2026-06-30 21:16:11,532 - INFO - ThreadPoolExecutor-0_3 - [PROD] Payload 406/1000 sent successfully. Status Code: 200
2026-06-30 21:16:11,532 - INFO - ThreadPoolExecutor-0_2 - [PROD] Sending payload 416/1000 | Order Number: V4063006418
2026-06-30 21:16:11,532 - INFO - ThreadPoolExecutor-0_3 - [PROD] Sending payload 417/1000 | Order Number: V4063006419
2026-06-30 21:16:11,936 - INFO - ThreadPoolExecutor-0_1 - [PROD] Payload 408/1000 sent successfully. Status Code: 200
2026-06-30 21:16:11,937 - INFO - ThreadPoolExecutor-0_1 - [PROD] Sending payload 418/1000 | Order Number: V4063006420
2026-06-30 21:16:12,087 - INFO - ThreadPoolExecutor-0_0 - [PROD] Payload 410/1000 sent successfully. Status Code: 200
2026-06-30 21:16:12,089 - INFO - ThreadPoolExecutor-0_0 - [PROD] Sending payload 419/1000 | Order Number: V4063006421
2026-06-30 21:16:12,201 - INFO - ThreadPoolExecutor-0_8 - [PROD] Payload 411/1000 sent successfully. Status Code: 200
2026-06-30 21:16:12,203 - INFO - ThreadPoolExecutor-0_8 - [PROD] Sending payload 420/1000 | Order Number: V4063006422
2026-06-30 21:16:12,223 - INFO - ThreadPoolExecutor-0_4 - [PROD] Payload 412/1000 sent successfully. Status Code: 200
2026-06-30 21:16:12,223 - INFO - ThreadPoolExecutor-0_4 - [PROD] Sending payload 421/1000 | Order Number: V4063006423
2026-06-30 21:16:12,297 - INFO - ThreadPoolExecutor-0_9 - [PROD] Payload 413/1000 sent successfully. Status Code: 200
2026-06-30 21:16:12,298 - INFO - ThreadPoolExecutor-0_9 - [PROD] Sending payload 422/1000 | Order Number: V4063006424
2026-06-30 21:16:12,396 - INFO - ThreadPoolExecutor-0_5 - [PROD] Payload 409/1000 sent successfully. Status Code: 200
2026-06-30 21:16:12,398 - INFO - ThreadPoolExecutor-0_5 - [PROD] Sending payload 423/1000 | Order Number: V4063006425
2026-06-30 21:16:12,992 - INFO - ThreadPoolExecutor-0_7 - [PROD] Payload 414/1000 sent successfully. Status Code: 200
2026-06-30 21:16:12,993 - INFO - ThreadPoolExecutor-0_7 - [PROD] Sending payload 424/1000 | Order Number: V4063006426
2026-06-30 21:16:13,325 - INFO - ThreadPoolExecutor-0_6 - [PROD] Payload 415/1000 sent successfully. Status Code: 200
2026-06-30 21:16:13,326 - INFO - ThreadPoolExecutor-0_6 - [PROD] Sending payload 425/1000 | Order Number: V4063006427
2026-06-30 21:16:13,355 - INFO - ThreadPoolExecutor-0_3 - [PROD] Payload 417/1000 sent successfully. Status Code: 200
2026-06-30 21:16:13,355 - INFO - ThreadPoolExecutor-0_3 - [PROD] Sending payload 426/1000 | Order Number: V4063006428
2026-06-30 21:16:13,393 - INFO - ThreadPoolExecutor-0_2 - [PROD] Payload 416/1000 sent successfully. Status Code: 200
2026-06-30 21:16:13,393 - INFO - ThreadPoolExecutor-0_2 - [PROD] Sending payload 427/1000 | Order Number: V4063006429
2026-06-30 21:16:13,795 - INFO - ThreadPoolExecutor-0_1 - [PROD] Payload 418/1000 sent successfully. Status Code: 200
2026-06-30 21:16:13,797 - INFO - ThreadPoolExecutor-0_1 - [PROD] Sending payload 428/1000 | Order Number: V4063006430
2026-06-30 21:16:13,911 - INFO - ThreadPoolExecutor-0_0 - [PROD] Payload 419/1000 sent successfully. Status Code: 200
2026-06-30 21:16:13,913 - INFO - ThreadPoolExecutor-0_0 - [PROD] Sending payload 429/1000 | Order Number: V4063006431
2026-06-30 21:16:14,086 - INFO - ThreadPoolExecutor-0_8 - [PROD] Payload 420/1000 sent successfully. Status Code: 200
2026-06-30 21:16:14,088 - INFO - ThreadPoolExecutor-0_8 - [PROD] Sending payload 430/1000 | Order Number: V4063006432
2026-06-30 21:16:14,125 - INFO - ThreadPoolExecutor-0_9 - [PROD] Payload 422/1000 sent successfully. Status Code: 200
2026-06-30 21:16:14,125 - INFO - ThreadPoolExecutor-0_9 - [PROD] Sending payload 431/1000 | Order Number: V4063006433
2026-06-30 21:16:14,212 - INFO - ThreadPoolExecutor-0_4 - [PROD] Payload 421/1000 sent successfully. Status Code: 200
2026-06-30 21:16:14,213 - INFO - ThreadPoolExecutor-0_4 - [PROD] Sending payload 432/1000 | Order Number: V4063006434
2026-06-30 21:16:14,390 - INFO - ThreadPoolExecutor-0_5 - [PROD] Payload 423/1000 sent successfully. Status Code: 200
2026-06-30 21:16:14,391 - INFO - ThreadPoolExecutor-0_5 - [PROD] Sending payload 433/1000 | Order Number: V4063006435
2026-06-30 21:16:14,817 - INFO - ThreadPoolExecutor-0_7 - [PROD] Payload 424/1000 sent successfully. Status Code: 200
2026-06-30 21:16:14,818 - INFO - ThreadPoolExecutor-0_7 - [PROD] Sending payload 434/1000 | Order Number: V4063006436
2026-06-30 21:16:15,200 - INFO - ThreadPoolExecutor-0_2 - [PROD] Payload 427/1000 sent successfully. Status Code: 200
2026-06-30 21:16:15,201 - INFO - ThreadPoolExecutor-0_2 - [PROD] Sending payload 435/1000 | Order Number: V4063006437
2026-06-30 21:16:15,203 - INFO - ThreadPoolExecutor-0_3 - [PROD] Payload 426/1000 sent successfully. Status Code: 200
2026-06-30 21:16:15,204 - INFO - ThreadPoolExecutor-0_3 - [PROD] Sending payload 436/1000 | Order Number: V4063006438
2026-06-30 21:16:15,218 - INFO - ThreadPoolExecutor-0_6 - [PROD] Payload 425/1000 sent successfully. Status Code: 200
2026-06-30 21:16:15,218 - INFO - ThreadPoolExecutor-0_6 - [PROD] Sending payload 437/1000 | Order Number: V4063006439
2026-06-30 21:16:15,684 - INFO - ThreadPoolExecutor-0_1 - [PROD] Payload 428/1000 sent successfully. Status Code: 200
2026-06-30 21:16:15,687 - INFO - ThreadPoolExecutor-0_1 - [PROD] Sending payload 438/1000 | Order Number: V4063006440
2026-06-30 21:16:15,745 - INFO - ThreadPoolExecutor-0_0 - [PROD] Payload 429/1000 sent successfully. Status Code: 200
2026-06-30 21:16:15,747 - INFO - ThreadPoolExecutor-0_0 - [PROD] Sending payload 439/1000 | Order Number: V4063006441
2026-06-30 21:16:15,973 - INFO - ThreadPoolExecutor-0_8 - [PROD] Payload 430/1000 sent successfully. Status Code: 200
2026-06-30 21:16:15,975 - INFO - ThreadPoolExecutor-0_8 - [PROD] Sending payload 440/1000 | Order Number: V4063006442
2026-06-30 21:16:16,012 - INFO - ThreadPoolExecutor-0_9 - [PROD] Payload 431/1000 sent successfully. Status Code: 200
2026-06-30 21:16:16,012 - INFO - ThreadPoolExecutor-0_9 - [PROD] Sending payload 441/1000 | Order Number: V4063006443
2026-06-30 21:16:16,132 - INFO - ThreadPoolExecutor-0_4 - [PROD] Payload 432/1000 sent successfully. Status Code: 200
2026-06-30 21:16:16,133 - INFO - ThreadPoolExecutor-0_4 - [PROD] Sending payload 442/1000 | Order Number: V4063006444
2026-06-30 21:16:16,262 - INFO - ThreadPoolExecutor-0_5 - [PROD] Payload 433/1000 sent successfully. Status Code: 200
2026-06-30 21:16:16,264 - INFO - ThreadPoolExecutor-0_5 - [PROD] Sending payload 443/1000 | Order Number: V4063006445
2026-06-30 21:16:16,731 - INFO - ThreadPoolExecutor-0_7 - [PROD] Payload 434/1000 sent successfully. Status Code: 200
2026-06-30 21:16:16,733 - INFO - ThreadPoolExecutor-0_7 - [PROD] Sending payload 444/1000 | Order Number: V4063006446
2026-06-30 21:16:16,980 - INFO - ThreadPoolExecutor-0_3 - [PROD] Payload 436/1000 sent successfully. Status Code: 200
2026-06-30 21:16:16,983 - INFO - ThreadPoolExecutor-0_3 - [PROD] Sending payload 445/1000 | Order Number: V4063006447
2026-06-30 21:16:17,058 - INFO - ThreadPoolExecutor-0_6 - [PROD] Payload 437/1000 sent successfully. Status Code: 200
2026-06-30 21:16:17,059 - INFO - ThreadPoolExecutor-0_6 - [PROD] Sending payload 446/1000 | Order Number: V4063006448
2026-06-30 21:16:17,097 - INFO - ThreadPoolExecutor-0_2 - [PROD] Payload 435/1000 sent successfully. Status Code: 200
2026-06-30 21:16:17,097 - INFO - ThreadPoolExecutor-0_2 - [PROD] Sending payload 447/1000 | Order Number: V4063006449
2026-06-30 21:16:17,561 - INFO - ThreadPoolExecutor-0_0 - [PROD] Payload 439/1000 sent successfully. Status Code: 200
2026-06-30 21:16:17,562 - INFO - ThreadPoolExecutor-0_0 - [PROD] Sending payload 448/1000 | Order Number: V4063006450
2026-06-30 21:16:17,589 - INFO - ThreadPoolExecutor-0_1 - [PROD] Payload 438/1000 sent successfully. Status Code: 200
2026-06-30 21:16:17,589 - INFO - ThreadPoolExecutor-0_1 - [PROD] Sending payload 449/1000 | Order Number: V4063006451
2026-06-30 21:16:17,836 - INFO - ThreadPoolExecutor-0_8 - [PROD] Payload 440/1000 sent successfully. Status Code: 200
2026-06-30 21:16:17,837 - INFO - ThreadPoolExecutor-0_9 - [PROD] Payload 441/1000 sent successfully. Status Code: 200
2026-06-30 21:16:17,838 - INFO - ThreadPoolExecutor-0_8 - [PROD] Sending payload 450/1000 | Order Number: V4063006452
2026-06-30 21:16:17,838 - INFO - ThreadPoolExecutor-0_9 - [PROD] Sending payload 451/1000 | Order Number: V4063006453
2026-06-30 21:16:18,010 - INFO - ThreadPoolExecutor-0_4 - [PROD] Payload 442/1000 sent successfully. Status Code: 200
2026-06-30 21:16:18,011 - INFO - ThreadPoolExecutor-0_4 - [PROD] Sending payload 452/1000 | Order Number: V4063006454
2026-06-30 21:16:18,235 - INFO - ThreadPoolExecutor-0_5 - [PROD] Payload 443/1000 sent successfully. Status Code: 200
2026-06-30 21:16:18,236 - INFO - ThreadPoolExecutor-0_5 - [PROD] Sending payload 453/1000 | Order Number: V4063006455
2026-06-30 21:16:18,791 - INFO - ThreadPoolExecutor-0_3 - [PROD] Payload 445/1000 sent successfully. Status Code: 200
2026-06-30 21:16:18,793 - INFO - ThreadPoolExecutor-0_3 - [PROD] Sending payload 454/1000 | Order Number: V4063006456
2026-06-30 21:16:18,885 - INFO - ThreadPoolExecutor-0_7 - [PROD] Payload 444/1000 sent successfully. Status Code: 200
2026-06-30 21:16:18,887 - INFO - ThreadPoolExecutor-0_7 - [PROD] Sending payload 455/1000 | Order Number: V4063006457
2026-06-30 21:16:18,939 - INFO - ThreadPoolExecutor-0_6 - [PROD] Payload 446/1000 sent successfully. Status Code: 200
2026-06-30 21:16:18,940 - INFO - ThreadPoolExecutor-0_6 - [PROD] Sending payload 456/1000 | Order Number: V4063006458
2026-06-30 21:16:18,965 - INFO - ThreadPoolExecutor-0_2 - [PROD] Payload 447/1000 sent successfully. Status Code: 200
2026-06-30 21:16:18,966 - INFO - ThreadPoolExecutor-0_2 - [PROD] Sending payload 457/1000 | Order Number: V4063006459
2026-06-30 21:16:19,425 - INFO - ThreadPoolExecutor-0_0 - [PROD] Payload 448/1000 sent successfully. Status Code: 200
2026-06-30 21:16:19,427 - INFO - ThreadPoolExecutor-0_0 - [PROD] Sending payload 458/1000 | Order Number: V4063006460
2026-06-30 21:16:19,430 - INFO - ThreadPoolExecutor-0_1 - [PROD] Payload 449/1000 sent successfully. Status Code: 200
2026-06-30 21:16:19,431 - INFO - ThreadPoolExecutor-0_1 - [PROD] Sending payload 459/1000 | Order Number: V4063006461
2026-06-30 21:16:19,755 - INFO - ThreadPoolExecutor-0_8 - [PROD] Payload 450/1000 sent successfully. Status Code: 200
2026-06-30 21:16:19,757 - INFO - ThreadPoolExecutor-0_8 - [PROD] Sending payload 460/1000 | Order Number: V4063006462
2026-06-30 21:16:19,933 - INFO - ThreadPoolExecutor-0_9 - [PROD] Payload 451/1000 sent successfully. Status Code: 200
2026-06-30 21:16:19,935 - INFO - ThreadPoolExecutor-0_9 - [PROD] Sending payload 461/1000 | Order Number: V4063006463
2026-06-30 21:16:19,999 - INFO - ThreadPoolExecutor-0_4 - [PROD] Payload 452/1000 sent successfully. Status Code: 200
2026-06-30 21:16:20,001 - INFO - ThreadPoolExecutor-0_4 - [PROD] Sending payload 462/1000 | Order Number: V4063006464
2026-06-30 21:16:20,163 - INFO - ThreadPoolExecutor-0_5 - [PROD] Payload 453/1000 sent successfully. Status Code: 200
2026-06-30 21:16:20,165 - INFO - ThreadPoolExecutor-0_5 - [PROD] Sending payload 463/1000 | Order Number: V4063006465
2026-06-30 21:16:20,698 - INFO - ThreadPoolExecutor-0_3 - [PROD] Payload 454/1000 sent successfully. Status Code: 200
2026-06-30 21:16:20,698 - INFO - ThreadPoolExecutor-0_3 - [PROD] Sending payload 464/1000 | Order Number: V4063006466
2026-06-30 21:16:20,794 - INFO - ThreadPoolExecutor-0_2 - [PROD] Payload 457/1000 sent successfully. Status Code: 200
2026-06-30 21:16:20,796 - INFO - ThreadPoolExecutor-0_2 - [PROD] Sending payload 465/1000 | Order Number: V4063006467
2026-06-30 21:16:20,842 - INFO - ThreadPoolExecutor-0_6 - [PROD] Payload 456/1000 sent successfully. Status Code: 200
2026-06-30 21:16:20,842 - INFO - ThreadPoolExecutor-0_6 - [PROD] Sending payload 466/1000 | Order Number: V4063006468
2026-06-30 21:16:20,880 - INFO - ThreadPoolExecutor-0_7 - [PROD] Payload 455/1000 sent successfully. Status Code: 200
2026-06-30 21:16:20,880 - INFO - ThreadPoolExecutor-0_7 - [PROD] Sending payload 467/1000 | Order Number: V4063006469
2026-06-30 21:16:21,242 - INFO - ThreadPoolExecutor-0_1 - [PROD] Payload 459/1000 sent successfully. Status Code: 200
2026-06-30 21:16:21,243 - INFO - ThreadPoolExecutor-0_1 - [PROD] Sending payload 468/1000 | Order Number: V4063006470
2026-06-30 21:16:21,346 - INFO - ThreadPoolExecutor-0_0 - [PROD] Payload 458/1000 sent successfully. Status Code: 200
2026-06-30 21:16:21,348 - INFO - ThreadPoolExecutor-0_0 - [PROD] Sending payload 469/1000 | Order Number: V4063006471
2026-06-30 21:16:21,614 - INFO - ThreadPoolExecutor-0_8 - [PROD] Payload 460/1000 sent successfully. Status Code: 200
2026-06-30 21:16:21,615 - INFO - ThreadPoolExecutor-0_8 - [PROD] Sending payload 470/1000 | Order Number: V4063006472
2026-06-30 21:16:21,808 - INFO - ThreadPoolExecutor-0_9 - [PROD] Payload 461/1000 sent successfully. Status Code: 200
2026-06-30 21:16:21,808 - INFO - ThreadPoolExecutor-0_9 - [PROD] Sending payload 471/1000 | Order Number: V4063006473
2026-06-30 21:16:21,891 - INFO - ThreadPoolExecutor-0_4 - [PROD] Payload 462/1000 sent successfully. Status Code: 200
2026-06-30 21:16:21,892 - INFO - ThreadPoolExecutor-0_4 - [PROD] Sending payload 472/1000 | Order Number: V4063006474
2026-06-30 21:16:21,981 - INFO - ThreadPoolExecutor-0_5 - [PROD] Payload 463/1000 sent successfully. Status Code: 200
2026-06-30 21:16:21,983 - INFO - ThreadPoolExecutor-0_5 - [PROD] Sending payload 473/1000 | Order Number: V4063006475
2026-06-30 21:16:22,597 - INFO - ThreadPoolExecutor-0_3 - [PROD] Payload 464/1000 sent successfully. Status Code: 200
2026-06-30 21:16:22,599 - INFO - ThreadPoolExecutor-0_3 - [PROD] Sending payload 474/1000 | Order Number: V4063006476
2026-06-30 21:16:22,602 - INFO - ThreadPoolExecutor-0_2 - [PROD] Payload 465/1000 sent successfully. Status Code: 200
2026-06-30 21:16:22,603 - INFO - ThreadPoolExecutor-0_2 - [PROD] Sending payload 475/1000 | Order Number: V4063006477
2026-06-30 21:16:22,665 - INFO - ThreadPoolExecutor-0_6 - [PROD] Payload 466/1000 sent successfully. Status Code: 200
2026-06-30 21:16:22,666 - INFO - ThreadPoolExecutor-0_6 - [PROD] Sending payload 476/1000 | Order Number: V4063006478
2026-06-30 21:16:22,797 - INFO - ThreadPoolExecutor-0_7 - [PROD] Payload 467/1000 sent successfully. Status Code: 200
2026-06-30 21:16:22,798 - INFO - ThreadPoolExecutor-0_7 - [PROD] Sending payload 477/1000 | Order Number: V4063006479
2026-06-30 21:16:23,235 - INFO - ThreadPoolExecutor-0_0 - [PROD] Payload 469/1000 sent successfully. Status Code: 200
2026-06-30 21:16:23,237 - INFO - ThreadPoolExecutor-0_0 - [PROD] Sending payload 478/1000 | Order Number: V4063006480
2026-06-30 21:16:23,488 - INFO - ThreadPoolExecutor-0_8 - [PROD] Payload 470/1000 sent successfully. Status Code: 200
2026-06-30 21:16:23,490 - INFO - ThreadPoolExecutor-0_8 - [PROD] Sending payload 479/1000 | Order Number: V4063006481
2026-06-30 21:16:23,639 - INFO - ThreadPoolExecutor-0_9 - [PROD] Payload 471/1000 sent successfully. Status Code: 200
2026-06-30 21:16:23,641 - INFO - ThreadPoolExecutor-0_9 - [PROD] Sending payload 480/1000 | Order Number: V4063006482
2026-06-30 21:16:23,820 - INFO - ThreadPoolExecutor-0_4 - [PROD] Payload 472/1000 sent successfully. Status Code: 200
2026-06-30 21:16:23,822 - INFO - ThreadPoolExecutor-0_4 - [PROD] Sending payload 481/1000 | Order Number: V4063006483
2026-06-30 21:16:23,837 - INFO - ThreadPoolExecutor-0_5 - [PROD] Payload 473/1000 sent successfully. Status Code: 200
2026-06-30 21:16:23,838 - INFO - ThreadPoolExecutor-0_5 - [PROD] Sending payload 482/1000 | Order Number: V4063006484
2026-06-30 21:16:24,116 - INFO - ThreadPoolExecutor-0_1 - [PROD] Payload 468/1000 sent successfully. Status Code: 200
2026-06-30 21:16:24,118 - INFO - ThreadPoolExecutor-0_1 - [PROD] Sending payload 483/1000 | Order Number: V4063006485
2026-06-30 21:16:24,426 - INFO - ThreadPoolExecutor-0_3 - [PROD] Payload 474/1000 sent successfully. Status Code: 200
2026-06-30 21:16:24,429 - INFO - ThreadPoolExecutor-0_3 - [PROD] Sending payload 484/1000 | Order Number: V4063006486
2026-06-30 21:16:24,455 - INFO - ThreadPoolExecutor-0_2 - [PROD] Payload 475/1000 sent successfully. Status Code: 200
2026-06-30 21:16:24,455 - INFO - ThreadPoolExecutor-0_2 - [PROD] Sending payload 485/1000 | Order Number: V4063006487
2026-06-30 21:16:24,496 - INFO - ThreadPoolExecutor-0_6 - [PROD] Payload 476/1000 sent successfully. Status Code: 200
2026-06-30 21:16:24,497 - INFO - ThreadPoolExecutor-0_6 - [PROD] Sending payload 486/1000 | Order Number: V4063006488
2026-06-30 21:16:24,627 - INFO - ThreadPoolExecutor-0_7 - [PROD] Payload 477/1000 sent successfully. Status Code: 200
2026-06-30 21:16:24,631 - INFO - ThreadPoolExecutor-0_7 - [PROD] Sending payload 487/1000 | Order Number: V4063006489
2026-06-30 21:16:25,041 - INFO - ThreadPoolExecutor-0_0 - [PROD] Payload 478/1000 sent successfully. Status Code: 200
2026-06-30 21:16:25,043 - INFO - ThreadPoolExecutor-0_0 - [PROD] Sending payload 488/1000 | Order Number: V4063006490
2026-06-30 21:16:25,324 - INFO - ThreadPoolExecutor-0_8 - [PROD] Payload 479/1000 sent successfully. Status Code: 200
2026-06-30 21:16:25,326 - INFO - ThreadPoolExecutor-0_8 - [PROD] Sending payload 489/1000 | Order Number: V4063006491
2026-06-30 21:16:25,490 - INFO - ThreadPoolExecutor-0_9 - [PROD] Payload 480/1000 sent successfully. Status Code: 200
2026-06-30 21:16:25,491 - INFO - ThreadPoolExecutor-0_9 - [PROD] Sending payload 490/1000 | Order Number: V4063006492
2026-06-30 21:16:25,719 - INFO - ThreadPoolExecutor-0_4 - [PROD] Payload 481/1000 sent successfully. Status Code: 200
2026-06-30 21:16:25,721 - INFO - ThreadPoolExecutor-0_4 - [PROD] Sending payload 491/1000 | Order Number: V4063006493
2026-06-30 21:16:25,988 - INFO - ThreadPoolExecutor-0_1 - [PROD] Payload 483/1000 sent successfully. Status Code: 200
2026-06-30 21:16:25,990 - INFO - ThreadPoolExecutor-0_1 - [PROD] Sending payload 492/1000 | Order Number: V4063006494
2026-06-30 21:16:26,009 - INFO - ThreadPoolExecutor-0_5 - [PROD] Payload 482/1000 sent successfully. Status Code: 200
2026-06-30 21:16:26,011 - INFO - ThreadPoolExecutor-0_5 - [PROD] Sending payload 493/1000 | Order Number: V4063006495
2026-06-30 21:16:26,274 - INFO - ThreadPoolExecutor-0_2 - [PROD] Payload 485/1000 sent successfully. Status Code: 200
2026-06-30 21:16:26,275 - INFO - ThreadPoolExecutor-0_2 - [PROD] Sending payload 494/1000 | Order Number: V4063006496
2026-06-30 21:16:26,451 - INFO - ThreadPoolExecutor-0_6 - [PROD] Payload 486/1000 sent successfully. Status Code: 200
2026-06-30 21:16:26,452 - INFO - ThreadPoolExecutor-0_6 - [PROD] Sending payload 495/1000 | Order Number: V4063006497
2026-06-30 21:16:26,466 - INFO - ThreadPoolExecutor-0_3 - [PROD] Payload 484/1000 sent successfully. Status Code: 200
2026-06-30 21:16:26,467 - INFO - ThreadPoolExecutor-0_3 - [PROD] Sending payload 496/1000 | Order Number: V4063006498
2026-06-30 21:16:26,617 - INFO - ThreadPoolExecutor-0_7 - [PROD] Payload 487/1000 sent successfully. Status Code: 200
2026-06-30 21:16:26,618 - INFO - ThreadPoolExecutor-0_7 - [PROD] Sending payload 497/1000 | Order Number: V4063006499
2026-06-30 21:16:26,877 - INFO - ThreadPoolExecutor-0_0 - [PROD] Payload 488/1000 sent successfully. Status Code: 200
2026-06-30 21:16:26,879 - INFO - ThreadPoolExecutor-0_0 - [PROD] Sending payload 498/1000 | Order Number: V4063006500
2026-06-30 21:16:27,358 - INFO - ThreadPoolExecutor-0_9 - [PROD] Payload 490/1000 sent successfully. Status Code: 200
2026-06-30 21:16:27,359 - INFO - ThreadPoolExecutor-0_9 - [PROD] Sending payload 499/1000 | Order Number: V4063006501
2026-06-30 21:16:27,438 - INFO - ThreadPoolExecutor-0_8 - [PROD] Payload 489/1000 sent successfully. Status Code: 200
2026-06-30 21:16:27,440 - INFO - ThreadPoolExecutor-0_8 - [PROD] Sending payload 500/1000 | Order Number: V4063006502
2026-06-30 21:16:27,611 - INFO - ThreadPoolExecutor-0_4 - [PROD] Payload 491/1000 sent successfully. Status Code: 200
2026-06-30 21:16:27,612 - INFO - ThreadPoolExecutor-0_4 - [PROD] Sending payload 501/1000 | Order Number: V4063006503
2026-06-30 21:16:27,959 - INFO - ThreadPoolExecutor-0_5 - [PROD] Payload 493/1000 sent successfully. Status Code: 200
2026-06-30 21:16:27,961 - INFO - ThreadPoolExecutor-0_5 - [PROD] Sending payload 502/1000 | Order Number: V4063006504
2026-06-30 21:16:27,970 - INFO - ThreadPoolExecutor-0_1 - [PROD] Payload 492/1000 sent successfully. Status Code: 200
2026-06-30 21:16:27,971 - INFO - ThreadPoolExecutor-0_1 - [PROD] Sending payload 503/1000 | Order Number: V4063006505
2026-06-30 21:16:28,090 - INFO - ThreadPoolExecutor-0_2 - [PROD] Payload 494/1000 sent successfully. Status Code: 200
2026-06-30 21:16:28,092 - INFO - ThreadPoolExecutor-0_2 - [PROD] Sending payload 504/1000 | Order Number: V4063006506
2026-06-30 21:16:28,353 - INFO - ThreadPoolExecutor-0_3 - [PROD] Payload 496/1000 sent successfully. Status Code: 200
2026-06-30 21:16:28,354 - INFO - ThreadPoolExecutor-0_3 - [PROD] Sending payload 505/1000 | Order Number: V4063006507
2026-06-30 21:16:28,551 - INFO - ThreadPoolExecutor-0_6 - [PROD] Payload 495/1000 sent successfully. Status Code: 200
2026-06-30 21:16:28,551 - INFO - ThreadPoolExecutor-0_6 - [PROD] Sending payload 506/1000 | Order Number: V4063006508
2026-06-30 21:16:28,712 - INFO - ThreadPoolExecutor-0_0 - [PROD] Payload 498/1000 sent successfully. Status Code: 200
2026-06-30 21:16:28,714 - INFO - ThreadPoolExecutor-0_0 - [PROD] Sending payload 507/1000 | Order Number: V4063006509
2026-06-30 21:16:29,143 - INFO - ThreadPoolExecutor-0_9 - [PROD] Payload 499/1000 sent successfully. Status Code: 200
2026-06-30 21:16:29,144 - INFO - ThreadPoolExecutor-0_9 - [PROD] Sending payload 508/1000 | Order Number: V4063006510
2026-06-30 21:16:29,267 - INFO - ThreadPoolExecutor-0_8 - [PROD] Payload 500/1000 sent successfully. Status Code: 200
2026-06-30 21:16:29,268 - INFO - ThreadPoolExecutor-0_8 - [PROD] Sending payload 509/1000 | Order Number: V4063006511
2026-06-30 21:16:29,280 - INFO - ThreadPoolExecutor-0_7 - [PROD] Payload 497/1000 sent successfully. Status Code: 200
2026-06-30 21:16:29,282 - INFO - ThreadPoolExecutor-0_7 - [PROD] Sending payload 510/1000 | Order Number: V4063006512
2026-06-30 21:16:29,449 - INFO - ThreadPoolExecutor-0_4 - [PROD] Payload 501/1000 sent successfully. Status Code: 200
2026-06-30 21:16:29,451 - INFO - ThreadPoolExecutor-0_4 - [PROD] Sending payload 511/1000 | Order Number: V4063006513
2026-06-30 21:16:29,739 - INFO - ThreadPoolExecutor-0_5 - [PROD] Payload 502/1000 sent successfully. Status Code: 200
2026-06-30 21:16:29,740 - INFO - ThreadPoolExecutor-0_5 - [PROD] Sending payload 512/1000 | Order Number: V4063006514
2026-06-30 21:16:29,838 - INFO - ThreadPoolExecutor-0_1 - [PROD] Payload 503/1000 sent successfully. Status Code: 200
2026-06-30 21:16:29,839 - INFO - ThreadPoolExecutor-0_1 - [PROD] Sending payload 513/1000 | Order Number: V4063006515
2026-06-30 21:16:29,970 - INFO - ThreadPoolExecutor-0_2 - [PROD] Payload 504/1000 sent successfully. Status Code: 200
2026-06-30 21:16:29,972 - INFO - ThreadPoolExecutor-0_2 - [PROD] Sending payload 514/1000 | Order Number: V4063006516
2026-06-30 21:16:30,290 - INFO - ThreadPoolExecutor-0_3 - [PROD] Payload 505/1000 sent successfully. Status Code: 200
2026-06-30 21:16:30,292 - INFO - ThreadPoolExecutor-0_3 - [PROD] Sending payload 515/1000 | Order Number: V4063006517
2026-06-30 21:16:30,409 - INFO - ThreadPoolExecutor-0_6 - [PROD] Payload 506/1000 sent successfully. Status Code: 200
2026-06-30 21:16:30,410 - INFO - ThreadPoolExecutor-0_6 - [PROD] Sending payload 516/1000 | Order Number: V4063006518
2026-06-30 21:16:30,582 - INFO - ThreadPoolExecutor-0_0 - [PROD] Payload 507/1000 sent successfully. Status Code: 200
2026-06-30 21:16:30,584 - INFO - ThreadPoolExecutor-0_0 - [PROD] Sending payload 517/1000 | Order Number: V4063006519
2026-06-30 21:16:31,015 - INFO - ThreadPoolExecutor-0_9 - [PROD] Payload 508/1000 sent successfully. Status Code: 200
2026-06-30 21:16:31,017 - INFO - ThreadPoolExecutor-0_9 - [PROD] Sending payload 518/1000 | Order Number: V4063006520
2026-06-30 21:16:31,227 - INFO - ThreadPoolExecutor-0_8 - [PROD] Payload 509/1000 sent successfully. Status Code: 200
2026-06-30 21:16:31,228 - INFO - ThreadPoolExecutor-0_8 - [PROD] Sending payload 519/1000 | Order Number: V4063006521
2026-06-30 21:16:31,263 - INFO - ThreadPoolExecutor-0_7 - [PROD] Payload 510/1000 sent successfully. Status Code: 200
2026-06-30 21:16:31,263 - INFO - ThreadPoolExecutor-0_7 - [PROD] Sending payload 520/1000 | Order Number: V4063006522
2026-06-30 21:16:31,466 - INFO - ThreadPoolExecutor-0_4 - [PROD] Payload 511/1000 sent successfully. Status Code: 200
2026-06-30 21:16:31,468 - INFO - ThreadPoolExecutor-0_4 - [PROD] Sending payload 521/1000 | Order Number: V4063006523
2026-06-30 21:16:31,661 - INFO - ThreadPoolExecutor-0_1 - [PROD] Payload 513/1000 sent successfully. Status Code: 200
2026-06-30 21:16:31,662 - INFO - ThreadPoolExecutor-0_1 - [PROD] Sending payload 522/1000 | Order Number: V4063006524
2026-06-30 21:16:31,832 - INFO - ThreadPoolExecutor-0_5 - [PROD] Payload 512/1000 sent successfully. Status Code: 200
2026-06-30 21:16:31,834 - INFO - ThreadPoolExecutor-0_5 - [PROD] Sending payload 523/1000 | Order Number: V4063006525
2026-06-30 21:16:31,855 - INFO - ThreadPoolExecutor-0_2 - [PROD] Payload 514/1000 sent successfully. Status Code: 200
2026-06-30 21:16:31,856 - INFO - ThreadPoolExecutor-0_2 - [PROD] Sending payload 524/1000 | Order Number: V4063006526
2026-06-30 21:16:32,171 - INFO - ThreadPoolExecutor-0_3 - [PROD] Payload 515/1000 sent successfully. Status Code: 200
2026-06-30 21:16:32,173 - INFO - ThreadPoolExecutor-0_3 - [PROD] Sending payload 525/1000 | Order Number: V4063006527
2026-06-30 21:16:32,238 - INFO - ThreadPoolExecutor-0_6 - [PROD] Payload 516/1000 sent successfully. Status Code: 200
2026-06-30 21:16:32,240 - INFO - ThreadPoolExecutor-0_6 - [PROD] Sending payload 526/1000 | Order Number: V4063006528
2026-06-30 21:16:32,394 - INFO - ThreadPoolExecutor-0_0 - [PROD] Payload 517/1000 sent successfully. Status Code: 200
2026-06-30 21:16:32,396 - INFO - ThreadPoolExecutor-0_0 - [PROD] Sending payload 527/1000 | Order Number: V4063006529
2026-06-30 21:16:33,007 - INFO - ThreadPoolExecutor-0_8 - [PROD] Payload 519/1000 sent successfully. Status Code: 200
2026-06-30 21:16:33,009 - INFO - ThreadPoolExecutor-0_8 - [PROD] Sending payload 528/1000 | Order Number: V4063006530
2026-06-30 21:16:33,121 - INFO - ThreadPoolExecutor-0_7 - [PROD] Payload 520/1000 sent successfully. Status Code: 200
2026-06-30 21:16:33,122 - INFO - ThreadPoolExecutor-0_7 - [PROD] Sending payload 529/1000 | Order Number: V4063006531
2026-06-30 21:16:33,300 - INFO - ThreadPoolExecutor-0_4 - [PROD] Payload 521/1000 sent successfully. Status Code: 200
2026-06-30 21:16:33,302 - INFO - ThreadPoolExecutor-0_4 - [PROD] Sending payload 530/1000 | Order Number: V4063006532
2026-06-30 21:16:33,543 - INFO - ThreadPoolExecutor-0_9 - [PROD] Payload 518/1000 sent successfully. Status Code: 200
2026-06-30 21:16:33,545 - INFO - ThreadPoolExecutor-0_9 - [PROD] Sending payload 531/1000 | Order Number: V4063006533
2026-06-30 21:16:33,578 - INFO - ThreadPoolExecutor-0_1 - [PROD] Payload 522/1000 sent successfully. Status Code: 200
2026-06-30 21:16:33,579 - INFO - ThreadPoolExecutor-0_1 - [PROD] Sending payload 532/1000 | Order Number: V4063006534
2026-06-30 21:16:33,658 - INFO - ThreadPoolExecutor-0_5 - [PROD] Payload 523/1000 sent successfully. Status Code: 200
2026-06-30 21:16:33,659 - INFO - ThreadPoolExecutor-0_5 - [PROD] Sending payload 533/1000 | Order Number: V4063006535
2026-06-30 21:16:33,783 - INFO - ThreadPoolExecutor-0_2 - [PROD] Payload 524/1000 sent successfully. Status Code: 200
2026-06-30 21:16:33,785 - INFO - ThreadPoolExecutor-0_2 - [PROD] Sending payload 534/1000 | Order Number: V4063006536
2026-06-30 21:16:33,968 - INFO - ThreadPoolExecutor-0_3 - [PROD] Payload 525/1000 sent successfully. Status Code: 200
2026-06-30 21:16:33,969 - INFO - ThreadPoolExecutor-0_3 - [PROD] Sending payload 535/1000 | Order Number: V4063006537
2026-06-30 21:16:34,068 - INFO - ThreadPoolExecutor-0_6 - [PROD] Payload 526/1000 sent successfully. Status Code: 200
2026-06-30 21:16:34,070 - INFO - ThreadPoolExecutor-0_6 - [PROD] Sending payload 536/1000 | Order Number: V4063006538
2026-06-30 21:16:34,257 - INFO - ThreadPoolExecutor-0_0 - [PROD] Payload 527/1000 sent successfully. Status Code: 200
2026-06-30 21:16:34,260 - INFO - ThreadPoolExecutor-0_0 - [PROD] Sending payload 537/1000 | Order Number: V4063006539
2026-06-30 21:16:34,831 - INFO - ThreadPoolExecutor-0_8 - [PROD] Payload 528/1000 sent successfully. Status Code: 200
2026-06-30 21:16:34,832 - INFO - ThreadPoolExecutor-0_8 - [PROD] Sending payload 538/1000 | Order Number: V4063006540
2026-06-30 21:16:34,943 - INFO - ThreadPoolExecutor-0_7 - [PROD] Payload 529/1000 sent successfully. Status Code: 200
2026-06-30 21:16:34,944 - INFO - ThreadPoolExecutor-0_7 - [PROD] Sending payload 539/1000 | Order Number: V4063006541
2026-06-30 21:16:35,088 - INFO - ThreadPoolExecutor-0_4 - [PROD] Payload 530/1000 sent successfully. Status Code: 200
2026-06-30 21:16:35,089 - INFO - ThreadPoolExecutor-0_4 - [PROD] Sending payload 540/1000 | Order Number: V4063006542
2026-06-30 21:16:35,382 - INFO - ThreadPoolExecutor-0_9 - [PROD] Payload 531/1000 sent successfully. Status Code: 200
2026-06-30 21:16:35,384 - INFO - ThreadPoolExecutor-0_9 - [PROD] Sending payload 541/1000 | Order Number: V4063006543
2026-06-30 21:16:35,533 - INFO - ThreadPoolExecutor-0_5 - [PROD] Payload 533/1000 sent successfully. Status Code: 200
2026-06-30 21:16:35,535 - INFO - ThreadPoolExecutor-0_5 - [PROD] Sending payload 542/1000 | Order Number: V4063006544
2026-06-30 21:16:35,561 - INFO - ThreadPoolExecutor-0_1 - [PROD] Payload 532/1000 sent successfully. Status Code: 200
2026-06-30 21:16:35,561 - INFO - ThreadPoolExecutor-0_2 - [PROD] Payload 534/1000 sent successfully. Status Code: 200
2026-06-30 21:16:35,562 - INFO - ThreadPoolExecutor-0_1 - [PROD] Sending payload 543/1000 | Order Number: V4063006545
2026-06-30 21:16:35,562 - INFO - ThreadPoolExecutor-0_2 - [PROD] Sending payload 544/1000 | Order Number: V4063006546
2026-06-30 21:16:35,864 - INFO - ThreadPoolExecutor-0_3 - [PROD] Payload 535/1000 sent successfully. Status Code: 200
2026-06-30 21:16:35,866 - INFO - ThreadPoolExecutor-0_3 - [PROD] Sending payload 545/1000 | Order Number: V4063006547
2026-06-30 21:16:35,910 - INFO - ThreadPoolExecutor-0_6 - [PROD] Payload 536/1000 sent successfully. Status Code: 200
2026-06-30 21:16:35,910 - INFO - ThreadPoolExecutor-0_6 - [PROD] Sending payload 546/1000 | Order Number: V4063006548
2026-06-30 21:16:36,109 - INFO - ThreadPoolExecutor-0_0 - [PROD] Payload 537/1000 sent successfully. Status Code: 200
2026-06-30 21:16:36,111 - INFO - ThreadPoolExecutor-0_0 - [PROD] Sending payload 547/1000 | Order Number: V4063006549
2026-06-30 21:16:36,671 - INFO - ThreadPoolExecutor-0_8 - [PROD] Payload 538/1000 sent successfully. Status Code: 200
2026-06-30 21:16:36,675 - INFO - ThreadPoolExecutor-0_8 - [PROD] Sending payload 548/1000 | Order Number: V4063006550
2026-06-30 21:16:36,791 - INFO - ThreadPoolExecutor-0_7 - [PROD] Payload 539/1000 sent successfully. Status Code: 200
2026-06-30 21:16:36,793 - INFO - ThreadPoolExecutor-0_7 - [PROD] Sending payload 549/1000 | Order Number: V4063006551
2026-06-30 21:16:37,245 - INFO - ThreadPoolExecutor-0_9 - [PROD] Payload 541/1000 sent successfully. Status Code: 200
2026-06-30 21:16:37,246 - INFO - ThreadPoolExecutor-0_9 - [PROD] Sending payload 550/1000 | Order Number: V4063006552
2026-06-30 21:16:37,275 - INFO - ThreadPoolExecutor-0_4 - [PROD] Payload 540/1000 sent successfully. Status Code: 200
2026-06-30 21:16:37,275 - INFO - ThreadPoolExecutor-0_4 - [PROD] Sending payload 551/1000 | Order Number: V4063006553
2026-06-30 21:16:37,419 - INFO - ThreadPoolExecutor-0_2 - [PROD] Payload 544/1000 sent successfully. Status Code: 200
2026-06-30 21:16:37,420 - INFO - ThreadPoolExecutor-0_2 - [PROD] Sending payload 552/1000 | Order Number: V4063006554
2026-06-30 21:16:37,434 - INFO - ThreadPoolExecutor-0_5 - [PROD] Payload 542/1000 sent successfully. Status Code: 200
2026-06-30 21:16:37,435 - INFO - ThreadPoolExecutor-0_5 - [PROD] Sending payload 553/1000 | Order Number: V4063006555
2026-06-30 21:16:37,639 - INFO - ThreadPoolExecutor-0_1 - [PROD] Payload 543/1000 sent successfully. Status Code: 200
2026-06-30 21:16:37,641 - INFO - ThreadPoolExecutor-0_1 - [PROD] Sending payload 554/1000 | Order Number: V4063006556
2026-06-30 21:16:37,699 - INFO - ThreadPoolExecutor-0_3 - [PROD] Payload 545/1000 sent successfully. Status Code: 200
2026-06-30 21:16:37,700 - INFO - ThreadPoolExecutor-0_3 - [PROD] Sending payload 555/1000 | Order Number: V4063006557
2026-06-30 21:16:37,885 - INFO - ThreadPoolExecutor-0_6 - [PROD] Payload 546/1000 sent successfully. Status Code: 200
2026-06-30 21:16:37,886 - INFO - ThreadPoolExecutor-0_6 - [PROD] Sending payload 556/1000 | Order Number: V4063006558
2026-06-30 21:16:37,923 - INFO - ThreadPoolExecutor-0_0 - [PROD] Payload 547/1000 sent successfully. Status Code: 200
2026-06-30 21:16:37,923 - INFO - ThreadPoolExecutor-0_0 - [PROD] Sending payload 557/1000 | Order Number: V4063006559
2026-06-30 21:16:38,609 - INFO - ThreadPoolExecutor-0_7 - [PROD] Payload 549/1000 sent successfully. Status Code: 200
2026-06-30 21:16:38,611 - INFO - ThreadPoolExecutor-0_7 - [PROD] Sending payload 558/1000 | Order Number: V4063006560
2026-06-30 21:16:38,690 - INFO - ThreadPoolExecutor-0_8 - [PROD] Payload 548/1000 sent successfully. Status Code: 200
2026-06-30 21:16:38,692 - INFO - ThreadPoolExecutor-0_8 - [PROD] Sending payload 559/1000 | Order Number: V4063006561
2026-06-30 21:16:39,060 - INFO - ThreadPoolExecutor-0_4 - [PROD] Payload 551/1000 sent successfully. Status Code: 200
2026-06-30 21:16:39,062 - INFO - ThreadPoolExecutor-0_4 - [PROD] Sending payload 560/1000 | Order Number: V4063006562
2026-06-30 21:16:39,121 - INFO - ThreadPoolExecutor-0_9 - [PROD] Payload 550/1000 sent successfully. Status Code: 200
2026-06-30 21:16:39,122 - INFO - ThreadPoolExecutor-0_9 - [PROD] Sending payload 561/1000 | Order Number: V4063006563
2026-06-30 21:16:39,256 - INFO - ThreadPoolExecutor-0_5 - [PROD] Payload 553/1000 sent successfully. Status Code: 200
2026-06-30 21:16:39,257 - INFO - ThreadPoolExecutor-0_5 - [PROD] Sending payload 562/1000 | Order Number: V4063006564
2026-06-30 21:16:39,427 - INFO - ThreadPoolExecutor-0_2 - [PROD] Payload 552/1000 sent successfully. Status Code: 200
2026-06-30 21:16:39,429 - INFO - ThreadPoolExecutor-0_2 - [PROD] Sending payload 563/1000 | Order Number: V4063006565
2026-06-30 21:16:39,505 - INFO - ThreadPoolExecutor-0_1 - [PROD] Payload 554/1000 sent successfully. Status Code: 200
2026-06-30 21:16:39,508 - INFO - ThreadPoolExecutor-0_1 - [PROD] Sending payload 564/1000 | Order Number: V4063006566
2026-06-30 21:16:39,671 - INFO - ThreadPoolExecutor-0_3 - [PROD] Payload 555/1000 sent successfully. Status Code: 200
2026-06-30 21:16:39,673 - INFO - ThreadPoolExecutor-0_3 - [PROD] Sending payload 565/1000 | Order Number: V4063006567
2026-06-30 21:16:39,691 - INFO - ThreadPoolExecutor-0_6 - [PROD] Payload 556/1000 sent successfully. Status Code: 200
2026-06-30 21:16:39,692 - INFO - ThreadPoolExecutor-0_6 - [PROD] Sending payload 566/1000 | Order Number: V4063006568
2026-06-30 21:16:39,747 - INFO - ThreadPoolExecutor-0_0 - [PROD] Payload 557/1000 sent successfully. Status Code: 200
2026-06-30 21:16:39,748 - INFO - ThreadPoolExecutor-0_0 - [PROD] Sending payload 567/1000 | Order Number: V4063006569
2026-06-30 21:16:40,490 - INFO - ThreadPoolExecutor-0_7 - [PROD] Payload 558/1000 sent successfully. Status Code: 200
2026-06-30 21:16:40,492 - INFO - ThreadPoolExecutor-0_7 - [PROD] Sending payload 568/1000 | Order Number: V4063006570
2026-06-30 21:16:40,515 - INFO - ThreadPoolExecutor-0_8 - [PROD] Payload 559/1000 sent successfully. Status Code: 200
2026-06-30 21:16:40,516 - INFO - ThreadPoolExecutor-0_8 - [PROD] Sending payload 569/1000 | Order Number: V4063006571
2026-06-30 21:16:40,900 - INFO - ThreadPoolExecutor-0_4 - [PROD] Payload 560/1000 sent successfully. Status Code: 200
2026-06-30 21:16:40,901 - INFO - ThreadPoolExecutor-0_4 - [PROD] Sending payload 570/1000 | Order Number: V4063006572
2026-06-30 21:16:40,989 - INFO - ThreadPoolExecutor-0_9 - [PROD] Payload 561/1000 sent successfully. Status Code: 200
2026-06-30 21:16:40,989 - INFO - ThreadPoolExecutor-0_9 - [PROD] Sending payload 571/1000 | Order Number: V4063006573
2026-06-30 21:16:41,151 - INFO - ThreadPoolExecutor-0_5 - [PROD] Payload 562/1000 sent successfully. Status Code: 200
2026-06-30 21:16:41,153 - INFO - ThreadPoolExecutor-0_5 - [PROD] Sending payload 572/1000 | Order Number: V4063006574
2026-06-30 21:16:41,327 - INFO - ThreadPoolExecutor-0_2 - [PROD] Payload 563/1000 sent successfully. Status Code: 200
2026-06-30 21:16:41,328 - INFO - ThreadPoolExecutor-0_2 - [PROD] Sending payload 573/1000 | Order Number: V4063006575
2026-06-30 21:16:41,399 - INFO - ThreadPoolExecutor-0_1 - [PROD] Payload 564/1000 sent successfully. Status Code: 200
2026-06-30 21:16:41,401 - INFO - ThreadPoolExecutor-0_1 - [PROD] Sending payload 574/1000 | Order Number: V4063006576
2026-06-30 21:16:41,522 - INFO - ThreadPoolExecutor-0_3 - [PROD] Payload 565/1000 sent successfully. Status Code: 200
2026-06-30 21:16:41,523 - INFO - ThreadPoolExecutor-0_3 - [PROD] Sending payload 575/1000 | Order Number: V4063006577
2026-06-30 21:16:41,617 - INFO - ThreadPoolExecutor-0_6 - [PROD] Payload 566/1000 sent successfully. Status Code: 200
2026-06-30 21:16:41,618 - INFO - ThreadPoolExecutor-0_6 - [PROD] Sending payload 576/1000 | Order Number: V4063006578
2026-06-30 21:16:41,696 - INFO - ThreadPoolExecutor-0_0 - [PROD] Payload 567/1000 sent successfully. Status Code: 200
2026-06-30 21:16:41,699 - INFO - ThreadPoolExecutor-0_0 - [PROD] Sending payload 577/1000 | Order Number: V4063006579
2026-06-30 21:16:42,316 - INFO - ThreadPoolExecutor-0_7 - [PROD] Payload 568/1000 sent successfully. Status Code: 200
2026-06-30 21:16:42,318 - INFO - ThreadPoolExecutor-0_7 - [PROD] Sending payload 578/1000 | Order Number: V4063006580
2026-06-30 21:16:42,496 - INFO - ThreadPoolExecutor-0_8 - [PROD] Payload 569/1000 sent successfully. Status Code: 200
2026-06-30 21:16:42,497 - INFO - ThreadPoolExecutor-0_8 - [PROD] Sending payload 579/1000 | Order Number: V4063006581
2026-06-30 21:16:42,729 - INFO - ThreadPoolExecutor-0_4 - [PROD] Payload 570/1000 sent successfully. Status Code: 200
2026-06-30 21:16:42,732 - INFO - ThreadPoolExecutor-0_4 - [PROD] Sending payload 580/1000 | Order Number: V4063006582
2026-06-30 21:16:42,922 - INFO - ThreadPoolExecutor-0_9 - [PROD] Payload 571/1000 sent successfully. Status Code: 200
2026-06-30 21:16:42,923 - INFO - ThreadPoolExecutor-0_9 - [PROD] Sending payload 581/1000 | Order Number: V4063006583
2026-06-30 21:16:42,972 - INFO - ThreadPoolExecutor-0_5 - [PROD] Payload 572/1000 sent successfully. Status Code: 200
2026-06-30 21:16:42,974 - INFO - ThreadPoolExecutor-0_5 - [PROD] Sending payload 582/1000 | Order Number: V4063006584
2026-06-30 21:16:43,202 - INFO - ThreadPoolExecutor-0_2 - [PROD] Payload 573/1000 sent successfully. Status Code: 200
2026-06-30 21:16:43,204 - INFO - ThreadPoolExecutor-0_2 - [PROD] Sending payload 583/1000 | Order Number: V4063006585
2026-06-30 21:16:43,241 - INFO - ThreadPoolExecutor-0_1 - [PROD] Payload 574/1000 sent successfully. Status Code: 200
2026-06-30 21:16:43,242 - INFO - ThreadPoolExecutor-0_1 - [PROD] Sending payload 584/1000 | Order Number: V4063006586
2026-06-30 21:16:43,417 - INFO - ThreadPoolExecutor-0_3 - [PROD] Payload 575/1000 sent successfully. Status Code: 200
2026-06-30 21:16:43,418 - INFO - ThreadPoolExecutor-0_3 - [PROD] Sending payload 585/1000 | Order Number: V4063006587
2026-06-30 21:16:43,487 - INFO - ThreadPoolExecutor-0_6 - [PROD] Payload 576/1000 sent successfully. Status Code: 200
2026-06-30 21:16:43,487 - INFO - ThreadPoolExecutor-0_6 - [PROD] Sending payload 586/1000 | Order Number: V4063006588
2026-06-30 21:16:43,529 - INFO - ThreadPoolExecutor-0_0 - [PROD] Payload 577/1000 sent successfully. Status Code: 200
2026-06-30 21:16:43,529 - INFO - ThreadPoolExecutor-0_0 - [PROD] Sending payload 587/1000 | Order Number: V4063006589
2026-06-30 21:16:44,111 - INFO - ThreadPoolExecutor-0_7 - [PROD] Payload 578/1000 sent successfully. Status Code: 200
2026-06-30 21:16:44,112 - INFO - ThreadPoolExecutor-0_7 - [PROD] Sending payload 588/1000 | Order Number: V4063006590
2026-06-30 21:16:44,356 - INFO - ThreadPoolExecutor-0_8 - [PROD] Payload 579/1000 sent successfully. Status Code: 200
2026-06-30 21:16:44,358 - INFO - ThreadPoolExecutor-0_8 - [PROD] Sending payload 589/1000 | Order Number: V4063006591
2026-06-30 21:16:44,544 - INFO - ThreadPoolExecutor-0_4 - [PROD] Payload 580/1000 sent successfully. Status Code: 200
2026-06-30 21:16:44,545 - INFO - ThreadPoolExecutor-0_4 - [PROD] Sending payload 590/1000 | Order Number: V4063006592
2026-06-30 21:16:44,789 - INFO - ThreadPoolExecutor-0_9 - [PROD] Payload 581/1000 sent successfully. Status Code: 200
2026-06-30 21:16:44,790 - INFO - ThreadPoolExecutor-0_9 - [PROD] Sending payload 591/1000 | Order Number: V4063006593
2026-06-30 21:16:44,815 - INFO - ThreadPoolExecutor-0_5 - [PROD] Payload 582/1000 sent successfully. Status Code: 200
2026-06-30 21:16:44,815 - INFO - ThreadPoolExecutor-0_5 - [PROD] Sending payload 592/1000 | Order Number: V4063006594
2026-06-30 21:16:45,007 - INFO - ThreadPoolExecutor-0_2 - [PROD] Payload 583/1000 sent successfully. Status Code: 200
2026-06-30 21:16:45,008 - INFO - ThreadPoolExecutor-0_2 - [PROD] Sending payload 593/1000 | Order Number: V4063006595
2026-06-30 21:16:45,110 - INFO - ThreadPoolExecutor-0_1 - [PROD] Payload 584/1000 sent successfully. Status Code: 200
2026-06-30 21:16:45,111 - INFO - ThreadPoolExecutor-0_1 - [PROD] Sending payload 594/1000 | Order Number: V4063006596
2026-06-30 21:16:45,222 - INFO - ThreadPoolExecutor-0_3 - [PROD] Payload 585/1000 sent successfully. Status Code: 200
2026-06-30 21:16:45,224 - INFO - ThreadPoolExecutor-0_3 - [PROD] Sending payload 595/1000 | Order Number: V4063006597
2026-06-30 21:16:45,331 - INFO - ThreadPoolExecutor-0_0 - [PROD] Payload 587/1000 sent successfully. Status Code: 200
2026-06-30 21:16:45,333 - INFO - ThreadPoolExecutor-0_0 - [PROD] Sending payload 596/1000 | Order Number: V4063006598
2026-06-30 21:16:45,400 - INFO - ThreadPoolExecutor-0_6 - [PROD] Payload 586/1000 sent successfully. Status Code: 200
2026-06-30 21:16:45,401 - INFO - ThreadPoolExecutor-0_6 - [PROD] Sending payload 597/1000 | Order Number: V4063006599
2026-06-30 21:16:45,969 - INFO - ThreadPoolExecutor-0_7 - [PROD] Payload 588/1000 sent successfully. Status Code: 200
2026-06-30 21:16:45,971 - INFO - ThreadPoolExecutor-0_7 - [PROD] Sending payload 598/1000 | Order Number: V4063006600
2026-06-30 21:16:46,195 - INFO - ThreadPoolExecutor-0_8 - [PROD] Payload 589/1000 sent successfully. Status Code: 200
2026-06-30 21:16:46,198 - INFO - ThreadPoolExecutor-0_8 - [PROD] Sending payload 599/1000 | Order Number: V4063006601
2026-06-30 21:16:46,396 - INFO - ThreadPoolExecutor-0_4 - [PROD] Payload 590/1000 sent successfully. Status Code: 200
2026-06-30 21:16:46,398 - INFO - ThreadPoolExecutor-0_4 - [PROD] Sending payload 600/1000 | Order Number: V4063006602
2026-06-30 21:16:46,673 - INFO - ThreadPoolExecutor-0_5 - [PROD] Payload 592/1000 sent successfully. Status Code: 200
2026-06-30 21:16:46,675 - INFO - ThreadPoolExecutor-0_5 - [PROD] Sending payload 601/1000 | Order Number: V4063006603
2026-06-30 21:16:46,705 - INFO - ThreadPoolExecutor-0_9 - [PROD] Payload 591/1000 sent successfully. Status Code: 200
2026-06-30 21:16:46,706 - INFO - ThreadPoolExecutor-0_9 - [PROD] Sending payload 602/1000 | Order Number: V4063006604
2026-06-30 21:16:46,892 - INFO - ThreadPoolExecutor-0_2 - [PROD] Payload 593/1000 sent successfully. Status Code: 200
2026-06-30 21:16:46,893 - INFO - ThreadPoolExecutor-0_2 - [PROD] Sending payload 603/1000 | Order Number: V4063006605
2026-06-30 21:16:46,923 - INFO - ThreadPoolExecutor-0_1 - [PROD] Payload 594/1000 sent successfully. Status Code: 200
2026-06-30 21:16:46,923 - INFO - ThreadPoolExecutor-0_1 - [PROD] Sending payload 604/1000 | Order Number: V4063006606
2026-06-30 21:16:47,091 - INFO - ThreadPoolExecutor-0_3 - [PROD] Payload 595/1000 sent successfully. Status Code: 200
2026-06-30 21:16:47,093 - INFO - ThreadPoolExecutor-0_3 - [PROD] Sending payload 605/1000 | Order Number: V4063006607
2026-06-30 21:16:47,199 - INFO - ThreadPoolExecutor-0_0 - [PROD] Payload 596/1000 sent successfully. Status Code: 200
2026-06-30 21:16:47,201 - INFO - ThreadPoolExecutor-0_0 - [PROD] Sending payload 606/1000 | Order Number: V4063006608
2026-06-30 21:16:47,274 - INFO - ThreadPoolExecutor-0_6 - [PROD] Payload 597/1000 sent successfully. Status Code: 200
2026-06-30 21:16:47,276 - INFO - ThreadPoolExecutor-0_6 - [PROD] Sending payload 607/1000 | Order Number: V4063006609
2026-06-30 21:16:47,830 - INFO - ThreadPoolExecutor-0_7 - [PROD] Payload 598/1000 sent successfully. Status Code: 200
2026-06-30 21:16:47,832 - INFO - ThreadPoolExecutor-0_7 - [PROD] Sending payload 608/1000 | Order Number: V4063006610
2026-06-30 21:16:48,027 - INFO - ThreadPoolExecutor-0_8 - [PROD] Payload 599/1000 sent successfully. Status Code: 200
2026-06-30 21:16:48,028 - INFO - ThreadPoolExecutor-0_8 - [PROD] Sending payload 609/1000 | Order Number: V4063006611
2026-06-30 21:16:48,258 - INFO - ThreadPoolExecutor-0_4 - [PROD] Payload 600/1000 sent successfully. Status Code: 200
2026-06-30 21:16:48,259 - INFO - ThreadPoolExecutor-0_4 - [PROD] Sending payload 610/1000 | Order Number: V4063006612
2026-06-30 21:16:48,454 - INFO - ThreadPoolExecutor-0_5 - [PROD] Payload 601/1000 sent successfully. Status Code: 200
2026-06-30 21:16:48,454 - INFO - ThreadPoolExecutor-0_5 - [PROD] Sending payload 611/1000 | Order Number: V4063006613
2026-06-30 21:16:48,538 - INFO - ThreadPoolExecutor-0_9 - [PROD] Payload 602/1000 sent successfully. Status Code: 200
2026-06-30 21:16:48,540 - INFO - ThreadPoolExecutor-0_9 - [PROD] Sending payload 612/1000 | Order Number: V4063006614
2026-06-30 21:16:48,717 - INFO - ThreadPoolExecutor-0_2 - [PROD] Payload 603/1000 sent successfully. Status Code: 200
2026-06-30 21:16:48,718 - INFO - ThreadPoolExecutor-0_2 - [PROD] Sending payload 613/1000 | Order Number: V4063006615
2026-06-30 21:16:48,733 - INFO - ThreadPoolExecutor-0_1 - [PROD] Payload 604/1000 sent successfully. Status Code: 200
2026-06-30 21:16:48,734 - INFO - ThreadPoolExecutor-0_1 - [PROD] Sending payload 614/1000 | Order Number: V4063006616
2026-06-30 21:16:48,959 - INFO - ThreadPoolExecutor-0_3 - [PROD] Payload 605/1000 sent successfully. Status Code: 200
2026-06-30 21:16:48,959 - INFO - ThreadPoolExecutor-0_3 - [PROD] Sending payload 615/1000 | Order Number: V4063006617
2026-06-30 21:16:49,047 - INFO - ThreadPoolExecutor-0_0 - [PROD] Payload 606/1000 sent successfully. Status Code: 200
2026-06-30 21:16:49,048 - INFO - ThreadPoolExecutor-0_0 - [PROD] Sending payload 616/1000 | Order Number: V4063006618
2026-06-30 21:16:49,232 - INFO - ThreadPoolExecutor-0_6 - [PROD] Payload 607/1000 sent successfully. Status Code: 200
2026-06-30 21:16:49,234 - INFO - ThreadPoolExecutor-0_6 - [PROD] Sending payload 617/1000 | Order Number: V4063006619
2026-06-30 21:16:49,644 - INFO - ThreadPoolExecutor-0_7 - [PROD] Payload 608/1000 sent successfully. Status Code: 200
2026-06-30 21:16:49,646 - INFO - ThreadPoolExecutor-0_7 - [PROD] Sending payload 618/1000 | Order Number: V4063006620
2026-06-30 21:16:49,915 - INFO - ThreadPoolExecutor-0_8 - [PROD] Payload 609/1000 sent successfully. Status Code: 200
2026-06-30 21:16:49,916 - INFO - ThreadPoolExecutor-0_8 - [PROD] Sending payload 619/1000 | Order Number: V4063006621
2026-06-30 21:16:50,118 - INFO - ThreadPoolExecutor-0_4 - [PROD] Payload 610/1000 sent successfully. Status Code: 200
2026-06-30 21:16:50,120 - INFO - ThreadPoolExecutor-0_4 - [PROD] Sending payload 620/1000 | Order Number: V4063006622
2026-06-30 21:16:50,279 - INFO - ThreadPoolExecutor-0_5 - [PROD] Payload 611/1000 sent successfully. Status Code: 200
2026-06-30 21:16:50,281 - INFO - ThreadPoolExecutor-0_5 - [PROD] Sending payload 621/1000 | Order Number: V4063006623
2026-06-30 21:16:50,499 - INFO - ThreadPoolExecutor-0_2 - [PROD] Payload 613/1000 sent successfully. Status Code: 200
2026-06-30 21:16:50,500 - INFO - ThreadPoolExecutor-0_2 - [PROD] Sending payload 622/1000 | Order Number: V4063006624
2026-06-30 21:16:50,510 - INFO - ThreadPoolExecutor-0_9 - [PROD] Payload 612/1000 sent successfully. Status Code: 200
2026-06-30 21:16:50,511 - INFO - ThreadPoolExecutor-0_9 - [PROD] Sending payload 623/1000 | Order Number: V4063006625
2026-06-30 21:16:50,682 - INFO - ThreadPoolExecutor-0_1 - [PROD] Payload 614/1000 sent successfully. Status Code: 200
2026-06-30 21:16:50,683 - INFO - ThreadPoolExecutor-0_1 - [PROD] Sending payload 624/1000 | Order Number: V4063006626
2026-06-30 21:16:50,791 - INFO - ThreadPoolExecutor-0_3 - [PROD] Payload 615/1000 sent successfully. Status Code: 200
2026-06-30 21:16:50,793 - INFO - ThreadPoolExecutor-0_3 - [PROD] Sending payload 625/1000 | Order Number: V4063006627
2026-06-30 21:16:50,903 - INFO - ThreadPoolExecutor-0_0 - [PROD] Payload 616/1000 sent successfully. Status Code: 200
2026-06-30 21:16:50,905 - INFO - ThreadPoolExecutor-0_0 - [PROD] Sending payload 626/1000 | Order Number: V4063006628
2026-06-30 21:16:51,098 - INFO - ThreadPoolExecutor-0_6 - [PROD] Payload 617/1000 sent successfully. Status Code: 200
2026-06-30 21:16:51,100 - INFO - ThreadPoolExecutor-0_6 - [PROD] Sending payload 627/1000 | Order Number: V4063006629
2026-06-30 21:16:51,484 - INFO - ThreadPoolExecutor-0_7 - [PROD] Payload 618/1000 sent successfully. Status Code: 200
2026-06-30 21:16:51,486 - INFO - ThreadPoolExecutor-0_7 - [PROD] Sending payload 628/1000 | Order Number: V4063006630
2026-06-30 21:16:51,883 - INFO - ThreadPoolExecutor-0_8 - [PROD] Payload 619/1000 sent successfully. Status Code: 200
2026-06-30 21:16:51,884 - INFO - ThreadPoolExecutor-0_8 - [PROD] Sending payload 629/1000 | Order Number: V4063006631
2026-06-30 21:16:52,130 - INFO - ThreadPoolExecutor-0_5 - [PROD] Payload 621/1000 sent successfully. Status Code: 200
2026-06-30 21:16:52,132 - INFO - ThreadPoolExecutor-0_5 - [PROD] Sending payload 630/1000 | Order Number: V4063006632
2026-06-30 21:16:52,251 - INFO - ThreadPoolExecutor-0_4 - [PROD] Payload 620/1000 sent successfully. Status Code: 200
2026-06-30 21:16:52,253 - INFO - ThreadPoolExecutor-0_4 - [PROD] Sending payload 631/1000 | Order Number: V4063006633
2026-06-30 21:16:52,357 - INFO - ThreadPoolExecutor-0_2 - [PROD] Payload 622/1000 sent successfully. Status Code: 200
2026-06-30 21:16:52,364 - INFO - ThreadPoolExecutor-0_2 - [PROD] Sending payload 632/1000 | Order Number: V4063006634
2026-06-30 21:16:52,377 - INFO - ThreadPoolExecutor-0_9 - [PROD] Payload 623/1000 sent successfully. Status Code: 200
2026-06-30 21:16:52,378 - INFO - ThreadPoolExecutor-0_9 - [PROD] Sending payload 633/1000 | Order Number: V4063006635
2026-06-30 21:16:52,551 - INFO - ThreadPoolExecutor-0_1 - [PROD] Payload 624/1000 sent successfully. Status Code: 200
2026-06-30 21:16:52,552 - INFO - ThreadPoolExecutor-0_1 - [PROD] Sending payload 634/1000 | Order Number: V4063006636
2026-06-30 21:16:52,715 - INFO - ThreadPoolExecutor-0_3 - [PROD] Payload 625/1000 sent successfully. Status Code: 200
2026-06-30 21:16:52,717 - INFO - ThreadPoolExecutor-0_3 - [PROD] Sending payload 635/1000 | Order Number: V4063006637
2026-06-30 21:16:52,719 - INFO - ThreadPoolExecutor-0_0 - [PROD] Payload 626/1000 sent successfully. Status Code: 200
2026-06-30 21:16:52,720 - INFO - ThreadPoolExecutor-0_0 - [PROD] Sending payload 636/1000 | Order Number: V4063006638
2026-06-30 21:16:52,953 - INFO - ThreadPoolExecutor-0_6 - [PROD] Payload 627/1000 sent successfully. Status Code: 200
2026-06-30 21:16:52,955 - INFO - ThreadPoolExecutor-0_6 - [PROD] Sending payload 637/1000 | Order Number: V4063006639
2026-06-30 21:16:53,379 - INFO - ThreadPoolExecutor-0_7 - [PROD] Payload 628/1000 sent successfully. Status Code: 200
2026-06-30 21:16:53,380 - INFO - ThreadPoolExecutor-0_7 - [PROD] Sending payload 638/1000 | Order Number: V4063006640
2026-06-30 21:16:53,774 - INFO - ThreadPoolExecutor-0_8 - [PROD] Payload 629/1000 sent successfully. Status Code: 200
2026-06-30 21:16:53,775 - INFO - ThreadPoolExecutor-0_8 - [PROD] Sending payload 639/1000 | Order Number: V4063006641
2026-06-30 21:16:54,072 - INFO - ThreadPoolExecutor-0_5 - [PROD] Payload 630/1000 sent successfully. Status Code: 200
2026-06-30 21:16:54,074 - INFO - ThreadPoolExecutor-0_5 - [PROD] Sending payload 640/1000 | Order Number: V4063006642
2026-06-30 21:16:54,197 - INFO - ThreadPoolExecutor-0_9 - [PROD] Payload 633/1000 sent successfully. Status Code: 200
2026-06-30 21:16:54,200 - INFO - ThreadPoolExecutor-0_9 - [PROD] Sending payload 641/1000 | Order Number: V4063006643
2026-06-30 21:16:54,284 - INFO - ThreadPoolExecutor-0_4 - [PROD] Payload 631/1000 sent successfully. Status Code: 200
2026-06-30 21:16:54,285 - INFO - ThreadPoolExecutor-0_4 - [PROD] Sending payload 642/1000 | Order Number: V4063006644
2026-06-30 21:16:54,420 - INFO - ThreadPoolExecutor-0_2 - [PROD] Payload 632/1000 sent successfully. Status Code: 200
2026-06-30 21:16:54,421 - INFO - ThreadPoolExecutor-0_2 - [PROD] Sending payload 643/1000 | Order Number: V4063006645
2026-06-30 21:16:54,565 - INFO - ThreadPoolExecutor-0_3 - [PROD] Payload 635/1000 sent successfully. Status Code: 200
2026-06-30 21:16:54,568 - INFO - ThreadPoolExecutor-0_3 - [PROD] Sending payload 644/1000 | Order Number: V4063006646
2026-06-30 21:16:54,615 - INFO - ThreadPoolExecutor-0_0 - [PROD] Payload 636/1000 sent successfully. Status Code: 200
2026-06-30 21:16:54,616 - INFO - ThreadPoolExecutor-0_0 - [PROD] Sending payload 645/1000 | Order Number: V4063006647
2026-06-30 21:16:54,688 - INFO - ThreadPoolExecutor-0_1 - [PROD] Payload 634/1000 sent successfully. Status Code: 200
2026-06-30 21:16:54,689 - INFO - ThreadPoolExecutor-0_1 - [PROD] Sending payload 646/1000 | Order Number: V4063006648
2026-06-30 21:16:54,896 - INFO - ThreadPoolExecutor-0_6 - [PROD] Payload 637/1000 sent successfully. Status Code: 200
2026-06-30 21:16:54,898 - INFO - ThreadPoolExecutor-0_6 - [PROD] Sending payload 647/1000 | Order Number: V4063006649
2026-06-30 21:16:55,247 - INFO - ThreadPoolExecutor-0_7 - [PROD] Payload 638/1000 sent successfully. Status Code: 200
2026-06-30 21:16:55,249 - INFO - ThreadPoolExecutor-0_7 - [PROD] Sending payload 648/1000 | Order Number: V4063006650
2026-06-30 21:16:55,588 - INFO - ThreadPoolExecutor-0_8 - [PROD] Payload 639/1000 sent successfully. Status Code: 200
2026-06-30 21:16:55,591 - INFO - ThreadPoolExecutor-0_8 - [PROD] Sending payload 649/1000 | Order Number: V4063006651
2026-06-30 21:16:55,934 - INFO - ThreadPoolExecutor-0_5 - [PROD] Payload 640/1000 sent successfully. Status Code: 200
2026-06-30 21:16:55,935 - INFO - ThreadPoolExecutor-0_5 - [PROD] Sending payload 650/1000 | Order Number: V4063006652
2026-06-30 21:16:56,087 - INFO - ThreadPoolExecutor-0_9 - [PROD] Payload 641/1000 sent successfully. Status Code: 200
2026-06-30 21:16:56,089 - INFO - ThreadPoolExecutor-0_9 - [PROD] Sending payload 651/1000 | Order Number: V4063006653
2026-06-30 21:16:56,133 - INFO - ThreadPoolExecutor-0_4 - [PROD] Payload 642/1000 sent successfully. Status Code: 200
2026-06-30 21:16:56,134 - INFO - ThreadPoolExecutor-0_4 - [PROD] Sending payload 652/1000 | Order Number: V4063006654
2026-06-30 21:16:56,424 - INFO - ThreadPoolExecutor-0_3 - [PROD] Payload 644/1000 sent successfully. Status Code: 200
2026-06-30 21:16:56,425 - INFO - ThreadPoolExecutor-0_3 - [PROD] Sending payload 653/1000 | Order Number: V4063006655
2026-06-30 21:16:56,447 - INFO - ThreadPoolExecutor-0_0 - [PROD] Payload 645/1000 sent successfully. Status Code: 200
2026-06-30 21:16:56,447 - INFO - ThreadPoolExecutor-0_0 - [PROD] Sending payload 654/1000 | Order Number: V4063006656
2026-06-30 21:16:56,502 - INFO - ThreadPoolExecutor-0_2 - [PROD] Payload 643/1000 sent successfully. Status Code: 200
2026-06-30 21:16:56,503 - INFO - ThreadPoolExecutor-0_2 - [PROD] Sending payload 655/1000 | Order Number: V4063006657
2026-06-30 21:16:56,630 - INFO - ThreadPoolExecutor-0_1 - [PROD] Payload 646/1000 sent successfully. Status Code: 200
2026-06-30 21:16:56,630 - INFO - ThreadPoolExecutor-0_1 - [PROD] Sending payload 656/1000 | Order Number: V4063006658
2026-06-30 21:16:56,719 - INFO - ThreadPoolExecutor-0_6 - [PROD] Payload 647/1000 sent successfully. Status Code: 200
2026-06-30 21:16:56,720 - INFO - ThreadPoolExecutor-0_6 - [PROD] Sending payload 657/1000 | Order Number: V4063006659
2026-06-30 21:16:57,326 - INFO - ThreadPoolExecutor-0_7 - [PROD] Payload 648/1000 sent successfully. Status Code: 200
2026-06-30 21:16:57,328 - INFO - ThreadPoolExecutor-0_7 - [PROD] Sending payload 658/1000 | Order Number: V4063006660
2026-06-30 21:16:57,511 - INFO - ThreadPoolExecutor-0_8 - [PROD] Payload 649/1000 sent successfully. Status Code: 200
2026-06-30 21:16:57,515 - INFO - ThreadPoolExecutor-0_8 - [PROD] Sending payload 659/1000 | Order Number: V4063006661
2026-06-30 21:16:57,803 - INFO - ThreadPoolExecutor-0_5 - [PROD] Payload 650/1000 sent successfully. Status Code: 200
2026-06-30 21:16:57,804 - INFO - ThreadPoolExecutor-0_5 - [PROD] Sending payload 660/1000 | Order Number: V4063006662
2026-06-30 21:16:57,871 - INFO - ThreadPoolExecutor-0_9 - [PROD] Payload 651/1000 sent successfully. Status Code: 200
2026-06-30 21:16:57,873 - INFO - ThreadPoolExecutor-0_9 - [PROD] Sending payload 661/1000 | Order Number: V4063006663
2026-06-30 21:16:57,977 - INFO - ThreadPoolExecutor-0_4 - [PROD] Payload 652/1000 sent successfully. Status Code: 200
2026-06-30 21:16:57,977 - INFO - ThreadPoolExecutor-0_4 - [PROD] Sending payload 662/1000 | Order Number: V4063006664
2026-06-30 21:16:58,302 - INFO - ThreadPoolExecutor-0_0 - [PROD] Payload 654/1000 sent successfully. Status Code: 200
2026-06-30 21:16:58,303 - INFO - ThreadPoolExecutor-0_0 - [PROD] Sending payload 663/1000 | Order Number: V4063006665
2026-06-30 21:16:58,314 - INFO - ThreadPoolExecutor-0_2 - [PROD] Payload 655/1000 sent successfully. Status Code: 200
2026-06-30 21:16:58,315 - INFO - ThreadPoolExecutor-0_2 - [PROD] Sending payload 664/1000 | Order Number: V4063006666
2026-06-30 21:16:58,383 - INFO - ThreadPoolExecutor-0_3 - [PROD] Payload 653/1000 sent successfully. Status Code: 200
2026-06-30 21:16:58,384 - INFO - ThreadPoolExecutor-0_3 - [PROD] Sending payload 665/1000 | Order Number: V4063006667
2026-06-30 21:16:58,497 - INFO - ThreadPoolExecutor-0_1 - [PROD] Payload 656/1000 sent successfully. Status Code: 200
2026-06-30 21:16:58,498 - INFO - ThreadPoolExecutor-0_1 - [PROD] Sending payload 666/1000 | Order Number: V4063006668
2026-06-30 21:16:58,554 - INFO - ThreadPoolExecutor-0_6 - [PROD] Payload 657/1000 sent successfully. Status Code: 200
2026-06-30 21:16:58,556 - INFO - ThreadPoolExecutor-0_6 - [PROD] Sending payload 667/1000 | Order Number: V4063006669
2026-06-30 21:16:59,144 - INFO - ThreadPoolExecutor-0_7 - [PROD] Payload 658/1000 sent successfully. Status Code: 200
2026-06-30 21:16:59,146 - INFO - ThreadPoolExecutor-0_7 - [PROD] Sending payload 668/1000 | Order Number: V4063006670
2026-06-30 21:16:59,319 - INFO - ThreadPoolExecutor-0_8 - [PROD] Payload 659/1000 sent successfully. Status Code: 200
2026-06-30 21:16:59,320 - INFO - ThreadPoolExecutor-0_8 - [PROD] Sending payload 669/1000 | Order Number: V4063006671
2026-06-30 21:16:59,643 - INFO - ThreadPoolExecutor-0_5 - [PROD] Payload 660/1000 sent successfully. Status Code: 200
2026-06-30 21:16:59,645 - INFO - ThreadPoolExecutor-0_5 - [PROD] Sending payload 670/1000 | Order Number: V4063006672
2026-06-30 21:16:59,767 - INFO - ThreadPoolExecutor-0_4 - [PROD] Payload 662/1000 sent successfully. Status Code: 200
2026-06-30 21:16:59,769 - INFO - ThreadPoolExecutor-0_4 - [PROD] Sending payload 671/1000 | Order Number: V4063006673
2026-06-30 21:16:59,834 - INFO - ThreadPoolExecutor-0_9 - [PROD] Payload 661/1000 sent successfully. Status Code: 200
2026-06-30 21:16:59,836 - INFO - ThreadPoolExecutor-0_9 - [PROD] Sending payload 672/1000 | Order Number: V4063006674
2026-06-30 21:17:00,144 - INFO - ThreadPoolExecutor-0_2 - [PROD] Payload 664/1000 sent successfully. Status Code: 200
2026-06-30 21:17:00,146 - INFO - ThreadPoolExecutor-0_2 - [PROD] Sending payload 673/1000 | Order Number: V4063006675
2026-06-30 21:17:00,174 - INFO - ThreadPoolExecutor-0_0 - [PROD] Payload 663/1000 sent successfully. Status Code: 200
2026-06-30 21:17:00,175 - INFO - ThreadPoolExecutor-0_0 - [PROD] Sending payload 674/1000 | Order Number: V4063006676
2026-06-30 21:17:00,301 - INFO - ThreadPoolExecutor-0_3 - [PROD] Payload 665/1000 sent successfully. Status Code: 200
2026-06-30 21:17:00,303 - INFO - ThreadPoolExecutor-0_3 - [PROD] Sending payload 675/1000 | Order Number: V4063006677
2026-06-30 21:17:00,380 - INFO - ThreadPoolExecutor-0_1 - [PROD] Payload 666/1000 sent successfully. Status Code: 200
2026-06-30 21:17:00,381 - INFO - ThreadPoolExecutor-0_1 - [PROD] Sending payload 676/1000 | Order Number: V4063006678
2026-06-30 21:17:00,924 - INFO - ThreadPoolExecutor-0_6 - [PROD] Payload 667/1000 sent successfully. Status Code: 200
2026-06-30 21:17:00,925 - INFO - ThreadPoolExecutor-0_6 - [PROD] Sending payload 677/1000 | Order Number: V4063006679
2026-06-30 21:17:00,953 - INFO - ThreadPoolExecutor-0_7 - [PROD] Payload 668/1000 sent successfully. Status Code: 200
2026-06-30 21:17:00,954 - INFO - ThreadPoolExecutor-0_7 - [PROD] Sending payload 678/1000 | Order Number: V4063006680
2026-06-30 21:17:01,117 - INFO - ThreadPoolExecutor-0_8 - [PROD] Payload 669/1000 sent successfully. Status Code: 200
2026-06-30 21:17:01,119 - INFO - ThreadPoolExecutor-0_8 - [PROD] Sending payload 679/1000 | Order Number: V4063006681
2026-06-30 21:17:01,524 - INFO - ThreadPoolExecutor-0_5 - [PROD] Payload 670/1000 sent successfully. Status Code: 200
2026-06-30 21:17:01,526 - INFO - ThreadPoolExecutor-0_5 - [PROD] Sending payload 680/1000 | Order Number: V4063006682
2026-06-30 21:17:01,566 - INFO - ThreadPoolExecutor-0_4 - [PROD] Payload 671/1000 sent successfully. Status Code: 200
2026-06-30 21:17:01,567 - INFO - ThreadPoolExecutor-0_4 - [PROD] Sending payload 681/1000 | Order Number: V4063006683
2026-06-30 21:17:01,765 - INFO - ThreadPoolExecutor-0_9 - [PROD] Payload 672/1000 sent successfully. Status Code: 200
2026-06-30 21:17:01,767 - INFO - ThreadPoolExecutor-0_9 - [PROD] Sending payload 682/1000 | Order Number: V4063006684
2026-06-30 21:17:02,145 - INFO - ThreadPoolExecutor-0_0 - [PROD] Payload 674/1000 sent successfully. Status Code: 200
2026-06-30 21:17:02,147 - INFO - ThreadPoolExecutor-0_0 - [PROD] Sending payload 683/1000 | Order Number: V4063006685
2026-06-30 21:17:02,150 - INFO - ThreadPoolExecutor-0_1 - [PROD] Payload 676/1000 sent successfully. Status Code: 200
2026-06-30 21:17:02,150 - INFO - ThreadPoolExecutor-0_1 - [PROD] Sending payload 684/1000 | Order Number: V4063006686
2026-06-30 21:17:02,178 - INFO - ThreadPoolExecutor-0_2 - [PROD] Payload 673/1000 sent successfully. Status Code: 200
2026-06-30 21:17:02,179 - INFO - ThreadPoolExecutor-0_2 - [PROD] Sending payload 685/1000 | Order Number: V4063006687
2026-06-30 21:17:02,405 - INFO - ThreadPoolExecutor-0_3 - [PROD] Payload 675/1000 sent successfully. Status Code: 200
2026-06-30 21:17:02,407 - INFO - ThreadPoolExecutor-0_3 - [PROD] Sending payload 686/1000 | Order Number: V4063006688
2026-06-30 21:17:02,786 - INFO - ThreadPoolExecutor-0_7 - [PROD] Payload 678/1000 sent successfully. Status Code: 200
2026-06-30 21:17:02,787 - INFO - ThreadPoolExecutor-0_7 - [PROD] Sending payload 687/1000 | Order Number: V4063006689
2026-06-30 21:17:02,912 - INFO - ThreadPoolExecutor-0_6 - [PROD] Payload 677/1000 sent successfully. Status Code: 200
2026-06-30 21:17:02,913 - INFO - ThreadPoolExecutor-0_6 - [PROD] Sending payload 688/1000 | Order Number: V4063006690
2026-06-30 21:17:03,103 - INFO - ThreadPoolExecutor-0_8 - [PROD] Payload 679/1000 sent successfully. Status Code: 200
2026-06-30 21:17:03,104 - INFO - ThreadPoolExecutor-0_8 - [PROD] Sending payload 689/1000 | Order Number: V4063006691
2026-06-30 21:17:03,388 - INFO - ThreadPoolExecutor-0_4 - [PROD] Payload 681/1000 sent successfully. Status Code: 200
2026-06-30 21:17:03,391 - INFO - ThreadPoolExecutor-0_4 - [PROD] Sending payload 690/1000 | Order Number: V4063006692
2026-06-30 21:17:03,662 - INFO - ThreadPoolExecutor-0_5 - [PROD] Payload 680/1000 sent successfully. Status Code: 200
2026-06-30 21:17:03,665 - INFO - ThreadPoolExecutor-0_5 - [PROD] Sending payload 691/1000 | Order Number: V4063006693
2026-06-30 21:17:03,854 - INFO - ThreadPoolExecutor-0_9 - [PROD] Payload 682/1000 sent successfully. Status Code: 200
2026-06-30 21:17:03,855 - INFO - ThreadPoolExecutor-0_9 - [PROD] Sending payload 692/1000 | Order Number: V4063006694
2026-06-30 21:17:03,943 - INFO - ThreadPoolExecutor-0_0 - [PROD] Payload 683/1000 sent successfully. Status Code: 200
2026-06-30 21:17:03,946 - INFO - ThreadPoolExecutor-0_0 - [PROD] Sending payload 693/1000 | Order Number: V4063006695
2026-06-30 21:17:04,043 - INFO - ThreadPoolExecutor-0_1 - [PROD] Payload 684/1000 sent successfully. Status Code: 200
2026-06-30 21:17:04,044 - INFO - ThreadPoolExecutor-0_1 - [PROD] Sending payload 694/1000 | Order Number: V4063006696
2026-06-30 21:17:04,178 - INFO - ThreadPoolExecutor-0_2 - [PROD] Payload 685/1000 sent successfully. Status Code: 200
2026-06-30 21:17:04,180 - INFO - ThreadPoolExecutor-0_2 - [PROD] Sending payload 695/1000 | Order Number: V4063006697
2026-06-30 21:17:04,255 - INFO - ThreadPoolExecutor-0_3 - [PROD] Payload 686/1000 sent successfully. Status Code: 200
2026-06-30 21:17:04,256 - INFO - ThreadPoolExecutor-0_3 - [PROD] Sending payload 696/1000 | Order Number: V4063006698
2026-06-30 21:17:04,634 - INFO - ThreadPoolExecutor-0_7 - [PROD] Payload 687/1000 sent successfully. Status Code: 200
2026-06-30 21:17:04,636 - INFO - ThreadPoolExecutor-0_7 - [PROD] Sending payload 697/1000 | Order Number: V4063006699
2026-06-30 21:17:04,815 - INFO - ThreadPoolExecutor-0_6 - [PROD] Payload 688/1000 sent successfully. Status Code: 200
2026-06-30 21:17:04,817 - INFO - ThreadPoolExecutor-0_6 - [PROD] Sending payload 698/1000 | Order Number: V4063006700
2026-06-30 21:17:04,917 - INFO - ThreadPoolExecutor-0_8 - [PROD] Payload 689/1000 sent successfully. Status Code: 200
2026-06-30 21:17:04,918 - INFO - ThreadPoolExecutor-0_8 - [PROD] Sending payload 699/1000 | Order Number: V4063006701
2026-06-30 21:17:05,192 - INFO - ThreadPoolExecutor-0_4 - [PROD] Payload 690/1000 sent successfully. Status Code: 200
2026-06-30 21:17:05,198 - INFO - ThreadPoolExecutor-0_4 - [PROD] Sending payload 700/1000 | Order Number: V4063006702
2026-06-30 21:17:05,480 - INFO - ThreadPoolExecutor-0_5 - [PROD] Payload 691/1000 sent successfully. Status Code: 200
2026-06-30 21:17:05,481 - INFO - ThreadPoolExecutor-0_5 - [PROD] Sending payload 701/1000 | Order Number: V4063006703
2026-06-30 21:17:05,653 - INFO - ThreadPoolExecutor-0_9 - [PROD] Payload 692/1000 sent successfully. Status Code: 200
2026-06-30 21:17:05,655 - INFO - ThreadPoolExecutor-0_9 - [PROD] Sending payload 702/1000 | Order Number: V4063006704
2026-06-30 21:17:05,818 - INFO - ThreadPoolExecutor-0_0 - [PROD] Payload 693/1000 sent successfully. Status Code: 200
2026-06-30 21:17:05,820 - INFO - ThreadPoolExecutor-0_0 - [PROD] Sending payload 703/1000 | Order Number: V4063006705
2026-06-30 21:17:05,962 - INFO - ThreadPoolExecutor-0_1 - [PROD] Payload 694/1000 sent successfully. Status Code: 200
2026-06-30 21:17:05,963 - INFO - ThreadPoolExecutor-0_1 - [PROD] Sending payload 704/1000 | Order Number: V4063006706
2026-06-30 21:17:05,997 - INFO - ThreadPoolExecutor-0_2 - [PROD] Payload 695/1000 sent successfully. Status Code: 200
2026-06-30 21:17:05,998 - INFO - ThreadPoolExecutor-0_2 - [PROD] Sending payload 705/1000 | Order Number: V4063006707
2026-06-30 21:17:06,204 - INFO - ThreadPoolExecutor-0_3 - [PROD] Payload 696/1000 sent successfully. Status Code: 200
2026-06-30 21:17:06,206 - INFO - ThreadPoolExecutor-0_3 - [PROD] Sending payload 706/1000 | Order Number: V4063006708
2026-06-30 21:17:06,519 - INFO - ThreadPoolExecutor-0_7 - [PROD] Payload 697/1000 sent successfully. Status Code: 200
2026-06-30 21:17:06,521 - INFO - ThreadPoolExecutor-0_7 - [PROD] Sending payload 707/1000 | Order Number: V4063006709
2026-06-30 21:17:06,669 - INFO - ThreadPoolExecutor-0_6 - [PROD] Payload 698/1000 sent successfully. Status Code: 200
2026-06-30 21:17:06,671 - INFO - ThreadPoolExecutor-0_6 - [PROD] Sending payload 708/1000 | Order Number: V4063006710
2026-06-30 21:17:06,705 - INFO - ThreadPoolExecutor-0_8 - [PROD] Payload 699/1000 sent successfully. Status Code: 200
2026-06-30 21:17:06,705 - INFO - ThreadPoolExecutor-0_8 - [PROD] Sending payload 709/1000 | Order Number: V4063006711
2026-06-30 21:17:07,036 - INFO - ThreadPoolExecutor-0_4 - [PROD] Payload 700/1000 sent successfully. Status Code: 200
2026-06-30 21:17:07,037 - INFO - ThreadPoolExecutor-0_4 - [PROD] Sending payload 710/1000 | Order Number: V4063006712
2026-06-30 21:17:07,297 - INFO - ThreadPoolExecutor-0_5 - [PROD] Payload 701/1000 sent successfully. Status Code: 200
2026-06-30 21:17:07,301 - INFO - ThreadPoolExecutor-0_5 - [PROD] Sending payload 711/1000 | Order Number: V4063006713
2026-06-30 21:17:07,469 - INFO - ThreadPoolExecutor-0_9 - [PROD] Payload 702/1000 sent successfully. Status Code: 200
2026-06-30 21:17:07,470 - INFO - ThreadPoolExecutor-0_9 - [PROD] Sending payload 712/1000 | Order Number: V4063006714
2026-06-30 21:17:07,599 - INFO - ThreadPoolExecutor-0_0 - [PROD] Payload 703/1000 sent successfully. Status Code: 200
2026-06-30 21:17:07,600 - INFO - ThreadPoolExecutor-0_0 - [PROD] Sending payload 713/1000 | Order Number: V4063006715
2026-06-30 21:17:07,787 - INFO - ThreadPoolExecutor-0_1 - [PROD] Payload 704/1000 sent successfully. Status Code: 200
2026-06-30 21:17:07,788 - INFO - ThreadPoolExecutor-0_1 - [PROD] Sending payload 714/1000 | Order Number: V4063006716
2026-06-30 21:17:07,891 - INFO - ThreadPoolExecutor-0_2 - [PROD] Payload 705/1000 sent successfully. Status Code: 200
2026-06-30 21:17:07,893 - INFO - ThreadPoolExecutor-0_2 - [PROD] Sending payload 715/1000 | Order Number: V4063006717
2026-06-30 21:17:07,985 - INFO - ThreadPoolExecutor-0_3 - [PROD] Payload 706/1000 sent successfully. Status Code: 200
2026-06-30 21:17:07,987 - INFO - ThreadPoolExecutor-0_3 - [PROD] Sending payload 716/1000 | Order Number: V4063006718
2026-06-30 21:17:08,306 - INFO - ThreadPoolExecutor-0_7 - [PROD] Payload 707/1000 sent successfully. Status Code: 200
2026-06-30 21:17:08,308 - INFO - ThreadPoolExecutor-0_7 - [PROD] Sending payload 717/1000 | Order Number: V4063006719
2026-06-30 21:17:08,491 - INFO - ThreadPoolExecutor-0_6 - [PROD] Payload 708/1000 sent successfully. Status Code: 200
2026-06-30 21:17:08,492 - INFO - ThreadPoolExecutor-0_6 - [PROD] Sending payload 718/1000 | Order Number: V4063006720
2026-06-30 21:17:08,796 - INFO - ThreadPoolExecutor-0_8 - [PROD] Payload 709/1000 sent successfully. Status Code: 200
2026-06-30 21:17:08,798 - INFO - ThreadPoolExecutor-0_8 - [PROD] Sending payload 719/1000 | Order Number: V4063006721
2026-06-30 21:17:08,946 - INFO - ThreadPoolExecutor-0_4 - [PROD] Payload 710/1000 sent successfully. Status Code: 200
2026-06-30 21:17:08,948 - INFO - ThreadPoolExecutor-0_4 - [PROD] Sending payload 720/1000 | Order Number: V4063006722
2026-06-30 21:17:09,122 - INFO - ThreadPoolExecutor-0_5 - [PROD] Payload 711/1000 sent successfully. Status Code: 200
2026-06-30 21:17:09,123 - INFO - ThreadPoolExecutor-0_5 - [PROD] Sending payload 721/1000 | Order Number: V4063006723
2026-06-30 21:17:09,410 - INFO - ThreadPoolExecutor-0_9 - [PROD] Payload 712/1000 sent successfully. Status Code: 200
2026-06-30 21:17:09,412 - INFO - ThreadPoolExecutor-0_9 - [PROD] Sending payload 722/1000 | Order Number: V4063006724
2026-06-30 21:17:09,475 - INFO - ThreadPoolExecutor-0_0 - [PROD] Payload 713/1000 sent successfully. Status Code: 200
2026-06-30 21:17:09,476 - INFO - ThreadPoolExecutor-0_0 - [PROD] Sending payload 723/1000 | Order Number: V4063006725
2026-06-30 21:17:09,580 - INFO - ThreadPoolExecutor-0_1 - [PROD] Payload 714/1000 sent successfully. Status Code: 200
2026-06-30 21:17:09,581 - INFO - ThreadPoolExecutor-0_1 - [PROD] Sending payload 724/1000 | Order Number: V4063006726
2026-06-30 21:17:09,754 - INFO - ThreadPoolExecutor-0_2 - [PROD] Payload 715/1000 sent successfully. Status Code: 200
2026-06-30 21:17:09,756 - INFO - ThreadPoolExecutor-0_2 - [PROD] Sending payload 725/1000 | Order Number: V4063006727
2026-06-30 21:17:09,828 - INFO - ThreadPoolExecutor-0_3 - [PROD] Payload 716/1000 sent successfully. Status Code: 200
2026-06-30 21:17:09,830 - INFO - ThreadPoolExecutor-0_3 - [PROD] Sending payload 726/1000 | Order Number: V4063006728
2026-06-30 21:17:10,162 - INFO - ThreadPoolExecutor-0_7 - [PROD] Payload 717/1000 sent successfully. Status Code: 200
2026-06-30 21:17:10,164 - INFO - ThreadPoolExecutor-0_7 - [PROD] Sending payload 727/1000 | Order Number: V4063006729
2026-06-30 21:17:10,321 - INFO - ThreadPoolExecutor-0_6 - [PROD] Payload 718/1000 sent successfully. Status Code: 200
2026-06-30 21:17:10,322 - INFO - ThreadPoolExecutor-0_6 - [PROD] Sending payload 728/1000 | Order Number: V4063006730
2026-06-30 21:17:10,589 - INFO - ThreadPoolExecutor-0_8 - [PROD] Payload 719/1000 sent successfully. Status Code: 200
2026-06-30 21:17:10,591 - INFO - ThreadPoolExecutor-0_8 - [PROD] Sending payload 729/1000 | Order Number: V4063006731
2026-06-30 21:17:10,830 - INFO - ThreadPoolExecutor-0_4 - [PROD] Payload 720/1000 sent successfully. Status Code: 200
2026-06-30 21:17:10,832 - INFO - ThreadPoolExecutor-0_4 - [PROD] Sending payload 730/1000 | Order Number: V4063006732
2026-06-30 21:17:11,020 - INFO - ThreadPoolExecutor-0_5 - [PROD] Payload 721/1000 sent successfully. Status Code: 200
2026-06-30 21:17:11,021 - INFO - ThreadPoolExecutor-0_5 - [PROD] Sending payload 731/1000 | Order Number: V4063006733
2026-06-30 21:17:11,276 - INFO - ThreadPoolExecutor-0_0 - [PROD] Payload 723/1000 sent successfully. Status Code: 200
2026-06-30 21:17:11,278 - INFO - ThreadPoolExecutor-0_0 - [PROD] Sending payload 732/1000 | Order Number: V4063006734
2026-06-30 21:17:11,393 - INFO - ThreadPoolExecutor-0_1 - [PROD] Payload 724/1000 sent successfully. Status Code: 200
2026-06-30 21:17:11,395 - INFO - ThreadPoolExecutor-0_1 - [PROD] Sending payload 733/1000 | Order Number: V4063006735
2026-06-30 21:17:11,550 - INFO - ThreadPoolExecutor-0_9 - [PROD] Payload 722/1000 sent successfully. Status Code: 200
2026-06-30 21:17:11,551 - INFO - ThreadPoolExecutor-0_9 - [PROD] Sending payload 734/1000 | Order Number: V4063006736
2026-06-30 21:17:11,593 - INFO - ThreadPoolExecutor-0_2 - [PROD] Payload 725/1000 sent successfully. Status Code: 200
2026-06-30 21:17:11,593 - INFO - ThreadPoolExecutor-0_2 - [PROD] Sending payload 735/1000 | Order Number: V4063006737
2026-06-30 21:17:11,671 - INFO - ThreadPoolExecutor-0_3 - [PROD] Payload 726/1000 sent successfully. Status Code: 200
2026-06-30 21:17:11,672 - INFO - ThreadPoolExecutor-0_3 - [PROD] Sending payload 736/1000 | Order Number: V4063006738
2026-06-30 21:17:12,019 - INFO - ThreadPoolExecutor-0_7 - [PROD] Payload 727/1000 sent successfully. Status Code: 200
2026-06-30 21:17:12,021 - INFO - ThreadPoolExecutor-0_7 - [PROD] Sending payload 737/1000 | Order Number: V4063006739
2026-06-30 21:17:12,103 - INFO - ThreadPoolExecutor-0_6 - [PROD] Payload 728/1000 sent successfully. Status Code: 200
2026-06-30 21:17:12,104 - INFO - ThreadPoolExecutor-0_6 - [PROD] Sending payload 738/1000 | Order Number: V4063006740
2026-06-30 21:17:12,386 - INFO - ThreadPoolExecutor-0_8 - [PROD] Payload 729/1000 sent successfully. Status Code: 200
2026-06-30 21:17:12,387 - INFO - ThreadPoolExecutor-0_8 - [PROD] Sending payload 739/1000 | Order Number: V4063006741
2026-06-30 21:17:12,679 - INFO - ThreadPoolExecutor-0_4 - [PROD] Payload 730/1000 sent successfully. Status Code: 200
2026-06-30 21:17:12,681 - INFO - ThreadPoolExecutor-0_4 - [PROD] Sending payload 740/1000 | Order Number: V4063006742
2026-06-30 21:17:12,854 - INFO - ThreadPoolExecutor-0_5 - [PROD] Payload 731/1000 sent successfully. Status Code: 200
2026-06-30 21:17:12,857 - INFO - ThreadPoolExecutor-0_5 - [PROD] Sending payload 741/1000 | Order Number: V4063006743
2026-06-30 21:17:13,092 - INFO - ThreadPoolExecutor-0_0 - [PROD] Payload 732/1000 sent successfully. Status Code: 200
2026-06-30 21:17:13,094 - INFO - ThreadPoolExecutor-0_0 - [PROD] Sending payload 742/1000 | Order Number: V4063006744
2026-06-30 21:17:13,236 - INFO - ThreadPoolExecutor-0_1 - [PROD] Payload 733/1000 sent successfully. Status Code: 200
2026-06-30 21:17:13,237 - INFO - ThreadPoolExecutor-0_1 - [PROD] Sending payload 743/1000 | Order Number: V4063006745
2026-06-30 21:17:13,411 - INFO - ThreadPoolExecutor-0_9 - [PROD] Payload 734/1000 sent successfully. Status Code: 200
2026-06-30 21:17:13,413 - INFO - ThreadPoolExecutor-0_9 - [PROD] Sending payload 744/1000 | Order Number: V4063006746
2026-06-30 21:17:13,463 - INFO - ThreadPoolExecutor-0_3 - [PROD] Payload 736/1000 sent successfully. Status Code: 200
2026-06-30 21:17:13,463 - INFO - ThreadPoolExecutor-0_3 - [PROD] Sending payload 745/1000 | Order Number: V4063006747
2026-06-30 21:17:13,519 - INFO - ThreadPoolExecutor-0_2 - [PROD] Payload 735/1000 sent successfully. Status Code: 200
2026-06-30 21:17:13,519 - INFO - ThreadPoolExecutor-0_2 - [PROD] Sending payload 746/1000 | Order Number: V4063006748
2026-06-30 21:17:13,897 - INFO - ThreadPoolExecutor-0_6 - [PROD] Payload 738/1000 sent successfully. Status Code: 200
2026-06-30 21:17:13,898 - INFO - ThreadPoolExecutor-0_6 - [PROD] Sending payload 747/1000 | Order Number: V4063006749
2026-06-30 21:17:13,911 - INFO - ThreadPoolExecutor-0_7 - [PROD] Payload 737/1000 sent successfully. Status Code: 200
2026-06-30 21:17:13,912 - INFO - ThreadPoolExecutor-0_7 - [PROD] Sending payload 748/1000 | Order Number: V4063006750
2026-06-30 21:17:14,286 - INFO - ThreadPoolExecutor-0_8 - [PROD] Payload 739/1000 sent successfully. Status Code: 200
2026-06-30 21:17:14,292 - INFO - ThreadPoolExecutor-0_8 - [PROD] Sending payload 749/1000 | Order Number: V4063006751
2026-06-30 21:17:14,541 - INFO - ThreadPoolExecutor-0_4 - [PROD] Payload 740/1000 sent successfully. Status Code: 200
2026-06-30 21:17:14,543 - INFO - ThreadPoolExecutor-0_4 - [PROD] Sending payload 750/1000 | Order Number: V4063006752
2026-06-30 21:17:14,717 - INFO - ThreadPoolExecutor-0_5 - [PROD] Payload 741/1000 sent successfully. Status Code: 200
2026-06-30 21:17:14,718 - INFO - ThreadPoolExecutor-0_5 - [PROD] Sending payload 751/1000 | Order Number: V4063006753
2026-06-30 21:17:14,922 - INFO - ThreadPoolExecutor-0_0 - [PROD] Payload 742/1000 sent successfully. Status Code: 200
2026-06-30 21:17:14,928 - INFO - ThreadPoolExecutor-0_0 - [PROD] Sending payload 752/1000 | Order Number: V4063006754
2026-06-30 21:17:15,227 - INFO - ThreadPoolExecutor-0_9 - [PROD] Payload 744/1000 sent successfully. Status Code: 200
2026-06-30 21:17:15,229 - INFO - ThreadPoolExecutor-0_9 - [PROD] Sending payload 753/1000 | Order Number: V4063006755
2026-06-30 21:17:15,243 - INFO - ThreadPoolExecutor-0_1 - [PROD] Payload 743/1000 sent successfully. Status Code: 200
2026-06-30 21:17:15,243 - INFO - ThreadPoolExecutor-0_1 - [PROD] Sending payload 754/1000 | Order Number: V4063006756
2026-06-30 21:17:15,333 - INFO - ThreadPoolExecutor-0_3 - [PROD] Payload 745/1000 sent successfully. Status Code: 200
2026-06-30 21:17:15,334 - INFO - ThreadPoolExecutor-0_3 - [PROD] Sending payload 755/1000 | Order Number: V4063006757
2026-06-30 21:17:15,437 - INFO - ThreadPoolExecutor-0_2 - [PROD] Payload 746/1000 sent successfully. Status Code: 200
2026-06-30 21:17:15,439 - INFO - ThreadPoolExecutor-0_2 - [PROD] Sending payload 756/1000 | Order Number: V4063006758
2026-06-30 21:17:15,730 - INFO - ThreadPoolExecutor-0_6 - [PROD] Payload 747/1000 sent successfully. Status Code: 200
2026-06-30 21:17:15,732 - INFO - ThreadPoolExecutor-0_6 - [PROD] Sending payload 757/1000 | Order Number: V4063006759
2026-06-30 21:17:15,750 - INFO - ThreadPoolExecutor-0_7 - [PROD] Payload 748/1000 sent successfully. Status Code: 200
2026-06-30 21:17:15,750 - INFO - ThreadPoolExecutor-0_7 - [PROD] Sending payload 758/1000 | Order Number: V4063006760
2026-06-30 21:17:16,137 - INFO - ThreadPoolExecutor-0_8 - [PROD] Payload 749/1000 sent successfully. Status Code: 200
2026-06-30 21:17:16,139 - INFO - ThreadPoolExecutor-0_8 - [PROD] Sending payload 759/1000 | Order Number: V4063006761
2026-06-30 21:17:16,377 - INFO - ThreadPoolExecutor-0_4 - [PROD] Payload 750/1000 sent successfully. Status Code: 200
2026-06-30 21:17:16,378 - INFO - ThreadPoolExecutor-0_4 - [PROD] Sending payload 760/1000 | Order Number: V4063006762
2026-06-30 21:17:16,487 - INFO - ThreadPoolExecutor-0_5 - [PROD] Payload 751/1000 sent successfully. Status Code: 200
2026-06-30 21:17:16,489 - INFO - ThreadPoolExecutor-0_5 - [PROD] Sending payload 761/1000 | Order Number: V4063006763
2026-06-30 21:17:16,875 - INFO - ThreadPoolExecutor-0_0 - [PROD] Payload 752/1000 sent successfully. Status Code: 200
2026-06-30 21:17:16,876 - INFO - ThreadPoolExecutor-0_0 - [PROD] Sending payload 762/1000 | Order Number: V4063006764
2026-06-30 21:17:17,139 - INFO - ThreadPoolExecutor-0_1 - [PROD] Payload 754/1000 sent successfully. Status Code: 200
2026-06-30 21:17:17,141 - INFO - ThreadPoolExecutor-0_1 - [PROD] Sending payload 763/1000 | Order Number: V4063006765
2026-06-30 21:17:17,219 - INFO - ThreadPoolExecutor-0_3 - [PROD] Payload 755/1000 sent successfully. Status Code: 200
2026-06-30 21:17:17,221 - INFO - ThreadPoolExecutor-0_3 - [PROD] Sending payload 764/1000 | Order Number: V4063006766
2026-06-30 21:17:17,316 - INFO - ThreadPoolExecutor-0_2 - [PROD] Payload 756/1000 sent successfully. Status Code: 200
2026-06-30 21:17:17,318 - INFO - ThreadPoolExecutor-0_2 - [PROD] Sending payload 765/1000 | Order Number: V4063006767
2026-06-30 21:17:17,321 - INFO - ThreadPoolExecutor-0_9 - [PROD] Payload 753/1000 sent successfully. Status Code: 200
2026-06-30 21:17:17,322 - INFO - ThreadPoolExecutor-0_9 - [PROD] Sending payload 766/1000 | Order Number: V4063006768
2026-06-30 21:17:17,538 - INFO - ThreadPoolExecutor-0_6 - [PROD] Payload 757/1000 sent successfully. Status Code: 200
2026-06-30 21:17:17,540 - INFO - ThreadPoolExecutor-0_6 - [PROD] Sending payload 767/1000 | Order Number: V4063006769
2026-06-30 21:17:17,588 - INFO - ThreadPoolExecutor-0_7 - [PROD] Payload 758/1000 sent successfully. Status Code: 200
2026-06-30 21:17:17,590 - INFO - ThreadPoolExecutor-0_7 - [PROD] Sending payload 768/1000 | Order Number: V4063006770
2026-06-30 21:17:18,029 - INFO - ThreadPoolExecutor-0_8 - [PROD] Payload 759/1000 sent successfully. Status Code: 200
2026-06-30 21:17:18,031 - INFO - ThreadPoolExecutor-0_8 - [PROD] Sending payload 769/1000 | Order Number: V4063006771
2026-06-30 21:17:18,253 - INFO - ThreadPoolExecutor-0_4 - [PROD] Payload 760/1000 sent successfully. Status Code: 200
2026-06-30 21:17:18,255 - INFO - ThreadPoolExecutor-0_4 - [PROD] Sending payload 770/1000 | Order Number: V4063006772
2026-06-30 21:17:18,329 - INFO - ThreadPoolExecutor-0_5 - [PROD] Payload 761/1000 sent successfully. Status Code: 200
2026-06-30 21:17:18,331 - INFO - ThreadPoolExecutor-0_5 - [PROD] Sending payload 771/1000 | Order Number: V4063006773
2026-06-30 21:17:18,685 - INFO - ThreadPoolExecutor-0_0 - [PROD] Payload 762/1000 sent successfully. Status Code: 200
2026-06-30 21:17:18,687 - INFO - ThreadPoolExecutor-0_0 - [PROD] Sending payload 772/1000 | Order Number: V4063006774
2026-06-30 21:17:19,043 - INFO - ThreadPoolExecutor-0_1 - [PROD] Payload 763/1000 sent successfully. Status Code: 200
2026-06-30 21:17:19,045 - INFO - ThreadPoolExecutor-0_1 - [PROD] Sending payload 773/1000 | Order Number: V4063006775
2026-06-30 21:17:19,114 - INFO - ThreadPoolExecutor-0_9 - [PROD] Payload 766/1000 sent successfully. Status Code: 200
2026-06-30 21:17:19,116 - INFO - ThreadPoolExecutor-0_9 - [PROD] Sending payload 774/1000 | Order Number: V4063006776
2026-06-30 21:17:19,152 - INFO - ThreadPoolExecutor-0_2 - [PROD] Payload 765/1000 sent successfully. Status Code: 200
2026-06-30 21:17:19,152 - INFO - ThreadPoolExecutor-0_2 - [PROD] Sending payload 775/1000 | Order Number: V4063006777
2026-06-30 21:17:19,219 - INFO - ThreadPoolExecutor-0_3 - [PROD] Payload 764/1000 sent successfully. Status Code: 200
2026-06-30 21:17:19,220 - INFO - ThreadPoolExecutor-0_3 - [PROD] Sending payload 776/1000 | Order Number: V4063006778
2026-06-30 21:17:19,371 - INFO - ThreadPoolExecutor-0_6 - [PROD] Payload 767/1000 sent successfully. Status Code: 200
2026-06-30 21:17:19,374 - INFO - ThreadPoolExecutor-0_6 - [PROD] Sending payload 777/1000 | Order Number: V4063006779
2026-06-30 21:17:19,414 - INFO - ThreadPoolExecutor-0_7 - [PROD] Payload 768/1000 sent successfully. Status Code: 200
2026-06-30 21:17:19,414 - INFO - ThreadPoolExecutor-0_7 - [PROD] Sending payload 778/1000 | Order Number: V4063006780
2026-06-30 21:17:19,909 - INFO - ThreadPoolExecutor-0_8 - [PROD] Payload 769/1000 sent successfully. Status Code: 200
2026-06-30 21:17:19,911 - INFO - ThreadPoolExecutor-0_8 - [PROD] Sending payload 779/1000 | Order Number: V4063006781
2026-06-30 21:17:20,125 - INFO - ThreadPoolExecutor-0_4 - [PROD] Payload 770/1000 sent successfully. Status Code: 200
2026-06-30 21:17:20,127 - INFO - ThreadPoolExecutor-0_4 - [PROD] Sending payload 780/1000 | Order Number: V4063006782
2026-06-30 21:17:20,164 - INFO - ThreadPoolExecutor-0_5 - [PROD] Payload 771/1000 sent successfully. Status Code: 200
2026-06-30 21:17:20,164 - INFO - ThreadPoolExecutor-0_5 - [PROD] Sending payload 781/1000 | Order Number: V4063006783
2026-06-30 21:17:20,506 - INFO - ThreadPoolExecutor-0_0 - [PROD] Payload 772/1000 sent successfully. Status Code: 200
2026-06-30 21:17:20,509 - INFO - ThreadPoolExecutor-0_0 - [PROD] Sending payload 782/1000 | Order Number: V4063006784
2026-06-30 21:17:20,849 - INFO - ThreadPoolExecutor-0_1 - [PROD] Payload 773/1000 sent successfully. Status Code: 200
2026-06-30 21:17:20,851 - INFO - ThreadPoolExecutor-0_1 - [PROD] Sending payload 783/1000 | Order Number: V4063006785
2026-06-30 21:17:21,020 - INFO - ThreadPoolExecutor-0_2 - [PROD] Payload 775/1000 sent successfully. Status Code: 200
2026-06-30 21:17:21,021 - INFO - ThreadPoolExecutor-0_2 - [PROD] Sending payload 784/1000 | Order Number: V4063006786
2026-06-30 21:17:21,036 - INFO - ThreadPoolExecutor-0_9 - [PROD] Payload 774/1000 sent successfully. Status Code: 200
2026-06-30 21:17:21,037 - INFO - ThreadPoolExecutor-0_9 - [PROD] Sending payload 785/1000 | Order Number: V4063006787
2026-06-30 21:17:21,110 - INFO - ThreadPoolExecutor-0_3 - [PROD] Payload 776/1000 sent successfully. Status Code: 200
2026-06-30 21:17:21,111 - INFO - ThreadPoolExecutor-0_3 - [PROD] Sending payload 786/1000 | Order Number: V4063006788
2026-06-30 21:17:21,241 - INFO - ThreadPoolExecutor-0_7 - [PROD] Payload 778/1000 sent successfully. Status Code: 200
2026-06-30 21:17:21,243 - INFO - ThreadPoolExecutor-0_7 - [PROD] Sending payload 787/1000 | Order Number: V4063006789
2026-06-30 21:17:21,380 - INFO - ThreadPoolExecutor-0_6 - [PROD] Payload 777/1000 sent successfully. Status Code: 200
2026-06-30 21:17:21,382 - INFO - ThreadPoolExecutor-0_6 - [PROD] Sending payload 788/1000 | Order Number: V4063006790
2026-06-30 21:17:21,817 - INFO - ThreadPoolExecutor-0_8 - [PROD] Payload 779/1000 sent successfully. Status Code: 200
2026-06-30 21:17:21,820 - INFO - ThreadPoolExecutor-0_8 - [PROD] Sending payload 789/1000 | Order Number: V4063006791
2026-06-30 21:17:22,011 - INFO - ThreadPoolExecutor-0_5 - [PROD] Payload 781/1000 sent successfully. Status Code: 200
2026-06-30 21:17:22,012 - INFO - ThreadPoolExecutor-0_4 - [PROD] Payload 780/1000 sent successfully. Status Code: 200
2026-06-30 21:17:22,013 - INFO - ThreadPoolExecutor-0_5 - [PROD] Sending payload 790/1000 | Order Number: V4063006792
2026-06-30 21:17:22,016 - INFO - ThreadPoolExecutor-0_4 - [PROD] Sending payload 791/1000 | Order Number: V4063006793
2026-06-30 21:17:22,402 - INFO - ThreadPoolExecutor-0_0 - [PROD] Payload 782/1000 sent successfully. Status Code: 200
2026-06-30 21:17:22,404 - INFO - ThreadPoolExecutor-0_0 - [PROD] Sending payload 792/1000 | Order Number: V4063006794
2026-06-30 21:17:22,670 - INFO - ThreadPoolExecutor-0_1 - [PROD] Payload 783/1000 sent successfully. Status Code: 200
2026-06-30 21:17:22,673 - INFO - ThreadPoolExecutor-0_1 - [PROD] Sending payload 793/1000 | Order Number: V4063006795
2026-06-30 21:17:22,830 - INFO - ThreadPoolExecutor-0_2 - [PROD] Payload 784/1000 sent successfully. Status Code: 200
2026-06-30 21:17:22,832 - INFO - ThreadPoolExecutor-0_2 - [PROD] Sending payload 794/1000 | Order Number: V4063006796
2026-06-30 21:17:22,928 - INFO - ThreadPoolExecutor-0_9 - [PROD] Payload 785/1000 sent successfully. Status Code: 200
2026-06-30 21:17:22,930 - INFO - ThreadPoolExecutor-0_9 - [PROD] Sending payload 795/1000 | Order Number: V4063006797
2026-06-30 21:17:23,004 - INFO - ThreadPoolExecutor-0_3 - [PROD] Payload 786/1000 sent successfully. Status Code: 200
2026-06-30 21:17:23,006 - INFO - ThreadPoolExecutor-0_3 - [PROD] Sending payload 796/1000 | Order Number: V4063006798
2026-06-30 21:17:23,090 - INFO - ThreadPoolExecutor-0_7 - [PROD] Payload 787/1000 sent successfully. Status Code: 200
2026-06-30 21:17:23,092 - INFO - ThreadPoolExecutor-0_7 - [PROD] Sending payload 797/1000 | Order Number: V4063006799
2026-06-30 21:17:23,239 - INFO - ThreadPoolExecutor-0_6 - [PROD] Payload 788/1000 sent successfully. Status Code: 200
2026-06-30 21:17:23,240 - INFO - ThreadPoolExecutor-0_6 - [PROD] Sending payload 798/1000 | Order Number: V4063006800
2026-06-30 21:17:23,908 - INFO - ThreadPoolExecutor-0_8 - [PROD] Payload 789/1000 sent successfully. Status Code: 200
2026-06-30 21:17:23,910 - INFO - ThreadPoolExecutor-0_8 - [PROD] Sending payload 799/1000 | Order Number: V4063006801
2026-06-30 21:17:24,015 - INFO - ThreadPoolExecutor-0_5 - [PROD] Payload 790/1000 sent successfully. Status Code: 200
2026-06-30 21:17:24,017 - INFO - ThreadPoolExecutor-0_5 - [PROD] Sending payload 800/1000 | Order Number: V4063006802
2026-06-30 21:17:24,079 - INFO - ThreadPoolExecutor-0_4 - [PROD] Payload 791/1000 sent successfully. Status Code: 200
2026-06-30 21:17:24,080 - INFO - ThreadPoolExecutor-0_4 - [PROD] Sending payload 801/1000 | Order Number: V4063006803
2026-06-30 21:17:24,362 - INFO - ThreadPoolExecutor-0_0 - [PROD] Payload 792/1000 sent successfully. Status Code: 200
2026-06-30 21:17:24,372 - INFO - ThreadPoolExecutor-0_0 - [PROD] Sending payload 802/1000 | Order Number: V4063006804
2026-06-30 21:17:24,463 - INFO - ThreadPoolExecutor-0_1 - [PROD] Payload 793/1000 sent successfully. Status Code: 200
2026-06-30 21:17:24,465 - INFO - ThreadPoolExecutor-0_1 - [PROD] Sending payload 803/1000 | Order Number: V4063006805
2026-06-30 21:17:24,703 - INFO - ThreadPoolExecutor-0_2 - [PROD] Payload 794/1000 sent successfully. Status Code: 200
2026-06-30 21:17:24,705 - INFO - ThreadPoolExecutor-0_2 - [PROD] Sending payload 804/1000 | Order Number: V4063006806
2026-06-30 21:17:24,866 - INFO - ThreadPoolExecutor-0_9 - [PROD] Payload 795/1000 sent successfully. Status Code: 200
2026-06-30 21:17:24,866 - INFO - ThreadPoolExecutor-0_9 - [PROD] Sending payload 805/1000 | Order Number: V4063006807
2026-06-30 21:17:25,004 - INFO - ThreadPoolExecutor-0_7 - [PROD] Payload 797/1000 sent successfully. Status Code: 200
2026-06-30 21:17:25,006 - INFO - ThreadPoolExecutor-0_7 - [PROD] Sending payload 806/1000 | Order Number: V4063006808
2026-06-30 21:17:25,013 - INFO - ThreadPoolExecutor-0_3 - [PROD] Payload 796/1000 sent successfully. Status Code: 200
2026-06-30 21:17:25,013 - INFO - ThreadPoolExecutor-0_3 - [PROD] Sending payload 807/1000 | Order Number: V4063006809
2026-06-30 21:17:25,209 - INFO - ThreadPoolExecutor-0_6 - [PROD] Payload 798/1000 sent successfully. Status Code: 200
2026-06-30 21:17:25,210 - INFO - ThreadPoolExecutor-0_6 - [PROD] Sending payload 808/1000 | Order Number: V4063006810
2026-06-30 21:17:25,778 - INFO - ThreadPoolExecutor-0_8 - [PROD] Payload 799/1000 sent successfully. Status Code: 200
2026-06-30 21:17:25,780 - INFO - ThreadPoolExecutor-0_8 - [PROD] Sending payload 809/1000 | Order Number: V4063006811
2026-06-30 21:17:25,814 - INFO - ThreadPoolExecutor-0_5 - [PROD] Payload 800/1000 sent successfully. Status Code: 200
2026-06-30 21:17:25,815 - INFO - ThreadPoolExecutor-0_5 - [PROD] Sending payload 810/1000 | Order Number: V4063006812
2026-06-30 21:17:26,021 - INFO - ThreadPoolExecutor-0_4 - [PROD] Payload 801/1000 sent successfully. Status Code: 200
2026-06-30 21:17:26,022 - INFO - ThreadPoolExecutor-0_4 - [PROD] Sending payload 811/1000 | Order Number: V4063006813
2026-06-30 21:17:26,227 - INFO - ThreadPoolExecutor-0_0 - [PROD] Payload 802/1000 sent successfully. Status Code: 200
2026-06-30 21:17:26,229 - INFO - ThreadPoolExecutor-0_0 - [PROD] Sending payload 812/1000 | Order Number: V4063006814
2026-06-30 21:17:26,366 - INFO - ThreadPoolExecutor-0_1 - [PROD] Payload 803/1000 sent successfully. Status Code: 200
2026-06-30 21:17:26,368 - INFO - ThreadPoolExecutor-0_1 - [PROD] Sending payload 813/1000 | Order Number: V4063006815
2026-06-30 21:17:26,639 - INFO - ThreadPoolExecutor-0_2 - [PROD] Payload 804/1000 sent successfully. Status Code: 200
2026-06-30 21:17:26,641 - INFO - ThreadPoolExecutor-0_2 - [PROD] Sending payload 814/1000 | Order Number: V4063006816
2026-06-30 21:17:26,882 - INFO - ThreadPoolExecutor-0_7 - [PROD] Payload 806/1000 sent successfully. Status Code: 200
2026-06-30 21:17:26,883 - INFO - ThreadPoolExecutor-0_7 - [PROD] Sending payload 815/1000 | Order Number: V4063006817
2026-06-30 21:17:26,899 - INFO - ThreadPoolExecutor-0_3 - [PROD] Payload 807/1000 sent successfully. Status Code: 200
2026-06-30 21:17:26,900 - INFO - ThreadPoolExecutor-0_3 - [PROD] Sending payload 816/1000 | Order Number: V4063006818
2026-06-30 21:17:26,906 - INFO - ThreadPoolExecutor-0_9 - [PROD] Payload 805/1000 sent successfully. Status Code: 200
2026-06-30 21:17:26,907 - INFO - ThreadPoolExecutor-0_9 - [PROD] Sending payload 817/1000 | Order Number: V4063006819
2026-06-30 21:17:27,167 - INFO - ThreadPoolExecutor-0_6 - [PROD] Payload 808/1000 sent successfully. Status Code: 200
2026-06-30 21:17:27,169 - INFO - ThreadPoolExecutor-0_6 - [PROD] Sending payload 818/1000 | Order Number: V4063006820
2026-06-30 21:17:27,609 - INFO - ThreadPoolExecutor-0_8 - [PROD] Payload 809/1000 sent successfully. Status Code: 200
2026-06-30 21:17:27,610 - INFO - ThreadPoolExecutor-0_8 - [PROD] Sending payload 819/1000 | Order Number: V4063006821
2026-06-30 21:17:27,646 - INFO - ThreadPoolExecutor-0_5 - [PROD] Payload 810/1000 sent successfully. Status Code: 200
2026-06-30 21:17:27,647 - INFO - ThreadPoolExecutor-0_5 - [PROD] Sending payload 820/1000 | Order Number: V4063006822
2026-06-30 21:17:28,087 - INFO - ThreadPoolExecutor-0_4 - [PROD] Payload 811/1000 sent successfully. Status Code: 200
2026-06-30 21:17:28,089 - INFO - ThreadPoolExecutor-0_4 - [PROD] Sending payload 821/1000 | Order Number: V4063006823
2026-06-30 21:17:28,194 - INFO - ThreadPoolExecutor-0_1 - [PROD] Payload 813/1000 sent successfully. Status Code: 200
2026-06-30 21:17:28,196 - INFO - ThreadPoolExecutor-0_1 - [PROD] Sending payload 822/1000 | Order Number: V4063006824
2026-06-30 21:17:28,233 - INFO - ThreadPoolExecutor-0_0 - [PROD] Payload 812/1000 sent successfully. Status Code: 200
2026-06-30 21:17:28,233 - INFO - ThreadPoolExecutor-0_0 - [PROD] Sending payload 823/1000 | Order Number: V4063006825
2026-06-30 21:17:28,476 - INFO - ThreadPoolExecutor-0_2 - [PROD] Payload 814/1000 sent successfully. Status Code: 200
2026-06-30 21:17:28,478 - INFO - ThreadPoolExecutor-0_2 - [PROD] Sending payload 824/1000 | Order Number: V4063006826
2026-06-30 21:17:28,697 - INFO - ThreadPoolExecutor-0_3 - [PROD] Payload 816/1000 sent successfully. Status Code: 200
2026-06-30 21:17:28,699 - INFO - ThreadPoolExecutor-0_3 - [PROD] Sending payload 825/1000 | Order Number: V4063006827
2026-06-30 21:17:28,897 - INFO - ThreadPoolExecutor-0_9 - [PROD] Payload 817/1000 sent successfully. Status Code: 200
2026-06-30 21:17:28,899 - INFO - ThreadPoolExecutor-0_9 - [PROD] Sending payload 826/1000 | Order Number: V4063006828
2026-06-30 21:17:28,984 - INFO - ThreadPoolExecutor-0_7 - [PROD] Payload 815/1000 sent successfully. Status Code: 200
2026-06-30 21:17:28,985 - INFO - ThreadPoolExecutor-0_7 - [PROD] Sending payload 827/1000 | Order Number: V4063006829
2026-06-30 21:17:29,102 - INFO - ThreadPoolExecutor-0_6 - [PROD] Payload 818/1000 sent successfully. Status Code: 200
2026-06-30 21:17:29,104 - INFO - ThreadPoolExecutor-0_6 - [PROD] Sending payload 828/1000 | Order Number: V4063006830
2026-06-30 21:17:29,519 - INFO - ThreadPoolExecutor-0_8 - [PROD] Payload 819/1000 sent successfully. Status Code: 200
2026-06-30 21:17:29,521 - INFO - ThreadPoolExecutor-0_8 - [PROD] Sending payload 829/1000 | Order Number: V4063006831
2026-06-30 21:17:29,633 - INFO - ThreadPoolExecutor-0_5 - [PROD] Payload 820/1000 sent successfully. Status Code: 200
2026-06-30 21:17:29,635 - INFO - ThreadPoolExecutor-0_5 - [PROD] Sending payload 830/1000 | Order Number: V4063006832
2026-06-30 21:17:29,899 - INFO - ThreadPoolExecutor-0_4 - [PROD] Payload 821/1000 sent successfully. Status Code: 200
2026-06-30 21:17:29,901 - INFO - ThreadPoolExecutor-0_4 - [PROD] Sending payload 831/1000 | Order Number: V4063006833
2026-06-30 21:17:29,994 - INFO - ThreadPoolExecutor-0_1 - [PROD] Payload 822/1000 sent successfully. Status Code: 200
2026-06-30 21:17:29,996 - INFO - ThreadPoolExecutor-0_1 - [PROD] Sending payload 832/1000 | Order Number: V4063006834
2026-06-30 21:17:30,058 - INFO - ThreadPoolExecutor-0_0 - [PROD] Payload 823/1000 sent successfully. Status Code: 200
2026-06-30 21:17:30,061 - INFO - ThreadPoolExecutor-0_0 - [PROD] Sending payload 833/1000 | Order Number: V4063006835
2026-06-30 21:17:30,335 - INFO - ThreadPoolExecutor-0_2 - [PROD] Payload 824/1000 sent successfully. Status Code: 200
2026-06-30 21:17:30,337 - INFO - ThreadPoolExecutor-0_2 - [PROD] Sending payload 834/1000 | Order Number: V4063006836
2026-06-30 21:17:30,872 - INFO - ThreadPoolExecutor-0_7 - [PROD] Payload 827/1000 sent successfully. Status Code: 200
2026-06-30 21:17:30,873 - INFO - ThreadPoolExecutor-0_9 - [PROD] Payload 826/1000 sent successfully. Status Code: 200
2026-06-30 21:17:30,874 - INFO - ThreadPoolExecutor-0_7 - [PROD] Sending payload 835/1000 | Order Number: V4063006837
2026-06-30 21:17:30,874 - INFO - ThreadPoolExecutor-0_9 - [PROD] Sending payload 836/1000 | Order Number: V4063006838
2026-06-30 21:17:31,130 - INFO - ThreadPoolExecutor-0_6 - [PROD] Payload 828/1000 sent successfully. Status Code: 200
2026-06-30 21:17:31,131 - INFO - ThreadPoolExecutor-0_6 - [PROD] Sending payload 837/1000 | Order Number: V4063006839
2026-06-30 21:17:31,417 - INFO - ThreadPoolExecutor-0_5 - [PROD] Payload 830/1000 sent successfully. Status Code: 200
2026-06-30 21:17:31,419 - INFO - ThreadPoolExecutor-0_5 - [PROD] Sending payload 838/1000 | Order Number: V4063006840
2026-06-30 21:17:31,484 - INFO - ThreadPoolExecutor-0_8 - [PROD] Payload 829/1000 sent successfully. Status Code: 200
2026-06-30 21:17:31,487 - INFO - ThreadPoolExecutor-0_8 - [PROD] Sending payload 839/1000 | Order Number: V4063006841
2026-06-30 21:17:31,610 - INFO - ThreadPoolExecutor-0_3 - [PROD] Payload 825/1000 sent successfully. Status Code: 200
2026-06-30 21:17:31,611 - INFO - ThreadPoolExecutor-0_3 - [PROD] Sending payload 840/1000 | Order Number: V4063006842
2026-06-30 21:17:31,882 - INFO - ThreadPoolExecutor-0_1 - [PROD] Payload 832/1000 sent successfully. Status Code: 200
2026-06-30 21:17:31,883 - INFO - ThreadPoolExecutor-0_1 - [PROD] Sending payload 841/1000 | Order Number: V4063006843
2026-06-30 21:17:32,008 - INFO - ThreadPoolExecutor-0_4 - [PROD] Payload 831/1000 sent successfully. Status Code: 200
2026-06-30 21:17:32,010 - INFO - ThreadPoolExecutor-0_4 - [PROD] Sending payload 842/1000 | Order Number: V4063006844
2026-06-30 21:17:32,066 - INFO - ThreadPoolExecutor-0_0 - [PROD] Payload 833/1000 sent successfully. Status Code: 200
2026-06-30 21:17:32,067 - INFO - ThreadPoolExecutor-0_0 - [PROD] Sending payload 843/1000 | Order Number: V4063006845
2026-06-30 21:17:32,921 - INFO - ThreadPoolExecutor-0_7 - [PROD] Payload 835/1000 sent successfully. Status Code: 200
2026-06-30 21:17:32,923 - INFO - ThreadPoolExecutor-0_7 - [PROD] Sending payload 844/1000 | Order Number: V4063006846
2026-06-30 21:17:32,970 - INFO - ThreadPoolExecutor-0_9 - [PROD] Payload 836/1000 sent successfully. Status Code: 200
2026-06-30 21:17:32,970 - INFO - ThreadPoolExecutor-0_9 - [PROD] Sending payload 845/1000 | Order Number: V4063006847
2026-06-30 21:17:33,011 - INFO - ThreadPoolExecutor-0_6 - [PROD] Payload 837/1000 sent successfully. Status Code: 200
2026-06-30 21:17:33,012 - INFO - ThreadPoolExecutor-0_6 - [PROD] Sending payload 846/1000 | Order Number: V4063006848
2026-06-30 21:17:33,221 - INFO - ThreadPoolExecutor-0_5 - [PROD] Payload 838/1000 sent successfully. Status Code: 200
2026-06-30 21:17:33,221 - INFO - ThreadPoolExecutor-0_5 - [PROD] Sending payload 847/1000 | Order Number: V4063006849
2026-06-30 21:17:33,227 - INFO - ThreadPoolExecutor-0_2 - [PROD] Payload 834/1000 sent successfully. Status Code: 200
2026-06-30 21:17:33,228 - INFO - ThreadPoolExecutor-0_2 - [PROD] Sending payload 848/1000 | Order Number: V4063006850
2026-06-30 21:17:33,411 - INFO - ThreadPoolExecutor-0_3 - [PROD] Payload 840/1000 sent successfully. Status Code: 200
2026-06-30 21:17:33,413 - INFO - ThreadPoolExecutor-0_3 - [PROD] Sending payload 849/1000 | Order Number: V4063006851
2026-06-30 21:17:33,431 - INFO - ThreadPoolExecutor-0_8 - [PROD] Payload 839/1000 sent successfully. Status Code: 200
2026-06-30 21:17:33,432 - INFO - ThreadPoolExecutor-0_8 - [PROD] Sending payload 850/1000 | Order Number: V4063006852
2026-06-30 21:17:33,710 - INFO - ThreadPoolExecutor-0_1 - [PROD] Payload 841/1000 sent successfully. Status Code: 200
2026-06-30 21:17:33,712 - INFO - ThreadPoolExecutor-0_1 - [PROD] Sending payload 851/1000 | Order Number: V4063006853
2026-06-30 21:17:33,868 - INFO - ThreadPoolExecutor-0_0 - [PROD] Payload 843/1000 sent successfully. Status Code: 200
2026-06-30 21:17:33,869 - INFO - ThreadPoolExecutor-0_0 - [PROD] Sending payload 852/1000 | Order Number: V4063006854
2026-06-30 21:17:34,036 - INFO - ThreadPoolExecutor-0_4 - [PROD] Payload 842/1000 sent successfully. Status Code: 200
2026-06-30 21:17:34,037 - INFO - ThreadPoolExecutor-0_4 - [PROD] Sending payload 853/1000 | Order Number: V4063006855
2026-06-30 21:17:34,866 - INFO - ThreadPoolExecutor-0_7 - [PROD] Payload 844/1000 sent successfully. Status Code: 200
2026-06-30 21:17:34,867 - INFO - ThreadPoolExecutor-0_7 - [PROD] Sending payload 854/1000 | Order Number: V4063006856
2026-06-30 21:17:34,884 - INFO - ThreadPoolExecutor-0_9 - [PROD] Payload 845/1000 sent successfully. Status Code: 200
2026-06-30 21:17:34,885 - INFO - ThreadPoolExecutor-0_9 - [PROD] Sending payload 855/1000 | Order Number: V4063006857
2026-06-30 21:17:35,056 - INFO - ThreadPoolExecutor-0_6 - [PROD] Payload 846/1000 sent successfully. Status Code: 200
2026-06-30 21:17:35,058 - INFO - ThreadPoolExecutor-0_6 - [PROD] Sending payload 856/1000 | Order Number: V4063006858
2026-06-30 21:17:35,229 - INFO - ThreadPoolExecutor-0_5 - [PROD] Payload 847/1000 sent successfully. Status Code: 200
2026-06-30 21:17:35,231 - INFO - ThreadPoolExecutor-0_5 - [PROD] Sending payload 857/1000 | Order Number: V4063006859
2026-06-30 21:17:35,237 - INFO - ThreadPoolExecutor-0_2 - [PROD] Payload 848/1000 sent successfully. Status Code: 200
2026-06-30 21:17:35,237 - INFO - ThreadPoolExecutor-0_2 - [PROD] Sending payload 858/1000 | Order Number: V4063006860
2026-06-30 21:17:35,407 - INFO - ThreadPoolExecutor-0_8 - [PROD] Payload 850/1000 sent successfully. Status Code: 200
2026-06-30 21:17:35,408 - INFO - ThreadPoolExecutor-0_8 - [PROD] Sending payload 859/1000 | Order Number: V4063006861
2026-06-30 21:17:35,464 - INFO - ThreadPoolExecutor-0_3 - [PROD] Payload 849/1000 sent successfully. Status Code: 200
2026-06-30 21:17:35,465 - INFO - ThreadPoolExecutor-0_3 - [PROD] Sending payload 860/1000 | Order Number: V4063006862
2026-06-30 21:17:35,611 - INFO - ThreadPoolExecutor-0_1 - [PROD] Payload 851/1000 sent successfully. Status Code: 200
2026-06-30 21:17:35,612 - INFO - ThreadPoolExecutor-0_1 - [PROD] Sending payload 861/1000 | Order Number: V4063006863
2026-06-30 21:17:35,707 - INFO - ThreadPoolExecutor-0_0 - [PROD] Payload 852/1000 sent successfully. Status Code: 200
2026-06-30 21:17:35,709 - INFO - ThreadPoolExecutor-0_0 - [PROD] Sending payload 862/1000 | Order Number: V4063006864
2026-06-30 21:17:35,851 - INFO - ThreadPoolExecutor-0_4 - [PROD] Payload 853/1000 sent successfully. Status Code: 200
2026-06-30 21:17:35,852 - INFO - ThreadPoolExecutor-0_4 - [PROD] Sending payload 863/1000 | Order Number: V4063006865
2026-06-30 21:17:36,811 - INFO - ThreadPoolExecutor-0_9 - [PROD] Payload 855/1000 sent successfully. Status Code: 200
2026-06-30 21:17:36,815 - INFO - ThreadPoolExecutor-0_9 - [PROD] Sending payload 864/1000 | Order Number: V4063006866
2026-06-30 21:17:36,921 - INFO - ThreadPoolExecutor-0_6 - [PROD] Payload 856/1000 sent successfully. Status Code: 200
2026-06-30 21:17:36,923 - INFO - ThreadPoolExecutor-0_6 - [PROD] Sending payload 865/1000 | Order Number: V4063006867
2026-06-30 21:17:36,964 - INFO - ThreadPoolExecutor-0_7 - [PROD] Payload 854/1000 sent successfully. Status Code: 200
2026-06-30 21:17:36,965 - INFO - ThreadPoolExecutor-0_7 - [PROD] Sending payload 866/1000 | Order Number: V4063006868
2026-06-30 21:17:37,091 - INFO - ThreadPoolExecutor-0_5 - [PROD] Payload 857/1000 sent successfully. Status Code: 200
2026-06-30 21:17:37,092 - INFO - ThreadPoolExecutor-0_5 - [PROD] Sending payload 867/1000 | Order Number: V4063006869
2026-06-30 21:17:37,094 - INFO - ThreadPoolExecutor-0_2 - [PROD] Payload 858/1000 sent successfully. Status Code: 200
2026-06-30 21:17:37,095 - INFO - ThreadPoolExecutor-0_2 - [PROD] Sending payload 868/1000 | Order Number: V4063006870
2026-06-30 21:17:37,464 - INFO - ThreadPoolExecutor-0_8 - [PROD] Payload 859/1000 sent successfully. Status Code: 200
2026-06-30 21:17:37,465 - INFO - ThreadPoolExecutor-0_8 - [PROD] Sending payload 869/1000 | Order Number: V4063006871
2026-06-30 21:17:37,468 - INFO - ThreadPoolExecutor-0_1 - [PROD] Payload 861/1000 sent successfully. Status Code: 200
2026-06-30 21:17:37,469 - INFO - ThreadPoolExecutor-0_1 - [PROD] Sending payload 870/1000 | Order Number: V4063006872
2026-06-30 21:17:37,514 - INFO - ThreadPoolExecutor-0_3 - [PROD] Payload 860/1000 sent successfully. Status Code: 200
2026-06-30 21:17:37,515 - INFO - ThreadPoolExecutor-0_3 - [PROD] Sending payload 871/1000 | Order Number: V4063006873
2026-06-30 21:17:37,682 - INFO - ThreadPoolExecutor-0_4 - [PROD] Payload 863/1000 sent successfully. Status Code: 200
2026-06-30 21:17:37,683 - INFO - ThreadPoolExecutor-0_4 - [PROD] Sending payload 872/1000 | Order Number: V4063006874
2026-06-30 21:17:37,690 - INFO - ThreadPoolExecutor-0_0 - [PROD] Payload 862/1000 sent successfully. Status Code: 200
2026-06-30 21:17:37,690 - INFO - ThreadPoolExecutor-0_0 - [PROD] Sending payload 873/1000 | Order Number: V4063006875
2026-06-30 21:17:38,667 - INFO - ThreadPoolExecutor-0_9 - [PROD] Payload 864/1000 sent successfully. Status Code: 200
2026-06-30 21:17:38,669 - INFO - ThreadPoolExecutor-0_9 - [PROD] Sending payload 874/1000 | Order Number: V4063006876
2026-06-30 21:17:38,700 - INFO - ThreadPoolExecutor-0_6 - [PROD] Payload 865/1000 sent successfully. Status Code: 200
2026-06-30 21:17:38,700 - INFO - ThreadPoolExecutor-0_6 - [PROD] Sending payload 875/1000 | Order Number: V4063006877
2026-06-30 21:17:38,739 - INFO - ThreadPoolExecutor-0_7 - [PROD] Payload 866/1000 sent successfully. Status Code: 200
2026-06-30 21:17:38,740 - INFO - ThreadPoolExecutor-0_7 - [PROD] Sending payload 876/1000 | Order Number: V4063006878
2026-06-30 21:17:38,937 - INFO - ThreadPoolExecutor-0_5 - [PROD] Payload 867/1000 sent successfully. Status Code: 200
2026-06-30 21:17:38,939 - INFO - ThreadPoolExecutor-0_5 - [PROD] Sending payload 877/1000 | Order Number: V4063006879
2026-06-30 21:17:38,994 - INFO - ThreadPoolExecutor-0_2 - [PROD] Payload 868/1000 sent successfully. Status Code: 200
2026-06-30 21:17:38,995 - INFO - ThreadPoolExecutor-0_2 - [PROD] Sending payload 878/1000 | Order Number: V4063006880
2026-06-30 21:17:39,288 - INFO - ThreadPoolExecutor-0_8 - [PROD] Payload 869/1000 sent successfully. Status Code: 200
2026-06-30 21:17:39,290 - INFO - ThreadPoolExecutor-0_8 - [PROD] Sending payload 879/1000 | Order Number: V4063006881
2026-06-30 21:17:39,333 - INFO - ThreadPoolExecutor-0_1 - [PROD] Payload 870/1000 sent successfully. Status Code: 200
2026-06-30 21:17:39,333 - INFO - ThreadPoolExecutor-0_1 - [PROD] Sending payload 880/1000 | Order Number: V4063006882
2026-06-30 21:17:39,462 - INFO - ThreadPoolExecutor-0_3 - [PROD] Payload 871/1000 sent successfully. Status Code: 200
2026-06-30 21:17:39,464 - INFO - ThreadPoolExecutor-0_3 - [PROD] Sending payload 881/1000 | Order Number: V4063006883
2026-06-30 21:17:39,525 - INFO - ThreadPoolExecutor-0_0 - [PROD] Payload 873/1000 sent successfully. Status Code: 200
2026-06-30 21:17:39,525 - INFO - ThreadPoolExecutor-0_0 - [PROD] Sending payload 882/1000 | Order Number: V4063006884
2026-06-30 21:17:39,677 - INFO - ThreadPoolExecutor-0_4 - [PROD] Payload 872/1000 sent successfully. Status Code: 200
2026-06-30 21:17:39,679 - INFO - ThreadPoolExecutor-0_4 - [PROD] Sending payload 883/1000 | Order Number: V4063006885
2026-06-30 21:17:40,615 - INFO - ThreadPoolExecutor-0_9 - [PROD] Payload 874/1000 sent successfully. Status Code: 200
2026-06-30 21:17:40,617 - INFO - ThreadPoolExecutor-0_7 - [PROD] Payload 876/1000 sent successfully. Status Code: 200
2026-06-30 21:17:40,617 - INFO - ThreadPoolExecutor-0_9 - [PROD] Sending payload 884/1000 | Order Number: V4063006886
2026-06-30 21:17:40,618 - INFO - ThreadPoolExecutor-0_7 - [PROD] Sending payload 885/1000 | Order Number: V4063006887
2026-06-30 21:17:40,712 - INFO - ThreadPoolExecutor-0_6 - [PROD] Payload 875/1000 sent successfully. Status Code: 200
2026-06-30 21:17:40,713 - INFO - ThreadPoolExecutor-0_6 - [PROD] Sending payload 886/1000 | Order Number: V4063006888
2026-06-30 21:17:41,126 - INFO - ThreadPoolExecutor-0_5 - [PROD] Payload 877/1000 sent successfully. Status Code: 200
2026-06-30 21:17:41,128 - INFO - ThreadPoolExecutor-0_5 - [PROD] Sending payload 887/1000 | Order Number: V4063006889
2026-06-30 21:17:41,201 - INFO - ThreadPoolExecutor-0_1 - [PROD] Payload 880/1000 sent successfully. Status Code: 200
2026-06-30 21:17:41,202 - INFO - ThreadPoolExecutor-0_1 - [PROD] Sending payload 888/1000 | Order Number: V4063006890
2026-06-30 21:17:41,316 - INFO - ThreadPoolExecutor-0_2 - [PROD] Payload 878/1000 sent successfully. Status Code: 200
2026-06-30 21:17:41,318 - INFO - ThreadPoolExecutor-0_2 - [PROD] Sending payload 889/1000 | Order Number: V4063006891
2026-06-30 21:17:41,319 - INFO - ThreadPoolExecutor-0_8 - [PROD] Payload 879/1000 sent successfully. Status Code: 200
2026-06-30 21:17:41,320 - INFO - ThreadPoolExecutor-0_8 - [PROD] Sending payload 890/1000 | Order Number: V4063006892
2026-06-30 21:17:41,389 - INFO - ThreadPoolExecutor-0_3 - [PROD] Payload 881/1000 sent successfully. Status Code: 200
2026-06-30 21:17:41,391 - INFO - ThreadPoolExecutor-0_3 - [PROD] Sending payload 891/1000 | Order Number: V4063006893
2026-06-30 21:17:41,452 - INFO - ThreadPoolExecutor-0_0 - [PROD] Payload 882/1000 sent successfully. Status Code: 200
2026-06-30 21:17:41,454 - INFO - ThreadPoolExecutor-0_0 - [PROD] Sending payload 892/1000 | Order Number: V4063006894
2026-06-30 21:17:41,603 - INFO - ThreadPoolExecutor-0_4 - [PROD] Payload 883/1000 sent successfully. Status Code: 200
2026-06-30 21:17:41,605 - INFO - ThreadPoolExecutor-0_4 - [PROD] Sending payload 893/1000 | Order Number: V4063006895
2026-06-30 21:17:42,546 - INFO - ThreadPoolExecutor-0_7 - [PROD] Payload 885/1000 sent successfully. Status Code: 200
2026-06-30 21:17:42,549 - INFO - ThreadPoolExecutor-0_7 - [PROD] Sending payload 894/1000 | Order Number: V4063006896
2026-06-30 21:17:42,550 - INFO - ThreadPoolExecutor-0_9 - [PROD] Payload 884/1000 sent successfully. Status Code: 200
2026-06-30 21:17:42,550 - INFO - ThreadPoolExecutor-0_6 - [PROD] Payload 886/1000 sent successfully. Status Code: 200
2026-06-30 21:17:42,552 - INFO - ThreadPoolExecutor-0_9 - [PROD] Sending payload 895/1000 | Order Number: V4063006897
2026-06-30 21:17:42,552 - INFO - ThreadPoolExecutor-0_6 - [PROD] Sending payload 896/1000 | Order Number: V4063006898
2026-06-30 21:17:43,048 - INFO - ThreadPoolExecutor-0_5 - [PROD] Payload 887/1000 sent successfully. Status Code: 200
2026-06-30 21:17:43,050 - INFO - ThreadPoolExecutor-0_5 - [PROD] Sending payload 897/1000 | Order Number: V4063006899
2026-06-30 21:17:43,080 - INFO - ThreadPoolExecutor-0_1 - [PROD] Payload 888/1000 sent successfully. Status Code: 200
2026-06-30 21:17:43,080 - INFO - ThreadPoolExecutor-0_1 - [PROD] Sending payload 898/1000 | Order Number: V4063006900
2026-06-30 21:17:43,102 - INFO - ThreadPoolExecutor-0_2 - [PROD] Payload 889/1000 sent successfully. Status Code: 200
2026-06-30 21:17:43,102 - INFO - ThreadPoolExecutor-0_2 - [PROD] Sending payload 899/1000 | Order Number: V4063006901
2026-06-30 21:17:43,207 - INFO - ThreadPoolExecutor-0_3 - [PROD] Payload 891/1000 sent successfully. Status Code: 200
2026-06-30 21:17:43,209 - INFO - ThreadPoolExecutor-0_3 - [PROD] Sending payload 900/1000 | Order Number: V4063006902
2026-06-30 21:17:43,246 - INFO - ThreadPoolExecutor-0_8 - [PROD] Payload 890/1000 sent successfully. Status Code: 200
2026-06-30 21:17:43,246 - INFO - ThreadPoolExecutor-0_8 - [PROD] Sending payload 901/1000 | Order Number: V4063006903
2026-06-30 21:17:43,277 - INFO - ThreadPoolExecutor-0_0 - [PROD] Payload 892/1000 sent successfully. Status Code: 200
2026-06-30 21:17:43,278 - INFO - ThreadPoolExecutor-0_0 - [PROD] Sending payload 902/1000 | Order Number: V4063006904
2026-06-30 21:17:43,530 - INFO - ThreadPoolExecutor-0_4 - [PROD] Payload 893/1000 sent successfully. Status Code: 200
2026-06-30 21:17:43,531 - INFO - ThreadPoolExecutor-0_4 - [PROD] Sending payload 903/1000 | Order Number: V4063006905
2026-06-30 21:17:44,390 - INFO - ThreadPoolExecutor-0_7 - [PROD] Payload 894/1000 sent successfully. Status Code: 200
2026-06-30 21:17:44,392 - INFO - ThreadPoolExecutor-0_7 - [PROD] Sending payload 904/1000 | Order Number: V4063006906
2026-06-30 21:17:44,426 - INFO - ThreadPoolExecutor-0_6 - [PROD] Payload 896/1000 sent successfully. Status Code: 200
2026-06-30 21:17:44,427 - INFO - ThreadPoolExecutor-0_6 - [PROD] Sending payload 905/1000 | Order Number: V4063006907
2026-06-30 21:17:44,551 - INFO - ThreadPoolExecutor-0_9 - [PROD] Payload 895/1000 sent successfully. Status Code: 200
2026-06-30 21:17:44,551 - INFO - ThreadPoolExecutor-0_9 - [PROD] Sending payload 906/1000 | Order Number: V4063006908
2026-06-30 21:17:44,957 - INFO - ThreadPoolExecutor-0_1 - [PROD] Payload 898/1000 sent successfully. Status Code: 200
2026-06-30 21:17:44,959 - INFO - ThreadPoolExecutor-0_1 - [PROD] Sending payload 907/1000 | Order Number: V4063006909
2026-06-30 21:17:44,978 - INFO - ThreadPoolExecutor-0_2 - [PROD] Payload 899/1000 sent successfully. Status Code: 200
2026-06-30 21:17:44,979 - INFO - ThreadPoolExecutor-0_2 - [PROD] Sending payload 908/1000 | Order Number: V4063006910
2026-06-30 21:17:45,095 - INFO - ThreadPoolExecutor-0_8 - [PROD] Payload 901/1000 sent successfully. Status Code: 200
2026-06-30 21:17:45,098 - INFO - ThreadPoolExecutor-0_8 - [PROD] Sending payload 909/1000 | Order Number: V4063006911
2026-06-30 21:17:45,179 - INFO - ThreadPoolExecutor-0_5 - [PROD] Payload 897/1000 sent successfully. Status Code: 200
2026-06-30 21:17:45,181 - INFO - ThreadPoolExecutor-0_5 - [PROD] Sending payload 910/1000 | Order Number: V4063006912
2026-06-30 21:17:45,191 - INFO - ThreadPoolExecutor-0_0 - [PROD] Payload 902/1000 sent successfully. Status Code: 200
2026-06-30 21:17:45,192 - INFO - ThreadPoolExecutor-0_0 - [PROD] Sending payload 911/1000 | Order Number: V4063006913
2026-06-30 21:17:45,263 - INFO - ThreadPoolExecutor-0_3 - [PROD] Payload 900/1000 sent successfully. Status Code: 200
2026-06-30 21:17:45,265 - INFO - ThreadPoolExecutor-0_3 - [PROD] Sending payload 912/1000 | Order Number: V4063006914
2026-06-30 21:17:45,640 - INFO - ThreadPoolExecutor-0_4 - [PROD] Payload 903/1000 sent successfully. Status Code: 200
2026-06-30 21:17:45,642 - INFO - ThreadPoolExecutor-0_4 - [PROD] Sending payload 913/1000 | Order Number: V4063006915
2026-06-30 21:17:46,244 - INFO - ThreadPoolExecutor-0_7 - [PROD] Payload 904/1000 sent successfully. Status Code: 200
2026-06-30 21:17:46,246 - INFO - ThreadPoolExecutor-0_7 - [PROD] Sending payload 914/1000 | Order Number: V4063006916
2026-06-30 21:17:46,294 - INFO - ThreadPoolExecutor-0_6 - [PROD] Payload 905/1000 sent successfully. Status Code: 200
2026-06-30 21:17:46,294 - INFO - ThreadPoolExecutor-0_6 - [PROD] Sending payload 915/1000 | Order Number: V4063006917
2026-06-30 21:17:46,414 - INFO - ThreadPoolExecutor-0_9 - [PROD] Payload 906/1000 sent successfully. Status Code: 200
2026-06-30 21:17:46,416 - INFO - ThreadPoolExecutor-0_9 - [PROD] Sending payload 916/1000 | Order Number: V4063006918
2026-06-30 21:17:46,798 - INFO - ThreadPoolExecutor-0_1 - [PROD] Payload 907/1000 sent successfully. Status Code: 200
2026-06-30 21:17:46,799 - INFO - ThreadPoolExecutor-0_1 - [PROD] Sending payload 917/1000 | Order Number: V4063006919
2026-06-30 21:17:46,880 - INFO - ThreadPoolExecutor-0_8 - [PROD] Payload 909/1000 sent successfully. Status Code: 200
2026-06-30 21:17:46,882 - INFO - ThreadPoolExecutor-0_8 - [PROD] Sending payload 918/1000 | Order Number: V4063006920
2026-06-30 21:17:47,050 - INFO - ThreadPoolExecutor-0_0 - [PROD] Payload 911/1000 sent successfully. Status Code: 200
2026-06-30 21:17:47,052 - INFO - ThreadPoolExecutor-0_0 - [PROD] Sending payload 919/1000 | Order Number: V4063006921
2026-06-30 21:17:47,054 - INFO - ThreadPoolExecutor-0_3 - [PROD] Payload 912/1000 sent successfully. Status Code: 200
2026-06-30 21:17:47,055 - INFO - ThreadPoolExecutor-0_3 - [PROD] Sending payload 920/1000 | Order Number: V4063006922
2026-06-30 21:17:47,066 - INFO - ThreadPoolExecutor-0_5 - [PROD] Payload 910/1000 sent successfully. Status Code: 200
2026-06-30 21:17:47,067 - INFO - ThreadPoolExecutor-0_5 - [PROD] Sending payload 921/1000 | Order Number: V4063006923
2026-06-30 21:17:47,459 - INFO - ThreadPoolExecutor-0_4 - [PROD] Payload 913/1000 sent successfully. Status Code: 200
2026-06-30 21:17:47,462 - INFO - ThreadPoolExecutor-0_4 - [PROD] Sending payload 922/1000 | Order Number: V4063006924
2026-06-30 21:17:47,839 - INFO - ThreadPoolExecutor-0_2 - [PROD] Payload 908/1000 sent successfully. Status Code: 200
2026-06-30 21:17:47,841 - INFO - ThreadPoolExecutor-0_2 - [PROD] Sending payload 923/1000 | Order Number: V4063006925
2026-06-30 21:17:48,117 - INFO - ThreadPoolExecutor-0_7 - [PROD] Payload 914/1000 sent successfully. Status Code: 200
2026-06-30 21:17:48,118 - INFO - ThreadPoolExecutor-0_7 - [PROD] Sending payload 924/1000 | Order Number: V4063006926
2026-06-30 21:17:48,258 - INFO - ThreadPoolExecutor-0_6 - [PROD] Payload 915/1000 sent successfully. Status Code: 200
2026-06-30 21:17:48,260 - INFO - ThreadPoolExecutor-0_6 - [PROD] Sending payload 925/1000 | Order Number: V4063006927
2026-06-30 21:17:48,598 - INFO - ThreadPoolExecutor-0_1 - [PROD] Payload 917/1000 sent successfully. Status Code: 200
2026-06-30 21:17:48,600 - INFO - ThreadPoolExecutor-0_1 - [PROD] Sending payload 926/1000 | Order Number: V4063006928
2026-06-30 21:17:48,806 - INFO - ThreadPoolExecutor-0_8 - [PROD] Payload 918/1000 sent successfully. Status Code: 200
2026-06-30 21:17:48,808 - INFO - ThreadPoolExecutor-0_8 - [PROD] Sending payload 927/1000 | Order Number: V4063006929
2026-06-30 21:17:48,872 - INFO - ThreadPoolExecutor-0_3 - [PROD] Payload 920/1000 sent successfully. Status Code: 200
2026-06-30 21:17:48,872 - INFO - ThreadPoolExecutor-0_3 - [PROD] Sending payload 928/1000 | Order Number: V4063006930
2026-06-30 21:17:48,905 - INFO - ThreadPoolExecutor-0_5 - [PROD] Payload 921/1000 sent successfully. Status Code: 200
2026-06-30 21:17:48,906 - INFO - ThreadPoolExecutor-0_5 - [PROD] Sending payload 929/1000 | Order Number: V4063006931
2026-06-30 21:17:49,047 - INFO - ThreadPoolExecutor-0_0 - [PROD] Payload 919/1000 sent successfully. Status Code: 200
2026-06-30 21:17:49,049 - INFO - ThreadPoolExecutor-0_0 - [PROD] Sending payload 930/1000 | Order Number: V4063006932
2026-06-30 21:17:49,211 - INFO - ThreadPoolExecutor-0_9 - [PROD] Payload 916/1000 sent successfully. Status Code: 200
2026-06-30 21:17:49,212 - INFO - ThreadPoolExecutor-0_9 - [PROD] Sending payload 931/1000 | Order Number: V4063006933
2026-06-30 21:17:49,383 - INFO - ThreadPoolExecutor-0_4 - [PROD] Payload 922/1000 sent successfully. Status Code: 200
2026-06-30 21:17:49,385 - INFO - ThreadPoolExecutor-0_4 - [PROD] Sending payload 932/1000 | Order Number: V4063006934
2026-06-30 21:17:49,662 - INFO - ThreadPoolExecutor-0_2 - [PROD] Payload 923/1000 sent successfully. Status Code: 200
2026-06-30 21:17:49,663 - INFO - ThreadPoolExecutor-0_2 - [PROD] Sending payload 933/1000 | Order Number: V4063006935
2026-06-30 21:17:50,020 - INFO - ThreadPoolExecutor-0_7 - [PROD] Payload 924/1000 sent successfully. Status Code: 200
2026-06-30 21:17:50,022 - INFO - ThreadPoolExecutor-0_7 - [PROD] Sending payload 934/1000 | Order Number: V4063006936
2026-06-30 21:17:50,111 - INFO - ThreadPoolExecutor-0_6 - [PROD] Payload 925/1000 sent successfully. Status Code: 200
2026-06-30 21:17:50,113 - INFO - ThreadPoolExecutor-0_6 - [PROD] Sending payload 935/1000 | Order Number: V4063006937
2026-06-30 21:17:50,435 - INFO - ThreadPoolExecutor-0_1 - [PROD] Payload 926/1000 sent successfully. Status Code: 200
2026-06-30 21:17:50,437 - INFO - ThreadPoolExecutor-0_1 - [PROD] Sending payload 936/1000 | Order Number: V4063006938
2026-06-30 21:17:50,740 - INFO - ThreadPoolExecutor-0_8 - [PROD] Payload 927/1000 sent successfully. Status Code: 200
2026-06-30 21:17:50,742 - INFO - ThreadPoolExecutor-0_8 - [PROD] Sending payload 937/1000 | Order Number: V4063006939
2026-06-30 21:17:50,775 - INFO - ThreadPoolExecutor-0_3 - [PROD] Payload 928/1000 sent successfully. Status Code: 200
2026-06-30 21:17:50,775 - INFO - ThreadPoolExecutor-0_5 - [PROD] Payload 929/1000 sent successfully. Status Code: 200
2026-06-30 21:17:50,776 - INFO - ThreadPoolExecutor-0_3 - [PROD] Sending payload 938/1000 | Order Number: V4063006940
2026-06-30 21:17:50,776 - INFO - ThreadPoolExecutor-0_5 - [PROD] Sending payload 939/1000 | Order Number: V4063006941
2026-06-30 21:17:50,914 - INFO - ThreadPoolExecutor-0_0 - [PROD] Payload 930/1000 sent successfully. Status Code: 200
2026-06-30 21:17:50,916 - INFO - ThreadPoolExecutor-0_0 - [PROD] Sending payload 940/1000 | Order Number: V4063006942
2026-06-30 21:17:51,140 - INFO - ThreadPoolExecutor-0_9 - [PROD] Payload 931/1000 sent successfully. Status Code: 200
2026-06-30 21:17:51,142 - INFO - ThreadPoolExecutor-0_9 - [PROD] Sending payload 941/1000 | Order Number: V4063006943
2026-06-30 21:17:51,218 - INFO - ThreadPoolExecutor-0_4 - [PROD] Payload 932/1000 sent successfully. Status Code: 200
2026-06-30 21:17:51,220 - INFO - ThreadPoolExecutor-0_4 - [PROD] Sending payload 942/1000 | Order Number: V4063006944
2026-06-30 21:17:51,580 - INFO - ThreadPoolExecutor-0_2 - [PROD] Payload 933/1000 sent successfully. Status Code: 200
2026-06-30 21:17:51,582 - INFO - ThreadPoolExecutor-0_2 - [PROD] Sending payload 943/1000 | Order Number: V4063006945
2026-06-30 21:17:52,216 - INFO - ThreadPoolExecutor-0_6 - [PROD] Payload 935/1000 sent successfully. Status Code: 200
2026-06-30 21:17:52,218 - INFO - ThreadPoolExecutor-0_6 - [PROD] Sending payload 944/1000 | Order Number: V4063006946
2026-06-30 21:17:52,295 - INFO - ThreadPoolExecutor-0_7 - [PROD] Payload 934/1000 sent successfully. Status Code: 200
2026-06-30 21:17:52,296 - INFO - ThreadPoolExecutor-0_7 - [PROD] Sending payload 945/1000 | Order Number: V4063006947
2026-06-30 21:17:52,400 - INFO - ThreadPoolExecutor-0_1 - [PROD] Payload 936/1000 sent successfully. Status Code: 200
2026-06-30 21:17:52,403 - INFO - ThreadPoolExecutor-0_1 - [PROD] Sending payload 946/1000 | Order Number: V4063006948
2026-06-30 21:17:52,597 - INFO - ThreadPoolExecutor-0_8 - [PROD] Payload 937/1000 sent successfully. Status Code: 200
2026-06-30 21:17:52,599 - INFO - ThreadPoolExecutor-0_8 - [PROD] Sending payload 947/1000 | Order Number: V4063006949
2026-06-30 21:17:52,631 - INFO - ThreadPoolExecutor-0_3 - [PROD] Payload 938/1000 sent successfully. Status Code: 200
2026-06-30 21:17:52,632 - INFO - ThreadPoolExecutor-0_3 - [PROD] Sending payload 948/1000 | Order Number: V4063006950
2026-06-30 21:17:52,730 - INFO - ThreadPoolExecutor-0_5 - [PROD] Payload 939/1000 sent successfully. Status Code: 200
2026-06-30 21:17:52,732 - INFO - ThreadPoolExecutor-0_5 - [PROD] Sending payload 949/1000 | Order Number: V4063006951
2026-06-30 21:17:52,749 - INFO - ThreadPoolExecutor-0_0 - [PROD] Payload 940/1000 sent successfully. Status Code: 200
2026-06-30 21:17:52,750 - INFO - ThreadPoolExecutor-0_0 - [PROD] Sending payload 950/1000 | Order Number: V4063006952
2026-06-30 21:17:53,088 - INFO - ThreadPoolExecutor-0_4 - [PROD] Payload 942/1000 sent successfully. Status Code: 200
2026-06-30 21:17:53,091 - INFO - ThreadPoolExecutor-0_4 - [PROD] Sending payload 951/1000 | Order Number: V4063006953
2026-06-30 21:17:53,220 - INFO - ThreadPoolExecutor-0_9 - [PROD] Payload 941/1000 sent successfully. Status Code: 200
2026-06-30 21:17:53,230 - INFO - ThreadPoolExecutor-0_9 - [PROD] Sending payload 952/1000 | Order Number: V4063006954
2026-06-30 21:17:53,407 - INFO - ThreadPoolExecutor-0_2 - [PROD] Payload 943/1000 sent successfully. Status Code: 200
2026-06-30 21:17:53,408 - INFO - ThreadPoolExecutor-0_2 - [PROD] Sending payload 953/1000 | Order Number: V4063006955
2026-06-30 21:17:54,076 - INFO - ThreadPoolExecutor-0_7 - [PROD] Payload 945/1000 sent successfully. Status Code: 200
2026-06-30 21:17:54,078 - INFO - ThreadPoolExecutor-0_7 - [PROD] Sending payload 954/1000 | Order Number: V4063006956
2026-06-30 21:17:54,250 - INFO - ThreadPoolExecutor-0_1 - [PROD] Payload 946/1000 sent successfully. Status Code: 200
2026-06-30 21:17:54,251 - INFO - ThreadPoolExecutor-0_1 - [PROD] Sending payload 955/1000 | Order Number: V4063006957
2026-06-30 21:17:54,253 - INFO - ThreadPoolExecutor-0_6 - [PROD] Payload 944/1000 sent successfully. Status Code: 200
2026-06-30 21:17:54,254 - INFO - ThreadPoolExecutor-0_6 - [PROD] Sending payload 956/1000 | Order Number: V4063006958
2026-06-30 21:17:54,443 - INFO - ThreadPoolExecutor-0_8 - [PROD] Payload 947/1000 sent successfully. Status Code: 200
2026-06-30 21:17:54,445 - INFO - ThreadPoolExecutor-0_8 - [PROD] Sending payload 957/1000 | Order Number: V4063006959
2026-06-30 21:17:54,523 - INFO - ThreadPoolExecutor-0_3 - [PROD] Payload 948/1000 sent successfully. Status Code: 200
2026-06-30 21:17:54,524 - INFO - ThreadPoolExecutor-0_3 - [PROD] Sending payload 958/1000 | Order Number: V4063006960
2026-06-30 21:17:54,650 - INFO - ThreadPoolExecutor-0_5 - [PROD] Payload 949/1000 sent successfully. Status Code: 200
2026-06-30 21:17:54,654 - INFO - ThreadPoolExecutor-0_5 - [PROD] Sending payload 959/1000 | Order Number: V4063006961
2026-06-30 21:17:54,762 - INFO - ThreadPoolExecutor-0_0 - [PROD] Payload 950/1000 sent successfully. Status Code: 200
2026-06-30 21:17:54,762 - INFO - ThreadPoolExecutor-0_0 - [PROD] Sending payload 960/1000 | Order Number: V4063006962
2026-06-30 21:17:54,902 - INFO - ThreadPoolExecutor-0_4 - [PROD] Payload 951/1000 sent successfully. Status Code: 200
2026-06-30 21:17:54,903 - INFO - ThreadPoolExecutor-0_4 - [PROD] Sending payload 961/1000 | Order Number: V4063006963
2026-06-30 21:17:55,026 - INFO - ThreadPoolExecutor-0_9 - [PROD] Payload 952/1000 sent successfully. Status Code: 200
2026-06-30 21:17:55,028 - INFO - ThreadPoolExecutor-0_9 - [PROD] Sending payload 962/1000 | Order Number: V4063006964
2026-06-30 21:17:55,258 - INFO - ThreadPoolExecutor-0_2 - [PROD] Payload 953/1000 sent successfully. Status Code: 200
2026-06-30 21:17:55,259 - INFO - ThreadPoolExecutor-0_2 - [PROD] Sending payload 963/1000 | Order Number: V4063006965
2026-06-30 21:17:55,958 - INFO - ThreadPoolExecutor-0_7 - [PROD] Payload 954/1000 sent successfully. Status Code: 200
2026-06-30 21:17:55,959 - INFO - ThreadPoolExecutor-0_7 - [PROD] Sending payload 964/1000 | Order Number: V4063006966
2026-06-30 21:17:56,107 - INFO - ThreadPoolExecutor-0_6 - [PROD] Payload 956/1000 sent successfully. Status Code: 200
2026-06-30 21:17:56,107 - INFO - ThreadPoolExecutor-0_6 - [PROD] Sending payload 965/1000 | Order Number: V4063006967
2026-06-30 21:17:56,113 - INFO - ThreadPoolExecutor-0_1 - [PROD] Payload 955/1000 sent successfully. Status Code: 200
2026-06-30 21:17:56,113 - INFO - ThreadPoolExecutor-0_1 - [PROD] Sending payload 966/1000 | Order Number: V4063006968
2026-06-30 21:17:56,348 - INFO - ThreadPoolExecutor-0_8 - [PROD] Payload 957/1000 sent successfully. Status Code: 200
2026-06-30 21:17:56,349 - INFO - ThreadPoolExecutor-0_8 - [PROD] Sending payload 967/1000 | Order Number: V4063006969
2026-06-30 21:17:56,409 - INFO - ThreadPoolExecutor-0_3 - [PROD] Payload 958/1000 sent successfully. Status Code: 200
2026-06-30 21:17:56,409 - INFO - ThreadPoolExecutor-0_3 - [PROD] Sending payload 968/1000 | Order Number: V4063006970
2026-06-30 21:17:56,547 - INFO - ThreadPoolExecutor-0_5 - [PROD] Payload 959/1000 sent successfully. Status Code: 200
2026-06-30 21:17:56,547 - INFO - ThreadPoolExecutor-0_5 - [PROD] Sending payload 969/1000 | Order Number: V4063006971
2026-06-30 21:17:56,601 - INFO - ThreadPoolExecutor-0_0 - [PROD] Payload 960/1000 sent successfully. Status Code: 200
2026-06-30 21:17:56,602 - INFO - ThreadPoolExecutor-0_0 - [PROD] Sending payload 970/1000 | Order Number: V4063006972
2026-06-30 21:17:56,810 - INFO - ThreadPoolExecutor-0_4 - [PROD] Payload 961/1000 sent successfully. Status Code: 200
2026-06-30 21:17:56,811 - INFO - ThreadPoolExecutor-0_4 - [PROD] Sending payload 971/1000 | Order Number: V4063006973
2026-06-30 21:17:56,848 - INFO - ThreadPoolExecutor-0_9 - [PROD] Payload 962/1000 sent successfully. Status Code: 200
2026-06-30 21:17:56,848 - INFO - ThreadPoolExecutor-0_9 - [PROD] Sending payload 972/1000 | Order Number: V4063006974
2026-06-30 21:17:57,090 - INFO - ThreadPoolExecutor-0_2 - [PROD] Payload 963/1000 sent successfully. Status Code: 200
2026-06-30 21:17:57,093 - INFO - ThreadPoolExecutor-0_2 - [PROD] Sending payload 973/1000 | Order Number: V4063006975
2026-06-30 21:17:57,823 - INFO - ThreadPoolExecutor-0_7 - [PROD] Payload 964/1000 sent successfully. Status Code: 200
2026-06-30 21:17:57,825 - INFO - ThreadPoolExecutor-0_7 - [PROD] Sending payload 974/1000 | Order Number: V4063006976
2026-06-30 21:17:57,912 - INFO - ThreadPoolExecutor-0_1 - [PROD] Payload 966/1000 sent successfully. Status Code: 200
2026-06-30 21:17:57,913 - INFO - ThreadPoolExecutor-0_1 - [PROD] Sending payload 975/1000 | Order Number: V4063006977
2026-06-30 21:17:58,056 - INFO - ThreadPoolExecutor-0_6 - [PROD] Payload 965/1000 sent successfully. Status Code: 200
2026-06-30 21:17:58,059 - INFO - ThreadPoolExecutor-0_6 - [PROD] Sending payload 976/1000 | Order Number: V4063006978
2026-06-30 21:17:58,275 - INFO - ThreadPoolExecutor-0_8 - [PROD] Payload 967/1000 sent successfully. Status Code: 200
2026-06-30 21:17:58,276 - INFO - ThreadPoolExecutor-0_8 - [PROD] Sending payload 977/1000 | Order Number: V4063006979
2026-06-30 21:17:58,276 - INFO - ThreadPoolExecutor-0_3 - [PROD] Payload 968/1000 sent successfully. Status Code: 200
2026-06-30 21:17:58,278 - INFO - ThreadPoolExecutor-0_3 - [PROD] Sending payload 978/1000 | Order Number: V4063006980
2026-06-30 21:17:58,381 - INFO - ThreadPoolExecutor-0_5 - [PROD] Payload 969/1000 sent successfully. Status Code: 200
2026-06-30 21:17:58,381 - INFO - ThreadPoolExecutor-0_5 - [PROD] Sending payload 979/1000 | Order Number: V4063006981
2026-06-30 21:17:58,471 - INFO - ThreadPoolExecutor-0_0 - [PROD] Payload 970/1000 sent successfully. Status Code: 200
2026-06-30 21:17:58,473 - INFO - ThreadPoolExecutor-0_0 - [PROD] Sending payload 980/1000 | Order Number: V4063006982
2026-06-30 21:17:58,670 - INFO - ThreadPoolExecutor-0_9 - [PROD] Payload 972/1000 sent successfully. Status Code: 200
2026-06-30 21:17:58,671 - INFO - ThreadPoolExecutor-0_9 - [PROD] Sending payload 981/1000 | Order Number: V4063006983
2026-06-30 21:17:58,715 - INFO - ThreadPoolExecutor-0_4 - [PROD] Payload 971/1000 sent successfully. Status Code: 200
2026-06-30 21:17:58,716 - INFO - ThreadPoolExecutor-0_4 - [PROD] Sending payload 982/1000 | Order Number: V4063006984
2026-06-30 21:17:58,911 - INFO - ThreadPoolExecutor-0_2 - [PROD] Payload 973/1000 sent successfully. Status Code: 200
2026-06-30 21:17:58,918 - INFO - ThreadPoolExecutor-0_2 - [PROD] Sending payload 983/1000 | Order Number: V4063006985
2026-06-30 21:17:59,750 - INFO - ThreadPoolExecutor-0_7 - [PROD] Payload 974/1000 sent successfully. Status Code: 200
2026-06-30 21:17:59,751 - INFO - ThreadPoolExecutor-0_7 - [PROD] Sending payload 984/1000 | Order Number: V4063006986
2026-06-30 21:17:59,858 - INFO - ThreadPoolExecutor-0_1 - [PROD] Payload 975/1000 sent successfully. Status Code: 200
2026-06-30 21:17:59,859 - INFO - ThreadPoolExecutor-0_1 - [PROD] Sending payload 985/1000 | Order Number: V4063006987
2026-06-30 21:17:59,985 - INFO - ThreadPoolExecutor-0_6 - [PROD] Payload 976/1000 sent successfully. Status Code: 200
2026-06-30 21:17:59,987 - INFO - ThreadPoolExecutor-0_6 - [PROD] Sending payload 986/1000 | Order Number: V4063006988
2026-06-30 21:18:00,209 - INFO - ThreadPoolExecutor-0_3 - [PROD] Payload 978/1000 sent successfully. Status Code: 200
2026-06-30 21:18:00,211 - INFO - ThreadPoolExecutor-0_3 - [PROD] Sending payload 987/1000 | Order Number: V4063006989
2026-06-30 21:18:00,280 - INFO - ThreadPoolExecutor-0_8 - [PROD] Payload 977/1000 sent successfully. Status Code: 200
2026-06-30 21:18:00,282 - INFO - ThreadPoolExecutor-0_8 - [PROD] Sending payload 988/1000 | Order Number: V4063006990
2026-06-30 21:18:00,398 - INFO - ThreadPoolExecutor-0_5 - [PROD] Payload 979/1000 sent successfully. Status Code: 200
2026-06-30 21:18:00,401 - INFO - ThreadPoolExecutor-0_5 - [PROD] Sending payload 989/1000 | Order Number: V4063006991
2026-06-30 21:18:00,521 - INFO - ThreadPoolExecutor-0_9 - [PROD] Payload 981/1000 sent successfully. Status Code: 200
2026-06-30 21:18:00,522 - INFO - ThreadPoolExecutor-0_9 - [PROD] Sending payload 990/1000 | Order Number: V4063006992
2026-06-30 21:18:00,545 - INFO - ThreadPoolExecutor-0_4 - [PROD] Payload 982/1000 sent successfully. Status Code: 200
2026-06-30 21:18:00,546 - INFO - ThreadPoolExecutor-0_4 - [PROD] Sending payload 991/1000 | Order Number: V4063006993
2026-06-30 21:18:00,590 - INFO - ThreadPoolExecutor-0_0 - [PROD] Payload 980/1000 sent successfully. Status Code: 200
2026-06-30 21:18:00,591 - INFO - ThreadPoolExecutor-0_0 - [PROD] Sending payload 992/1000 | Order Number: V4063006994
2026-06-30 21:18:00,891 - INFO - ThreadPoolExecutor-0_2 - [PROD] Payload 983/1000 sent successfully. Status Code: 200
2026-06-30 21:18:00,893 - INFO - ThreadPoolExecutor-0_2 - [PROD] Sending payload 993/1000 | Order Number: V4063006995
2026-06-30 21:18:01,731 - INFO - ThreadPoolExecutor-0_1 - [PROD] Payload 985/1000 sent successfully. Status Code: 200
2026-06-30 21:18:01,734 - INFO - ThreadPoolExecutor-0_1 - [PROD] Sending payload 994/1000 | Order Number: V4063006996
2026-06-30 21:18:02,004 - INFO - ThreadPoolExecutor-0_3 - [PROD] Payload 987/1000 sent successfully. Status Code: 200
2026-06-30 21:18:02,005 - INFO - ThreadPoolExecutor-0_3 - [PROD] Sending payload 995/1000 | Order Number: V4063006997
2026-06-30 21:18:02,015 - INFO - ThreadPoolExecutor-0_7 - [PROD] Payload 984/1000 sent successfully. Status Code: 200
2026-06-30 21:18:02,016 - INFO - ThreadPoolExecutor-0_7 - [PROD] Sending payload 996/1000 | Order Number: V4063006998
2026-06-30 21:18:02,292 - INFO - ThreadPoolExecutor-0_6 - [PROD] Payload 986/1000 sent successfully. Status Code: 200
2026-06-30 21:18:02,293 - INFO - ThreadPoolExecutor-0_6 - [PROD] Sending payload 997/1000 | Order Number: V4063006999
2026-06-30 21:18:02,410 - INFO - ThreadPoolExecutor-0_0 - [PROD] Payload 992/1000 sent successfully. Status Code: 200
2026-06-30 21:18:02,412 - INFO - ThreadPoolExecutor-0_0 - [PROD] Sending payload 998/1000 | Order Number: V4063007000
2026-06-30 21:18:02,602 - INFO - ThreadPoolExecutor-0_5 - [PROD] Payload 989/1000 sent successfully. Status Code: 200
2026-06-30 21:18:02,604 - INFO - ThreadPoolExecutor-0_5 - [PROD] Sending payload 999/1000 | Order Number: V4063007001
2026-06-30 21:18:02,717 - INFO - ThreadPoolExecutor-0_8 - [PROD] Payload 988/1000 sent successfully. Status Code: 200
2026-06-30 21:18:02,718 - INFO - ThreadPoolExecutor-0_8 - [PROD] Sending payload 1000/1000 | Order Number: V4063007002
2026-06-30 21:18:02,909 - INFO - ThreadPoolExecutor-0_9 - [PROD] Payload 990/1000 sent successfully. Status Code: 200
2026-06-30 21:18:02,911 - INFO - ThreadPoolExecutor-0_2 - [PROD] Payload 993/1000 sent successfully. Status Code: 200
2026-06-30 21:18:03,743 - INFO - ThreadPoolExecutor-0_4 - [PROD] Payload 991/1000 sent successfully. Status Code: 200
2026-06-30 21:18:03,821 - INFO - ThreadPoolExecutor-0_1 - [PROD] Payload 994/1000 sent successfully. Status Code: 200
2026-06-30 21:18:03,925 - INFO - ThreadPoolExecutor-0_7 - [PROD] Payload 996/1000 sent successfully. Status Code: 200
2026-06-30 21:18:04,131 - INFO - ThreadPoolExecutor-0_3 - [PROD] Payload 995/1000 sent successfully. Status Code: 200
2026-06-30 21:18:04,137 - INFO - ThreadPoolExecutor-0_6 - [PROD] Payload 997/1000 sent successfully. Status Code: 200
2026-06-30 21:18:04,400 - INFO - ThreadPoolExecutor-0_0 - [PROD] Payload 998/1000 sent successfully. Status Code: 200
2026-06-30 21:18:04,479 - INFO - ThreadPoolExecutor-0_5 - [PROD] Payload 999/1000 sent successfully. Status Code: 200
2026-06-30 21:18:04,776 - INFO - ThreadPoolExecutor-0_8 - [PROD] Payload 1000/1000 sent successfully. Status Code: 200
2026-06-30 21:18:04,779 - INFO - MainThread - Completed order creation. Success: 1000, Failed: 0, Total: 1000
