2026-06-30 20:42:49,648 - INFO - MainThread - Execution log file: /Users/vgana3/Documents/GitHub/Nike/J30/Outbound/logs/FR_Order_Creation_Prod_Multithread_20260630_204249_645629.log
2026-06-30 20:42:49,969 - INFO - MainThread - Sheets found in '/Users/vgana3/Documents/GitHub/Nike/J30/Input_files/Outbound_Worksheet.xlsx': ['CreateOrder', 'Parent_Order', 'BackUp', 'TranLog', 'MHE_Journal', 'OriginalOrderInput', 'CreateShipment', 'MasterData', 'MasterInput', 'Shipment_ID', 'Item_info', 'B2B_SUB_HUB']
2026-06-30 20:42:50,148 - INFO - MainThread - Successfully extracted 1000 data row(s) for processing.
2026-06-30 20:42:50,148 - INFO - MainThread - Processing Excel Row 1
2026-06-30 20:42:50,155 - INFO - MainThread - Order: V4063004002
2026-06-30 20:42:50,155 - INFO - MainThread - Processing Excel Row 2
2026-06-30 20:42:50,158 - INFO - MainThread - Order: V4063004003
2026-06-30 20:42:50,158 - INFO - MainThread - Processing Excel Row 3
2026-06-30 20:42:50,161 - INFO - MainThread - Order: V4063004004
2026-06-30 20:42:50,161 - INFO - MainThread - Processing Excel Row 4
2026-06-30 20:42:50,163 - INFO - MainThread - Order: V4063004005
2026-06-30 20:42:50,163 - INFO - MainThread - Processing Excel Row 5
2026-06-30 20:42:50,166 - INFO - MainThread - Order: V4063004006
2026-06-30 20:42:50,166 - INFO - MainThread - Processing Excel Row 6
2026-06-30 20:42:50,169 - INFO - MainThread - Order: V4063004007
2026-06-30 20:42:50,169 - INFO - MainThread - Processing Excel Row 7
2026-06-30 20:42:50,172 - INFO - MainThread - Order: V4063004008
2026-06-30 20:42:50,172 - INFO - MainThread - Processing Excel Row 8
2026-06-30 20:42:50,174 - INFO - MainThread - Order: V4063004009
2026-06-30 20:42:50,174 - INFO - MainThread - Processing Excel Row 9
2026-06-30 20:42:50,182 - INFO - MainThread - Order: V4063004010
2026-06-30 20:42:50,182 - INFO - MainThread - Processing Excel Row 10
2026-06-30 20:42:50,184 - INFO - MainThread - Order: V4063004011
2026-06-30 20:42:50,184 - INFO - MainThread - Processing Excel Row 11
2026-06-30 20:42:50,188 - INFO - MainThread - Order: V4063004012
2026-06-30 20:42:50,188 - INFO - MainThread - Processing Excel Row 12
2026-06-30 20:42:50,190 - INFO - MainThread - Order: V4063004013
2026-06-30 20:42:50,190 - INFO - MainThread - Processing Excel Row 13
2026-06-30 20:42:50,192 - INFO - MainThread - Order: V4063004014
2026-06-30 20:42:50,193 - INFO - MainThread - Processing Excel Row 14
2026-06-30 20:42:50,195 - INFO - MainThread - Order: V4063004015
2026-06-30 20:42:50,195 - INFO - MainThread - Processing Excel Row 15
2026-06-30 20:42:50,197 - INFO - MainThread - Order: V4063004016
2026-06-30 20:42:50,197 - INFO - MainThread - Processing Excel Row 16
2026-06-30 20:42:50,198 - INFO - MainThread - Order: V4063004017
2026-06-30 20:42:50,198 - INFO - MainThread - Processing Excel Row 17
2026-06-30 20:42:50,200 - INFO - MainThread - Order: V4063004018
2026-06-30 20:42:50,200 - INFO - MainThread - Processing Excel Row 18
2026-06-30 20:42:50,202 - INFO - MainThread - Order: V4063004019
2026-06-30 20:42:50,202 - INFO - MainThread - Processing Excel Row 19
2026-06-30 20:42:50,204 - INFO - MainThread - Order: V4063004020
2026-06-30 20:42:50,204 - INFO - MainThread - Processing Excel Row 20
2026-06-30 20:42:50,206 - INFO - MainThread - Order: V4063004021
2026-06-30 20:42:50,206 - INFO - MainThread - Processing Excel Row 21
2026-06-30 20:42:50,208 - INFO - MainThread - Order: V4063004022
2026-06-30 20:42:50,208 - INFO - MainThread - Processing Excel Row 22
2026-06-30 20:42:50,210 - INFO - MainThread - Order: V4063004023
2026-06-30 20:42:50,210 - INFO - MainThread - Processing Excel Row 23
2026-06-30 20:42:50,212 - INFO - MainThread - Order: V4063004024
2026-06-30 20:42:50,213 - INFO - MainThread - Processing Excel Row 24
2026-06-30 20:42:50,215 - INFO - MainThread - Order: V4063004025
2026-06-30 20:42:50,215 - INFO - MainThread - Processing Excel Row 25
2026-06-30 20:42:50,217 - INFO - MainThread - Order: V4063004026
2026-06-30 20:42:50,217 - INFO - MainThread - Processing Excel Row 26
2026-06-30 20:42:50,219 - INFO - MainThread - Order: V4063004027
2026-06-30 20:42:50,219 - INFO - MainThread - Processing Excel Row 27
2026-06-30 20:42:50,220 - INFO - MainThread - Order: V4063004028
2026-06-30 20:42:50,221 - INFO - MainThread - Processing Excel Row 28
2026-06-30 20:42:50,222 - INFO - MainThread - Order: V4063004029
2026-06-30 20:42:50,222 - INFO - MainThread - Processing Excel Row 29
2026-06-30 20:42:50,223 - INFO - MainThread - Order: V4063004030
2026-06-30 20:42:50,223 - INFO - MainThread - Processing Excel Row 30
2026-06-30 20:42:50,224 - INFO - MainThread - Order: V4063004031
2026-06-30 20:42:50,225 - INFO - MainThread - Processing Excel Row 31
2026-06-30 20:42:50,225 - INFO - MainThread - Order: V4063004032
2026-06-30 20:42:50,226 - INFO - MainThread - Processing Excel Row 32
2026-06-30 20:42:50,227 - INFO - MainThread - Order: V4063004033
2026-06-30 20:42:50,227 - INFO - MainThread - Processing Excel Row 33
2026-06-30 20:42:50,228 - INFO - MainThread - Order: V4063004034
2026-06-30 20:42:50,228 - INFO - MainThread - Processing Excel Row 34
2026-06-30 20:42:50,229 - INFO - MainThread - Order: V4063004035
2026-06-30 20:42:50,229 - INFO - MainThread - Processing Excel Row 35
2026-06-30 20:42:50,230 - INFO - MainThread - Order: V4063004036
2026-06-30 20:42:50,230 - INFO - MainThread - Processing Excel Row 36
2026-06-30 20:42:50,230 - INFO - MainThread - Order: V4063004037
2026-06-30 20:42:50,231 - INFO - MainThread - Processing Excel Row 37
2026-06-30 20:42:50,231 - INFO - MainThread - Order: V4063004038
2026-06-30 20:42:50,232 - INFO - MainThread - Processing Excel Row 38
2026-06-30 20:42:50,232 - INFO - MainThread - Order: V4063004039
2026-06-30 20:42:50,232 - INFO - MainThread - Processing Excel Row 39
2026-06-30 20:42:50,233 - INFO - MainThread - Order: V4063004040
2026-06-30 20:42:50,233 - INFO - MainThread - Processing Excel Row 40
2026-06-30 20:42:50,234 - INFO - MainThread - Order: V4063004041
2026-06-30 20:42:50,234 - INFO - MainThread - Processing Excel Row 41
2026-06-30 20:42:50,235 - INFO - MainThread - Order: V4063004042
2026-06-30 20:42:50,235 - INFO - MainThread - Processing Excel Row 42
2026-06-30 20:42:50,236 - INFO - MainThread - Order: V4063004043
2026-06-30 20:42:50,236 - INFO - MainThread - Processing Excel Row 43
2026-06-30 20:42:50,237 - INFO - MainThread - Order: V4063004044
2026-06-30 20:42:50,237 - INFO - MainThread - Processing Excel Row 44
2026-06-30 20:42:50,238 - INFO - MainThread - Order: V4063004045
2026-06-30 20:42:50,238 - INFO - MainThread - Processing Excel Row 45
2026-06-30 20:42:50,239 - INFO - MainThread - Order: V4063004046
2026-06-30 20:42:50,239 - INFO - MainThread - Processing Excel Row 46
2026-06-30 20:42:50,240 - INFO - MainThread - Order: V4063004047
2026-06-30 20:42:50,240 - INFO - MainThread - Processing Excel Row 47
2026-06-30 20:42:50,241 - INFO - MainThread - Order: V4063004048
2026-06-30 20:42:50,241 - INFO - MainThread - Processing Excel Row 48
2026-06-30 20:42:50,241 - INFO - MainThread - Order: V4063004049
2026-06-30 20:42:50,242 - INFO - MainThread - Processing Excel Row 49
2026-06-30 20:42:50,243 - INFO - MainThread - Order: V4063004050
2026-06-30 20:42:50,243 - INFO - MainThread - Processing Excel Row 50
2026-06-30 20:42:50,244 - INFO - MainThread - Order: V4063004051
2026-06-30 20:42:50,244 - INFO - MainThread - Processing Excel Row 51
2026-06-30 20:42:50,245 - INFO - MainThread - Order: V4063004052
2026-06-30 20:42:50,245 - INFO - MainThread - Processing Excel Row 52
2026-06-30 20:42:50,246 - INFO - MainThread - Order: V4063004053
2026-06-30 20:42:50,246 - INFO - MainThread - Processing Excel Row 53
2026-06-30 20:42:50,247 - INFO - MainThread - Order: V4063004054
2026-06-30 20:42:50,247 - INFO - MainThread - Processing Excel Row 54
2026-06-30 20:42:50,248 - INFO - MainThread - Order: V4063004055
2026-06-30 20:42:50,248 - INFO - MainThread - Processing Excel Row 55
2026-06-30 20:42:50,249 - INFO - MainThread - Order: V4063004056
2026-06-30 20:42:50,249 - INFO - MainThread - Processing Excel Row 56
2026-06-30 20:42:50,250 - INFO - MainThread - Order: V4063004057
2026-06-30 20:42:50,250 - INFO - MainThread - Processing Excel Row 57
2026-06-30 20:42:50,251 - INFO - MainThread - Order: V4063004058
2026-06-30 20:42:50,251 - INFO - MainThread - Processing Excel Row 58
2026-06-30 20:42:50,252 - INFO - MainThread - Order: V4063004059
2026-06-30 20:42:50,252 - INFO - MainThread - Processing Excel Row 59
2026-06-30 20:42:50,253 - INFO - MainThread - Order: V4063004060
2026-06-30 20:42:50,253 - INFO - MainThread - Processing Excel Row 60
2026-06-30 20:42:50,254 - INFO - MainThread - Order: V4063004061
2026-06-30 20:42:50,254 - INFO - MainThread - Processing Excel Row 61
2026-06-30 20:42:50,256 - INFO - MainThread - Order: V4063004062
2026-06-30 20:42:50,256 - INFO - MainThread - Processing Excel Row 62
2026-06-30 20:42:50,258 - INFO - MainThread - Order: V4063004063
2026-06-30 20:42:50,258 - INFO - MainThread - Processing Excel Row 63
2026-06-30 20:42:50,259 - INFO - MainThread - Order: V4063004064
2026-06-30 20:42:50,259 - INFO - MainThread - Processing Excel Row 64
2026-06-30 20:42:50,260 - INFO - MainThread - Order: V4063004065
2026-06-30 20:42:50,260 - INFO - MainThread - Processing Excel Row 65
2026-06-30 20:42:50,261 - INFO - MainThread - Order: V4063004066
2026-06-30 20:42:50,261 - INFO - MainThread - Processing Excel Row 66
2026-06-30 20:42:50,262 - INFO - MainThread - Order: V4063004067
2026-06-30 20:42:50,262 - INFO - MainThread - Processing Excel Row 67
2026-06-30 20:42:50,263 - INFO - MainThread - Order: V4063004068
2026-06-30 20:42:50,263 - INFO - MainThread - Processing Excel Row 68
2026-06-30 20:42:50,264 - INFO - MainThread - Order: V4063004069
2026-06-30 20:42:50,264 - INFO - MainThread - Processing Excel Row 69
2026-06-30 20:42:50,265 - INFO - MainThread - Order: V4063004070
2026-06-30 20:42:50,265 - INFO - MainThread - Processing Excel Row 70
2026-06-30 20:42:50,268 - INFO - MainThread - Order: V4063004071
2026-06-30 20:42:50,268 - INFO - MainThread - Processing Excel Row 71
2026-06-30 20:42:50,270 - INFO - MainThread - Order: V4063004072
2026-06-30 20:42:50,270 - INFO - MainThread - Processing Excel Row 72
2026-06-30 20:42:50,271 - INFO - MainThread - Order: V4063004073
2026-06-30 20:42:50,271 - INFO - MainThread - Processing Excel Row 73
2026-06-30 20:42:50,271 - INFO - MainThread - Order: V4063004074
2026-06-30 20:42:50,271 - INFO - MainThread - Processing Excel Row 74
2026-06-30 20:42:50,272 - INFO - MainThread - Order: V4063004075
2026-06-30 20:42:50,272 - INFO - MainThread - Processing Excel Row 75
2026-06-30 20:42:50,273 - INFO - MainThread - Order: V4063004076
2026-06-30 20:42:50,273 - INFO - MainThread - Processing Excel Row 76
2026-06-30 20:42:50,274 - INFO - MainThread - Order: V4063004077
2026-06-30 20:42:50,274 - INFO - MainThread - Processing Excel Row 77
2026-06-30 20:42:50,275 - INFO - MainThread - Order: V4063004078
2026-06-30 20:42:50,275 - INFO - MainThread - Processing Excel Row 78
2026-06-30 20:42:50,276 - INFO - MainThread - Order: V4063004079
2026-06-30 20:42:50,276 - INFO - MainThread - Processing Excel Row 79
2026-06-30 20:42:50,277 - INFO - MainThread - Order: V4063004080
2026-06-30 20:42:50,277 - INFO - MainThread - Processing Excel Row 80
2026-06-30 20:42:50,278 - INFO - MainThread - Order: V4063004081
2026-06-30 20:42:50,278 - INFO - MainThread - Processing Excel Row 81
2026-06-30 20:42:50,279 - INFO - MainThread - Order: V4063004082
2026-06-30 20:42:50,279 - INFO - MainThread - Processing Excel Row 82
2026-06-30 20:42:50,279 - INFO - MainThread - Order: V4063004083
2026-06-30 20:42:50,279 - INFO - MainThread - Processing Excel Row 83
2026-06-30 20:42:50,280 - INFO - MainThread - Order: V4063004084
2026-06-30 20:42:50,280 - INFO - MainThread - Processing Excel Row 84
2026-06-30 20:42:50,281 - INFO - MainThread - Order: V4063004085
2026-06-30 20:42:50,281 - INFO - MainThread - Processing Excel Row 85
2026-06-30 20:42:50,282 - INFO - MainThread - Order: V4063004086
2026-06-30 20:42:50,282 - INFO - MainThread - Processing Excel Row 86
2026-06-30 20:42:50,283 - INFO - MainThread - Order: V4063004087
2026-06-30 20:42:50,283 - INFO - MainThread - Processing Excel Row 87
2026-06-30 20:42:50,283 - INFO - MainThread - Order: V4063004088
2026-06-30 20:42:50,283 - INFO - MainThread - Processing Excel Row 88
2026-06-30 20:42:50,284 - INFO - MainThread - Order: V4063004089
2026-06-30 20:42:50,284 - INFO - MainThread - Processing Excel Row 89
2026-06-30 20:42:50,285 - INFO - MainThread - Order: V4063004090
2026-06-30 20:42:50,285 - INFO - MainThread - Processing Excel Row 90
2026-06-30 20:42:50,286 - INFO - MainThread - Order: V4063004091
2026-06-30 20:42:50,286 - INFO - MainThread - Processing Excel Row 91
2026-06-30 20:42:50,286 - INFO - MainThread - Order: V4063004092
2026-06-30 20:42:50,286 - INFO - MainThread - Processing Excel Row 92
2026-06-30 20:42:50,287 - INFO - MainThread - Order: V4063004093
2026-06-30 20:42:50,287 - INFO - MainThread - Processing Excel Row 93
2026-06-30 20:42:50,288 - INFO - MainThread - Order: V4063004094
2026-06-30 20:42:50,288 - INFO - MainThread - Processing Excel Row 94
2026-06-30 20:42:50,289 - INFO - MainThread - Order: V4063004095
2026-06-30 20:42:50,289 - INFO - MainThread - Processing Excel Row 95
2026-06-30 20:42:50,290 - INFO - MainThread - Order: V4063004096
2026-06-30 20:42:50,290 - INFO - MainThread - Processing Excel Row 96
2026-06-30 20:42:50,291 - INFO - MainThread - Order: V4063004097
2026-06-30 20:42:50,291 - INFO - MainThread - Processing Excel Row 97
2026-06-30 20:42:50,292 - INFO - MainThread - Order: V4063004098
2026-06-30 20:42:50,292 - INFO - MainThread - Processing Excel Row 98
2026-06-30 20:42:50,293 - INFO - MainThread - Order: V4063004099
2026-06-30 20:42:50,293 - INFO - MainThread - Processing Excel Row 99
2026-06-30 20:42:50,294 - INFO - MainThread - Order: V4063004100
2026-06-30 20:42:50,294 - INFO - MainThread - Processing Excel Row 100
2026-06-30 20:42:50,295 - INFO - MainThread - Order: V4063004101
2026-06-30 20:42:50,295 - INFO - MainThread - Processing Excel Row 101
2026-06-30 20:42:50,295 - INFO - MainThread - Order: V4063004102
2026-06-30 20:42:50,295 - INFO - MainThread - Processing Excel Row 102
2026-06-30 20:42:50,296 - INFO - MainThread - Order: V4063004103
2026-06-30 20:42:50,296 - INFO - MainThread - Processing Excel Row 103
2026-06-30 20:42:50,297 - INFO - MainThread - Order: V4063004104
2026-06-30 20:42:50,297 - INFO - MainThread - Processing Excel Row 104
2026-06-30 20:42:50,303 - INFO - MainThread - Order: V4063004105
2026-06-30 20:42:50,303 - INFO - MainThread - Processing Excel Row 105
2026-06-30 20:42:50,308 - INFO - MainThread - Order: V4063004106
2026-06-30 20:42:50,308 - INFO - MainThread - Processing Excel Row 106
2026-06-30 20:42:50,310 - INFO - MainThread - Order: V4063004107
2026-06-30 20:42:50,310 - INFO - MainThread - Processing Excel Row 107
2026-06-30 20:42:50,311 - INFO - MainThread - Order: V4063004108
2026-06-30 20:42:50,311 - INFO - MainThread - Processing Excel Row 108
2026-06-30 20:42:50,312 - INFO - MainThread - Order: V4063004109
2026-06-30 20:42:50,312 - INFO - MainThread - Processing Excel Row 109
2026-06-30 20:42:50,313 - INFO - MainThread - Order: V4063004110
2026-06-30 20:42:50,314 - INFO - MainThread - Processing Excel Row 110
2026-06-30 20:42:50,315 - INFO - MainThread - Order: V4063004111
2026-06-30 20:42:50,315 - INFO - MainThread - Processing Excel Row 111
2026-06-30 20:42:50,316 - INFO - MainThread - Order: V4063004112
2026-06-30 20:42:50,316 - INFO - MainThread - Processing Excel Row 112
2026-06-30 20:42:50,317 - INFO - MainThread - Order: V4063004113
2026-06-30 20:42:50,317 - INFO - MainThread - Processing Excel Row 113
2026-06-30 20:42:50,318 - INFO - MainThread - Order: V4063004114
2026-06-30 20:42:50,318 - INFO - MainThread - Processing Excel Row 114
2026-06-30 20:42:50,319 - INFO - MainThread - Order: V4063004115
2026-06-30 20:42:50,320 - INFO - MainThread - Processing Excel Row 115
2026-06-30 20:42:50,321 - INFO - MainThread - Order: V4063004116
2026-06-30 20:42:50,321 - INFO - MainThread - Processing Excel Row 116
2026-06-30 20:42:50,322 - INFO - MainThread - Order: V4063004117
2026-06-30 20:42:50,322 - INFO - MainThread - Processing Excel Row 117
2026-06-30 20:42:50,323 - INFO - MainThread - Order: V4063004118
2026-06-30 20:42:50,323 - INFO - MainThread - Processing Excel Row 118
2026-06-30 20:42:50,324 - INFO - MainThread - Order: V4063004119
2026-06-30 20:42:50,324 - INFO - MainThread - Processing Excel Row 119
2026-06-30 20:42:50,324 - INFO - MainThread - Order: V4063004120
2026-06-30 20:42:50,324 - INFO - MainThread - Processing Excel Row 120
2026-06-30 20:42:50,325 - INFO - MainThread - Order: V4063004121
2026-06-30 20:42:50,325 - INFO - MainThread - Processing Excel Row 121
2026-06-30 20:42:50,327 - INFO - MainThread - Order: V4063004122
2026-06-30 20:42:50,327 - INFO - MainThread - Processing Excel Row 122
2026-06-30 20:42:50,328 - INFO - MainThread - Order: V4063004123
2026-06-30 20:42:50,328 - INFO - MainThread - Processing Excel Row 123
2026-06-30 20:42:50,329 - INFO - MainThread - Order: V4063004124
2026-06-30 20:42:50,329 - INFO - MainThread - Processing Excel Row 124
2026-06-30 20:42:50,330 - INFO - MainThread - Order: V4063004125
2026-06-30 20:42:50,330 - INFO - MainThread - Processing Excel Row 125
2026-06-30 20:42:50,332 - INFO - MainThread - Order: V4063004126
2026-06-30 20:42:50,333 - INFO - MainThread - Processing Excel Row 126
2026-06-30 20:42:50,336 - INFO - MainThread - Order: V4063004127
2026-06-30 20:42:50,336 - INFO - MainThread - Processing Excel Row 127
2026-06-30 20:42:50,337 - INFO - MainThread - Order: V4063004128
2026-06-30 20:42:50,337 - INFO - MainThread - Processing Excel Row 128
2026-06-30 20:42:50,339 - INFO - MainThread - Order: V4063004129
2026-06-30 20:42:50,339 - INFO - MainThread - Processing Excel Row 129
2026-06-30 20:42:50,342 - INFO - MainThread - Order: V4063004130
2026-06-30 20:42:50,343 - INFO - MainThread - Processing Excel Row 130
2026-06-30 20:42:50,345 - INFO - MainThread - Order: V4063004131
2026-06-30 20:42:50,346 - INFO - MainThread - Processing Excel Row 131
2026-06-30 20:42:50,348 - INFO - MainThread - Order: V4063004132
2026-06-30 20:42:50,348 - INFO - MainThread - Processing Excel Row 132
2026-06-30 20:42:50,350 - INFO - MainThread - Order: V4063004133
2026-06-30 20:42:50,350 - INFO - MainThread - Processing Excel Row 133
2026-06-30 20:42:50,352 - INFO - MainThread - Order: V4063004134
2026-06-30 20:42:50,352 - INFO - MainThread - Processing Excel Row 134
2026-06-30 20:42:50,354 - INFO - MainThread - Order: V4063004135
2026-06-30 20:42:50,354 - INFO - MainThread - Processing Excel Row 135
2026-06-30 20:42:50,355 - INFO - MainThread - Order: V4063004136
2026-06-30 20:42:50,355 - INFO - MainThread - Processing Excel Row 136
2026-06-30 20:42:50,360 - INFO - MainThread - Order: V4063004137
2026-06-30 20:42:50,361 - INFO - MainThread - Processing Excel Row 137
2026-06-30 20:42:50,362 - INFO - MainThread - Order: V4063004138
2026-06-30 20:42:50,362 - INFO - MainThread - Processing Excel Row 138
2026-06-30 20:42:50,363 - INFO - MainThread - Order: V4063004139
2026-06-30 20:42:50,363 - INFO - MainThread - Processing Excel Row 139
2026-06-30 20:42:50,364 - INFO - MainThread - Order: V4063004140
2026-06-30 20:42:50,364 - INFO - MainThread - Processing Excel Row 140
2026-06-30 20:42:50,365 - INFO - MainThread - Order: V4063004141
2026-06-30 20:42:50,365 - INFO - MainThread - Processing Excel Row 141
2026-06-30 20:42:50,366 - INFO - MainThread - Order: V4063004142
2026-06-30 20:42:50,367 - INFO - MainThread - Processing Excel Row 142
2026-06-30 20:42:50,367 - INFO - MainThread - Order: V4063004143
2026-06-30 20:42:50,368 - INFO - MainThread - Processing Excel Row 143
2026-06-30 20:42:50,368 - INFO - MainThread - Order: V4063004144
2026-06-30 20:42:50,369 - INFO - MainThread - Processing Excel Row 144
2026-06-30 20:42:50,369 - INFO - MainThread - Order: V4063004145
2026-06-30 20:42:50,369 - INFO - MainThread - Processing Excel Row 145
2026-06-30 20:42:50,370 - INFO - MainThread - Order: V4063004146
2026-06-30 20:42:50,370 - INFO - MainThread - Processing Excel Row 146
2026-06-30 20:42:50,373 - INFO - MainThread - Order: V4063004147
2026-06-30 20:42:50,373 - INFO - MainThread - Processing Excel Row 147
2026-06-30 20:42:50,375 - INFO - MainThread - Order: V4063004148
2026-06-30 20:42:50,375 - INFO - MainThread - Processing Excel Row 148
2026-06-30 20:42:50,377 - INFO - MainThread - Order: V4063004149
2026-06-30 20:42:50,377 - INFO - MainThread - Processing Excel Row 149
2026-06-30 20:42:50,379 - INFO - MainThread - Order: V4063004150
2026-06-30 20:42:50,379 - INFO - MainThread - Processing Excel Row 150
2026-06-30 20:42:50,381 - INFO - MainThread - Order: V4063004151
2026-06-30 20:42:50,381 - INFO - MainThread - Processing Excel Row 151
2026-06-30 20:42:50,383 - INFO - MainThread - Order: V4063004152
2026-06-30 20:42:50,383 - INFO - MainThread - Processing Excel Row 152
2026-06-30 20:42:50,387 - INFO - MainThread - Order: V4063004153
2026-06-30 20:42:50,387 - INFO - MainThread - Processing Excel Row 153
2026-06-30 20:42:50,389 - INFO - MainThread - Order: V4063004154
2026-06-30 20:42:50,389 - INFO - MainThread - Processing Excel Row 154
2026-06-30 20:42:50,391 - INFO - MainThread - Order: V4063004155
2026-06-30 20:42:50,391 - INFO - MainThread - Processing Excel Row 155
2026-06-30 20:42:50,392 - INFO - MainThread - Order: V4063004156
2026-06-30 20:42:50,392 - INFO - MainThread - Processing Excel Row 156
2026-06-30 20:42:50,392 - INFO - MainThread - Order: V4063004157
2026-06-30 20:42:50,392 - INFO - MainThread - Processing Excel Row 157
2026-06-30 20:42:50,393 - INFO - MainThread - Order: V4063004158
2026-06-30 20:42:50,393 - INFO - MainThread - Processing Excel Row 158
2026-06-30 20:42:50,394 - INFO - MainThread - Order: V4063004159
2026-06-30 20:42:50,394 - INFO - MainThread - Processing Excel Row 159
2026-06-30 20:42:50,395 - INFO - MainThread - Order: V4063004160
2026-06-30 20:42:50,396 - INFO - MainThread - Processing Excel Row 160
2026-06-30 20:42:50,397 - INFO - MainThread - Order: V4063004161
2026-06-30 20:42:50,397 - INFO - MainThread - Processing Excel Row 161
2026-06-30 20:42:50,398 - INFO - MainThread - Order: V4063004162
2026-06-30 20:42:50,399 - INFO - MainThread - Processing Excel Row 162
2026-06-30 20:42:50,400 - INFO - MainThread - Order: V4063004163
2026-06-30 20:42:50,400 - INFO - MainThread - Processing Excel Row 163
2026-06-30 20:42:50,401 - INFO - MainThread - Order: V4063004164
2026-06-30 20:42:50,401 - INFO - MainThread - Processing Excel Row 164
2026-06-30 20:42:50,403 - INFO - MainThread - Order: V4063004165
2026-06-30 20:42:50,403 - INFO - MainThread - Processing Excel Row 165
2026-06-30 20:42:50,405 - INFO - MainThread - Order: V4063004166
2026-06-30 20:42:50,405 - INFO - MainThread - Processing Excel Row 166
2026-06-30 20:42:50,407 - INFO - MainThread - Order: V4063004167
2026-06-30 20:42:50,407 - INFO - MainThread - Processing Excel Row 167
2026-06-30 20:42:50,409 - INFO - MainThread - Order: V4063004168
2026-06-30 20:42:50,409 - INFO - MainThread - Processing Excel Row 168
2026-06-30 20:42:50,411 - INFO - MainThread - Order: V4063004169
2026-06-30 20:42:50,411 - INFO - MainThread - Processing Excel Row 169
2026-06-30 20:42:50,413 - INFO - MainThread - Order: V4063004170
2026-06-30 20:42:50,413 - INFO - MainThread - Processing Excel Row 170
2026-06-30 20:42:50,415 - INFO - MainThread - Order: V4063004171
2026-06-30 20:42:50,415 - INFO - MainThread - Processing Excel Row 171
2026-06-30 20:42:50,417 - INFO - MainThread - Order: V4063004172
2026-06-30 20:42:50,417 - INFO - MainThread - Processing Excel Row 172
2026-06-30 20:42:50,418 - INFO - MainThread - Order: V4063004173
2026-06-30 20:42:50,418 - INFO - MainThread - Processing Excel Row 173
2026-06-30 20:42:50,419 - INFO - MainThread - Order: V4063004174
2026-06-30 20:42:50,419 - INFO - MainThread - Processing Excel Row 174
2026-06-30 20:42:50,420 - INFO - MainThread - Order: V4063004175
2026-06-30 20:42:50,420 - INFO - MainThread - Processing Excel Row 175
2026-06-30 20:42:50,421 - INFO - MainThread - Order: V4063004176
2026-06-30 20:42:50,421 - INFO - MainThread - Processing Excel Row 176
2026-06-30 20:42:50,424 - INFO - MainThread - Order: V4063004177
2026-06-30 20:42:50,424 - INFO - MainThread - Processing Excel Row 177
2026-06-30 20:42:50,426 - INFO - MainThread - Order: V4063004178
2026-06-30 20:42:50,426 - INFO - MainThread - Processing Excel Row 178
2026-06-30 20:42:50,427 - INFO - MainThread - Order: V4063004179
2026-06-30 20:42:50,427 - INFO - MainThread - Processing Excel Row 179
2026-06-30 20:42:50,428 - INFO - MainThread - Order: V4063004180
2026-06-30 20:42:50,428 - INFO - MainThread - Processing Excel Row 180
2026-06-30 20:42:50,429 - INFO - MainThread - Order: V4063004181
2026-06-30 20:42:50,429 - INFO - MainThread - Processing Excel Row 181
2026-06-30 20:42:50,429 - INFO - MainThread - Order: V4063004182
2026-06-30 20:42:50,429 - INFO - MainThread - Processing Excel Row 182
2026-06-30 20:42:50,430 - INFO - MainThread - Order: V4063004183
2026-06-30 20:42:50,430 - INFO - MainThread - Processing Excel Row 183
2026-06-30 20:42:50,431 - INFO - MainThread - Order: V4063004184
2026-06-30 20:42:50,432 - INFO - MainThread - Processing Excel Row 184
2026-06-30 20:42:50,432 - INFO - MainThread - Order: V4063004185
2026-06-30 20:42:50,432 - INFO - MainThread - Processing Excel Row 185
2026-06-30 20:42:50,433 - INFO - MainThread - Order: V4063004186
2026-06-30 20:42:50,433 - INFO - MainThread - Processing Excel Row 186
2026-06-30 20:42:50,434 - INFO - MainThread - Order: V4063004187
2026-06-30 20:42:50,434 - INFO - MainThread - Processing Excel Row 187
2026-06-30 20:42:50,435 - INFO - MainThread - Order: V4063004188
2026-06-30 20:42:50,435 - INFO - MainThread - Processing Excel Row 188
2026-06-30 20:42:50,436 - INFO - MainThread - Order: V4063004189
2026-06-30 20:42:50,436 - INFO - MainThread - Processing Excel Row 189
2026-06-30 20:42:50,437 - INFO - MainThread - Order: V4063004190
2026-06-30 20:42:50,437 - INFO - MainThread - Processing Excel Row 190
2026-06-30 20:42:50,438 - INFO - MainThread - Order: V4063004191
2026-06-30 20:42:50,438 - INFO - MainThread - Processing Excel Row 191
2026-06-30 20:42:50,439 - INFO - MainThread - Order: V4063004192
2026-06-30 20:42:50,439 - INFO - MainThread - Processing Excel Row 192
2026-06-30 20:42:50,440 - INFO - MainThread - Order: V4063004193
2026-06-30 20:42:50,440 - INFO - MainThread - Processing Excel Row 193
2026-06-30 20:42:50,441 - INFO - MainThread - Order: V4063004194
2026-06-30 20:42:50,441 - INFO - MainThread - Processing Excel Row 194
2026-06-30 20:42:50,442 - INFO - MainThread - Order: V4063004195
2026-06-30 20:42:50,442 - INFO - MainThread - Processing Excel Row 195
2026-06-30 20:42:50,443 - INFO - MainThread - Order: V4063004196
2026-06-30 20:42:50,443 - INFO - MainThread - Processing Excel Row 196
2026-06-30 20:42:50,444 - INFO - MainThread - Order: V4063004197
2026-06-30 20:42:50,444 - INFO - MainThread - Processing Excel Row 197
2026-06-30 20:42:50,445 - INFO - MainThread - Order: V4063004198
2026-06-30 20:42:50,445 - INFO - MainThread - Processing Excel Row 198
2026-06-30 20:42:50,446 - INFO - MainThread - Order: V4063004199
2026-06-30 20:42:50,446 - INFO - MainThread - Processing Excel Row 199
2026-06-30 20:42:50,447 - INFO - MainThread - Order: V4063004200
2026-06-30 20:42:50,447 - INFO - MainThread - Processing Excel Row 200
2026-06-30 20:42:50,448 - INFO - MainThread - Order: V4063004201
2026-06-30 20:42:50,448 - INFO - MainThread - Processing Excel Row 201
2026-06-30 20:42:50,449 - INFO - MainThread - Order: V4063004202
2026-06-30 20:42:50,449 - INFO - MainThread - Processing Excel Row 202
2026-06-30 20:42:50,450 - INFO - MainThread - Order: V4063004203
2026-06-30 20:42:50,450 - INFO - MainThread - Processing Excel Row 203
2026-06-30 20:42:50,451 - INFO - MainThread - Order: V4063004204
2026-06-30 20:42:50,451 - INFO - MainThread - Processing Excel Row 204
2026-06-30 20:42:50,452 - INFO - MainThread - Order: V4063004205
2026-06-30 20:42:50,452 - INFO - MainThread - Processing Excel Row 205
2026-06-30 20:42:50,453 - INFO - MainThread - Order: V4063004206
2026-06-30 20:42:50,453 - INFO - MainThread - Processing Excel Row 206
2026-06-30 20:42:50,454 - INFO - MainThread - Order: V4063004207
2026-06-30 20:42:50,454 - INFO - MainThread - Processing Excel Row 207
2026-06-30 20:42:50,455 - INFO - MainThread - Order: V4063004208
2026-06-30 20:42:50,455 - INFO - MainThread - Processing Excel Row 208
2026-06-30 20:42:50,456 - INFO - MainThread - Order: V4063004209
2026-06-30 20:42:50,456 - INFO - MainThread - Processing Excel Row 209
2026-06-30 20:42:50,457 - INFO - MainThread - Order: V4063004210
2026-06-30 20:42:50,457 - INFO - MainThread - Processing Excel Row 210
2026-06-30 20:42:50,458 - INFO - MainThread - Order: V4063004211
2026-06-30 20:42:50,458 - INFO - MainThread - Processing Excel Row 211
2026-06-30 20:42:50,459 - INFO - MainThread - Order: V4063004212
2026-06-30 20:42:50,459 - INFO - MainThread - Processing Excel Row 212
2026-06-30 20:42:50,460 - INFO - MainThread - Order: V4063004213
2026-06-30 20:42:50,460 - INFO - MainThread - Processing Excel Row 213
2026-06-30 20:42:50,461 - INFO - MainThread - Order: V4063004214
2026-06-30 20:42:50,461 - INFO - MainThread - Processing Excel Row 214
2026-06-30 20:42:50,462 - INFO - MainThread - Order: V4063004215
2026-06-30 20:42:50,462 - INFO - MainThread - Processing Excel Row 215
2026-06-30 20:42:50,462 - INFO - MainThread - Order: V4063004216
2026-06-30 20:42:50,463 - INFO - MainThread - Processing Excel Row 216
2026-06-30 20:42:50,463 - INFO - MainThread - Order: V4063004217
2026-06-30 20:42:50,463 - INFO - MainThread - Processing Excel Row 217
2026-06-30 20:42:50,464 - INFO - MainThread - Order: V4063004218
2026-06-30 20:42:50,464 - INFO - MainThread - Processing Excel Row 218
2026-06-30 20:42:50,465 - INFO - MainThread - Order: V4063004219
2026-06-30 20:42:50,466 - INFO - MainThread - Processing Excel Row 219
2026-06-30 20:42:50,466 - INFO - MainThread - Order: V4063004220
2026-06-30 20:42:50,467 - INFO - MainThread - Processing Excel Row 220
2026-06-30 20:42:50,468 - INFO - MainThread - Order: V4063004221
2026-06-30 20:42:50,468 - INFO - MainThread - Processing Excel Row 221
2026-06-30 20:42:50,469 - INFO - MainThread - Order: V4063004222
2026-06-30 20:42:50,469 - INFO - MainThread - Processing Excel Row 222
2026-06-30 20:42:50,470 - INFO - MainThread - Order: V4063004223
2026-06-30 20:42:50,470 - INFO - MainThread - Processing Excel Row 223
2026-06-30 20:42:50,470 - INFO - MainThread - Order: V4063004224
2026-06-30 20:42:50,470 - INFO - MainThread - Processing Excel Row 224
2026-06-30 20:42:50,471 - INFO - MainThread - Order: V4063004225
2026-06-30 20:42:50,471 - INFO - MainThread - Processing Excel Row 225
2026-06-30 20:42:50,472 - INFO - MainThread - Order: V4063004226
2026-06-30 20:42:50,472 - INFO - MainThread - Processing Excel Row 226
2026-06-30 20:42:50,473 - INFO - MainThread - Order: V4063004227
2026-06-30 20:42:50,473 - INFO - MainThread - Processing Excel Row 227
2026-06-30 20:42:50,474 - INFO - MainThread - Order: V4063004228
2026-06-30 20:42:50,474 - INFO - MainThread - Processing Excel Row 228
2026-06-30 20:42:50,474 - INFO - MainThread - Order: V4063004229
2026-06-30 20:42:50,474 - INFO - MainThread - Processing Excel Row 229
2026-06-30 20:42:50,475 - INFO - MainThread - Order: V4063004230
2026-06-30 20:42:50,475 - INFO - MainThread - Processing Excel Row 230
2026-06-30 20:42:50,476 - INFO - MainThread - Order: V4063004231
2026-06-30 20:42:50,476 - INFO - MainThread - Processing Excel Row 231
2026-06-30 20:42:50,477 - INFO - MainThread - Order: V4063004232
2026-06-30 20:42:50,477 - INFO - MainThread - Processing Excel Row 232
2026-06-30 20:42:50,477 - INFO - MainThread - Order: V4063004233
2026-06-30 20:42:50,478 - INFO - MainThread - Processing Excel Row 233
2026-06-30 20:42:50,478 - INFO - MainThread - Order: V4063004234
2026-06-30 20:42:50,479 - INFO - MainThread - Processing Excel Row 234
2026-06-30 20:42:50,479 - INFO - MainThread - Order: V4063004235
2026-06-30 20:42:50,479 - INFO - MainThread - Processing Excel Row 235
2026-06-30 20:42:50,480 - INFO - MainThread - Order: V4063004236
2026-06-30 20:42:50,480 - INFO - MainThread - Processing Excel Row 236
2026-06-30 20:42:50,481 - INFO - MainThread - Order: V4063004237
2026-06-30 20:42:50,481 - INFO - MainThread - Processing Excel Row 237
2026-06-30 20:42:50,482 - INFO - MainThread - Order: V4063004238
2026-06-30 20:42:50,482 - INFO - MainThread - Processing Excel Row 238
2026-06-30 20:42:50,482 - INFO - MainThread - Order: V4063004239
2026-06-30 20:42:50,482 - INFO - MainThread - Processing Excel Row 239
2026-06-30 20:42:50,483 - INFO - MainThread - Order: V4063004240
2026-06-30 20:42:50,483 - INFO - MainThread - Processing Excel Row 240
2026-06-30 20:42:50,484 - INFO - MainThread - Order: V4063004241
2026-06-30 20:42:50,484 - INFO - MainThread - Processing Excel Row 241
2026-06-30 20:42:50,487 - INFO - MainThread - Order: V4063004242
2026-06-30 20:42:50,487 - INFO - MainThread - Processing Excel Row 242
2026-06-30 20:42:50,489 - INFO - MainThread - Order: V4063004243
2026-06-30 20:42:50,489 - INFO - MainThread - Processing Excel Row 243
2026-06-30 20:42:50,493 - INFO - MainThread - Order: V4063004244
2026-06-30 20:42:50,493 - INFO - MainThread - Processing Excel Row 244
2026-06-30 20:42:50,495 - INFO - MainThread - Order: V4063004245
2026-06-30 20:42:50,495 - INFO - MainThread - Processing Excel Row 245
2026-06-30 20:42:50,497 - INFO - MainThread - Order: V4063004246
2026-06-30 20:42:50,497 - INFO - MainThread - Processing Excel Row 246
2026-06-30 20:42:50,498 - INFO - MainThread - Order: V4063004247
2026-06-30 20:42:50,499 - INFO - MainThread - Processing Excel Row 247
2026-06-30 20:42:50,500 - INFO - MainThread - Order: V4063004248
2026-06-30 20:42:50,500 - INFO - MainThread - Processing Excel Row 248
2026-06-30 20:42:50,502 - INFO - MainThread - Order: V4063004249
2026-06-30 20:42:50,502 - INFO - MainThread - Processing Excel Row 249
2026-06-30 20:42:50,503 - INFO - MainThread - Order: V4063004250
2026-06-30 20:42:50,503 - INFO - MainThread - Processing Excel Row 250
2026-06-30 20:42:50,505 - INFO - MainThread - Order: V4063004251
2026-06-30 20:42:50,505 - INFO - MainThread - Processing Excel Row 251
2026-06-30 20:42:50,507 - INFO - MainThread - Order: V4063004252
2026-06-30 20:42:50,507 - INFO - MainThread - Processing Excel Row 252
2026-06-30 20:42:50,509 - INFO - MainThread - Order: V4063004253
2026-06-30 20:42:50,509 - INFO - MainThread - Processing Excel Row 253
2026-06-30 20:42:50,511 - INFO - MainThread - Order: V4063004254
2026-06-30 20:42:50,511 - INFO - MainThread - Processing Excel Row 254
2026-06-30 20:42:50,513 - INFO - MainThread - Order: V4063004255
2026-06-30 20:42:50,513 - INFO - MainThread - Processing Excel Row 255
2026-06-30 20:42:50,515 - INFO - MainThread - Order: V4063004256
2026-06-30 20:42:50,515 - INFO - MainThread - Processing Excel Row 256
2026-06-30 20:42:50,517 - INFO - MainThread - Order: V4063004257
2026-06-30 20:42:50,517 - INFO - MainThread - Processing Excel Row 257
2026-06-30 20:42:50,519 - INFO - MainThread - Order: V4063004258
2026-06-30 20:42:50,519 - INFO - MainThread - Processing Excel Row 258
2026-06-30 20:42:50,521 - INFO - MainThread - Order: V4063004259
2026-06-30 20:42:50,521 - INFO - MainThread - Processing Excel Row 259
2026-06-30 20:42:50,523 - INFO - MainThread - Order: V4063004260
2026-06-30 20:42:50,523 - INFO - MainThread - Processing Excel Row 260
2026-06-30 20:42:50,525 - INFO - MainThread - Order: V4063004261
2026-06-30 20:42:50,525 - INFO - MainThread - Processing Excel Row 261
2026-06-30 20:42:50,527 - INFO - MainThread - Order: V4063004262
2026-06-30 20:42:50,527 - INFO - MainThread - Processing Excel Row 262
2026-06-30 20:42:50,529 - INFO - MainThread - Order: V4063004263
2026-06-30 20:42:50,529 - INFO - MainThread - Processing Excel Row 263
2026-06-30 20:42:50,531 - INFO - MainThread - Order: V4063004264
2026-06-30 20:42:50,531 - INFO - MainThread - Processing Excel Row 264
2026-06-30 20:42:50,533 - INFO - MainThread - Order: V4063004265
2026-06-30 20:42:50,533 - INFO - MainThread - Processing Excel Row 265
2026-06-30 20:42:50,535 - INFO - MainThread - Order: V4063004266
2026-06-30 20:42:50,535 - INFO - MainThread - Processing Excel Row 266
2026-06-30 20:42:50,537 - INFO - MainThread - Order: V4063004267
2026-06-30 20:42:50,537 - INFO - MainThread - Processing Excel Row 267
2026-06-30 20:42:50,539 - INFO - MainThread - Order: V4063004268
2026-06-30 20:42:50,539 - INFO - MainThread - Processing Excel Row 268
2026-06-30 20:42:50,540 - INFO - MainThread - Order: V4063004269
2026-06-30 20:42:50,540 - INFO - MainThread - Processing Excel Row 269
2026-06-30 20:42:50,542 - INFO - MainThread - Order: V4063004270
2026-06-30 20:42:50,542 - INFO - MainThread - Processing Excel Row 270
2026-06-30 20:42:50,544 - INFO - MainThread - Order: V4063004271
2026-06-30 20:42:50,544 - INFO - MainThread - Processing Excel Row 271
2026-06-30 20:42:50,546 - INFO - MainThread - Order: V4063004272
2026-06-30 20:42:50,546 - INFO - MainThread - Processing Excel Row 272
2026-06-30 20:42:50,549 - INFO - MainThread - Order: V4063004273
2026-06-30 20:42:50,549 - INFO - MainThread - Processing Excel Row 273
2026-06-30 20:42:50,553 - INFO - MainThread - Order: V4063004274
2026-06-30 20:42:50,553 - INFO - MainThread - Processing Excel Row 274
2026-06-30 20:42:50,554 - INFO - MainThread - Order: V4063004275
2026-06-30 20:42:50,554 - INFO - MainThread - Processing Excel Row 275
2026-06-30 20:42:50,555 - INFO - MainThread - Order: V4063004276
2026-06-30 20:42:50,555 - INFO - MainThread - Processing Excel Row 276
2026-06-30 20:42:50,557 - INFO - MainThread - Order: V4063004277
2026-06-30 20:42:50,557 - INFO - MainThread - Processing Excel Row 277
2026-06-30 20:42:50,558 - INFO - MainThread - Order: V4063004278
2026-06-30 20:42:50,558 - INFO - MainThread - Processing Excel Row 278
2026-06-30 20:42:50,559 - INFO - MainThread - Order: V4063004279
2026-06-30 20:42:50,559 - INFO - MainThread - Processing Excel Row 279
2026-06-30 20:42:50,559 - INFO - MainThread - Order: V4063004280
2026-06-30 20:42:50,560 - INFO - MainThread - Processing Excel Row 280
2026-06-30 20:42:50,561 - INFO - MainThread - Order: V4063004281
2026-06-30 20:42:50,561 - INFO - MainThread - Processing Excel Row 281
2026-06-30 20:42:50,562 - INFO - MainThread - Order: V4063004282
2026-06-30 20:42:50,562 - INFO - MainThread - Processing Excel Row 282
2026-06-30 20:42:50,563 - INFO - MainThread - Order: V4063004283
2026-06-30 20:42:50,563 - INFO - MainThread - Processing Excel Row 283
2026-06-30 20:42:50,564 - INFO - MainThread - Order: V4063004284
2026-06-30 20:42:50,564 - INFO - MainThread - Processing Excel Row 284
2026-06-30 20:42:50,565 - INFO - MainThread - Order: V4063004285
2026-06-30 20:42:50,565 - INFO - MainThread - Processing Excel Row 285
2026-06-30 20:42:50,566 - INFO - MainThread - Order: V4063004286
2026-06-30 20:42:50,566 - INFO - MainThread - Processing Excel Row 286
2026-06-30 20:42:50,567 - INFO - MainThread - Order: V4063004287
2026-06-30 20:42:50,567 - INFO - MainThread - Processing Excel Row 287
2026-06-30 20:42:50,568 - INFO - MainThread - Order: V4063004288
2026-06-30 20:42:50,568 - INFO - MainThread - Processing Excel Row 288
2026-06-30 20:42:50,569 - INFO - MainThread - Order: V4063004289
2026-06-30 20:42:50,569 - INFO - MainThread - Processing Excel Row 289
2026-06-30 20:42:50,569 - INFO - MainThread - Order: V4063004290
2026-06-30 20:42:50,570 - INFO - MainThread - Processing Excel Row 290
2026-06-30 20:42:50,571 - INFO - MainThread - Order: V4063004291
2026-06-30 20:42:50,571 - INFO - MainThread - Processing Excel Row 291
2026-06-30 20:42:50,572 - INFO - MainThread - Order: V4063004292
2026-06-30 20:42:50,572 - INFO - MainThread - Processing Excel Row 292
2026-06-30 20:42:50,573 - INFO - MainThread - Order: V4063004293
2026-06-30 20:42:50,573 - INFO - MainThread - Processing Excel Row 293
2026-06-30 20:42:50,574 - INFO - MainThread - Order: V4063004294
2026-06-30 20:42:50,574 - INFO - MainThread - Processing Excel Row 294
2026-06-30 20:42:50,575 - INFO - MainThread - Order: V4063004295
2026-06-30 20:42:50,575 - INFO - MainThread - Processing Excel Row 295
2026-06-30 20:42:50,576 - INFO - MainThread - Order: V4063004296
2026-06-30 20:42:50,576 - INFO - MainThread - Processing Excel Row 296
2026-06-30 20:42:50,577 - INFO - MainThread - Order: V4063004297
2026-06-30 20:42:50,577 - INFO - MainThread - Processing Excel Row 297
2026-06-30 20:42:50,578 - INFO - MainThread - Order: V4063004298
2026-06-30 20:42:50,578 - INFO - MainThread - Processing Excel Row 298
2026-06-30 20:42:50,579 - INFO - MainThread - Order: V4063004299
2026-06-30 20:42:50,579 - INFO - MainThread - Processing Excel Row 299
2026-06-30 20:42:50,580 - INFO - MainThread - Order: V4063004300
2026-06-30 20:42:50,580 - INFO - MainThread - Processing Excel Row 300
2026-06-30 20:42:50,581 - INFO - MainThread - Order: V4063004301
2026-06-30 20:42:50,581 - INFO - MainThread - Processing Excel Row 301
2026-06-30 20:42:50,582 - INFO - MainThread - Order: V4063004302
2026-06-30 20:42:50,582 - INFO - MainThread - Processing Excel Row 302
2026-06-30 20:42:50,583 - INFO - MainThread - Order: V4063004303
2026-06-30 20:42:50,583 - INFO - MainThread - Processing Excel Row 303
2026-06-30 20:42:50,584 - INFO - MainThread - Order: V4063004304
2026-06-30 20:42:50,584 - INFO - MainThread - Processing Excel Row 304
2026-06-30 20:42:50,585 - INFO - MainThread - Order: V4063004305
2026-06-30 20:42:50,585 - INFO - MainThread - Processing Excel Row 305
2026-06-30 20:42:50,586 - INFO - MainThread - Order: V4063004306
2026-06-30 20:42:50,586 - INFO - MainThread - Processing Excel Row 306
2026-06-30 20:42:50,587 - INFO - MainThread - Order: V4063004307
2026-06-30 20:42:50,587 - INFO - MainThread - Processing Excel Row 307
2026-06-30 20:42:50,588 - INFO - MainThread - Order: V4063004308
2026-06-30 20:42:50,588 - INFO - MainThread - Processing Excel Row 308
2026-06-30 20:42:50,589 - INFO - MainThread - Order: V4063004309
2026-06-30 20:42:50,590 - INFO - MainThread - Processing Excel Row 309
2026-06-30 20:42:50,591 - INFO - MainThread - Order: V4063004310
2026-06-30 20:42:50,591 - INFO - MainThread - Processing Excel Row 310
2026-06-30 20:42:50,592 - INFO - MainThread - Order: V4063004311
2026-06-30 20:42:50,592 - INFO - MainThread - Processing Excel Row 311
2026-06-30 20:42:50,593 - INFO - MainThread - Order: V4063004312
2026-06-30 20:42:50,593 - INFO - MainThread - Processing Excel Row 312
2026-06-30 20:42:50,594 - INFO - MainThread - Order: V4063004313
2026-06-30 20:42:50,594 - INFO - MainThread - Processing Excel Row 313
2026-06-30 20:42:50,595 - INFO - MainThread - Order: V4063004314
2026-06-30 20:42:50,595 - INFO - MainThread - Processing Excel Row 314
2026-06-30 20:42:50,597 - INFO - MainThread - Order: V4063004315
2026-06-30 20:42:50,597 - INFO - MainThread - Processing Excel Row 315
2026-06-30 20:42:50,598 - INFO - MainThread - Order: V4063004316
2026-06-30 20:42:50,599 - INFO - MainThread - Processing Excel Row 316
2026-06-30 20:42:50,604 - INFO - MainThread - Order: V4063004317
2026-06-30 20:42:50,604 - INFO - MainThread - Processing Excel Row 317
2026-06-30 20:42:50,606 - INFO - MainThread - Order: V4063004318
2026-06-30 20:42:50,607 - INFO - MainThread - Processing Excel Row 318
2026-06-30 20:42:50,611 - INFO - MainThread - Order: V4063004319
2026-06-30 20:42:50,611 - INFO - MainThread - Processing Excel Row 319
2026-06-30 20:42:50,614 - INFO - MainThread - Order: V4063004320
2026-06-30 20:42:50,614 - INFO - MainThread - Processing Excel Row 320
2026-06-30 20:42:50,616 - INFO - MainThread - Order: V4063004321
2026-06-30 20:42:50,616 - INFO - MainThread - Processing Excel Row 321
2026-06-30 20:42:50,617 - INFO - MainThread - Order: V4063004322
2026-06-30 20:42:50,618 - INFO - MainThread - Processing Excel Row 322
2026-06-30 20:42:50,620 - INFO - MainThread - Order: V4063004323
2026-06-30 20:42:50,620 - INFO - MainThread - Processing Excel Row 323
2026-06-30 20:42:50,622 - INFO - MainThread - Order: V4063004324
2026-06-30 20:42:50,622 - INFO - MainThread - Processing Excel Row 324
2026-06-30 20:42:50,624 - INFO - MainThread - Order: V4063004325
2026-06-30 20:42:50,624 - INFO - MainThread - Processing Excel Row 325
2026-06-30 20:42:50,626 - INFO - MainThread - Order: V4063004326
2026-06-30 20:42:50,626 - INFO - MainThread - Processing Excel Row 326
2026-06-30 20:42:50,628 - INFO - MainThread - Order: V4063004327
2026-06-30 20:42:50,628 - INFO - MainThread - Processing Excel Row 327
2026-06-30 20:42:50,630 - INFO - MainThread - Order: V4063004328
2026-06-30 20:42:50,630 - INFO - MainThread - Processing Excel Row 328
2026-06-30 20:42:50,633 - INFO - MainThread - Order: V4063004329
2026-06-30 20:42:50,633 - INFO - MainThread - Processing Excel Row 329
2026-06-30 20:42:50,635 - INFO - MainThread - Order: V4063004330
2026-06-30 20:42:50,636 - INFO - MainThread - Processing Excel Row 330
2026-06-30 20:42:50,638 - INFO - MainThread - Order: V4063004331
2026-06-30 20:42:50,638 - INFO - MainThread - Processing Excel Row 331
2026-06-30 20:42:50,640 - INFO - MainThread - Order: V4063004332
2026-06-30 20:42:50,640 - INFO - MainThread - Processing Excel Row 332
2026-06-30 20:42:50,641 - INFO - MainThread - Order: V4063004333
2026-06-30 20:42:50,642 - INFO - MainThread - Processing Excel Row 333
2026-06-30 20:42:50,644 - INFO - MainThread - Order: V4063004334
2026-06-30 20:42:50,644 - INFO - MainThread - Processing Excel Row 334
2026-06-30 20:42:50,646 - INFO - MainThread - Order: V4063004335
2026-06-30 20:42:50,646 - INFO - MainThread - Processing Excel Row 335
2026-06-30 20:42:50,648 - INFO - MainThread - Order: V4063004336
2026-06-30 20:42:50,648 - INFO - MainThread - Processing Excel Row 336
2026-06-30 20:42:50,650 - INFO - MainThread - Order: V4063004337
2026-06-30 20:42:50,650 - INFO - MainThread - Processing Excel Row 337
2026-06-30 20:42:50,652 - INFO - MainThread - Order: V4063004338
2026-06-30 20:42:50,652 - INFO - MainThread - Processing Excel Row 338
2026-06-30 20:42:50,654 - INFO - MainThread - Order: V4063004339
2026-06-30 20:42:50,654 - INFO - MainThread - Processing Excel Row 339
2026-06-30 20:42:50,657 - INFO - MainThread - Order: V4063004340
2026-06-30 20:42:50,657 - INFO - MainThread - Processing Excel Row 340
2026-06-30 20:42:50,658 - INFO - MainThread - Order: V4063004341
2026-06-30 20:42:50,659 - INFO - MainThread - Processing Excel Row 341
2026-06-30 20:42:50,660 - INFO - MainThread - Order: V4063004342
2026-06-30 20:42:50,660 - INFO - MainThread - Processing Excel Row 342
2026-06-30 20:42:50,662 - INFO - MainThread - Order: V4063004343
2026-06-30 20:42:50,662 - INFO - MainThread - Processing Excel Row 343
2026-06-30 20:42:50,664 - INFO - MainThread - Order: V4063004344
2026-06-30 20:42:50,664 - INFO - MainThread - Processing Excel Row 344
2026-06-30 20:42:50,667 - INFO - MainThread - Order: V4063004345
2026-06-30 20:42:50,667 - INFO - MainThread - Processing Excel Row 345
2026-06-30 20:42:50,669 - INFO - MainThread - Order: V4063004346
2026-06-30 20:42:50,669 - INFO - MainThread - Processing Excel Row 346
2026-06-30 20:42:50,671 - INFO - MainThread - Order: V4063004347
2026-06-30 20:42:50,671 - INFO - MainThread - Processing Excel Row 347
2026-06-30 20:42:50,673 - INFO - MainThread - Order: V4063004348
2026-06-30 20:42:50,673 - INFO - MainThread - Processing Excel Row 348
2026-06-30 20:42:50,676 - INFO - MainThread - Order: V4063004349
2026-06-30 20:42:50,676 - INFO - MainThread - Processing Excel Row 349
2026-06-30 20:42:50,677 - INFO - MainThread - Order: V4063004350
2026-06-30 20:42:50,677 - INFO - MainThread - Processing Excel Row 350
2026-06-30 20:42:50,677 - INFO - MainThread - Order: V4063004351
2026-06-30 20:42:50,678 - INFO - MainThread - Processing Excel Row 351
2026-06-30 20:42:50,679 - INFO - MainThread - Order: V4063004352
2026-06-30 20:42:50,679 - INFO - MainThread - Processing Excel Row 352
2026-06-30 20:42:50,680 - INFO - MainThread - Order: V4063004353
2026-06-30 20:42:50,680 - INFO - MainThread - Processing Excel Row 353
2026-06-30 20:42:50,680 - INFO - MainThread - Order: V4063004354
2026-06-30 20:42:50,681 - INFO - MainThread - Processing Excel Row 354
2026-06-30 20:42:50,681 - INFO - MainThread - Order: V4063004355
2026-06-30 20:42:50,681 - INFO - MainThread - Processing Excel Row 355
2026-06-30 20:42:50,682 - INFO - MainThread - Order: V4063004356
2026-06-30 20:42:50,682 - INFO - MainThread - Processing Excel Row 356
2026-06-30 20:42:50,683 - INFO - MainThread - Order: V4063004357
2026-06-30 20:42:50,683 - INFO - MainThread - Processing Excel Row 357
2026-06-30 20:42:50,684 - INFO - MainThread - Order: V4063004358
2026-06-30 20:42:50,684 - INFO - MainThread - Processing Excel Row 358
2026-06-30 20:42:50,685 - INFO - MainThread - Order: V4063004359
2026-06-30 20:42:50,686 - INFO - MainThread - Processing Excel Row 359
2026-06-30 20:42:50,686 - INFO - MainThread - Order: V4063004360
2026-06-30 20:42:50,687 - INFO - MainThread - Processing Excel Row 360
2026-06-30 20:42:50,690 - INFO - MainThread - Order: V4063004361
2026-06-30 20:42:50,690 - INFO - MainThread - Processing Excel Row 361
2026-06-30 20:42:50,692 - INFO - MainThread - Order: V4063004362
2026-06-30 20:42:50,692 - INFO - MainThread - Processing Excel Row 362
2026-06-30 20:42:50,694 - INFO - MainThread - Order: V4063004363
2026-06-30 20:42:50,694 - INFO - MainThread - Processing Excel Row 363
2026-06-30 20:42:50,696 - INFO - MainThread - Order: V4063004364
2026-06-30 20:42:50,696 - INFO - MainThread - Processing Excel Row 364
2026-06-30 20:42:50,698 - INFO - MainThread - Order: V4063004365
2026-06-30 20:42:50,698 - INFO - MainThread - Processing Excel Row 365
2026-06-30 20:42:50,700 - INFO - MainThread - Order: V4063004366
2026-06-30 20:42:50,700 - INFO - MainThread - Processing Excel Row 366
2026-06-30 20:42:50,701 - INFO - MainThread - Order: V4063004367
2026-06-30 20:42:50,701 - INFO - MainThread - Processing Excel Row 367
2026-06-30 20:42:50,703 - INFO - MainThread - Order: V4063004368
2026-06-30 20:42:50,703 - INFO - MainThread - Processing Excel Row 368
2026-06-30 20:42:50,705 - INFO - MainThread - Order: V4063004369
2026-06-30 20:42:50,705 - INFO - MainThread - Processing Excel Row 369
2026-06-30 20:42:50,707 - INFO - MainThread - Order: V4063004370
2026-06-30 20:42:50,707 - INFO - MainThread - Processing Excel Row 370
2026-06-30 20:42:50,710 - INFO - MainThread - Order: V4063004371
2026-06-30 20:42:50,710 - INFO - MainThread - Processing Excel Row 371
2026-06-30 20:42:50,712 - INFO - MainThread - Order: V4063004372
2026-06-30 20:42:50,712 - INFO - MainThread - Processing Excel Row 372
2026-06-30 20:42:50,714 - INFO - MainThread - Order: V4063004373
2026-06-30 20:42:50,714 - INFO - MainThread - Processing Excel Row 373
2026-06-30 20:42:50,716 - INFO - MainThread - Order: V4063004374
2026-06-30 20:42:50,716 - INFO - MainThread - Processing Excel Row 374
2026-06-30 20:42:50,717 - INFO - MainThread - Order: V4063004375
2026-06-30 20:42:50,717 - INFO - MainThread - Processing Excel Row 375
2026-06-30 20:42:50,720 - INFO - MainThread - Order: V4063004376
2026-06-30 20:42:50,720 - INFO - MainThread - Processing Excel Row 376
2026-06-30 20:42:50,722 - INFO - MainThread - Order: V4063004377
2026-06-30 20:42:50,722 - INFO - MainThread - Processing Excel Row 377
2026-06-30 20:42:50,723 - INFO - MainThread - Order: V4063004378
2026-06-30 20:42:50,723 - INFO - MainThread - Processing Excel Row 378
2026-06-30 20:42:50,724 - INFO - MainThread - Order: V4063004379
2026-06-30 20:42:50,724 - INFO - MainThread - Processing Excel Row 379
2026-06-30 20:42:50,725 - INFO - MainThread - Order: V4063004380
2026-06-30 20:42:50,725 - INFO - MainThread - Processing Excel Row 380
2026-06-30 20:42:50,726 - INFO - MainThread - Order: V4063004381
2026-06-30 20:42:50,726 - INFO - MainThread - Processing Excel Row 381
2026-06-30 20:42:50,727 - INFO - MainThread - Order: V4063004382
2026-06-30 20:42:50,727 - INFO - MainThread - Processing Excel Row 382
2026-06-30 20:42:50,728 - INFO - MainThread - Order: V4063004383
2026-06-30 20:42:50,728 - INFO - MainThread - Processing Excel Row 383
2026-06-30 20:42:50,729 - INFO - MainThread - Order: V4063004384
2026-06-30 20:42:50,729 - INFO - MainThread - Processing Excel Row 384
2026-06-30 20:42:50,730 - INFO - MainThread - Order: V4063004385
2026-06-30 20:42:50,730 - INFO - MainThread - Processing Excel Row 385
2026-06-30 20:42:50,731 - INFO - MainThread - Order: V4063004386
2026-06-30 20:42:50,731 - INFO - MainThread - Processing Excel Row 386
2026-06-30 20:42:50,732 - INFO - MainThread - Order: V4063004387
2026-06-30 20:42:50,732 - INFO - MainThread - Processing Excel Row 387
2026-06-30 20:42:50,733 - INFO - MainThread - Order: V4063004388
2026-06-30 20:42:50,733 - INFO - MainThread - Processing Excel Row 388
2026-06-30 20:42:50,734 - INFO - MainThread - Order: V4063004389
2026-06-30 20:42:50,734 - INFO - MainThread - Processing Excel Row 389
2026-06-30 20:42:50,735 - INFO - MainThread - Order: V4063004390
2026-06-30 20:42:50,735 - INFO - MainThread - Processing Excel Row 390
2026-06-30 20:42:50,736 - INFO - MainThread - Order: V4063004391
2026-06-30 20:42:50,736 - INFO - MainThread - Processing Excel Row 391
2026-06-30 20:42:50,737 - INFO - MainThread - Order: V4063004392
2026-06-30 20:42:50,737 - INFO - MainThread - Processing Excel Row 392
2026-06-30 20:42:50,737 - INFO - MainThread - Order: V4063004393
2026-06-30 20:42:50,738 - INFO - MainThread - Processing Excel Row 393
2026-06-30 20:42:50,738 - INFO - MainThread - Order: V4063004394
2026-06-30 20:42:50,738 - INFO - MainThread - Processing Excel Row 394
2026-06-30 20:42:50,739 - INFO - MainThread - Order: V4063004395
2026-06-30 20:42:50,739 - INFO - MainThread - Processing Excel Row 395
2026-06-30 20:42:50,740 - INFO - MainThread - Order: V4063004396
2026-06-30 20:42:50,740 - INFO - MainThread - Processing Excel Row 396
2026-06-30 20:42:50,741 - INFO - MainThread - Order: V4063004397
2026-06-30 20:42:50,742 - INFO - MainThread - Processing Excel Row 397
2026-06-30 20:42:50,743 - INFO - MainThread - Order: V4063004398
2026-06-30 20:42:50,743 - INFO - MainThread - Processing Excel Row 398
2026-06-30 20:42:50,743 - INFO - MainThread - Order: V4063004399
2026-06-30 20:42:50,743 - INFO - MainThread - Processing Excel Row 399
2026-06-30 20:42:50,744 - INFO - MainThread - Order: V4063004400
2026-06-30 20:42:50,744 - INFO - MainThread - Processing Excel Row 400
2026-06-30 20:42:50,745 - INFO - MainThread - Order: V4063004401
2026-06-30 20:42:50,745 - INFO - MainThread - Processing Excel Row 401
2026-06-30 20:42:50,746 - INFO - MainThread - Order: V4063004402
2026-06-30 20:42:50,746 - INFO - MainThread - Processing Excel Row 402
2026-06-30 20:42:50,747 - INFO - MainThread - Order: V4063004403
2026-06-30 20:42:50,747 - INFO - MainThread - Processing Excel Row 403
2026-06-30 20:42:50,748 - INFO - MainThread - Order: V4063004404
2026-06-30 20:42:50,748 - INFO - MainThread - Processing Excel Row 404
2026-06-30 20:42:50,749 - INFO - MainThread - Order: V4063004405
2026-06-30 20:42:50,749 - INFO - MainThread - Processing Excel Row 405
2026-06-30 20:42:50,750 - INFO - MainThread - Order: V4063004406
2026-06-30 20:42:50,750 - INFO - MainThread - Processing Excel Row 406
2026-06-30 20:42:50,751 - INFO - MainThread - Order: V4063004407
2026-06-30 20:42:50,751 - INFO - MainThread - Processing Excel Row 407
2026-06-30 20:42:50,752 - INFO - MainThread - Order: V4063004408
2026-06-30 20:42:50,752 - INFO - MainThread - Processing Excel Row 408
2026-06-30 20:42:50,752 - INFO - MainThread - Order: V4063004409
2026-06-30 20:42:50,753 - INFO - MainThread - Processing Excel Row 409
2026-06-30 20:42:50,753 - INFO - MainThread - Order: V4063004410
2026-06-30 20:42:50,753 - INFO - MainThread - Processing Excel Row 410
2026-06-30 20:42:50,754 - INFO - MainThread - Order: V4063004411
2026-06-30 20:42:50,754 - INFO - MainThread - Processing Excel Row 411
2026-06-30 20:42:50,755 - INFO - MainThread - Order: V4063004412
2026-06-30 20:42:50,755 - INFO - MainThread - Processing Excel Row 412
2026-06-30 20:42:50,756 - INFO - MainThread - Order: V4063004413
2026-06-30 20:42:50,756 - INFO - MainThread - Processing Excel Row 413
2026-06-30 20:42:50,756 - INFO - MainThread - Order: V4063004414
2026-06-30 20:42:50,756 - INFO - MainThread - Processing Excel Row 414
2026-06-30 20:42:50,757 - INFO - MainThread - Order: V4063004415
2026-06-30 20:42:50,757 - INFO - MainThread - Processing Excel Row 415
2026-06-30 20:42:50,758 - INFO - MainThread - Order: V4063004416
2026-06-30 20:42:50,758 - INFO - MainThread - Processing Excel Row 416
2026-06-30 20:42:50,759 - INFO - MainThread - Order: V4063004417
2026-06-30 20:42:50,759 - INFO - MainThread - Processing Excel Row 417
2026-06-30 20:42:50,759 - INFO - MainThread - Order: V4063004418
2026-06-30 20:42:50,759 - INFO - MainThread - Processing Excel Row 418
2026-06-30 20:42:50,760 - INFO - MainThread - Order: V4063004419
2026-06-30 20:42:50,760 - INFO - MainThread - Processing Excel Row 419
2026-06-30 20:42:50,761 - INFO - MainThread - Order: V4063004420
2026-06-30 20:42:50,761 - INFO - MainThread - Processing Excel Row 420
2026-06-30 20:42:50,762 - INFO - MainThread - Order: V4063004421
2026-06-30 20:42:50,762 - INFO - MainThread - Processing Excel Row 421
2026-06-30 20:42:50,763 - INFO - MainThread - Order: V4063004422
2026-06-30 20:42:50,763 - INFO - MainThread - Processing Excel Row 422
2026-06-30 20:42:50,764 - INFO - MainThread - Order: V4063004423
2026-06-30 20:42:50,764 - INFO - MainThread - Processing Excel Row 423
2026-06-30 20:42:50,766 - INFO - MainThread - Order: V4063004424
2026-06-30 20:42:50,766 - INFO - MainThread - Processing Excel Row 424
2026-06-30 20:42:50,768 - INFO - MainThread - Order: V4063004425
2026-06-30 20:42:50,768 - INFO - MainThread - Processing Excel Row 425
2026-06-30 20:42:50,770 - INFO - MainThread - Order: V4063004426
2026-06-30 20:42:50,770 - INFO - MainThread - Processing Excel Row 426
2026-06-30 20:42:50,772 - INFO - MainThread - Order: V4063004427
2026-06-30 20:42:50,772 - INFO - MainThread - Processing Excel Row 427
2026-06-30 20:42:50,773 - INFO - MainThread - Order: V4063004428
2026-06-30 20:42:50,774 - INFO - MainThread - Processing Excel Row 428
2026-06-30 20:42:50,774 - INFO - MainThread - Order: V4063004429
2026-06-30 20:42:50,775 - INFO - MainThread - Processing Excel Row 429
2026-06-30 20:42:50,775 - INFO - MainThread - Order: V4063004430
2026-06-30 20:42:50,775 - INFO - MainThread - Processing Excel Row 430
2026-06-30 20:42:50,776 - INFO - MainThread - Order: V4063004431
2026-06-30 20:42:50,776 - INFO - MainThread - Processing Excel Row 431
2026-06-30 20:42:50,777 - INFO - MainThread - Order: V4063004432
2026-06-30 20:42:50,777 - INFO - MainThread - Processing Excel Row 432
2026-06-30 20:42:50,778 - INFO - MainThread - Order: V4063004433
2026-06-30 20:42:50,778 - INFO - MainThread - Processing Excel Row 433
2026-06-30 20:42:50,779 - INFO - MainThread - Order: V4063004434
2026-06-30 20:42:50,779 - INFO - MainThread - Processing Excel Row 434
2026-06-30 20:42:50,779 - INFO - MainThread - Order: V4063004435
2026-06-30 20:42:50,779 - INFO - MainThread - Processing Excel Row 435
2026-06-30 20:42:50,781 - INFO - MainThread - Order: V4063004436
2026-06-30 20:42:50,782 - INFO - MainThread - Processing Excel Row 436
2026-06-30 20:42:50,783 - INFO - MainThread - Order: V4063004437
2026-06-30 20:42:50,783 - INFO - MainThread - Processing Excel Row 437
2026-06-30 20:42:50,784 - INFO - MainThread - Order: V4063004438
2026-06-30 20:42:50,784 - INFO - MainThread - Processing Excel Row 438
2026-06-30 20:42:50,785 - INFO - MainThread - Order: V4063004439
2026-06-30 20:42:50,785 - INFO - MainThread - Processing Excel Row 439
2026-06-30 20:42:50,786 - INFO - MainThread - Order: V4063004440
2026-06-30 20:42:50,786 - INFO - MainThread - Processing Excel Row 440
2026-06-30 20:42:50,787 - INFO - MainThread - Order: V4063004441
2026-06-30 20:42:50,787 - INFO - MainThread - Processing Excel Row 441
2026-06-30 20:42:50,788 - INFO - MainThread - Order: V4063004442
2026-06-30 20:42:50,788 - INFO - MainThread - Processing Excel Row 442
2026-06-30 20:42:50,789 - INFO - MainThread - Order: V4063004443
2026-06-30 20:42:50,789 - INFO - MainThread - Processing Excel Row 443
2026-06-30 20:42:50,790 - INFO - MainThread - Order: V4063004444
2026-06-30 20:42:50,790 - INFO - MainThread - Processing Excel Row 444
2026-06-30 20:42:50,790 - INFO - MainThread - Order: V4063004445
2026-06-30 20:42:50,791 - INFO - MainThread - Processing Excel Row 445
2026-06-30 20:42:50,791 - INFO - MainThread - Order: V4063004446
2026-06-30 20:42:50,791 - INFO - MainThread - Processing Excel Row 446
2026-06-30 20:42:50,792 - INFO - MainThread - Order: V4063004447
2026-06-30 20:42:50,792 - INFO - MainThread - Processing Excel Row 447
2026-06-30 20:42:50,793 - INFO - MainThread - Order: V4063004448
2026-06-30 20:42:50,793 - INFO - MainThread - Processing Excel Row 448
2026-06-30 20:42:50,794 - INFO - MainThread - Order: V4063004449
2026-06-30 20:42:50,794 - INFO - MainThread - Processing Excel Row 449
2026-06-30 20:42:50,796 - INFO - MainThread - Order: V4063004450
2026-06-30 20:42:50,796 - INFO - MainThread - Processing Excel Row 450
2026-06-30 20:42:50,797 - INFO - MainThread - Order: V4063004451
2026-06-30 20:42:50,797 - INFO - MainThread - Processing Excel Row 451
2026-06-30 20:42:50,798 - INFO - MainThread - Order: V4063004452
2026-06-30 20:42:50,798 - INFO - MainThread - Processing Excel Row 452
2026-06-30 20:42:50,799 - INFO - MainThread - Order: V4063004453
2026-06-30 20:42:50,799 - INFO - MainThread - Processing Excel Row 453
2026-06-30 20:42:50,800 - INFO - MainThread - Order: V4063004454
2026-06-30 20:42:50,800 - INFO - MainThread - Processing Excel Row 454
2026-06-30 20:42:50,800 - INFO - MainThread - Order: V4063004455
2026-06-30 20:42:50,800 - INFO - MainThread - Processing Excel Row 455
2026-06-30 20:42:50,801 - INFO - MainThread - Order: V4063004456
2026-06-30 20:42:50,801 - INFO - MainThread - Processing Excel Row 456
2026-06-30 20:42:50,802 - INFO - MainThread - Order: V4063004457
2026-06-30 20:42:50,802 - INFO - MainThread - Processing Excel Row 457
2026-06-30 20:42:50,803 - INFO - MainThread - Order: V4063004458
2026-06-30 20:42:50,803 - INFO - MainThread - Processing Excel Row 458
2026-06-30 20:42:50,804 - INFO - MainThread - Order: V4063004459
2026-06-30 20:42:50,804 - INFO - MainThread - Processing Excel Row 459
2026-06-30 20:42:50,805 - INFO - MainThread - Order: V4063004460
2026-06-30 20:42:50,805 - INFO - MainThread - Processing Excel Row 460
2026-06-30 20:42:50,806 - INFO - MainThread - Order: V4063004461
2026-06-30 20:42:50,806 - INFO - MainThread - Processing Excel Row 461
2026-06-30 20:42:50,806 - INFO - MainThread - Order: V4063004462
2026-06-30 20:42:50,806 - INFO - MainThread - Processing Excel Row 462
2026-06-30 20:42:50,807 - INFO - MainThread - Order: V4063004463
2026-06-30 20:42:50,807 - INFO - MainThread - Processing Excel Row 463
2026-06-30 20:42:50,808 - INFO - MainThread - Order: V4063004464
2026-06-30 20:42:50,808 - INFO - MainThread - Processing Excel Row 464
2026-06-30 20:42:50,809 - INFO - MainThread - Order: V4063004465
2026-06-30 20:42:50,809 - INFO - MainThread - Processing Excel Row 465
2026-06-30 20:42:50,809 - INFO - MainThread - Order: V4063004466
2026-06-30 20:42:50,809 - INFO - MainThread - Processing Excel Row 466
2026-06-30 20:42:50,810 - INFO - MainThread - Order: V4063004467
2026-06-30 20:42:50,810 - INFO - MainThread - Processing Excel Row 467
2026-06-30 20:42:50,811 - INFO - MainThread - Order: V4063004468
2026-06-30 20:42:50,811 - INFO - MainThread - Processing Excel Row 468
2026-06-30 20:42:50,812 - INFO - MainThread - Order: V4063004469
2026-06-30 20:42:50,812 - INFO - MainThread - Processing Excel Row 469
2026-06-30 20:42:50,813 - INFO - MainThread - Order: V4063004470
2026-06-30 20:42:50,813 - INFO - MainThread - Processing Excel Row 470
2026-06-30 20:42:50,814 - INFO - MainThread - Order: V4063004471
2026-06-30 20:42:50,814 - INFO - MainThread - Processing Excel Row 471
2026-06-30 20:42:50,815 - INFO - MainThread - Order: V4063004472
2026-06-30 20:42:50,815 - INFO - MainThread - Processing Excel Row 472
2026-06-30 20:42:50,816 - INFO - MainThread - Order: V4063004473
2026-06-30 20:42:50,816 - INFO - MainThread - Processing Excel Row 473
2026-06-30 20:42:50,817 - INFO - MainThread - Order: V4063004474
2026-06-30 20:42:50,817 - INFO - MainThread - Processing Excel Row 474
2026-06-30 20:42:50,818 - INFO - MainThread - Order: V4063004475
2026-06-30 20:42:50,818 - INFO - MainThread - Processing Excel Row 475
2026-06-30 20:42:50,819 - INFO - MainThread - Order: V4063004476
2026-06-30 20:42:50,819 - INFO - MainThread - Processing Excel Row 476
2026-06-30 20:42:50,819 - INFO - MainThread - Order: V4063004477
2026-06-30 20:42:50,819 - INFO - MainThread - Processing Excel Row 477
2026-06-30 20:42:50,820 - INFO - MainThread - Order: V4063004478
2026-06-30 20:42:50,820 - INFO - MainThread - Processing Excel Row 478
2026-06-30 20:42:50,821 - INFO - MainThread - Order: V4063004479
2026-06-30 20:42:50,821 - INFO - MainThread - Processing Excel Row 479
2026-06-30 20:42:50,822 - INFO - MainThread - Order: V4063004480
2026-06-30 20:42:50,822 - INFO - MainThread - Processing Excel Row 480
2026-06-30 20:42:50,823 - INFO - MainThread - Order: V4063004481
2026-06-30 20:42:50,823 - INFO - MainThread - Processing Excel Row 481
2026-06-30 20:42:50,823 - INFO - MainThread - Order: V4063004482
2026-06-30 20:42:50,824 - INFO - MainThread - Processing Excel Row 482
2026-06-30 20:42:50,824 - INFO - MainThread - Order: V4063004483
2026-06-30 20:42:50,824 - INFO - MainThread - Processing Excel Row 483
2026-06-30 20:42:50,825 - INFO - MainThread - Order: V4063004484
2026-06-30 20:42:50,825 - INFO - MainThread - Processing Excel Row 484
2026-06-30 20:42:50,826 - INFO - MainThread - Order: V4063004485
2026-06-30 20:42:50,826 - INFO - MainThread - Processing Excel Row 485
2026-06-30 20:42:50,827 - INFO - MainThread - Order: V4063004486
2026-06-30 20:42:50,827 - INFO - MainThread - Processing Excel Row 486
2026-06-30 20:42:50,827 - INFO - MainThread - Order: V4063004487
2026-06-30 20:42:50,828 - INFO - MainThread - Processing Excel Row 487
2026-06-30 20:42:50,829 - INFO - MainThread - Order: V4063004488
2026-06-30 20:42:50,829 - INFO - MainThread - Processing Excel Row 488
2026-06-30 20:42:50,829 - INFO - MainThread - Order: V4063004489
2026-06-30 20:42:50,829 - INFO - MainThread - Processing Excel Row 489
2026-06-30 20:42:50,830 - INFO - MainThread - Order: V4063004490
2026-06-30 20:42:50,830 - INFO - MainThread - Processing Excel Row 490
2026-06-30 20:42:50,833 - INFO - MainThread - Order: V4063004491
2026-06-30 20:42:50,833 - INFO - MainThread - Processing Excel Row 491
2026-06-30 20:42:50,834 - INFO - MainThread - Order: V4063004492
2026-06-30 20:42:50,834 - INFO - MainThread - Processing Excel Row 492
2026-06-30 20:42:50,835 - INFO - MainThread - Order: V4063004493
2026-06-30 20:42:50,835 - INFO - MainThread - Processing Excel Row 493
2026-06-30 20:42:50,836 - INFO - MainThread - Order: V4063004494
2026-06-30 20:42:50,836 - INFO - MainThread - Processing Excel Row 494
2026-06-30 20:42:50,837 - INFO - MainThread - Order: V4063004495
2026-06-30 20:42:50,837 - INFO - MainThread - Processing Excel Row 495
2026-06-30 20:42:50,838 - INFO - MainThread - Order: V4063004496
2026-06-30 20:42:50,838 - INFO - MainThread - Processing Excel Row 496
2026-06-30 20:42:50,839 - INFO - MainThread - Order: V4063004497
2026-06-30 20:42:50,839 - INFO - MainThread - Processing Excel Row 497
2026-06-30 20:42:50,840 - INFO - MainThread - Order: V4063004498
2026-06-30 20:42:50,840 - INFO - MainThread - Processing Excel Row 498
2026-06-30 20:42:50,841 - INFO - MainThread - Order: V4063004499
2026-06-30 20:42:50,841 - INFO - MainThread - Processing Excel Row 499
2026-06-30 20:42:50,842 - INFO - MainThread - Order: V4063004500
2026-06-30 20:42:50,842 - INFO - MainThread - Processing Excel Row 500
2026-06-30 20:42:50,843 - INFO - MainThread - Order: V4063004501
2026-06-30 20:42:50,843 - INFO - MainThread - Processing Excel Row 501
2026-06-30 20:42:50,843 - INFO - MainThread - Order: V4063004502
2026-06-30 20:42:50,843 - INFO - MainThread - Processing Excel Row 502
2026-06-30 20:42:50,844 - INFO - MainThread - Order: V4063004503
2026-06-30 20:42:50,844 - INFO - MainThread - Processing Excel Row 503
2026-06-30 20:42:50,845 - INFO - MainThread - Order: V4063004504
2026-06-30 20:42:50,846 - INFO - MainThread - Processing Excel Row 504
2026-06-30 20:42:50,846 - INFO - MainThread - Order: V4063004505
2026-06-30 20:42:50,846 - INFO - MainThread - Processing Excel Row 505
2026-06-30 20:42:50,847 - INFO - MainThread - Order: V4063004506
2026-06-30 20:42:50,847 - INFO - MainThread - Processing Excel Row 506
2026-06-30 20:42:50,848 - INFO - MainThread - Order: V4063004507
2026-06-30 20:42:50,848 - INFO - MainThread - Processing Excel Row 507
2026-06-30 20:42:50,849 - INFO - MainThread - Order: V4063004508
2026-06-30 20:42:50,849 - INFO - MainThread - Processing Excel Row 508
2026-06-30 20:42:50,849 - INFO - MainThread - Order: V4063004509
2026-06-30 20:42:50,850 - INFO - MainThread - Processing Excel Row 509
2026-06-30 20:42:50,850 - INFO - MainThread - Order: V4063004510
2026-06-30 20:42:50,850 - INFO - MainThread - Processing Excel Row 510
2026-06-30 20:42:50,851 - INFO - MainThread - Order: V4063004511
2026-06-30 20:42:50,851 - INFO - MainThread - Processing Excel Row 511
2026-06-30 20:42:50,852 - INFO - MainThread - Order: V4063004512
2026-06-30 20:42:50,852 - INFO - MainThread - Processing Excel Row 512
2026-06-30 20:42:50,853 - INFO - MainThread - Order: V4063004513
2026-06-30 20:42:50,853 - INFO - MainThread - Processing Excel Row 513
2026-06-30 20:42:50,853 - INFO - MainThread - Order: V4063004514
2026-06-30 20:42:50,853 - INFO - MainThread - Processing Excel Row 514
2026-06-30 20:42:50,854 - INFO - MainThread - Order: V4063004515
2026-06-30 20:42:50,854 - INFO - MainThread - Processing Excel Row 515
2026-06-30 20:42:50,855 - INFO - MainThread - Order: V4063004516
2026-06-30 20:42:50,855 - INFO - MainThread - Processing Excel Row 516
2026-06-30 20:42:50,856 - INFO - MainThread - Order: V4063004517
2026-06-30 20:42:50,856 - INFO - MainThread - Processing Excel Row 517
2026-06-30 20:42:50,856 - INFO - MainThread - Order: V4063004518
2026-06-30 20:42:50,856 - INFO - MainThread - Processing Excel Row 518
2026-06-30 20:42:50,857 - INFO - MainThread - Order: V4063004519
2026-06-30 20:42:50,857 - INFO - MainThread - Processing Excel Row 519
2026-06-30 20:42:50,858 - INFO - MainThread - Order: V4063004520
2026-06-30 20:42:50,858 - INFO - MainThread - Processing Excel Row 520
2026-06-30 20:42:50,859 - INFO - MainThread - Order: V4063004521
2026-06-30 20:42:50,859 - INFO - MainThread - Processing Excel Row 521
2026-06-30 20:42:50,860 - INFO - MainThread - Order: V4063004522
2026-06-30 20:42:50,860 - INFO - MainThread - Processing Excel Row 522
2026-06-30 20:42:50,861 - INFO - MainThread - Order: V4063004523
2026-06-30 20:42:50,861 - INFO - MainThread - Processing Excel Row 523
2026-06-30 20:42:50,862 - INFO - MainThread - Order: V4063004524
2026-06-30 20:42:50,862 - INFO - MainThread - Processing Excel Row 524
2026-06-30 20:42:50,863 - INFO - MainThread - Order: V4063004525
2026-06-30 20:42:50,863 - INFO - MainThread - Processing Excel Row 525
2026-06-30 20:42:50,864 - INFO - MainThread - Order: V4063004526
2026-06-30 20:42:50,864 - INFO - MainThread - Processing Excel Row 526
2026-06-30 20:42:50,865 - INFO - MainThread - Order: V4063004527
2026-06-30 20:42:50,865 - INFO - MainThread - Processing Excel Row 527
2026-06-30 20:42:50,866 - INFO - MainThread - Order: V4063004528
2026-06-30 20:42:50,866 - INFO - MainThread - Processing Excel Row 528
2026-06-30 20:42:50,866 - INFO - MainThread - Order: V4063004529
2026-06-30 20:42:50,867 - INFO - MainThread - Processing Excel Row 529
2026-06-30 20:42:50,867 - INFO - MainThread - Order: V4063004530
2026-06-30 20:42:50,867 - INFO - MainThread - Processing Excel Row 530
2026-06-30 20:42:50,868 - INFO - MainThread - Order: V4063004531
2026-06-30 20:42:50,868 - INFO - MainThread - Processing Excel Row 531
2026-06-30 20:42:50,869 - INFO - MainThread - Order: V4063004532
2026-06-30 20:42:50,869 - INFO - MainThread - Processing Excel Row 532
2026-06-30 20:42:50,870 - INFO - MainThread - Order: V4063004533
2026-06-30 20:42:50,870 - INFO - MainThread - Processing Excel Row 533
2026-06-30 20:42:50,871 - INFO - MainThread - Order: V4063004534
2026-06-30 20:42:50,871 - INFO - MainThread - Processing Excel Row 534
2026-06-30 20:42:50,872 - INFO - MainThread - Order: V4063004535
2026-06-30 20:42:50,872 - INFO - MainThread - Processing Excel Row 535
2026-06-30 20:42:50,872 - INFO - MainThread - Order: V4063004536
2026-06-30 20:42:50,872 - INFO - MainThread - Processing Excel Row 536
2026-06-30 20:42:50,873 - INFO - MainThread - Order: V4063004537
2026-06-30 20:42:50,873 - INFO - MainThread - Processing Excel Row 537
2026-06-30 20:42:50,874 - INFO - MainThread - Order: V4063004538
2026-06-30 20:42:50,874 - INFO - MainThread - Processing Excel Row 538
2026-06-30 20:42:50,875 - INFO - MainThread - Order: V4063004539
2026-06-30 20:42:50,875 - INFO - MainThread - Processing Excel Row 539
2026-06-30 20:42:50,875 - INFO - MainThread - Order: V4063004540
2026-06-30 20:42:50,875 - INFO - MainThread - Processing Excel Row 540
2026-06-30 20:42:50,876 - INFO - MainThread - Order: V4063004541
2026-06-30 20:42:50,876 - INFO - MainThread - Processing Excel Row 541
2026-06-30 20:42:50,877 - INFO - MainThread - Order: V4063004542
2026-06-30 20:42:50,877 - INFO - MainThread - Processing Excel Row 542
2026-06-30 20:42:50,878 - INFO - MainThread - Order: V4063004543
2026-06-30 20:42:50,878 - INFO - MainThread - Processing Excel Row 543
2026-06-30 20:42:50,879 - INFO - MainThread - Order: V4063004544
2026-06-30 20:42:50,879 - INFO - MainThread - Processing Excel Row 544
2026-06-30 20:42:50,879 - INFO - MainThread - Order: V4063004545
2026-06-30 20:42:50,879 - INFO - MainThread - Processing Excel Row 545
2026-06-30 20:42:50,880 - INFO - MainThread - Order: V4063004546
2026-06-30 20:42:50,880 - INFO - MainThread - Processing Excel Row 546
2026-06-30 20:42:50,881 - INFO - MainThread - Order: V4063004547
2026-06-30 20:42:50,881 - INFO - MainThread - Processing Excel Row 547
2026-06-30 20:42:50,882 - INFO - MainThread - Order: V4063004548
2026-06-30 20:42:50,882 - INFO - MainThread - Processing Excel Row 548
2026-06-30 20:42:50,882 - INFO - MainThread - Order: V4063004549
2026-06-30 20:42:50,882 - INFO - MainThread - Processing Excel Row 549
2026-06-30 20:42:50,883 - INFO - MainThread - Order: V4063004550
2026-06-30 20:42:50,883 - INFO - MainThread - Processing Excel Row 550
2026-06-30 20:42:50,885 - INFO - MainThread - Order: V4063004551
2026-06-30 20:42:50,885 - INFO - MainThread - Processing Excel Row 551
2026-06-30 20:42:50,886 - INFO - MainThread - Order: V4063004552
2026-06-30 20:42:50,886 - INFO - MainThread - Processing Excel Row 552
2026-06-30 20:42:50,887 - INFO - MainThread - Order: V4063004553
2026-06-30 20:42:50,887 - INFO - MainThread - Processing Excel Row 553
2026-06-30 20:42:50,888 - INFO - MainThread - Order: V4063004554
2026-06-30 20:42:50,888 - INFO - MainThread - Processing Excel Row 554
2026-06-30 20:42:50,888 - INFO - MainThread - Order: V4063004555
2026-06-30 20:42:50,888 - INFO - MainThread - Processing Excel Row 555
2026-06-30 20:42:50,889 - INFO - MainThread - Order: V4063004556
2026-06-30 20:42:50,889 - INFO - MainThread - Processing Excel Row 556
2026-06-30 20:42:50,890 - INFO - MainThread - Order: V4063004557
2026-06-30 20:42:50,890 - INFO - MainThread - Processing Excel Row 557
2026-06-30 20:42:50,891 - INFO - MainThread - Order: V4063004558
2026-06-30 20:42:50,891 - INFO - MainThread - Processing Excel Row 558
2026-06-30 20:42:50,891 - INFO - MainThread - Order: V4063004559
2026-06-30 20:42:50,892 - INFO - MainThread - Processing Excel Row 559
2026-06-30 20:42:50,892 - INFO - MainThread - Order: V4063004560
2026-06-30 20:42:50,892 - INFO - MainThread - Processing Excel Row 560
2026-06-30 20:42:50,893 - INFO - MainThread - Order: V4063004561
2026-06-30 20:42:50,893 - INFO - MainThread - Processing Excel Row 561
2026-06-30 20:42:50,894 - INFO - MainThread - Order: V4063004562
2026-06-30 20:42:50,894 - INFO - MainThread - Processing Excel Row 562
2026-06-30 20:42:50,895 - INFO - MainThread - Order: V4063004563
2026-06-30 20:42:50,895 - INFO - MainThread - Processing Excel Row 563
2026-06-30 20:42:50,896 - INFO - MainThread - Order: V4063004564
2026-06-30 20:42:50,896 - INFO - MainThread - Processing Excel Row 564
2026-06-30 20:42:50,897 - INFO - MainThread - Order: V4063004565
2026-06-30 20:42:50,897 - INFO - MainThread - Processing Excel Row 565
2026-06-30 20:42:50,898 - INFO - MainThread - Order: V4063004566
2026-06-30 20:42:50,898 - INFO - MainThread - Processing Excel Row 566
2026-06-30 20:42:50,899 - INFO - MainThread - Order: V4063004567
2026-06-30 20:42:50,899 - INFO - MainThread - Processing Excel Row 567
2026-06-30 20:42:50,900 - INFO - MainThread - Order: V4063004568
2026-06-30 20:42:50,900 - INFO - MainThread - Processing Excel Row 568
2026-06-30 20:42:50,901 - INFO - MainThread - Order: V4063004569
2026-06-30 20:42:50,901 - INFO - MainThread - Processing Excel Row 569
2026-06-30 20:42:50,902 - INFO - MainThread - Order: V4063004570
2026-06-30 20:42:50,902 - INFO - MainThread - Processing Excel Row 570
2026-06-30 20:42:50,902 - INFO - MainThread - Order: V4063004571
2026-06-30 20:42:50,903 - INFO - MainThread - Processing Excel Row 571
2026-06-30 20:42:50,903 - INFO - MainThread - Order: V4063004572
2026-06-30 20:42:50,904 - INFO - MainThread - Processing Excel Row 572
2026-06-30 20:42:50,904 - INFO - MainThread - Order: V4063004573
2026-06-30 20:42:50,905 - INFO - MainThread - Processing Excel Row 573
2026-06-30 20:42:50,905 - INFO - MainThread - Order: V4063004574
2026-06-30 20:42:50,905 - INFO - MainThread - Processing Excel Row 574
2026-06-30 20:42:50,906 - INFO - MainThread - Order: V4063004575
2026-06-30 20:42:50,906 - INFO - MainThread - Processing Excel Row 575
2026-06-30 20:42:50,907 - INFO - MainThread - Order: V4063004576
2026-06-30 20:42:50,907 - INFO - MainThread - Processing Excel Row 576
2026-06-30 20:42:50,908 - INFO - MainThread - Order: V4063004577
2026-06-30 20:42:50,908 - INFO - MainThread - Processing Excel Row 577
2026-06-30 20:42:50,909 - INFO - MainThread - Order: V4063004578
2026-06-30 20:42:50,909 - INFO - MainThread - Processing Excel Row 578
2026-06-30 20:42:50,909 - INFO - MainThread - Order: V4063004579
2026-06-30 20:42:50,909 - INFO - MainThread - Processing Excel Row 579
2026-06-30 20:42:50,910 - INFO - MainThread - Order: V4063004580
2026-06-30 20:42:50,910 - INFO - MainThread - Processing Excel Row 580
2026-06-30 20:42:50,911 - INFO - MainThread - Order: V4063004581
2026-06-30 20:42:50,911 - INFO - MainThread - Processing Excel Row 581
2026-06-30 20:42:50,912 - INFO - MainThread - Order: V4063004582
2026-06-30 20:42:50,912 - INFO - MainThread - Processing Excel Row 582
2026-06-30 20:42:50,912 - INFO - MainThread - Order: V4063004583
2026-06-30 20:42:50,913 - INFO - MainThread - Processing Excel Row 583
2026-06-30 20:42:50,913 - INFO - MainThread - Order: V4063004584
2026-06-30 20:42:50,913 - INFO - MainThread - Processing Excel Row 584
2026-06-30 20:42:50,914 - INFO - MainThread - Order: V4063004585
2026-06-30 20:42:50,914 - INFO - MainThread - Processing Excel Row 585
2026-06-30 20:42:50,915 - INFO - MainThread - Order: V4063004586
2026-06-30 20:42:50,915 - INFO - MainThread - Processing Excel Row 586
2026-06-30 20:42:50,916 - INFO - MainThread - Order: V4063004587
2026-06-30 20:42:50,916 - INFO - MainThread - Processing Excel Row 587
2026-06-30 20:42:50,916 - INFO - MainThread - Order: V4063004588
2026-06-30 20:42:50,917 - INFO - MainThread - Processing Excel Row 588
2026-06-30 20:42:50,917 - INFO - MainThread - Order: V4063004589
2026-06-30 20:42:50,917 - INFO - MainThread - Processing Excel Row 589
2026-06-30 20:42:50,918 - INFO - MainThread - Order: V4063004590
2026-06-30 20:42:50,918 - INFO - MainThread - Processing Excel Row 590
2026-06-30 20:42:50,919 - INFO - MainThread - Order: V4063004591
2026-06-30 20:42:50,919 - INFO - MainThread - Processing Excel Row 591
2026-06-30 20:42:50,920 - INFO - MainThread - Order: V4063004592
2026-06-30 20:42:50,920 - INFO - MainThread - Processing Excel Row 592
2026-06-30 20:42:50,921 - INFO - MainThread - Order: V4063004593
2026-06-30 20:42:50,921 - INFO - MainThread - Processing Excel Row 593
2026-06-30 20:42:50,921 - INFO - MainThread - Order: V4063004594
2026-06-30 20:42:50,921 - INFO - MainThread - Processing Excel Row 594
2026-06-30 20:42:50,922 - INFO - MainThread - Order: V4063004595
2026-06-30 20:42:50,922 - INFO - MainThread - Processing Excel Row 595
2026-06-30 20:42:50,923 - INFO - MainThread - Order: V4063004596
2026-06-30 20:42:50,923 - INFO - MainThread - Processing Excel Row 596
2026-06-30 20:42:50,924 - INFO - MainThread - Order: V4063004597
2026-06-30 20:42:50,924 - INFO - MainThread - Processing Excel Row 597
2026-06-30 20:42:50,924 - INFO - MainThread - Order: V4063004598
2026-06-30 20:42:50,925 - INFO - MainThread - Processing Excel Row 598
2026-06-30 20:42:50,925 - INFO - MainThread - Order: V4063004599
2026-06-30 20:42:50,925 - INFO - MainThread - Processing Excel Row 599
2026-06-30 20:42:50,926 - INFO - MainThread - Order: V4063004600
2026-06-30 20:42:50,926 - INFO - MainThread - Processing Excel Row 600
2026-06-30 20:42:50,927 - INFO - MainThread - Order: V4063004601
2026-06-30 20:42:50,927 - INFO - MainThread - Processing Excel Row 601
2026-06-30 20:42:50,927 - INFO - MainThread - Order: V4063004602
2026-06-30 20:42:50,927 - INFO - MainThread - Processing Excel Row 602
2026-06-30 20:42:50,928 - INFO - MainThread - Order: V4063004603
2026-06-30 20:42:50,929 - INFO - MainThread - Processing Excel Row 603
2026-06-30 20:42:50,929 - INFO - MainThread - Order: V4063004604
2026-06-30 20:42:50,929 - INFO - MainThread - Processing Excel Row 604
2026-06-30 20:42:50,931 - INFO - MainThread - Order: V4063004605
2026-06-30 20:42:50,931 - INFO - MainThread - Processing Excel Row 605
2026-06-30 20:42:50,932 - INFO - MainThread - Order: V4063004606
2026-06-30 20:42:50,932 - INFO - MainThread - Processing Excel Row 606
2026-06-30 20:42:50,933 - INFO - MainThread - Order: V4063004607
2026-06-30 20:42:50,933 - INFO - MainThread - Processing Excel Row 607
2026-06-30 20:42:50,934 - INFO - MainThread - Order: V4063004608
2026-06-30 20:42:50,934 - INFO - MainThread - Processing Excel Row 608
2026-06-30 20:42:50,935 - INFO - MainThread - Order: V4063004609
2026-06-30 20:42:50,935 - INFO - MainThread - Processing Excel Row 609
2026-06-30 20:42:50,936 - INFO - MainThread - Order: V4063004610
2026-06-30 20:42:50,936 - INFO - MainThread - Processing Excel Row 610
2026-06-30 20:42:50,937 - INFO - MainThread - Order: V4063004611
2026-06-30 20:42:50,937 - INFO - MainThread - Processing Excel Row 611
2026-06-30 20:42:50,938 - INFO - MainThread - Order: V4063004612
2026-06-30 20:42:50,938 - INFO - MainThread - Processing Excel Row 612
2026-06-30 20:42:50,939 - INFO - MainThread - Order: V4063004613
2026-06-30 20:42:50,939 - INFO - MainThread - Processing Excel Row 613
2026-06-30 20:42:50,940 - INFO - MainThread - Order: V4063004614
2026-06-30 20:42:50,940 - INFO - MainThread - Processing Excel Row 614
2026-06-30 20:42:50,941 - INFO - MainThread - Order: V4063004615
2026-06-30 20:42:50,941 - INFO - MainThread - Processing Excel Row 615
2026-06-30 20:42:50,941 - INFO - MainThread - Order: V4063004616
2026-06-30 20:42:50,941 - INFO - MainThread - Processing Excel Row 616
2026-06-30 20:42:50,942 - INFO - MainThread - Order: V4063004617
2026-06-30 20:42:50,942 - INFO - MainThread - Processing Excel Row 617
2026-06-30 20:42:50,943 - INFO - MainThread - Order: V4063004618
2026-06-30 20:42:50,943 - INFO - MainThread - Processing Excel Row 618
2026-06-30 20:42:50,944 - INFO - MainThread - Order: V4063004619
2026-06-30 20:42:50,944 - INFO - MainThread - Processing Excel Row 619
2026-06-30 20:42:50,945 - INFO - MainThread - Order: V4063004620
2026-06-30 20:42:50,945 - INFO - MainThread - Processing Excel Row 620
2026-06-30 20:42:50,946 - INFO - MainThread - Order: V4063004621
2026-06-30 20:42:50,946 - INFO - MainThread - Processing Excel Row 621
2026-06-30 20:42:50,947 - INFO - MainThread - Order: V4063004622
2026-06-30 20:42:50,947 - INFO - MainThread - Processing Excel Row 622
2026-06-30 20:42:50,948 - INFO - MainThread - Order: V4063004623
2026-06-30 20:42:50,948 - INFO - MainThread - Processing Excel Row 623
2026-06-30 20:42:50,948 - INFO - MainThread - Order: V4063004624
2026-06-30 20:42:50,948 - INFO - MainThread - Processing Excel Row 624
2026-06-30 20:42:50,949 - INFO - MainThread - Order: V4063004625
2026-06-30 20:42:50,949 - INFO - MainThread - Processing Excel Row 625
2026-06-30 20:42:50,950 - INFO - MainThread - Order: V4063004626
2026-06-30 20:42:50,950 - INFO - MainThread - Processing Excel Row 626
2026-06-30 20:42:50,951 - INFO - MainThread - Order: V4063004627
2026-06-30 20:42:50,951 - INFO - MainThread - Processing Excel Row 627
2026-06-30 20:42:50,952 - INFO - MainThread - Order: V4063004628
2026-06-30 20:42:50,952 - INFO - MainThread - Processing Excel Row 628
2026-06-30 20:42:50,953 - INFO - MainThread - Order: V4063004629
2026-06-30 20:42:50,953 - INFO - MainThread - Processing Excel Row 629
2026-06-30 20:42:50,954 - INFO - MainThread - Order: V4063004630
2026-06-30 20:42:50,954 - INFO - MainThread - Processing Excel Row 630
2026-06-30 20:42:50,955 - INFO - MainThread - Order: V4063004631
2026-06-30 20:42:50,955 - INFO - MainThread - Processing Excel Row 631
2026-06-30 20:42:50,956 - INFO - MainThread - Order: V4063004632
2026-06-30 20:42:50,956 - INFO - MainThread - Processing Excel Row 632
2026-06-30 20:42:50,957 - INFO - MainThread - Order: V4063004633
2026-06-30 20:42:50,957 - INFO - MainThread - Processing Excel Row 633
2026-06-30 20:42:50,958 - INFO - MainThread - Order: V4063004634
2026-06-30 20:42:50,958 - INFO - MainThread - Processing Excel Row 634
2026-06-30 20:42:50,958 - INFO - MainThread - Order: V4063004635
2026-06-30 20:42:50,959 - INFO - MainThread - Processing Excel Row 635
2026-06-30 20:42:50,959 - INFO - MainThread - Order: V4063004636
2026-06-30 20:42:50,959 - INFO - MainThread - Processing Excel Row 636
2026-06-30 20:42:50,960 - INFO - MainThread - Order: V4063004637
2026-06-30 20:42:50,960 - INFO - MainThread - Processing Excel Row 637
2026-06-30 20:42:50,961 - INFO - MainThread - Order: V4063004638
2026-06-30 20:42:50,961 - INFO - MainThread - Processing Excel Row 638
2026-06-30 20:42:50,962 - INFO - MainThread - Order: V4063004639
2026-06-30 20:42:50,962 - INFO - MainThread - Processing Excel Row 639
2026-06-30 20:42:50,963 - INFO - MainThread - Order: V4063004640
2026-06-30 20:42:50,963 - INFO - MainThread - Processing Excel Row 640
2026-06-30 20:42:50,964 - INFO - MainThread - Order: V4063004641
2026-06-30 20:42:50,964 - INFO - MainThread - Processing Excel Row 641
2026-06-30 20:42:50,965 - INFO - MainThread - Order: V4063004642
2026-06-30 20:42:50,965 - INFO - MainThread - Processing Excel Row 642
2026-06-30 20:42:50,966 - INFO - MainThread - Order: V4063004643
2026-06-30 20:42:50,966 - INFO - MainThread - Processing Excel Row 643
2026-06-30 20:42:50,967 - INFO - MainThread - Order: V4063004644
2026-06-30 20:42:50,967 - INFO - MainThread - Processing Excel Row 644
2026-06-30 20:42:50,967 - INFO - MainThread - Order: V4063004645
2026-06-30 20:42:50,967 - INFO - MainThread - Processing Excel Row 645
2026-06-30 20:42:50,968 - INFO - MainThread - Order: V4063004646
2026-06-30 20:42:50,968 - INFO - MainThread - Processing Excel Row 646
2026-06-30 20:42:50,969 - INFO - MainThread - Order: V4063004647
2026-06-30 20:42:50,969 - INFO - MainThread - Processing Excel Row 647
2026-06-30 20:42:50,970 - INFO - MainThread - Order: V4063004648
2026-06-30 20:42:50,970 - INFO - MainThread - Processing Excel Row 648
2026-06-30 20:42:50,971 - INFO - MainThread - Order: V4063004649
2026-06-30 20:42:50,971 - INFO - MainThread - Processing Excel Row 649
2026-06-30 20:42:50,972 - INFO - MainThread - Order: V4063004650
2026-06-30 20:42:50,972 - INFO - MainThread - Processing Excel Row 650
2026-06-30 20:42:50,973 - INFO - MainThread - Order: V4063004651
2026-06-30 20:42:50,973 - INFO - MainThread - Processing Excel Row 651
2026-06-30 20:42:50,974 - INFO - MainThread - Order: V4063004652
2026-06-30 20:42:50,974 - INFO - MainThread - Processing Excel Row 652
2026-06-30 20:42:50,975 - INFO - MainThread - Order: V4063004653
2026-06-30 20:42:50,975 - INFO - MainThread - Processing Excel Row 653
2026-06-30 20:42:50,976 - INFO - MainThread - Order: V4063004654
2026-06-30 20:42:50,976 - INFO - MainThread - Processing Excel Row 654
2026-06-30 20:42:50,977 - INFO - MainThread - Order: V4063004655
2026-06-30 20:42:50,977 - INFO - MainThread - Processing Excel Row 655
2026-06-30 20:42:50,978 - INFO - MainThread - Order: V4063004656
2026-06-30 20:42:50,978 - INFO - MainThread - Processing Excel Row 656
2026-06-30 20:42:50,979 - INFO - MainThread - Order: V4063004657
2026-06-30 20:42:50,979 - INFO - MainThread - Processing Excel Row 657
2026-06-30 20:42:50,980 - INFO - MainThread - Order: V4063004658
2026-06-30 20:42:50,980 - INFO - MainThread - Processing Excel Row 658
2026-06-30 20:42:50,980 - INFO - MainThread - Order: V4063004659
2026-06-30 20:42:50,980 - INFO - MainThread - Processing Excel Row 659
2026-06-30 20:42:50,981 - INFO - MainThread - Order: V4063004660
2026-06-30 20:42:50,981 - INFO - MainThread - Processing Excel Row 660
2026-06-30 20:42:50,982 - INFO - MainThread - Order: V4063004661
2026-06-30 20:42:50,982 - INFO - MainThread - Processing Excel Row 661
2026-06-30 20:42:50,983 - INFO - MainThread - Order: V4063004662
2026-06-30 20:42:50,983 - INFO - MainThread - Processing Excel Row 662
2026-06-30 20:42:50,984 - INFO - MainThread - Order: V4063004663
2026-06-30 20:42:50,984 - INFO - MainThread - Processing Excel Row 663
2026-06-30 20:42:50,984 - INFO - MainThread - Order: V4063004664
2026-06-30 20:42:50,985 - INFO - MainThread - Processing Excel Row 664
2026-06-30 20:42:50,985 - INFO - MainThread - Order: V4063004665
2026-06-30 20:42:50,985 - INFO - MainThread - Processing Excel Row 665
2026-06-30 20:42:50,986 - INFO - MainThread - Order: V4063004666
2026-06-30 20:42:50,986 - INFO - MainThread - Processing Excel Row 666
2026-06-30 20:42:50,987 - INFO - MainThread - Order: V4063004667
2026-06-30 20:42:50,987 - INFO - MainThread - Processing Excel Row 667
2026-06-30 20:42:50,988 - INFO - MainThread - Order: V4063004668
2026-06-30 20:42:50,988 - INFO - MainThread - Processing Excel Row 668
2026-06-30 20:42:50,989 - INFO - MainThread - Order: V4063004669
2026-06-30 20:42:50,989 - INFO - MainThread - Processing Excel Row 669
2026-06-30 20:42:50,990 - INFO - MainThread - Order: V4063004670
2026-06-30 20:42:50,990 - INFO - MainThread - Processing Excel Row 670
2026-06-30 20:42:50,990 - INFO - MainThread - Order: V4063004671
2026-06-30 20:42:50,990 - INFO - MainThread - Processing Excel Row 671
2026-06-30 20:42:50,991 - INFO - MainThread - Order: V4063004672
2026-06-30 20:42:50,991 - INFO - MainThread - Processing Excel Row 672
2026-06-30 20:42:50,992 - INFO - MainThread - Order: V4063004673
2026-06-30 20:42:50,992 - INFO - MainThread - Processing Excel Row 673
2026-06-30 20:42:50,993 - INFO - MainThread - Order: V4063004674
2026-06-30 20:42:50,993 - INFO - MainThread - Processing Excel Row 674
2026-06-30 20:42:50,993 - INFO - MainThread - Order: V4063004675
2026-06-30 20:42:50,993 - INFO - MainThread - Processing Excel Row 675
2026-06-30 20:42:50,994 - INFO - MainThread - Order: V4063004676
2026-06-30 20:42:50,994 - INFO - MainThread - Processing Excel Row 676
2026-06-30 20:42:50,995 - INFO - MainThread - Order: V4063004677
2026-06-30 20:42:50,995 - INFO - MainThread - Processing Excel Row 677
2026-06-30 20:42:50,995 - INFO - MainThread - Order: V4063004678
2026-06-30 20:42:50,996 - INFO - MainThread - Processing Excel Row 678
2026-06-30 20:42:50,996 - INFO - MainThread - Order: V4063004679
2026-06-30 20:42:50,996 - INFO - MainThread - Processing Excel Row 679
2026-06-30 20:42:50,997 - INFO - MainThread - Order: V4063004680
2026-06-30 20:42:50,997 - INFO - MainThread - Processing Excel Row 680
2026-06-30 20:42:50,998 - INFO - MainThread - Order: V4063004681
2026-06-30 20:42:50,998 - INFO - MainThread - Processing Excel Row 681
2026-06-30 20:42:50,999 - INFO - MainThread - Order: V4063004682
2026-06-30 20:42:50,999 - INFO - MainThread - Processing Excel Row 682
2026-06-30 20:42:51,000 - INFO - MainThread - Order: V4063004683
2026-06-30 20:42:51,000 - INFO - MainThread - Processing Excel Row 683
2026-06-30 20:42:51,001 - INFO - MainThread - Order: V4063004684
2026-06-30 20:42:51,001 - INFO - MainThread - Processing Excel Row 684
2026-06-30 20:42:51,002 - INFO - MainThread - Order: V4063004685
2026-06-30 20:42:51,002 - INFO - MainThread - Processing Excel Row 685
2026-06-30 20:42:51,003 - INFO - MainThread - Order: V4063004686
2026-06-30 20:42:51,003 - INFO - MainThread - Processing Excel Row 686
2026-06-30 20:42:51,003 - INFO - MainThread - Order: V4063004687
2026-06-30 20:42:51,003 - INFO - MainThread - Processing Excel Row 687
2026-06-30 20:42:51,004 - INFO - MainThread - Order: V4063004688
2026-06-30 20:42:51,004 - INFO - MainThread - Processing Excel Row 688
2026-06-30 20:42:51,005 - INFO - MainThread - Order: V4063004689
2026-06-30 20:42:51,005 - INFO - MainThread - Processing Excel Row 689
2026-06-30 20:42:51,006 - INFO - MainThread - Order: V4063004690
2026-06-30 20:42:51,006 - INFO - MainThread - Processing Excel Row 690
2026-06-30 20:42:51,007 - INFO - MainThread - Order: V4063004691
2026-06-30 20:42:51,007 - INFO - MainThread - Processing Excel Row 691
2026-06-30 20:42:51,008 - INFO - MainThread - Order: V4063004692
2026-06-30 20:42:51,008 - INFO - MainThread - Processing Excel Row 692
2026-06-30 20:42:51,008 - INFO - MainThread - Order: V4063004693
2026-06-30 20:42:51,008 - INFO - MainThread - Processing Excel Row 693
2026-06-30 20:42:51,009 - INFO - MainThread - Order: V4063004694
2026-06-30 20:42:51,009 - INFO - MainThread - Processing Excel Row 694
2026-06-30 20:42:51,010 - INFO - MainThread - Order: V4063004695
2026-06-30 20:42:51,010 - INFO - MainThread - Processing Excel Row 695
2026-06-30 20:42:51,011 - INFO - MainThread - Order: V4063004696
2026-06-30 20:42:51,011 - INFO - MainThread - Processing Excel Row 696
2026-06-30 20:42:51,011 - INFO - MainThread - Order: V4063004697
2026-06-30 20:42:51,012 - INFO - MainThread - Processing Excel Row 697
2026-06-30 20:42:51,012 - INFO - MainThread - Order: V4063004698
2026-06-30 20:42:51,012 - INFO - MainThread - Processing Excel Row 698
2026-06-30 20:42:51,013 - INFO - MainThread - Order: V4063004699
2026-06-30 20:42:51,013 - INFO - MainThread - Processing Excel Row 699
2026-06-30 20:42:51,014 - INFO - MainThread - Order: V4063004700
2026-06-30 20:42:51,014 - INFO - MainThread - Processing Excel Row 700
2026-06-30 20:42:51,015 - INFO - MainThread - Order: V4063004701
2026-06-30 20:42:51,015 - INFO - MainThread - Processing Excel Row 701
2026-06-30 20:42:51,015 - INFO - MainThread - Order: V4063004702
2026-06-30 20:42:51,015 - INFO - MainThread - Processing Excel Row 702
2026-06-30 20:42:51,016 - INFO - MainThread - Order: V4063004703
2026-06-30 20:42:51,016 - INFO - MainThread - Processing Excel Row 703
2026-06-30 20:42:51,017 - INFO - MainThread - Order: V4063004704
2026-06-30 20:42:51,017 - INFO - MainThread - Processing Excel Row 704
2026-06-30 20:42:51,018 - INFO - MainThread - Order: V4063004705
2026-06-30 20:42:51,018 - INFO - MainThread - Processing Excel Row 705
2026-06-30 20:42:51,019 - INFO - MainThread - Order: V4063004706
2026-06-30 20:42:51,019 - INFO - MainThread - Processing Excel Row 706
2026-06-30 20:42:51,020 - INFO - MainThread - Order: V4063004707
2026-06-30 20:42:51,020 - INFO - MainThread - Processing Excel Row 707
2026-06-30 20:42:51,020 - INFO - MainThread - Order: V4063004708
2026-06-30 20:42:51,021 - INFO - MainThread - Processing Excel Row 708
2026-06-30 20:42:51,021 - INFO - MainThread - Order: V4063004709
2026-06-30 20:42:51,022 - INFO - MainThread - Processing Excel Row 709
2026-06-30 20:42:51,022 - INFO - MainThread - Order: V4063004710
2026-06-30 20:42:51,023 - INFO - MainThread - Processing Excel Row 710
2026-06-30 20:42:51,023 - INFO - MainThread - Order: V4063004711
2026-06-30 20:42:51,023 - INFO - MainThread - Processing Excel Row 711
2026-06-30 20:42:51,024 - INFO - MainThread - Order: V4063004712
2026-06-30 20:42:51,024 - INFO - MainThread - Processing Excel Row 712
2026-06-30 20:42:51,025 - INFO - MainThread - Order: V4063004713
2026-06-30 20:42:51,025 - INFO - MainThread - Processing Excel Row 713
2026-06-30 20:42:51,025 - INFO - MainThread - Order: V4063004714
2026-06-30 20:42:51,026 - INFO - MainThread - Processing Excel Row 714
2026-06-30 20:42:51,026 - INFO - MainThread - Order: V4063004715
2026-06-30 20:42:51,026 - INFO - MainThread - Processing Excel Row 715
2026-06-30 20:42:51,027 - INFO - MainThread - Order: V4063004716
2026-06-30 20:42:51,027 - INFO - MainThread - Processing Excel Row 716
2026-06-30 20:42:51,028 - INFO - MainThread - Order: V4063004717
2026-06-30 20:42:51,028 - INFO - MainThread - Processing Excel Row 717
2026-06-30 20:42:51,029 - INFO - MainThread - Order: V4063004718
2026-06-30 20:42:51,029 - INFO - MainThread - Processing Excel Row 718
2026-06-30 20:42:51,030 - INFO - MainThread - Order: V4063004719
2026-06-30 20:42:51,030 - INFO - MainThread - Processing Excel Row 719
2026-06-30 20:42:51,031 - INFO - MainThread - Order: V4063004720
2026-06-30 20:42:51,031 - INFO - MainThread - Processing Excel Row 720
2026-06-30 20:42:51,032 - INFO - MainThread - Order: V4063004721
2026-06-30 20:42:51,032 - INFO - MainThread - Processing Excel Row 721
2026-06-30 20:42:51,032 - INFO - MainThread - Order: V4063004722
2026-06-30 20:42:51,032 - INFO - MainThread - Processing Excel Row 722
2026-06-30 20:42:51,033 - INFO - MainThread - Order: V4063004723
2026-06-30 20:42:51,033 - INFO - MainThread - Processing Excel Row 723
2026-06-30 20:42:51,034 - INFO - MainThread - Order: V4063004724
2026-06-30 20:42:51,034 - INFO - MainThread - Processing Excel Row 724
2026-06-30 20:42:51,035 - INFO - MainThread - Order: V4063004725
2026-06-30 20:42:51,035 - INFO - MainThread - Processing Excel Row 725
2026-06-30 20:42:51,035 - INFO - MainThread - Order: V4063004726
2026-06-30 20:42:51,036 - INFO - MainThread - Processing Excel Row 726
2026-06-30 20:42:51,036 - INFO - MainThread - Order: V4063004727
2026-06-30 20:42:51,036 - INFO - MainThread - Processing Excel Row 727
2026-06-30 20:42:51,037 - INFO - MainThread - Order: V4063004728
2026-06-30 20:42:51,037 - INFO - MainThread - Processing Excel Row 728
2026-06-30 20:42:51,038 - INFO - MainThread - Order: V4063004729
2026-06-30 20:42:51,038 - INFO - MainThread - Processing Excel Row 729
2026-06-30 20:42:51,039 - INFO - MainThread - Order: V4063004730
2026-06-30 20:42:51,039 - INFO - MainThread - Processing Excel Row 730
2026-06-30 20:42:51,040 - INFO - MainThread - Order: V4063004731
2026-06-30 20:42:51,040 - INFO - MainThread - Processing Excel Row 731
2026-06-30 20:42:51,041 - INFO - MainThread - Order: V4063004732
2026-06-30 20:42:51,041 - INFO - MainThread - Processing Excel Row 732
2026-06-30 20:42:51,042 - INFO - MainThread - Order: V4063004733
2026-06-30 20:42:51,042 - INFO - MainThread - Processing Excel Row 733
2026-06-30 20:42:51,043 - INFO - MainThread - Order: V4063004734
2026-06-30 20:42:51,043 - INFO - MainThread - Processing Excel Row 734
2026-06-30 20:42:51,044 - INFO - MainThread - Order: V4063004735
2026-06-30 20:42:51,044 - INFO - MainThread - Processing Excel Row 735
2026-06-30 20:42:51,045 - INFO - MainThread - Order: V4063004736
2026-06-30 20:42:51,045 - INFO - MainThread - Processing Excel Row 736
2026-06-30 20:42:51,045 - INFO - MainThread - Order: V4063004737
2026-06-30 20:42:51,045 - INFO - MainThread - Processing Excel Row 737
2026-06-30 20:42:51,046 - INFO - MainThread - Order: V4063004738
2026-06-30 20:42:51,046 - INFO - MainThread - Processing Excel Row 738
2026-06-30 20:42:51,047 - INFO - MainThread - Order: V4063004739
2026-06-30 20:42:51,047 - INFO - MainThread - Processing Excel Row 739
2026-06-30 20:42:51,048 - INFO - MainThread - Order: V4063004740
2026-06-30 20:42:51,048 - INFO - MainThread - Processing Excel Row 740
2026-06-30 20:42:51,049 - INFO - MainThread - Order: V4063004741
2026-06-30 20:42:51,049 - INFO - MainThread - Processing Excel Row 741
2026-06-30 20:42:51,049 - INFO - MainThread - Order: V4063004742
2026-06-30 20:42:51,049 - INFO - MainThread - Processing Excel Row 742
2026-06-30 20:42:51,050 - INFO - MainThread - Order: V4063004743
2026-06-30 20:42:51,050 - INFO - MainThread - Processing Excel Row 743
2026-06-30 20:42:51,051 - INFO - MainThread - Order: V4063004744
2026-06-30 20:42:51,051 - INFO - MainThread - Processing Excel Row 744
2026-06-30 20:42:51,051 - INFO - MainThread - Order: V4063004745
2026-06-30 20:42:51,052 - INFO - MainThread - Processing Excel Row 745
2026-06-30 20:42:51,052 - INFO - MainThread - Order: V4063004746
2026-06-30 20:42:51,052 - INFO - MainThread - Processing Excel Row 746
2026-06-30 20:42:51,053 - INFO - MainThread - Order: V4063004747
2026-06-30 20:42:51,053 - INFO - MainThread - Processing Excel Row 747
2026-06-30 20:42:51,054 - INFO - MainThread - Order: V4063004748
2026-06-30 20:42:51,054 - INFO - MainThread - Processing Excel Row 748
2026-06-30 20:42:51,054 - INFO - MainThread - Order: V4063004749
2026-06-30 20:42:51,054 - INFO - MainThread - Processing Excel Row 749
2026-06-30 20:42:51,055 - INFO - MainThread - Order: V4063004750
2026-06-30 20:42:51,055 - INFO - MainThread - Processing Excel Row 750
2026-06-30 20:42:51,056 - INFO - MainThread - Order: V4063004751
2026-06-30 20:42:51,056 - INFO - MainThread - Processing Excel Row 751
2026-06-30 20:42:51,057 - INFO - MainThread - Order: V4063004752
2026-06-30 20:42:51,057 - INFO - MainThread - Processing Excel Row 752
2026-06-30 20:42:51,058 - INFO - MainThread - Order: V4063004753
2026-06-30 20:42:51,058 - INFO - MainThread - Processing Excel Row 753
2026-06-30 20:42:51,058 - INFO - MainThread - Order: V4063004754
2026-06-30 20:42:51,058 - INFO - MainThread - Processing Excel Row 754
2026-06-30 20:42:51,059 - INFO - MainThread - Order: V4063004755
2026-06-30 20:42:51,059 - INFO - MainThread - Processing Excel Row 755
2026-06-30 20:42:51,060 - INFO - MainThread - Order: V4063004756
2026-06-30 20:42:51,060 - INFO - MainThread - Processing Excel Row 756
2026-06-30 20:42:51,061 - INFO - MainThread - Order: V4063004757
2026-06-30 20:42:51,061 - INFO - MainThread - Processing Excel Row 757
2026-06-30 20:42:51,062 - INFO - MainThread - Order: V4063004758
2026-06-30 20:42:51,062 - INFO - MainThread - Processing Excel Row 758
2026-06-30 20:42:51,063 - INFO - MainThread - Order: V4063004759
2026-06-30 20:42:51,063 - INFO - MainThread - Processing Excel Row 759
2026-06-30 20:42:51,064 - INFO - MainThread - Order: V4063004760
2026-06-30 20:42:51,064 - INFO - MainThread - Processing Excel Row 760
2026-06-30 20:42:51,065 - INFO - MainThread - Order: V4063004761
2026-06-30 20:42:51,065 - INFO - MainThread - Processing Excel Row 761
2026-06-30 20:42:51,066 - INFO - MainThread - Order: V4063004762
2026-06-30 20:42:51,066 - INFO - MainThread - Processing Excel Row 762
2026-06-30 20:42:51,067 - INFO - MainThread - Order: V4063004763
2026-06-30 20:42:51,067 - INFO - MainThread - Processing Excel Row 763
2026-06-30 20:42:51,068 - INFO - MainThread - Order: V4063004764
2026-06-30 20:42:51,068 - INFO - MainThread - Processing Excel Row 764
2026-06-30 20:42:51,069 - INFO - MainThread - Order: V4063004765
2026-06-30 20:42:51,069 - INFO - MainThread - Processing Excel Row 765
2026-06-30 20:42:51,070 - INFO - MainThread - Order: V4063004766
2026-06-30 20:42:51,070 - INFO - MainThread - Processing Excel Row 766
2026-06-30 20:42:51,071 - INFO - MainThread - Order: V4063004767
2026-06-30 20:42:51,071 - INFO - MainThread - Processing Excel Row 767
2026-06-30 20:42:51,072 - INFO - MainThread - Order: V4063004768
2026-06-30 20:42:51,072 - INFO - MainThread - Processing Excel Row 768
2026-06-30 20:42:51,072 - INFO - MainThread - Order: V4063004769
2026-06-30 20:42:51,073 - INFO - MainThread - Processing Excel Row 769
2026-06-30 20:42:51,073 - INFO - MainThread - Order: V4063004770
2026-06-30 20:42:51,073 - INFO - MainThread - Processing Excel Row 770
2026-06-30 20:42:51,074 - INFO - MainThread - Order: V4063004771
2026-06-30 20:42:51,074 - INFO - MainThread - Processing Excel Row 771
2026-06-30 20:42:51,075 - INFO - MainThread - Order: V4063004772
2026-06-30 20:42:51,075 - INFO - MainThread - Processing Excel Row 772
2026-06-30 20:42:51,076 - INFO - MainThread - Order: V4063004773
2026-06-30 20:42:51,076 - INFO - MainThread - Processing Excel Row 773
2026-06-30 20:42:51,077 - INFO - MainThread - Order: V4063004774
2026-06-30 20:42:51,077 - INFO - MainThread - Processing Excel Row 774
2026-06-30 20:42:51,078 - INFO - MainThread - Order: V4063004775
2026-06-30 20:42:51,078 - INFO - MainThread - Processing Excel Row 775
2026-06-30 20:42:51,079 - INFO - MainThread - Order: V4063004776
2026-06-30 20:42:51,079 - INFO - MainThread - Processing Excel Row 776
2026-06-30 20:42:51,079 - INFO - MainThread - Order: V4063004777
2026-06-30 20:42:51,079 - INFO - MainThread - Processing Excel Row 777
2026-06-30 20:42:51,080 - INFO - MainThread - Order: V4063004778
2026-06-30 20:42:51,080 - INFO - MainThread - Processing Excel Row 778
2026-06-30 20:42:51,081 - INFO - MainThread - Order: V4063004779
2026-06-30 20:42:51,081 - INFO - MainThread - Processing Excel Row 779
2026-06-30 20:42:51,082 - INFO - MainThread - Order: V4063004780
2026-06-30 20:42:51,082 - INFO - MainThread - Processing Excel Row 780
2026-06-30 20:42:51,083 - INFO - MainThread - Order: V4063004781
2026-06-30 20:42:51,083 - INFO - MainThread - Processing Excel Row 781
2026-06-30 20:42:51,084 - INFO - MainThread - Order: V4063004782
2026-06-30 20:42:51,084 - INFO - MainThread - Processing Excel Row 782
2026-06-30 20:42:51,085 - INFO - MainThread - Order: V4063004783
2026-06-30 20:42:51,085 - INFO - MainThread - Processing Excel Row 783
2026-06-30 20:42:51,086 - INFO - MainThread - Order: V4063004784
2026-06-30 20:42:51,086 - INFO - MainThread - Processing Excel Row 784
2026-06-30 20:42:51,087 - INFO - MainThread - Order: V4063004785
2026-06-30 20:42:51,087 - INFO - MainThread - Processing Excel Row 785
2026-06-30 20:42:51,088 - INFO - MainThread - Order: V4063004786
2026-06-30 20:42:51,088 - INFO - MainThread - Processing Excel Row 786
2026-06-30 20:42:51,088 - INFO - MainThread - Order: V4063004787
2026-06-30 20:42:51,088 - INFO - MainThread - Processing Excel Row 787
2026-06-30 20:42:51,089 - INFO - MainThread - Order: V4063004788
2026-06-30 20:42:51,089 - INFO - MainThread - Processing Excel Row 788
2026-06-30 20:42:51,090 - INFO - MainThread - Order: V4063004789
2026-06-30 20:42:51,090 - INFO - MainThread - Processing Excel Row 789
2026-06-30 20:42:51,091 - INFO - MainThread - Order: V4063004790
2026-06-30 20:42:51,091 - INFO - MainThread - Processing Excel Row 790
2026-06-30 20:42:51,091 - INFO - MainThread - Order: V4063004791
2026-06-30 20:42:51,091 - INFO - MainThread - Processing Excel Row 791
2026-06-30 20:42:51,092 - INFO - MainThread - Order: V4063004792
2026-06-30 20:42:51,092 - INFO - MainThread - Processing Excel Row 792
2026-06-30 20:42:51,093 - INFO - MainThread - Order: V4063004793
2026-06-30 20:42:51,093 - INFO - MainThread - Processing Excel Row 793
2026-06-30 20:42:51,094 - INFO - MainThread - Order: V4063004794
2026-06-30 20:42:51,094 - INFO - MainThread - Processing Excel Row 794
2026-06-30 20:42:51,095 - INFO - MainThread - Order: V4063004795
2026-06-30 20:42:51,095 - INFO - MainThread - Processing Excel Row 795
2026-06-30 20:42:51,095 - INFO - MainThread - Order: V4063004796
2026-06-30 20:42:51,095 - INFO - MainThread - Processing Excel Row 796
2026-06-30 20:42:51,096 - INFO - MainThread - Order: V4063004797
2026-06-30 20:42:51,096 - INFO - MainThread - Processing Excel Row 797
2026-06-30 20:42:51,097 - INFO - MainThread - Order: V4063004798
2026-06-30 20:42:51,097 - INFO - MainThread - Processing Excel Row 798
2026-06-30 20:42:51,098 - INFO - MainThread - Order: V4063004799
2026-06-30 20:42:51,098 - INFO - MainThread - Processing Excel Row 799
2026-06-30 20:42:51,098 - INFO - MainThread - Order: V4063004800
2026-06-30 20:42:51,098 - INFO - MainThread - Processing Excel Row 800
2026-06-30 20:42:51,099 - INFO - MainThread - Order: V4063004801
2026-06-30 20:42:51,099 - INFO - MainThread - Processing Excel Row 801
2026-06-30 20:42:51,100 - INFO - MainThread - Order: V4063004802
2026-06-30 20:42:51,100 - INFO - MainThread - Processing Excel Row 802
2026-06-30 20:42:51,101 - INFO - MainThread - Order: V4063004803
2026-06-30 20:42:51,101 - INFO - MainThread - Processing Excel Row 803
2026-06-30 20:42:51,101 - INFO - MainThread - Order: V4063004804
2026-06-30 20:42:51,101 - INFO - MainThread - Processing Excel Row 804
2026-06-30 20:42:51,102 - INFO - MainThread - Order: V4063004805
2026-06-30 20:42:51,102 - INFO - MainThread - Processing Excel Row 805
2026-06-30 20:42:51,103 - INFO - MainThread - Order: V4063004806
2026-06-30 20:42:51,103 - INFO - MainThread - Processing Excel Row 806
2026-06-30 20:42:51,104 - INFO - MainThread - Order: V4063004807
2026-06-30 20:42:51,104 - INFO - MainThread - Processing Excel Row 807
2026-06-30 20:42:51,105 - INFO - MainThread - Order: V4063004808
2026-06-30 20:42:51,105 - INFO - MainThread - Processing Excel Row 808
2026-06-30 20:42:51,106 - INFO - MainThread - Order: V4063004809
2026-06-30 20:42:51,106 - INFO - MainThread - Processing Excel Row 809
2026-06-30 20:42:51,107 - INFO - MainThread - Order: V4063004810
2026-06-30 20:42:51,107 - INFO - MainThread - Processing Excel Row 810
2026-06-30 20:42:51,108 - INFO - MainThread - Order: V4063004811
2026-06-30 20:42:51,108 - INFO - MainThread - Processing Excel Row 811
2026-06-30 20:42:51,109 - INFO - MainThread - Order: V4063004812
2026-06-30 20:42:51,109 - INFO - MainThread - Processing Excel Row 812
2026-06-30 20:42:51,110 - INFO - MainThread - Order: V4063004813
2026-06-30 20:42:51,110 - INFO - MainThread - Processing Excel Row 813
2026-06-30 20:42:51,110 - INFO - MainThread - Order: V4063004814
2026-06-30 20:42:51,110 - INFO - MainThread - Processing Excel Row 814
2026-06-30 20:42:51,111 - INFO - MainThread - Order: V4063004815
2026-06-30 20:42:51,111 - INFO - MainThread - Processing Excel Row 815
2026-06-30 20:42:51,112 - INFO - MainThread - Order: V4063004816
2026-06-30 20:42:51,112 - INFO - MainThread - Processing Excel Row 816
2026-06-30 20:42:51,113 - INFO - MainThread - Order: V4063004817
2026-06-30 20:42:51,113 - INFO - MainThread - Processing Excel Row 817
2026-06-30 20:42:51,113 - INFO - MainThread - Order: V4063004818
2026-06-30 20:42:51,113 - INFO - MainThread - Processing Excel Row 818
2026-06-30 20:42:51,114 - INFO - MainThread - Order: V4063004819
2026-06-30 20:42:51,114 - INFO - MainThread - Processing Excel Row 819
2026-06-30 20:42:51,115 - INFO - MainThread - Order: V4063004820
2026-06-30 20:42:51,115 - INFO - MainThread - Processing Excel Row 820
2026-06-30 20:42:51,116 - INFO - MainThread - Order: V4063004821
2026-06-30 20:42:51,116 - INFO - MainThread - Processing Excel Row 821
2026-06-30 20:42:51,117 - INFO - MainThread - Order: V4063004822
2026-06-30 20:42:51,117 - INFO - MainThread - Processing Excel Row 822
2026-06-30 20:42:51,118 - INFO - MainThread - Order: V4063004823
2026-06-30 20:42:51,118 - INFO - MainThread - Processing Excel Row 823
2026-06-30 20:42:51,119 - INFO - MainThread - Order: V4063004824
2026-06-30 20:42:51,119 - INFO - MainThread - Processing Excel Row 824
2026-06-30 20:42:51,120 - INFO - MainThread - Order: V4063004825
2026-06-30 20:42:51,120 - INFO - MainThread - Processing Excel Row 825
2026-06-30 20:42:51,121 - INFO - MainThread - Order: V4063004826
2026-06-30 20:42:51,121 - INFO - MainThread - Processing Excel Row 826
2026-06-30 20:42:51,122 - INFO - MainThread - Order: V4063004827
2026-06-30 20:42:51,122 - INFO - MainThread - Processing Excel Row 827
2026-06-30 20:42:51,123 - INFO - MainThread - Order: V4063004828
2026-06-30 20:42:51,123 - INFO - MainThread - Processing Excel Row 828
2026-06-30 20:42:51,123 - INFO - MainThread - Order: V4063004829
2026-06-30 20:42:51,123 - INFO - MainThread - Processing Excel Row 829
2026-06-30 20:42:51,124 - INFO - MainThread - Order: V4063004830
2026-06-30 20:42:51,124 - INFO - MainThread - Processing Excel Row 830
2026-06-30 20:42:51,125 - INFO - MainThread - Order: V4063004831
2026-06-30 20:42:51,125 - INFO - MainThread - Processing Excel Row 831
2026-06-30 20:42:51,126 - INFO - MainThread - Order: V4063004832
2026-06-30 20:42:51,126 - INFO - MainThread - Processing Excel Row 832
2026-06-30 20:42:51,127 - INFO - MainThread - Order: V4063004833
2026-06-30 20:42:51,127 - INFO - MainThread - Processing Excel Row 833
2026-06-30 20:42:51,128 - INFO - MainThread - Order: V4063004834
2026-06-30 20:42:51,128 - INFO - MainThread - Processing Excel Row 834
2026-06-30 20:42:51,129 - INFO - MainThread - Order: V4063004835
2026-06-30 20:42:51,129 - INFO - MainThread - Processing Excel Row 835
2026-06-30 20:42:51,130 - INFO - MainThread - Order: V4063004836
2026-06-30 20:42:51,130 - INFO - MainThread - Processing Excel Row 836
2026-06-30 20:42:51,131 - INFO - MainThread - Order: V4063004837
2026-06-30 20:42:51,131 - INFO - MainThread - Processing Excel Row 837
2026-06-30 20:42:51,132 - INFO - MainThread - Order: V4063004838
2026-06-30 20:42:51,132 - INFO - MainThread - Processing Excel Row 838
2026-06-30 20:42:51,133 - INFO - MainThread - Order: V4063004839
2026-06-30 20:42:51,133 - INFO - MainThread - Processing Excel Row 839
2026-06-30 20:42:51,134 - INFO - MainThread - Order: V4063004840
2026-06-30 20:42:51,134 - INFO - MainThread - Processing Excel Row 840
2026-06-30 20:42:51,135 - INFO - MainThread - Order: V4063004841
2026-06-30 20:42:51,135 - INFO - MainThread - Processing Excel Row 841
2026-06-30 20:42:51,136 - INFO - MainThread - Order: V4063004842
2026-06-30 20:42:51,136 - INFO - MainThread - Processing Excel Row 842
2026-06-30 20:42:51,137 - INFO - MainThread - Order: V4063004843
2026-06-30 20:42:51,137 - INFO - MainThread - Processing Excel Row 843
2026-06-30 20:42:51,138 - INFO - MainThread - Order: V4063004844
2026-06-30 20:42:51,138 - INFO - MainThread - Processing Excel Row 844
2026-06-30 20:42:51,139 - INFO - MainThread - Order: V4063004845
2026-06-30 20:42:51,139 - INFO - MainThread - Processing Excel Row 845
2026-06-30 20:42:51,140 - INFO - MainThread - Order: V4063004846
2026-06-30 20:42:51,140 - INFO - MainThread - Processing Excel Row 846
2026-06-30 20:42:51,141 - INFO - MainThread - Order: V4063004847
2026-06-30 20:42:51,141 - INFO - MainThread - Processing Excel Row 847
2026-06-30 20:42:51,142 - INFO - MainThread - Order: V4063004848
2026-06-30 20:42:51,142 - INFO - MainThread - Processing Excel Row 848
2026-06-30 20:42:51,143 - INFO - MainThread - Order: V4063004849
2026-06-30 20:42:51,143 - INFO - MainThread - Processing Excel Row 849
2026-06-30 20:42:51,143 - INFO - MainThread - Order: V4063004850
2026-06-30 20:42:51,144 - INFO - MainThread - Processing Excel Row 850
2026-06-30 20:42:51,144 - INFO - MainThread - Order: V4063004851
2026-06-30 20:42:51,145 - INFO - MainThread - Processing Excel Row 851
2026-06-30 20:42:51,145 - INFO - MainThread - Order: V4063004852
2026-06-30 20:42:51,145 - INFO - MainThread - Processing Excel Row 852
2026-06-30 20:42:51,146 - INFO - MainThread - Order: V4063004853
2026-06-30 20:42:51,147 - INFO - MainThread - Processing Excel Row 853
2026-06-30 20:42:51,148 - INFO - MainThread - Order: V4063004854
2026-06-30 20:42:51,148 - INFO - MainThread - Processing Excel Row 854
2026-06-30 20:42:51,149 - INFO - MainThread - Order: V4063004855
2026-06-30 20:42:51,149 - INFO - MainThread - Processing Excel Row 855
2026-06-30 20:42:51,150 - INFO - MainThread - Order: V4063004856
2026-06-30 20:42:51,150 - INFO - MainThread - Processing Excel Row 856
2026-06-30 20:42:51,151 - INFO - MainThread - Order: V4063004857
2026-06-30 20:42:51,151 - INFO - MainThread - Processing Excel Row 857
2026-06-30 20:42:51,152 - INFO - MainThread - Order: V4063004858
2026-06-30 20:42:51,152 - INFO - MainThread - Processing Excel Row 858
2026-06-30 20:42:51,153 - INFO - MainThread - Order: V4063004859
2026-06-30 20:42:51,153 - INFO - MainThread - Processing Excel Row 859
2026-06-30 20:42:51,154 - INFO - MainThread - Order: V4063004860
2026-06-30 20:42:51,154 - INFO - MainThread - Processing Excel Row 860
2026-06-30 20:42:51,155 - INFO - MainThread - Order: V4063004861
2026-06-30 20:42:51,155 - INFO - MainThread - Processing Excel Row 861
2026-06-30 20:42:51,156 - INFO - MainThread - Order: V4063004862
2026-06-30 20:42:51,156 - INFO - MainThread - Processing Excel Row 862
2026-06-30 20:42:51,157 - INFO - MainThread - Order: V4063004863
2026-06-30 20:42:51,157 - INFO - MainThread - Processing Excel Row 863
2026-06-30 20:42:51,157 - INFO - MainThread - Order: V4063004864
2026-06-30 20:42:51,157 - INFO - MainThread - Processing Excel Row 864
2026-06-30 20:42:51,158 - INFO - MainThread - Order: V4063004865
2026-06-30 20:42:51,158 - INFO - MainThread - Processing Excel Row 865
2026-06-30 20:42:51,159 - INFO - MainThread - Order: V4063004866
2026-06-30 20:42:51,159 - INFO - MainThread - Processing Excel Row 866
2026-06-30 20:42:51,160 - INFO - MainThread - Order: V4063004867
2026-06-30 20:42:51,160 - INFO - MainThread - Processing Excel Row 867
2026-06-30 20:42:51,161 - INFO - MainThread - Order: V4063004868
2026-06-30 20:42:51,161 - INFO - MainThread - Processing Excel Row 868
2026-06-30 20:42:51,162 - INFO - MainThread - Order: V4063004869
2026-06-30 20:42:51,162 - INFO - MainThread - Processing Excel Row 869
2026-06-30 20:42:51,163 - INFO - MainThread - Order: V4063004870
2026-06-30 20:42:51,163 - INFO - MainThread - Processing Excel Row 870
2026-06-30 20:42:51,164 - INFO - MainThread - Order: V4063004871
2026-06-30 20:42:51,164 - INFO - MainThread - Processing Excel Row 871
2026-06-30 20:42:51,165 - INFO - MainThread - Order: V4063004872
2026-06-30 20:42:51,165 - INFO - MainThread - Processing Excel Row 872
2026-06-30 20:42:51,165 - INFO - MainThread - Order: V4063004873
2026-06-30 20:42:51,165 - INFO - MainThread - Processing Excel Row 873
2026-06-30 20:42:51,166 - INFO - MainThread - Order: V4063004874
2026-06-30 20:42:51,166 - INFO - MainThread - Processing Excel Row 874
2026-06-30 20:42:51,167 - INFO - MainThread - Order: V4063004875
2026-06-30 20:42:51,167 - INFO - MainThread - Processing Excel Row 875
2026-06-30 20:42:51,168 - INFO - MainThread - Order: V4063004876
2026-06-30 20:42:51,168 - INFO - MainThread - Processing Excel Row 876
2026-06-30 20:42:51,168 - INFO - MainThread - Order: V4063004877
2026-06-30 20:42:51,169 - INFO - MainThread - Processing Excel Row 877
2026-06-30 20:42:51,170 - INFO - MainThread - Order: V4063004878
2026-06-30 20:42:51,170 - INFO - MainThread - Processing Excel Row 878
2026-06-30 20:42:51,171 - INFO - MainThread - Order: V4063004879
2026-06-30 20:42:51,171 - INFO - MainThread - Processing Excel Row 879
2026-06-30 20:42:51,172 - INFO - MainThread - Order: V4063004880
2026-06-30 20:42:51,172 - INFO - MainThread - Processing Excel Row 880
2026-06-30 20:42:51,173 - INFO - MainThread - Order: V4063004881
2026-06-30 20:42:51,173 - INFO - MainThread - Processing Excel Row 881
2026-06-30 20:42:51,174 - INFO - MainThread - Order: V4063004882
2026-06-30 20:42:51,174 - INFO - MainThread - Processing Excel Row 882
2026-06-30 20:42:51,175 - INFO - MainThread - Order: V4063004883
2026-06-30 20:42:51,175 - INFO - MainThread - Processing Excel Row 883
2026-06-30 20:42:51,175 - INFO - MainThread - Order: V4063004884
2026-06-30 20:42:51,175 - INFO - MainThread - Processing Excel Row 884
2026-06-30 20:42:51,176 - INFO - MainThread - Order: V4063004885
2026-06-30 20:42:51,176 - INFO - MainThread - Processing Excel Row 885
2026-06-30 20:42:51,178 - INFO - MainThread - Order: V4063004886
2026-06-30 20:42:51,178 - INFO - MainThread - Processing Excel Row 886
2026-06-30 20:42:51,179 - INFO - MainThread - Order: V4063004887
2026-06-30 20:42:51,179 - INFO - MainThread - Processing Excel Row 887
2026-06-30 20:42:51,180 - INFO - MainThread - Order: V4063004888
2026-06-30 20:42:51,180 - INFO - MainThread - Processing Excel Row 888
2026-06-30 20:42:51,181 - INFO - MainThread - Order: V4063004889
2026-06-30 20:42:51,181 - INFO - MainThread - Processing Excel Row 889
2026-06-30 20:42:51,182 - INFO - MainThread - Order: V4063004890
2026-06-30 20:42:51,182 - INFO - MainThread - Processing Excel Row 890
2026-06-30 20:42:51,182 - INFO - MainThread - Order: V4063004891
2026-06-30 20:42:51,182 - INFO - MainThread - Processing Excel Row 891
2026-06-30 20:42:51,183 - INFO - MainThread - Order: V4063004892
2026-06-30 20:42:51,183 - INFO - MainThread - Processing Excel Row 892
2026-06-30 20:42:51,184 - INFO - MainThread - Order: V4063004893
2026-06-30 20:42:51,184 - INFO - MainThread - Processing Excel Row 893
2026-06-30 20:42:51,185 - INFO - MainThread - Order: V4063004894
2026-06-30 20:42:51,185 - INFO - MainThread - Processing Excel Row 894
2026-06-30 20:42:51,186 - INFO - MainThread - Order: V4063004895
2026-06-30 20:42:51,186 - INFO - MainThread - Processing Excel Row 895
2026-06-30 20:42:51,187 - INFO - MainThread - Order: V4063004896
2026-06-30 20:42:51,187 - INFO - MainThread - Processing Excel Row 896
2026-06-30 20:42:51,188 - INFO - MainThread - Order: V4063004897
2026-06-30 20:42:51,188 - INFO - MainThread - Processing Excel Row 897
2026-06-30 20:42:51,189 - INFO - MainThread - Order: V4063004898
2026-06-30 20:42:51,189 - INFO - MainThread - Processing Excel Row 898
2026-06-30 20:42:51,190 - INFO - MainThread - Order: V4063004899
2026-06-30 20:42:51,190 - INFO - MainThread - Processing Excel Row 899
2026-06-30 20:42:51,191 - INFO - MainThread - Order: V4063004900
2026-06-30 20:42:51,191 - INFO - MainThread - Processing Excel Row 900
2026-06-30 20:42:51,191 - INFO - MainThread - Order: V4063004901
2026-06-30 20:42:51,191 - INFO - MainThread - Processing Excel Row 901
2026-06-30 20:42:51,192 - INFO - MainThread - Order: V4063004902
2026-06-30 20:42:51,192 - INFO - MainThread - Processing Excel Row 902
2026-06-30 20:42:51,193 - INFO - MainThread - Order: V4063004903
2026-06-30 20:42:51,193 - INFO - MainThread - Processing Excel Row 903
2026-06-30 20:42:51,194 - INFO - MainThread - Order: V4063004904
2026-06-30 20:42:51,194 - INFO - MainThread - Processing Excel Row 904
2026-06-30 20:42:51,195 - INFO - MainThread - Order: V4063004905
2026-06-30 20:42:51,195 - INFO - MainThread - Processing Excel Row 905
2026-06-30 20:42:51,196 - INFO - MainThread - Order: V4063004906
2026-06-30 20:42:51,197 - INFO - MainThread - Processing Excel Row 906
2026-06-30 20:42:51,197 - INFO - MainThread - Order: V4063004907
2026-06-30 20:42:51,197 - INFO - MainThread - Processing Excel Row 907
2026-06-30 20:42:51,198 - INFO - MainThread - Order: V4063004908
2026-06-30 20:42:51,198 - INFO - MainThread - Processing Excel Row 908
2026-06-30 20:42:51,199 - INFO - MainThread - Order: V4063004909
2026-06-30 20:42:51,199 - INFO - MainThread - Processing Excel Row 909
2026-06-30 20:42:51,200 - INFO - MainThread - Order: V4063004910
2026-06-30 20:42:51,200 - INFO - MainThread - Processing Excel Row 910
2026-06-30 20:42:51,201 - INFO - MainThread - Order: V4063004911
2026-06-30 20:42:51,201 - INFO - MainThread - Processing Excel Row 911
2026-06-30 20:42:51,201 - INFO - MainThread - Order: V4063004912
2026-06-30 20:42:51,201 - INFO - MainThread - Processing Excel Row 912
2026-06-30 20:42:51,202 - INFO - MainThread - Order: V4063004913
2026-06-30 20:42:51,202 - INFO - MainThread - Processing Excel Row 913
2026-06-30 20:42:51,203 - INFO - MainThread - Order: V4063004914
2026-06-30 20:42:51,203 - INFO - MainThread - Processing Excel Row 914
2026-06-30 20:42:51,204 - INFO - MainThread - Order: V4063004915
2026-06-30 20:42:51,204 - INFO - MainThread - Processing Excel Row 915
2026-06-30 20:42:51,204 - INFO - MainThread - Order: V4063004916
2026-06-30 20:42:51,204 - INFO - MainThread - Processing Excel Row 916
2026-06-30 20:42:51,205 - INFO - MainThread - Order: V4063004917
2026-06-30 20:42:51,205 - INFO - MainThread - Processing Excel Row 917
2026-06-30 20:42:51,206 - INFO - MainThread - Order: V4063004918
2026-06-30 20:42:51,206 - INFO - MainThread - Processing Excel Row 918
2026-06-30 20:42:51,207 - INFO - MainThread - Order: V4063004919
2026-06-30 20:42:51,207 - INFO - MainThread - Processing Excel Row 919
2026-06-30 20:42:51,207 - INFO - MainThread - Order: V4063004920
2026-06-30 20:42:51,207 - INFO - MainThread - Processing Excel Row 920
2026-06-30 20:42:51,208 - INFO - MainThread - Order: V4063004921
2026-06-30 20:42:51,208 - INFO - MainThread - Processing Excel Row 921
2026-06-30 20:42:51,209 - INFO - MainThread - Order: V4063004922
2026-06-30 20:42:51,209 - INFO - MainThread - Processing Excel Row 922
2026-06-30 20:42:51,210 - INFO - MainThread - Order: V4063004923
2026-06-30 20:42:51,210 - INFO - MainThread - Processing Excel Row 923
2026-06-30 20:42:51,210 - INFO - MainThread - Order: V4063004924
2026-06-30 20:42:51,210 - INFO - MainThread - Processing Excel Row 924
2026-06-30 20:42:51,211 - INFO - MainThread - Order: V4063004925
2026-06-30 20:42:51,211 - INFO - MainThread - Processing Excel Row 925
2026-06-30 20:42:51,212 - INFO - MainThread - Order: V4063004926
2026-06-30 20:42:51,212 - INFO - MainThread - Processing Excel Row 926
2026-06-30 20:42:51,213 - INFO - MainThread - Order: V4063004927
2026-06-30 20:42:51,213 - INFO - MainThread - Processing Excel Row 927
2026-06-30 20:42:51,213 - INFO - MainThread - Order: V4063004928
2026-06-30 20:42:51,213 - INFO - MainThread - Processing Excel Row 928
2026-06-30 20:42:51,214 - INFO - MainThread - Order: V4063004929
2026-06-30 20:42:51,214 - INFO - MainThread - Processing Excel Row 929
2026-06-30 20:42:51,215 - INFO - MainThread - Order: V4063004930
2026-06-30 20:42:51,215 - INFO - MainThread - Processing Excel Row 930
2026-06-30 20:42:51,215 - INFO - MainThread - Order: V4063004931
2026-06-30 20:42:51,216 - INFO - MainThread - Processing Excel Row 931
2026-06-30 20:42:51,216 - INFO - MainThread - Order: V4063004932
2026-06-30 20:42:51,216 - INFO - MainThread - Processing Excel Row 932
2026-06-30 20:42:51,217 - INFO - MainThread - Order: V4063004933
2026-06-30 20:42:51,217 - INFO - MainThread - Processing Excel Row 933
2026-06-30 20:42:51,218 - INFO - MainThread - Order: V4063004934
2026-06-30 20:42:51,218 - INFO - MainThread - Processing Excel Row 934
2026-06-30 20:42:51,219 - INFO - MainThread - Order: V4063004935
2026-06-30 20:42:51,219 - INFO - MainThread - Processing Excel Row 935
2026-06-30 20:42:51,219 - INFO - MainThread - Order: V4063004936
2026-06-30 20:42:51,219 - INFO - MainThread - Processing Excel Row 936
2026-06-30 20:42:51,220 - INFO - MainThread - Order: V4063004937
2026-06-30 20:42:51,220 - INFO - MainThread - Processing Excel Row 937
2026-06-30 20:42:51,221 - INFO - MainThread - Order: V4063004938
2026-06-30 20:42:51,221 - INFO - MainThread - Processing Excel Row 938
2026-06-30 20:42:51,222 - INFO - MainThread - Order: V4063004939
2026-06-30 20:42:51,222 - INFO - MainThread - Processing Excel Row 939
2026-06-30 20:42:51,223 - INFO - MainThread - Order: V4063004940
2026-06-30 20:42:51,223 - INFO - MainThread - Processing Excel Row 940
2026-06-30 20:42:51,224 - INFO - MainThread - Order: V4063004941
2026-06-30 20:42:51,224 - INFO - MainThread - Processing Excel Row 941
2026-06-30 20:42:51,225 - INFO - MainThread - Order: V4063004942
2026-06-30 20:42:51,225 - INFO - MainThread - Processing Excel Row 942
2026-06-30 20:42:51,226 - INFO - MainThread - Order: V4063004943
2026-06-30 20:42:51,226 - INFO - MainThread - Processing Excel Row 943
2026-06-30 20:42:51,226 - INFO - MainThread - Order: V4063004944
2026-06-30 20:42:51,226 - INFO - MainThread - Processing Excel Row 944
2026-06-30 20:42:51,227 - INFO - MainThread - Order: V4063004945
2026-06-30 20:42:51,227 - INFO - MainThread - Processing Excel Row 945
2026-06-30 20:42:51,228 - INFO - MainThread - Order: V4063004946
2026-06-30 20:42:51,228 - INFO - MainThread - Processing Excel Row 946
2026-06-30 20:42:51,229 - INFO - MainThread - Order: V4063004947
2026-06-30 20:42:51,229 - INFO - MainThread - Processing Excel Row 947
2026-06-30 20:42:51,230 - INFO - MainThread - Order: V4063004948
2026-06-30 20:42:51,230 - INFO - MainThread - Processing Excel Row 948
2026-06-30 20:42:51,231 - INFO - MainThread - Order: V4063004949
2026-06-30 20:42:51,231 - INFO - MainThread - Processing Excel Row 949
2026-06-30 20:42:51,232 - INFO - MainThread - Order: V4063004950
2026-06-30 20:42:51,232 - INFO - MainThread - Processing Excel Row 950
2026-06-30 20:42:51,232 - INFO - MainThread - Order: V4063004951
2026-06-30 20:42:51,232 - INFO - MainThread - Processing Excel Row 951
2026-06-30 20:42:51,233 - INFO - MainThread - Order: V4063004952
2026-06-30 20:42:51,233 - INFO - MainThread - Processing Excel Row 952
2026-06-30 20:42:51,234 - INFO - MainThread - Order: V4063004953
2026-06-30 20:42:51,234 - INFO - MainThread - Processing Excel Row 953
2026-06-30 20:42:51,235 - INFO - MainThread - Order: V4063004954
2026-06-30 20:42:51,235 - INFO - MainThread - Processing Excel Row 954
2026-06-30 20:42:51,235 - INFO - MainThread - Order: V4063004955
2026-06-30 20:42:51,236 - INFO - MainThread - Processing Excel Row 955
2026-06-30 20:42:51,236 - INFO - MainThread - Order: V4063004956
2026-06-30 20:42:51,236 - INFO - MainThread - Processing Excel Row 956
2026-06-30 20:42:51,237 - INFO - MainThread - Order: V4063004957
2026-06-30 20:42:51,237 - INFO - MainThread - Processing Excel Row 957
2026-06-30 20:42:51,238 - INFO - MainThread - Order: V4063004958
2026-06-30 20:42:51,238 - INFO - MainThread - Processing Excel Row 958
2026-06-30 20:42:51,238 - INFO - MainThread - Order: V4063004959
2026-06-30 20:42:51,238 - INFO - MainThread - Processing Excel Row 959
2026-06-30 20:42:51,239 - INFO - MainThread - Order: V4063004960
2026-06-30 20:42:51,239 - INFO - MainThread - Processing Excel Row 960
2026-06-30 20:42:51,240 - INFO - MainThread - Order: V4063004961
2026-06-30 20:42:51,240 - INFO - MainThread - Processing Excel Row 961
2026-06-30 20:42:51,241 - INFO - MainThread - Order: V4063004962
2026-06-30 20:42:51,241 - INFO - MainThread - Processing Excel Row 962
2026-06-30 20:42:51,242 - INFO - MainThread - Order: V4063004963
2026-06-30 20:42:51,242 - INFO - MainThread - Processing Excel Row 963
2026-06-30 20:42:51,243 - INFO - MainThread - Order: V4063004964
2026-06-30 20:42:51,243 - INFO - MainThread - Processing Excel Row 964
2026-06-30 20:42:51,245 - INFO - MainThread - Order: V4063004965
2026-06-30 20:42:51,245 - INFO - MainThread - Processing Excel Row 965
2026-06-30 20:42:51,246 - INFO - MainThread - Order: V4063004966
2026-06-30 20:42:51,246 - INFO - MainThread - Processing Excel Row 966
2026-06-30 20:42:51,247 - INFO - MainThread - Order: V4063004967
2026-06-30 20:42:51,247 - INFO - MainThread - Processing Excel Row 967
2026-06-30 20:42:51,248 - INFO - MainThread - Order: V4063004968
2026-06-30 20:42:51,248 - INFO - MainThread - Processing Excel Row 968
2026-06-30 20:42:51,248 - INFO - MainThread - Order: V4063004969
2026-06-30 20:42:51,248 - INFO - MainThread - Processing Excel Row 969
2026-06-30 20:42:51,249 - INFO - MainThread - Order: V4063004970
2026-06-30 20:42:51,249 - INFO - MainThread - Processing Excel Row 970
2026-06-30 20:42:51,250 - INFO - MainThread - Order: V4063004971
2026-06-30 20:42:51,250 - INFO - MainThread - Processing Excel Row 971
2026-06-30 20:42:51,251 - INFO - MainThread - Order: V4063004972
2026-06-30 20:42:51,251 - INFO - MainThread - Processing Excel Row 972
2026-06-30 20:42:51,252 - INFO - MainThread - Order: V4063004973
2026-06-30 20:42:51,252 - INFO - MainThread - Processing Excel Row 973
2026-06-30 20:42:51,253 - INFO - MainThread - Order: V4063004974
2026-06-30 20:42:51,253 - INFO - MainThread - Processing Excel Row 974
2026-06-30 20:42:51,254 - INFO - MainThread - Order: V4063004975
2026-06-30 20:42:51,254 - INFO - MainThread - Processing Excel Row 975
2026-06-30 20:42:51,255 - INFO - MainThread - Order: V4063004976
2026-06-30 20:42:51,255 - INFO - MainThread - Processing Excel Row 976
2026-06-30 20:42:51,255 - INFO - MainThread - Order: V4063004977
2026-06-30 20:42:51,255 - INFO - MainThread - Processing Excel Row 977
2026-06-30 20:42:51,256 - INFO - MainThread - Order: V4063004978
2026-06-30 20:42:51,256 - INFO - MainThread - Processing Excel Row 978
2026-06-30 20:42:51,257 - INFO - MainThread - Order: V4063004979
2026-06-30 20:42:51,257 - INFO - MainThread - Processing Excel Row 979
2026-06-30 20:42:51,258 - INFO - MainThread - Order: V4063004980
2026-06-30 20:42:51,258 - INFO - MainThread - Processing Excel Row 980
2026-06-30 20:42:51,258 - INFO - MainThread - Order: V4063004981
2026-06-30 20:42:51,258 - INFO - MainThread - Processing Excel Row 981
2026-06-30 20:42:51,259 - INFO - MainThread - Order: V4063004982
2026-06-30 20:42:51,259 - INFO - MainThread - Processing Excel Row 982
2026-06-30 20:42:51,260 - INFO - MainThread - Order: V4063004983
2026-06-30 20:42:51,260 - INFO - MainThread - Processing Excel Row 983
2026-06-30 20:42:51,261 - INFO - MainThread - Order: V4063004984
2026-06-30 20:42:51,261 - INFO - MainThread - Processing Excel Row 984
2026-06-30 20:42:51,262 - INFO - MainThread - Order: V4063004985
2026-06-30 20:42:51,262 - INFO - MainThread - Processing Excel Row 985
2026-06-30 20:42:51,263 - INFO - MainThread - Order: V4063004986
2026-06-30 20:42:51,263 - INFO - MainThread - Processing Excel Row 986
2026-06-30 20:42:51,263 - INFO - MainThread - Order: V4063004987
2026-06-30 20:42:51,263 - INFO - MainThread - Processing Excel Row 987
2026-06-30 20:42:51,264 - INFO - MainThread - Order: V4063004988
2026-06-30 20:42:51,264 - INFO - MainThread - Processing Excel Row 988
2026-06-30 20:42:51,265 - INFO - MainThread - Order: V4063004989
2026-06-30 20:42:51,265 - INFO - MainThread - Processing Excel Row 989
2026-06-30 20:42:51,266 - INFO - MainThread - Order: V4063004990
2026-06-30 20:42:51,267 - INFO - MainThread - Processing Excel Row 990
2026-06-30 20:42:51,268 - INFO - MainThread - Order: V4063004991
2026-06-30 20:42:51,268 - INFO - MainThread - Processing Excel Row 991
2026-06-30 20:42:51,269 - INFO - MainThread - Order: V4063004992
2026-06-30 20:42:51,269 - INFO - MainThread - Processing Excel Row 992
2026-06-30 20:42:51,269 - INFO - MainThread - Order: V4063004993
2026-06-30 20:42:51,269 - INFO - MainThread - Processing Excel Row 993
2026-06-30 20:42:51,270 - INFO - MainThread - Order: V4063004994
2026-06-30 20:42:51,270 - INFO - MainThread - Processing Excel Row 994
2026-06-30 20:42:51,271 - INFO - MainThread - Order: V4063004995
2026-06-30 20:42:51,272 - INFO - MainThread - Processing Excel Row 995
2026-06-30 20:42:51,273 - INFO - MainThread - Order: V4063004996
2026-06-30 20:42:51,273 - INFO - MainThread - Processing Excel Row 996
2026-06-30 20:42:51,274 - INFO - MainThread - Order: V4063004997
2026-06-30 20:42:51,274 - INFO - MainThread - Processing Excel Row 997
2026-06-30 20:42:51,275 - INFO - MainThread - Order: V4063004998
2026-06-30 20:42:51,275 - INFO - MainThread - Processing Excel Row 998
2026-06-30 20:42:51,276 - INFO - MainThread - Order: V4063004999
2026-06-30 20:42:51,276 - INFO - MainThread - Processing Excel Row 999
2026-06-30 20:42:51,276 - INFO - MainThread - Order: V4063005000
2026-06-30 20:42:51,277 - INFO - MainThread - Processing Excel Row 1000
2026-06-30 20:42:51,277 - INFO - MainThread - Order: V4063005001
2026-06-30 20:42:51,392 - INFO - MainThread - Sheets found in '/Users/vgana3/Documents/GitHub/Nike/J30/Input_files/Outbound_Worksheet.xlsx': ['CreateOrder', 'Parent_Order', 'BackUp', 'TranLog', 'MHE_Journal', 'OriginalOrderInput', 'CreateShipment', 'MasterData', 'MasterInput', 'Shipment_ID', 'Item_info', 'B2B_SUB_HUB']
2026-06-30 20:42:52,365 - INFO - MainThread - Total payloads to send: 1000
2026-06-30 20:42:52,365 - INFO - MainThread - Using 10 worker thread(s).
2026-06-30 20:42:53,140 - INFO - ThreadPoolExecutor-0_0 - [PROD] Sending payload 1/1000 | Order Number: V4063004002
2026-06-30 20:42:53,140 - INFO - ThreadPoolExecutor-0_1 - [PROD] Sending payload 2/1000 | Order Number: V4063004003
2026-06-30 20:42:53,140 - INFO - ThreadPoolExecutor-0_2 - [PROD] Sending payload 3/1000 | Order Number: V4063004004
2026-06-30 20:42:53,141 - INFO - ThreadPoolExecutor-0_3 - [PROD] Sending payload 4/1000 | Order Number: V4063004005
2026-06-30 20:42:53,141 - INFO - ThreadPoolExecutor-0_4 - [PROD] Sending payload 5/1000 | Order Number: V4063004006
2026-06-30 20:42:53,142 - INFO - ThreadPoolExecutor-0_5 - [PROD] Sending payload 6/1000 | Order Number: V4063004007
2026-06-30 20:42:53,143 - INFO - ThreadPoolExecutor-0_6 - [PROD] Sending payload 7/1000 | Order Number: V4063004008
2026-06-30 20:42:53,145 - INFO - ThreadPoolExecutor-0_7 - [PROD] Sending payload 8/1000 | Order Number: V4063004009
2026-06-30 20:42:53,146 - INFO - ThreadPoolExecutor-0_8 - [PROD] Sending payload 9/1000 | Order Number: V4063004010
2026-06-30 20:42:53,146 - INFO - ThreadPoolExecutor-0_9 - [PROD] Sending payload 10/1000 | Order Number: V4063004011
2026-06-30 20:42:56,559 - INFO - ThreadPoolExecutor-0_2 - [PROD] Payload 3/1000 sent successfully. Status Code: 200
2026-06-30 20:42:56,561 - INFO - ThreadPoolExecutor-0_3 - [PROD] Payload 4/1000 sent successfully. Status Code: 200
2026-06-30 20:42:56,562 - INFO - ThreadPoolExecutor-0_2 - [PROD] Sending payload 11/1000 | Order Number: V4063004012
2026-06-30 20:42:56,563 - INFO - ThreadPoolExecutor-0_3 - [PROD] Sending payload 12/1000 | Order Number: V4063004013
2026-06-30 20:42:57,216 - INFO - ThreadPoolExecutor-0_4 - [PROD] Payload 5/1000 sent successfully. Status Code: 200
2026-06-30 20:42:57,219 - INFO - ThreadPoolExecutor-0_4 - [PROD] Sending payload 13/1000 | Order Number: V4063004014
2026-06-30 20:42:57,226 - INFO - ThreadPoolExecutor-0_8 - [PROD] Payload 9/1000 sent successfully. Status Code: 200
2026-06-30 20:42:57,226 - INFO - ThreadPoolExecutor-0_8 - [PROD] Sending payload 14/1000 | Order Number: V4063004015
2026-06-30 20:42:57,315 - INFO - ThreadPoolExecutor-0_5 - [PROD] Payload 6/1000 sent successfully. Status Code: 200
2026-06-30 20:42:57,316 - INFO - ThreadPoolExecutor-0_5 - [PROD] Sending payload 15/1000 | Order Number: V4063004016
2026-06-30 20:42:57,998 - INFO - ThreadPoolExecutor-0_1 - [PROD] Payload 2/1000 sent successfully. Status Code: 200
2026-06-30 20:42:58,008 - INFO - ThreadPoolExecutor-0_1 - [PROD] Sending payload 16/1000 | Order Number: V4063004017
2026-06-30 20:42:58,010 - INFO - ThreadPoolExecutor-0_6 - [PROD] Payload 7/1000 sent successfully. Status Code: 200
2026-06-30 20:42:58,011 - INFO - ThreadPoolExecutor-0_9 - [PROD] Payload 10/1000 sent successfully. Status Code: 200
2026-06-30 20:42:58,012 - INFO - ThreadPoolExecutor-0_6 - [PROD] Sending payload 17/1000 | Order Number: V4063004018
2026-06-30 20:42:58,012 - INFO - ThreadPoolExecutor-0_9 - [PROD] Sending payload 18/1000 | Order Number: V4063004019
2026-06-30 20:42:58,367 - INFO - ThreadPoolExecutor-0_0 - [PROD] Payload 1/1000 sent successfully. Status Code: 200
2026-06-30 20:42:58,368 - INFO - ThreadPoolExecutor-0_0 - [PROD] Sending payload 19/1000 | Order Number: V4063004020
2026-06-30 20:42:58,383 - INFO - ThreadPoolExecutor-0_2 - [PROD] Payload 11/1000 sent successfully. Status Code: 200
2026-06-30 20:42:58,384 - INFO - ThreadPoolExecutor-0_7 - [PROD] Payload 8/1000 sent successfully. Status Code: 200
2026-06-30 20:42:58,384 - INFO - ThreadPoolExecutor-0_2 - [PROD] Sending payload 20/1000 | Order Number: V4063004021
2026-06-30 20:42:58,384 - INFO - ThreadPoolExecutor-0_7 - [PROD] Sending payload 21/1000 | Order Number: V4063004022
2026-06-30 20:42:58,534 - INFO - ThreadPoolExecutor-0_3 - [PROD] Payload 12/1000 sent successfully. Status Code: 200
2026-06-30 20:42:58,536 - INFO - ThreadPoolExecutor-0_3 - [PROD] Sending payload 22/1000 | Order Number: V4063004023
2026-06-30 20:42:59,162 - INFO - ThreadPoolExecutor-0_5 - [PROD] Payload 15/1000 sent successfully. Status Code: 200
2026-06-30 20:42:59,163 - INFO - ThreadPoolExecutor-0_5 - [PROD] Sending payload 23/1000 | Order Number: V4063004024
2026-06-30 20:42:59,255 - INFO - ThreadPoolExecutor-0_4 - [PROD] Payload 13/1000 sent successfully. Status Code: 200
2026-06-30 20:42:59,257 - INFO - ThreadPoolExecutor-0_4 - [PROD] Sending payload 24/1000 | Order Number: V4063004025
2026-06-30 20:42:59,383 - INFO - ThreadPoolExecutor-0_8 - [PROD] Payload 14/1000 sent successfully. Status Code: 200
2026-06-30 20:42:59,385 - INFO - ThreadPoolExecutor-0_8 - [PROD] Sending payload 25/1000 | Order Number: V4063004026
2026-06-30 20:42:59,877 - INFO - ThreadPoolExecutor-0_6 - [PROD] Payload 17/1000 sent successfully. Status Code: 200
2026-06-30 20:42:59,878 - INFO - ThreadPoolExecutor-0_6 - [PROD] Sending payload 26/1000 | Order Number: V4063004027
2026-06-30 20:42:59,894 - INFO - ThreadPoolExecutor-0_9 - [PROD] Payload 18/1000 sent successfully. Status Code: 200
2026-06-30 20:42:59,895 - INFO - ThreadPoolExecutor-0_9 - [PROD] Sending payload 27/1000 | Order Number: V4063004028
2026-06-30 20:43:00,021 - INFO - ThreadPoolExecutor-0_1 - [PROD] Payload 16/1000 sent successfully. Status Code: 200
2026-06-30 20:43:00,033 - INFO - ThreadPoolExecutor-0_1 - [PROD] Sending payload 28/1000 | Order Number: V4063004029
2026-06-30 20:43:00,235 - INFO - ThreadPoolExecutor-0_0 - [PROD] Payload 19/1000 sent successfully. Status Code: 200
2026-06-30 20:43:00,237 - INFO - ThreadPoolExecutor-0_0 - [PROD] Sending payload 29/1000 | Order Number: V4063004030
2026-06-30 20:43:00,451 - INFO - ThreadPoolExecutor-0_2 - [PROD] Payload 20/1000 sent successfully. Status Code: 200
2026-06-30 20:43:00,451 - INFO - ThreadPoolExecutor-0_2 - [PROD] Sending payload 30/1000 | Order Number: V4063004031
2026-06-30 20:43:00,489 - INFO - ThreadPoolExecutor-0_7 - [PROD] Payload 21/1000 sent successfully. Status Code: 200
2026-06-30 20:43:00,490 - INFO - ThreadPoolExecutor-0_7 - [PROD] Sending payload 31/1000 | Order Number: V4063004032
2026-06-30 20:43:01,095 - INFO - ThreadPoolExecutor-0_5 - [PROD] Payload 23/1000 sent successfully. Status Code: 200
2026-06-30 20:43:01,096 - INFO - ThreadPoolExecutor-0_5 - [PROD] Sending payload 32/1000 | Order Number: V4063004033
2026-06-30 20:43:01,744 - INFO - ThreadPoolExecutor-0_8 - [PROD] Payload 25/1000 sent successfully. Status Code: 200
2026-06-30 20:43:01,744 - INFO - ThreadPoolExecutor-0_8 - [PROD] Sending payload 33/1000 | Order Number: V4063004034
2026-06-30 20:43:01,781 - INFO - ThreadPoolExecutor-0_9 - [PROD] Payload 27/1000 sent successfully. Status Code: 200
2026-06-30 20:43:01,782 - INFO - ThreadPoolExecutor-0_9 - [PROD] Sending payload 34/1000 | Order Number: V4063004035
2026-06-30 20:43:02,090 - INFO - ThreadPoolExecutor-0_0 - [PROD] Payload 29/1000 sent successfully. Status Code: 200
2026-06-30 20:43:02,091 - INFO - ThreadPoolExecutor-0_0 - [PROD] Sending payload 35/1000 | Order Number: V4063004036
2026-06-30 20:43:02,300 - INFO - ThreadPoolExecutor-0_1 - [PROD] Payload 28/1000 sent successfully. Status Code: 200
2026-06-30 20:43:02,301 - INFO - ThreadPoolExecutor-0_1 - [PROD] Sending payload 36/1000 | Order Number: V4063004037
2026-06-30 20:43:02,317 - INFO - ThreadPoolExecutor-0_6 - [PROD] Payload 26/1000 sent successfully. Status Code: 200
2026-06-30 20:43:02,318 - INFO - ThreadPoolExecutor-0_6 - [PROD] Sending payload 37/1000 | Order Number: V4063004038
2026-06-30 20:43:02,369 - INFO - ThreadPoolExecutor-0_4 - [PROD] Payload 24/1000 sent successfully. Status Code: 200
2026-06-30 20:43:02,370 - INFO - ThreadPoolExecutor-0_4 - [PROD] Sending payload 38/1000 | Order Number: V4063004039
2026-06-30 20:43:02,395 - INFO - ThreadPoolExecutor-0_3 - [PROD] Payload 22/1000 sent successfully. Status Code: 200
2026-06-30 20:43:02,396 - INFO - ThreadPoolExecutor-0_3 - [PROD] Sending payload 39/1000 | Order Number: V4063004040
2026-06-30 20:43:02,584 - INFO - ThreadPoolExecutor-0_7 - [PROD] Payload 31/1000 sent successfully. Status Code: 200
2026-06-30 20:43:02,585 - INFO - ThreadPoolExecutor-0_7 - [PROD] Sending payload 40/1000 | Order Number: V4063004041
2026-06-30 20:43:02,774 - INFO - ThreadPoolExecutor-0_2 - [PROD] Payload 30/1000 sent successfully. Status Code: 200
2026-06-30 20:43:02,775 - INFO - ThreadPoolExecutor-0_2 - [PROD] Sending payload 41/1000 | Order Number: V4063004042
2026-06-30 20:43:03,127 - INFO - ThreadPoolExecutor-0_5 - [PROD] Payload 32/1000 sent successfully. Status Code: 200
2026-06-30 20:43:03,128 - INFO - ThreadPoolExecutor-0_5 - [PROD] Sending payload 42/1000 | Order Number: V4063004043
2026-06-30 20:43:03,726 - INFO - ThreadPoolExecutor-0_8 - [PROD] Payload 33/1000 sent successfully. Status Code: 200
2026-06-30 20:43:03,728 - INFO - ThreadPoolExecutor-0_8 - [PROD] Sending payload 43/1000 | Order Number: V4063004044
2026-06-30 20:43:03,836 - INFO - ThreadPoolExecutor-0_9 - [PROD] Payload 34/1000 sent successfully. Status Code: 200
2026-06-30 20:43:03,838 - INFO - ThreadPoolExecutor-0_9 - [PROD] Sending payload 44/1000 | Order Number: V4063004045
2026-06-30 20:43:04,128 - INFO - ThreadPoolExecutor-0_0 - [PROD] Payload 35/1000 sent successfully. Status Code: 200
2026-06-30 20:43:04,129 - INFO - ThreadPoolExecutor-0_0 - [PROD] Sending payload 45/1000 | Order Number: V4063004046
2026-06-30 20:43:04,208 - INFO - ThreadPoolExecutor-0_6 - [PROD] Payload 37/1000 sent successfully. Status Code: 200
2026-06-30 20:43:04,210 - INFO - ThreadPoolExecutor-0_6 - [PROD] Sending payload 46/1000 | Order Number: V4063004047
2026-06-30 20:43:04,376 - INFO - ThreadPoolExecutor-0_4 - [PROD] Payload 38/1000 sent successfully. Status Code: 200
2026-06-30 20:43:04,378 - INFO - ThreadPoolExecutor-0_4 - [PROD] Sending payload 47/1000 | Order Number: V4063004048
2026-06-30 20:43:04,693 - INFO - ThreadPoolExecutor-0_7 - [PROD] Payload 40/1000 sent successfully. Status Code: 200
2026-06-30 20:43:04,694 - INFO - ThreadPoolExecutor-0_7 - [PROD] Sending payload 48/1000 | Order Number: V4063004049
2026-06-30 20:43:04,972 - INFO - ThreadPoolExecutor-0_5 - [PROD] Payload 42/1000 sent successfully. Status Code: 200
2026-06-30 20:43:04,973 - INFO - ThreadPoolExecutor-0_5 - [PROD] Sending payload 49/1000 | Order Number: V4063004050
2026-06-30 20:43:05,680 - INFO - ThreadPoolExecutor-0_8 - [PROD] Payload 43/1000 sent successfully. Status Code: 200
2026-06-30 20:43:05,682 - INFO - ThreadPoolExecutor-0_8 - [PROD] Sending payload 50/1000 | Order Number: V4063004051
2026-06-30 20:43:05,712 - INFO - ThreadPoolExecutor-0_9 - [PROD] Payload 44/1000 sent successfully. Status Code: 200
2026-06-30 20:43:05,713 - INFO - ThreadPoolExecutor-0_9 - [PROD] Sending payload 51/1000 | Order Number: V4063004052
2026-06-30 20:43:05,995 - INFO - ThreadPoolExecutor-0_1 - [PROD] Payload 36/1000 sent successfully. Status Code: 200
2026-06-30 20:43:05,995 - INFO - ThreadPoolExecutor-0_1 - [PROD] Sending payload 52/1000 | Order Number: V4063004053
2026-06-30 20:43:06,005 - INFO - ThreadPoolExecutor-0_6 - [PROD] Payload 46/1000 sent successfully. Status Code: 200
2026-06-30 20:43:06,005 - INFO - ThreadPoolExecutor-0_6 - [PROD] Sending payload 53/1000 | Order Number: V4063004054
2026-06-30 20:43:06,014 - INFO - ThreadPoolExecutor-0_0 - [PROD] Payload 45/1000 sent successfully. Status Code: 200
2026-06-30 20:43:06,014 - INFO - ThreadPoolExecutor-0_0 - [PROD] Sending payload 54/1000 | Order Number: V4063004055
2026-06-30 20:43:06,052 - INFO - ThreadPoolExecutor-0_3 - [PROD] Payload 39/1000 sent successfully. Status Code: 200
2026-06-30 20:43:06,052 - INFO - ThreadPoolExecutor-0_3 - [PROD] Sending payload 55/1000 | Order Number: V4063004056
2026-06-30 20:43:06,059 - INFO - ThreadPoolExecutor-0_2 - [PROD] Payload 41/1000 sent successfully. Status Code: 200
2026-06-30 20:43:06,059 - INFO - ThreadPoolExecutor-0_2 - [PROD] Sending payload 56/1000 | Order Number: V4063004057
2026-06-30 20:43:06,199 - INFO - ThreadPoolExecutor-0_4 - [PROD] Payload 47/1000 sent successfully. Status Code: 200
2026-06-30 20:43:06,199 - INFO - ThreadPoolExecutor-0_4 - [PROD] Sending payload 57/1000 | Order Number: V4063004058
2026-06-30 20:43:06,552 - INFO - ThreadPoolExecutor-0_7 - [PROD] Payload 48/1000 sent successfully. Status Code: 200
2026-06-30 20:43:06,553 - INFO - ThreadPoolExecutor-0_7 - [PROD] Sending payload 58/1000 | Order Number: V4063004059
2026-06-30 20:43:06,856 - INFO - ThreadPoolExecutor-0_5 - [PROD] Payload 49/1000 sent successfully. Status Code: 200
2026-06-30 20:43:06,858 - INFO - ThreadPoolExecutor-0_5 - [PROD] Sending payload 59/1000 | Order Number: V4063004060
2026-06-30 20:43:07,722 - INFO - ThreadPoolExecutor-0_8 - [PROD] Payload 50/1000 sent successfully. Status Code: 200
2026-06-30 20:43:07,723 - INFO - ThreadPoolExecutor-0_8 - [PROD] Sending payload 60/1000 | Order Number: V4063004061
2026-06-30 20:43:07,793 - INFO - ThreadPoolExecutor-0_6 - [PROD] Payload 53/1000 sent successfully. Status Code: 200
2026-06-30 20:43:07,793 - INFO - ThreadPoolExecutor-0_6 - [PROD] Sending payload 61/1000 | Order Number: V4063004062
2026-06-30 20:43:07,833 - INFO - ThreadPoolExecutor-0_1 - [PROD] Payload 52/1000 sent successfully. Status Code: 200
2026-06-30 20:43:07,833 - INFO - ThreadPoolExecutor-0_1 - [PROD] Sending payload 62/1000 | Order Number: V4063004063
2026-06-30 20:43:07,834 - INFO - ThreadPoolExecutor-0_0 - [PROD] Payload 54/1000 sent successfully. Status Code: 200
2026-06-30 20:43:07,835 - INFO - ThreadPoolExecutor-0_0 - [PROD] Sending payload 63/1000 | Order Number: V4063004064
2026-06-30 20:43:08,189 - INFO - ThreadPoolExecutor-0_2 - [PROD] Payload 56/1000 sent successfully. Status Code: 200
2026-06-30 20:43:08,190 - INFO - ThreadPoolExecutor-0_2 - [PROD] Sending payload 64/1000 | Order Number: V4063004065
2026-06-30 20:43:08,327 - INFO - ThreadPoolExecutor-0_9 - [PROD] Payload 51/1000 sent successfully. Status Code: 200
2026-06-30 20:43:08,329 - INFO - ThreadPoolExecutor-0_9 - [PROD] Sending payload 65/1000 | Order Number: V4063004066
2026-06-30 20:43:08,373 - INFO - ThreadPoolExecutor-0_4 - [PROD] Payload 57/1000 sent successfully. Status Code: 200
2026-06-30 20:43:08,373 - INFO - ThreadPoolExecutor-0_4 - [PROD] Sending payload 66/1000 | Order Number: V4063004067
2026-06-30 20:43:08,530 - INFO - ThreadPoolExecutor-0_7 - [PROD] Payload 58/1000 sent successfully. Status Code: 200
2026-06-30 20:43:08,532 - INFO - ThreadPoolExecutor-0_7 - [PROD] Sending payload 67/1000 | Order Number: V4063004068
2026-06-30 20:43:08,663 - INFO - ThreadPoolExecutor-0_3 - [PROD] Payload 55/1000 sent successfully. Status Code: 200
2026-06-30 20:43:08,665 - INFO - ThreadPoolExecutor-0_3 - [PROD] Sending payload 68/1000 | Order Number: V4063004069
2026-06-30 20:43:08,685 - INFO - ThreadPoolExecutor-0_5 - [PROD] Payload 59/1000 sent successfully. Status Code: 200
2026-06-30 20:43:08,687 - INFO - ThreadPoolExecutor-0_5 - [PROD] Sending payload 69/1000 | Order Number: V4063004070
2026-06-30 20:43:09,770 - INFO - ThreadPoolExecutor-0_8 - [PROD] Payload 60/1000 sent successfully. Status Code: 200
2026-06-30 20:43:09,770 - INFO - ThreadPoolExecutor-0_0 - [PROD] Payload 63/1000 sent successfully. Status Code: 200
2026-06-30 20:43:09,770 - INFO - ThreadPoolExecutor-0_6 - [PROD] Payload 61/1000 sent successfully. Status Code: 200
2026-06-30 20:43:09,771 - INFO - ThreadPoolExecutor-0_0 - [PROD] Sending payload 70/1000 | Order Number: V4063004071
2026-06-30 20:43:09,771 - INFO - ThreadPoolExecutor-0_6 - [PROD] Sending payload 71/1000 | Order Number: V4063004072
2026-06-30 20:43:09,771 - INFO - ThreadPoolExecutor-0_8 - [PROD] Sending payload 72/1000 | Order Number: V4063004073
2026-06-30 20:43:10,029 - INFO - ThreadPoolExecutor-0_1 - [PROD] Payload 62/1000 sent successfully. Status Code: 200
2026-06-30 20:43:10,030 - INFO - ThreadPoolExecutor-0_1 - [PROD] Sending payload 73/1000 | Order Number: V4063004074
2026-06-30 20:43:10,095 - INFO - ThreadPoolExecutor-0_2 - [PROD] Payload 64/1000 sent successfully. Status Code: 200
2026-06-30 20:43:10,096 - INFO - ThreadPoolExecutor-0_2 - [PROD] Sending payload 74/1000 | Order Number: V4063004075
2026-06-30 20:43:10,198 - INFO - ThreadPoolExecutor-0_9 - [PROD] Payload 65/1000 sent successfully. Status Code: 200
2026-06-30 20:43:10,199 - INFO - ThreadPoolExecutor-0_9 - [PROD] Sending payload 75/1000 | Order Number: V4063004076
2026-06-30 20:43:10,248 - INFO - ThreadPoolExecutor-0_4 - [PROD] Payload 66/1000 sent successfully. Status Code: 200
2026-06-30 20:43:10,249 - INFO - ThreadPoolExecutor-0_4 - [PROD] Sending payload 76/1000 | Order Number: V4063004077
2026-06-30 20:43:10,400 - INFO - ThreadPoolExecutor-0_7 - [PROD] Payload 67/1000 sent successfully. Status Code: 200
2026-06-30 20:43:10,401 - INFO - ThreadPoolExecutor-0_7 - [PROD] Sending payload 77/1000 | Order Number: V4063004078
2026-06-30 20:43:10,620 - INFO - ThreadPoolExecutor-0_3 - [PROD] Payload 68/1000 sent successfully. Status Code: 200
2026-06-30 20:43:10,623 - INFO - ThreadPoolExecutor-0_3 - [PROD] Sending payload 78/1000 | Order Number: V4063004079
2026-06-30 20:43:10,773 - INFO - ThreadPoolExecutor-0_5 - [PROD] Payload 69/1000 sent successfully. Status Code: 200
2026-06-30 20:43:10,775 - INFO - ThreadPoolExecutor-0_5 - [PROD] Sending payload 79/1000 | Order Number: V4063004080
2026-06-30 20:43:11,714 - INFO - ThreadPoolExecutor-0_0 - [PROD] Payload 70/1000 sent successfully. Status Code: 200
2026-06-30 20:43:11,716 - INFO - ThreadPoolExecutor-0_0 - [PROD] Sending payload 80/1000 | Order Number: V4063004081
2026-06-30 20:43:11,747 - INFO - ThreadPoolExecutor-0_8 - [PROD] Payload 72/1000 sent successfully. Status Code: 200
2026-06-30 20:43:11,747 - INFO - ThreadPoolExecutor-0_8 - [PROD] Sending payload 81/1000 | Order Number: V4063004082
2026-06-30 20:43:11,892 - INFO - ThreadPoolExecutor-0_6 - [PROD] Payload 71/1000 sent successfully. Status Code: 200
2026-06-30 20:43:11,893 - INFO - ThreadPoolExecutor-0_6 - [PROD] Sending payload 82/1000 | Order Number: V4063004083
2026-06-30 20:43:11,941 - INFO - ThreadPoolExecutor-0_1 - [PROD] Payload 73/1000 sent successfully. Status Code: 200
2026-06-30 20:43:11,941 - INFO - ThreadPoolExecutor-0_1 - [PROD] Sending payload 83/1000 | Order Number: V4063004084
2026-06-30 20:43:11,987 - INFO - ThreadPoolExecutor-0_2 - [PROD] Payload 74/1000 sent successfully. Status Code: 200
2026-06-30 20:43:11,988 - INFO - ThreadPoolExecutor-0_2 - [PROD] Sending payload 84/1000 | Order Number: V4063004085
2026-06-30 20:43:12,171 - INFO - ThreadPoolExecutor-0_9 - [PROD] Payload 75/1000 sent successfully. Status Code: 200
2026-06-30 20:43:12,173 - INFO - ThreadPoolExecutor-0_9 - [PROD] Sending payload 85/1000 | Order Number: V4063004086
2026-06-30 20:43:12,283 - INFO - ThreadPoolExecutor-0_4 - [PROD] Payload 76/1000 sent successfully. Status Code: 200
2026-06-30 20:43:12,285 - INFO - ThreadPoolExecutor-0_4 - [PROD] Sending payload 86/1000 | Order Number: V4063004087
2026-06-30 20:43:12,554 - INFO - ThreadPoolExecutor-0_7 - [PROD] Payload 77/1000 sent successfully. Status Code: 200
2026-06-30 20:43:12,556 - INFO - ThreadPoolExecutor-0_7 - [PROD] Sending payload 87/1000 | Order Number: V4063004088
2026-06-30 20:43:12,570 - INFO - ThreadPoolExecutor-0_3 - [PROD] Payload 78/1000 sent successfully. Status Code: 200
2026-06-30 20:43:12,570 - INFO - ThreadPoolExecutor-0_3 - [PROD] Sending payload 88/1000 | Order Number: V4063004089
2026-06-30 20:43:12,709 - INFO - ThreadPoolExecutor-0_5 - [PROD] Payload 79/1000 sent successfully. Status Code: 200
2026-06-30 20:43:12,710 - INFO - ThreadPoolExecutor-0_5 - [PROD] Sending payload 89/1000 | Order Number: V4063004090
2026-06-30 20:43:13,578 - INFO - ThreadPoolExecutor-0_0 - [PROD] Payload 80/1000 sent successfully. Status Code: 200
2026-06-30 20:43:13,580 - INFO - ThreadPoolExecutor-0_0 - [PROD] Sending payload 90/1000 | Order Number: V4063004091
2026-06-30 20:43:13,735 - INFO - ThreadPoolExecutor-0_8 - [PROD] Payload 81/1000 sent successfully. Status Code: 200
2026-06-30 20:43:13,737 - INFO - ThreadPoolExecutor-0_8 - [PROD] Sending payload 91/1000 | Order Number: V4063004092
2026-06-30 20:43:13,770 - INFO - ThreadPoolExecutor-0_6 - [PROD] Payload 82/1000 sent successfully. Status Code: 200
2026-06-30 20:43:13,770 - INFO - ThreadPoolExecutor-0_6 - [PROD] Sending payload 92/1000 | Order Number: V4063004093
2026-06-30 20:43:13,815 - INFO - ThreadPoolExecutor-0_1 - [PROD] Payload 83/1000 sent successfully. Status Code: 200
2026-06-30 20:43:13,816 - INFO - ThreadPoolExecutor-0_1 - [PROD] Sending payload 93/1000 | Order Number: V4063004094
2026-06-30 20:43:13,949 - INFO - ThreadPoolExecutor-0_2 - [PROD] Payload 84/1000 sent successfully. Status Code: 200
2026-06-30 20:43:13,950 - INFO - ThreadPoolExecutor-0_2 - [PROD] Sending payload 94/1000 | Order Number: V4063004095
2026-06-30 20:43:13,979 - INFO - ThreadPoolExecutor-0_9 - [PROD] Payload 85/1000 sent successfully. Status Code: 200
2026-06-30 20:43:13,980 - INFO - ThreadPoolExecutor-0_9 - [PROD] Sending payload 95/1000 | Order Number: V4063004096
2026-06-30 20:43:14,127 - INFO - ThreadPoolExecutor-0_4 - [PROD] Payload 86/1000 sent successfully. Status Code: 200
2026-06-30 20:43:14,128 - INFO - ThreadPoolExecutor-0_4 - [PROD] Sending payload 96/1000 | Order Number: V4063004097
2026-06-30 20:43:14,490 - INFO - ThreadPoolExecutor-0_3 - [PROD] Payload 88/1000 sent successfully. Status Code: 200
2026-06-30 20:43:14,492 - INFO - ThreadPoolExecutor-0_3 - [PROD] Sending payload 97/1000 | Order Number: V4063004098
2026-06-30 20:43:14,597 - INFO - ThreadPoolExecutor-0_7 - [PROD] Payload 87/1000 sent successfully. Status Code: 200
2026-06-30 20:43:14,599 - INFO - ThreadPoolExecutor-0_7 - [PROD] Sending payload 98/1000 | Order Number: V4063004099
2026-06-30 20:43:14,746 - INFO - ThreadPoolExecutor-0_5 - [PROD] Payload 89/1000 sent successfully. Status Code: 200
2026-06-30 20:43:14,750 - INFO - ThreadPoolExecutor-0_5 - [PROD] Sending payload 99/1000 | Order Number: V4063004100
2026-06-30 20:43:15,434 - INFO - ThreadPoolExecutor-0_0 - [PROD] Payload 90/1000 sent successfully. Status Code: 200
2026-06-30 20:43:15,436 - INFO - ThreadPoolExecutor-0_0 - [PROD] Sending payload 100/1000 | Order Number: V4063004101
2026-06-30 20:43:15,638 - INFO - ThreadPoolExecutor-0_8 - [PROD] Payload 91/1000 sent successfully. Status Code: 200
2026-06-30 20:43:15,639 - INFO - ThreadPoolExecutor-0_8 - [PROD] Sending payload 101/1000 | Order Number: V4063004102
2026-06-30 20:43:15,643 - INFO - ThreadPoolExecutor-0_1 - [PROD] Payload 93/1000 sent successfully. Status Code: 200
2026-06-30 20:43:15,644 - INFO - ThreadPoolExecutor-0_1 - [PROD] Sending payload 102/1000 | Order Number: V4063004103
2026-06-30 20:43:15,710 - INFO - ThreadPoolExecutor-0_6 - [PROD] Payload 92/1000 sent successfully. Status Code: 200
2026-06-30 20:43:15,711 - INFO - ThreadPoolExecutor-0_6 - [PROD] Sending payload 103/1000 | Order Number: V4063004104
2026-06-30 20:43:15,837 - INFO - ThreadPoolExecutor-0_2 - [PROD] Payload 94/1000 sent successfully. Status Code: 200
2026-06-30 20:43:15,837 - INFO - ThreadPoolExecutor-0_2 - [PROD] Sending payload 104/1000 | Order Number: V4063004105
2026-06-30 20:43:16,102 - INFO - ThreadPoolExecutor-0_9 - [PROD] Payload 95/1000 sent successfully. Status Code: 200
2026-06-30 20:43:16,104 - INFO - ThreadPoolExecutor-0_9 - [PROD] Sending payload 105/1000 | Order Number: V4063004106
2026-06-30 20:43:16,107 - INFO - ThreadPoolExecutor-0_4 - [PROD] Payload 96/1000 sent successfully. Status Code: 200
2026-06-30 20:43:16,107 - INFO - ThreadPoolExecutor-0_4 - [PROD] Sending payload 106/1000 | Order Number: V4063004107
2026-06-30 20:43:16,317 - INFO - ThreadPoolExecutor-0_3 - [PROD] Payload 97/1000 sent successfully. Status Code: 200
2026-06-30 20:43:16,319 - INFO - ThreadPoolExecutor-0_3 - [PROD] Sending payload 107/1000 | Order Number: V4063004108
2026-06-30 20:43:16,493 - INFO - ThreadPoolExecutor-0_7 - [PROD] Payload 98/1000 sent successfully. Status Code: 200
2026-06-30 20:43:16,495 - INFO - ThreadPoolExecutor-0_7 - [PROD] Sending payload 108/1000 | Order Number: V4063004109
2026-06-30 20:43:16,551 - INFO - ThreadPoolExecutor-0_5 - [PROD] Payload 99/1000 sent successfully. Status Code: 200
2026-06-30 20:43:16,552 - INFO - ThreadPoolExecutor-0_5 - [PROD] Sending payload 109/1000 | Order Number: V4063004110
2026-06-30 20:43:17,352 - INFO - ThreadPoolExecutor-0_0 - [PROD] Payload 100/1000 sent successfully. Status Code: 200
2026-06-30 20:43:17,355 - INFO - ThreadPoolExecutor-0_0 - [PROD] Sending payload 110/1000 | Order Number: V4063004111
2026-06-30 20:43:17,497 - INFO - ThreadPoolExecutor-0_8 - [PROD] Payload 101/1000 sent successfully. Status Code: 200
2026-06-30 20:43:17,499 - INFO - ThreadPoolExecutor-0_8 - [PROD] Sending payload 111/1000 | Order Number: V4063004112
2026-06-30 20:43:17,702 - INFO - ThreadPoolExecutor-0_1 - [PROD] Payload 102/1000 sent successfully. Status Code: 200
2026-06-30 20:43:17,703 - INFO - ThreadPoolExecutor-0_1 - [PROD] Sending payload 112/1000 | Order Number: V4063004113
2026-06-30 20:43:17,868 - INFO - ThreadPoolExecutor-0_6 - [PROD] Payload 103/1000 sent successfully. Status Code: 200
2026-06-30 20:43:17,870 - INFO - ThreadPoolExecutor-0_6 - [PROD] Sending payload 113/1000 | Order Number: V4063004114
2026-06-30 20:43:17,873 - INFO - ThreadPoolExecutor-0_2 - [PROD] Payload 104/1000 sent successfully. Status Code: 200
2026-06-30 20:43:17,874 - INFO - ThreadPoolExecutor-0_2 - [PROD] Sending payload 114/1000 | Order Number: V4063004115
2026-06-30 20:43:17,997 - INFO - ThreadPoolExecutor-0_9 - [PROD] Payload 105/1000 sent successfully. Status Code: 200
2026-06-30 20:43:17,998 - INFO - ThreadPoolExecutor-0_4 - [PROD] Payload 106/1000 sent successfully. Status Code: 200
2026-06-30 20:43:17,999 - INFO - ThreadPoolExecutor-0_9 - [PROD] Sending payload 115/1000 | Order Number: V4063004116
2026-06-30 20:43:18,000 - INFO - ThreadPoolExecutor-0_4 - [PROD] Sending payload 116/1000 | Order Number: V4063004117
2026-06-30 20:43:18,343 - INFO - ThreadPoolExecutor-0_3 - [PROD] Payload 107/1000 sent successfully. Status Code: 200
2026-06-30 20:43:18,345 - INFO - ThreadPoolExecutor-0_3 - [PROD] Sending payload 117/1000 | Order Number: V4063004118
2026-06-30 20:43:18,596 - INFO - ThreadPoolExecutor-0_7 - [PROD] Payload 108/1000 sent successfully. Status Code: 200
2026-06-30 20:43:18,598 - INFO - ThreadPoolExecutor-0_7 - [PROD] Sending payload 118/1000 | Order Number: V4063004119
2026-06-30 20:43:18,608 - INFO - ThreadPoolExecutor-0_5 - [PROD] Payload 109/1000 sent successfully. Status Code: 200
2026-06-30 20:43:18,608 - INFO - ThreadPoolExecutor-0_5 - [PROD] Sending payload 119/1000 | Order Number: V4063004120
2026-06-30 20:43:19,368 - INFO - ThreadPoolExecutor-0_0 - [PROD] Payload 110/1000 sent successfully. Status Code: 200
2026-06-30 20:43:19,370 - INFO - ThreadPoolExecutor-0_0 - [PROD] Sending payload 120/1000 | Order Number: V4063004121
2026-06-30 20:43:19,565 - INFO - ThreadPoolExecutor-0_8 - [PROD] Payload 111/1000 sent successfully. Status Code: 200
2026-06-30 20:43:19,566 - INFO - ThreadPoolExecutor-0_8 - [PROD] Sending payload 121/1000 | Order Number: V4063004122
2026-06-30 20:43:19,700 - INFO - ThreadPoolExecutor-0_2 - [PROD] Payload 114/1000 sent successfully. Status Code: 200
2026-06-30 20:43:19,701 - INFO - ThreadPoolExecutor-0_2 - [PROD] Sending payload 122/1000 | Order Number: V4063004123
2026-06-30 20:43:19,829 - INFO - ThreadPoolExecutor-0_9 - [PROD] Payload 115/1000 sent successfully. Status Code: 200
2026-06-30 20:43:19,830 - INFO - ThreadPoolExecutor-0_9 - [PROD] Sending payload 123/1000 | Order Number: V4063004124
2026-06-30 20:43:19,836 - INFO - ThreadPoolExecutor-0_4 - [PROD] Payload 116/1000 sent successfully. Status Code: 200
2026-06-30 20:43:19,837 - INFO - ThreadPoolExecutor-0_4 - [PROD] Sending payload 124/1000 | Order Number: V4063004125
2026-06-30 20:43:19,904 - INFO - ThreadPoolExecutor-0_6 - [PROD] Payload 113/1000 sent successfully. Status Code: 200
2026-06-30 20:43:19,905 - INFO - ThreadPoolExecutor-0_6 - [PROD] Sending payload 125/1000 | Order Number: V4063004126
2026-06-30 20:43:20,017 - INFO - ThreadPoolExecutor-0_1 - [PROD] Payload 112/1000 sent successfully. Status Code: 200
2026-06-30 20:43:20,017 - INFO - ThreadPoolExecutor-0_1 - [PROD] Sending payload 126/1000 | Order Number: V4063004127
2026-06-30 20:43:20,148 - INFO - ThreadPoolExecutor-0_3 - [PROD] Payload 117/1000 sent successfully. Status Code: 200
2026-06-30 20:43:20,149 - INFO - ThreadPoolExecutor-0_3 - [PROD] Sending payload 127/1000 | Order Number: V4063004128
2026-06-30 20:43:20,546 - INFO - ThreadPoolExecutor-0_7 - [PROD] Payload 118/1000 sent successfully. Status Code: 200
2026-06-30 20:43:20,547 - INFO - ThreadPoolExecutor-0_7 - [PROD] Sending payload 128/1000 | Order Number: V4063004129
2026-06-30 20:43:20,555 - INFO - ThreadPoolExecutor-0_5 - [PROD] Payload 119/1000 sent successfully. Status Code: 200
2026-06-30 20:43:20,556 - INFO - ThreadPoolExecutor-0_5 - [PROD] Sending payload 129/1000 | Order Number: V4063004130
2026-06-30 20:43:21,435 - INFO - ThreadPoolExecutor-0_8 - [PROD] Payload 121/1000 sent successfully. Status Code: 200
2026-06-30 20:43:21,436 - INFO - ThreadPoolExecutor-0_8 - [PROD] Sending payload 130/1000 | Order Number: V4063004131
2026-06-30 20:43:21,467 - INFO - ThreadPoolExecutor-0_0 - [PROD] Payload 120/1000 sent successfully. Status Code: 200
2026-06-30 20:43:21,467 - INFO - ThreadPoolExecutor-0_0 - [PROD] Sending payload 131/1000 | Order Number: V4063004132
2026-06-30 20:43:21,691 - INFO - ThreadPoolExecutor-0_4 - [PROD] Payload 124/1000 sent successfully. Status Code: 200
2026-06-30 20:43:21,692 - INFO - ThreadPoolExecutor-0_4 - [PROD] Sending payload 132/1000 | Order Number: V4063004133
2026-06-30 20:43:21,703 - INFO - ThreadPoolExecutor-0_2 - [PROD] Payload 122/1000 sent successfully. Status Code: 200
2026-06-30 20:43:21,704 - INFO - ThreadPoolExecutor-0_2 - [PROD] Sending payload 133/1000 | Order Number: V4063004134
2026-06-30 20:43:21,779 - INFO - ThreadPoolExecutor-0_9 - [PROD] Payload 123/1000 sent successfully. Status Code: 200
2026-06-30 20:43:21,781 - INFO - ThreadPoolExecutor-0_9 - [PROD] Sending payload 134/1000 | Order Number: V4063004135
2026-06-30 20:43:21,951 - INFO - ThreadPoolExecutor-0_6 - [PROD] Payload 125/1000 sent successfully. Status Code: 200
2026-06-30 20:43:21,952 - INFO - ThreadPoolExecutor-0_6 - [PROD] Sending payload 135/1000 | Order Number: V4063004136
2026-06-30 20:43:22,047 - INFO - ThreadPoolExecutor-0_1 - [PROD] Payload 126/1000 sent successfully. Status Code: 200
2026-06-30 20:43:22,049 - INFO - ThreadPoolExecutor-0_1 - [PROD] Sending payload 136/1000 | Order Number: V4063004137
2026-06-30 20:43:22,057 - INFO - ThreadPoolExecutor-0_3 - [PROD] Payload 127/1000 sent successfully. Status Code: 200
2026-06-30 20:43:22,058 - INFO - ThreadPoolExecutor-0_3 - [PROD] Sending payload 137/1000 | Order Number: V4063004138
2026-06-30 20:43:22,377 - INFO - ThreadPoolExecutor-0_5 - [PROD] Payload 129/1000 sent successfully. Status Code: 200
2026-06-30 20:43:22,377 - INFO - ThreadPoolExecutor-0_5 - [PROD] Sending payload 138/1000 | Order Number: V4063004139
2026-06-30 20:43:22,492 - INFO - ThreadPoolExecutor-0_7 - [PROD] Payload 128/1000 sent successfully. Status Code: 200
2026-06-30 20:43:22,501 - INFO - ThreadPoolExecutor-0_7 - [PROD] Sending payload 139/1000 | Order Number: V4063004140
2026-06-30 20:43:23,362 - INFO - ThreadPoolExecutor-0_0 - [PROD] Payload 131/1000 sent successfully. Status Code: 200
2026-06-30 20:43:23,364 - INFO - ThreadPoolExecutor-0_0 - [PROD] Sending payload 140/1000 | Order Number: V4063004141
2026-06-30 20:43:23,568 - INFO - ThreadPoolExecutor-0_8 - [PROD] Payload 130/1000 sent successfully. Status Code: 200
2026-06-30 20:43:23,568 - INFO - ThreadPoolExecutor-0_8 - [PROD] Sending payload 141/1000 | Order Number: V4063004142
2026-06-30 20:43:23,595 - INFO - ThreadPoolExecutor-0_2 - [PROD] Payload 133/1000 sent successfully. Status Code: 200
2026-06-30 20:43:23,596 - INFO - ThreadPoolExecutor-0_2 - [PROD] Sending payload 142/1000 | Order Number: V4063004143
2026-06-30 20:43:23,669 - INFO - ThreadPoolExecutor-0_4 - [PROD] Payload 132/1000 sent successfully. Status Code: 200
2026-06-30 20:43:23,669 - INFO - ThreadPoolExecutor-0_4 - [PROD] Sending payload 143/1000 | Order Number: V4063004144
2026-06-30 20:43:23,772 - INFO - ThreadPoolExecutor-0_6 - [PROD] Payload 135/1000 sent successfully. Status Code: 200
2026-06-30 20:43:23,773 - INFO - ThreadPoolExecutor-0_6 - [PROD] Sending payload 144/1000 | Order Number: V4063004145
2026-06-30 20:43:23,847 - INFO - ThreadPoolExecutor-0_9 - [PROD] Payload 134/1000 sent successfully. Status Code: 200
2026-06-30 20:43:23,849 - INFO - ThreadPoolExecutor-0_9 - [PROD] Sending payload 145/1000 | Order Number: V4063004146
2026-06-30 20:43:23,851 - INFO - ThreadPoolExecutor-0_1 - [PROD] Payload 136/1000 sent successfully. Status Code: 200
2026-06-30 20:43:23,852 - INFO - ThreadPoolExecutor-0_1 - [PROD] Sending payload 146/1000 | Order Number: V4063004147
2026-06-30 20:43:24,263 - INFO - ThreadPoolExecutor-0_3 - [PROD] Payload 137/1000 sent successfully. Status Code: 200
2026-06-30 20:43:24,264 - INFO - ThreadPoolExecutor-0_3 - [PROD] Sending payload 147/1000 | Order Number: V4063004148
2026-06-30 20:43:24,357 - INFO - ThreadPoolExecutor-0_5 - [PROD] Payload 138/1000 sent successfully. Status Code: 200
2026-06-30 20:43:24,358 - INFO - ThreadPoolExecutor-0_5 - [PROD] Sending payload 148/1000 | Order Number: V4063004149
2026-06-30 20:43:24,648 - INFO - ThreadPoolExecutor-0_7 - [PROD] Payload 139/1000 sent successfully. Status Code: 200
2026-06-30 20:43:24,648 - INFO - ThreadPoolExecutor-0_7 - [PROD] Sending payload 149/1000 | Order Number: V4063004150
2026-06-30 20:43:25,411 - INFO - ThreadPoolExecutor-0_0 - [PROD] Payload 140/1000 sent successfully. Status Code: 200
2026-06-30 20:43:25,413 - INFO - ThreadPoolExecutor-0_0 - [PROD] Sending payload 150/1000 | Order Number: V4063004151
2026-06-30 20:43:25,475 - INFO - ThreadPoolExecutor-0_2 - [PROD] Payload 142/1000 sent successfully. Status Code: 200
2026-06-30 20:43:25,476 - INFO - ThreadPoolExecutor-0_2 - [PROD] Sending payload 151/1000 | Order Number: V4063004152
2026-06-30 20:43:25,524 - INFO - ThreadPoolExecutor-0_4 - [PROD] Payload 143/1000 sent successfully. Status Code: 200
2026-06-30 20:43:25,525 - INFO - ThreadPoolExecutor-0_4 - [PROD] Sending payload 152/1000 | Order Number: V4063004153
2026-06-30 20:43:25,603 - INFO - ThreadPoolExecutor-0_6 - [PROD] Payload 144/1000 sent successfully. Status Code: 200
2026-06-30 20:43:25,605 - INFO - ThreadPoolExecutor-0_6 - [PROD] Sending payload 153/1000 | Order Number: V4063004154
2026-06-30 20:43:25,707 - INFO - ThreadPoolExecutor-0_8 - [PROD] Payload 141/1000 sent successfully. Status Code: 200
2026-06-30 20:43:25,707 - INFO - ThreadPoolExecutor-0_8 - [PROD] Sending payload 154/1000 | Order Number: V4063004155
2026-06-30 20:43:25,817 - INFO - ThreadPoolExecutor-0_9 - [PROD] Payload 145/1000 sent successfully. Status Code: 200
2026-06-30 20:43:25,819 - INFO - ThreadPoolExecutor-0_9 - [PROD] Sending payload 155/1000 | Order Number: V4063004156
2026-06-30 20:43:25,831 - INFO - ThreadPoolExecutor-0_1 - [PROD] Payload 146/1000 sent successfully. Status Code: 200
2026-06-30 20:43:25,832 - INFO - ThreadPoolExecutor-0_1 - [PROD] Sending payload 156/1000 | Order Number: V4063004157
2026-06-30 20:43:26,364 - INFO - ThreadPoolExecutor-0_5 - [PROD] Payload 148/1000 sent successfully. Status Code: 200
2026-06-30 20:43:26,364 - INFO - ThreadPoolExecutor-0_5 - [PROD] Sending payload 157/1000 | Order Number: V4063004158
2026-06-30 20:43:26,480 - INFO - ThreadPoolExecutor-0_3 - [PROD] Payload 147/1000 sent successfully. Status Code: 200
2026-06-30 20:43:26,481 - INFO - ThreadPoolExecutor-0_3 - [PROD] Sending payload 158/1000 | Order Number: V4063004159
2026-06-30 20:43:27,189 - INFO - ThreadPoolExecutor-0_7 - [PROD] Payload 149/1000 sent successfully. Status Code: 200
2026-06-30 20:43:27,190 - INFO - ThreadPoolExecutor-0_7 - [PROD] Sending payload 159/1000 | Order Number: V4063004160
2026-06-30 20:43:27,315 - INFO - ThreadPoolExecutor-0_4 - [PROD] Payload 152/1000 sent successfully. Status Code: 200
2026-06-30 20:43:27,316 - INFO - ThreadPoolExecutor-0_4 - [PROD] Sending payload 160/1000 | Order Number: V4063004161
2026-06-30 20:43:27,427 - INFO - ThreadPoolExecutor-0_2 - [PROD] Payload 151/1000 sent successfully. Status Code: 200
2026-06-30 20:43:27,427 - INFO - ThreadPoolExecutor-0_2 - [PROD] Sending payload 161/1000 | Order Number: V4063004162
2026-06-30 20:43:27,531 - INFO - ThreadPoolExecutor-0_0 - [PROD] Payload 150/1000 sent successfully. Status Code: 200
2026-06-30 20:43:27,531 - INFO - ThreadPoolExecutor-0_0 - [PROD] Sending payload 162/1000 | Order Number: V4063004163
2026-06-30 20:43:27,619 - INFO - ThreadPoolExecutor-0_8 - [PROD] Payload 154/1000 sent successfully. Status Code: 200
2026-06-30 20:43:27,619 - INFO - ThreadPoolExecutor-0_8 - [PROD] Sending payload 163/1000 | Order Number: V4063004164
2026-06-30 20:43:27,730 - INFO - ThreadPoolExecutor-0_6 - [PROD] Payload 153/1000 sent successfully. Status Code: 200
2026-06-30 20:43:27,730 - INFO - ThreadPoolExecutor-0_6 - [PROD] Sending payload 164/1000 | Order Number: V4063004165
2026-06-30 20:43:27,817 - INFO - ThreadPoolExecutor-0_9 - [PROD] Payload 155/1000 sent successfully. Status Code: 200
2026-06-30 20:43:27,817 - INFO - ThreadPoolExecutor-0_9 - [PROD] Sending payload 165/1000 | Order Number: V4063004166
2026-06-30 20:43:27,893 - INFO - ThreadPoolExecutor-0_1 - [PROD] Payload 156/1000 sent successfully. Status Code: 200
2026-06-30 20:43:27,893 - INFO - ThreadPoolExecutor-0_1 - [PROD] Sending payload 166/1000 | Order Number: V4063004167
2026-06-30 20:43:28,220 - INFO - ThreadPoolExecutor-0_5 - [PROD] Payload 157/1000 sent successfully. Status Code: 200
2026-06-30 20:43:28,222 - INFO - ThreadPoolExecutor-0_5 - [PROD] Sending payload 167/1000 | Order Number: V4063004168
2026-06-30 20:43:28,557 - INFO - ThreadPoolExecutor-0_3 - [PROD] Payload 158/1000 sent successfully. Status Code: 200
2026-06-30 20:43:28,559 - INFO - ThreadPoolExecutor-0_3 - [PROD] Sending payload 168/1000 | Order Number: V4063004169
2026-06-30 20:43:28,972 - INFO - ThreadPoolExecutor-0_7 - [PROD] Payload 159/1000 sent successfully. Status Code: 200
2026-06-30 20:43:28,975 - INFO - ThreadPoolExecutor-0_7 - [PROD] Sending payload 169/1000 | Order Number: V4063004170
2026-06-30 20:43:29,181 - INFO - ThreadPoolExecutor-0_4 - [PROD] Payload 160/1000 sent successfully. Status Code: 200
2026-06-30 20:43:29,183 - INFO - ThreadPoolExecutor-0_4 - [PROD] Sending payload 170/1000 | Order Number: V4063004171
2026-06-30 20:43:29,224 - INFO - ThreadPoolExecutor-0_2 - [PROD] Payload 161/1000 sent successfully. Status Code: 200
2026-06-30 20:43:29,225 - INFO - ThreadPoolExecutor-0_2 - [PROD] Sending payload 171/1000 | Order Number: V4063004172
2026-06-30 20:43:29,425 - INFO - ThreadPoolExecutor-0_0 - [PROD] Payload 162/1000 sent successfully. Status Code: 200
2026-06-30 20:43:29,426 - INFO - ThreadPoolExecutor-0_0 - [PROD] Sending payload 172/1000 | Order Number: V4063004173
2026-06-30 20:43:29,559 - INFO - ThreadPoolExecutor-0_8 - [PROD] Payload 163/1000 sent successfully. Status Code: 200
2026-06-30 20:43:29,561 - INFO - ThreadPoolExecutor-0_8 - [PROD] Sending payload 173/1000 | Order Number: V4063004174
2026-06-30 20:43:29,618 - INFO - ThreadPoolExecutor-0_6 - [PROD] Payload 164/1000 sent successfully. Status Code: 200
2026-06-30 20:43:29,619 - INFO - ThreadPoolExecutor-0_6 - [PROD] Sending payload 174/1000 | Order Number: V4063004175
2026-06-30 20:43:29,723 - INFO - ThreadPoolExecutor-0_1 - [PROD] Payload 166/1000 sent successfully. Status Code: 200
2026-06-30 20:43:29,725 - INFO - ThreadPoolExecutor-0_1 - [PROD] Sending payload 175/1000 | Order Number: V4063004176
2026-06-30 20:43:29,809 - INFO - ThreadPoolExecutor-0_9 - [PROD] Payload 165/1000 sent successfully. Status Code: 200
2026-06-30 20:43:29,811 - INFO - ThreadPoolExecutor-0_9 - [PROD] Sending payload 176/1000 | Order Number: V4063004177
2026-06-30 20:43:30,146 - INFO - ThreadPoolExecutor-0_5 - [PROD] Payload 167/1000 sent successfully. Status Code: 200
2026-06-30 20:43:30,147 - INFO - ThreadPoolExecutor-0_5 - [PROD] Sending payload 177/1000 | Order Number: V4063004178
2026-06-30 20:43:30,401 - INFO - ThreadPoolExecutor-0_3 - [PROD] Payload 168/1000 sent successfully. Status Code: 200
2026-06-30 20:43:30,404 - INFO - ThreadPoolExecutor-0_3 - [PROD] Sending payload 178/1000 | Order Number: V4063004179
2026-06-30 20:43:30,862 - INFO - ThreadPoolExecutor-0_7 - [PROD] Payload 169/1000 sent successfully. Status Code: 200
2026-06-30 20:43:30,863 - INFO - ThreadPoolExecutor-0_7 - [PROD] Sending payload 179/1000 | Order Number: V4063004180
2026-06-30 20:43:31,266 - INFO - ThreadPoolExecutor-0_0 - [PROD] Payload 172/1000 sent successfully. Status Code: 200
2026-06-30 20:43:31,268 - INFO - ThreadPoolExecutor-0_0 - [PROD] Sending payload 180/1000 | Order Number: V4063004181
2026-06-30 20:43:31,338 - INFO - ThreadPoolExecutor-0_2 - [PROD] Payload 171/1000 sent successfully. Status Code: 200
2026-06-30 20:43:31,340 - INFO - ThreadPoolExecutor-0_2 - [PROD] Sending payload 181/1000 | Order Number: V4063004182
2026-06-30 20:43:31,375 - INFO - ThreadPoolExecutor-0_4 - [PROD] Payload 170/1000 sent successfully. Status Code: 200
2026-06-30 20:43:31,376 - INFO - ThreadPoolExecutor-0_4 - [PROD] Sending payload 182/1000 | Order Number: V4063004183
2026-06-30 20:43:31,541 - INFO - ThreadPoolExecutor-0_1 - [PROD] Payload 175/1000 sent successfully. Status Code: 200
2026-06-30 20:43:31,542 - INFO - ThreadPoolExecutor-0_1 - [PROD] Sending payload 183/1000 | Order Number: V4063004184
2026-06-30 20:43:31,554 - INFO - ThreadPoolExecutor-0_8 - [PROD] Payload 173/1000 sent successfully. Status Code: 200
2026-06-30 20:43:31,554 - INFO - ThreadPoolExecutor-0_8 - [PROD] Sending payload 184/1000 | Order Number: V4063004185
2026-06-30 20:43:31,567 - INFO - ThreadPoolExecutor-0_6 - [PROD] Payload 174/1000 sent successfully. Status Code: 200
2026-06-30 20:43:31,567 - INFO - ThreadPoolExecutor-0_6 - [PROD] Sending payload 185/1000 | Order Number: V4063004186
2026-06-30 20:43:32,028 - INFO - ThreadPoolExecutor-0_9 - [PROD] Payload 176/1000 sent successfully. Status Code: 200
2026-06-30 20:43:32,030 - INFO - ThreadPoolExecutor-0_9 - [PROD] Sending payload 186/1000 | Order Number: V4063004187
2026-06-30 20:43:32,129 - INFO - ThreadPoolExecutor-0_5 - [PROD] Payload 177/1000 sent successfully. Status Code: 200
2026-06-30 20:43:32,132 - INFO - ThreadPoolExecutor-0_5 - [PROD] Sending payload 187/1000 | Order Number: V4063004188
2026-06-30 20:43:32,374 - INFO - ThreadPoolExecutor-0_3 - [PROD] Payload 178/1000 sent successfully. Status Code: 200
2026-06-30 20:43:32,376 - INFO - ThreadPoolExecutor-0_3 - [PROD] Sending payload 188/1000 | Order Number: V4063004189
2026-06-30 20:43:32,773 - INFO - ThreadPoolExecutor-0_7 - [PROD] Payload 179/1000 sent successfully. Status Code: 200
2026-06-30 20:43:32,775 - INFO - ThreadPoolExecutor-0_7 - [PROD] Sending payload 189/1000 | Order Number: V4063004190
2026-06-30 20:43:33,161 - INFO - ThreadPoolExecutor-0_0 - [PROD] Payload 180/1000 sent successfully. Status Code: 200
2026-06-30 20:43:33,163 - INFO - ThreadPoolExecutor-0_0 - [PROD] Sending payload 190/1000 | Order Number: V4063004191
2026-06-30 20:43:33,334 - INFO - ThreadPoolExecutor-0_4 - [PROD] Payload 182/1000 sent successfully. Status Code: 200
2026-06-30 20:43:33,336 - INFO - ThreadPoolExecutor-0_4 - [PROD] Sending payload 191/1000 | Order Number: V4063004192
2026-06-30 20:43:33,374 - INFO - ThreadPoolExecutor-0_6 - [PROD] Payload 185/1000 sent successfully. Status Code: 200
2026-06-30 20:43:33,375 - INFO - ThreadPoolExecutor-0_6 - [PROD] Sending payload 192/1000 | Order Number: V4063004193
2026-06-30 20:43:33,385 - INFO - ThreadPoolExecutor-0_1 - [PROD] Payload 183/1000 sent successfully. Status Code: 200
2026-06-30 20:43:33,385 - INFO - ThreadPoolExecutor-0_1 - [PROD] Sending payload 193/1000 | Order Number: V4063004194
2026-06-30 20:43:33,542 - INFO - ThreadPoolExecutor-0_2 - [PROD] Payload 181/1000 sent successfully. Status Code: 200
2026-06-30 20:43:33,544 - INFO - ThreadPoolExecutor-0_2 - [PROD] Sending payload 194/1000 | Order Number: V4063004195
2026-06-30 20:43:33,875 - INFO - ThreadPoolExecutor-0_8 - [PROD] Payload 184/1000 sent successfully. Status Code: 200
2026-06-30 20:43:33,876 - INFO - ThreadPoolExecutor-0_8 - [PROD] Sending payload 195/1000 | Order Number: V4063004196
2026-06-30 20:43:34,002 - INFO - ThreadPoolExecutor-0_9 - [PROD] Payload 186/1000 sent successfully. Status Code: 200
2026-06-30 20:43:34,004 - INFO - ThreadPoolExecutor-0_9 - [PROD] Sending payload 196/1000 | Order Number: V4063004197
2026-06-30 20:43:34,292 - INFO - ThreadPoolExecutor-0_3 - [PROD] Payload 188/1000 sent successfully. Status Code: 200
2026-06-30 20:43:34,294 - INFO - ThreadPoolExecutor-0_3 - [PROD] Sending payload 197/1000 | Order Number: V4063004198
2026-06-30 20:43:34,312 - INFO - ThreadPoolExecutor-0_5 - [PROD] Payload 187/1000 sent successfully. Status Code: 200
2026-06-30 20:43:34,313 - INFO - ThreadPoolExecutor-0_5 - [PROD] Sending payload 198/1000 | Order Number: V4063004199
2026-06-30 20:43:34,703 - INFO - ThreadPoolExecutor-0_7 - [PROD] Payload 189/1000 sent successfully. Status Code: 200
2026-06-30 20:43:34,705 - INFO - ThreadPoolExecutor-0_7 - [PROD] Sending payload 199/1000 | Order Number: V4063004200
2026-06-30 20:43:34,982 - INFO - ThreadPoolExecutor-0_0 - [PROD] Payload 190/1000 sent successfully. Status Code: 200
2026-06-30 20:43:34,984 - INFO - ThreadPoolExecutor-0_0 - [PROD] Sending payload 200/1000 | Order Number: V4063004201
2026-06-30 20:43:35,189 - INFO - ThreadPoolExecutor-0_1 - [PROD] Payload 193/1000 sent successfully. Status Code: 200
2026-06-30 20:43:35,190 - INFO - ThreadPoolExecutor-0_1 - [PROD] Sending payload 201/1000 | Order Number: V4063004202
2026-06-30 20:43:35,581 - INFO - ThreadPoolExecutor-0_2 - [PROD] Payload 194/1000 sent successfully. Status Code: 200
2026-06-30 20:43:35,582 - INFO - ThreadPoolExecutor-0_2 - [PROD] Sending payload 202/1000 | Order Number: V4063004203
2026-06-30 20:43:35,668 - INFO - ThreadPoolExecutor-0_4 - [PROD] Payload 191/1000 sent successfully. Status Code: 200
2026-06-30 20:43:35,670 - INFO - ThreadPoolExecutor-0_4 - [PROD] Sending payload 203/1000 | Order Number: V4063004204
2026-06-30 20:43:35,741 - INFO - ThreadPoolExecutor-0_8 - [PROD] Payload 195/1000 sent successfully. Status Code: 200
2026-06-30 20:43:35,742 - INFO - ThreadPoolExecutor-0_8 - [PROD] Sending payload 204/1000 | Order Number: V4063004205
2026-06-30 20:43:35,802 - INFO - ThreadPoolExecutor-0_9 - [PROD] Payload 196/1000 sent successfully. Status Code: 200
2026-06-30 20:43:35,804 - INFO - ThreadPoolExecutor-0_9 - [PROD] Sending payload 205/1000 | Order Number: V4063004206
2026-06-30 20:43:35,902 - INFO - ThreadPoolExecutor-0_6 - [PROD] Payload 192/1000 sent successfully. Status Code: 200
2026-06-30 20:43:35,904 - INFO - ThreadPoolExecutor-0_6 - [PROD] Sending payload 206/1000 | Order Number: V4063004207
2026-06-30 20:43:36,289 - INFO - ThreadPoolExecutor-0_5 - [PROD] Payload 198/1000 sent successfully. Status Code: 200
2026-06-30 20:43:36,290 - INFO - ThreadPoolExecutor-0_5 - [PROD] Sending payload 207/1000 | Order Number: V4063004208
2026-06-30 20:43:36,352 - INFO - ThreadPoolExecutor-0_3 - [PROD] Payload 197/1000 sent successfully. Status Code: 200
2026-06-30 20:43:36,353 - INFO - ThreadPoolExecutor-0_3 - [PROD] Sending payload 208/1000 | Order Number: V4063004209
2026-06-30 20:43:36,659 - INFO - ThreadPoolExecutor-0_7 - [PROD] Payload 199/1000 sent successfully. Status Code: 200
2026-06-30 20:43:36,660 - INFO - ThreadPoolExecutor-0_7 - [PROD] Sending payload 209/1000 | Order Number: V4063004210
2026-06-30 20:43:36,802 - INFO - ThreadPoolExecutor-0_0 - [PROD] Payload 200/1000 sent successfully. Status Code: 200
2026-06-30 20:43:36,804 - INFO - ThreadPoolExecutor-0_0 - [PROD] Sending payload 210/1000 | Order Number: V4063004211
2026-06-30 20:43:37,051 - INFO - ThreadPoolExecutor-0_1 - [PROD] Payload 201/1000 sent successfully. Status Code: 200
2026-06-30 20:43:37,053 - INFO - ThreadPoolExecutor-0_1 - [PROD] Sending payload 211/1000 | Order Number: V4063004212
2026-06-30 20:43:37,694 - INFO - ThreadPoolExecutor-0_4 - [PROD] Payload 203/1000 sent successfully. Status Code: 200
2026-06-30 20:43:37,695 - INFO - ThreadPoolExecutor-0_4 - [PROD] Sending payload 212/1000 | Order Number: V4063004213
2026-06-30 20:43:37,702 - INFO - ThreadPoolExecutor-0_9 - [PROD] Payload 205/1000 sent successfully. Status Code: 200
2026-06-30 20:43:37,703 - INFO - ThreadPoolExecutor-0_9 - [PROD] Sending payload 213/1000 | Order Number: V4063004214
2026-06-30 20:43:37,725 - INFO - ThreadPoolExecutor-0_8 - [PROD] Payload 204/1000 sent successfully. Status Code: 200
2026-06-30 20:43:37,726 - INFO - ThreadPoolExecutor-0_8 - [PROD] Sending payload 214/1000 | Order Number: V4063004215
2026-06-30 20:43:37,775 - INFO - ThreadPoolExecutor-0_2 - [PROD] Payload 202/1000 sent successfully. Status Code: 200
2026-06-30 20:43:37,775 - INFO - ThreadPoolExecutor-0_2 - [PROD] Sending payload 215/1000 | Order Number: V4063004216
2026-06-30 20:43:38,087 - INFO - ThreadPoolExecutor-0_6 - [PROD] Payload 206/1000 sent successfully. Status Code: 200
2026-06-30 20:43:38,089 - INFO - ThreadPoolExecutor-0_6 - [PROD] Sending payload 216/1000 | Order Number: V4063004217
2026-06-30 20:43:38,406 - INFO - ThreadPoolExecutor-0_3 - [PROD] Payload 208/1000 sent successfully. Status Code: 200
2026-06-30 20:43:38,408 - INFO - ThreadPoolExecutor-0_3 - [PROD] Sending payload 217/1000 | Order Number: V4063004218
2026-06-30 20:43:38,443 - INFO - ThreadPoolExecutor-0_5 - [PROD] Payload 207/1000 sent successfully. Status Code: 200
2026-06-30 20:43:38,443 - INFO - ThreadPoolExecutor-0_5 - [PROD] Sending payload 218/1000 | Order Number: V4063004219
2026-06-30 20:43:38,669 - INFO - ThreadPoolExecutor-0_7 - [PROD] Payload 209/1000 sent successfully. Status Code: 200
2026-06-30 20:43:38,670 - INFO - ThreadPoolExecutor-0_7 - [PROD] Sending payload 219/1000 | Order Number: V4063004220
2026-06-30 20:43:38,840 - INFO - ThreadPoolExecutor-0_0 - [PROD] Payload 210/1000 sent successfully. Status Code: 200
2026-06-30 20:43:38,842 - INFO - ThreadPoolExecutor-0_0 - [PROD] Sending payload 220/1000 | Order Number: V4063004221
2026-06-30 20:43:38,954 - INFO - ThreadPoolExecutor-0_1 - [PROD] Payload 211/1000 sent successfully. Status Code: 200
2026-06-30 20:43:38,955 - INFO - ThreadPoolExecutor-0_1 - [PROD] Sending payload 221/1000 | Order Number: V4063004222
2026-06-30 20:43:39,550 - INFO - ThreadPoolExecutor-0_9 - [PROD] Payload 213/1000 sent successfully. Status Code: 200
2026-06-30 20:43:39,553 - INFO - ThreadPoolExecutor-0_9 - [PROD] Sending payload 222/1000 | Order Number: V4063004223
2026-06-30 20:43:39,588 - INFO - ThreadPoolExecutor-0_8 - [PROD] Payload 214/1000 sent successfully. Status Code: 200
2026-06-30 20:43:39,589 - INFO - ThreadPoolExecutor-0_8 - [PROD] Sending payload 223/1000 | Order Number: V4063004224
2026-06-30 20:43:39,691 - INFO - ThreadPoolExecutor-0_4 - [PROD] Payload 212/1000 sent successfully. Status Code: 200
2026-06-30 20:43:39,692 - INFO - ThreadPoolExecutor-0_4 - [PROD] Sending payload 224/1000 | Order Number: V4063004225
2026-06-30 20:43:39,742 - INFO - ThreadPoolExecutor-0_2 - [PROD] Payload 215/1000 sent successfully. Status Code: 200
2026-06-30 20:43:39,743 - INFO - ThreadPoolExecutor-0_2 - [PROD] Sending payload 225/1000 | Order Number: V4063004226
2026-06-30 20:43:39,868 - INFO - ThreadPoolExecutor-0_6 - [PROD] Payload 216/1000 sent successfully. Status Code: 200
2026-06-30 20:43:39,871 - INFO - ThreadPoolExecutor-0_6 - [PROD] Sending payload 226/1000 | Order Number: V4063004227
2026-06-30 20:43:40,312 - INFO - ThreadPoolExecutor-0_3 - [PROD] Payload 217/1000 sent successfully. Status Code: 200
2026-06-30 20:43:40,314 - INFO - ThreadPoolExecutor-0_3 - [PROD] Sending payload 227/1000 | Order Number: V4063004228
2026-06-30 20:43:40,329 - INFO - ThreadPoolExecutor-0_5 - [PROD] Payload 218/1000 sent successfully. Status Code: 200
2026-06-30 20:43:40,331 - INFO - ThreadPoolExecutor-0_5 - [PROD] Sending payload 228/1000 | Order Number: V4063004229
2026-06-30 20:43:40,522 - INFO - ThreadPoolExecutor-0_7 - [PROD] Payload 219/1000 sent successfully. Status Code: 200
2026-06-30 20:43:40,523 - INFO - ThreadPoolExecutor-0_7 - [PROD] Sending payload 229/1000 | Order Number: V4063004230
2026-06-30 20:43:40,649 - INFO - ThreadPoolExecutor-0_0 - [PROD] Payload 220/1000 sent successfully. Status Code: 200
2026-06-30 20:43:40,649 - INFO - ThreadPoolExecutor-0_0 - [PROD] Sending payload 230/1000 | Order Number: V4063004231
2026-06-30 20:43:40,881 - INFO - ThreadPoolExecutor-0_1 - [PROD] Payload 221/1000 sent successfully. Status Code: 200
2026-06-30 20:43:40,882 - INFO - ThreadPoolExecutor-0_1 - [PROD] Sending payload 231/1000 | Order Number: V4063004232
2026-06-30 20:43:41,451 - INFO - ThreadPoolExecutor-0_9 - [PROD] Payload 222/1000 sent successfully. Status Code: 200
2026-06-30 20:43:41,454 - INFO - ThreadPoolExecutor-0_9 - [PROD] Sending payload 232/1000 | Order Number: V4063004233
2026-06-30 20:43:41,454 - INFO - ThreadPoolExecutor-0_8 - [PROD] Payload 223/1000 sent successfully. Status Code: 200
2026-06-30 20:43:41,456 - INFO - ThreadPoolExecutor-0_8 - [PROD] Sending payload 233/1000 | Order Number: V4063004234
2026-06-30 20:43:41,654 - INFO - ThreadPoolExecutor-0_2 - [PROD] Payload 225/1000 sent successfully. Status Code: 200
2026-06-30 20:43:41,655 - INFO - ThreadPoolExecutor-0_2 - [PROD] Sending payload 234/1000 | Order Number: V4063004235
2026-06-30 20:43:41,665 - INFO - ThreadPoolExecutor-0_4 - [PROD] Payload 224/1000 sent successfully. Status Code: 200
2026-06-30 20:43:41,665 - INFO - ThreadPoolExecutor-0_4 - [PROD] Sending payload 235/1000 | Order Number: V4063004236
2026-06-30 20:43:41,698 - INFO - ThreadPoolExecutor-0_6 - [PROD] Payload 226/1000 sent successfully. Status Code: 200
2026-06-30 20:43:41,698 - INFO - ThreadPoolExecutor-0_6 - [PROD] Sending payload 236/1000 | Order Number: V4063004237
2026-06-30 20:43:42,193 - INFO - ThreadPoolExecutor-0_3 - [PROD] Payload 227/1000 sent successfully. Status Code: 200
2026-06-30 20:43:42,195 - INFO - ThreadPoolExecutor-0_3 - [PROD] Sending payload 237/1000 | Order Number: V4063004238
2026-06-30 20:43:42,206 - INFO - ThreadPoolExecutor-0_5 - [PROD] Payload 228/1000 sent successfully. Status Code: 200
2026-06-30 20:43:42,207 - INFO - ThreadPoolExecutor-0_5 - [PROD] Sending payload 238/1000 | Order Number: V4063004239
2026-06-30 20:43:42,331 - INFO - ThreadPoolExecutor-0_7 - [PROD] Payload 229/1000 sent successfully. Status Code: 200
2026-06-30 20:43:42,333 - INFO - ThreadPoolExecutor-0_7 - [PROD] Sending payload 239/1000 | Order Number: V4063004240
2026-06-30 20:43:42,683 - INFO - ThreadPoolExecutor-0_1 - [PROD] Payload 231/1000 sent successfully. Status Code: 200
2026-06-30 20:43:42,685 - INFO - ThreadPoolExecutor-0_1 - [PROD] Sending payload 240/1000 | Order Number: V4063004241
2026-06-30 20:43:42,726 - INFO - ThreadPoolExecutor-0_0 - [PROD] Payload 230/1000 sent successfully. Status Code: 200
2026-06-30 20:43:42,727 - INFO - ThreadPoolExecutor-0_0 - [PROD] Sending payload 241/1000 | Order Number: V4063004242
2026-06-30 20:43:43,234 - INFO - ThreadPoolExecutor-0_9 - [PROD] Payload 232/1000 sent successfully. Status Code: 200
2026-06-30 20:43:43,235 - INFO - ThreadPoolExecutor-0_9 - [PROD] Sending payload 242/1000 | Order Number: V4063004243
2026-06-30 20:43:43,428 - INFO - ThreadPoolExecutor-0_8 - [PROD] Payload 233/1000 sent successfully. Status Code: 200
2026-06-30 20:43:43,430 - INFO - ThreadPoolExecutor-0_8 - [PROD] Sending payload 243/1000 | Order Number: V4063004244
2026-06-30 20:43:43,467 - INFO - ThreadPoolExecutor-0_2 - [PROD] Payload 234/1000 sent successfully. Status Code: 200
2026-06-30 20:43:43,467 - INFO - ThreadPoolExecutor-0_2 - [PROD] Sending payload 244/1000 | Order Number: V4063004245
2026-06-30 20:43:43,640 - INFO - ThreadPoolExecutor-0_6 - [PROD] Payload 236/1000 sent successfully. Status Code: 200
2026-06-30 20:43:43,642 - INFO - ThreadPoolExecutor-0_6 - [PROD] Sending payload 245/1000 | Order Number: V4063004246
2026-06-30 20:43:43,660 - INFO - ThreadPoolExecutor-0_4 - [PROD] Payload 235/1000 sent successfully. Status Code: 200
2026-06-30 20:43:43,660 - INFO - ThreadPoolExecutor-0_4 - [PROD] Sending payload 246/1000 | Order Number: V4063004247
2026-06-30 20:43:44,134 - INFO - ThreadPoolExecutor-0_3 - [PROD] Payload 237/1000 sent successfully. Status Code: 200
2026-06-30 20:43:44,136 - INFO - ThreadPoolExecutor-0_3 - [PROD] Sending payload 247/1000 | Order Number: V4063004248
2026-06-30 20:43:44,243 - INFO - ThreadPoolExecutor-0_7 - [PROD] Payload 239/1000 sent successfully. Status Code: 200
2026-06-30 20:43:44,244 - INFO - ThreadPoolExecutor-0_7 - [PROD] Sending payload 248/1000 | Order Number: V4063004249
2026-06-30 20:43:44,453 - INFO - ThreadPoolExecutor-0_5 - [PROD] Payload 238/1000 sent successfully. Status Code: 200
2026-06-30 20:43:44,456 - INFO - ThreadPoolExecutor-0_5 - [PROD] Sending payload 249/1000 | Order Number: V4063004250
2026-06-30 20:43:44,577 - INFO - ThreadPoolExecutor-0_1 - [PROD] Payload 240/1000 sent successfully. Status Code: 200
2026-06-30 20:43:44,579 - INFO - ThreadPoolExecutor-0_1 - [PROD] Sending payload 250/1000 | Order Number: V4063004251
2026-06-30 20:43:44,635 - INFO - ThreadPoolExecutor-0_0 - [PROD] Payload 241/1000 sent successfully. Status Code: 200
2026-06-30 20:43:44,636 - INFO - ThreadPoolExecutor-0_0 - [PROD] Sending payload 251/1000 | Order Number: V4063004252
2026-06-30 20:43:45,160 - INFO - ThreadPoolExecutor-0_9 - [PROD] Payload 242/1000 sent successfully. Status Code: 200
2026-06-30 20:43:45,162 - INFO - ThreadPoolExecutor-0_9 - [PROD] Sending payload 252/1000 | Order Number: V4063004253
2026-06-30 20:43:45,324 - INFO - ThreadPoolExecutor-0_2 - [PROD] Payload 244/1000 sent successfully. Status Code: 200
2026-06-30 20:43:45,327 - INFO - ThreadPoolExecutor-0_2 - [PROD] Sending payload 253/1000 | Order Number: V4063004254
2026-06-30 20:43:45,455 - INFO - ThreadPoolExecutor-0_4 - [PROD] Payload 246/1000 sent successfully. Status Code: 200
2026-06-30 20:43:45,458 - INFO - ThreadPoolExecutor-0_4 - [PROD] Sending payload 254/1000 | Order Number: V4063004255
2026-06-30 20:43:45,604 - INFO - ThreadPoolExecutor-0_6 - [PROD] Payload 245/1000 sent successfully. Status Code: 200
2026-06-30 20:43:45,607 - INFO - ThreadPoolExecutor-0_6 - [PROD] Sending payload 255/1000 | Order Number: V4063004256
2026-06-30 20:43:46,122 - INFO - ThreadPoolExecutor-0_7 - [PROD] Payload 248/1000 sent successfully. Status Code: 200
2026-06-30 20:43:46,125 - INFO - ThreadPoolExecutor-0_7 - [PROD] Sending payload 256/1000 | Order Number: V4063004257
2026-06-30 20:43:46,197 - INFO - ThreadPoolExecutor-0_3 - [PROD] Payload 247/1000 sent successfully. Status Code: 200
2026-06-30 20:43:46,198 - INFO - ThreadPoolExecutor-0_3 - [PROD] Sending payload 257/1000 | Order Number: V4063004258
2026-06-30 20:43:46,312 - INFO - ThreadPoolExecutor-0_5 - [PROD] Payload 249/1000 sent successfully. Status Code: 200
2026-06-30 20:43:46,314 - INFO - ThreadPoolExecutor-0_5 - [PROD] Sending payload 258/1000 | Order Number: V4063004259
2026-06-30 20:43:46,356 - INFO - ThreadPoolExecutor-0_8 - [PROD] Payload 243/1000 sent successfully. Status Code: 200
2026-06-30 20:43:46,357 - INFO - ThreadPoolExecutor-0_8 - [PROD] Sending payload 259/1000 | Order Number: V4063004260
2026-06-30 20:43:46,419 - INFO - ThreadPoolExecutor-0_0 - [PROD] Payload 251/1000 sent successfully. Status Code: 200
2026-06-30 20:43:46,419 - INFO - ThreadPoolExecutor-0_0 - [PROD] Sending payload 260/1000 | Order Number: V4063004261
2026-06-30 20:43:46,519 - INFO - ThreadPoolExecutor-0_1 - [PROD] Payload 250/1000 sent successfully. Status Code: 200
2026-06-30 20:43:46,519 - INFO - ThreadPoolExecutor-0_1 - [PROD] Sending payload 261/1000 | Order Number: V4063004262
2026-06-30 20:43:46,990 - INFO - ThreadPoolExecutor-0_9 - [PROD] Payload 252/1000 sent successfully. Status Code: 200
2026-06-30 20:43:46,992 - INFO - ThreadPoolExecutor-0_9 - [PROD] Sending payload 262/1000 | Order Number: V4063004263
2026-06-30 20:43:47,194 - INFO - ThreadPoolExecutor-0_2 - [PROD] Payload 253/1000 sent successfully. Status Code: 200
2026-06-30 20:43:47,196 - INFO - ThreadPoolExecutor-0_2 - [PROD] Sending payload 263/1000 | Order Number: V4063004264
2026-06-30 20:43:47,331 - INFO - ThreadPoolExecutor-0_4 - [PROD] Payload 254/1000 sent successfully. Status Code: 200
2026-06-30 20:43:47,333 - INFO - ThreadPoolExecutor-0_4 - [PROD] Sending payload 264/1000 | Order Number: V4063004265
2026-06-30 20:43:47,566 - INFO - ThreadPoolExecutor-0_6 - [PROD] Payload 255/1000 sent successfully. Status Code: 200
2026-06-30 20:43:47,569 - INFO - ThreadPoolExecutor-0_6 - [PROD] Sending payload 265/1000 | Order Number: V4063004266
2026-06-30 20:43:48,042 - INFO - ThreadPoolExecutor-0_3 - [PROD] Payload 257/1000 sent successfully. Status Code: 200
2026-06-30 20:43:48,044 - INFO - ThreadPoolExecutor-0_3 - [PROD] Sending payload 266/1000 | Order Number: V4063004267
2026-06-30 20:43:48,080 - INFO - ThreadPoolExecutor-0_7 - [PROD] Payload 256/1000 sent successfully. Status Code: 200
2026-06-30 20:43:48,081 - INFO - ThreadPoolExecutor-0_7 - [PROD] Sending payload 267/1000 | Order Number: V4063004268
2026-06-30 20:43:48,183 - INFO - ThreadPoolExecutor-0_5 - [PROD] Payload 258/1000 sent successfully. Status Code: 200
2026-06-30 20:43:48,185 - INFO - ThreadPoolExecutor-0_5 - [PROD] Sending payload 268/1000 | Order Number: V4063004269
2026-06-30 20:43:48,207 - INFO - ThreadPoolExecutor-0_8 - [PROD] Payload 259/1000 sent successfully. Status Code: 200
2026-06-30 20:43:48,208 - INFO - ThreadPoolExecutor-0_8 - [PROD] Sending payload 269/1000 | Order Number: V4063004270
2026-06-30 20:43:48,279 - INFO - ThreadPoolExecutor-0_0 - [PROD] Payload 260/1000 sent successfully. Status Code: 200
2026-06-30 20:43:48,279 - INFO - ThreadPoolExecutor-0_0 - [PROD] Sending payload 270/1000 | Order Number: V4063004271
2026-06-30 20:43:48,379 - INFO - ThreadPoolExecutor-0_1 - [PROD] Payload 261/1000 sent successfully. Status Code: 200
2026-06-30 20:43:48,379 - INFO - ThreadPoolExecutor-0_1 - [PROD] Sending payload 271/1000 | Order Number: V4063004272
2026-06-30 20:43:48,868 - INFO - ThreadPoolExecutor-0_9 - [PROD] Payload 262/1000 sent successfully. Status Code: 200
2026-06-30 20:43:48,870 - INFO - ThreadPoolExecutor-0_9 - [PROD] Sending payload 272/1000 | Order Number: V4063004273
2026-06-30 20:43:49,034 - INFO - ThreadPoolExecutor-0_2 - [PROD] Payload 263/1000 sent successfully. Status Code: 200
2026-06-30 20:43:49,036 - INFO - ThreadPoolExecutor-0_2 - [PROD] Sending payload 273/1000 | Order Number: V4063004274
2026-06-30 20:43:49,134 - INFO - ThreadPoolExecutor-0_4 - [PROD] Payload 264/1000 sent successfully. Status Code: 200
2026-06-30 20:43:49,136 - INFO - ThreadPoolExecutor-0_4 - [PROD] Sending payload 274/1000 | Order Number: V4063004275
2026-06-30 20:43:49,521 - INFO - ThreadPoolExecutor-0_6 - [PROD] Payload 265/1000 sent successfully. Status Code: 200
2026-06-30 20:43:49,523 - INFO - ThreadPoolExecutor-0_6 - [PROD] Sending payload 275/1000 | Order Number: V4063004276
2026-06-30 20:43:49,842 - INFO - ThreadPoolExecutor-0_3 - [PROD] Payload 266/1000 sent successfully. Status Code: 200
2026-06-30 20:43:49,844 - INFO - ThreadPoolExecutor-0_3 - [PROD] Sending payload 276/1000 | Order Number: V4063004277
2026-06-30 20:43:49,961 - INFO - ThreadPoolExecutor-0_7 - [PROD] Payload 267/1000 sent successfully. Status Code: 200
2026-06-30 20:43:49,962 - INFO - ThreadPoolExecutor-0_7 - [PROD] Sending payload 277/1000 | Order Number: V4063004278
2026-06-30 20:43:50,072 - INFO - ThreadPoolExecutor-0_5 - [PROD] Payload 268/1000 sent successfully. Status Code: 200
2026-06-30 20:43:50,073 - INFO - ThreadPoolExecutor-0_5 - [PROD] Sending payload 278/1000 | Order Number: V4063004279
2026-06-30 20:43:50,134 - INFO - ThreadPoolExecutor-0_8 - [PROD] Payload 269/1000 sent successfully. Status Code: 200
2026-06-30 20:43:50,134 - INFO - ThreadPoolExecutor-0_8 - [PROD] Sending payload 279/1000 | Order Number: V4063004280
2026-06-30 20:43:50,174 - INFO - ThreadPoolExecutor-0_1 - [PROD] Payload 271/1000 sent successfully. Status Code: 200
2026-06-30 20:43:50,174 - INFO - ThreadPoolExecutor-0_1 - [PROD] Sending payload 280/1000 | Order Number: V4063004281
2026-06-30 20:43:50,249 - INFO - ThreadPoolExecutor-0_0 - [PROD] Payload 270/1000 sent successfully. Status Code: 200
2026-06-30 20:43:50,251 - INFO - ThreadPoolExecutor-0_0 - [PROD] Sending payload 281/1000 | Order Number: V4063004282
2026-06-30 20:43:50,770 - INFO - ThreadPoolExecutor-0_9 - [PROD] Payload 272/1000 sent successfully. Status Code: 200
2026-06-30 20:43:50,772 - INFO - ThreadPoolExecutor-0_9 - [PROD] Sending payload 282/1000 | Order Number: V4063004283
2026-06-30 20:43:50,882 - INFO - ThreadPoolExecutor-0_2 - [PROD] Payload 273/1000 sent successfully. Status Code: 200
2026-06-30 20:43:50,884 - INFO - ThreadPoolExecutor-0_2 - [PROD] Sending payload 283/1000 | Order Number: V4063004284
2026-06-30 20:43:51,012 - INFO - ThreadPoolExecutor-0_4 - [PROD] Payload 274/1000 sent successfully. Status Code: 200
2026-06-30 20:43:51,014 - INFO - ThreadPoolExecutor-0_4 - [PROD] Sending payload 284/1000 | Order Number: V4063004285
2026-06-30 20:43:51,346 - INFO - ThreadPoolExecutor-0_6 - [PROD] Payload 275/1000 sent successfully. Status Code: 200
2026-06-30 20:43:51,349 - INFO - ThreadPoolExecutor-0_6 - [PROD] Sending payload 285/1000 | Order Number: V4063004286
2026-06-30 20:43:51,801 - INFO - ThreadPoolExecutor-0_3 - [PROD] Payload 276/1000 sent successfully. Status Code: 200
2026-06-30 20:43:51,803 - INFO - ThreadPoolExecutor-0_3 - [PROD] Sending payload 286/1000 | Order Number: V4063004287
2026-06-30 20:43:51,817 - INFO - ThreadPoolExecutor-0_7 - [PROD] Payload 277/1000 sent successfully. Status Code: 200
2026-06-30 20:43:51,818 - INFO - ThreadPoolExecutor-0_7 - [PROD] Sending payload 287/1000 | Order Number: V4063004288
2026-06-30 20:43:51,959 - INFO - ThreadPoolExecutor-0_5 - [PROD] Payload 278/1000 sent successfully. Status Code: 200
2026-06-30 20:43:51,960 - INFO - ThreadPoolExecutor-0_5 - [PROD] Sending payload 288/1000 | Order Number: V4063004289
2026-06-30 20:43:52,027 - INFO - ThreadPoolExecutor-0_8 - [PROD] Payload 279/1000 sent successfully. Status Code: 200
2026-06-30 20:43:52,028 - INFO - ThreadPoolExecutor-0_8 - [PROD] Sending payload 289/1000 | Order Number: V4063004290
2026-06-30 20:43:52,100 - INFO - ThreadPoolExecutor-0_1 - [PROD] Payload 280/1000 sent successfully. Status Code: 200
2026-06-30 20:43:52,104 - INFO - ThreadPoolExecutor-0_1 - [PROD] Sending payload 290/1000 | Order Number: V4063004291
2026-06-30 20:43:52,283 - INFO - ThreadPoolExecutor-0_0 - [PROD] Payload 281/1000 sent successfully. Status Code: 200
2026-06-30 20:43:52,285 - INFO - ThreadPoolExecutor-0_0 - [PROD] Sending payload 291/1000 | Order Number: V4063004292
2026-06-30 20:43:52,651 - INFO - ThreadPoolExecutor-0_9 - [PROD] Payload 282/1000 sent successfully. Status Code: 200
2026-06-30 20:43:52,653 - INFO - ThreadPoolExecutor-0_9 - [PROD] Sending payload 292/1000 | Order Number: V4063004293
2026-06-30 20:43:52,836 - INFO - ThreadPoolExecutor-0_2 - [PROD] Payload 283/1000 sent successfully. Status Code: 200
2026-06-30 20:43:52,838 - INFO - ThreadPoolExecutor-0_2 - [PROD] Sending payload 293/1000 | Order Number: V4063004294
2026-06-30 20:43:52,897 - INFO - ThreadPoolExecutor-0_4 - [PROD] Payload 284/1000 sent successfully. Status Code: 200
2026-06-30 20:43:52,897 - INFO - ThreadPoolExecutor-0_4 - [PROD] Sending payload 294/1000 | Order Number: V4063004295
2026-06-30 20:43:53,183 - INFO - ThreadPoolExecutor-0_6 - [PROD] Payload 285/1000 sent successfully. Status Code: 200
2026-06-30 20:43:53,184 - INFO - ThreadPoolExecutor-0_6 - [PROD] Sending payload 295/1000 | Order Number: V4063004296
2026-06-30 20:43:53,629 - INFO - ThreadPoolExecutor-0_3 - [PROD] Payload 286/1000 sent successfully. Status Code: 200
2026-06-30 20:43:53,630 - INFO - ThreadPoolExecutor-0_3 - [PROD] Sending payload 296/1000 | Order Number: V4063004297
2026-06-30 20:43:53,659 - INFO - ThreadPoolExecutor-0_7 - [PROD] Payload 287/1000 sent successfully. Status Code: 200
2026-06-30 20:43:53,659 - INFO - ThreadPoolExecutor-0_7 - [PROD] Sending payload 297/1000 | Order Number: V4063004298
2026-06-30 20:43:53,814 - INFO - ThreadPoolExecutor-0_5 - [PROD] Payload 288/1000 sent successfully. Status Code: 200
2026-06-30 20:43:53,815 - INFO - ThreadPoolExecutor-0_5 - [PROD] Sending payload 298/1000 | Order Number: V4063004299
2026-06-30 20:43:53,989 - INFO - ThreadPoolExecutor-0_8 - [PROD] Payload 289/1000 sent successfully. Status Code: 200
2026-06-30 20:43:53,991 - INFO - ThreadPoolExecutor-0_8 - [PROD] Sending payload 299/1000 | Order Number: V4063004300
2026-06-30 20:43:54,023 - INFO - ThreadPoolExecutor-0_1 - [PROD] Payload 290/1000 sent successfully. Status Code: 200
2026-06-30 20:43:54,023 - INFO - ThreadPoolExecutor-0_1 - [PROD] Sending payload 300/1000 | Order Number: V4063004301
2026-06-30 20:43:54,196 - INFO - ThreadPoolExecutor-0_0 - [PROD] Payload 291/1000 sent successfully. Status Code: 200
2026-06-30 20:43:54,198 - INFO - ThreadPoolExecutor-0_0 - [PROD] Sending payload 301/1000 | Order Number: V4063004302
2026-06-30 20:43:54,454 - INFO - ThreadPoolExecutor-0_9 - [PROD] Payload 292/1000 sent successfully. Status Code: 200
2026-06-30 20:43:54,455 - INFO - ThreadPoolExecutor-0_9 - [PROD] Sending payload 302/1000 | Order Number: V4063004303
2026-06-30 20:43:54,758 - INFO - ThreadPoolExecutor-0_2 - [PROD] Payload 293/1000 sent successfully. Status Code: 200
2026-06-30 20:43:54,763 - INFO - ThreadPoolExecutor-0_2 - [PROD] Sending payload 303/1000 | Order Number: V4063004304
2026-06-30 20:43:54,811 - INFO - ThreadPoolExecutor-0_4 - [PROD] Payload 294/1000 sent successfully. Status Code: 200
2026-06-30 20:43:54,811 - INFO - ThreadPoolExecutor-0_4 - [PROD] Sending payload 304/1000 | Order Number: V4063004305
2026-06-30 20:43:55,108 - INFO - ThreadPoolExecutor-0_6 - [PROD] Payload 295/1000 sent successfully. Status Code: 200
2026-06-30 20:43:55,109 - INFO - ThreadPoolExecutor-0_6 - [PROD] Sending payload 305/1000 | Order Number: V4063004306
2026-06-30 20:43:55,510 - INFO - ThreadPoolExecutor-0_7 - [PROD] Payload 297/1000 sent successfully. Status Code: 200
2026-06-30 20:43:55,512 - INFO - ThreadPoolExecutor-0_7 - [PROD] Sending payload 306/1000 | Order Number: V4063004307
2026-06-30 20:43:55,695 - INFO - ThreadPoolExecutor-0_5 - [PROD] Payload 298/1000 sent successfully. Status Code: 200
2026-06-30 20:43:55,697 - INFO - ThreadPoolExecutor-0_5 - [PROD] Sending payload 307/1000 | Order Number: V4063004308
2026-06-30 20:43:55,780 - INFO - ThreadPoolExecutor-0_3 - [PROD] Payload 296/1000 sent successfully. Status Code: 200
2026-06-30 20:43:55,782 - INFO - ThreadPoolExecutor-0_3 - [PROD] Sending payload 308/1000 | Order Number: V4063004309
2026-06-30 20:43:55,949 - INFO - ThreadPoolExecutor-0_8 - [PROD] Payload 299/1000 sent successfully. Status Code: 200
2026-06-30 20:43:55,950 - INFO - ThreadPoolExecutor-0_8 - [PROD] Sending payload 309/1000 | Order Number: V4063004310
2026-06-30 20:43:55,951 - INFO - ThreadPoolExecutor-0_1 - [PROD] Payload 300/1000 sent successfully. Status Code: 200
2026-06-30 20:43:55,953 - INFO - ThreadPoolExecutor-0_1 - [PROD] Sending payload 310/1000 | Order Number: V4063004311
2026-06-30 20:43:56,180 - INFO - ThreadPoolExecutor-0_0 - [PROD] Payload 301/1000 sent successfully. Status Code: 200
2026-06-30 20:43:56,181 - INFO - ThreadPoolExecutor-0_0 - [PROD] Sending payload 311/1000 | Order Number: V4063004312
2026-06-30 20:43:56,440 - INFO - ThreadPoolExecutor-0_9 - [PROD] Payload 302/1000 sent successfully. Status Code: 200
2026-06-30 20:43:56,442 - INFO - ThreadPoolExecutor-0_9 - [PROD] Sending payload 312/1000 | Order Number: V4063004313
2026-06-30 20:43:56,603 - INFO - ThreadPoolExecutor-0_4 - [PROD] Payload 304/1000 sent successfully. Status Code: 200
2026-06-30 20:43:56,605 - INFO - ThreadPoolExecutor-0_4 - [PROD] Sending payload 313/1000 | Order Number: V4063004314
2026-06-30 20:43:56,708 - INFO - ThreadPoolExecutor-0_2 - [PROD] Payload 303/1000 sent successfully. Status Code: 200
2026-06-30 20:43:56,711 - INFO - ThreadPoolExecutor-0_2 - [PROD] Sending payload 314/1000 | Order Number: V4063004315
2026-06-30 20:43:57,116 - INFO - ThreadPoolExecutor-0_6 - [PROD] Payload 305/1000 sent successfully. Status Code: 200
2026-06-30 20:43:57,119 - INFO - ThreadPoolExecutor-0_6 - [PROD] Sending payload 315/1000 | Order Number: V4063004316
2026-06-30 20:43:57,366 - INFO - ThreadPoolExecutor-0_7 - [PROD] Payload 306/1000 sent successfully. Status Code: 200
2026-06-30 20:43:57,368 - INFO - ThreadPoolExecutor-0_7 - [PROD] Sending payload 316/1000 | Order Number: V4063004317
2026-06-30 20:43:57,593 - INFO - ThreadPoolExecutor-0_5 - [PROD] Payload 307/1000 sent successfully. Status Code: 200
2026-06-30 20:43:57,595 - INFO - ThreadPoolExecutor-0_5 - [PROD] Sending payload 317/1000 | Order Number: V4063004318
2026-06-30 20:43:57,767 - INFO - ThreadPoolExecutor-0_3 - [PROD] Payload 308/1000 sent successfully. Status Code: 200
2026-06-30 20:43:57,769 - INFO - ThreadPoolExecutor-0_3 - [PROD] Sending payload 318/1000 | Order Number: V4063004319
2026-06-30 20:43:57,799 - INFO - ThreadPoolExecutor-0_8 - [PROD] Payload 309/1000 sent successfully. Status Code: 200
2026-06-30 20:43:57,800 - INFO - ThreadPoolExecutor-0_8 - [PROD] Sending payload 319/1000 | Order Number: V4063004320
2026-06-30 20:43:57,991 - INFO - ThreadPoolExecutor-0_1 - [PROD] Payload 310/1000 sent successfully. Status Code: 200
2026-06-30 20:43:57,992 - INFO - ThreadPoolExecutor-0_1 - [PROD] Sending payload 320/1000 | Order Number: V4063004321
2026-06-30 20:43:58,094 - INFO - ThreadPoolExecutor-0_0 - [PROD] Payload 311/1000 sent successfully. Status Code: 200
2026-06-30 20:43:58,096 - INFO - ThreadPoolExecutor-0_0 - [PROD] Sending payload 321/1000 | Order Number: V4063004322
2026-06-30 20:43:58,267 - INFO - ThreadPoolExecutor-0_9 - [PROD] Payload 312/1000 sent successfully. Status Code: 200
2026-06-30 20:43:58,269 - INFO - ThreadPoolExecutor-0_9 - [PROD] Sending payload 322/1000 | Order Number: V4063004323
2026-06-30 20:43:58,482 - INFO - ThreadPoolExecutor-0_4 - [PROD] Payload 313/1000 sent successfully. Status Code: 200
2026-06-30 20:43:58,483 - INFO - ThreadPoolExecutor-0_4 - [PROD] Sending payload 323/1000 | Order Number: V4063004324
2026-06-30 20:43:58,998 - INFO - ThreadPoolExecutor-0_6 - [PROD] Payload 315/1000 sent successfully. Status Code: 200
2026-06-30 20:43:59,000 - INFO - ThreadPoolExecutor-0_6 - [PROD] Sending payload 324/1000 | Order Number: V4063004325
2026-06-30 20:43:59,160 - INFO - ThreadPoolExecutor-0_7 - [PROD] Payload 316/1000 sent successfully. Status Code: 200
2026-06-30 20:43:59,161 - INFO - ThreadPoolExecutor-0_7 - [PROD] Sending payload 325/1000 | Order Number: V4063004326
2026-06-30 20:43:59,195 - INFO - ThreadPoolExecutor-0_2 - [PROD] Payload 314/1000 sent successfully. Status Code: 200
2026-06-30 20:43:59,196 - INFO - ThreadPoolExecutor-0_2 - [PROD] Sending payload 326/1000 | Order Number: V4063004327
2026-06-30 20:43:59,449 - INFO - ThreadPoolExecutor-0_5 - [PROD] Payload 317/1000 sent successfully. Status Code: 200
2026-06-30 20:43:59,451 - INFO - ThreadPoolExecutor-0_5 - [PROD] Sending payload 327/1000 | Order Number: V4063004328
2026-06-30 20:43:59,631 - INFO - ThreadPoolExecutor-0_3 - [PROD] Payload 318/1000 sent successfully. Status Code: 200
2026-06-30 20:43:59,633 - INFO - ThreadPoolExecutor-0_3 - [PROD] Sending payload 328/1000 | Order Number: V4063004329
2026-06-30 20:43:59,690 - INFO - ThreadPoolExecutor-0_8 - [PROD] Payload 319/1000 sent successfully. Status Code: 200
2026-06-30 20:43:59,691 - INFO - ThreadPoolExecutor-0_8 - [PROD] Sending payload 329/1000 | Order Number: V4063004330
2026-06-30 20:43:59,917 - INFO - ThreadPoolExecutor-0_1 - [PROD] Payload 320/1000 sent successfully. Status Code: 200
2026-06-30 20:43:59,919 - INFO - ThreadPoolExecutor-0_1 - [PROD] Sending payload 330/1000 | Order Number: V4063004331
2026-06-30 20:44:00,180 - INFO - ThreadPoolExecutor-0_0 - [PROD] Payload 321/1000 sent successfully. Status Code: 200
2026-06-30 20:44:00,181 - INFO - ThreadPoolExecutor-0_0 - [PROD] Sending payload 331/1000 | Order Number: V4063004332
2026-06-30 20:44:00,205 - INFO - ThreadPoolExecutor-0_9 - [PROD] Payload 322/1000 sent successfully. Status Code: 200
2026-06-30 20:44:00,206 - INFO - ThreadPoolExecutor-0_9 - [PROD] Sending payload 332/1000 | Order Number: V4063004333
2026-06-30 20:44:00,398 - INFO - ThreadPoolExecutor-0_4 - [PROD] Payload 323/1000 sent successfully. Status Code: 200
2026-06-30 20:44:00,399 - INFO - ThreadPoolExecutor-0_4 - [PROD] Sending payload 333/1000 | Order Number: V4063004334
2026-06-30 20:44:00,880 - INFO - ThreadPoolExecutor-0_6 - [PROD] Payload 324/1000 sent successfully. Status Code: 200
2026-06-30 20:44:00,881 - INFO - ThreadPoolExecutor-0_6 - [PROD] Sending payload 334/1000 | Order Number: V4063004335
2026-06-30 20:44:01,050 - INFO - ThreadPoolExecutor-0_7 - [PROD] Payload 325/1000 sent successfully. Status Code: 200
2026-06-30 20:44:01,050 - INFO - ThreadPoolExecutor-0_7 - [PROD] Sending payload 335/1000 | Order Number: V4063004336
2026-06-30 20:44:01,241 - INFO - ThreadPoolExecutor-0_2 - [PROD] Payload 326/1000 sent successfully. Status Code: 200
2026-06-30 20:44:01,242 - INFO - ThreadPoolExecutor-0_2 - [PROD] Sending payload 336/1000 | Order Number: V4063004337
2026-06-30 20:44:01,469 - INFO - ThreadPoolExecutor-0_5 - [PROD] Payload 327/1000 sent successfully. Status Code: 200
2026-06-30 20:44:01,472 - INFO - ThreadPoolExecutor-0_5 - [PROD] Sending payload 337/1000 | Order Number: V4063004338
2026-06-30 20:44:01,495 - INFO - ThreadPoolExecutor-0_8 - [PROD] Payload 329/1000 sent successfully. Status Code: 200
2026-06-30 20:44:01,496 - INFO - ThreadPoolExecutor-0_8 - [PROD] Sending payload 338/1000 | Order Number: V4063004339
2026-06-30 20:44:01,633 - INFO - ThreadPoolExecutor-0_3 - [PROD] Payload 328/1000 sent successfully. Status Code: 200
2026-06-30 20:44:01,636 - INFO - ThreadPoolExecutor-0_3 - [PROD] Sending payload 339/1000 | Order Number: V4063004340
2026-06-30 20:44:02,095 - INFO - ThreadPoolExecutor-0_1 - [PROD] Payload 330/1000 sent successfully. Status Code: 200
2026-06-30 20:44:02,098 - INFO - ThreadPoolExecutor-0_1 - [PROD] Sending payload 340/1000 | Order Number: V4063004341
2026-06-30 20:44:02,256 - INFO - ThreadPoolExecutor-0_9 - [PROD] Payload 332/1000 sent successfully. Status Code: 200
2026-06-30 20:44:02,258 - INFO - ThreadPoolExecutor-0_9 - [PROD] Sending payload 341/1000 | Order Number: V4063004342
2026-06-30 20:44:02,311 - INFO - ThreadPoolExecutor-0_4 - [PROD] Payload 333/1000 sent successfully. Status Code: 200
2026-06-30 20:44:02,312 - INFO - ThreadPoolExecutor-0_4 - [PROD] Sending payload 342/1000 | Order Number: V4063004343
2026-06-30 20:44:02,370 - INFO - ThreadPoolExecutor-0_0 - [PROD] Payload 331/1000 sent successfully. Status Code: 200
2026-06-30 20:44:02,371 - INFO - ThreadPoolExecutor-0_0 - [PROD] Sending payload 343/1000 | Order Number: V4063004344
2026-06-30 20:44:02,914 - INFO - ThreadPoolExecutor-0_6 - [PROD] Payload 334/1000 sent successfully. Status Code: 200
2026-06-30 20:44:02,915 - INFO - ThreadPoolExecutor-0_6 - [PROD] Sending payload 344/1000 | Order Number: V4063004345
2026-06-30 20:44:03,045 - INFO - ThreadPoolExecutor-0_7 - [PROD] Payload 335/1000 sent successfully. Status Code: 200
2026-06-30 20:44:03,048 - INFO - ThreadPoolExecutor-0_7 - [PROD] Sending payload 345/1000 | Order Number: V4063004346
2026-06-30 20:44:03,119 - INFO - ThreadPoolExecutor-0_2 - [PROD] Payload 336/1000 sent successfully. Status Code: 200
2026-06-30 20:44:03,119 - INFO - ThreadPoolExecutor-0_2 - [PROD] Sending payload 346/1000 | Order Number: V4063004347
2026-06-30 20:44:03,334 - INFO - ThreadPoolExecutor-0_8 - [PROD] Payload 338/1000 sent successfully. Status Code: 200
2026-06-30 20:44:03,335 - INFO - ThreadPoolExecutor-0_8 - [PROD] Sending payload 347/1000 | Order Number: V4063004348
2026-06-30 20:44:03,513 - INFO - ThreadPoolExecutor-0_5 - [PROD] Payload 337/1000 sent successfully. Status Code: 200
2026-06-30 20:44:03,515 - INFO - ThreadPoolExecutor-0_5 - [PROD] Sending payload 348/1000 | Order Number: V4063004349
2026-06-30 20:44:03,574 - INFO - ThreadPoolExecutor-0_3 - [PROD] Payload 339/1000 sent successfully. Status Code: 200
2026-06-30 20:44:03,575 - INFO - ThreadPoolExecutor-0_3 - [PROD] Sending payload 349/1000 | Order Number: V4063004350
2026-06-30 20:44:04,099 - INFO - ThreadPoolExecutor-0_1 - [PROD] Payload 340/1000 sent successfully. Status Code: 200
2026-06-30 20:44:04,100 - INFO - ThreadPoolExecutor-0_1 - [PROD] Sending payload 350/1000 | Order Number: V4063004351
2026-06-30 20:44:04,130 - INFO - ThreadPoolExecutor-0_4 - [PROD] Payload 342/1000 sent successfully. Status Code: 200
2026-06-30 20:44:04,131 - INFO - ThreadPoolExecutor-0_4 - [PROD] Sending payload 351/1000 | Order Number: V4063004352
2026-06-30 20:44:04,767 - INFO - ThreadPoolExecutor-0_9 - [PROD] Payload 341/1000 sent successfully. Status Code: 200
2026-06-30 20:44:04,769 - INFO - ThreadPoolExecutor-0_9 - [PROD] Sending payload 352/1000 | Order Number: V4063004353
2026-06-30 20:44:04,850 - INFO - ThreadPoolExecutor-0_6 - [PROD] Payload 344/1000 sent successfully. Status Code: 200
2026-06-30 20:44:04,852 - INFO - ThreadPoolExecutor-0_6 - [PROD] Sending payload 353/1000 | Order Number: V4063004354
2026-06-30 20:44:04,900 - INFO - ThreadPoolExecutor-0_7 - [PROD] Payload 345/1000 sent successfully. Status Code: 200
2026-06-30 20:44:04,901 - INFO - ThreadPoolExecutor-0_7 - [PROD] Sending payload 354/1000 | Order Number: V4063004355
2026-06-30 20:44:04,910 - INFO - ThreadPoolExecutor-0_2 - [PROD] Payload 346/1000 sent successfully. Status Code: 200
2026-06-30 20:44:04,910 - INFO - ThreadPoolExecutor-0_2 - [PROD] Sending payload 355/1000 | Order Number: V4063004356
2026-06-30 20:44:04,978 - INFO - ThreadPoolExecutor-0_0 - [PROD] Payload 343/1000 sent successfully. Status Code: 200
2026-06-30 20:44:04,979 - INFO - ThreadPoolExecutor-0_0 - [PROD] Sending payload 356/1000 | Order Number: V4063004357
2026-06-30 20:44:05,225 - INFO - ThreadPoolExecutor-0_8 - [PROD] Payload 347/1000 sent successfully. Status Code: 200
2026-06-30 20:44:05,228 - INFO - ThreadPoolExecutor-0_8 - [PROD] Sending payload 357/1000 | Order Number: V4063004358
2026-06-30 20:44:05,927 - INFO - ThreadPoolExecutor-0_1 - [PROD] Payload 350/1000 sent successfully. Status Code: 200
2026-06-30 20:44:05,929 - INFO - ThreadPoolExecutor-0_1 - [PROD] Sending payload 358/1000 | Order Number: V4063004359
2026-06-30 20:44:06,024 - INFO - ThreadPoolExecutor-0_4 - [PROD] Payload 351/1000 sent successfully. Status Code: 200
2026-06-30 20:44:06,026 - INFO - ThreadPoolExecutor-0_4 - [PROD] Sending payload 359/1000 | Order Number: V4063004360
2026-06-30 20:44:06,048 - INFO - ThreadPoolExecutor-0_5 - [PROD] Payload 348/1000 sent successfully. Status Code: 200
2026-06-30 20:44:06,049 - INFO - ThreadPoolExecutor-0_5 - [PROD] Sending payload 360/1000 | Order Number: V4063004361
2026-06-30 20:44:06,370 - INFO - ThreadPoolExecutor-0_3 - [PROD] Payload 349/1000 sent successfully. Status Code: 200
2026-06-30 20:44:06,371 - INFO - ThreadPoolExecutor-0_3 - [PROD] Sending payload 361/1000 | Order Number: V4063004362
2026-06-30 20:44:06,588 - INFO - ThreadPoolExecutor-0_9 - [PROD] Payload 352/1000 sent successfully. Status Code: 200
2026-06-30 20:44:06,589 - INFO - ThreadPoolExecutor-0_9 - [PROD] Sending payload 362/1000 | Order Number: V4063004363
2026-06-30 20:44:06,692 - INFO - ThreadPoolExecutor-0_6 - [PROD] Payload 353/1000 sent successfully. Status Code: 200
2026-06-30 20:44:06,694 - INFO - ThreadPoolExecutor-0_6 - [PROD] Sending payload 363/1000 | Order Number: V4063004364
2026-06-30 20:44:06,857 - INFO - ThreadPoolExecutor-0_7 - [PROD] Payload 354/1000 sent successfully. Status Code: 200
2026-06-30 20:44:06,859 - INFO - ThreadPoolExecutor-0_7 - [PROD] Sending payload 364/1000 | Order Number: V4063004365
2026-06-30 20:44:06,861 - INFO - ThreadPoolExecutor-0_0 - [PROD] Payload 356/1000 sent successfully. Status Code: 200
2026-06-30 20:44:06,861 - INFO - ThreadPoolExecutor-0_0 - [PROD] Sending payload 365/1000 | Order Number: V4063004366
2026-06-30 20:44:06,934 - INFO - ThreadPoolExecutor-0_2 - [PROD] Payload 355/1000 sent successfully. Status Code: 200
2026-06-30 20:44:06,935 - INFO - ThreadPoolExecutor-0_2 - [PROD] Sending payload 366/1000 | Order Number: V4063004367
2026-06-30 20:44:07,189 - INFO - ThreadPoolExecutor-0_8 - [PROD] Payload 357/1000 sent successfully. Status Code: 200
2026-06-30 20:44:07,190 - INFO - ThreadPoolExecutor-0_8 - [PROD] Sending payload 367/1000 | Order Number: V4063004368
2026-06-30 20:44:07,839 - INFO - ThreadPoolExecutor-0_4 - [PROD] Payload 359/1000 sent successfully. Status Code: 200
2026-06-30 20:44:07,842 - INFO - ThreadPoolExecutor-0_4 - [PROD] Sending payload 368/1000 | Order Number: V4063004369
2026-06-30 20:44:07,873 - INFO - ThreadPoolExecutor-0_5 - [PROD] Payload 360/1000 sent successfully. Status Code: 200
2026-06-30 20:44:07,874 - INFO - ThreadPoolExecutor-0_5 - [PROD] Sending payload 369/1000 | Order Number: V4063004370
2026-06-30 20:44:08,028 - INFO - ThreadPoolExecutor-0_1 - [PROD] Payload 358/1000 sent successfully. Status Code: 200
2026-06-30 20:44:08,029 - INFO - ThreadPoolExecutor-0_1 - [PROD] Sending payload 370/1000 | Order Number: V4063004371
2026-06-30 20:44:08,628 - INFO - ThreadPoolExecutor-0_6 - [PROD] Payload 363/1000 sent successfully. Status Code: 200
2026-06-30 20:44:08,629 - INFO - ThreadPoolExecutor-0_6 - [PROD] Sending payload 371/1000 | Order Number: V4063004372
2026-06-30 20:44:08,691 - INFO - ThreadPoolExecutor-0_0 - [PROD] Payload 365/1000 sent successfully. Status Code: 200
2026-06-30 20:44:08,692 - INFO - ThreadPoolExecutor-0_0 - [PROD] Sending payload 372/1000 | Order Number: V4063004373
2026-06-30 20:44:08,871 - INFO - ThreadPoolExecutor-0_7 - [PROD] Payload 364/1000 sent successfully. Status Code: 200
2026-06-30 20:44:08,871 - INFO - ThreadPoolExecutor-0_7 - [PROD] Sending payload 373/1000 | Order Number: V4063004374
2026-06-30 20:44:08,881 - INFO - ThreadPoolExecutor-0_2 - [PROD] Payload 366/1000 sent successfully. Status Code: 200
2026-06-30 20:44:08,882 - INFO - ThreadPoolExecutor-0_2 - [PROD] Sending payload 374/1000 | Order Number: V4063004375
2026-06-30 20:44:09,106 - INFO - ThreadPoolExecutor-0_8 - [PROD] Payload 367/1000 sent successfully. Status Code: 200
2026-06-30 20:44:09,108 - INFO - ThreadPoolExecutor-0_8 - [PROD] Sending payload 375/1000 | Order Number: V4063004376
2026-06-30 20:44:09,155 - INFO - ThreadPoolExecutor-0_9 - [PROD] Payload 362/1000 sent successfully. Status Code: 200
2026-06-30 20:44:09,155 - INFO - ThreadPoolExecutor-0_9 - [PROD] Sending payload 376/1000 | Order Number: V4063004377
2026-06-30 20:44:09,360 - INFO - ThreadPoolExecutor-0_3 - [PROD] Payload 361/1000 sent successfully. Status Code: 200
2026-06-30 20:44:09,361 - INFO - ThreadPoolExecutor-0_3 - [PROD] Sending payload 377/1000 | Order Number: V4063004378
2026-06-30 20:44:09,707 - INFO - ThreadPoolExecutor-0_4 - [PROD] Payload 368/1000 sent successfully. Status Code: 200
2026-06-30 20:44:09,709 - INFO - ThreadPoolExecutor-0_4 - [PROD] Sending payload 378/1000 | Order Number: V4063004379
2026-06-30 20:44:10,499 - INFO - ThreadPoolExecutor-0_5 - [PROD] Payload 369/1000 sent successfully. Status Code: 200
2026-06-30 20:44:10,500 - INFO - ThreadPoolExecutor-0_6 - [PROD] Payload 371/1000 sent successfully. Status Code: 200
2026-06-30 20:44:10,501 - INFO - ThreadPoolExecutor-0_5 - [PROD] Sending payload 379/1000 | Order Number: V4063004380
2026-06-30 20:44:10,502 - INFO - ThreadPoolExecutor-0_6 - [PROD] Sending payload 380/1000 | Order Number: V4063004381
2026-06-30 20:44:10,621 - INFO - ThreadPoolExecutor-0_0 - [PROD] Payload 372/1000 sent successfully. Status Code: 200
2026-06-30 20:44:10,623 - INFO - ThreadPoolExecutor-0_0 - [PROD] Sending payload 381/1000 | Order Number: V4063004382
2026-06-30 20:44:10,807 - INFO - ThreadPoolExecutor-0_2 - [PROD] Payload 374/1000 sent successfully. Status Code: 200
2026-06-30 20:44:10,807 - INFO - ThreadPoolExecutor-0_2 - [PROD] Sending payload 382/1000 | Order Number: V4063004383
2026-06-30 20:44:10,867 - INFO - ThreadPoolExecutor-0_7 - [PROD] Payload 373/1000 sent successfully. Status Code: 200
2026-06-30 20:44:10,870 - INFO - ThreadPoolExecutor-0_7 - [PROD] Sending payload 383/1000 | Order Number: V4063004384
2026-06-30 20:44:10,966 - INFO - ThreadPoolExecutor-0_1 - [PROD] Payload 370/1000 sent successfully. Status Code: 200
2026-06-30 20:44:10,968 - INFO - ThreadPoolExecutor-0_1 - [PROD] Sending payload 384/1000 | Order Number: V4063004385
2026-06-30 20:44:11,010 - INFO - ThreadPoolExecutor-0_8 - [PROD] Payload 375/1000 sent successfully. Status Code: 200
2026-06-30 20:44:11,011 - INFO - ThreadPoolExecutor-0_8 - [PROD] Sending payload 385/1000 | Order Number: V4063004386
2026-06-30 20:44:11,143 - INFO - ThreadPoolExecutor-0_9 - [PROD] Payload 376/1000 sent successfully. Status Code: 200
2026-06-30 20:44:11,144 - INFO - ThreadPoolExecutor-0_9 - [PROD] Sending payload 386/1000 | Order Number: V4063004387
2026-06-30 20:44:11,304 - INFO - ThreadPoolExecutor-0_3 - [PROD] Payload 377/1000 sent successfully. Status Code: 200
2026-06-30 20:44:11,305 - INFO - ThreadPoolExecutor-0_3 - [PROD] Sending payload 387/1000 | Order Number: V4063004388
2026-06-30 20:44:11,704 - INFO - ThreadPoolExecutor-0_4 - [PROD] Payload 378/1000 sent successfully. Status Code: 200
2026-06-30 20:44:11,707 - INFO - ThreadPoolExecutor-0_4 - [PROD] Sending payload 388/1000 | Order Number: V4063004389
2026-06-30 20:44:12,354 - INFO - ThreadPoolExecutor-0_6 - [PROD] Payload 380/1000 sent successfully. Status Code: 200
2026-06-30 20:44:12,356 - INFO - ThreadPoolExecutor-0_6 - [PROD] Sending payload 389/1000 | Order Number: V4063004390
2026-06-30 20:44:12,471 - INFO - ThreadPoolExecutor-0_5 - [PROD] Payload 379/1000 sent successfully. Status Code: 200
2026-06-30 20:44:12,473 - INFO - ThreadPoolExecutor-0_5 - [PROD] Sending payload 390/1000 | Order Number: V4063004391
2026-06-30 20:44:12,688 - INFO - ThreadPoolExecutor-0_0 - [PROD] Payload 381/1000 sent successfully. Status Code: 200
2026-06-30 20:44:12,691 - INFO - ThreadPoolExecutor-0_0 - [PROD] Sending payload 391/1000 | Order Number: V4063004392
2026-06-30 20:44:12,708 - INFO - ThreadPoolExecutor-0_7 - [PROD] Payload 383/1000 sent successfully. Status Code: 200
2026-06-30 20:44:12,710 - INFO - ThreadPoolExecutor-0_7 - [PROD] Sending payload 392/1000 | Order Number: V4063004393
2026-06-30 20:44:12,882 - INFO - ThreadPoolExecutor-0_1 - [PROD] Payload 384/1000 sent successfully. Status Code: 200
2026-06-30 20:44:12,883 - INFO - ThreadPoolExecutor-0_1 - [PROD] Sending payload 393/1000 | Order Number: V4063004394
2026-06-30 20:44:12,995 - INFO - ThreadPoolExecutor-0_8 - [PROD] Payload 385/1000 sent successfully. Status Code: 200
2026-06-30 20:44:12,996 - INFO - ThreadPoolExecutor-0_8 - [PROD] Sending payload 394/1000 | Order Number: V4063004395
2026-06-30 20:44:13,000 - INFO - ThreadPoolExecutor-0_2 - [PROD] Payload 382/1000 sent successfully. Status Code: 200
2026-06-30 20:44:13,001 - INFO - ThreadPoolExecutor-0_2 - [PROD] Sending payload 395/1000 | Order Number: V4063004396
2026-06-30 20:44:13,416 - INFO - ThreadPoolExecutor-0_9 - [PROD] Payload 386/1000 sent successfully. Status Code: 200
2026-06-30 20:44:13,417 - INFO - ThreadPoolExecutor-0_3 - [PROD] Payload 387/1000 sent successfully. Status Code: 200
2026-06-30 20:44:13,417 - INFO - ThreadPoolExecutor-0_9 - [PROD] Sending payload 396/1000 | Order Number: V4063004397
2026-06-30 20:44:13,418 - INFO - ThreadPoolExecutor-0_3 - [PROD] Sending payload 397/1000 | Order Number: V4063004398
2026-06-30 20:44:14,287 - INFO - ThreadPoolExecutor-0_6 - [PROD] Payload 389/1000 sent successfully. Status Code: 200
2026-06-30 20:44:14,288 - INFO - ThreadPoolExecutor-0_6 - [PROD] Sending payload 398/1000 | Order Number: V4063004399
2026-06-30 20:44:14,336 - INFO - ThreadPoolExecutor-0_5 - [PROD] Payload 390/1000 sent successfully. Status Code: 200
2026-06-30 20:44:14,336 - INFO - ThreadPoolExecutor-0_5 - [PROD] Sending payload 399/1000 | Order Number: V4063004400
2026-06-30 20:44:14,474 - INFO - ThreadPoolExecutor-0_4 - [PROD] Payload 388/1000 sent successfully. Status Code: 200
2026-06-30 20:44:14,475 - INFO - ThreadPoolExecutor-0_4 - [PROD] Sending payload 400/1000 | Order Number: V4063004401
2026-06-30 20:44:14,562 - INFO - ThreadPoolExecutor-0_7 - [PROD] Payload 392/1000 sent successfully. Status Code: 200
2026-06-30 20:44:14,563 - INFO - ThreadPoolExecutor-0_7 - [PROD] Sending payload 401/1000 | Order Number: V4063004402
2026-06-30 20:44:14,699 - INFO - ThreadPoolExecutor-0_0 - [PROD] Payload 391/1000 sent successfully. Status Code: 200
2026-06-30 20:44:14,700 - INFO - ThreadPoolExecutor-0_0 - [PROD] Sending payload 402/1000 | Order Number: V4063004403
2026-06-30 20:44:14,978 - INFO - ThreadPoolExecutor-0_1 - [PROD] Payload 393/1000 sent successfully. Status Code: 200
2026-06-30 20:44:14,979 - INFO - ThreadPoolExecutor-0_1 - [PROD] Sending payload 403/1000 | Order Number: V4063004404
2026-06-30 20:44:15,250 - INFO - ThreadPoolExecutor-0_9 - [PROD] Payload 396/1000 sent successfully. Status Code: 200
2026-06-30 20:44:15,252 - INFO - ThreadPoolExecutor-0_9 - [PROD] Sending payload 404/1000 | Order Number: V4063004405
2026-06-30 20:44:15,420 - INFO - ThreadPoolExecutor-0_3 - [PROD] Payload 397/1000 sent successfully. Status Code: 200
2026-06-30 20:44:15,422 - INFO - ThreadPoolExecutor-0_3 - [PROD] Sending payload 405/1000 | Order Number: V4063004406
2026-06-30 20:44:15,794 - INFO - ThreadPoolExecutor-0_2 - [PROD] Payload 395/1000 sent successfully. Status Code: 200
2026-06-30 20:44:15,795 - INFO - ThreadPoolExecutor-0_2 - [PROD] Sending payload 406/1000 | Order Number: V4063004407
2026-06-30 20:44:15,838 - INFO - ThreadPoolExecutor-0_8 - [PROD] Payload 394/1000 sent successfully. Status Code: 200
2026-06-30 20:44:15,838 - INFO - ThreadPoolExecutor-0_8 - [PROD] Sending payload 407/1000 | Order Number: V4063004408
2026-06-30 20:44:16,152 - INFO - ThreadPoolExecutor-0_5 - [PROD] Payload 399/1000 sent successfully. Status Code: 200
2026-06-30 20:44:16,153 - INFO - ThreadPoolExecutor-0_5 - [PROD] Sending payload 408/1000 | Order Number: V4063004409
2026-06-30 20:44:16,334 - INFO - ThreadPoolExecutor-0_4 - [PROD] Payload 400/1000 sent successfully. Status Code: 200
2026-06-30 20:44:16,336 - INFO - ThreadPoolExecutor-0_4 - [PROD] Sending payload 409/1000 | Order Number: V4063004410
2026-06-30 20:44:16,346 - INFO - ThreadPoolExecutor-0_6 - [PROD] Payload 398/1000 sent successfully. Status Code: 200
2026-06-30 20:44:16,347 - INFO - ThreadPoolExecutor-0_6 - [PROD] Sending payload 410/1000 | Order Number: V4063004411
2026-06-30 20:44:16,366 - INFO - ThreadPoolExecutor-0_7 - [PROD] Payload 401/1000 sent successfully. Status Code: 200
2026-06-30 20:44:16,366 - INFO - ThreadPoolExecutor-0_7 - [PROD] Sending payload 411/1000 | Order Number: V4063004412
2026-06-30 20:44:16,669 - INFO - ThreadPoolExecutor-0_0 - [PROD] Payload 402/1000 sent successfully. Status Code: 200
2026-06-30 20:44:16,671 - INFO - ThreadPoolExecutor-0_0 - [PROD] Sending payload 412/1000 | Order Number: V4063004413
2026-06-30 20:44:16,879 - INFO - ThreadPoolExecutor-0_1 - [PROD] Payload 403/1000 sent successfully. Status Code: 200
2026-06-30 20:44:16,882 - INFO - ThreadPoolExecutor-0_1 - [PROD] Sending payload 413/1000 | Order Number: V4063004414
2026-06-30 20:44:17,218 - INFO - ThreadPoolExecutor-0_9 - [PROD] Payload 404/1000 sent successfully. Status Code: 200
2026-06-30 20:44:17,219 - INFO - ThreadPoolExecutor-0_9 - [PROD] Sending payload 414/1000 | Order Number: V4063004415
2026-06-30 20:44:17,386 - INFO - ThreadPoolExecutor-0_3 - [PROD] Payload 405/1000 sent successfully. Status Code: 200
2026-06-30 20:44:17,387 - INFO - ThreadPoolExecutor-0_3 - [PROD] Sending payload 415/1000 | Order Number: V4063004416
2026-06-30 20:44:17,652 - INFO - ThreadPoolExecutor-0_8 - [PROD] Payload 407/1000 sent successfully. Status Code: 200
2026-06-30 20:44:17,654 - INFO - ThreadPoolExecutor-0_8 - [PROD] Sending payload 416/1000 | Order Number: V4063004417
2026-06-30 20:44:17,856 - INFO - ThreadPoolExecutor-0_2 - [PROD] Payload 406/1000 sent successfully. Status Code: 200
2026-06-30 20:44:17,857 - INFO - ThreadPoolExecutor-0_2 - [PROD] Sending payload 417/1000 | Order Number: V4063004418
2026-06-30 20:44:18,087 - INFO - ThreadPoolExecutor-0_5 - [PROD] Payload 408/1000 sent successfully. Status Code: 200
2026-06-30 20:44:18,089 - INFO - ThreadPoolExecutor-0_5 - [PROD] Sending payload 418/1000 | Order Number: V4063004419
2026-06-30 20:44:18,269 - INFO - ThreadPoolExecutor-0_6 - [PROD] Payload 410/1000 sent successfully. Status Code: 200
2026-06-30 20:44:18,271 - INFO - ThreadPoolExecutor-0_6 - [PROD] Sending payload 419/1000 | Order Number: V4063004420
2026-06-30 20:44:18,501 - INFO - ThreadPoolExecutor-0_7 - [PROD] Payload 411/1000 sent successfully. Status Code: 200
2026-06-30 20:44:18,503 - INFO - ThreadPoolExecutor-0_7 - [PROD] Sending payload 420/1000 | Order Number: V4063004421
2026-06-30 20:44:18,618 - INFO - ThreadPoolExecutor-0_4 - [PROD] Payload 409/1000 sent successfully. Status Code: 200
2026-06-30 20:44:18,619 - INFO - ThreadPoolExecutor-0_4 - [PROD] Sending payload 421/1000 | Order Number: V4063004422
2026-06-30 20:44:18,688 - INFO - ThreadPoolExecutor-0_0 - [PROD] Payload 412/1000 sent successfully. Status Code: 200
2026-06-30 20:44:18,691 - INFO - ThreadPoolExecutor-0_0 - [PROD] Sending payload 422/1000 | Order Number: V4063004423
2026-06-30 20:44:18,814 - INFO - ThreadPoolExecutor-0_1 - [PROD] Payload 413/1000 sent successfully. Status Code: 200
2026-06-30 20:44:18,816 - INFO - ThreadPoolExecutor-0_1 - [PROD] Sending payload 423/1000 | Order Number: V4063004424
2026-06-30 20:44:19,048 - INFO - ThreadPoolExecutor-0_9 - [PROD] Payload 414/1000 sent successfully. Status Code: 200
2026-06-30 20:44:19,051 - INFO - ThreadPoolExecutor-0_9 - [PROD] Sending payload 424/1000 | Order Number: V4063004425
2026-06-30 20:44:19,424 - INFO - ThreadPoolExecutor-0_3 - [PROD] Payload 415/1000 sent successfully. Status Code: 200
2026-06-30 20:44:19,425 - INFO - ThreadPoolExecutor-0_3 - [PROD] Sending payload 425/1000 | Order Number: V4063004426
2026-06-30 20:44:19,688 - INFO - ThreadPoolExecutor-0_2 - [PROD] Payload 417/1000 sent successfully. Status Code: 200
2026-06-30 20:44:19,690 - INFO - ThreadPoolExecutor-0_2 - [PROD] Sending payload 426/1000 | Order Number: V4063004427
2026-06-30 20:44:20,230 - INFO - ThreadPoolExecutor-0_6 - [PROD] Payload 419/1000 sent successfully. Status Code: 200
2026-06-30 20:44:20,231 - INFO - ThreadPoolExecutor-0_6 - [PROD] Sending payload 427/1000 | Order Number: V4063004428
2026-06-30 20:44:20,498 - INFO - ThreadPoolExecutor-0_0 - [PROD] Payload 422/1000 sent successfully. Status Code: 200
2026-06-30 20:44:20,499 - INFO - ThreadPoolExecutor-0_0 - [PROD] Sending payload 428/1000 | Order Number: V4063004429
2026-06-30 20:44:20,600 - INFO - ThreadPoolExecutor-0_5 - [PROD] Payload 418/1000 sent successfully. Status Code: 200
2026-06-30 20:44:20,600 - INFO - ThreadPoolExecutor-0_5 - [PROD] Sending payload 429/1000 | Order Number: V4063004430
2026-06-30 20:44:20,663 - INFO - ThreadPoolExecutor-0_7 - [PROD] Payload 420/1000 sent successfully. Status Code: 200
2026-06-30 20:44:20,664 - INFO - ThreadPoolExecutor-0_7 - [PROD] Sending payload 430/1000 | Order Number: V4063004431
2026-06-30 20:44:20,833 - INFO - ThreadPoolExecutor-0_8 - [PROD] Payload 416/1000 sent successfully. Status Code: 200
2026-06-30 20:44:20,835 - INFO - ThreadPoolExecutor-0_8 - [PROD] Sending payload 431/1000 | Order Number: V4063004432
2026-06-30 20:44:21,029 - INFO - ThreadPoolExecutor-0_1 - [PROD] Payload 423/1000 sent successfully. Status Code: 200
2026-06-30 20:44:21,030 - INFO - ThreadPoolExecutor-0_1 - [PROD] Sending payload 432/1000 | Order Number: V4063004433
2026-06-30 20:44:21,207 - INFO - ThreadPoolExecutor-0_9 - [PROD] Payload 424/1000 sent successfully. Status Code: 200
2026-06-30 20:44:21,209 - INFO - ThreadPoolExecutor-0_9 - [PROD] Sending payload 433/1000 | Order Number: V4063004434
2026-06-30 20:44:22,063 - INFO - ThreadPoolExecutor-0_6 - [PROD] Payload 427/1000 sent successfully. Status Code: 200
2026-06-30 20:44:22,066 - INFO - ThreadPoolExecutor-0_6 - [PROD] Sending payload 434/1000 | Order Number: V4063004435
2026-06-30 20:44:22,369 - INFO - ThreadPoolExecutor-0_0 - [PROD] Payload 428/1000 sent successfully. Status Code: 200
2026-06-30 20:44:22,371 - INFO - ThreadPoolExecutor-0_0 - [PROD] Sending payload 435/1000 | Order Number: V4063004436
2026-06-30 20:44:22,439 - INFO - ThreadPoolExecutor-0_3 - [PROD] Payload 425/1000 sent successfully. Status Code: 200
2026-06-30 20:44:22,441 - INFO - ThreadPoolExecutor-0_3 - [PROD] Sending payload 436/1000 | Order Number: V4063004437
2026-06-30 20:44:22,462 - INFO - ThreadPoolExecutor-0_5 - [PROD] Payload 429/1000 sent successfully. Status Code: 200
2026-06-30 20:44:22,463 - INFO - ThreadPoolExecutor-0_5 - [PROD] Sending payload 437/1000 | Order Number: V4063004438
2026-06-30 20:44:22,495 - INFO - ThreadPoolExecutor-0_4 - [PROD] Payload 421/1000 sent successfully. Status Code: 200
2026-06-30 20:44:22,495 - INFO - ThreadPoolExecutor-0_4 - [PROD] Sending payload 438/1000 | Order Number: V4063004439
2026-06-30 20:44:22,497 - INFO - ThreadPoolExecutor-0_2 - [PROD] Payload 426/1000 sent successfully. Status Code: 200
2026-06-30 20:44:22,497 - INFO - ThreadPoolExecutor-0_2 - [PROD] Sending payload 439/1000 | Order Number: V4063004440
2026-06-30 20:44:22,502 - INFO - ThreadPoolExecutor-0_7 - [PROD] Payload 430/1000 sent successfully. Status Code: 200
2026-06-30 20:44:22,502 - INFO - ThreadPoolExecutor-0_7 - [PROD] Sending payload 440/1000 | Order Number: V4063004441
2026-06-30 20:44:22,910 - INFO - ThreadPoolExecutor-0_1 - [PROD] Payload 432/1000 sent successfully. Status Code: 200
2026-06-30 20:44:22,913 - INFO - ThreadPoolExecutor-0_1 - [PROD] Sending payload 441/1000 | Order Number: V4063004442
2026-06-30 20:44:23,058 - INFO - ThreadPoolExecutor-0_9 - [PROD] Payload 433/1000 sent successfully. Status Code: 200
2026-06-30 20:44:23,060 - INFO - ThreadPoolExecutor-0_9 - [PROD] Sending payload 442/1000 | Order Number: V4063004443
2026-06-30 20:44:23,600 - INFO - ThreadPoolExecutor-0_8 - [PROD] Payload 431/1000 sent successfully. Status Code: 200
2026-06-30 20:44:23,602 - INFO - ThreadPoolExecutor-0_8 - [PROD] Sending payload 443/1000 | Order Number: V4063004444
2026-06-30 20:44:23,924 - INFO - ThreadPoolExecutor-0_6 - [PROD] Payload 434/1000 sent successfully. Status Code: 200
2026-06-30 20:44:23,924 - INFO - ThreadPoolExecutor-0_6 - [PROD] Sending payload 444/1000 | Order Number: V4063004445
2026-06-30 20:44:24,193 - INFO - ThreadPoolExecutor-0_0 - [PROD] Payload 435/1000 sent successfully. Status Code: 200
2026-06-30 20:44:24,194 - INFO - ThreadPoolExecutor-0_0 - [PROD] Sending payload 445/1000 | Order Number: V4063004446
2026-06-30 20:44:24,309 - INFO - ThreadPoolExecutor-0_5 - [PROD] Payload 437/1000 sent successfully. Status Code: 200
2026-06-30 20:44:24,310 - INFO - ThreadPoolExecutor-0_5 - [PROD] Sending payload 446/1000 | Order Number: V4063004447
2026-06-30 20:44:24,375 - INFO - ThreadPoolExecutor-0_4 - [PROD] Payload 438/1000 sent successfully. Status Code: 200
2026-06-30 20:44:24,376 - INFO - ThreadPoolExecutor-0_4 - [PROD] Sending payload 447/1000 | Order Number: V4063004448
2026-06-30 20:44:24,386 - INFO - ThreadPoolExecutor-0_2 - [PROD] Payload 439/1000 sent successfully. Status Code: 200
2026-06-30 20:44:24,386 - INFO - ThreadPoolExecutor-0_2 - [PROD] Sending payload 448/1000 | Order Number: V4063004449
2026-06-30 20:44:24,819 - INFO - ThreadPoolExecutor-0_7 - [PROD] Payload 440/1000 sent successfully. Status Code: 200
2026-06-30 20:44:24,821 - INFO - ThreadPoolExecutor-0_7 - [PROD] Sending payload 449/1000 | Order Number: V4063004450
2026-06-30 20:44:24,912 - INFO - ThreadPoolExecutor-0_1 - [PROD] Payload 441/1000 sent successfully. Status Code: 200
2026-06-30 20:44:24,915 - INFO - ThreadPoolExecutor-0_1 - [PROD] Sending payload 450/1000 | Order Number: V4063004451
2026-06-30 20:44:25,300 - INFO - ThreadPoolExecutor-0_3 - [PROD] Payload 436/1000 sent successfully. Status Code: 200
2026-06-30 20:44:25,301 - INFO - ThreadPoolExecutor-0_3 - [PROD] Sending payload 451/1000 | Order Number: V4063004452
2026-06-30 20:44:25,432 - INFO - ThreadPoolExecutor-0_8 - [PROD] Payload 443/1000 sent successfully. Status Code: 200
2026-06-30 20:44:25,434 - INFO - ThreadPoolExecutor-0_8 - [PROD] Sending payload 452/1000 | Order Number: V4063004453
2026-06-30 20:44:25,741 - INFO - ThreadPoolExecutor-0_6 - [PROD] Payload 444/1000 sent successfully. Status Code: 200
2026-06-30 20:44:25,742 - INFO - ThreadPoolExecutor-0_6 - [PROD] Sending payload 453/1000 | Order Number: V4063004454
2026-06-30 20:44:26,069 - INFO - ThreadPoolExecutor-0_0 - [PROD] Payload 445/1000 sent successfully. Status Code: 200
2026-06-30 20:44:26,070 - INFO - ThreadPoolExecutor-0_0 - [PROD] Sending payload 454/1000 | Order Number: V4063004455
2026-06-30 20:44:26,175 - INFO - ThreadPoolExecutor-0_2 - [PROD] Payload 448/1000 sent successfully. Status Code: 200
2026-06-30 20:44:26,178 - INFO - ThreadPoolExecutor-0_2 - [PROD] Sending payload 455/1000 | Order Number: V4063004456
2026-06-30 20:44:26,262 - INFO - ThreadPoolExecutor-0_9 - [PROD] Payload 442/1000 sent successfully. Status Code: 200
2026-06-30 20:44:26,263 - INFO - ThreadPoolExecutor-0_9 - [PROD] Sending payload 456/1000 | Order Number: V4063004457
2026-06-30 20:44:26,275 - INFO - ThreadPoolExecutor-0_5 - [PROD] Payload 446/1000 sent successfully. Status Code: 200
2026-06-30 20:44:26,276 - INFO - ThreadPoolExecutor-0_5 - [PROD] Sending payload 457/1000 | Order Number: V4063004458
2026-06-30 20:44:26,455 - INFO - ThreadPoolExecutor-0_4 - [PROD] Payload 447/1000 sent successfully. Status Code: 200
2026-06-30 20:44:26,457 - INFO - ThreadPoolExecutor-0_4 - [PROD] Sending payload 458/1000 | Order Number: V4063004459
2026-06-30 20:44:26,674 - INFO - ThreadPoolExecutor-0_7 - [PROD] Payload 449/1000 sent successfully. Status Code: 200
2026-06-30 20:44:26,676 - INFO - ThreadPoolExecutor-0_7 - [PROD] Sending payload 459/1000 | Order Number: V4063004460
2026-06-30 20:44:26,832 - INFO - ThreadPoolExecutor-0_1 - [PROD] Payload 450/1000 sent successfully. Status Code: 200
2026-06-30 20:44:26,834 - INFO - ThreadPoolExecutor-0_1 - [PROD] Sending payload 460/1000 | Order Number: V4063004461
2026-06-30 20:44:27,115 - INFO - ThreadPoolExecutor-0_3 - [PROD] Payload 451/1000 sent successfully. Status Code: 200
2026-06-30 20:44:27,117 - INFO - ThreadPoolExecutor-0_3 - [PROD] Sending payload 461/1000 | Order Number: V4063004462
2026-06-30 20:44:27,291 - INFO - ThreadPoolExecutor-0_8 - [PROD] Payload 452/1000 sent successfully. Status Code: 200
2026-06-30 20:44:27,293 - INFO - ThreadPoolExecutor-0_8 - [PROD] Sending payload 462/1000 | Order Number: V4063004463
2026-06-30 20:44:27,596 - INFO - ThreadPoolExecutor-0_6 - [PROD] Payload 453/1000 sent successfully. Status Code: 200
2026-06-30 20:44:27,598 - INFO - ThreadPoolExecutor-0_6 - [PROD] Sending payload 463/1000 | Order Number: V4063004464
2026-06-30 20:44:27,904 - INFO - ThreadPoolExecutor-0_0 - [PROD] Payload 454/1000 sent successfully. Status Code: 200
2026-06-30 20:44:27,906 - INFO - ThreadPoolExecutor-0_0 - [PROD] Sending payload 464/1000 | Order Number: V4063004465
2026-06-30 20:44:28,014 - INFO - ThreadPoolExecutor-0_2 - [PROD] Payload 455/1000 sent successfully. Status Code: 200
2026-06-30 20:44:28,017 - INFO - ThreadPoolExecutor-0_2 - [PROD] Sending payload 465/1000 | Order Number: V4063004466
2026-06-30 20:44:28,219 - INFO - ThreadPoolExecutor-0_9 - [PROD] Payload 456/1000 sent successfully. Status Code: 200
2026-06-30 20:44:28,221 - INFO - ThreadPoolExecutor-0_9 - [PROD] Sending payload 466/1000 | Order Number: V4063004467
2026-06-30 20:44:28,340 - INFO - ThreadPoolExecutor-0_4 - [PROD] Payload 458/1000 sent successfully. Status Code: 200
2026-06-30 20:44:28,342 - INFO - ThreadPoolExecutor-0_4 - [PROD] Sending payload 467/1000 | Order Number: V4063004468
2026-06-30 20:44:28,460 - INFO - ThreadPoolExecutor-0_5 - [PROD] Payload 457/1000 sent successfully. Status Code: 200
2026-06-30 20:44:28,463 - INFO - ThreadPoolExecutor-0_5 - [PROD] Sending payload 468/1000 | Order Number: V4063004469
2026-06-30 20:44:28,475 - INFO - ThreadPoolExecutor-0_7 - [PROD] Payload 459/1000 sent successfully. Status Code: 200
2026-06-30 20:44:28,475 - INFO - ThreadPoolExecutor-0_7 - [PROD] Sending payload 469/1000 | Order Number: V4063004470
2026-06-30 20:44:29,078 - INFO - ThreadPoolExecutor-0_3 - [PROD] Payload 461/1000 sent successfully. Status Code: 200
2026-06-30 20:44:29,079 - INFO - ThreadPoolExecutor-0_3 - [PROD] Sending payload 470/1000 | Order Number: V4063004471
2026-06-30 20:44:29,148 - INFO - ThreadPoolExecutor-0_1 - [PROD] Payload 460/1000 sent successfully. Status Code: 200
2026-06-30 20:44:29,149 - INFO - ThreadPoolExecutor-0_1 - [PROD] Sending payload 471/1000 | Order Number: V4063004472
2026-06-30 20:44:29,151 - INFO - ThreadPoolExecutor-0_8 - [PROD] Payload 462/1000 sent successfully. Status Code: 200
2026-06-30 20:44:29,151 - INFO - ThreadPoolExecutor-0_8 - [PROD] Sending payload 472/1000 | Order Number: V4063004473
2026-06-30 20:44:29,537 - INFO - ThreadPoolExecutor-0_6 - [PROD] Payload 463/1000 sent successfully. Status Code: 200
2026-06-30 20:44:29,540 - INFO - ThreadPoolExecutor-0_6 - [PROD] Sending payload 473/1000 | Order Number: V4063004474
2026-06-30 20:44:29,775 - INFO - ThreadPoolExecutor-0_0 - [PROD] Payload 464/1000 sent successfully. Status Code: 200
2026-06-30 20:44:29,777 - INFO - ThreadPoolExecutor-0_0 - [PROD] Sending payload 474/1000 | Order Number: V4063004475
2026-06-30 20:44:29,954 - INFO - ThreadPoolExecutor-0_2 - [PROD] Payload 465/1000 sent successfully. Status Code: 200
2026-06-30 20:44:29,957 - INFO - ThreadPoolExecutor-0_2 - [PROD] Sending payload 475/1000 | Order Number: V4063004476
2026-06-30 20:44:30,078 - INFO - ThreadPoolExecutor-0_9 - [PROD] Payload 466/1000 sent successfully. Status Code: 200
2026-06-30 20:44:30,080 - INFO - ThreadPoolExecutor-0_9 - [PROD] Sending payload 476/1000 | Order Number: V4063004477
2026-06-30 20:44:30,264 - INFO - ThreadPoolExecutor-0_4 - [PROD] Payload 467/1000 sent successfully. Status Code: 200
2026-06-30 20:44:30,266 - INFO - ThreadPoolExecutor-0_4 - [PROD] Sending payload 477/1000 | Order Number: V4063004478
2026-06-30 20:44:30,270 - INFO - ThreadPoolExecutor-0_5 - [PROD] Payload 468/1000 sent successfully. Status Code: 200
2026-06-30 20:44:30,271 - INFO - ThreadPoolExecutor-0_5 - [PROD] Sending payload 478/1000 | Order Number: V4063004479
2026-06-30 20:44:30,521 - INFO - ThreadPoolExecutor-0_7 - [PROD] Payload 469/1000 sent successfully. Status Code: 200
2026-06-30 20:44:30,522 - INFO - ThreadPoolExecutor-0_7 - [PROD] Sending payload 479/1000 | Order Number: V4063004480
2026-06-30 20:44:30,959 - INFO - ThreadPoolExecutor-0_3 - [PROD] Payload 470/1000 sent successfully. Status Code: 200
2026-06-30 20:44:30,960 - INFO - ThreadPoolExecutor-0_3 - [PROD] Sending payload 480/1000 | Order Number: V4063004481
2026-06-30 20:44:31,082 - INFO - ThreadPoolExecutor-0_8 - [PROD] Payload 472/1000 sent successfully. Status Code: 200
2026-06-30 20:44:31,083 - INFO - ThreadPoolExecutor-0_8 - [PROD] Sending payload 481/1000 | Order Number: V4063004482
2026-06-30 20:44:31,185 - INFO - ThreadPoolExecutor-0_1 - [PROD] Payload 471/1000 sent successfully. Status Code: 200
2026-06-30 20:44:31,186 - INFO - ThreadPoolExecutor-0_1 - [PROD] Sending payload 482/1000 | Order Number: V4063004483
2026-06-30 20:44:31,381 - INFO - ThreadPoolExecutor-0_6 - [PROD] Payload 473/1000 sent successfully. Status Code: 200
2026-06-30 20:44:31,382 - INFO - ThreadPoolExecutor-0_6 - [PROD] Sending payload 483/1000 | Order Number: V4063004484
2026-06-30 20:44:31,637 - INFO - ThreadPoolExecutor-0_0 - [PROD] Payload 474/1000 sent successfully. Status Code: 200
2026-06-30 20:44:31,639 - INFO - ThreadPoolExecutor-0_0 - [PROD] Sending payload 484/1000 | Order Number: V4063004485
2026-06-30 20:44:31,822 - INFO - ThreadPoolExecutor-0_2 - [PROD] Payload 475/1000 sent successfully. Status Code: 200
2026-06-30 20:44:31,824 - INFO - ThreadPoolExecutor-0_2 - [PROD] Sending payload 485/1000 | Order Number: V4063004486
2026-06-30 20:44:32,062 - INFO - ThreadPoolExecutor-0_5 - [PROD] Payload 478/1000 sent successfully. Status Code: 200
2026-06-30 20:44:32,063 - INFO - ThreadPoolExecutor-0_5 - [PROD] Sending payload 486/1000 | Order Number: V4063004487
2026-06-30 20:44:32,116 - INFO - ThreadPoolExecutor-0_9 - [PROD] Payload 476/1000 sent successfully. Status Code: 200
2026-06-30 20:44:32,117 - INFO - ThreadPoolExecutor-0_9 - [PROD] Sending payload 487/1000 | Order Number: V4063004488
2026-06-30 20:44:32,179 - INFO - ThreadPoolExecutor-0_4 - [PROD] Payload 477/1000 sent successfully. Status Code: 200
2026-06-30 20:44:32,180 - INFO - ThreadPoolExecutor-0_4 - [PROD] Sending payload 488/1000 | Order Number: V4063004489
2026-06-30 20:44:32,420 - INFO - ThreadPoolExecutor-0_7 - [PROD] Payload 479/1000 sent successfully. Status Code: 200
2026-06-30 20:44:32,422 - INFO - ThreadPoolExecutor-0_7 - [PROD] Sending payload 489/1000 | Order Number: V4063004490
2026-06-30 20:44:32,774 - INFO - ThreadPoolExecutor-0_3 - [PROD] Payload 480/1000 sent successfully. Status Code: 200
2026-06-30 20:44:32,775 - INFO - ThreadPoolExecutor-0_3 - [PROD] Sending payload 490/1000 | Order Number: V4063004491
2026-06-30 20:44:32,959 - INFO - ThreadPoolExecutor-0_8 - [PROD] Payload 481/1000 sent successfully. Status Code: 200
2026-06-30 20:44:32,959 - INFO - ThreadPoolExecutor-0_8 - [PROD] Sending payload 491/1000 | Order Number: V4063004492
2026-06-30 20:44:33,124 - INFO - ThreadPoolExecutor-0_1 - [PROD] Payload 482/1000 sent successfully. Status Code: 200
2026-06-30 20:44:33,126 - INFO - ThreadPoolExecutor-0_1 - [PROD] Sending payload 492/1000 | Order Number: V4063004493
2026-06-30 20:44:33,233 - INFO - ThreadPoolExecutor-0_6 - [PROD] Payload 483/1000 sent successfully. Status Code: 200
2026-06-30 20:44:33,235 - INFO - ThreadPoolExecutor-0_6 - [PROD] Sending payload 493/1000 | Order Number: V4063004494
2026-06-30 20:44:33,492 - INFO - ThreadPoolExecutor-0_0 - [PROD] Payload 484/1000 sent successfully. Status Code: 200
2026-06-30 20:44:33,494 - INFO - ThreadPoolExecutor-0_0 - [PROD] Sending payload 494/1000 | Order Number: V4063004495
2026-06-30 20:44:33,839 - INFO - ThreadPoolExecutor-0_2 - [PROD] Payload 485/1000 sent successfully. Status Code: 200
2026-06-30 20:44:33,840 - INFO - ThreadPoolExecutor-0_2 - [PROD] Sending payload 495/1000 | Order Number: V4063004496
2026-06-30 20:44:33,923 - INFO - ThreadPoolExecutor-0_9 - [PROD] Payload 487/1000 sent successfully. Status Code: 200
2026-06-30 20:44:33,925 - INFO - ThreadPoolExecutor-0_9 - [PROD] Sending payload 496/1000 | Order Number: V4063004497
2026-06-30 20:44:34,018 - INFO - ThreadPoolExecutor-0_5 - [PROD] Payload 486/1000 sent successfully. Status Code: 200
2026-06-30 20:44:34,020 - INFO - ThreadPoolExecutor-0_5 - [PROD] Sending payload 497/1000 | Order Number: V4063004498
2026-06-30 20:44:34,066 - INFO - ThreadPoolExecutor-0_4 - [PROD] Payload 488/1000 sent successfully. Status Code: 200
2026-06-30 20:44:34,067 - INFO - ThreadPoolExecutor-0_4 - [PROD] Sending payload 498/1000 | Order Number: V4063004499
2026-06-30 20:44:34,279 - INFO - ThreadPoolExecutor-0_7 - [PROD] Payload 489/1000 sent successfully. Status Code: 200
2026-06-30 20:44:34,282 - INFO - ThreadPoolExecutor-0_7 - [PROD] Sending payload 499/1000 | Order Number: V4063004500
2026-06-30 20:44:34,551 - INFO - ThreadPoolExecutor-0_3 - [PROD] Payload 490/1000 sent successfully. Status Code: 200
2026-06-30 20:44:34,553 - INFO - ThreadPoolExecutor-0_3 - [PROD] Sending payload 500/1000 | Order Number: V4063004501
2026-06-30 20:44:34,781 - INFO - ThreadPoolExecutor-0_8 - [PROD] Payload 491/1000 sent successfully. Status Code: 200
2026-06-30 20:44:34,783 - INFO - ThreadPoolExecutor-0_8 - [PROD] Sending payload 501/1000 | Order Number: V4063004502
2026-06-30 20:44:35,016 - INFO - ThreadPoolExecutor-0_1 - [PROD] Payload 492/1000 sent successfully. Status Code: 200
2026-06-30 20:44:35,018 - INFO - ThreadPoolExecutor-0_1 - [PROD] Sending payload 502/1000 | Order Number: V4063004503
2026-06-30 20:44:35,083 - INFO - ThreadPoolExecutor-0_6 - [PROD] Payload 493/1000 sent successfully. Status Code: 200
2026-06-30 20:44:35,085 - INFO - ThreadPoolExecutor-0_6 - [PROD] Sending payload 503/1000 | Order Number: V4063004504
2026-06-30 20:44:35,423 - INFO - ThreadPoolExecutor-0_0 - [PROD] Payload 494/1000 sent successfully. Status Code: 200
2026-06-30 20:44:35,425 - INFO - ThreadPoolExecutor-0_0 - [PROD] Sending payload 504/1000 | Order Number: V4063004505
2026-06-30 20:44:35,704 - INFO - ThreadPoolExecutor-0_2 - [PROD] Payload 495/1000 sent successfully. Status Code: 200
2026-06-30 20:44:35,705 - INFO - ThreadPoolExecutor-0_2 - [PROD] Sending payload 505/1000 | Order Number: V4063004506
2026-06-30 20:44:35,836 - INFO - ThreadPoolExecutor-0_9 - [PROD] Payload 496/1000 sent successfully. Status Code: 200
2026-06-30 20:44:35,838 - INFO - ThreadPoolExecutor-0_9 - [PROD] Sending payload 506/1000 | Order Number: V4063004507
2026-06-30 20:44:35,872 - INFO - ThreadPoolExecutor-0_5 - [PROD] Payload 497/1000 sent successfully. Status Code: 200
2026-06-30 20:44:35,872 - INFO - ThreadPoolExecutor-0_5 - [PROD] Sending payload 507/1000 | Order Number: V4063004508
2026-06-30 20:44:35,955 - INFO - ThreadPoolExecutor-0_4 - [PROD] Payload 498/1000 sent successfully. Status Code: 200
2026-06-30 20:44:35,957 - INFO - ThreadPoolExecutor-0_4 - [PROD] Sending payload 508/1000 | Order Number: V4063004509
2026-06-30 20:44:36,108 - INFO - ThreadPoolExecutor-0_7 - [PROD] Payload 499/1000 sent successfully. Status Code: 200
2026-06-30 20:44:36,110 - INFO - ThreadPoolExecutor-0_7 - [PROD] Sending payload 509/1000 | Order Number: V4063004510
2026-06-30 20:44:36,462 - INFO - ThreadPoolExecutor-0_3 - [PROD] Payload 500/1000 sent successfully. Status Code: 200
2026-06-30 20:44:36,465 - INFO - ThreadPoolExecutor-0_3 - [PROD] Sending payload 510/1000 | Order Number: V4063004511
2026-06-30 20:44:36,677 - INFO - ThreadPoolExecutor-0_8 - [PROD] Payload 501/1000 sent successfully. Status Code: 200
2026-06-30 20:44:36,678 - INFO - ThreadPoolExecutor-0_8 - [PROD] Sending payload 511/1000 | Order Number: V4063004512
2026-06-30 20:44:36,904 - INFO - ThreadPoolExecutor-0_1 - [PROD] Payload 502/1000 sent successfully. Status Code: 200
2026-06-30 20:44:36,906 - INFO - ThreadPoolExecutor-0_1 - [PROD] Sending payload 512/1000 | Order Number: V4063004513
2026-06-30 20:44:36,966 - INFO - ThreadPoolExecutor-0_6 - [PROD] Payload 503/1000 sent successfully. Status Code: 200
2026-06-30 20:44:36,967 - INFO - ThreadPoolExecutor-0_6 - [PROD] Sending payload 513/1000 | Order Number: V4063004514
2026-06-30 20:44:37,222 - INFO - ThreadPoolExecutor-0_0 - [PROD] Payload 504/1000 sent successfully. Status Code: 200
2026-06-30 20:44:37,223 - INFO - ThreadPoolExecutor-0_0 - [PROD] Sending payload 514/1000 | Order Number: V4063004515
2026-06-30 20:44:37,655 - INFO - ThreadPoolExecutor-0_2 - [PROD] Payload 505/1000 sent successfully. Status Code: 200
2026-06-30 20:44:37,657 - INFO - ThreadPoolExecutor-0_2 - [PROD] Sending payload 515/1000 | Order Number: V4063004516
2026-06-30 20:44:37,670 - INFO - ThreadPoolExecutor-0_9 - [PROD] Payload 506/1000 sent successfully. Status Code: 200
2026-06-30 20:44:37,671 - INFO - ThreadPoolExecutor-0_9 - [PROD] Sending payload 516/1000 | Order Number: V4063004517
2026-06-30 20:44:37,677 - INFO - ThreadPoolExecutor-0_5 - [PROD] Payload 507/1000 sent successfully. Status Code: 200
2026-06-30 20:44:37,678 - INFO - ThreadPoolExecutor-0_5 - [PROD] Sending payload 517/1000 | Order Number: V4063004518
2026-06-30 20:44:37,898 - INFO - ThreadPoolExecutor-0_4 - [PROD] Payload 508/1000 sent successfully. Status Code: 200
2026-06-30 20:44:37,900 - INFO - ThreadPoolExecutor-0_4 - [PROD] Sending payload 518/1000 | Order Number: V4063004519
2026-06-30 20:44:38,039 - INFO - ThreadPoolExecutor-0_7 - [PROD] Payload 509/1000 sent successfully. Status Code: 200
2026-06-30 20:44:38,041 - INFO - ThreadPoolExecutor-0_7 - [PROD] Sending payload 519/1000 | Order Number: V4063004520
2026-06-30 20:44:38,304 - INFO - ThreadPoolExecutor-0_3 - [PROD] Payload 510/1000 sent successfully. Status Code: 200
2026-06-30 20:44:38,306 - INFO - ThreadPoolExecutor-0_3 - [PROD] Sending payload 520/1000 | Order Number: V4063004521
2026-06-30 20:44:38,493 - INFO - ThreadPoolExecutor-0_8 - [PROD] Payload 511/1000 sent successfully. Status Code: 200
2026-06-30 20:44:38,495 - INFO - ThreadPoolExecutor-0_8 - [PROD] Sending payload 521/1000 | Order Number: V4063004522
2026-06-30 20:44:38,882 - INFO - ThreadPoolExecutor-0_1 - [PROD] Payload 512/1000 sent successfully. Status Code: 200
2026-06-30 20:44:38,883 - INFO - ThreadPoolExecutor-0_1 - [PROD] Sending payload 522/1000 | Order Number: V4063004523
2026-06-30 20:44:39,035 - INFO - ThreadPoolExecutor-0_0 - [PROD] Payload 514/1000 sent successfully. Status Code: 200
2026-06-30 20:44:39,037 - INFO - ThreadPoolExecutor-0_0 - [PROD] Sending payload 523/1000 | Order Number: V4063004524
2026-06-30 20:44:39,062 - INFO - ThreadPoolExecutor-0_6 - [PROD] Payload 513/1000 sent successfully. Status Code: 200
2026-06-30 20:44:39,063 - INFO - ThreadPoolExecutor-0_6 - [PROD] Sending payload 524/1000 | Order Number: V4063004525
2026-06-30 20:44:39,489 - INFO - ThreadPoolExecutor-0_2 - [PROD] Payload 515/1000 sent successfully. Status Code: 200
2026-06-30 20:44:39,491 - INFO - ThreadPoolExecutor-0_2 - [PROD] Sending payload 525/1000 | Order Number: V4063004526
2026-06-30 20:44:39,494 - INFO - ThreadPoolExecutor-0_9 - [PROD] Payload 516/1000 sent successfully. Status Code: 200
2026-06-30 20:44:39,495 - INFO - ThreadPoolExecutor-0_9 - [PROD] Sending payload 526/1000 | Order Number: V4063004527
2026-06-30 20:44:39,651 - INFO - ThreadPoolExecutor-0_5 - [PROD] Payload 517/1000 sent successfully. Status Code: 200
2026-06-30 20:44:39,652 - INFO - ThreadPoolExecutor-0_5 - [PROD] Sending payload 527/1000 | Order Number: V4063004528
2026-06-30 20:44:39,693 - INFO - ThreadPoolExecutor-0_4 - [PROD] Payload 518/1000 sent successfully. Status Code: 200
2026-06-30 20:44:39,693 - INFO - ThreadPoolExecutor-0_4 - [PROD] Sending payload 528/1000 | Order Number: V4063004529
2026-06-30 20:44:39,857 - INFO - ThreadPoolExecutor-0_7 - [PROD] Payload 519/1000 sent successfully. Status Code: 200
2026-06-30 20:44:39,858 - INFO - ThreadPoolExecutor-0_7 - [PROD] Sending payload 529/1000 | Order Number: V4063004530
2026-06-30 20:44:40,127 - INFO - ThreadPoolExecutor-0_3 - [PROD] Payload 520/1000 sent successfully. Status Code: 200
2026-06-30 20:44:40,129 - INFO - ThreadPoolExecutor-0_3 - [PROD] Sending payload 530/1000 | Order Number: V4063004531
2026-06-30 20:44:40,311 - INFO - ThreadPoolExecutor-0_8 - [PROD] Payload 521/1000 sent successfully. Status Code: 200
2026-06-30 20:44:40,313 - INFO - ThreadPoolExecutor-0_8 - [PROD] Sending payload 531/1000 | Order Number: V4063004532
2026-06-30 20:44:40,718 - INFO - ThreadPoolExecutor-0_1 - [PROD] Payload 522/1000 sent successfully. Status Code: 200
2026-06-30 20:44:40,720 - INFO - ThreadPoolExecutor-0_1 - [PROD] Sending payload 532/1000 | Order Number: V4063004533
2026-06-30 20:44:40,911 - INFO - ThreadPoolExecutor-0_0 - [PROD] Payload 523/1000 sent successfully. Status Code: 200
2026-06-30 20:44:40,913 - INFO - ThreadPoolExecutor-0_0 - [PROD] Sending payload 533/1000 | Order Number: V4063004534
2026-06-30 20:44:40,915 - INFO - ThreadPoolExecutor-0_6 - [PROD] Payload 524/1000 sent successfully. Status Code: 200
2026-06-30 20:44:40,916 - INFO - ThreadPoolExecutor-0_6 - [PROD] Sending payload 534/1000 | Order Number: V4063004535
2026-06-30 20:44:41,402 - INFO - ThreadPoolExecutor-0_2 - [PROD] Payload 525/1000 sent successfully. Status Code: 200
2026-06-30 20:44:41,404 - INFO - ThreadPoolExecutor-0_2 - [PROD] Sending payload 535/1000 | Order Number: V4063004536
2026-06-30 20:44:41,495 - INFO - ThreadPoolExecutor-0_9 - [PROD] Payload 526/1000 sent successfully. Status Code: 200
2026-06-30 20:44:41,497 - INFO - ThreadPoolExecutor-0_9 - [PROD] Sending payload 536/1000 | Order Number: V4063004537
2026-06-30 20:44:41,510 - INFO - ThreadPoolExecutor-0_5 - [PROD] Payload 527/1000 sent successfully. Status Code: 200
2026-06-30 20:44:41,512 - INFO - ThreadPoolExecutor-0_5 - [PROD] Sending payload 537/1000 | Order Number: V4063004538
2026-06-30 20:44:41,633 - INFO - ThreadPoolExecutor-0_4 - [PROD] Payload 528/1000 sent successfully. Status Code: 200
2026-06-30 20:44:41,635 - INFO - ThreadPoolExecutor-0_4 - [PROD] Sending payload 538/1000 | Order Number: V4063004539
2026-06-30 20:44:41,929 - INFO - ThreadPoolExecutor-0_7 - [PROD] Payload 529/1000 sent successfully. Status Code: 200
2026-06-30 20:44:41,931 - INFO - ThreadPoolExecutor-0_7 - [PROD] Sending payload 539/1000 | Order Number: V4063004540
2026-06-30 20:44:42,018 - INFO - ThreadPoolExecutor-0_3 - [PROD] Payload 530/1000 sent successfully. Status Code: 200
2026-06-30 20:44:42,019 - INFO - ThreadPoolExecutor-0_3 - [PROD] Sending payload 540/1000 | Order Number: V4063004541
2026-06-30 20:44:42,166 - INFO - ThreadPoolExecutor-0_8 - [PROD] Payload 531/1000 sent successfully. Status Code: 200
2026-06-30 20:44:42,167 - INFO - ThreadPoolExecutor-0_8 - [PROD] Sending payload 541/1000 | Order Number: V4063004542
2026-06-30 20:44:42,659 - INFO - ThreadPoolExecutor-0_1 - [PROD] Payload 532/1000 sent successfully. Status Code: 200
2026-06-30 20:44:42,661 - INFO - ThreadPoolExecutor-0_1 - [PROD] Sending payload 542/1000 | Order Number: V4063004543
2026-06-30 20:44:42,762 - INFO - ThreadPoolExecutor-0_6 - [PROD] Payload 534/1000 sent successfully. Status Code: 200
2026-06-30 20:44:42,764 - INFO - ThreadPoolExecutor-0_6 - [PROD] Sending payload 543/1000 | Order Number: V4063004544
2026-06-30 20:44:42,995 - INFO - ThreadPoolExecutor-0_0 - [PROD] Payload 533/1000 sent successfully. Status Code: 200
2026-06-30 20:44:42,996 - INFO - ThreadPoolExecutor-0_0 - [PROD] Sending payload 544/1000 | Order Number: V4063004545
2026-06-30 20:44:43,401 - INFO - ThreadPoolExecutor-0_2 - [PROD] Payload 535/1000 sent successfully. Status Code: 200
2026-06-30 20:44:43,403 - INFO - ThreadPoolExecutor-0_2 - [PROD] Sending payload 545/1000 | Order Number: V4063004546
2026-06-30 20:44:43,498 - INFO - ThreadPoolExecutor-0_9 - [PROD] Payload 536/1000 sent successfully. Status Code: 200
2026-06-30 20:44:43,499 - INFO - ThreadPoolExecutor-0_9 - [PROD] Sending payload 546/1000 | Order Number: V4063004547
2026-06-30 20:44:43,502 - INFO - ThreadPoolExecutor-0_5 - [PROD] Payload 537/1000 sent successfully. Status Code: 200
2026-06-30 20:44:43,503 - INFO - ThreadPoolExecutor-0_5 - [PROD] Sending payload 547/1000 | Order Number: V4063004548
2026-06-30 20:44:43,579 - INFO - ThreadPoolExecutor-0_4 - [PROD] Payload 538/1000 sent successfully. Status Code: 200
2026-06-30 20:44:43,582 - INFO - ThreadPoolExecutor-0_4 - [PROD] Sending payload 548/1000 | Order Number: V4063004549
2026-06-30 20:44:43,784 - INFO - ThreadPoolExecutor-0_7 - [PROD] Payload 539/1000 sent successfully. Status Code: 200
2026-06-30 20:44:43,786 - INFO - ThreadPoolExecutor-0_7 - [PROD] Sending payload 549/1000 | Order Number: V4063004550
2026-06-30 20:44:43,963 - INFO - ThreadPoolExecutor-0_3 - [PROD] Payload 540/1000 sent successfully. Status Code: 200
2026-06-30 20:44:43,965 - INFO - ThreadPoolExecutor-0_3 - [PROD] Sending payload 550/1000 | Order Number: V4063004551
2026-06-30 20:44:44,009 - INFO - ThreadPoolExecutor-0_8 - [PROD] Payload 541/1000 sent successfully. Status Code: 200
2026-06-30 20:44:44,010 - INFO - ThreadPoolExecutor-0_8 - [PROD] Sending payload 551/1000 | Order Number: V4063004552
2026-06-30 20:44:44,563 - INFO - ThreadPoolExecutor-0_1 - [PROD] Payload 542/1000 sent successfully. Status Code: 200
2026-06-30 20:44:44,565 - INFO - ThreadPoolExecutor-0_1 - [PROD] Sending payload 552/1000 | Order Number: V4063004553
2026-06-30 20:44:44,623 - INFO - ThreadPoolExecutor-0_6 - [PROD] Payload 543/1000 sent successfully. Status Code: 200
2026-06-30 20:44:44,623 - INFO - ThreadPoolExecutor-0_6 - [PROD] Sending payload 553/1000 | Order Number: V4063004554
2026-06-30 20:44:45,102 - INFO - ThreadPoolExecutor-0_0 - [PROD] Payload 544/1000 sent successfully. Status Code: 200
2026-06-30 20:44:45,104 - INFO - ThreadPoolExecutor-0_0 - [PROD] Sending payload 554/1000 | Order Number: V4063004555
2026-06-30 20:44:45,273 - INFO - ThreadPoolExecutor-0_2 - [PROD] Payload 545/1000 sent successfully. Status Code: 200
2026-06-30 20:44:45,275 - INFO - ThreadPoolExecutor-0_2 - [PROD] Sending payload 555/1000 | Order Number: V4063004556
2026-06-30 20:44:45,300 - INFO - ThreadPoolExecutor-0_5 - [PROD] Payload 547/1000 sent successfully. Status Code: 200
2026-06-30 20:44:45,301 - INFO - ThreadPoolExecutor-0_5 - [PROD] Sending payload 556/1000 | Order Number: V4063004557
2026-06-30 20:44:45,449 - INFO - ThreadPoolExecutor-0_4 - [PROD] Payload 548/1000 sent successfully. Status Code: 200
2026-06-30 20:44:45,450 - INFO - ThreadPoolExecutor-0_4 - [PROD] Sending payload 557/1000 | Order Number: V4063004558
2026-06-30 20:44:45,537 - INFO - ThreadPoolExecutor-0_9 - [PROD] Payload 546/1000 sent successfully. Status Code: 200
2026-06-30 20:44:45,537 - INFO - ThreadPoolExecutor-0_9 - [PROD] Sending payload 558/1000 | Order Number: V4063004559
2026-06-30 20:44:45,628 - INFO - ThreadPoolExecutor-0_7 - [PROD] Payload 549/1000 sent successfully. Status Code: 200
2026-06-30 20:44:45,630 - INFO - ThreadPoolExecutor-0_7 - [PROD] Sending payload 559/1000 | Order Number: V4063004560
2026-06-30 20:44:45,772 - INFO - ThreadPoolExecutor-0_3 - [PROD] Payload 550/1000 sent successfully. Status Code: 200
2026-06-30 20:44:45,775 - INFO - ThreadPoolExecutor-0_3 - [PROD] Sending payload 560/1000 | Order Number: V4063004561
2026-06-30 20:44:46,018 - INFO - ThreadPoolExecutor-0_8 - [PROD] Payload 551/1000 sent successfully. Status Code: 200
2026-06-30 20:44:46,019 - INFO - ThreadPoolExecutor-0_8 - [PROD] Sending payload 561/1000 | Order Number: V4063004562
2026-06-30 20:44:46,441 - INFO - ThreadPoolExecutor-0_6 - [PROD] Payload 553/1000 sent successfully. Status Code: 200
2026-06-30 20:44:46,442 - INFO - ThreadPoolExecutor-0_6 - [PROD] Sending payload 562/1000 | Order Number: V4063004563
2026-06-30 20:44:47,058 - INFO - ThreadPoolExecutor-0_0 - [PROD] Payload 554/1000 sent successfully. Status Code: 200
2026-06-30 20:44:47,059 - INFO - ThreadPoolExecutor-0_0 - [PROD] Sending payload 563/1000 | Order Number: V4063004564
2026-06-30 20:44:47,114 - INFO - ThreadPoolExecutor-0_5 - [PROD] Payload 556/1000 sent successfully. Status Code: 200
2026-06-30 20:44:47,114 - INFO - ThreadPoolExecutor-0_5 - [PROD] Sending payload 564/1000 | Order Number: V4063004565
2026-06-30 20:44:47,267 - INFO - ThreadPoolExecutor-0_4 - [PROD] Payload 557/1000 sent successfully. Status Code: 200
2026-06-30 20:44:47,269 - INFO - ThreadPoolExecutor-0_4 - [PROD] Sending payload 565/1000 | Order Number: V4063004566
2026-06-30 20:44:47,296 - INFO - ThreadPoolExecutor-0_2 - [PROD] Payload 555/1000 sent successfully. Status Code: 200
2026-06-30 20:44:47,296 - INFO - ThreadPoolExecutor-0_2 - [PROD] Sending payload 566/1000 | Order Number: V4063004567
2026-06-30 20:44:47,424 - INFO - ThreadPoolExecutor-0_1 - [PROD] Payload 552/1000 sent successfully. Status Code: 200
2026-06-30 20:44:47,425 - INFO - ThreadPoolExecutor-0_1 - [PROD] Sending payload 567/1000 | Order Number: V4063004568
2026-06-30 20:44:47,440 - INFO - ThreadPoolExecutor-0_9 - [PROD] Payload 558/1000 sent successfully. Status Code: 200
2026-06-30 20:44:47,442 - INFO - ThreadPoolExecutor-0_9 - [PROD] Sending payload 568/1000 | Order Number: V4063004569
2026-06-30 20:44:47,605 - INFO - ThreadPoolExecutor-0_7 - [PROD] Payload 559/1000 sent successfully. Status Code: 200
2026-06-30 20:44:47,611 - INFO - ThreadPoolExecutor-0_7 - [PROD] Sending payload 569/1000 | Order Number: V4063004570
2026-06-30 20:44:47,626 - INFO - ThreadPoolExecutor-0_3 - [PROD] Payload 560/1000 sent successfully. Status Code: 200
2026-06-30 20:44:47,626 - INFO - ThreadPoolExecutor-0_3 - [PROD] Sending payload 570/1000 | Order Number: V4063004571
2026-06-30 20:44:47,832 - INFO - ThreadPoolExecutor-0_8 - [PROD] Payload 561/1000 sent successfully. Status Code: 200
2026-06-30 20:44:47,834 - INFO - ThreadPoolExecutor-0_8 - [PROD] Sending payload 571/1000 | Order Number: V4063004572
2026-06-30 20:44:48,265 - INFO - ThreadPoolExecutor-0_6 - [PROD] Payload 562/1000 sent successfully. Status Code: 200
2026-06-30 20:44:48,268 - INFO - ThreadPoolExecutor-0_6 - [PROD] Sending payload 572/1000 | Order Number: V4063004573
2026-06-30 20:44:48,892 - INFO - ThreadPoolExecutor-0_0 - [PROD] Payload 563/1000 sent successfully. Status Code: 200
2026-06-30 20:44:48,893 - INFO - ThreadPoolExecutor-0_0 - [PROD] Sending payload 573/1000 | Order Number: V4063004574
2026-06-30 20:44:49,013 - INFO - ThreadPoolExecutor-0_5 - [PROD] Payload 564/1000 sent successfully. Status Code: 200
2026-06-30 20:44:49,015 - INFO - ThreadPoolExecutor-0_5 - [PROD] Sending payload 574/1000 | Order Number: V4063004575
2026-06-30 20:44:49,117 - INFO - ThreadPoolExecutor-0_4 - [PROD] Payload 565/1000 sent successfully. Status Code: 200
2026-06-30 20:44:49,119 - INFO - ThreadPoolExecutor-0_4 - [PROD] Sending payload 575/1000 | Order Number: V4063004576
2026-06-30 20:44:49,130 - INFO - ThreadPoolExecutor-0_2 - [PROD] Payload 566/1000 sent successfully. Status Code: 200
2026-06-30 20:44:49,130 - INFO - ThreadPoolExecutor-0_2 - [PROD] Sending payload 576/1000 | Order Number: V4063004577
2026-06-30 20:44:49,305 - INFO - ThreadPoolExecutor-0_1 - [PROD] Payload 567/1000 sent successfully. Status Code: 200
2026-06-30 20:44:49,309 - INFO - ThreadPoolExecutor-0_1 - [PROD] Sending payload 577/1000 | Order Number: V4063004578
2026-06-30 20:44:49,307 - INFO - ThreadPoolExecutor-0_9 - [PROD] Payload 568/1000 sent successfully. Status Code: 200
2026-06-30 20:44:49,311 - INFO - ThreadPoolExecutor-0_9 - [PROD] Sending payload 578/1000 | Order Number: V4063004579
2026-06-30 20:44:49,429 - INFO - ThreadPoolExecutor-0_7 - [PROD] Payload 569/1000 sent successfully. Status Code: 200
2026-06-30 20:44:49,431 - INFO - ThreadPoolExecutor-0_7 - [PROD] Sending payload 579/1000 | Order Number: V4063004580
2026-06-30 20:44:49,624 - INFO - ThreadPoolExecutor-0_3 - [PROD] Payload 570/1000 sent successfully. Status Code: 200
2026-06-30 20:44:49,625 - INFO - ThreadPoolExecutor-0_3 - [PROD] Sending payload 580/1000 | Order Number: V4063004581
2026-06-30 20:44:49,711 - INFO - ThreadPoolExecutor-0_8 - [PROD] Payload 571/1000 sent successfully. Status Code: 200
2026-06-30 20:44:49,713 - INFO - ThreadPoolExecutor-0_8 - [PROD] Sending payload 581/1000 | Order Number: V4063004582
2026-06-30 20:44:50,217 - INFO - ThreadPoolExecutor-0_6 - [PROD] Payload 572/1000 sent successfully. Status Code: 200
2026-06-30 20:44:50,219 - INFO - ThreadPoolExecutor-0_6 - [PROD] Sending payload 582/1000 | Order Number: V4063004583
2026-06-30 20:44:50,730 - INFO - ThreadPoolExecutor-0_0 - [PROD] Payload 573/1000 sent successfully. Status Code: 200
2026-06-30 20:44:50,732 - INFO - ThreadPoolExecutor-0_0 - [PROD] Sending payload 583/1000 | Order Number: V4063004584
2026-06-30 20:44:50,953 - INFO - ThreadPoolExecutor-0_5 - [PROD] Payload 574/1000 sent successfully. Status Code: 200
2026-06-30 20:44:50,955 - INFO - ThreadPoolExecutor-0_5 - [PROD] Sending payload 584/1000 | Order Number: V4063004585
2026-06-30 20:44:50,967 - INFO - ThreadPoolExecutor-0_2 - [PROD] Payload 576/1000 sent successfully. Status Code: 200
2026-06-30 20:44:50,967 - INFO - ThreadPoolExecutor-0_2 - [PROD] Sending payload 585/1000 | Order Number: V4063004586
2026-06-30 20:44:50,981 - INFO - ThreadPoolExecutor-0_4 - [PROD] Payload 575/1000 sent successfully. Status Code: 200
2026-06-30 20:44:50,981 - INFO - ThreadPoolExecutor-0_4 - [PROD] Sending payload 586/1000 | Order Number: V4063004587
2026-06-30 20:44:51,196 - INFO - ThreadPoolExecutor-0_1 - [PROD] Payload 577/1000 sent successfully. Status Code: 200
2026-06-30 20:44:51,197 - INFO - ThreadPoolExecutor-0_1 - [PROD] Sending payload 587/1000 | Order Number: V4063004588
2026-06-30 20:44:51,210 - INFO - ThreadPoolExecutor-0_7 - [PROD] Payload 579/1000 sent successfully. Status Code: 200
2026-06-30 20:44:51,210 - INFO - ThreadPoolExecutor-0_7 - [PROD] Sending payload 588/1000 | Order Number: V4063004589
2026-06-30 20:44:51,231 - INFO - ThreadPoolExecutor-0_9 - [PROD] Payload 578/1000 sent successfully. Status Code: 200
2026-06-30 20:44:51,232 - INFO - ThreadPoolExecutor-0_9 - [PROD] Sending payload 589/1000 | Order Number: V4063004590
2026-06-30 20:44:51,551 - INFO - ThreadPoolExecutor-0_8 - [PROD] Payload 581/1000 sent successfully. Status Code: 200
2026-06-30 20:44:51,553 - INFO - ThreadPoolExecutor-0_8 - [PROD] Sending payload 590/1000 | Order Number: V4063004591
2026-06-30 20:44:51,582 - INFO - ThreadPoolExecutor-0_3 - [PROD] Payload 580/1000 sent successfully. Status Code: 200
2026-06-30 20:44:51,583 - INFO - ThreadPoolExecutor-0_3 - [PROD] Sending payload 591/1000 | Order Number: V4063004592
2026-06-30 20:44:52,112 - INFO - ThreadPoolExecutor-0_6 - [PROD] Payload 582/1000 sent successfully. Status Code: 200
2026-06-30 20:44:52,113 - INFO - ThreadPoolExecutor-0_6 - [PROD] Sending payload 592/1000 | Order Number: V4063004593
2026-06-30 20:44:52,606 - INFO - ThreadPoolExecutor-0_0 - [PROD] Payload 583/1000 sent successfully. Status Code: 200
2026-06-30 20:44:52,607 - INFO - ThreadPoolExecutor-0_0 - [PROD] Sending payload 593/1000 | Order Number: V4063004594
2026-06-30 20:44:52,787 - INFO - ThreadPoolExecutor-0_4 - [PROD] Payload 586/1000 sent successfully. Status Code: 200
2026-06-30 20:44:52,788 - INFO - ThreadPoolExecutor-0_4 - [PROD] Sending payload 594/1000 | Order Number: V4063004595
2026-06-30 20:44:52,803 - INFO - ThreadPoolExecutor-0_5 - [PROD] Payload 584/1000 sent successfully. Status Code: 200
2026-06-30 20:44:52,804 - INFO - ThreadPoolExecutor-0_5 - [PROD] Sending payload 595/1000 | Order Number: V4063004596
2026-06-30 20:44:52,950 - INFO - ThreadPoolExecutor-0_2 - [PROD] Payload 585/1000 sent successfully. Status Code: 200
2026-06-30 20:44:52,950 - INFO - ThreadPoolExecutor-0_2 - [PROD] Sending payload 596/1000 | Order Number: V4063004597
2026-06-30 20:44:53,025 - INFO - ThreadPoolExecutor-0_1 - [PROD] Payload 587/1000 sent successfully. Status Code: 200
2026-06-30 20:44:53,025 - INFO - ThreadPoolExecutor-0_1 - [PROD] Sending payload 597/1000 | Order Number: V4063004598
2026-06-30 20:44:53,206 - INFO - ThreadPoolExecutor-0_9 - [PROD] Payload 589/1000 sent successfully. Status Code: 200
2026-06-30 20:44:53,209 - INFO - ThreadPoolExecutor-0_9 - [PROD] Sending payload 598/1000 | Order Number: V4063004599
2026-06-30 20:44:53,392 - INFO - ThreadPoolExecutor-0_8 - [PROD] Payload 590/1000 sent successfully. Status Code: 200
2026-06-30 20:44:53,394 - INFO - ThreadPoolExecutor-0_8 - [PROD] Sending payload 599/1000 | Order Number: V4063004600
2026-06-30 20:44:53,484 - INFO - ThreadPoolExecutor-0_7 - [PROD] Payload 588/1000 sent successfully. Status Code: 200
2026-06-30 20:44:53,485 - INFO - ThreadPoolExecutor-0_7 - [PROD] Sending payload 600/1000 | Order Number: V4063004601
2026-06-30 20:44:53,602 - INFO - ThreadPoolExecutor-0_3 - [PROD] Payload 591/1000 sent successfully. Status Code: 200
2026-06-30 20:44:53,604 - INFO - ThreadPoolExecutor-0_3 - [PROD] Sending payload 601/1000 | Order Number: V4063004602
2026-06-30 20:44:53,967 - INFO - ThreadPoolExecutor-0_6 - [PROD] Payload 592/1000 sent successfully. Status Code: 200
2026-06-30 20:44:53,968 - INFO - ThreadPoolExecutor-0_6 - [PROD] Sending payload 602/1000 | Order Number: V4063004603
2026-06-30 20:44:54,532 - INFO - ThreadPoolExecutor-0_0 - [PROD] Payload 593/1000 sent successfully. Status Code: 200
2026-06-30 20:44:54,536 - INFO - ThreadPoolExecutor-0_0 - [PROD] Sending payload 603/1000 | Order Number: V4063004604
2026-06-30 20:44:54,617 - INFO - ThreadPoolExecutor-0_5 - [PROD] Payload 595/1000 sent successfully. Status Code: 200
2026-06-30 20:44:54,617 - INFO - ThreadPoolExecutor-0_5 - [PROD] Sending payload 604/1000 | Order Number: V4063004605
2026-06-30 20:44:54,670 - INFO - ThreadPoolExecutor-0_4 - [PROD] Payload 594/1000 sent successfully. Status Code: 200
2026-06-30 20:44:54,670 - INFO - ThreadPoolExecutor-0_4 - [PROD] Sending payload 605/1000 | Order Number: V4063004606
2026-06-30 20:44:54,940 - INFO - ThreadPoolExecutor-0_1 - [PROD] Payload 597/1000 sent successfully. Status Code: 200
2026-06-30 20:44:54,940 - INFO - ThreadPoolExecutor-0_1 - [PROD] Sending payload 606/1000 | Order Number: V4063004607
2026-06-30 20:44:54,973 - INFO - ThreadPoolExecutor-0_2 - [PROD] Payload 596/1000 sent successfully. Status Code: 200
2026-06-30 20:44:54,973 - INFO - ThreadPoolExecutor-0_2 - [PROD] Sending payload 607/1000 | Order Number: V4063004608
2026-06-30 20:44:55,010 - INFO - ThreadPoolExecutor-0_9 - [PROD] Payload 598/1000 sent successfully. Status Code: 200
2026-06-30 20:44:55,011 - INFO - ThreadPoolExecutor-0_9 - [PROD] Sending payload 608/1000 | Order Number: V4063004609
2026-06-30 20:44:55,336 - INFO - ThreadPoolExecutor-0_8 - [PROD] Payload 599/1000 sent successfully. Status Code: 200
2026-06-30 20:44:55,338 - INFO - ThreadPoolExecutor-0_8 - [PROD] Sending payload 609/1000 | Order Number: V4063004610
2026-06-30 20:44:55,372 - INFO - ThreadPoolExecutor-0_7 - [PROD] Payload 600/1000 sent successfully. Status Code: 200
2026-06-30 20:44:55,372 - INFO - ThreadPoolExecutor-0_7 - [PROD] Sending payload 610/1000 | Order Number: V4063004611
2026-06-30 20:44:55,535 - INFO - ThreadPoolExecutor-0_3 - [PROD] Payload 601/1000 sent successfully. Status Code: 200
2026-06-30 20:44:55,537 - INFO - ThreadPoolExecutor-0_3 - [PROD] Sending payload 611/1000 | Order Number: V4063004612
2026-06-30 20:44:55,769 - INFO - ThreadPoolExecutor-0_6 - [PROD] Payload 602/1000 sent successfully. Status Code: 200
2026-06-30 20:44:55,771 - INFO - ThreadPoolExecutor-0_6 - [PROD] Sending payload 612/1000 | Order Number: V4063004613
2026-06-30 20:44:56,477 - INFO - ThreadPoolExecutor-0_0 - [PROD] Payload 603/1000 sent successfully. Status Code: 200
2026-06-30 20:44:56,479 - INFO - ThreadPoolExecutor-0_5 - [PROD] Payload 604/1000 sent successfully. Status Code: 200
2026-06-30 20:44:56,479 - INFO - ThreadPoolExecutor-0_0 - [PROD] Sending payload 613/1000 | Order Number: V4063004614
2026-06-30 20:44:56,480 - INFO - ThreadPoolExecutor-0_5 - [PROD] Sending payload 614/1000 | Order Number: V4063004615
2026-06-30 20:44:56,514 - INFO - ThreadPoolExecutor-0_4 - [PROD] Payload 605/1000 sent successfully. Status Code: 200
2026-06-30 20:44:56,515 - INFO - ThreadPoolExecutor-0_4 - [PROD] Sending payload 615/1000 | Order Number: V4063004616
2026-06-30 20:44:56,769 - INFO - ThreadPoolExecutor-0_2 - [PROD] Payload 607/1000 sent successfully. Status Code: 200
2026-06-30 20:44:56,770 - INFO - ThreadPoolExecutor-0_2 - [PROD] Sending payload 616/1000 | Order Number: V4063004617
2026-06-30 20:44:56,783 - INFO - ThreadPoolExecutor-0_1 - [PROD] Payload 606/1000 sent successfully. Status Code: 200
2026-06-30 20:44:56,783 - INFO - ThreadPoolExecutor-0_1 - [PROD] Sending payload 617/1000 | Order Number: V4063004618
2026-06-30 20:44:56,973 - INFO - ThreadPoolExecutor-0_9 - [PROD] Payload 608/1000 sent successfully. Status Code: 200
2026-06-30 20:44:56,973 - INFO - ThreadPoolExecutor-0_9 - [PROD] Sending payload 618/1000 | Order Number: V4063004619
2026-06-30 20:44:57,186 - INFO - ThreadPoolExecutor-0_7 - [PROD] Payload 610/1000 sent successfully. Status Code: 200
2026-06-30 20:44:57,188 - INFO - ThreadPoolExecutor-0_7 - [PROD] Sending payload 619/1000 | Order Number: V4063004620
2026-06-30 20:44:57,374 - INFO - ThreadPoolExecutor-0_3 - [PROD] Payload 611/1000 sent successfully. Status Code: 200
2026-06-30 20:44:57,376 - INFO - ThreadPoolExecutor-0_3 - [PROD] Sending payload 620/1000 | Order Number: V4063004621
2026-06-30 20:44:57,469 - INFO - ThreadPoolExecutor-0_8 - [PROD] Payload 609/1000 sent successfully. Status Code: 200
2026-06-30 20:44:57,470 - INFO - ThreadPoolExecutor-0_8 - [PROD] Sending payload 621/1000 | Order Number: V4063004622
2026-06-30 20:44:57,616 - INFO - ThreadPoolExecutor-0_6 - [PROD] Payload 612/1000 sent successfully. Status Code: 200
2026-06-30 20:44:57,618 - INFO - ThreadPoolExecutor-0_6 - [PROD] Sending payload 622/1000 | Order Number: V4063004623
2026-06-30 20:44:58,300 - INFO - ThreadPoolExecutor-0_5 - [PROD] Payload 614/1000 sent successfully. Status Code: 200
2026-06-30 20:44:58,302 - INFO - ThreadPoolExecutor-0_5 - [PROD] Sending payload 623/1000 | Order Number: V4063004624
2026-06-30 20:44:58,377 - INFO - ThreadPoolExecutor-0_0 - [PROD] Payload 613/1000 sent successfully. Status Code: 200
2026-06-30 20:44:58,378 - INFO - ThreadPoolExecutor-0_0 - [PROD] Sending payload 624/1000 | Order Number: V4063004625
2026-06-30 20:44:58,463 - INFO - ThreadPoolExecutor-0_4 - [PROD] Payload 615/1000 sent successfully. Status Code: 200
2026-06-30 20:44:58,464 - INFO - ThreadPoolExecutor-0_4 - [PROD] Sending payload 625/1000 | Order Number: V4063004626
2026-06-30 20:44:58,596 - INFO - ThreadPoolExecutor-0_2 - [PROD] Payload 616/1000 sent successfully. Status Code: 200
2026-06-30 20:44:58,598 - INFO - ThreadPoolExecutor-0_2 - [PROD] Sending payload 626/1000 | Order Number: V4063004627
2026-06-30 20:44:58,798 - INFO - ThreadPoolExecutor-0_9 - [PROD] Payload 618/1000 sent successfully. Status Code: 200
2026-06-30 20:44:58,799 - INFO - ThreadPoolExecutor-0_9 - [PROD] Sending payload 627/1000 | Order Number: V4063004628
2026-06-30 20:44:58,805 - INFO - ThreadPoolExecutor-0_1 - [PROD] Payload 617/1000 sent successfully. Status Code: 200
2026-06-30 20:44:58,806 - INFO - ThreadPoolExecutor-0_1 - [PROD] Sending payload 628/1000 | Order Number: V4063004629
2026-06-30 20:44:59,005 - INFO - ThreadPoolExecutor-0_7 - [PROD] Payload 619/1000 sent successfully. Status Code: 200
2026-06-30 20:44:59,006 - INFO - ThreadPoolExecutor-0_7 - [PROD] Sending payload 629/1000 | Order Number: V4063004630
2026-06-30 20:44:59,241 - INFO - ThreadPoolExecutor-0_3 - [PROD] Payload 620/1000 sent successfully. Status Code: 200
2026-06-30 20:44:59,243 - INFO - ThreadPoolExecutor-0_3 - [PROD] Sending payload 630/1000 | Order Number: V4063004631
2026-06-30 20:44:59,267 - INFO - ThreadPoolExecutor-0_8 - [PROD] Payload 621/1000 sent successfully. Status Code: 200
2026-06-30 20:44:59,268 - INFO - ThreadPoolExecutor-0_8 - [PROD] Sending payload 631/1000 | Order Number: V4063004632
2026-06-30 20:44:59,528 - INFO - ThreadPoolExecutor-0_6 - [PROD] Payload 622/1000 sent successfully. Status Code: 200
2026-06-30 20:44:59,529 - INFO - ThreadPoolExecutor-0_6 - [PROD] Sending payload 632/1000 | Order Number: V4063004633
2026-06-30 20:45:00,134 - INFO - ThreadPoolExecutor-0_5 - [PROD] Payload 623/1000 sent successfully. Status Code: 200
2026-06-30 20:45:00,136 - INFO - ThreadPoolExecutor-0_5 - [PROD] Sending payload 633/1000 | Order Number: V4063004634
2026-06-30 20:45:00,395 - INFO - ThreadPoolExecutor-0_2 - [PROD] Payload 626/1000 sent successfully. Status Code: 200
2026-06-30 20:45:00,396 - INFO - ThreadPoolExecutor-0_2 - [PROD] Sending payload 634/1000 | Order Number: V4063004635
2026-06-30 20:45:00,440 - INFO - ThreadPoolExecutor-0_0 - [PROD] Payload 624/1000 sent successfully. Status Code: 200
2026-06-30 20:45:00,440 - INFO - ThreadPoolExecutor-0_0 - [PROD] Sending payload 635/1000 | Order Number: V4063004636
2026-06-30 20:45:00,503 - INFO - ThreadPoolExecutor-0_4 - [PROD] Payload 625/1000 sent successfully. Status Code: 200
2026-06-30 20:45:00,503 - INFO - ThreadPoolExecutor-0_4 - [PROD] Sending payload 636/1000 | Order Number: V4063004637
2026-06-30 20:45:00,669 - INFO - ThreadPoolExecutor-0_9 - [PROD] Payload 627/1000 sent successfully. Status Code: 200
2026-06-30 20:45:00,670 - INFO - ThreadPoolExecutor-0_9 - [PROD] Sending payload 637/1000 | Order Number: V4063004638
2026-06-30 20:45:00,674 - INFO - ThreadPoolExecutor-0_1 - [PROD] Payload 628/1000 sent successfully. Status Code: 200
2026-06-30 20:45:00,674 - INFO - ThreadPoolExecutor-0_1 - [PROD] Sending payload 638/1000 | Order Number: V4063004639
2026-06-30 20:45:00,925 - INFO - ThreadPoolExecutor-0_7 - [PROD] Payload 629/1000 sent successfully. Status Code: 200
2026-06-30 20:45:00,927 - INFO - ThreadPoolExecutor-0_7 - [PROD] Sending payload 639/1000 | Order Number: V4063004640
2026-06-30 20:45:01,110 - INFO - ThreadPoolExecutor-0_8 - [PROD] Payload 631/1000 sent successfully. Status Code: 200
2026-06-30 20:45:01,111 - INFO - ThreadPoolExecutor-0_8 - [PROD] Sending payload 640/1000 | Order Number: V4063004641
2026-06-30 20:45:01,258 - INFO - ThreadPoolExecutor-0_3 - [PROD] Payload 630/1000 sent successfully. Status Code: 200
2026-06-30 20:45:01,260 - INFO - ThreadPoolExecutor-0_3 - [PROD] Sending payload 641/1000 | Order Number: V4063004642
2026-06-30 20:45:01,481 - INFO - ThreadPoolExecutor-0_6 - [PROD] Payload 632/1000 sent successfully. Status Code: 200
2026-06-30 20:45:01,482 - INFO - ThreadPoolExecutor-0_6 - [PROD] Sending payload 642/1000 | Order Number: V4063004643
2026-06-30 20:45:02,210 - INFO - ThreadPoolExecutor-0_5 - [PROD] Payload 633/1000 sent successfully. Status Code: 200
2026-06-30 20:45:02,211 - INFO - ThreadPoolExecutor-0_5 - [PROD] Sending payload 643/1000 | Order Number: V4063004644
2026-06-30 20:45:02,309 - INFO - ThreadPoolExecutor-0_2 - [PROD] Payload 634/1000 sent successfully. Status Code: 200
2026-06-30 20:45:02,310 - INFO - ThreadPoolExecutor-0_2 - [PROD] Sending payload 644/1000 | Order Number: V4063004645
2026-06-30 20:45:02,428 - INFO - ThreadPoolExecutor-0_0 - [PROD] Payload 635/1000 sent successfully. Status Code: 200
2026-06-30 20:45:02,430 - INFO - ThreadPoolExecutor-0_0 - [PROD] Sending payload 645/1000 | Order Number: V4063004646
2026-06-30 20:45:02,590 - INFO - ThreadPoolExecutor-0_4 - [PROD] Payload 636/1000 sent successfully. Status Code: 200
2026-06-30 20:45:02,591 - INFO - ThreadPoolExecutor-0_4 - [PROD] Sending payload 646/1000 | Order Number: V4063004647
2026-06-30 20:45:02,741 - INFO - ThreadPoolExecutor-0_9 - [PROD] Payload 637/1000 sent successfully. Status Code: 200
2026-06-30 20:45:02,743 - INFO - ThreadPoolExecutor-0_9 - [PROD] Sending payload 647/1000 | Order Number: V4063004648
2026-06-30 20:45:02,851 - INFO - ThreadPoolExecutor-0_7 - [PROD] Payload 639/1000 sent successfully. Status Code: 200
2026-06-30 20:45:02,851 - INFO - ThreadPoolExecutor-0_7 - [PROD] Sending payload 648/1000 | Order Number: V4063004649
2026-06-30 20:45:02,873 - INFO - ThreadPoolExecutor-0_1 - [PROD] Payload 638/1000 sent successfully. Status Code: 200
2026-06-30 20:45:02,874 - INFO - ThreadPoolExecutor-0_1 - [PROD] Sending payload 649/1000 | Order Number: V4063004650
2026-06-30 20:45:03,214 - INFO - ThreadPoolExecutor-0_8 - [PROD] Payload 640/1000 sent successfully. Status Code: 200
2026-06-30 20:45:03,214 - INFO - ThreadPoolExecutor-0_3 - [PROD] Payload 641/1000 sent successfully. Status Code: 200
2026-06-30 20:45:03,215 - INFO - ThreadPoolExecutor-0_8 - [PROD] Sending payload 650/1000 | Order Number: V4063004651
2026-06-30 20:45:03,215 - INFO - ThreadPoolExecutor-0_3 - [PROD] Sending payload 651/1000 | Order Number: V4063004652
2026-06-30 20:45:03,286 - INFO - ThreadPoolExecutor-0_6 - [PROD] Payload 642/1000 sent successfully. Status Code: 200
2026-06-30 20:45:03,286 - INFO - ThreadPoolExecutor-0_6 - [PROD] Sending payload 652/1000 | Order Number: V4063004653
2026-06-30 20:45:04,085 - INFO - ThreadPoolExecutor-0_5 - [PROD] Payload 643/1000 sent successfully. Status Code: 200
2026-06-30 20:45:04,086 - INFO - ThreadPoolExecutor-0_5 - [PROD] Sending payload 653/1000 | Order Number: V4063004654
2026-06-30 20:45:04,279 - INFO - ThreadPoolExecutor-0_2 - [PROD] Payload 644/1000 sent successfully. Status Code: 200
2026-06-30 20:45:04,283 - INFO - ThreadPoolExecutor-0_2 - [PROD] Sending payload 654/1000 | Order Number: V4063004655
2026-06-30 20:45:04,354 - INFO - ThreadPoolExecutor-0_0 - [PROD] Payload 645/1000 sent successfully. Status Code: 200
2026-06-30 20:45:04,354 - INFO - ThreadPoolExecutor-0_0 - [PROD] Sending payload 655/1000 | Order Number: V4063004656
2026-06-30 20:45:04,607 - INFO - ThreadPoolExecutor-0_9 - [PROD] Payload 647/1000 sent successfully. Status Code: 200
2026-06-30 20:45:04,607 - INFO - ThreadPoolExecutor-0_9 - [PROD] Sending payload 656/1000 | Order Number: V4063004657
2026-06-30 20:45:04,629 - INFO - ThreadPoolExecutor-0_4 - [PROD] Payload 646/1000 sent successfully. Status Code: 200
2026-06-30 20:45:04,629 - INFO - ThreadPoolExecutor-0_4 - [PROD] Sending payload 657/1000 | Order Number: V4063004658
2026-06-30 20:45:04,662 - INFO - ThreadPoolExecutor-0_7 - [PROD] Payload 648/1000 sent successfully. Status Code: 200
2026-06-30 20:45:04,662 - INFO - ThreadPoolExecutor-0_7 - [PROD] Sending payload 658/1000 | Order Number: V4063004659
2026-06-30 20:45:04,821 - INFO - ThreadPoolExecutor-0_1 - [PROD] Payload 649/1000 sent successfully. Status Code: 200
2026-06-30 20:45:04,822 - INFO - ThreadPoolExecutor-0_1 - [PROD] Sending payload 659/1000 | Order Number: V4063004660
2026-06-30 20:45:05,013 - INFO - ThreadPoolExecutor-0_3 - [PROD] Payload 651/1000 sent successfully. Status Code: 200
2026-06-30 20:45:05,014 - INFO - ThreadPoolExecutor-0_3 - [PROD] Sending payload 660/1000 | Order Number: V4063004661
2026-06-30 20:45:05,229 - INFO - ThreadPoolExecutor-0_8 - [PROD] Payload 650/1000 sent successfully. Status Code: 200
2026-06-30 20:45:05,230 - INFO - ThreadPoolExecutor-0_8 - [PROD] Sending payload 661/1000 | Order Number: V4063004662
2026-06-30 20:45:05,416 - INFO - ThreadPoolExecutor-0_6 - [PROD] Payload 652/1000 sent successfully. Status Code: 200
2026-06-30 20:45:05,416 - INFO - ThreadPoolExecutor-0_6 - [PROD] Sending payload 662/1000 | Order Number: V4063004663
2026-06-30 20:45:05,988 - INFO - ThreadPoolExecutor-0_5 - [PROD] Payload 653/1000 sent successfully. Status Code: 200
2026-06-30 20:45:05,990 - INFO - ThreadPoolExecutor-0_5 - [PROD] Sending payload 663/1000 | Order Number: V4063004664
2026-06-30 20:45:06,207 - INFO - ThreadPoolExecutor-0_0 - [PROD] Payload 655/1000 sent successfully. Status Code: 200
2026-06-30 20:45:06,207 - INFO - ThreadPoolExecutor-0_0 - [PROD] Sending payload 664/1000 | Order Number: V4063004665
2026-06-30 20:45:06,252 - INFO - ThreadPoolExecutor-0_2 - [PROD] Payload 654/1000 sent successfully. Status Code: 200
2026-06-30 20:45:06,253 - INFO - ThreadPoolExecutor-0_2 - [PROD] Sending payload 665/1000 | Order Number: V4063004666
2026-06-30 20:45:06,456 - INFO - ThreadPoolExecutor-0_9 - [PROD] Payload 656/1000 sent successfully. Status Code: 200
2026-06-30 20:45:06,456 - INFO - ThreadPoolExecutor-0_9 - [PROD] Sending payload 666/1000 | Order Number: V4063004667
2026-06-30 20:45:06,515 - INFO - ThreadPoolExecutor-0_7 - [PROD] Payload 658/1000 sent successfully. Status Code: 200
2026-06-30 20:45:06,515 - INFO - ThreadPoolExecutor-0_7 - [PROD] Sending payload 667/1000 | Order Number: V4063004668
2026-06-30 20:45:06,522 - INFO - ThreadPoolExecutor-0_4 - [PROD] Payload 657/1000 sent successfully. Status Code: 200
2026-06-30 20:45:06,523 - INFO - ThreadPoolExecutor-0_4 - [PROD] Sending payload 668/1000 | Order Number: V4063004669
2026-06-30 20:45:06,780 - INFO - ThreadPoolExecutor-0_1 - [PROD] Payload 659/1000 sent successfully. Status Code: 200
2026-06-30 20:45:06,780 - INFO - ThreadPoolExecutor-0_1 - [PROD] Sending payload 669/1000 | Order Number: V4063004670
2026-06-30 20:45:07,009 - INFO - ThreadPoolExecutor-0_3 - [PROD] Payload 660/1000 sent successfully. Status Code: 200
2026-06-30 20:45:07,009 - INFO - ThreadPoolExecutor-0_3 - [PROD] Sending payload 670/1000 | Order Number: V4063004671
2026-06-30 20:45:07,175 - INFO - ThreadPoolExecutor-0_8 - [PROD] Payload 661/1000 sent successfully. Status Code: 200
2026-06-30 20:45:07,176 - INFO - ThreadPoolExecutor-0_8 - [PROD] Sending payload 671/1000 | Order Number: V4063004672
2026-06-30 20:45:07,369 - INFO - ThreadPoolExecutor-0_6 - [PROD] Payload 662/1000 sent successfully. Status Code: 200
2026-06-30 20:45:07,370 - INFO - ThreadPoolExecutor-0_6 - [PROD] Sending payload 672/1000 | Order Number: V4063004673
2026-06-30 20:45:07,902 - INFO - ThreadPoolExecutor-0_5 - [PROD] Payload 663/1000 sent successfully. Status Code: 200
2026-06-30 20:45:07,906 - INFO - ThreadPoolExecutor-0_5 - [PROD] Sending payload 673/1000 | Order Number: V4063004674
2026-06-30 20:45:08,093 - INFO - ThreadPoolExecutor-0_0 - [PROD] Payload 664/1000 sent successfully. Status Code: 200
2026-06-30 20:45:08,097 - INFO - ThreadPoolExecutor-0_0 - [PROD] Sending payload 674/1000 | Order Number: V4063004675
2026-06-30 20:45:08,117 - INFO - ThreadPoolExecutor-0_2 - [PROD] Payload 665/1000 sent successfully. Status Code: 200
2026-06-30 20:45:08,117 - INFO - ThreadPoolExecutor-0_2 - [PROD] Sending payload 675/1000 | Order Number: V4063004676
2026-06-30 20:45:08,536 - INFO - ThreadPoolExecutor-0_7 - [PROD] Payload 667/1000 sent successfully. Status Code: 200
2026-06-30 20:45:08,536 - INFO - ThreadPoolExecutor-0_4 - [PROD] Payload 668/1000 sent successfully. Status Code: 200
2026-06-30 20:45:08,537 - INFO - ThreadPoolExecutor-0_7 - [PROD] Sending payload 676/1000 | Order Number: V4063004677
2026-06-30 20:45:08,537 - INFO - ThreadPoolExecutor-0_4 - [PROD] Sending payload 677/1000 | Order Number: V4063004678
2026-06-30 20:45:08,663 - INFO - ThreadPoolExecutor-0_9 - [PROD] Payload 666/1000 sent successfully. Status Code: 200
2026-06-30 20:45:08,664 - INFO - ThreadPoolExecutor-0_9 - [PROD] Sending payload 678/1000 | Order Number: V4063004679
2026-06-30 20:45:08,735 - INFO - ThreadPoolExecutor-0_1 - [PROD] Payload 669/1000 sent successfully. Status Code: 200
2026-06-30 20:45:08,736 - INFO - ThreadPoolExecutor-0_1 - [PROD] Sending payload 679/1000 | Order Number: V4063004680
2026-06-30 20:45:08,925 - INFO - ThreadPoolExecutor-0_3 - [PROD] Payload 670/1000 sent successfully. Status Code: 200
2026-06-30 20:45:08,926 - INFO - ThreadPoolExecutor-0_3 - [PROD] Sending payload 680/1000 | Order Number: V4063004681
2026-06-30 20:45:09,116 - INFO - ThreadPoolExecutor-0_8 - [PROD] Payload 671/1000 sent successfully. Status Code: 200
2026-06-30 20:45:09,117 - INFO - ThreadPoolExecutor-0_8 - [PROD] Sending payload 681/1000 | Order Number: V4063004682
2026-06-30 20:45:09,303 - INFO - ThreadPoolExecutor-0_6 - [PROD] Payload 672/1000 sent successfully. Status Code: 200
2026-06-30 20:45:09,305 - INFO - ThreadPoolExecutor-0_6 - [PROD] Sending payload 682/1000 | Order Number: V4063004683
2026-06-30 20:45:09,790 - INFO - ThreadPoolExecutor-0_5 - [PROD] Payload 673/1000 sent successfully. Status Code: 200
2026-06-30 20:45:09,792 - INFO - ThreadPoolExecutor-0_5 - [PROD] Sending payload 683/1000 | Order Number: V4063004684
2026-06-30 20:45:09,963 - INFO - ThreadPoolExecutor-0_0 - [PROD] Payload 674/1000 sent successfully. Status Code: 200
2026-06-30 20:45:09,965 - INFO - ThreadPoolExecutor-0_0 - [PROD] Sending payload 684/1000 | Order Number: V4063004685
2026-06-30 20:45:10,052 - INFO - ThreadPoolExecutor-0_2 - [PROD] Payload 675/1000 sent successfully. Status Code: 200
2026-06-30 20:45:10,053 - INFO - ThreadPoolExecutor-0_2 - [PROD] Sending payload 685/1000 | Order Number: V4063004686
2026-06-30 20:45:10,422 - INFO - ThreadPoolExecutor-0_7 - [PROD] Payload 676/1000 sent successfully. Status Code: 200
2026-06-30 20:45:10,424 - INFO - ThreadPoolExecutor-0_4 - [PROD] Payload 677/1000 sent successfully. Status Code: 200
2026-06-30 20:45:10,425 - INFO - ThreadPoolExecutor-0_4 - [PROD] Sending payload 686/1000 | Order Number: V4063004687
2026-06-30 20:45:10,428 - INFO - ThreadPoolExecutor-0_7 - [PROD] Sending payload 687/1000 | Order Number: V4063004688
2026-06-30 20:45:10,625 - INFO - ThreadPoolExecutor-0_9 - [PROD] Payload 678/1000 sent successfully. Status Code: 200
2026-06-30 20:45:10,631 - INFO - ThreadPoolExecutor-0_9 - [PROD] Sending payload 688/1000 | Order Number: V4063004689
2026-06-30 20:45:10,667 - INFO - ThreadPoolExecutor-0_1 - [PROD] Payload 679/1000 sent successfully. Status Code: 200
2026-06-30 20:45:10,668 - INFO - ThreadPoolExecutor-0_1 - [PROD] Sending payload 689/1000 | Order Number: V4063004690
2026-06-30 20:45:11,021 - INFO - ThreadPoolExecutor-0_3 - [PROD] Payload 680/1000 sent successfully. Status Code: 200
2026-06-30 20:45:11,022 - INFO - ThreadPoolExecutor-0_3 - [PROD] Sending payload 690/1000 | Order Number: V4063004691
2026-06-30 20:45:11,046 - INFO - ThreadPoolExecutor-0_8 - [PROD] Payload 681/1000 sent successfully. Status Code: 200
2026-06-30 20:45:11,051 - INFO - ThreadPoolExecutor-0_8 - [PROD] Sending payload 691/1000 | Order Number: V4063004692
2026-06-30 20:45:11,160 - INFO - ThreadPoolExecutor-0_6 - [PROD] Payload 682/1000 sent successfully. Status Code: 200
2026-06-30 20:45:11,161 - INFO - ThreadPoolExecutor-0_6 - [PROD] Sending payload 692/1000 | Order Number: V4063004693
2026-06-30 20:45:11,709 - INFO - ThreadPoolExecutor-0_5 - [PROD] Payload 683/1000 sent successfully. Status Code: 200
2026-06-30 20:45:11,712 - INFO - ThreadPoolExecutor-0_5 - [PROD] Sending payload 693/1000 | Order Number: V4063004694
2026-06-30 20:45:11,871 - INFO - ThreadPoolExecutor-0_0 - [PROD] Payload 684/1000 sent successfully. Status Code: 200
2026-06-30 20:45:11,873 - INFO - ThreadPoolExecutor-0_0 - [PROD] Sending payload 694/1000 | Order Number: V4063004695
2026-06-30 20:45:12,071 - INFO - ThreadPoolExecutor-0_2 - [PROD] Payload 685/1000 sent successfully. Status Code: 200
2026-06-30 20:45:12,074 - INFO - ThreadPoolExecutor-0_2 - [PROD] Sending payload 695/1000 | Order Number: V4063004696
2026-06-30 20:45:12,619 - INFO - ThreadPoolExecutor-0_7 - [PROD] Payload 687/1000 sent successfully. Status Code: 200
2026-06-30 20:45:12,621 - INFO - ThreadPoolExecutor-0_7 - [PROD] Sending payload 696/1000 | Order Number: V4063004697
2026-06-30 20:45:12,639 - INFO - ThreadPoolExecutor-0_4 - [PROD] Payload 686/1000 sent successfully. Status Code: 200
2026-06-30 20:45:12,641 - INFO - ThreadPoolExecutor-0_4 - [PROD] Sending payload 697/1000 | Order Number: V4063004698
2026-06-30 20:45:12,827 - INFO - ThreadPoolExecutor-0_9 - [PROD] Payload 688/1000 sent successfully. Status Code: 200
2026-06-30 20:45:12,828 - INFO - ThreadPoolExecutor-0_9 - [PROD] Sending payload 698/1000 | Order Number: V4063004699
2026-06-30 20:45:12,854 - INFO - ThreadPoolExecutor-0_8 - [PROD] Payload 691/1000 sent successfully. Status Code: 200
2026-06-30 20:45:12,855 - INFO - ThreadPoolExecutor-0_8 - [PROD] Sending payload 699/1000 | Order Number: V4063004700
2026-06-30 20:45:13,085 - INFO - ThreadPoolExecutor-0_3 - [PROD] Payload 690/1000 sent successfully. Status Code: 200
2026-06-30 20:45:13,088 - INFO - ThreadPoolExecutor-0_3 - [PROD] Sending payload 700/1000 | Order Number: V4063004701
2026-06-30 20:45:13,122 - INFO - ThreadPoolExecutor-0_6 - [PROD] Payload 692/1000 sent successfully. Status Code: 200
2026-06-30 20:45:13,123 - INFO - ThreadPoolExecutor-0_6 - [PROD] Sending payload 701/1000 | Order Number: V4063004702
2026-06-30 20:45:13,424 - INFO - ThreadPoolExecutor-0_1 - [PROD] Payload 689/1000 sent successfully. Status Code: 200
2026-06-30 20:45:13,425 - INFO - ThreadPoolExecutor-0_1 - [PROD] Sending payload 702/1000 | Order Number: V4063004703
2026-06-30 20:45:13,913 - INFO - ThreadPoolExecutor-0_5 - [PROD] Payload 693/1000 sent successfully. Status Code: 200
2026-06-30 20:45:13,915 - INFO - ThreadPoolExecutor-0_5 - [PROD] Sending payload 703/1000 | Order Number: V4063004704
2026-06-30 20:45:14,069 - INFO - ThreadPoolExecutor-0_2 - [PROD] Payload 695/1000 sent successfully. Status Code: 200
2026-06-30 20:45:14,074 - INFO - ThreadPoolExecutor-0_2 - [PROD] Sending payload 704/1000 | Order Number: V4063004705
2026-06-30 20:45:14,248 - INFO - ThreadPoolExecutor-0_0 - [PROD] Payload 694/1000 sent successfully. Status Code: 200
2026-06-30 20:45:14,251 - INFO - ThreadPoolExecutor-0_0 - [PROD] Sending payload 705/1000 | Order Number: V4063004706
2026-06-30 20:45:14,500 - INFO - ThreadPoolExecutor-0_7 - [PROD] Payload 696/1000 sent successfully. Status Code: 200
2026-06-30 20:45:14,504 - INFO - ThreadPoolExecutor-0_7 - [PROD] Sending payload 706/1000 | Order Number: V4063004707
2026-06-30 20:45:14,608 - INFO - ThreadPoolExecutor-0_4 - [PROD] Payload 697/1000 sent successfully. Status Code: 200
2026-06-30 20:45:14,616 - INFO - ThreadPoolExecutor-0_4 - [PROD] Sending payload 707/1000 | Order Number: V4063004708
2026-06-30 20:45:14,641 - INFO - ThreadPoolExecutor-0_9 - [PROD] Payload 698/1000 sent successfully. Status Code: 200
2026-06-30 20:45:14,641 - INFO - ThreadPoolExecutor-0_9 - [PROD] Sending payload 708/1000 | Order Number: V4063004709
2026-06-30 20:45:14,811 - INFO - ThreadPoolExecutor-0_8 - [PROD] Payload 699/1000 sent successfully. Status Code: 200
2026-06-30 20:45:14,813 - INFO - ThreadPoolExecutor-0_8 - [PROD] Sending payload 709/1000 | Order Number: V4063004710
2026-06-30 20:45:15,022 - INFO - ThreadPoolExecutor-0_6 - [PROD] Payload 701/1000 sent successfully. Status Code: 200
2026-06-30 20:45:15,024 - INFO - ThreadPoolExecutor-0_6 - [PROD] Sending payload 710/1000 | Order Number: V4063004711
2026-06-30 20:45:15,254 - INFO - ThreadPoolExecutor-0_3 - [PROD] Payload 700/1000 sent successfully. Status Code: 200
2026-06-30 20:45:15,256 - INFO - ThreadPoolExecutor-0_3 - [PROD] Sending payload 711/1000 | Order Number: V4063004712
2026-06-30 20:45:16,179 - INFO - ThreadPoolExecutor-0_1 - [PROD] Payload 702/1000 sent successfully. Status Code: 200
2026-06-30 20:45:16,181 - INFO - ThreadPoolExecutor-0_1 - [PROD] Sending payload 712/1000 | Order Number: V4063004713
2026-06-30 20:45:16,272 - INFO - ThreadPoolExecutor-0_5 - [PROD] Payload 703/1000 sent successfully. Status Code: 200
2026-06-30 20:45:16,274 - INFO - ThreadPoolExecutor-0_5 - [PROD] Sending payload 713/1000 | Order Number: V4063004714
2026-06-30 20:45:16,300 - INFO - ThreadPoolExecutor-0_2 - [PROD] Payload 704/1000 sent successfully. Status Code: 200
2026-06-30 20:45:16,301 - INFO - ThreadPoolExecutor-0_2 - [PROD] Sending payload 714/1000 | Order Number: V4063004715
2026-06-30 20:45:16,393 - INFO - ThreadPoolExecutor-0_0 - [PROD] Payload 705/1000 sent successfully. Status Code: 200
2026-06-30 20:45:16,396 - INFO - ThreadPoolExecutor-0_0 - [PROD] Sending payload 715/1000 | Order Number: V4063004716
2026-06-30 20:45:16,470 - INFO - ThreadPoolExecutor-0_7 - [PROD] Payload 706/1000 sent successfully. Status Code: 200
2026-06-30 20:45:16,472 - INFO - ThreadPoolExecutor-0_7 - [PROD] Sending payload 716/1000 | Order Number: V4063004717
2026-06-30 20:45:16,560 - INFO - ThreadPoolExecutor-0_4 - [PROD] Payload 707/1000 sent successfully. Status Code: 200
2026-06-30 20:45:16,561 - INFO - ThreadPoolExecutor-0_4 - [PROD] Sending payload 717/1000 | Order Number: V4063004718
2026-06-30 20:45:16,691 - INFO - ThreadPoolExecutor-0_8 - [PROD] Payload 709/1000 sent successfully. Status Code: 200
2026-06-30 20:45:16,693 - INFO - ThreadPoolExecutor-0_8 - [PROD] Sending payload 718/1000 | Order Number: V4063004719
2026-06-30 20:45:16,776 - INFO - ThreadPoolExecutor-0_9 - [PROD] Payload 708/1000 sent successfully. Status Code: 200
2026-06-30 20:45:16,778 - INFO - ThreadPoolExecutor-0_9 - [PROD] Sending payload 719/1000 | Order Number: V4063004720
2026-06-30 20:45:16,910 - INFO - ThreadPoolExecutor-0_6 - [PROD] Payload 710/1000 sent successfully. Status Code: 200
2026-06-30 20:45:16,912 - INFO - ThreadPoolExecutor-0_6 - [PROD] Sending payload 720/1000 | Order Number: V4063004721
2026-06-30 20:45:17,180 - INFO - ThreadPoolExecutor-0_3 - [PROD] Payload 711/1000 sent successfully. Status Code: 200
2026-06-30 20:45:17,182 - INFO - ThreadPoolExecutor-0_3 - [PROD] Sending payload 721/1000 | Order Number: V4063004722
2026-06-30 20:45:18,175 - INFO - ThreadPoolExecutor-0_2 - [PROD] Payload 714/1000 sent successfully. Status Code: 200
2026-06-30 20:45:18,176 - INFO - ThreadPoolExecutor-0_2 - [PROD] Sending payload 722/1000 | Order Number: V4063004723
2026-06-30 20:45:18,195 - INFO - ThreadPoolExecutor-0_5 - [PROD] Payload 713/1000 sent successfully. Status Code: 200
2026-06-30 20:45:18,196 - INFO - ThreadPoolExecutor-0_5 - [PROD] Sending payload 723/1000 | Order Number: V4063004724
2026-06-30 20:45:18,331 - INFO - ThreadPoolExecutor-0_7 - [PROD] Payload 716/1000 sent successfully. Status Code: 200
2026-06-30 20:45:18,331 - INFO - ThreadPoolExecutor-0_7 - [PROD] Sending payload 724/1000 | Order Number: V4063004725
2026-06-30 20:45:18,346 - INFO - ThreadPoolExecutor-0_1 - [PROD] Payload 712/1000 sent successfully. Status Code: 200
2026-06-30 20:45:18,346 - INFO - ThreadPoolExecutor-0_1 - [PROD] Sending payload 725/1000 | Order Number: V4063004726
2026-06-30 20:45:18,367 - INFO - ThreadPoolExecutor-0_0 - [PROD] Payload 715/1000 sent successfully. Status Code: 200
2026-06-30 20:45:18,368 - INFO - ThreadPoolExecutor-0_0 - [PROD] Sending payload 726/1000 | Order Number: V4063004727
2026-06-30 20:45:18,530 - INFO - ThreadPoolExecutor-0_4 - [PROD] Payload 717/1000 sent successfully. Status Code: 200
2026-06-30 20:45:18,530 - INFO - ThreadPoolExecutor-0_4 - [PROD] Sending payload 727/1000 | Order Number: V4063004728
2026-06-30 20:45:18,669 - INFO - ThreadPoolExecutor-0_8 - [PROD] Payload 718/1000 sent successfully. Status Code: 200
2026-06-30 20:45:18,669 - INFO - ThreadPoolExecutor-0_8 - [PROD] Sending payload 728/1000 | Order Number: V4063004729
2026-06-30 20:45:18,721 - INFO - ThreadPoolExecutor-0_6 - [PROD] Payload 720/1000 sent successfully. Status Code: 200
2026-06-30 20:45:18,722 - INFO - ThreadPoolExecutor-0_6 - [PROD] Sending payload 729/1000 | Order Number: V4063004730
2026-06-30 20:45:18,861 - INFO - ThreadPoolExecutor-0_9 - [PROD] Payload 719/1000 sent successfully. Status Code: 200
2026-06-30 20:45:18,862 - INFO - ThreadPoolExecutor-0_9 - [PROD] Sending payload 730/1000 | Order Number: V4063004731
2026-06-30 20:45:19,021 - INFO - ThreadPoolExecutor-0_3 - [PROD] Payload 721/1000 sent successfully. Status Code: 200
2026-06-30 20:45:19,022 - INFO - ThreadPoolExecutor-0_3 - [PROD] Sending payload 731/1000 | Order Number: V4063004732
2026-06-30 20:45:20,113 - INFO - ThreadPoolExecutor-0_5 - [PROD] Payload 723/1000 sent successfully. Status Code: 200
2026-06-30 20:45:20,114 - INFO - ThreadPoolExecutor-0_5 - [PROD] Sending payload 732/1000 | Order Number: V4063004733
2026-06-30 20:45:20,139 - INFO - ThreadPoolExecutor-0_2 - [PROD] Payload 722/1000 sent successfully. Status Code: 200
2026-06-30 20:45:20,140 - INFO - ThreadPoolExecutor-0_2 - [PROD] Sending payload 733/1000 | Order Number: V4063004734
2026-06-30 20:45:20,302 - INFO - ThreadPoolExecutor-0_7 - [PROD] Payload 724/1000 sent successfully. Status Code: 200
2026-06-30 20:45:20,303 - INFO - ThreadPoolExecutor-0_7 - [PROD] Sending payload 734/1000 | Order Number: V4063004735
2026-06-30 20:45:20,312 - INFO - ThreadPoolExecutor-0_0 - [PROD] Payload 726/1000 sent successfully. Status Code: 200
2026-06-30 20:45:20,313 - INFO - ThreadPoolExecutor-0_1 - [PROD] Payload 725/1000 sent successfully. Status Code: 200
2026-06-30 20:45:20,313 - INFO - ThreadPoolExecutor-0_0 - [PROD] Sending payload 735/1000 | Order Number: V4063004736
2026-06-30 20:45:20,314 - INFO - ThreadPoolExecutor-0_1 - [PROD] Sending payload 736/1000 | Order Number: V4063004737
2026-06-30 20:45:20,533 - INFO - ThreadPoolExecutor-0_8 - [PROD] Payload 728/1000 sent successfully. Status Code: 200
2026-06-30 20:45:20,534 - INFO - ThreadPoolExecutor-0_8 - [PROD] Sending payload 737/1000 | Order Number: V4063004738
2026-06-30 20:45:20,610 - INFO - ThreadPoolExecutor-0_4 - [PROD] Payload 727/1000 sent successfully. Status Code: 200
2026-06-30 20:45:20,611 - INFO - ThreadPoolExecutor-0_4 - [PROD] Sending payload 738/1000 | Order Number: V4063004739
2026-06-30 20:45:20,732 - INFO - ThreadPoolExecutor-0_6 - [PROD] Payload 729/1000 sent successfully. Status Code: 200
2026-06-30 20:45:20,733 - INFO - ThreadPoolExecutor-0_6 - [PROD] Sending payload 739/1000 | Order Number: V4063004740
2026-06-30 20:45:20,839 - INFO - ThreadPoolExecutor-0_3 - [PROD] Payload 731/1000 sent successfully. Status Code: 200
2026-06-30 20:45:20,840 - INFO - ThreadPoolExecutor-0_3 - [PROD] Sending payload 740/1000 | Order Number: V4063004741
2026-06-30 20:45:20,998 - INFO - ThreadPoolExecutor-0_9 - [PROD] Payload 730/1000 sent successfully. Status Code: 200
2026-06-30 20:45:20,999 - INFO - ThreadPoolExecutor-0_9 - [PROD] Sending payload 741/1000 | Order Number: V4063004742
2026-06-30 20:45:21,992 - INFO - ThreadPoolExecutor-0_2 - [PROD] Payload 733/1000 sent successfully. Status Code: 200
2026-06-30 20:45:21,993 - INFO - ThreadPoolExecutor-0_2 - [PROD] Sending payload 742/1000 | Order Number: V4063004743
2026-06-30 20:45:22,086 - INFO - ThreadPoolExecutor-0_5 - [PROD] Payload 732/1000 sent successfully. Status Code: 200
2026-06-30 20:45:22,087 - INFO - ThreadPoolExecutor-0_5 - [PROD] Sending payload 743/1000 | Order Number: V4063004744
2026-06-30 20:45:22,170 - INFO - ThreadPoolExecutor-0_1 - [PROD] Payload 736/1000 sent successfully. Status Code: 200
2026-06-30 20:45:22,170 - INFO - ThreadPoolExecutor-0_1 - [PROD] Sending payload 744/1000 | Order Number: V4063004745
2026-06-30 20:45:22,300 - INFO - ThreadPoolExecutor-0_7 - [PROD] Payload 734/1000 sent successfully. Status Code: 200
2026-06-30 20:45:22,302 - INFO - ThreadPoolExecutor-0_7 - [PROD] Sending payload 745/1000 | Order Number: V4063004746
2026-06-30 20:45:22,308 - INFO - ThreadPoolExecutor-0_0 - [PROD] Payload 735/1000 sent successfully. Status Code: 200
2026-06-30 20:45:22,309 - INFO - ThreadPoolExecutor-0_0 - [PROD] Sending payload 746/1000 | Order Number: V4063004747
2026-06-30 20:45:22,531 - INFO - ThreadPoolExecutor-0_4 - [PROD] Payload 738/1000 sent successfully. Status Code: 200
2026-06-30 20:45:22,532 - INFO - ThreadPoolExecutor-0_4 - [PROD] Sending payload 747/1000 | Order Number: V4063004748
2026-06-30 20:45:22,548 - INFO - ThreadPoolExecutor-0_6 - [PROD] Payload 739/1000 sent successfully. Status Code: 200
2026-06-30 20:45:22,549 - INFO - ThreadPoolExecutor-0_6 - [PROD] Sending payload 748/1000 | Order Number: V4063004749
2026-06-30 20:45:22,622 - INFO - ThreadPoolExecutor-0_8 - [PROD] Payload 737/1000 sent successfully. Status Code: 200
2026-06-30 20:45:22,624 - INFO - ThreadPoolExecutor-0_8 - [PROD] Sending payload 749/1000 | Order Number: V4063004750
2026-06-30 20:45:22,829 - INFO - ThreadPoolExecutor-0_3 - [PROD] Payload 740/1000 sent successfully. Status Code: 200
2026-06-30 20:45:22,831 - INFO - ThreadPoolExecutor-0_3 - [PROD] Sending payload 750/1000 | Order Number: V4063004751
2026-06-30 20:45:22,868 - INFO - ThreadPoolExecutor-0_9 - [PROD] Payload 741/1000 sent successfully. Status Code: 200
2026-06-30 20:45:22,868 - INFO - ThreadPoolExecutor-0_9 - [PROD] Sending payload 751/1000 | Order Number: V4063004752
2026-06-30 20:45:23,831 - INFO - ThreadPoolExecutor-0_2 - [PROD] Payload 742/1000 sent successfully. Status Code: 200
2026-06-30 20:45:23,833 - INFO - ThreadPoolExecutor-0_2 - [PROD] Sending payload 752/1000 | Order Number: V4063004753
2026-06-30 20:45:23,938 - INFO - ThreadPoolExecutor-0_5 - [PROD] Payload 743/1000 sent successfully. Status Code: 200
2026-06-30 20:45:23,939 - INFO - ThreadPoolExecutor-0_5 - [PROD] Sending payload 753/1000 | Order Number: V4063004754
2026-06-30 20:45:24,167 - INFO - ThreadPoolExecutor-0_1 - [PROD] Payload 744/1000 sent successfully. Status Code: 200
2026-06-30 20:45:24,169 - INFO - ThreadPoolExecutor-0_1 - [PROD] Sending payload 754/1000 | Order Number: V4063004755
2026-06-30 20:45:24,280 - INFO - ThreadPoolExecutor-0_7 - [PROD] Payload 745/1000 sent successfully. Status Code: 200
2026-06-30 20:45:24,281 - INFO - ThreadPoolExecutor-0_7 - [PROD] Sending payload 755/1000 | Order Number: V4063004756
2026-06-30 20:45:24,349 - INFO - ThreadPoolExecutor-0_6 - [PROD] Payload 748/1000 sent successfully. Status Code: 200
2026-06-30 20:45:24,351 - INFO - ThreadPoolExecutor-0_6 - [PROD] Sending payload 756/1000 | Order Number: V4063004757
2026-06-30 20:45:24,403 - INFO - ThreadPoolExecutor-0_0 - [PROD] Payload 746/1000 sent successfully. Status Code: 200
2026-06-30 20:45:24,404 - INFO - ThreadPoolExecutor-0_0 - [PROD] Sending payload 757/1000 | Order Number: V4063004758
2026-06-30 20:45:24,453 - INFO - ThreadPoolExecutor-0_4 - [PROD] Payload 747/1000 sent successfully. Status Code: 200
2026-06-30 20:45:24,453 - INFO - ThreadPoolExecutor-0_4 - [PROD] Sending payload 758/1000 | Order Number: V4063004759
2026-06-30 20:45:24,688 - INFO - ThreadPoolExecutor-0_3 - [PROD] Payload 750/1000 sent successfully. Status Code: 200
2026-06-30 20:45:24,692 - INFO - ThreadPoolExecutor-0_3 - [PROD] Sending payload 759/1000 | Order Number: V4063004760
2026-06-30 20:45:24,725 - INFO - ThreadPoolExecutor-0_8 - [PROD] Payload 749/1000 sent successfully. Status Code: 200
2026-06-30 20:45:24,725 - INFO - ThreadPoolExecutor-0_8 - [PROD] Sending payload 760/1000 | Order Number: V4063004761
2026-06-30 20:45:24,789 - INFO - ThreadPoolExecutor-0_9 - [PROD] Payload 751/1000 sent successfully. Status Code: 200
2026-06-30 20:45:24,790 - INFO - ThreadPoolExecutor-0_9 - [PROD] Sending payload 761/1000 | Order Number: V4063004762
2026-06-30 20:45:25,649 - INFO - ThreadPoolExecutor-0_2 - [PROD] Payload 752/1000 sent successfully. Status Code: 200
2026-06-30 20:45:25,651 - INFO - ThreadPoolExecutor-0_2 - [PROD] Sending payload 762/1000 | Order Number: V4063004763
2026-06-30 20:45:25,772 - INFO - ThreadPoolExecutor-0_5 - [PROD] Payload 753/1000 sent successfully. Status Code: 200
2026-06-30 20:45:25,774 - INFO - ThreadPoolExecutor-0_5 - [PROD] Sending payload 763/1000 | Order Number: V4063004764
2026-06-30 20:45:25,964 - INFO - ThreadPoolExecutor-0_1 - [PROD] Payload 754/1000 sent successfully. Status Code: 200
2026-06-30 20:45:25,966 - INFO - ThreadPoolExecutor-0_1 - [PROD] Sending payload 764/1000 | Order Number: V4063004765
2026-06-30 20:45:26,134 - INFO - ThreadPoolExecutor-0_7 - [PROD] Payload 755/1000 sent successfully. Status Code: 200
2026-06-30 20:45:26,136 - INFO - ThreadPoolExecutor-0_7 - [PROD] Sending payload 765/1000 | Order Number: V4063004766
2026-06-30 20:45:26,245 - INFO - ThreadPoolExecutor-0_6 - [PROD] Payload 756/1000 sent successfully. Status Code: 200
2026-06-30 20:45:26,247 - INFO - ThreadPoolExecutor-0_6 - [PROD] Sending payload 766/1000 | Order Number: V4063004767
2026-06-30 20:45:26,332 - INFO - ThreadPoolExecutor-0_4 - [PROD] Payload 758/1000 sent successfully. Status Code: 200
2026-06-30 20:45:26,336 - INFO - ThreadPoolExecutor-0_4 - [PROD] Sending payload 767/1000 | Order Number: V4063004768
2026-06-30 20:45:26,591 - INFO - ThreadPoolExecutor-0_9 - [PROD] Payload 761/1000 sent successfully. Status Code: 200
2026-06-30 20:45:26,593 - INFO - ThreadPoolExecutor-0_9 - [PROD] Sending payload 768/1000 | Order Number: V4063004769
2026-06-30 20:45:26,655 - INFO - ThreadPoolExecutor-0_3 - [PROD] Payload 759/1000 sent successfully. Status Code: 200
2026-06-30 20:45:26,655 - INFO - ThreadPoolExecutor-0_3 - [PROD] Sending payload 769/1000 | Order Number: V4063004770
2026-06-30 20:45:26,791 - INFO - ThreadPoolExecutor-0_8 - [PROD] Payload 760/1000 sent successfully. Status Code: 200
2026-06-30 20:45:26,791 - INFO - ThreadPoolExecutor-0_8 - [PROD] Sending payload 770/1000 | Order Number: V4063004771
2026-06-30 20:45:27,085 - INFO - ThreadPoolExecutor-0_0 - [PROD] Payload 757/1000 sent successfully. Status Code: 200
2026-06-30 20:45:27,087 - INFO - ThreadPoolExecutor-0_0 - [PROD] Sending payload 771/1000 | Order Number: V4063004772
2026-06-30 20:45:27,604 - INFO - ThreadPoolExecutor-0_5 - [PROD] Payload 763/1000 sent successfully. Status Code: 200
2026-06-30 20:45:27,604 - INFO - ThreadPoolExecutor-0_5 - [PROD] Sending payload 772/1000 | Order Number: V4063004773
2026-06-30 20:45:27,679 - INFO - ThreadPoolExecutor-0_2 - [PROD] Payload 762/1000 sent successfully. Status Code: 200
2026-06-30 20:45:27,681 - INFO - ThreadPoolExecutor-0_2 - [PROD] Sending payload 773/1000 | Order Number: V4063004774
2026-06-30 20:45:27,784 - INFO - ThreadPoolExecutor-0_1 - [PROD] Payload 764/1000 sent successfully. Status Code: 200
2026-06-30 20:45:27,786 - INFO - ThreadPoolExecutor-0_1 - [PROD] Sending payload 774/1000 | Order Number: V4063004775
2026-06-30 20:45:27,966 - INFO - ThreadPoolExecutor-0_7 - [PROD] Payload 765/1000 sent successfully. Status Code: 200
2026-06-30 20:45:27,967 - INFO - ThreadPoolExecutor-0_7 - [PROD] Sending payload 775/1000 | Order Number: V4063004776
2026-06-30 20:45:28,104 - INFO - ThreadPoolExecutor-0_6 - [PROD] Payload 766/1000 sent successfully. Status Code: 200
2026-06-30 20:45:28,107 - INFO - ThreadPoolExecutor-0_6 - [PROD] Sending payload 776/1000 | Order Number: V4063004777
2026-06-30 20:45:28,399 - INFO - ThreadPoolExecutor-0_4 - [PROD] Payload 767/1000 sent successfully. Status Code: 200
2026-06-30 20:45:28,401 - INFO - ThreadPoolExecutor-0_4 - [PROD] Sending payload 777/1000 | Order Number: V4063004778
2026-06-30 20:45:28,420 - INFO - ThreadPoolExecutor-0_9 - [PROD] Payload 768/1000 sent successfully. Status Code: 200
2026-06-30 20:45:28,421 - INFO - ThreadPoolExecutor-0_9 - [PROD] Sending payload 778/1000 | Order Number: V4063004779
2026-06-30 20:45:28,654 - INFO - ThreadPoolExecutor-0_3 - [PROD] Payload 769/1000 sent successfully. Status Code: 200
2026-06-30 20:45:28,657 - INFO - ThreadPoolExecutor-0_3 - [PROD] Sending payload 779/1000 | Order Number: V4063004780
2026-06-30 20:45:28,667 - INFO - ThreadPoolExecutor-0_8 - [PROD] Payload 770/1000 sent successfully. Status Code: 200
2026-06-30 20:45:28,668 - INFO - ThreadPoolExecutor-0_8 - [PROD] Sending payload 780/1000 | Order Number: V4063004781
2026-06-30 20:45:28,990 - INFO - ThreadPoolExecutor-0_0 - [PROD] Payload 771/1000 sent successfully. Status Code: 200
2026-06-30 20:45:28,993 - INFO - ThreadPoolExecutor-0_0 - [PROD] Sending payload 781/1000 | Order Number: V4063004782
2026-06-30 20:45:29,463 - INFO - ThreadPoolExecutor-0_2 - [PROD] Payload 773/1000 sent successfully. Status Code: 200
2026-06-30 20:45:29,464 - INFO - ThreadPoolExecutor-0_2 - [PROD] Sending payload 782/1000 | Order Number: V4063004783
2026-06-30 20:45:29,519 - INFO - ThreadPoolExecutor-0_5 - [PROD] Payload 772/1000 sent successfully. Status Code: 200
2026-06-30 20:45:29,520 - INFO - ThreadPoolExecutor-0_5 - [PROD] Sending payload 783/1000 | Order Number: V4063004784
2026-06-30 20:45:29,654 - INFO - ThreadPoolExecutor-0_1 - [PROD] Payload 774/1000 sent successfully. Status Code: 200
2026-06-30 20:45:29,655 - INFO - ThreadPoolExecutor-0_1 - [PROD] Sending payload 784/1000 | Order Number: V4063004785
2026-06-30 20:45:29,824 - INFO - ThreadPoolExecutor-0_7 - [PROD] Payload 775/1000 sent successfully. Status Code: 200
2026-06-30 20:45:29,826 - INFO - ThreadPoolExecutor-0_7 - [PROD] Sending payload 785/1000 | Order Number: V4063004786
2026-06-30 20:45:30,024 - INFO - ThreadPoolExecutor-0_6 - [PROD] Payload 776/1000 sent successfully. Status Code: 200
2026-06-30 20:45:30,027 - INFO - ThreadPoolExecutor-0_6 - [PROD] Sending payload 786/1000 | Order Number: V4063004787
2026-06-30 20:45:30,204 - INFO - ThreadPoolExecutor-0_4 - [PROD] Payload 777/1000 sent successfully. Status Code: 200
2026-06-30 20:45:30,206 - INFO - ThreadPoolExecutor-0_4 - [PROD] Sending payload 787/1000 | Order Number: V4063004788
2026-06-30 20:45:30,404 - INFO - ThreadPoolExecutor-0_9 - [PROD] Payload 778/1000 sent successfully. Status Code: 200
2026-06-30 20:45:30,405 - INFO - ThreadPoolExecutor-0_9 - [PROD] Sending payload 788/1000 | Order Number: V4063004789
2026-06-30 20:45:30,492 - INFO - ThreadPoolExecutor-0_3 - [PROD] Payload 779/1000 sent successfully. Status Code: 200
2026-06-30 20:45:30,494 - INFO - ThreadPoolExecutor-0_3 - [PROD] Sending payload 789/1000 | Order Number: V4063004790
2026-06-30 20:45:30,666 - INFO - ThreadPoolExecutor-0_8 - [PROD] Payload 780/1000 sent successfully. Status Code: 200
2026-06-30 20:45:30,670 - INFO - ThreadPoolExecutor-0_8 - [PROD] Sending payload 790/1000 | Order Number: V4063004791
2026-06-30 20:45:30,796 - INFO - ThreadPoolExecutor-0_0 - [PROD] Payload 781/1000 sent successfully. Status Code: 200
2026-06-30 20:45:30,798 - INFO - ThreadPoolExecutor-0_0 - [PROD] Sending payload 791/1000 | Order Number: V4063004792
2026-06-30 20:45:31,376 - INFO - ThreadPoolExecutor-0_2 - [PROD] Payload 782/1000 sent successfully. Status Code: 200
2026-06-30 20:45:31,377 - INFO - ThreadPoolExecutor-0_2 - [PROD] Sending payload 792/1000 | Order Number: V4063004793
2026-06-30 20:45:31,498 - INFO - ThreadPoolExecutor-0_1 - [PROD] Payload 784/1000 sent successfully. Status Code: 200
2026-06-30 20:45:31,499 - INFO - ThreadPoolExecutor-0_1 - [PROD] Sending payload 793/1000 | Order Number: V4063004794
2026-06-30 20:45:31,720 - INFO - ThreadPoolExecutor-0_7 - [PROD] Payload 785/1000 sent successfully. Status Code: 200
2026-06-30 20:45:31,721 - INFO - ThreadPoolExecutor-0_7 - [PROD] Sending payload 794/1000 | Order Number: V4063004795
2026-06-30 20:45:31,899 - INFO - ThreadPoolExecutor-0_6 - [PROD] Payload 786/1000 sent successfully. Status Code: 200
2026-06-30 20:45:31,901 - INFO - ThreadPoolExecutor-0_6 - [PROD] Sending payload 795/1000 | Order Number: V4063004796
2026-06-30 20:45:32,014 - INFO - ThreadPoolExecutor-0_4 - [PROD] Payload 787/1000 sent successfully. Status Code: 200
2026-06-30 20:45:32,016 - INFO - ThreadPoolExecutor-0_4 - [PROD] Sending payload 796/1000 | Order Number: V4063004797
2026-06-30 20:45:32,254 - INFO - ThreadPoolExecutor-0_9 - [PROD] Payload 788/1000 sent successfully. Status Code: 200
2026-06-30 20:45:32,254 - INFO - ThreadPoolExecutor-0_9 - [PROD] Sending payload 797/1000 | Order Number: V4063004798
2026-06-30 20:45:32,309 - INFO - ThreadPoolExecutor-0_5 - [PROD] Payload 783/1000 sent successfully. Status Code: 200
2026-06-30 20:45:32,310 - INFO - ThreadPoolExecutor-0_5 - [PROD] Sending payload 798/1000 | Order Number: V4063004799
2026-06-30 20:45:32,498 - INFO - ThreadPoolExecutor-0_3 - [PROD] Payload 789/1000 sent successfully. Status Code: 200
2026-06-30 20:45:32,499 - INFO - ThreadPoolExecutor-0_3 - [PROD] Sending payload 799/1000 | Order Number: V4063004800
2026-06-30 20:45:32,514 - INFO - ThreadPoolExecutor-0_8 - [PROD] Payload 790/1000 sent successfully. Status Code: 200
2026-06-30 20:45:32,514 - INFO - ThreadPoolExecutor-0_8 - [PROD] Sending payload 800/1000 | Order Number: V4063004801
2026-06-30 20:45:32,641 - INFO - ThreadPoolExecutor-0_0 - [PROD] Payload 791/1000 sent successfully. Status Code: 200
2026-06-30 20:45:32,642 - INFO - ThreadPoolExecutor-0_0 - [PROD] Sending payload 801/1000 | Order Number: V4063004802
2026-06-30 20:45:33,241 - INFO - ThreadPoolExecutor-0_2 - [PROD] Payload 792/1000 sent successfully. Status Code: 200
2026-06-30 20:45:33,243 - INFO - ThreadPoolExecutor-0_2 - [PROD] Sending payload 802/1000 | Order Number: V4063004803
2026-06-30 20:45:33,312 - INFO - ThreadPoolExecutor-0_1 - [PROD] Payload 793/1000 sent successfully. Status Code: 200
2026-06-30 20:45:33,313 - INFO - ThreadPoolExecutor-0_1 - [PROD] Sending payload 803/1000 | Order Number: V4063004804
2026-06-30 20:45:33,540 - INFO - ThreadPoolExecutor-0_7 - [PROD] Payload 794/1000 sent successfully. Status Code: 200
2026-06-30 20:45:33,542 - INFO - ThreadPoolExecutor-0_7 - [PROD] Sending payload 804/1000 | Order Number: V4063004805
2026-06-30 20:45:33,721 - INFO - ThreadPoolExecutor-0_6 - [PROD] Payload 795/1000 sent successfully. Status Code: 200
2026-06-30 20:45:33,723 - INFO - ThreadPoolExecutor-0_6 - [PROD] Sending payload 805/1000 | Order Number: V4063004806
2026-06-30 20:45:33,804 - INFO - ThreadPoolExecutor-0_4 - [PROD] Payload 796/1000 sent successfully. Status Code: 200
2026-06-30 20:45:33,805 - INFO - ThreadPoolExecutor-0_4 - [PROD] Sending payload 806/1000 | Order Number: V4063004807
2026-06-30 20:45:34,060 - INFO - ThreadPoolExecutor-0_9 - [PROD] Payload 797/1000 sent successfully. Status Code: 200
2026-06-30 20:45:34,061 - INFO - ThreadPoolExecutor-0_9 - [PROD] Sending payload 807/1000 | Order Number: V4063004808
2026-06-30 20:45:34,210 - INFO - ThreadPoolExecutor-0_5 - [PROD] Payload 798/1000 sent successfully. Status Code: 200
2026-06-30 20:45:34,211 - INFO - ThreadPoolExecutor-0_5 - [PROD] Sending payload 808/1000 | Order Number: V4063004809
2026-06-30 20:45:34,306 - INFO - ThreadPoolExecutor-0_3 - [PROD] Payload 799/1000 sent successfully. Status Code: 200
2026-06-30 20:45:34,308 - INFO - ThreadPoolExecutor-0_3 - [PROD] Sending payload 809/1000 | Order Number: V4063004810
2026-06-30 20:45:34,337 - INFO - ThreadPoolExecutor-0_8 - [PROD] Payload 800/1000 sent successfully. Status Code: 200
2026-06-30 20:45:34,338 - INFO - ThreadPoolExecutor-0_8 - [PROD] Sending payload 810/1000 | Order Number: V4063004811
2026-06-30 20:45:34,637 - INFO - ThreadPoolExecutor-0_0 - [PROD] Payload 801/1000 sent successfully. Status Code: 200
2026-06-30 20:45:34,639 - INFO - ThreadPoolExecutor-0_0 - [PROD] Sending payload 811/1000 | Order Number: V4063004812
2026-06-30 20:45:35,060 - INFO - ThreadPoolExecutor-0_2 - [PROD] Payload 802/1000 sent successfully. Status Code: 200
2026-06-30 20:45:35,062 - INFO - ThreadPoolExecutor-0_2 - [PROD] Sending payload 812/1000 | Order Number: V4063004813
2026-06-30 20:45:35,148 - INFO - ThreadPoolExecutor-0_1 - [PROD] Payload 803/1000 sent successfully. Status Code: 200
2026-06-30 20:45:35,151 - INFO - ThreadPoolExecutor-0_1 - [PROD] Sending payload 813/1000 | Order Number: V4063004814
2026-06-30 20:45:35,452 - INFO - ThreadPoolExecutor-0_7 - [PROD] Payload 804/1000 sent successfully. Status Code: 200
2026-06-30 20:45:35,454 - INFO - ThreadPoolExecutor-0_7 - [PROD] Sending payload 814/1000 | Order Number: V4063004815
2026-06-30 20:45:35,540 - INFO - ThreadPoolExecutor-0_6 - [PROD] Payload 805/1000 sent successfully. Status Code: 200
2026-06-30 20:45:35,542 - INFO - ThreadPoolExecutor-0_6 - [PROD] Sending payload 815/1000 | Order Number: V4063004816
2026-06-30 20:45:35,825 - INFO - ThreadPoolExecutor-0_4 - [PROD] Payload 806/1000 sent successfully. Status Code: 200
2026-06-30 20:45:35,827 - INFO - ThreadPoolExecutor-0_4 - [PROD] Sending payload 816/1000 | Order Number: V4063004817
2026-06-30 20:45:35,932 - INFO - ThreadPoolExecutor-0_9 - [PROD] Payload 807/1000 sent successfully. Status Code: 200
2026-06-30 20:45:35,933 - INFO - ThreadPoolExecutor-0_9 - [PROD] Sending payload 817/1000 | Order Number: V4063004818
2026-06-30 20:45:36,118 - INFO - ThreadPoolExecutor-0_3 - [PROD] Payload 809/1000 sent successfully. Status Code: 200
2026-06-30 20:45:36,119 - INFO - ThreadPoolExecutor-0_3 - [PROD] Sending payload 818/1000 | Order Number: V4063004819
2026-06-30 20:45:36,136 - INFO - ThreadPoolExecutor-0_5 - [PROD] Payload 808/1000 sent successfully. Status Code: 200
2026-06-30 20:45:36,137 - INFO - ThreadPoolExecutor-0_5 - [PROD] Sending payload 819/1000 | Order Number: V4063004820
2026-06-30 20:45:36,317 - INFO - ThreadPoolExecutor-0_8 - [PROD] Payload 810/1000 sent successfully. Status Code: 200
2026-06-30 20:45:36,319 - INFO - ThreadPoolExecutor-0_8 - [PROD] Sending payload 820/1000 | Order Number: V4063004821
2026-06-30 20:45:36,452 - INFO - ThreadPoolExecutor-0_0 - [PROD] Payload 811/1000 sent successfully. Status Code: 200
2026-06-30 20:45:36,454 - INFO - ThreadPoolExecutor-0_0 - [PROD] Sending payload 821/1000 | Order Number: V4063004822
2026-06-30 20:45:36,919 - INFO - ThreadPoolExecutor-0_2 - [PROD] Payload 812/1000 sent successfully. Status Code: 200
2026-06-30 20:45:36,921 - INFO - ThreadPoolExecutor-0_2 - [PROD] Sending payload 822/1000 | Order Number: V4063004823
2026-06-30 20:45:36,945 - INFO - ThreadPoolExecutor-0_1 - [PROD] Payload 813/1000 sent successfully. Status Code: 200
2026-06-30 20:45:36,946 - INFO - ThreadPoolExecutor-0_1 - [PROD] Sending payload 823/1000 | Order Number: V4063004824
2026-06-30 20:45:37,260 - INFO - ThreadPoolExecutor-0_7 - [PROD] Payload 814/1000 sent successfully. Status Code: 200
2026-06-30 20:45:37,261 - INFO - ThreadPoolExecutor-0_7 - [PROD] Sending payload 824/1000 | Order Number: V4063004825
2026-06-30 20:45:37,608 - INFO - ThreadPoolExecutor-0_6 - [PROD] Payload 815/1000 sent successfully. Status Code: 200
2026-06-30 20:45:37,611 - INFO - ThreadPoolExecutor-0_6 - [PROD] Sending payload 825/1000 | Order Number: V4063004826
2026-06-30 20:45:37,636 - INFO - ThreadPoolExecutor-0_4 - [PROD] Payload 816/1000 sent successfully. Status Code: 200
2026-06-30 20:45:37,636 - INFO - ThreadPoolExecutor-0_4 - [PROD] Sending payload 826/1000 | Order Number: V4063004827
2026-06-30 20:45:37,735 - INFO - ThreadPoolExecutor-0_9 - [PROD] Payload 817/1000 sent successfully. Status Code: 200
2026-06-30 20:45:37,736 - INFO - ThreadPoolExecutor-0_9 - [PROD] Sending payload 827/1000 | Order Number: V4063004828
2026-06-30 20:45:37,943 - INFO - ThreadPoolExecutor-0_5 - [PROD] Payload 819/1000 sent successfully. Status Code: 200
2026-06-30 20:45:37,945 - INFO - ThreadPoolExecutor-0_5 - [PROD] Sending payload 828/1000 | Order Number: V4063004829
2026-06-30 20:45:37,980 - INFO - ThreadPoolExecutor-0_3 - [PROD] Payload 818/1000 sent successfully. Status Code: 200
2026-06-30 20:45:37,981 - INFO - ThreadPoolExecutor-0_3 - [PROD] Sending payload 829/1000 | Order Number: V4063004830
2026-06-30 20:45:38,177 - INFO - ThreadPoolExecutor-0_8 - [PROD] Payload 820/1000 sent successfully. Status Code: 200
2026-06-30 20:45:38,177 - INFO - ThreadPoolExecutor-0_8 - [PROD] Sending payload 830/1000 | Order Number: V4063004831
2026-06-30 20:45:38,366 - INFO - ThreadPoolExecutor-0_0 - [PROD] Payload 821/1000 sent successfully. Status Code: 200
2026-06-30 20:45:38,366 - INFO - ThreadPoolExecutor-0_0 - [PROD] Sending payload 831/1000 | Order Number: V4063004832
2026-06-30 20:45:38,794 - INFO - ThreadPoolExecutor-0_2 - [PROD] Payload 822/1000 sent successfully. Status Code: 200
2026-06-30 20:45:38,796 - INFO - ThreadPoolExecutor-0_2 - [PROD] Sending payload 832/1000 | Order Number: V4063004833
2026-06-30 20:45:38,971 - INFO - ThreadPoolExecutor-0_1 - [PROD] Payload 823/1000 sent successfully. Status Code: 200
2026-06-30 20:45:38,972 - INFO - ThreadPoolExecutor-0_1 - [PROD] Sending payload 833/1000 | Order Number: V4063004834
2026-06-30 20:45:39,038 - INFO - ThreadPoolExecutor-0_7 - [PROD] Payload 824/1000 sent successfully. Status Code: 200
2026-06-30 20:45:39,038 - INFO - ThreadPoolExecutor-0_7 - [PROD] Sending payload 834/1000 | Order Number: V4063004835
2026-06-30 20:45:39,401 - INFO - ThreadPoolExecutor-0_6 - [PROD] Payload 825/1000 sent successfully. Status Code: 200
2026-06-30 20:45:39,403 - INFO - ThreadPoolExecutor-0_6 - [PROD] Sending payload 835/1000 | Order Number: V4063004836
2026-06-30 20:45:39,445 - INFO - ThreadPoolExecutor-0_4 - [PROD] Payload 826/1000 sent successfully. Status Code: 200
2026-06-30 20:45:39,446 - INFO - ThreadPoolExecutor-0_4 - [PROD] Sending payload 836/1000 | Order Number: V4063004837
2026-06-30 20:45:39,776 - INFO - ThreadPoolExecutor-0_5 - [PROD] Payload 828/1000 sent successfully. Status Code: 200
2026-06-30 20:45:39,779 - INFO - ThreadPoolExecutor-0_5 - [PROD] Sending payload 837/1000 | Order Number: V4063004838
2026-06-30 20:45:39,869 - INFO - ThreadPoolExecutor-0_9 - [PROD] Payload 827/1000 sent successfully. Status Code: 200
2026-06-30 20:45:39,871 - INFO - ThreadPoolExecutor-0_9 - [PROD] Sending payload 838/1000 | Order Number: V4063004839
2026-06-30 20:45:39,964 - INFO - ThreadPoolExecutor-0_3 - [PROD] Payload 829/1000 sent successfully. Status Code: 200
2026-06-30 20:45:39,966 - INFO - ThreadPoolExecutor-0_3 - [PROD] Sending payload 839/1000 | Order Number: V4063004840
2026-06-30 20:45:40,096 - INFO - ThreadPoolExecutor-0_8 - [PROD] Payload 830/1000 sent successfully. Status Code: 200
2026-06-30 20:45:40,098 - INFO - ThreadPoolExecutor-0_8 - [PROD] Sending payload 840/1000 | Order Number: V4063004841
2026-06-30 20:45:40,144 - INFO - ThreadPoolExecutor-0_0 - [PROD] Payload 831/1000 sent successfully. Status Code: 200
2026-06-30 20:45:40,145 - INFO - ThreadPoolExecutor-0_0 - [PROD] Sending payload 841/1000 | Order Number: V4063004842
2026-06-30 20:45:40,634 - INFO - ThreadPoolExecutor-0_2 - [PROD] Payload 832/1000 sent successfully. Status Code: 200
2026-06-30 20:45:40,635 - INFO - ThreadPoolExecutor-0_2 - [PROD] Sending payload 842/1000 | Order Number: V4063004843
2026-06-30 20:45:40,752 - INFO - ThreadPoolExecutor-0_1 - [PROD] Payload 833/1000 sent successfully. Status Code: 200
2026-06-30 20:45:40,753 - INFO - ThreadPoolExecutor-0_1 - [PROD] Sending payload 843/1000 | Order Number: V4063004844
2026-06-30 20:45:40,928 - INFO - ThreadPoolExecutor-0_7 - [PROD] Payload 834/1000 sent successfully. Status Code: 200
2026-06-30 20:45:40,931 - INFO - ThreadPoolExecutor-0_7 - [PROD] Sending payload 844/1000 | Order Number: V4063004845
2026-06-30 20:45:41,735 - INFO - ThreadPoolExecutor-0_9 - [PROD] Payload 838/1000 sent successfully. Status Code: 200
2026-06-30 20:45:41,735 - INFO - ThreadPoolExecutor-0_5 - [PROD] Payload 837/1000 sent successfully. Status Code: 200
2026-06-30 20:45:41,736 - INFO - ThreadPoolExecutor-0_9 - [PROD] Sending payload 845/1000 | Order Number: V4063004846
2026-06-30 20:45:41,737 - INFO - ThreadPoolExecutor-0_5 - [PROD] Sending payload 846/1000 | Order Number: V4063004847
2026-06-30 20:45:41,891 - INFO - ThreadPoolExecutor-0_3 - [PROD] Payload 839/1000 sent successfully. Status Code: 200
2026-06-30 20:45:41,893 - INFO - ThreadPoolExecutor-0_3 - [PROD] Sending payload 847/1000 | Order Number: V4063004848
2026-06-30 20:45:41,905 - INFO - ThreadPoolExecutor-0_4 - [PROD] Payload 836/1000 sent successfully. Status Code: 200
2026-06-30 20:45:41,905 - INFO - ThreadPoolExecutor-0_4 - [PROD] Sending payload 848/1000 | Order Number: V4063004849
2026-06-30 20:45:41,932 - INFO - ThreadPoolExecutor-0_8 - [PROD] Payload 840/1000 sent successfully. Status Code: 200
2026-06-30 20:45:41,933 - INFO - ThreadPoolExecutor-0_8 - [PROD] Sending payload 849/1000 | Order Number: V4063004850
2026-06-30 20:45:41,945 - INFO - ThreadPoolExecutor-0_6 - [PROD] Payload 835/1000 sent successfully. Status Code: 200
2026-06-30 20:45:41,945 - INFO - ThreadPoolExecutor-0_6 - [PROD] Sending payload 850/1000 | Order Number: V4063004851
2026-06-30 20:45:41,964 - INFO - ThreadPoolExecutor-0_0 - [PROD] Payload 841/1000 sent successfully. Status Code: 200
2026-06-30 20:45:41,964 - INFO - ThreadPoolExecutor-0_0 - [PROD] Sending payload 851/1000 | Order Number: V4063004852
2026-06-30 20:45:42,488 - INFO - ThreadPoolExecutor-0_2 - [PROD] Payload 842/1000 sent successfully. Status Code: 200
2026-06-30 20:45:42,490 - INFO - ThreadPoolExecutor-0_2 - [PROD] Sending payload 852/1000 | Order Number: V4063004853
2026-06-30 20:45:42,553 - INFO - ThreadPoolExecutor-0_1 - [PROD] Payload 843/1000 sent successfully. Status Code: 200
2026-06-30 20:45:42,555 - INFO - ThreadPoolExecutor-0_1 - [PROD] Sending payload 853/1000 | Order Number: V4063004854
2026-06-30 20:45:42,822 - INFO - ThreadPoolExecutor-0_7 - [PROD] Payload 844/1000 sent successfully. Status Code: 200
2026-06-30 20:45:42,823 - INFO - ThreadPoolExecutor-0_7 - [PROD] Sending payload 854/1000 | Order Number: V4063004855
2026-06-30 20:45:43,588 - INFO - ThreadPoolExecutor-0_5 - [PROD] Payload 846/1000 sent successfully. Status Code: 200
2026-06-30 20:45:43,590 - INFO - ThreadPoolExecutor-0_5 - [PROD] Sending payload 855/1000 | Order Number: V4063004856
2026-06-30 20:45:43,714 - INFO - ThreadPoolExecutor-0_4 - [PROD] Payload 848/1000 sent successfully. Status Code: 200
2026-06-30 20:45:43,716 - INFO - ThreadPoolExecutor-0_4 - [PROD] Sending payload 856/1000 | Order Number: V4063004857
2026-06-30 20:45:43,755 - INFO - ThreadPoolExecutor-0_3 - [PROD] Payload 847/1000 sent successfully. Status Code: 200
2026-06-30 20:45:43,756 - INFO - ThreadPoolExecutor-0_3 - [PROD] Sending payload 857/1000 | Order Number: V4063004858
2026-06-30 20:45:43,770 - INFO - ThreadPoolExecutor-0_9 - [PROD] Payload 845/1000 sent successfully. Status Code: 200
2026-06-30 20:45:43,770 - INFO - ThreadPoolExecutor-0_9 - [PROD] Sending payload 858/1000 | Order Number: V4063004859
2026-06-30 20:45:43,906 - INFO - ThreadPoolExecutor-0_6 - [PROD] Payload 850/1000 sent successfully. Status Code: 200
2026-06-30 20:45:43,906 - INFO - ThreadPoolExecutor-0_6 - [PROD] Sending payload 859/1000 | Order Number: V4063004860
2026-06-30 20:45:44,106 - INFO - ThreadPoolExecutor-0_8 - [PROD] Payload 849/1000 sent successfully. Status Code: 200
2026-06-30 20:45:44,107 - INFO - ThreadPoolExecutor-0_8 - [PROD] Sending payload 860/1000 | Order Number: V4063004861
2026-06-30 20:45:44,280 - INFO - ThreadPoolExecutor-0_0 - [PROD] Payload 851/1000 sent successfully. Status Code: 200
2026-06-30 20:45:44,282 - INFO - ThreadPoolExecutor-0_0 - [PROD] Sending payload 861/1000 | Order Number: V4063004862
2026-06-30 20:45:44,303 - INFO - ThreadPoolExecutor-0_2 - [PROD] Payload 852/1000 sent successfully. Status Code: 200
2026-06-30 20:45:44,304 - INFO - ThreadPoolExecutor-0_2 - [PROD] Sending payload 862/1000 | Order Number: V4063004863
2026-06-30 20:45:44,383 - INFO - ThreadPoolExecutor-0_1 - [PROD] Payload 853/1000 sent successfully. Status Code: 200
2026-06-30 20:45:44,384 - INFO - ThreadPoolExecutor-0_1 - [PROD] Sending payload 863/1000 | Order Number: V4063004864
2026-06-30 20:45:44,647 - INFO - ThreadPoolExecutor-0_7 - [PROD] Payload 854/1000 sent successfully. Status Code: 200
2026-06-30 20:45:44,649 - INFO - ThreadPoolExecutor-0_7 - [PROD] Sending payload 864/1000 | Order Number: V4063004865
2026-06-30 20:45:45,371 - INFO - ThreadPoolExecutor-0_5 - [PROD] Payload 855/1000 sent successfully. Status Code: 200
2026-06-30 20:45:45,373 - INFO - ThreadPoolExecutor-0_5 - [PROD] Sending payload 865/1000 | Order Number: V4063004866
2026-06-30 20:45:45,547 - INFO - ThreadPoolExecutor-0_4 - [PROD] Payload 856/1000 sent successfully. Status Code: 200
2026-06-30 20:45:45,550 - INFO - ThreadPoolExecutor-0_4 - [PROD] Sending payload 866/1000 | Order Number: V4063004867
2026-06-30 20:45:45,570 - INFO - ThreadPoolExecutor-0_3 - [PROD] Payload 857/1000 sent successfully. Status Code: 200
2026-06-30 20:45:45,570 - INFO - ThreadPoolExecutor-0_3 - [PROD] Sending payload 867/1000 | Order Number: V4063004868
2026-06-30 20:45:45,746 - INFO - ThreadPoolExecutor-0_6 - [PROD] Payload 859/1000 sent successfully. Status Code: 200
2026-06-30 20:45:45,747 - INFO - ThreadPoolExecutor-0_6 - [PROD] Sending payload 868/1000 | Order Number: V4063004869
2026-06-30 20:45:45,757 - INFO - ThreadPoolExecutor-0_9 - [PROD] Payload 858/1000 sent successfully. Status Code: 200
2026-06-30 20:45:45,757 - INFO - ThreadPoolExecutor-0_9 - [PROD] Sending payload 869/1000 | Order Number: V4063004870
2026-06-30 20:45:46,064 - INFO - ThreadPoolExecutor-0_8 - [PROD] Payload 860/1000 sent successfully. Status Code: 200
2026-06-30 20:45:46,065 - INFO - ThreadPoolExecutor-0_8 - [PROD] Sending payload 870/1000 | Order Number: V4063004871
2026-06-30 20:45:46,094 - INFO - ThreadPoolExecutor-0_0 - [PROD] Payload 861/1000 sent successfully. Status Code: 200
2026-06-30 20:45:46,094 - INFO - ThreadPoolExecutor-0_0 - [PROD] Sending payload 871/1000 | Order Number: V4063004872
2026-06-30 20:45:46,272 - INFO - ThreadPoolExecutor-0_2 - [PROD] Payload 862/1000 sent successfully. Status Code: 200
2026-06-30 20:45:46,273 - INFO - ThreadPoolExecutor-0_2 - [PROD] Sending payload 872/1000 | Order Number: V4063004873
2026-06-30 20:45:46,381 - INFO - ThreadPoolExecutor-0_1 - [PROD] Payload 863/1000 sent successfully. Status Code: 200
2026-06-30 20:45:46,383 - INFO - ThreadPoolExecutor-0_1 - [PROD] Sending payload 873/1000 | Order Number: V4063004874
2026-06-30 20:45:46,658 - INFO - ThreadPoolExecutor-0_7 - [PROD] Payload 864/1000 sent successfully. Status Code: 200
2026-06-30 20:45:46,660 - INFO - ThreadPoolExecutor-0_7 - [PROD] Sending payload 874/1000 | Order Number: V4063004875
2026-06-30 20:45:47,166 - INFO - ThreadPoolExecutor-0_5 - [PROD] Payload 865/1000 sent successfully. Status Code: 200
2026-06-30 20:45:47,167 - INFO - ThreadPoolExecutor-0_5 - [PROD] Sending payload 875/1000 | Order Number: V4063004876
2026-06-30 20:45:47,457 - INFO - ThreadPoolExecutor-0_4 - [PROD] Payload 866/1000 sent successfully. Status Code: 200
2026-06-30 20:45:47,458 - INFO - ThreadPoolExecutor-0_4 - [PROD] Sending payload 876/1000 | Order Number: V4063004877
2026-06-30 20:45:47,477 - INFO - ThreadPoolExecutor-0_3 - [PROD] Payload 867/1000 sent successfully. Status Code: 200
2026-06-30 20:45:47,478 - INFO - ThreadPoolExecutor-0_3 - [PROD] Sending payload 877/1000 | Order Number: V4063004878
2026-06-30 20:45:47,568 - INFO - ThreadPoolExecutor-0_6 - [PROD] Payload 868/1000 sent successfully. Status Code: 200
2026-06-30 20:45:47,571 - INFO - ThreadPoolExecutor-0_6 - [PROD] Sending payload 878/1000 | Order Number: V4063004879
2026-06-30 20:45:47,666 - INFO - ThreadPoolExecutor-0_9 - [PROD] Payload 869/1000 sent successfully. Status Code: 200
2026-06-30 20:45:47,667 - INFO - ThreadPoolExecutor-0_9 - [PROD] Sending payload 879/1000 | Order Number: V4063004880
2026-06-30 20:45:47,895 - INFO - ThreadPoolExecutor-0_8 - [PROD] Payload 870/1000 sent successfully. Status Code: 200
2026-06-30 20:45:47,897 - INFO - ThreadPoolExecutor-0_8 - [PROD] Sending payload 880/1000 | Order Number: V4063004881
2026-06-30 20:45:48,090 - INFO - ThreadPoolExecutor-0_0 - [PROD] Payload 871/1000 sent successfully. Status Code: 200
2026-06-30 20:45:48,092 - INFO - ThreadPoolExecutor-0_0 - [PROD] Sending payload 881/1000 | Order Number: V4063004882
2026-06-30 20:45:48,098 - INFO - ThreadPoolExecutor-0_2 - [PROD] Payload 872/1000 sent successfully. Status Code: 200
2026-06-30 20:45:48,099 - INFO - ThreadPoolExecutor-0_2 - [PROD] Sending payload 882/1000 | Order Number: V4063004883
2026-06-30 20:45:48,291 - INFO - ThreadPoolExecutor-0_1 - [PROD] Payload 873/1000 sent successfully. Status Code: 200
2026-06-30 20:45:48,292 - INFO - ThreadPoolExecutor-0_1 - [PROD] Sending payload 883/1000 | Order Number: V4063004884
2026-06-30 20:45:48,457 - INFO - ThreadPoolExecutor-0_7 - [PROD] Payload 874/1000 sent successfully. Status Code: 200
2026-06-30 20:45:48,459 - INFO - ThreadPoolExecutor-0_7 - [PROD] Sending payload 884/1000 | Order Number: V4063004885
2026-06-30 20:45:48,993 - INFO - ThreadPoolExecutor-0_5 - [PROD] Payload 875/1000 sent successfully. Status Code: 200
2026-06-30 20:45:48,994 - INFO - ThreadPoolExecutor-0_5 - [PROD] Sending payload 885/1000 | Order Number: V4063004886
2026-06-30 20:45:49,316 - INFO - ThreadPoolExecutor-0_4 - [PROD] Payload 876/1000 sent successfully. Status Code: 200
2026-06-30 20:45:49,319 - INFO - ThreadPoolExecutor-0_4 - [PROD] Sending payload 886/1000 | Order Number: V4063004887
2026-06-30 20:45:49,323 - INFO - ThreadPoolExecutor-0_3 - [PROD] Payload 877/1000 sent successfully. Status Code: 200
2026-06-30 20:45:49,324 - INFO - ThreadPoolExecutor-0_3 - [PROD] Sending payload 887/1000 | Order Number: V4063004888
2026-06-30 20:45:49,400 - INFO - ThreadPoolExecutor-0_6 - [PROD] Payload 878/1000 sent successfully. Status Code: 200
2026-06-30 20:45:49,401 - INFO - ThreadPoolExecutor-0_6 - [PROD] Sending payload 888/1000 | Order Number: V4063004889
2026-06-30 20:45:49,586 - INFO - ThreadPoolExecutor-0_9 - [PROD] Payload 879/1000 sent successfully. Status Code: 200
2026-06-30 20:45:49,588 - INFO - ThreadPoolExecutor-0_9 - [PROD] Sending payload 889/1000 | Order Number: V4063004890
2026-06-30 20:45:49,779 - INFO - ThreadPoolExecutor-0_8 - [PROD] Payload 880/1000 sent successfully. Status Code: 200
2026-06-30 20:45:49,780 - INFO - ThreadPoolExecutor-0_8 - [PROD] Sending payload 890/1000 | Order Number: V4063004891
2026-06-30 20:45:49,951 - INFO - ThreadPoolExecutor-0_0 - [PROD] Payload 881/1000 sent successfully. Status Code: 200
2026-06-30 20:45:49,952 - INFO - ThreadPoolExecutor-0_2 - [PROD] Payload 882/1000 sent successfully. Status Code: 200
2026-06-30 20:45:49,954 - INFO - ThreadPoolExecutor-0_0 - [PROD] Sending payload 891/1000 | Order Number: V4063004892
2026-06-30 20:45:49,954 - INFO - ThreadPoolExecutor-0_2 - [PROD] Sending payload 892/1000 | Order Number: V4063004893
2026-06-30 20:45:50,187 - INFO - ThreadPoolExecutor-0_1 - [PROD] Payload 883/1000 sent successfully. Status Code: 200
2026-06-30 20:45:50,189 - INFO - ThreadPoolExecutor-0_1 - [PROD] Sending payload 893/1000 | Order Number: V4063004894
2026-06-30 20:45:50,287 - INFO - ThreadPoolExecutor-0_7 - [PROD] Payload 884/1000 sent successfully. Status Code: 200
2026-06-30 20:45:50,288 - INFO - ThreadPoolExecutor-0_7 - [PROD] Sending payload 894/1000 | Order Number: V4063004895
2026-06-30 20:45:50,884 - INFO - ThreadPoolExecutor-0_5 - [PROD] Payload 885/1000 sent successfully. Status Code: 200
2026-06-30 20:45:50,887 - INFO - ThreadPoolExecutor-0_5 - [PROD] Sending payload 895/1000 | Order Number: V4063004896
2026-06-30 20:45:51,109 - INFO - ThreadPoolExecutor-0_3 - [PROD] Payload 887/1000 sent successfully. Status Code: 200
2026-06-30 20:45:51,110 - INFO - ThreadPoolExecutor-0_3 - [PROD] Sending payload 896/1000 | Order Number: V4063004897
2026-06-30 20:45:51,130 - INFO - ThreadPoolExecutor-0_4 - [PROD] Payload 886/1000 sent successfully. Status Code: 200
2026-06-30 20:45:51,130 - INFO - ThreadPoolExecutor-0_4 - [PROD] Sending payload 897/1000 | Order Number: V4063004898
2026-06-30 20:45:51,322 - INFO - ThreadPoolExecutor-0_6 - [PROD] Payload 888/1000 sent successfully. Status Code: 200
2026-06-30 20:45:51,323 - INFO - ThreadPoolExecutor-0_6 - [PROD] Sending payload 898/1000 | Order Number: V4063004899
2026-06-30 20:45:51,459 - INFO - ThreadPoolExecutor-0_9 - [PROD] Payload 889/1000 sent successfully. Status Code: 200
2026-06-30 20:45:51,462 - INFO - ThreadPoolExecutor-0_9 - [PROD] Sending payload 899/1000 | Order Number: V4063004900
2026-06-30 20:45:51,610 - INFO - ThreadPoolExecutor-0_8 - [PROD] Payload 890/1000 sent successfully. Status Code: 200
2026-06-30 20:45:51,612 - INFO - ThreadPoolExecutor-0_8 - [PROD] Sending payload 900/1000 | Order Number: V4063004901
2026-06-30 20:45:51,809 - INFO - ThreadPoolExecutor-0_2 - [PROD] Payload 892/1000 sent successfully. Status Code: 200
2026-06-30 20:45:51,811 - INFO - ThreadPoolExecutor-0_2 - [PROD] Sending payload 901/1000 | Order Number: V4063004902
2026-06-30 20:45:51,815 - INFO - ThreadPoolExecutor-0_0 - [PROD] Payload 891/1000 sent successfully. Status Code: 200
2026-06-30 20:45:51,815 - INFO - ThreadPoolExecutor-0_0 - [PROD] Sending payload 902/1000 | Order Number: V4063004903
2026-06-30 20:45:52,048 - INFO - ThreadPoolExecutor-0_1 - [PROD] Payload 893/1000 sent successfully. Status Code: 200
2026-06-30 20:45:52,050 - INFO - ThreadPoolExecutor-0_1 - [PROD] Sending payload 903/1000 | Order Number: V4063004904
2026-06-30 20:45:52,101 - INFO - ThreadPoolExecutor-0_7 - [PROD] Payload 894/1000 sent successfully. Status Code: 200
2026-06-30 20:45:52,102 - INFO - ThreadPoolExecutor-0_7 - [PROD] Sending payload 904/1000 | Order Number: V4063004905
2026-06-30 20:45:52,713 - INFO - ThreadPoolExecutor-0_5 - [PROD] Payload 895/1000 sent successfully. Status Code: 200
2026-06-30 20:45:52,715 - INFO - ThreadPoolExecutor-0_5 - [PROD] Sending payload 905/1000 | Order Number: V4063004906
2026-06-30 20:45:52,949 - INFO - ThreadPoolExecutor-0_4 - [PROD] Payload 897/1000 sent successfully. Status Code: 200
2026-06-30 20:45:52,950 - INFO - ThreadPoolExecutor-0_4 - [PROD] Sending payload 906/1000 | Order Number: V4063004907
2026-06-30 20:45:53,027 - INFO - ThreadPoolExecutor-0_3 - [PROD] Payload 896/1000 sent successfully. Status Code: 200
2026-06-30 20:45:53,029 - INFO - ThreadPoolExecutor-0_3 - [PROD] Sending payload 907/1000 | Order Number: V4063004908
2026-06-30 20:45:53,143 - INFO - ThreadPoolExecutor-0_6 - [PROD] Payload 898/1000 sent successfully. Status Code: 200
2026-06-30 20:45:53,145 - INFO - ThreadPoolExecutor-0_6 - [PROD] Sending payload 908/1000 | Order Number: V4063004909
2026-06-30 20:45:53,283 - INFO - ThreadPoolExecutor-0_9 - [PROD] Payload 899/1000 sent successfully. Status Code: 200
2026-06-30 20:45:53,287 - INFO - ThreadPoolExecutor-0_9 - [PROD] Sending payload 909/1000 | Order Number: V4063004910
2026-06-30 20:45:53,608 - INFO - ThreadPoolExecutor-0_8 - [PROD] Payload 900/1000 sent successfully. Status Code: 200
2026-06-30 20:45:53,610 - INFO - ThreadPoolExecutor-0_8 - [PROD] Sending payload 910/1000 | Order Number: V4063004911
2026-06-30 20:45:53,647 - INFO - ThreadPoolExecutor-0_2 - [PROD] Payload 901/1000 sent successfully. Status Code: 200
2026-06-30 20:45:53,648 - INFO - ThreadPoolExecutor-0_2 - [PROD] Sending payload 911/1000 | Order Number: V4063004912
2026-06-30 20:45:53,846 - INFO - ThreadPoolExecutor-0_1 - [PROD] Payload 903/1000 sent successfully. Status Code: 200
2026-06-30 20:45:53,846 - INFO - ThreadPoolExecutor-0_1 - [PROD] Sending payload 912/1000 | Order Number: V4063004913
2026-06-30 20:45:53,854 - INFO - ThreadPoolExecutor-0_0 - [PROD] Payload 902/1000 sent successfully. Status Code: 200
2026-06-30 20:45:53,854 - INFO - ThreadPoolExecutor-0_0 - [PROD] Sending payload 913/1000 | Order Number: V4063004914
2026-06-30 20:45:53,926 - INFO - ThreadPoolExecutor-0_7 - [PROD] Payload 904/1000 sent successfully. Status Code: 200
2026-06-30 20:45:53,929 - INFO - ThreadPoolExecutor-0_7 - [PROD] Sending payload 914/1000 | Order Number: V4063004915
2026-06-30 20:45:54,571 - INFO - ThreadPoolExecutor-0_5 - [PROD] Payload 905/1000 sent successfully. Status Code: 200
2026-06-30 20:45:54,572 - INFO - ThreadPoolExecutor-0_5 - [PROD] Sending payload 915/1000 | Order Number: V4063004916
2026-06-30 20:45:54,807 - INFO - ThreadPoolExecutor-0_4 - [PROD] Payload 906/1000 sent successfully. Status Code: 200
2026-06-30 20:45:54,808 - INFO - ThreadPoolExecutor-0_4 - [PROD] Sending payload 916/1000 | Order Number: V4063004917
2026-06-30 20:45:54,867 - INFO - ThreadPoolExecutor-0_3 - [PROD] Payload 907/1000 sent successfully. Status Code: 200
2026-06-30 20:45:54,868 - INFO - ThreadPoolExecutor-0_3 - [PROD] Sending payload 917/1000 | Order Number: V4063004918
2026-06-30 20:45:55,057 - INFO - ThreadPoolExecutor-0_6 - [PROD] Payload 908/1000 sent successfully. Status Code: 200
2026-06-30 20:45:55,058 - INFO - ThreadPoolExecutor-0_6 - [PROD] Sending payload 918/1000 | Order Number: V4063004919
2026-06-30 20:45:55,099 - INFO - ThreadPoolExecutor-0_9 - [PROD] Payload 909/1000 sent successfully. Status Code: 200
2026-06-30 20:45:55,100 - INFO - ThreadPoolExecutor-0_9 - [PROD] Sending payload 919/1000 | Order Number: V4063004920
2026-06-30 20:45:55,441 - INFO - ThreadPoolExecutor-0_8 - [PROD] Payload 910/1000 sent successfully. Status Code: 200
2026-06-30 20:45:55,445 - INFO - ThreadPoolExecutor-0_8 - [PROD] Sending payload 920/1000 | Order Number: V4063004921
2026-06-30 20:45:55,529 - INFO - ThreadPoolExecutor-0_2 - [PROD] Payload 911/1000 sent successfully. Status Code: 200
2026-06-30 20:45:55,531 - INFO - ThreadPoolExecutor-0_2 - [PROD] Sending payload 921/1000 | Order Number: V4063004922
2026-06-30 20:45:55,674 - INFO - ThreadPoolExecutor-0_0 - [PROD] Payload 913/1000 sent successfully. Status Code: 200
2026-06-30 20:45:55,676 - INFO - ThreadPoolExecutor-0_0 - [PROD] Sending payload 922/1000 | Order Number: V4063004923
2026-06-30 20:45:55,712 - INFO - ThreadPoolExecutor-0_1 - [PROD] Payload 912/1000 sent successfully. Status Code: 200
2026-06-30 20:45:55,713 - INFO - ThreadPoolExecutor-0_1 - [PROD] Sending payload 923/1000 | Order Number: V4063004924
2026-06-30 20:45:55,882 - INFO - ThreadPoolExecutor-0_7 - [PROD] Payload 914/1000 sent successfully. Status Code: 200
2026-06-30 20:45:55,883 - INFO - ThreadPoolExecutor-0_7 - [PROD] Sending payload 924/1000 | Order Number: V4063004925
2026-06-30 20:45:56,441 - INFO - ThreadPoolExecutor-0_5 - [PROD] Payload 915/1000 sent successfully. Status Code: 200
2026-06-30 20:45:56,444 - INFO - ThreadPoolExecutor-0_5 - [PROD] Sending payload 925/1000 | Order Number: V4063004926
2026-06-30 20:45:56,626 - INFO - ThreadPoolExecutor-0_4 - [PROD] Payload 916/1000 sent successfully. Status Code: 200
2026-06-30 20:45:56,627 - INFO - ThreadPoolExecutor-0_4 - [PROD] Sending payload 926/1000 | Order Number: V4063004927
2026-06-30 20:45:56,707 - INFO - ThreadPoolExecutor-0_3 - [PROD] Payload 917/1000 sent successfully. Status Code: 200
2026-06-30 20:45:56,709 - INFO - ThreadPoolExecutor-0_3 - [PROD] Sending payload 927/1000 | Order Number: V4063004928
2026-06-30 20:45:56,890 - INFO - ThreadPoolExecutor-0_6 - [PROD] Payload 918/1000 sent successfully. Status Code: 200
2026-06-30 20:45:56,892 - INFO - ThreadPoolExecutor-0_6 - [PROD] Sending payload 928/1000 | Order Number: V4063004929
2026-06-30 20:45:56,923 - INFO - ThreadPoolExecutor-0_9 - [PROD] Payload 919/1000 sent successfully. Status Code: 200
2026-06-30 20:45:56,924 - INFO - ThreadPoolExecutor-0_9 - [PROD] Sending payload 929/1000 | Order Number: V4063004930
2026-06-30 20:45:57,335 - INFO - ThreadPoolExecutor-0_8 - [PROD] Payload 920/1000 sent successfully. Status Code: 200
2026-06-30 20:45:57,335 - INFO - ThreadPoolExecutor-0_8 - [PROD] Sending payload 930/1000 | Order Number: V4063004931
2026-06-30 20:45:57,512 - INFO - ThreadPoolExecutor-0_1 - [PROD] Payload 923/1000 sent successfully. Status Code: 200
2026-06-30 20:45:57,514 - INFO - ThreadPoolExecutor-0_1 - [PROD] Sending payload 931/1000 | Order Number: V4063004932
2026-06-30 20:45:57,517 - INFO - ThreadPoolExecutor-0_2 - [PROD] Payload 921/1000 sent successfully. Status Code: 200
2026-06-30 20:45:57,518 - INFO - ThreadPoolExecutor-0_2 - [PROD] Sending payload 932/1000 | Order Number: V4063004933
2026-06-30 20:45:57,700 - INFO - ThreadPoolExecutor-0_0 - [PROD] Payload 922/1000 sent successfully. Status Code: 200
2026-06-30 20:45:57,702 - INFO - ThreadPoolExecutor-0_0 - [PROD] Sending payload 933/1000 | Order Number: V4063004934
2026-06-30 20:45:57,794 - INFO - ThreadPoolExecutor-0_7 - [PROD] Payload 924/1000 sent successfully. Status Code: 200
2026-06-30 20:45:57,796 - INFO - ThreadPoolExecutor-0_7 - [PROD] Sending payload 934/1000 | Order Number: V4063004935
2026-06-30 20:45:58,448 - INFO - ThreadPoolExecutor-0_5 - [PROD] Payload 925/1000 sent successfully. Status Code: 200
2026-06-30 20:45:58,449 - INFO - ThreadPoolExecutor-0_5 - [PROD] Sending payload 935/1000 | Order Number: V4063004936
2026-06-30 20:45:58,456 - INFO - ThreadPoolExecutor-0_4 - [PROD] Payload 926/1000 sent successfully. Status Code: 200
2026-06-30 20:45:58,457 - INFO - ThreadPoolExecutor-0_4 - [PROD] Sending payload 936/1000 | Order Number: V4063004937
2026-06-30 20:45:58,514 - INFO - ThreadPoolExecutor-0_3 - [PROD] Payload 927/1000 sent successfully. Status Code: 200
2026-06-30 20:45:58,515 - INFO - ThreadPoolExecutor-0_3 - [PROD] Sending payload 937/1000 | Order Number: V4063004938
2026-06-30 20:45:58,739 - INFO - ThreadPoolExecutor-0_9 - [PROD] Payload 929/1000 sent successfully. Status Code: 200
2026-06-30 20:45:58,745 - INFO - ThreadPoolExecutor-0_9 - [PROD] Sending payload 938/1000 | Order Number: V4063004939
2026-06-30 20:45:58,787 - INFO - ThreadPoolExecutor-0_6 - [PROD] Payload 928/1000 sent successfully. Status Code: 200
2026-06-30 20:45:58,788 - INFO - ThreadPoolExecutor-0_6 - [PROD] Sending payload 939/1000 | Order Number: V4063004940
2026-06-30 20:45:59,192 - INFO - ThreadPoolExecutor-0_8 - [PROD] Payload 930/1000 sent successfully. Status Code: 200
2026-06-30 20:45:59,193 - INFO - ThreadPoolExecutor-0_8 - [PROD] Sending payload 940/1000 | Order Number: V4063004941
2026-06-30 20:45:59,355 - INFO - ThreadPoolExecutor-0_2 - [PROD] Payload 932/1000 sent successfully. Status Code: 200
2026-06-30 20:45:59,356 - INFO - ThreadPoolExecutor-0_2 - [PROD] Sending payload 941/1000 | Order Number: V4063004942
2026-06-30 20:45:59,371 - INFO - ThreadPoolExecutor-0_1 - [PROD] Payload 931/1000 sent successfully. Status Code: 200
2026-06-30 20:45:59,372 - INFO - ThreadPoolExecutor-0_1 - [PROD] Sending payload 942/1000 | Order Number: V4063004943
2026-06-30 20:45:59,525 - INFO - ThreadPoolExecutor-0_0 - [PROD] Payload 933/1000 sent successfully. Status Code: 200
2026-06-30 20:45:59,528 - INFO - ThreadPoolExecutor-0_0 - [PROD] Sending payload 943/1000 | Order Number: V4063004944
2026-06-30 20:45:59,723 - INFO - ThreadPoolExecutor-0_7 - [PROD] Payload 934/1000 sent successfully. Status Code: 200
2026-06-30 20:45:59,724 - INFO - ThreadPoolExecutor-0_7 - [PROD] Sending payload 944/1000 | Order Number: V4063004945
2026-06-30 20:46:00,368 - INFO - ThreadPoolExecutor-0_4 - [PROD] Payload 936/1000 sent successfully. Status Code: 200
2026-06-30 20:46:00,369 - INFO - ThreadPoolExecutor-0_4 - [PROD] Sending payload 945/1000 | Order Number: V4063004946
2026-06-30 20:46:00,397 - INFO - ThreadPoolExecutor-0_5 - [PROD] Payload 935/1000 sent successfully. Status Code: 200
2026-06-30 20:46:00,398 - INFO - ThreadPoolExecutor-0_5 - [PROD] Sending payload 946/1000 | Order Number: V4063004947
2026-06-30 20:46:00,545 - INFO - ThreadPoolExecutor-0_3 - [PROD] Payload 937/1000 sent successfully. Status Code: 200
2026-06-30 20:46:00,546 - INFO - ThreadPoolExecutor-0_3 - [PROD] Sending payload 947/1000 | Order Number: V4063004948
2026-06-30 20:46:00,654 - INFO - ThreadPoolExecutor-0_9 - [PROD] Payload 938/1000 sent successfully. Status Code: 200
2026-06-30 20:46:00,657 - INFO - ThreadPoolExecutor-0_9 - [PROD] Sending payload 948/1000 | Order Number: V4063004949
2026-06-30 20:46:00,853 - INFO - ThreadPoolExecutor-0_6 - [PROD] Payload 939/1000 sent successfully. Status Code: 200
2026-06-30 20:46:00,855 - INFO - ThreadPoolExecutor-0_6 - [PROD] Sending payload 949/1000 | Order Number: V4063004950
2026-06-30 20:46:01,096 - INFO - ThreadPoolExecutor-0_8 - [PROD] Payload 940/1000 sent successfully. Status Code: 200
2026-06-30 20:46:01,097 - INFO - ThreadPoolExecutor-0_8 - [PROD] Sending payload 950/1000 | Order Number: V4063004951
2026-06-30 20:46:01,242 - INFO - ThreadPoolExecutor-0_1 - [PROD] Payload 942/1000 sent successfully. Status Code: 200
2026-06-30 20:46:01,244 - INFO - ThreadPoolExecutor-0_1 - [PROD] Sending payload 951/1000 | Order Number: V4063004952
2026-06-30 20:46:01,419 - INFO - ThreadPoolExecutor-0_0 - [PROD] Payload 943/1000 sent successfully. Status Code: 200
2026-06-30 20:46:01,421 - INFO - ThreadPoolExecutor-0_0 - [PROD] Sending payload 952/1000 | Order Number: V4063004953
2026-06-30 20:46:01,439 - INFO - ThreadPoolExecutor-0_2 - [PROD] Payload 941/1000 sent successfully. Status Code: 200
2026-06-30 20:46:01,440 - INFO - ThreadPoolExecutor-0_2 - [PROD] Sending payload 953/1000 | Order Number: V4063004954
2026-06-30 20:46:01,599 - INFO - ThreadPoolExecutor-0_7 - [PROD] Payload 944/1000 sent successfully. Status Code: 200
2026-06-30 20:46:01,601 - INFO - ThreadPoolExecutor-0_7 - [PROD] Sending payload 954/1000 | Order Number: V4063004955
2026-06-30 20:46:02,520 - INFO - ThreadPoolExecutor-0_4 - [PROD] Payload 945/1000 sent successfully. Status Code: 200
2026-06-30 20:46:02,521 - INFO - ThreadPoolExecutor-0_4 - [PROD] Sending payload 955/1000 | Order Number: V4063004956
2026-06-30 20:46:02,563 - INFO - ThreadPoolExecutor-0_5 - [PROD] Payload 946/1000 sent successfully. Status Code: 200
2026-06-30 20:46:02,564 - INFO - ThreadPoolExecutor-0_5 - [PROD] Sending payload 956/1000 | Order Number: V4063004957
2026-06-30 20:46:02,625 - INFO - ThreadPoolExecutor-0_9 - [PROD] Payload 948/1000 sent successfully. Status Code: 200
2026-06-30 20:46:02,626 - INFO - ThreadPoolExecutor-0_9 - [PROD] Sending payload 957/1000 | Order Number: V4063004958
2026-06-30 20:46:02,635 - INFO - ThreadPoolExecutor-0_3 - [PROD] Payload 947/1000 sent successfully. Status Code: 200
2026-06-30 20:46:02,635 - INFO - ThreadPoolExecutor-0_3 - [PROD] Sending payload 958/1000 | Order Number: V4063004959
2026-06-30 20:46:02,783 - INFO - ThreadPoolExecutor-0_6 - [PROD] Payload 949/1000 sent successfully. Status Code: 200
2026-06-30 20:46:02,786 - INFO - ThreadPoolExecutor-0_6 - [PROD] Sending payload 959/1000 | Order Number: V4063004960
2026-06-30 20:46:02,967 - INFO - ThreadPoolExecutor-0_8 - [PROD] Payload 950/1000 sent successfully. Status Code: 200
2026-06-30 20:46:02,967 - INFO - ThreadPoolExecutor-0_8 - [PROD] Sending payload 960/1000 | Order Number: V4063004961
2026-06-30 20:46:03,262 - INFO - ThreadPoolExecutor-0_2 - [PROD] Payload 953/1000 sent successfully. Status Code: 200
2026-06-30 20:46:03,263 - INFO - ThreadPoolExecutor-0_2 - [PROD] Sending payload 961/1000 | Order Number: V4063004962
2026-06-30 20:46:03,297 - INFO - ThreadPoolExecutor-0_1 - [PROD] Payload 951/1000 sent successfully. Status Code: 200
2026-06-30 20:46:03,298 - INFO - ThreadPoolExecutor-0_1 - [PROD] Sending payload 962/1000 | Order Number: V4063004963
2026-06-30 20:46:03,319 - INFO - ThreadPoolExecutor-0_0 - [PROD] Payload 952/1000 sent successfully. Status Code: 200
2026-06-30 20:46:03,320 - INFO - ThreadPoolExecutor-0_0 - [PROD] Sending payload 963/1000 | Order Number: V4063004964
2026-06-30 20:46:03,540 - INFO - ThreadPoolExecutor-0_7 - [PROD] Payload 954/1000 sent successfully. Status Code: 200
2026-06-30 20:46:03,542 - INFO - ThreadPoolExecutor-0_7 - [PROD] Sending payload 964/1000 | Order Number: V4063004965
2026-06-30 20:46:04,470 - INFO - ThreadPoolExecutor-0_4 - [PROD] Payload 955/1000 sent successfully. Status Code: 200
2026-06-30 20:46:04,472 - INFO - ThreadPoolExecutor-0_4 - [PROD] Sending payload 965/1000 | Order Number: V4063004966
2026-06-30 20:46:04,472 - INFO - ThreadPoolExecutor-0_3 - [PROD] Payload 958/1000 sent successfully. Status Code: 200
2026-06-30 20:46:04,473 - INFO - ThreadPoolExecutor-0_5 - [PROD] Payload 956/1000 sent successfully. Status Code: 200
2026-06-30 20:46:04,475 - INFO - ThreadPoolExecutor-0_3 - [PROD] Sending payload 966/1000 | Order Number: V4063004967
2026-06-30 20:46:04,476 - INFO - ThreadPoolExecutor-0_5 - [PROD] Sending payload 967/1000 | Order Number: V4063004968
2026-06-30 20:46:04,592 - INFO - ThreadPoolExecutor-0_9 - [PROD] Payload 957/1000 sent successfully. Status Code: 200
2026-06-30 20:46:04,593 - INFO - ThreadPoolExecutor-0_9 - [PROD] Sending payload 968/1000 | Order Number: V4063004969
2026-06-30 20:46:04,639 - INFO - ThreadPoolExecutor-0_6 - [PROD] Payload 959/1000 sent successfully. Status Code: 200
2026-06-30 20:46:04,639 - INFO - ThreadPoolExecutor-0_6 - [PROD] Sending payload 969/1000 | Order Number: V4063004970
2026-06-30 20:46:04,927 - INFO - ThreadPoolExecutor-0_8 - [PROD] Payload 960/1000 sent successfully. Status Code: 200
2026-06-30 20:46:04,929 - INFO - ThreadPoolExecutor-0_8 - [PROD] Sending payload 970/1000 | Order Number: V4063004971
2026-06-30 20:46:05,125 - INFO - ThreadPoolExecutor-0_2 - [PROD] Payload 961/1000 sent successfully. Status Code: 200
2026-06-30 20:46:05,126 - INFO - ThreadPoolExecutor-0_2 - [PROD] Sending payload 971/1000 | Order Number: V4063004972
2026-06-30 20:46:05,145 - INFO - ThreadPoolExecutor-0_0 - [PROD] Payload 963/1000 sent successfully. Status Code: 200
2026-06-30 20:46:05,146 - INFO - ThreadPoolExecutor-0_1 - [PROD] Payload 962/1000 sent successfully. Status Code: 200
2026-06-30 20:46:05,146 - INFO - ThreadPoolExecutor-0_0 - [PROD] Sending payload 972/1000 | Order Number: V4063004973
2026-06-30 20:46:05,147 - INFO - ThreadPoolExecutor-0_1 - [PROD] Sending payload 973/1000 | Order Number: V4063004974
2026-06-30 20:46:05,414 - INFO - ThreadPoolExecutor-0_7 - [PROD] Payload 964/1000 sent successfully. Status Code: 200
2026-06-30 20:46:05,414 - INFO - ThreadPoolExecutor-0_7 - [PROD] Sending payload 974/1000 | Order Number: V4063004975
2026-06-30 20:46:06,317 - INFO - ThreadPoolExecutor-0_3 - [PROD] Payload 966/1000 sent successfully. Status Code: 200
2026-06-30 20:46:06,319 - INFO - ThreadPoolExecutor-0_3 - [PROD] Sending payload 975/1000 | Order Number: V4063004976
2026-06-30 20:46:06,326 - INFO - ThreadPoolExecutor-0_4 - [PROD] Payload 965/1000 sent successfully. Status Code: 200
2026-06-30 20:46:06,327 - INFO - ThreadPoolExecutor-0_5 - [PROD] Payload 967/1000 sent successfully. Status Code: 200
2026-06-30 20:46:06,328 - INFO - ThreadPoolExecutor-0_4 - [PROD] Sending payload 976/1000 | Order Number: V4063004977
2026-06-30 20:46:06,328 - INFO - ThreadPoolExecutor-0_5 - [PROD] Sending payload 977/1000 | Order Number: V4063004978
2026-06-30 20:46:06,483 - INFO - ThreadPoolExecutor-0_6 - [PROD] Payload 969/1000 sent successfully. Status Code: 200
2026-06-30 20:46:06,484 - INFO - ThreadPoolExecutor-0_6 - [PROD] Sending payload 978/1000 | Order Number: V4063004979
2026-06-30 20:46:06,499 - INFO - ThreadPoolExecutor-0_9 - [PROD] Payload 968/1000 sent successfully. Status Code: 200
2026-06-30 20:46:06,499 - INFO - ThreadPoolExecutor-0_9 - [PROD] Sending payload 979/1000 | Order Number: V4063004980
2026-06-30 20:46:06,812 - INFO - ThreadPoolExecutor-0_8 - [PROD] Payload 970/1000 sent successfully. Status Code: 200
2026-06-30 20:46:06,813 - INFO - ThreadPoolExecutor-0_8 - [PROD] Sending payload 980/1000 | Order Number: V4063004981
2026-06-30 20:46:06,952 - INFO - ThreadPoolExecutor-0_0 - [PROD] Payload 972/1000 sent successfully. Status Code: 200
2026-06-30 20:46:06,956 - INFO - ThreadPoolExecutor-0_0 - [PROD] Sending payload 981/1000 | Order Number: V4063004982
2026-06-30 20:46:06,960 - INFO - ThreadPoolExecutor-0_2 - [PROD] Payload 971/1000 sent successfully. Status Code: 200
2026-06-30 20:46:06,961 - INFO - ThreadPoolExecutor-0_2 - [PROD] Sending payload 982/1000 | Order Number: V4063004983
2026-06-30 20:46:07,136 - INFO - ThreadPoolExecutor-0_1 - [PROD] Payload 973/1000 sent successfully. Status Code: 200
2026-06-30 20:46:07,137 - INFO - ThreadPoolExecutor-0_1 - [PROD] Sending payload 983/1000 | Order Number: V4063004984
2026-06-30 20:46:07,270 - INFO - ThreadPoolExecutor-0_7 - [PROD] Payload 974/1000 sent successfully. Status Code: 200
2026-06-30 20:46:07,272 - INFO - ThreadPoolExecutor-0_7 - [PROD] Sending payload 984/1000 | Order Number: V4063004985
2026-06-30 20:46:08,152 - INFO - ThreadPoolExecutor-0_4 - [PROD] Payload 976/1000 sent successfully. Status Code: 200
2026-06-30 20:46:08,154 - INFO - ThreadPoolExecutor-0_4 - [PROD] Sending payload 985/1000 | Order Number: V4063004986
2026-06-30 20:46:08,218 - INFO - ThreadPoolExecutor-0_3 - [PROD] Payload 975/1000 sent successfully. Status Code: 200
2026-06-30 20:46:08,219 - INFO - ThreadPoolExecutor-0_3 - [PROD] Sending payload 986/1000 | Order Number: V4063004987
2026-06-30 20:46:08,375 - INFO - ThreadPoolExecutor-0_5 - [PROD] Payload 977/1000 sent successfully. Status Code: 200
2026-06-30 20:46:08,376 - INFO - ThreadPoolExecutor-0_5 - [PROD] Sending payload 987/1000 | Order Number: V4063004988
2026-06-30 20:46:08,392 - INFO - ThreadPoolExecutor-0_9 - [PROD] Payload 979/1000 sent successfully. Status Code: 200
2026-06-30 20:46:08,393 - INFO - ThreadPoolExecutor-0_9 - [PROD] Sending payload 988/1000 | Order Number: V4063004989
2026-06-30 20:46:08,417 - INFO - ThreadPoolExecutor-0_6 - [PROD] Payload 978/1000 sent successfully. Status Code: 200
2026-06-30 20:46:08,417 - INFO - ThreadPoolExecutor-0_6 - [PROD] Sending payload 989/1000 | Order Number: V4063004990
2026-06-30 20:46:08,664 - INFO - ThreadPoolExecutor-0_8 - [PROD] Payload 980/1000 sent successfully. Status Code: 200
2026-06-30 20:46:08,666 - INFO - ThreadPoolExecutor-0_8 - [PROD] Sending payload 990/1000 | Order Number: V4063004991
2026-06-30 20:46:08,763 - INFO - ThreadPoolExecutor-0_2 - [PROD] Payload 982/1000 sent successfully. Status Code: 200
2026-06-30 20:46:08,766 - INFO - ThreadPoolExecutor-0_2 - [PROD] Sending payload 991/1000 | Order Number: V4063004992
2026-06-30 20:46:08,890 - INFO - ThreadPoolExecutor-0_0 - [PROD] Payload 981/1000 sent successfully. Status Code: 200
2026-06-30 20:46:08,892 - INFO - ThreadPoolExecutor-0_0 - [PROD] Sending payload 992/1000 | Order Number: V4063004993
2026-06-30 20:46:09,036 - INFO - ThreadPoolExecutor-0_1 - [PROD] Payload 983/1000 sent successfully. Status Code: 200
2026-06-30 20:46:09,037 - INFO - ThreadPoolExecutor-0_1 - [PROD] Sending payload 993/1000 | Order Number: V4063004994
2026-06-30 20:46:09,240 - INFO - ThreadPoolExecutor-0_7 - [PROD] Payload 984/1000 sent successfully. Status Code: 200
2026-06-30 20:46:09,242 - INFO - ThreadPoolExecutor-0_7 - [PROD] Sending payload 994/1000 | Order Number: V4063004995
2026-06-30 20:46:09,998 - INFO - ThreadPoolExecutor-0_4 - [PROD] Payload 985/1000 sent successfully. Status Code: 200
2026-06-30 20:46:10,000 - INFO - ThreadPoolExecutor-0_4 - [PROD] Sending payload 995/1000 | Order Number: V4063004996
2026-06-30 20:46:10,095 - INFO - ThreadPoolExecutor-0_3 - [PROD] Payload 986/1000 sent successfully. Status Code: 200
2026-06-30 20:46:10,096 - INFO - ThreadPoolExecutor-0_3 - [PROD] Sending payload 996/1000 | Order Number: V4063004997
2026-06-30 20:46:10,240 - INFO - ThreadPoolExecutor-0_5 - [PROD] Payload 987/1000 sent successfully. Status Code: 200
2026-06-30 20:46:10,242 - INFO - ThreadPoolExecutor-0_5 - [PROD] Sending payload 997/1000 | Order Number: V4063004998
2026-06-30 20:46:10,257 - INFO - ThreadPoolExecutor-0_9 - [PROD] Payload 988/1000 sent successfully. Status Code: 200
2026-06-30 20:46:10,257 - INFO - ThreadPoolExecutor-0_9 - [PROD] Sending payload 998/1000 | Order Number: V4063004999
2026-06-30 20:46:10,462 - INFO - ThreadPoolExecutor-0_6 - [PROD] Payload 989/1000 sent successfully. Status Code: 200
2026-06-30 20:46:10,464 - INFO - ThreadPoolExecutor-0_6 - [PROD] Sending payload 999/1000 | Order Number: V4063005000
2026-06-30 20:46:10,527 - INFO - ThreadPoolExecutor-0_8 - [PROD] Payload 990/1000 sent successfully. Status Code: 200
2026-06-30 20:46:10,527 - INFO - ThreadPoolExecutor-0_8 - [PROD] Sending payload 1000/1000 | Order Number: V4063005001
2026-06-30 20:46:10,744 - INFO - ThreadPoolExecutor-0_2 - [PROD] Payload 991/1000 sent successfully. Status Code: 200
2026-06-30 20:46:10,814 - INFO - ThreadPoolExecutor-0_0 - [PROD] Payload 992/1000 sent successfully. Status Code: 200
2026-06-30 20:46:10,965 - INFO - ThreadPoolExecutor-0_1 - [PROD] Payload 993/1000 sent successfully. Status Code: 200
2026-06-30 20:46:11,068 - INFO - ThreadPoolExecutor-0_7 - [PROD] Payload 994/1000 sent successfully. Status Code: 200
2026-06-30 20:46:11,941 - INFO - ThreadPoolExecutor-0_4 - [PROD] Payload 995/1000 sent successfully. Status Code: 200
2026-06-30 20:46:12,090 - INFO - ThreadPoolExecutor-0_9 - [PROD] Payload 998/1000 sent successfully. Status Code: 200
2026-06-30 20:46:12,102 - INFO - ThreadPoolExecutor-0_3 - [PROD] Payload 996/1000 sent successfully. Status Code: 200
2026-06-30 20:46:12,245 - INFO - ThreadPoolExecutor-0_5 - [PROD] Payload 997/1000 sent successfully. Status Code: 200
2026-06-30 20:46:12,281 - INFO - ThreadPoolExecutor-0_6 - [PROD] Payload 999/1000 sent successfully. Status Code: 200
2026-06-30 20:46:12,337 - INFO - ThreadPoolExecutor-0_8 - [PROD] Payload 1000/1000 sent successfully. Status Code: 200
2026-06-30 20:46:12,338 - INFO - MainThread - Completed order creation. Success: 1000, Failed: 0, Total: 1000
