2026-07-03 10:24:01,042 - INFO - Execution log file: /Users/vgana3/Documents/GitHub/Nike/J30/Outbound/logs/pack_complete_20260703_102401.log
2026-07-03 10:24:01,042 - INFO - Starting continuous mode. The job will rerun every 10 seconds. Press Ctrl+C to stop.
2026-07-03 10:24:01,042 - INFO - Starting Pack Complete run...
2026-07-03 10:24:01,445 - INFO - Successfully extracted 1 data row(s) for wave information processing.
2026-07-03 10:24:01,445 - INFO - Processing row 1: {'Plant': 1081, 'Environment': 'PROD', 'Wave_number': 'W07022026000000000004;W07022026000000000003;W07022026000000000002;W07022026000000000001;W07012026000000000004;W07012026000000000003'}
2026-07-03 10:24:01,661 - INFO - Processing Task 1/1: Plant 1081 (PROD)
2026-07-03 10:24:02,222 - INFO - Successfully retrieved token.
2026-07-03 10:24:02,222 - INFO - Sending payload to URL: https://nikeaplawmprod1.sce.manh.com/pickpack/api/pickpack/olpn/search
2026-07-03 10:24:02,425 - INFO - Successfully received page 0 for Plant 1081 (PROD)
2026-07-03 10:24:02,425 - INFO - Plant 1081 (PROD): totalCount=296, pageSize=20, totalPages=15
2026-07-03 10:24:02,615 - INFO - Fetched page 1 for Plant 1081 (PROD) with 20 row(s)
2026-07-03 10:24:02,795 - INFO - Fetched page 2 for Plant 1081 (PROD) with 20 row(s)
2026-07-03 10:24:02,992 - INFO - Fetched page 3 for Plant 1081 (PROD) with 20 row(s)
2026-07-03 10:24:03,187 - INFO - Fetched page 4 for Plant 1081 (PROD) with 20 row(s)
2026-07-03 10:24:03,378 - INFO - Fetched page 5 for Plant 1081 (PROD) with 20 row(s)
2026-07-03 10:24:03,567 - INFO - Fetched page 6 for Plant 1081 (PROD) with 20 row(s)
2026-07-03 10:24:03,782 - INFO - Fetched page 7 for Plant 1081 (PROD) with 20 row(s)
2026-07-03 10:24:03,992 - INFO - Fetched page 8 for Plant 1081 (PROD) with 20 row(s)
2026-07-03 10:24:04,179 - INFO - Fetched page 9 for Plant 1081 (PROD) with 20 row(s)
2026-07-03 10:24:04,371 - INFO - Fetched page 10 for Plant 1081 (PROD) with 20 row(s)
2026-07-03 10:24:04,563 - INFO - Fetched page 11 for Plant 1081 (PROD) with 20 row(s)
2026-07-03 10:24:04,772 - INFO - Fetched page 12 for Plant 1081 (PROD) with 20 row(s)
2026-07-03 10:24:04,968 - INFO - Fetched page 13 for Plant 1081 (PROD) with 20 row(s)
2026-07-03 10:24:05,194 - INFO - Fetched page 14 for Plant 1081 (PROD) with 16 row(s)
2026-07-03 10:24:05,639 - INFO - Sending payload to URL: https://nikeaplawmprod1.sce.manh.com/task/api/task/taskDetail/search
2026-07-03 10:24:05,840 - INFO - -> Success: True, Message: None
2026-07-03 10:24:05,841 - INFO - Processed FC task-detail batch 1 with 20 input oLPN(s); received 0 row(s)
2026-07-03 10:24:05,841 - INFO - Sending payload to URL: https://nikeaplawmprod1.sce.manh.com/task/api/task/taskDetail/search
2026-07-03 10:24:06,035 - INFO - -> Success: True, Message: None
2026-07-03 10:24:06,037 - INFO - Processed FC task-detail batch 2 with 20 input oLPN(s); received 11 row(s)
2026-07-03 10:24:06,037 - INFO - Sending payload to URL: https://nikeaplawmprod1.sce.manh.com/task/api/task/taskDetail/search
2026-07-03 10:24:06,225 - INFO - -> Success: True, Message: None
2026-07-03 10:24:06,226 - INFO - Processed FC task-detail batch 3 with 20 input oLPN(s); received 16 row(s)
2026-07-03 10:24:06,226 - INFO - Sending payload to URL: https://nikeaplawmprod1.sce.manh.com/task/api/task/taskDetail/search
2026-07-03 10:24:06,390 - INFO - -> Success: True, Message: None
2026-07-03 10:24:06,392 - INFO - Processed FC task-detail batch 4 with 20 input oLPN(s); received 0 row(s)
2026-07-03 10:24:06,392 - INFO - Sending payload to URL: https://nikeaplawmprod1.sce.manh.com/task/api/task/taskDetail/search
2026-07-03 10:24:06,559 - INFO - -> Success: True, Message: None
2026-07-03 10:24:06,560 - INFO - Processed FC task-detail batch 5 with 20 input oLPN(s); received 9 row(s)
2026-07-03 10:24:06,560 - INFO - Sending payload to URL: https://nikeaplawmprod1.sce.manh.com/task/api/task/taskDetail/search
2026-07-03 10:24:06,729 - INFO - -> Success: True, Message: None
2026-07-03 10:24:06,730 - INFO - Processed FC task-detail batch 6 with 20 input oLPN(s); received 13 row(s)
2026-07-03 10:24:06,730 - INFO - Sending payload to URL: https://nikeaplawmprod1.sce.manh.com/task/api/task/taskDetail/search
2026-07-03 10:24:06,896 - INFO - -> Success: True, Message: None
2026-07-03 10:24:06,897 - INFO - Processed FC task-detail batch 7 with 20 input oLPN(s); received 19 row(s)
2026-07-03 10:24:06,897 - INFO - Sending payload to URL: https://nikeaplawmprod1.sce.manh.com/task/api/task/taskDetail/search
2026-07-03 10:24:07,074 - INFO - -> Success: True, Message: None
2026-07-03 10:24:07,075 - INFO - Processed FC task-detail batch 8 with 20 input oLPN(s); received 18 row(s)
2026-07-03 10:24:07,075 - INFO - Sending payload to URL: https://nikeaplawmprod1.sce.manh.com/task/api/task/taskDetail/search
2026-07-03 10:24:07,261 - INFO - -> Success: True, Message: None
2026-07-03 10:24:07,262 - INFO - Processed FC task-detail batch 9 with 20 input oLPN(s); received 20 row(s)
2026-07-03 10:24:07,262 - INFO - Sending payload to URL: https://nikeaplawmprod1.sce.manh.com/task/api/task/taskDetail/search
2026-07-03 10:24:07,434 - INFO - -> Success: True, Message: None
2026-07-03 10:24:07,435 - INFO - Processed FC task-detail batch 10 with 20 input oLPN(s); received 7 row(s)
2026-07-03 10:24:07,435 - INFO - Sending payload to URL: https://nikeaplawmprod1.sce.manh.com/task/api/task/taskDetail/search
2026-07-03 10:24:07,604 - INFO - -> Success: True, Message: None
2026-07-03 10:24:07,605 - INFO - Processed FC task-detail batch 11 with 20 input oLPN(s); received 17 row(s)
2026-07-03 10:24:07,605 - INFO - Sending payload to URL: https://nikeaplawmprod1.sce.manh.com/task/api/task/taskDetail/search
2026-07-03 10:24:07,773 - INFO - -> Success: True, Message: None
2026-07-03 10:24:07,774 - INFO - Processed FC task-detail batch 12 with 20 input oLPN(s); received 20 row(s)
2026-07-03 10:24:07,774 - INFO - Sending payload to URL: https://nikeaplawmprod1.sce.manh.com/task/api/task/taskDetail/search
2026-07-03 10:24:07,943 - INFO - -> Success: True, Message: None
2026-07-03 10:24:07,943 - INFO - Processed FC task-detail batch 13 with 20 input oLPN(s); received 19 row(s)
2026-07-03 10:24:07,944 - INFO - Sending payload to URL: https://nikeaplawmprod1.sce.manh.com/task/api/task/taskDetail/search
2026-07-03 10:24:08,109 - INFO - -> Success: True, Message: None
2026-07-03 10:24:08,110 - INFO - Processed FC task-detail batch 14 with 20 input oLPN(s); received 11 row(s)
2026-07-03 10:24:08,110 - INFO - Sending payload to URL: https://nikeaplawmprod1.sce.manh.com/task/api/task/taskDetail/search
2026-07-03 10:24:08,291 - INFO - -> Success: True, Message: None
2026-07-03 10:24:08,292 - INFO - Processed FC task-detail batch 15 with 16 input oLPN(s); received 4 row(s)
2026-07-03 10:24:08,292 - INFO - Processing Task 1/2: Plant 1081 (PROD)
2026-07-03 10:24:08,664 - INFO - Successfully retrieved token.
2026-07-03 10:24:08,665 - INFO - Sending payload to URL: https://nikeaplawmprod1.sce.manh.com/pickpack/api/pickpack/olpn/search
2026-07-03 10:24:08,847 - INFO - Successfully received response for Plant 1081 (PROD)
2026-07-03 10:24:08,847 - INFO - Success: Found 0 oLPN row(s) for this task.
2026-07-03 10:24:08,847 - INFO - Processing Task 2/2: Plant 1081 (PROD)
2026-07-03 10:24:09,326 - INFO - Successfully retrieved token.
2026-07-03 10:24:09,326 - INFO - Sending payload to URL: https://nikeaplawmprod1.sce.manh.com/pickpack/api/pickpack/olpn/search
2026-07-03 10:24:09,586 - INFO - Successfully received response for Plant 1081 (PROD)
2026-07-03 10:24:09,587 - INFO - Success: Found 20 oLPN row(s) for this task.
2026-07-03 10:24:09,588 - INFO - Processing 20 payloads for Environment: PROD
2026-07-03 10:24:09,956 - INFO - Successfully retrieved token for PROD environment.
2026-07-03 10:24:09,956 - INFO - Sending payloads to URL: https://nikeaplawmprod1.sce.manh.com/pickpack/api/ServiceDefinition/invoke/NIKEEX10PackResultCS_1081
2026-07-03 10:24:09,956 - INFO - Using 10 worker threads for 20 payloads.
2026-07-03 10:24:09,957 - INFO - [PROD] Processing Payload 1/20 for Plant 1081
2026-07-03 10:24:09,958 - INFO - [PROD] Processing Payload 2/20 for Plant 1081
2026-07-03 10:24:09,959 - INFO - [PROD] Processing Payload 3/20 for Plant 1081
2026-07-03 10:24:09,959 - INFO - [PROD] Processing Payload 4/20 for Plant 1081
2026-07-03 10:24:09,961 - INFO - [PROD] Processing Payload 5/20 for Plant 1081
2026-07-03 10:24:09,962 - INFO - [PROD] Processing Payload 6/20 for Plant 1081
2026-07-03 10:24:09,964 - INFO - [PROD] Processing Payload 7/20 for Plant 1081
2026-07-03 10:24:09,965 - INFO - [PROD] Processing Payload 8/20 for Plant 1081
2026-07-03 10:24:09,965 - INFO - [PROD] Processing Payload 9/20 for Plant 1081
2026-07-03 10:24:09,967 - INFO - [PROD] Processing Payload 10/20 for Plant 1081
2026-07-03 10:24:10,972 - INFO - [PROD] Processing Payload 11/20 for Plant 1081
2026-07-03 10:24:11,375 - INFO - [PROD] Processing Payload 12/20 for Plant 1081
2026-07-03 10:24:11,377 - INFO - [PROD] Processing Payload 13/20 for Plant 1081
2026-07-03 10:24:11,379 - INFO - [PROD] Processing Payload 14/20 for Plant 1081
2026-07-03 10:24:11,383 - INFO - [PROD] Processing Payload 15/20 for Plant 1081
2026-07-03 10:24:11,385 - INFO - [PROD] Processing Payload 16/20 for Plant 1081
2026-07-03 10:24:11,387 - INFO - [PROD] Processing Payload 17/20 for Plant 1081
2026-07-03 10:24:11,402 - INFO - [PROD] Processing Payload 18/20 for Plant 1081
2026-07-03 10:24:11,404 - INFO - [PROD] Processing Payload 19/20 for Plant 1081
2026-07-03 10:24:11,495 - INFO - [PROD] Processing Payload 20/20 for Plant 1081
2026-07-03 10:24:12,761 - INFO - Pack Complete run finished. Success: 20, Failed: 0, Total: 20
2026-07-03 10:24:12,761 - INFO - Pack Complete run finished.
2026-07-03 10:24:12,762 - INFO - Waiting 10 seconds before next run...
2026-07-03 10:24:22,768 - INFO - Starting Pack Complete run...
2026-07-03 10:24:23,150 - INFO - Successfully extracted 1 data row(s) for wave information processing.
2026-07-03 10:24:23,151 - INFO - Processing row 1: {'Plant': 1081, 'Environment': 'PROD', 'Wave_number': 'W07022026000000000004;W07022026000000000003;W07022026000000000002;W07022026000000000001;W07012026000000000004;W07012026000000000003'}
2026-07-03 10:24:23,362 - INFO - Processing Task 1/1: Plant 1081 (PROD)
2026-07-03 10:24:23,779 - INFO - Successfully retrieved token.
2026-07-03 10:24:23,780 - INFO - Sending payload to URL: https://nikeaplawmprod1.sce.manh.com/pickpack/api/pickpack/olpn/search
2026-07-03 10:24:23,986 - INFO - Successfully received page 0 for Plant 1081 (PROD)
2026-07-03 10:24:23,991 - INFO - Plant 1081 (PROD): totalCount=279, pageSize=20, totalPages=14
2026-07-03 10:24:24,201 - INFO - Fetched page 1 for Plant 1081 (PROD) with 20 row(s)
2026-07-03 10:24:24,393 - INFO - Fetched page 2 for Plant 1081 (PROD) with 20 row(s)
2026-07-03 10:24:24,602 - INFO - Fetched page 3 for Plant 1081 (PROD) with 20 row(s)
2026-07-03 10:24:24,802 - INFO - Fetched page 4 for Plant 1081 (PROD) with 20 row(s)
2026-07-03 10:24:24,992 - INFO - Fetched page 5 for Plant 1081 (PROD) with 20 row(s)
2026-07-03 10:24:25,188 - INFO - Fetched page 6 for Plant 1081 (PROD) with 20 row(s)
2026-07-03 10:24:25,371 - INFO - Fetched page 7 for Plant 1081 (PROD) with 20 row(s)
2026-07-03 10:24:25,556 - INFO - Fetched page 8 for Plant 1081 (PROD) with 20 row(s)
2026-07-03 10:24:25,744 - INFO - Fetched page 9 for Plant 1081 (PROD) with 20 row(s)
2026-07-03 10:24:25,945 - INFO - Fetched page 10 for Plant 1081 (PROD) with 20 row(s)
2026-07-03 10:24:26,121 - INFO - Fetched page 11 for Plant 1081 (PROD) with 20 row(s)
2026-07-03 10:24:26,323 - INFO - Fetched page 12 for Plant 1081 (PROD) with 20 row(s)
2026-07-03 10:24:26,522 - INFO - Fetched page 13 for Plant 1081 (PROD) with 19 row(s)
2026-07-03 10:24:26,869 - INFO - Sending payload to URL: https://nikeaplawmprod1.sce.manh.com/task/api/task/taskDetail/search
2026-07-03 10:24:27,036 - INFO - -> Success: True, Message: None
2026-07-03 10:24:27,042 - INFO - Processed FC task-detail batch 1 with 20 input oLPN(s); received 0 row(s)
2026-07-03 10:24:27,043 - INFO - Sending payload to URL: https://nikeaplawmprod1.sce.manh.com/task/api/task/taskDetail/search
2026-07-03 10:24:27,225 - INFO - -> Success: True, Message: None
2026-07-03 10:24:27,227 - INFO - Processed FC task-detail batch 2 with 20 input oLPN(s); received 10 row(s)
2026-07-03 10:24:27,227 - INFO - Sending payload to URL: https://nikeaplawmprod1.sce.manh.com/task/api/task/taskDetail/search
2026-07-03 10:24:27,413 - INFO - -> Success: True, Message: None
2026-07-03 10:24:27,420 - INFO - Processed FC task-detail batch 3 with 20 input oLPN(s); received 0 row(s)
2026-07-03 10:24:27,420 - INFO - Sending payload to URL: https://nikeaplawmprod1.sce.manh.com/task/api/task/taskDetail/search
2026-07-03 10:24:27,600 - INFO - -> Success: True, Message: None
2026-07-03 10:24:27,607 - INFO - Processed FC task-detail batch 4 with 20 input oLPN(s); received 6 row(s)
2026-07-03 10:24:27,608 - INFO - Sending payload to URL: https://nikeaplawmprod1.sce.manh.com/task/api/task/taskDetail/search
2026-07-03 10:24:27,801 - INFO - -> Success: True, Message: None
2026-07-03 10:24:27,806 - INFO - Processed FC task-detail batch 5 with 20 input oLPN(s); received 13 row(s)
2026-07-03 10:24:27,806 - INFO - Sending payload to URL: https://nikeaplawmprod1.sce.manh.com/task/api/task/taskDetail/search
2026-07-03 10:24:27,982 - INFO - -> Success: True, Message: None
2026-07-03 10:24:27,987 - INFO - Processed FC task-detail batch 6 with 20 input oLPN(s); received 20 row(s)
2026-07-03 10:24:27,987 - INFO - Sending payload to URL: https://nikeaplawmprod1.sce.manh.com/task/api/task/taskDetail/search
2026-07-03 10:24:28,171 - INFO - -> Success: True, Message: None
2026-07-03 10:24:28,172 - INFO - Processed FC task-detail batch 7 with 20 input oLPN(s); received 17 row(s)
2026-07-03 10:24:28,172 - INFO - Sending payload to URL: https://nikeaplawmprod1.sce.manh.com/task/api/task/taskDetail/search
2026-07-03 10:24:28,345 - INFO - -> Success: True, Message: None
2026-07-03 10:24:28,345 - INFO - Processed FC task-detail batch 8 with 20 input oLPN(s); received 20 row(s)
2026-07-03 10:24:28,345 - INFO - Sending payload to URL: https://nikeaplawmprod1.sce.manh.com/task/api/task/taskDetail/search
2026-07-03 10:24:28,522 - INFO - -> Success: True, Message: None
2026-07-03 10:24:28,533 - INFO - Processed FC task-detail batch 9 with 20 input oLPN(s); received 10 row(s)
2026-07-03 10:24:28,534 - INFO - Sending payload to URL: https://nikeaplawmprod1.sce.manh.com/task/api/task/taskDetail/search
2026-07-03 10:24:28,747 - INFO - -> Success: True, Message: None
2026-07-03 10:24:28,753 - INFO - Processed FC task-detail batch 10 with 20 input oLPN(s); received 14 row(s)
2026-07-03 10:24:28,753 - INFO - Sending payload to URL: https://nikeaplawmprod1.sce.manh.com/task/api/task/taskDetail/search
2026-07-03 10:24:28,958 - INFO - -> Success: True, Message: None
2026-07-03 10:24:28,962 - INFO - Processed FC task-detail batch 11 with 20 input oLPN(s); received 20 row(s)
2026-07-03 10:24:28,963 - INFO - Sending payload to URL: https://nikeaplawmprod1.sce.manh.com/task/api/task/taskDetail/search
2026-07-03 10:24:29,149 - INFO - -> Success: True, Message: None
2026-07-03 10:24:29,156 - INFO - Processed FC task-detail batch 12 with 20 input oLPN(s); received 20 row(s)
2026-07-03 10:24:29,156 - INFO - Sending payload to URL: https://nikeaplawmprod1.sce.manh.com/task/api/task/taskDetail/search
2026-07-03 10:24:29,334 - INFO - -> Success: True, Message: None
2026-07-03 10:24:29,350 - INFO - Processed FC task-detail batch 13 with 20 input oLPN(s); received 10 row(s)
2026-07-03 10:24:29,350 - INFO - Sending payload to URL: https://nikeaplawmprod1.sce.manh.com/task/api/task/taskDetail/search
2026-07-03 10:24:29,535 - INFO - -> Success: True, Message: None
2026-07-03 10:24:29,538 - INFO - Processed FC task-detail batch 14 with 19 input oLPN(s); received 7 row(s)
2026-07-03 10:24:29,538 - INFO - Processing Task 1/2: Plant 1081 (PROD)
2026-07-03 10:24:29,911 - INFO - Successfully retrieved token.
2026-07-03 10:24:29,911 - INFO - Sending payload to URL: https://nikeaplawmprod1.sce.manh.com/pickpack/api/pickpack/olpn/search
2026-07-03 10:24:30,130 - INFO - Successfully received response for Plant 1081 (PROD)
2026-07-03 10:24:30,130 - INFO - Success: Found 0 oLPN row(s) for this task.
2026-07-03 10:24:30,130 - INFO - Processing Task 2/2: Plant 1081 (PROD)
2026-07-03 10:24:30,519 - INFO - Successfully retrieved token.
2026-07-03 10:24:30,519 - INFO - Sending payload to URL: https://nikeaplawmprod1.sce.manh.com/pickpack/api/pickpack/olpn/search
2026-07-03 10:24:30,741 - INFO - Successfully received response for Plant 1081 (PROD)
2026-07-03 10:24:30,741 - INFO - Success: Found 20 oLPN row(s) for this task.
2026-07-03 10:24:30,742 - INFO - Processing 20 payloads for Environment: PROD
2026-07-03 10:24:31,091 - INFO - Successfully retrieved token for PROD environment.
2026-07-03 10:24:31,091 - INFO - Sending payloads to URL: https://nikeaplawmprod1.sce.manh.com/pickpack/api/ServiceDefinition/invoke/NIKEEX10PackResultCS_1081
2026-07-03 10:24:31,091 - INFO - Using 10 worker threads for 20 payloads.
2026-07-03 10:24:31,091 - INFO - [PROD] Processing Payload 1/20 for Plant 1081
2026-07-03 10:24:31,092 - INFO - [PROD] Processing Payload 2/20 for Plant 1081
2026-07-03 10:24:31,092 - INFO - [PROD] Processing Payload 3/20 for Plant 1081
2026-07-03 10:24:31,092 - INFO - [PROD] Processing Payload 4/20 for Plant 1081
2026-07-03 10:24:31,093 - INFO - [PROD] Processing Payload 5/20 for Plant 1081
2026-07-03 10:24:31,093 - INFO - [PROD] Processing Payload 6/20 for Plant 1081
2026-07-03 10:24:31,094 - INFO - [PROD] Processing Payload 7/20 for Plant 1081
2026-07-03 10:24:31,094 - INFO - [PROD] Processing Payload 8/20 for Plant 1081
2026-07-03 10:24:31,095 - INFO - [PROD] Processing Payload 9/20 for Plant 1081
2026-07-03 10:24:31,095 - INFO - [PROD] Processing Payload 10/20 for Plant 1081
2026-07-03 10:24:31,778 - INFO - [PROD] Processing Payload 11/20 for Plant 1081
2026-07-03 10:24:31,824 - INFO - [PROD] Processing Payload 12/20 for Plant 1081
2026-07-03 10:24:31,829 - INFO - [PROD] Processing Payload 13/20 for Plant 1081
2026-07-03 10:24:32,088 - INFO - [PROD] Processing Payload 14/20 for Plant 1081
2026-07-03 10:24:32,472 - INFO - [PROD] Processing Payload 15/20 for Plant 1081
2026-07-03 10:24:32,474 - INFO - [PROD] Processing Payload 16/20 for Plant 1081
2026-07-03 10:24:32,476 - INFO - [PROD] Processing Payload 17/20 for Plant 1081
2026-07-03 10:24:32,477 - INFO - [PROD] Processing Payload 18/20 for Plant 1081
2026-07-03 10:24:32,479 - INFO - [PROD] Processing Payload 19/20 for Plant 1081
2026-07-03 10:24:32,480 - INFO - [PROD] Processing Payload 20/20 for Plant 1081
2026-07-03 10:24:33,529 - INFO - Pack Complete run finished. Success: 20, Failed: 0, Total: 20
2026-07-03 10:24:33,530 - INFO - Pack Complete run finished.
2026-07-03 10:24:33,530 - INFO - Waiting 10 seconds before next run...
2026-07-03 10:24:43,535 - INFO - Starting Pack Complete run...
2026-07-03 10:24:43,802 - INFO - Successfully extracted 1 data row(s) for wave information processing.
2026-07-03 10:24:43,802 - INFO - Processing row 1: {'Plant': 1081, 'Environment': 'PROD', 'Wave_number': 'W07022026000000000004;W07022026000000000003;W07022026000000000002;W07022026000000000001;W07012026000000000004;W07012026000000000003'}
2026-07-03 10:24:44,036 - INFO - Processing Task 1/1: Plant 1081 (PROD)
2026-07-03 10:24:44,597 - INFO - Successfully retrieved token.
2026-07-03 10:24:44,597 - INFO - Sending payload to URL: https://nikeaplawmprod1.sce.manh.com/pickpack/api/pickpack/olpn/search
2026-07-03 10:24:44,842 - INFO - Successfully received page 0 for Plant 1081 (PROD)
2026-07-03 10:24:44,843 - INFO - Plant 1081 (PROD): totalCount=262, pageSize=20, totalPages=14
2026-07-03 10:24:45,072 - INFO - Fetched page 1 for Plant 1081 (PROD) with 20 row(s)
2026-07-03 10:24:45,304 - INFO - Fetched page 2 for Plant 1081 (PROD) with 20 row(s)
2026-07-03 10:24:45,535 - INFO - Fetched page 3 for Plant 1081 (PROD) with 20 row(s)
2026-07-03 10:24:45,753 - INFO - Fetched page 4 for Plant 1081 (PROD) with 20 row(s)
2026-07-03 10:24:45,973 - INFO - Fetched page 5 for Plant 1081 (PROD) with 20 row(s)
2026-07-03 10:24:46,187 - INFO - Fetched page 6 for Plant 1081 (PROD) with 20 row(s)
2026-07-03 10:24:46,394 - INFO - Fetched page 7 for Plant 1081 (PROD) with 20 row(s)
2026-07-03 10:24:46,597 - INFO - Fetched page 8 for Plant 1081 (PROD) with 20 row(s)
2026-07-03 10:24:46,822 - INFO - Fetched page 9 for Plant 1081 (PROD) with 20 row(s)
2026-07-03 10:24:47,047 - INFO - Fetched page 10 for Plant 1081 (PROD) with 20 row(s)
2026-07-03 10:24:47,270 - INFO - Fetched page 11 for Plant 1081 (PROD) with 20 row(s)
2026-07-03 10:24:47,481 - INFO - Fetched page 12 for Plant 1081 (PROD) with 20 row(s)
2026-07-03 10:24:47,690 - INFO - Fetched page 13 for Plant 1081 (PROD) with 2 row(s)
2026-07-03 10:24:48,051 - INFO - Sending payload to URL: https://nikeaplawmprod1.sce.manh.com/task/api/task/taskDetail/search
2026-07-03 10:24:48,256 - INFO - -> Success: True, Message: None
2026-07-03 10:24:48,270 - INFO - Processed FC task-detail batch 1 with 20 input oLPN(s); received 0 row(s)
2026-07-03 10:24:48,271 - INFO - Sending payload to URL: https://nikeaplawmprod1.sce.manh.com/task/api/task/taskDetail/search
2026-07-03 10:24:48,461 - INFO - -> Success: True, Message: None
2026-07-03 10:24:48,467 - INFO - Processed FC task-detail batch 2 with 20 input oLPN(s); received 3 row(s)
2026-07-03 10:24:48,468 - INFO - Sending payload to URL: https://nikeaplawmprod1.sce.manh.com/task/api/task/taskDetail/search
2026-07-03 10:24:48,679 - INFO - -> Success: True, Message: None
2026-07-03 10:24:48,684 - INFO - Processed FC task-detail batch 3 with 20 input oLPN(s); received 0 row(s)
2026-07-03 10:24:48,685 - INFO - Sending payload to URL: https://nikeaplawmprod1.sce.manh.com/task/api/task/taskDetail/search
2026-07-03 10:24:48,864 - INFO - -> Success: True, Message: None
2026-07-03 10:24:48,868 - INFO - Processed FC task-detail batch 4 with 20 input oLPN(s); received 6 row(s)
2026-07-03 10:24:48,869 - INFO - Sending payload to URL: https://nikeaplawmprod1.sce.manh.com/task/api/task/taskDetail/search
2026-07-03 10:24:49,072 - INFO - -> Success: True, Message: None
2026-07-03 10:24:49,077 - INFO - Processed FC task-detail batch 5 with 20 input oLPN(s); received 20 row(s)
2026-07-03 10:24:49,077 - INFO - Sending payload to URL: https://nikeaplawmprod1.sce.manh.com/task/api/task/taskDetail/search
2026-07-03 10:24:49,275 - INFO - -> Success: True, Message: None
2026-07-03 10:24:49,283 - INFO - Processed FC task-detail batch 6 with 20 input oLPN(s); received 17 row(s)
2026-07-03 10:24:49,284 - INFO - Sending payload to URL: https://nikeaplawmprod1.sce.manh.com/task/api/task/taskDetail/search
2026-07-03 10:24:49,483 - INFO - -> Success: True, Message: None
2026-07-03 10:24:49,484 - INFO - Processed FC task-detail batch 7 with 20 input oLPN(s); received 20 row(s)
2026-07-03 10:24:49,484 - INFO - Sending payload to URL: https://nikeaplawmprod1.sce.manh.com/task/api/task/taskDetail/search
2026-07-03 10:24:49,648 - INFO - -> Success: True, Message: None
2026-07-03 10:24:49,649 - INFO - Processed FC task-detail batch 8 with 20 input oLPN(s); received 13 row(s)
2026-07-03 10:24:49,649 - INFO - Sending payload to URL: https://nikeaplawmprod1.sce.manh.com/task/api/task/taskDetail/search
2026-07-03 10:24:49,813 - INFO - -> Success: True, Message: None
2026-07-03 10:24:49,814 - INFO - Processed FC task-detail batch 9 with 20 input oLPN(s); received 11 row(s)
2026-07-03 10:24:49,814 - INFO - Sending payload to URL: https://nikeaplawmprod1.sce.manh.com/task/api/task/taskDetail/search
2026-07-03 10:24:49,979 - INFO - -> Success: True, Message: None
2026-07-03 10:24:49,979 - INFO - Processed FC task-detail batch 10 with 20 input oLPN(s); received 20 row(s)
2026-07-03 10:24:49,979 - INFO - Sending payload to URL: https://nikeaplawmprod1.sce.manh.com/task/api/task/taskDetail/search
2026-07-03 10:24:50,143 - INFO - -> Success: True, Message: None
2026-07-03 10:24:50,144 - INFO - Processed FC task-detail batch 11 with 20 input oLPN(s); received 20 row(s)
2026-07-03 10:24:50,144 - INFO - Sending payload to URL: https://nikeaplawmprod1.sce.manh.com/task/api/task/taskDetail/search
2026-07-03 10:24:50,310 - INFO - -> Success: True, Message: None
2026-07-03 10:24:50,311 - INFO - Processed FC task-detail batch 12 with 20 input oLPN(s); received 11 row(s)
2026-07-03 10:24:50,311 - INFO - Sending payload to URL: https://nikeaplawmprod1.sce.manh.com/task/api/task/taskDetail/search
2026-07-03 10:24:50,488 - INFO - -> Success: True, Message: None
2026-07-03 10:24:50,489 - INFO - Processed FC task-detail batch 13 with 20 input oLPN(s); received 9 row(s)
2026-07-03 10:24:50,489 - INFO - Sending payload to URL: https://nikeaplawmprod1.sce.manh.com/task/api/task/taskDetail/search
2026-07-03 10:24:50,662 - INFO - -> Success: True, Message: None
2026-07-03 10:24:50,663 - INFO - Processed FC task-detail batch 14 with 2 input oLPN(s); received 0 row(s)
2026-07-03 10:24:50,663 - INFO - Processing Task 1/2: Plant 1081 (PROD)
2026-07-03 10:24:51,105 - INFO - Successfully retrieved token.
2026-07-03 10:24:51,105 - INFO - Sending payload to URL: https://nikeaplawmprod1.sce.manh.com/pickpack/api/pickpack/olpn/search
2026-07-03 10:24:51,268 - INFO - Successfully received response for Plant 1081 (PROD)
2026-07-03 10:24:51,268 - INFO - Success: Found 0 oLPN row(s) for this task.
2026-07-03 10:24:51,269 - INFO - Processing Task 2/2: Plant 1081 (PROD)
2026-07-03 10:24:51,686 - INFO - Successfully retrieved token.
2026-07-03 10:24:51,686 - INFO - Sending payload to URL: https://nikeaplawmprod1.sce.manh.com/pickpack/api/pickpack/olpn/search
2026-07-03 10:24:51,902 - INFO - Successfully received response for Plant 1081 (PROD)
2026-07-03 10:24:51,903 - INFO - Success: Found 20 oLPN row(s) for this task.
2026-07-03 10:24:51,905 - INFO - Processing 20 payloads for Environment: PROD
2026-07-03 10:24:52,344 - INFO - Successfully retrieved token for PROD environment.
2026-07-03 10:24:52,344 - INFO - Sending payloads to URL: https://nikeaplawmprod1.sce.manh.com/pickpack/api/ServiceDefinition/invoke/NIKEEX10PackResultCS_1081
2026-07-03 10:24:52,344 - INFO - Using 10 worker threads for 20 payloads.
2026-07-03 10:24:52,345 - INFO - [PROD] Processing Payload 1/20 for Plant 1081
2026-07-03 10:24:52,345 - INFO - [PROD] Processing Payload 2/20 for Plant 1081
2026-07-03 10:24:52,345 - INFO - [PROD] Processing Payload 3/20 for Plant 1081
2026-07-03 10:24:52,345 - INFO - [PROD] Processing Payload 4/20 for Plant 1081
2026-07-03 10:24:52,346 - INFO - [PROD] Processing Payload 5/20 for Plant 1081
2026-07-03 10:24:52,346 - INFO - [PROD] Processing Payload 6/20 for Plant 1081
2026-07-03 10:24:52,348 - INFO - [PROD] Processing Payload 7/20 for Plant 1081
2026-07-03 10:24:52,348 - INFO - [PROD] Processing Payload 8/20 for Plant 1081
2026-07-03 10:24:52,348 - INFO - [PROD] Processing Payload 9/20 for Plant 1081
2026-07-03 10:24:52,350 - INFO - [PROD] Processing Payload 10/20 for Plant 1081
2026-07-03 10:24:53,298 - INFO - [PROD] Processing Payload 11/20 for Plant 1081
2026-07-03 10:24:53,338 - INFO - [PROD] Processing Payload 12/20 for Plant 1081
2026-07-03 10:24:53,374 - INFO - [PROD] Processing Payload 13/20 for Plant 1081
2026-07-03 10:24:53,815 - INFO - [PROD] Processing Payload 14/20 for Plant 1081
2026-07-03 10:24:53,816 - INFO - [PROD] Processing Payload 15/20 for Plant 1081
2026-07-03 10:24:53,818 - INFO - [PROD] Processing Payload 16/20 for Plant 1081
2026-07-03 10:24:53,819 - INFO - [PROD] Processing Payload 17/20 for Plant 1081
2026-07-03 10:24:53,822 - INFO - [PROD] Processing Payload 18/20 for Plant 1081
2026-07-03 10:24:53,823 - INFO - [PROD] Processing Payload 19/20 for Plant 1081
2026-07-03 10:24:53,824 - INFO - [PROD] Processing Payload 20/20 for Plant 1081
2026-07-03 10:24:54,986 - INFO - Pack Complete run finished. Success: 20, Failed: 0, Total: 20
2026-07-03 10:24:54,986 - INFO - Pack Complete run finished.
2026-07-03 10:24:54,986 - INFO - Waiting 10 seconds before next run...
2026-07-03 10:25:04,997 - INFO - Starting Pack Complete run...
2026-07-03 10:25:05,223 - INFO - Successfully extracted 1 data row(s) for wave information processing.
2026-07-03 10:25:05,224 - INFO - Processing row 1: {'Plant': 1081, 'Environment': 'PROD', 'Wave_number': 'W07022026000000000004;W07022026000000000003;W07022026000000000002;W07022026000000000001;W07012026000000000004;W07012026000000000003'}
2026-07-03 10:25:05,433 - INFO - Processing Task 1/1: Plant 1081 (PROD)
2026-07-03 10:25:05,747 - INFO - Successfully retrieved token.
2026-07-03 10:25:05,747 - INFO - Sending payload to URL: https://nikeaplawmprod1.sce.manh.com/pickpack/api/pickpack/olpn/search
2026-07-03 10:25:05,939 - INFO - Successfully received page 0 for Plant 1081 (PROD)
2026-07-03 10:25:05,939 - INFO - Plant 1081 (PROD): totalCount=245, pageSize=20, totalPages=13
2026-07-03 10:25:06,363 - INFO - Fetched page 1 for Plant 1081 (PROD) with 20 row(s)
2026-07-03 10:25:06,582 - INFO - Fetched page 2 for Plant 1081 (PROD) with 20 row(s)
2026-07-03 10:25:06,785 - INFO - Fetched page 3 for Plant 1081 (PROD) with 20 row(s)
2026-07-03 10:25:06,997 - INFO - Fetched page 4 for Plant 1081 (PROD) with 20 row(s)
2026-07-03 10:25:07,197 - INFO - Fetched page 5 for Plant 1081 (PROD) with 20 row(s)
2026-07-03 10:25:07,407 - INFO - Fetched page 6 for Plant 1081 (PROD) with 20 row(s)
2026-07-03 10:25:07,612 - INFO - Fetched page 7 for Plant 1081 (PROD) with 20 row(s)
2026-07-03 10:25:07,817 - INFO - Fetched page 8 for Plant 1081 (PROD) with 20 row(s)
2026-07-03 10:25:08,021 - INFO - Fetched page 9 for Plant 1081 (PROD) with 20 row(s)
2026-07-03 10:25:08,242 - INFO - Fetched page 10 for Plant 1081 (PROD) with 20 row(s)
2026-07-03 10:25:08,449 - INFO - Fetched page 11 for Plant 1081 (PROD) with 20 row(s)
2026-07-03 10:25:08,660 - INFO - Fetched page 12 for Plant 1081 (PROD) with 5 row(s)
2026-07-03 10:25:09,019 - INFO - Sending payload to URL: https://nikeaplawmprod1.sce.manh.com/task/api/task/taskDetail/search
2026-07-03 10:25:09,213 - INFO - -> Success: True, Message: None
2026-07-03 10:25:09,215 - INFO - Processed FC task-detail batch 1 with 20 input oLPN(s); received 0 row(s)
2026-07-03 10:25:09,215 - INFO - Sending payload to URL: https://nikeaplawmprod1.sce.manh.com/task/api/task/taskDetail/search
2026-07-03 10:25:09,416 - INFO - -> Success: True, Message: None
2026-07-03 10:25:09,419 - INFO - Processed FC task-detail batch 2 with 20 input oLPN(s); received 3 row(s)
2026-07-03 10:25:09,419 - INFO - Sending payload to URL: https://nikeaplawmprod1.sce.manh.com/task/api/task/taskDetail/search
2026-07-03 10:25:09,599 - INFO - -> Success: True, Message: None
2026-07-03 10:25:09,604 - INFO - Processed FC task-detail batch 3 with 20 input oLPN(s); received 0 row(s)
2026-07-03 10:25:09,605 - INFO - Sending payload to URL: https://nikeaplawmprod1.sce.manh.com/task/api/task/taskDetail/search
2026-07-03 10:25:09,793 - INFO - -> Success: True, Message: None
2026-07-03 10:25:09,794 - INFO - Processed FC task-detail batch 4 with 20 input oLPN(s); received 6 row(s)
2026-07-03 10:25:09,795 - INFO - Sending payload to URL: https://nikeaplawmprod1.sce.manh.com/task/api/task/taskDetail/search
2026-07-03 10:25:09,969 - INFO - -> Success: True, Message: None
2026-07-03 10:25:09,973 - INFO - Processed FC task-detail batch 5 with 20 input oLPN(s); received 17 row(s)
2026-07-03 10:25:09,973 - INFO - Sending payload to URL: https://nikeaplawmprod1.sce.manh.com/task/api/task/taskDetail/search
2026-07-03 10:25:10,157 - INFO - -> Success: True, Message: None
2026-07-03 10:25:10,160 - INFO - Processed FC task-detail batch 6 with 20 input oLPN(s); received 20 row(s)
2026-07-03 10:25:10,160 - INFO - Sending payload to URL: https://nikeaplawmprod1.sce.manh.com/task/api/task/taskDetail/search
2026-07-03 10:25:10,349 - INFO - -> Success: True, Message: None
2026-07-03 10:25:10,351 - INFO - Processed FC task-detail batch 7 with 20 input oLPN(s); received 16 row(s)
2026-07-03 10:25:10,351 - INFO - Sending payload to URL: https://nikeaplawmprod1.sce.manh.com/task/api/task/taskDetail/search
2026-07-03 10:25:10,541 - INFO - -> Success: True, Message: None
2026-07-03 10:25:10,543 - INFO - Processed FC task-detail batch 8 with 20 input oLPN(s); received 9 row(s)
2026-07-03 10:25:10,543 - INFO - Sending payload to URL: https://nikeaplawmprod1.sce.manh.com/task/api/task/taskDetail/search
2026-07-03 10:25:10,730 - INFO - -> Success: True, Message: None
2026-07-03 10:25:10,733 - INFO - Processed FC task-detail batch 9 with 20 input oLPN(s); received 19 row(s)
2026-07-03 10:25:10,733 - INFO - Sending payload to URL: https://nikeaplawmprod1.sce.manh.com/task/api/task/taskDetail/search
2026-07-03 10:25:10,925 - INFO - -> Success: True, Message: None
2026-07-03 10:25:10,930 - INFO - Processed FC task-detail batch 10 with 20 input oLPN(s); received 20 row(s)
2026-07-03 10:25:10,930 - INFO - Sending payload to URL: https://nikeaplawmprod1.sce.manh.com/task/api/task/taskDetail/search
2026-07-03 10:25:11,111 - INFO - -> Success: True, Message: None
2026-07-03 10:25:11,115 - INFO - Processed FC task-detail batch 11 with 20 input oLPN(s); received 11 row(s)
2026-07-03 10:25:11,115 - INFO - Sending payload to URL: https://nikeaplawmprod1.sce.manh.com/task/api/task/taskDetail/search
2026-07-03 10:25:11,292 - INFO - -> Success: True, Message: None
2026-07-03 10:25:11,293 - INFO - Processed FC task-detail batch 12 with 20 input oLPN(s); received 12 row(s)
2026-07-03 10:25:11,293 - INFO - Sending payload to URL: https://nikeaplawmprod1.sce.manh.com/task/api/task/taskDetail/search
2026-07-03 10:25:11,477 - INFO - -> Success: True, Message: None
2026-07-03 10:25:11,481 - INFO - Processed FC task-detail batch 13 with 5 input oLPN(s); received 0 row(s)
2026-07-03 10:25:11,482 - INFO - Processing Task 1/2: Plant 1081 (PROD)
2026-07-03 10:25:11,851 - INFO - Successfully retrieved token.
2026-07-03 10:25:11,852 - INFO - Sending payload to URL: https://nikeaplawmprod1.sce.manh.com/pickpack/api/pickpack/olpn/search
2026-07-03 10:25:12,272 - INFO - Successfully received response for Plant 1081 (PROD)
2026-07-03 10:25:12,272 - INFO - Success: Found 0 oLPN row(s) for this task.
2026-07-03 10:25:12,272 - INFO - Processing Task 2/2: Plant 1081 (PROD)
2026-07-03 10:25:12,619 - INFO - Successfully retrieved token.
2026-07-03 10:25:12,620 - INFO - Sending payload to URL: https://nikeaplawmprod1.sce.manh.com/pickpack/api/pickpack/olpn/search
2026-07-03 10:25:12,912 - INFO - Successfully received response for Plant 1081 (PROD)
2026-07-03 10:25:12,913 - INFO - Success: Found 20 oLPN row(s) for this task.
2026-07-03 10:25:12,915 - INFO - Processing 20 payloads for Environment: PROD
2026-07-03 10:25:13,262 - INFO - Successfully retrieved token for PROD environment.
2026-07-03 10:25:13,263 - INFO - Sending payloads to URL: https://nikeaplawmprod1.sce.manh.com/pickpack/api/ServiceDefinition/invoke/NIKEEX10PackResultCS_1081
2026-07-03 10:25:13,263 - INFO - Using 10 worker threads for 20 payloads.
2026-07-03 10:25:13,263 - INFO - [PROD] Processing Payload 1/20 for Plant 1081
2026-07-03 10:25:13,266 - INFO - [PROD] Processing Payload 2/20 for Plant 1081
2026-07-03 10:25:13,266 - INFO - [PROD] Processing Payload 3/20 for Plant 1081
2026-07-03 10:25:13,275 - INFO - [PROD] Processing Payload 5/20 for Plant 1081
2026-07-03 10:25:13,267 - INFO - [PROD] Processing Payload 4/20 for Plant 1081
2026-07-03 10:25:13,282 - INFO - [PROD] Processing Payload 6/20 for Plant 1081
2026-07-03 10:25:13,282 - INFO - [PROD] Processing Payload 7/20 for Plant 1081
2026-07-03 10:25:13,284 - INFO - [PROD] Processing Payload 8/20 for Plant 1081
2026-07-03 10:25:13,284 - INFO - [PROD] Processing Payload 9/20 for Plant 1081
2026-07-03 10:25:13,284 - INFO - [PROD] Processing Payload 10/20 for Plant 1081
2026-07-03 10:25:14,195 - INFO - [PROD] Processing Payload 11/20 for Plant 1081
2026-07-03 10:25:14,212 - INFO - [PROD] Processing Payload 12/20 for Plant 1081
2026-07-03 10:25:14,221 - INFO - [PROD] Processing Payload 13/20 for Plant 1081
2026-07-03 10:25:14,314 - INFO - [PROD] Processing Payload 14/20 for Plant 1081
2026-07-03 10:25:14,607 - INFO - [PROD] Processing Payload 15/20 for Plant 1081
2026-07-03 10:25:14,636 - INFO - [PROD] Processing Payload 16/20 for Plant 1081
2026-07-03 10:25:14,638 - INFO - [PROD] Processing Payload 17/20 for Plant 1081
2026-07-03 10:25:14,726 - INFO - [PROD] Processing Payload 18/20 for Plant 1081
2026-07-03 10:25:14,757 - INFO - [PROD] Processing Payload 19/20 for Plant 1081
2026-07-03 10:25:14,794 - INFO - [PROD] Processing Payload 20/20 for Plant 1081
2026-07-03 10:25:15,535 - INFO - Pack Complete run finished. Success: 20, Failed: 0, Total: 20
2026-07-03 10:25:15,535 - INFO - Pack Complete run finished.
2026-07-03 10:25:15,535 - INFO - Waiting 10 seconds before next run...
2026-07-03 10:25:25,540 - INFO - Starting Pack Complete run...
2026-07-03 10:25:25,778 - INFO - Successfully extracted 1 data row(s) for wave information processing.
2026-07-03 10:25:25,778 - INFO - Processing row 1: {'Plant': 1081, 'Environment': 'PROD', 'Wave_number': 'W07022026000000000004;W07022026000000000003;W07022026000000000002;W07022026000000000001;W07012026000000000004;W07012026000000000003'}
2026-07-03 10:25:26,014 - INFO - Processing Task 1/1: Plant 1081 (PROD)
2026-07-03 10:25:26,442 - INFO - Successfully retrieved token.
2026-07-03 10:25:26,442 - INFO - Sending payload to URL: https://nikeaplawmprod1.sce.manh.com/pickpack/api/pickpack/olpn/search
2026-07-03 10:25:26,649 - INFO - Successfully received page 0 for Plant 1081 (PROD)
2026-07-03 10:25:26,650 - INFO - Plant 1081 (PROD): totalCount=228, pageSize=20, totalPages=12
2026-07-03 10:25:26,856 - INFO - Fetched page 1 for Plant 1081 (PROD) with 20 row(s)
2026-07-03 10:25:27,056 - INFO - Fetched page 2 for Plant 1081 (PROD) with 20 row(s)
2026-07-03 10:25:27,262 - INFO - Fetched page 3 for Plant 1081 (PROD) with 20 row(s)
2026-07-03 10:25:27,473 - INFO - Fetched page 4 for Plant 1081 (PROD) with 20 row(s)
2026-07-03 10:25:27,676 - INFO - Fetched page 5 for Plant 1081 (PROD) with 20 row(s)
2026-07-03 10:25:27,876 - INFO - Fetched page 6 for Plant 1081 (PROD) with 20 row(s)
2026-07-03 10:25:28,078 - INFO - Fetched page 7 for Plant 1081 (PROD) with 20 row(s)
2026-07-03 10:25:28,277 - INFO - Fetched page 8 for Plant 1081 (PROD) with 20 row(s)
2026-07-03 10:25:28,467 - INFO - Fetched page 9 for Plant 1081 (PROD) with 20 row(s)
2026-07-03 10:25:28,674 - INFO - Fetched page 10 for Plant 1081 (PROD) with 20 row(s)
2026-07-03 10:25:28,892 - INFO - Fetched page 11 for Plant 1081 (PROD) with 8 row(s)
2026-07-03 10:25:29,290 - INFO - Sending payload to URL: https://nikeaplawmprod1.sce.manh.com/task/api/task/taskDetail/search
2026-07-03 10:25:29,473 - INFO - -> Success: True, Message: None
2026-07-03 10:25:29,474 - INFO - Processed FC task-detail batch 1 with 20 input oLPN(s); received 0 row(s)
2026-07-03 10:25:29,475 - INFO - Sending payload to URL: https://nikeaplawmprod1.sce.manh.com/task/api/task/taskDetail/search
2026-07-03 10:25:29,657 - INFO - -> Success: True, Message: None
2026-07-03 10:25:29,658 - INFO - Processed FC task-detail batch 2 with 20 input oLPN(s); received 3 row(s)
2026-07-03 10:25:29,659 - INFO - Sending payload to URL: https://nikeaplawmprod1.sce.manh.com/task/api/task/taskDetail/search
2026-07-03 10:25:29,862 - INFO - -> Success: True, Message: None
2026-07-03 10:25:29,864 - INFO - Processed FC task-detail batch 3 with 20 input oLPN(s); received 0 row(s)
2026-07-03 10:25:29,864 - INFO - Sending payload to URL: https://nikeaplawmprod1.sce.manh.com/task/api/task/taskDetail/search
2026-07-03 10:25:30,057 - INFO - -> Success: True, Message: None
2026-07-03 10:25:30,061 - INFO - Processed FC task-detail batch 4 with 20 input oLPN(s); received 3 row(s)
2026-07-03 10:25:30,062 - INFO - Sending payload to URL: https://nikeaplawmprod1.sce.manh.com/task/api/task/taskDetail/search
2026-07-03 10:25:30,247 - INFO - -> Success: True, Message: None
2026-07-03 10:25:30,250 - INFO - Processed FC task-detail batch 5 with 20 input oLPN(s); received 20 row(s)
2026-07-03 10:25:30,250 - INFO - Sending payload to URL: https://nikeaplawmprod1.sce.manh.com/task/api/task/taskDetail/search
2026-07-03 10:25:30,440 - INFO - -> Success: True, Message: None
2026-07-03 10:25:30,445 - INFO - Processed FC task-detail batch 6 with 20 input oLPN(s); received 19 row(s)
2026-07-03 10:25:30,445 - INFO - Sending payload to URL: https://nikeaplawmprod1.sce.manh.com/task/api/task/taskDetail/search
2026-07-03 10:25:30,629 - INFO - -> Success: True, Message: None
2026-07-03 10:25:30,631 - INFO - Processed FC task-detail batch 7 with 20 input oLPN(s); received 6 row(s)
2026-07-03 10:25:30,631 - INFO - Sending payload to URL: https://nikeaplawmprod1.sce.manh.com/task/api/task/taskDetail/search
2026-07-03 10:25:30,814 - INFO - -> Success: True, Message: None
2026-07-03 10:25:30,816 - INFO - Processed FC task-detail batch 8 with 20 input oLPN(s); received 19 row(s)
2026-07-03 10:25:30,816 - INFO - Sending payload to URL: https://nikeaplawmprod1.sce.manh.com/task/api/task/taskDetail/search
2026-07-03 10:25:31,004 - INFO - -> Success: True, Message: None
2026-07-03 10:25:31,005 - INFO - Processed FC task-detail batch 9 with 20 input oLPN(s); received 20 row(s)
2026-07-03 10:25:31,006 - INFO - Sending payload to URL: https://nikeaplawmprod1.sce.manh.com/task/api/task/taskDetail/search
2026-07-03 10:25:31,186 - INFO - -> Success: True, Message: None
2026-07-03 10:25:31,188 - INFO - Processed FC task-detail batch 10 with 20 input oLPN(s); received 14 row(s)
2026-07-03 10:25:31,189 - INFO - Sending payload to URL: https://nikeaplawmprod1.sce.manh.com/task/api/task/taskDetail/search
2026-07-03 10:25:31,376 - INFO - -> Success: True, Message: None
2026-07-03 10:25:31,379 - INFO - Processed FC task-detail batch 11 with 20 input oLPN(s); received 12 row(s)
2026-07-03 10:25:31,379 - INFO - Sending payload to URL: https://nikeaplawmprod1.sce.manh.com/task/api/task/taskDetail/search
2026-07-03 10:25:31,550 - INFO - -> Success: True, Message: None
2026-07-03 10:25:31,555 - INFO - Processed FC task-detail batch 12 with 8 input oLPN(s); received 0 row(s)
2026-07-03 10:25:31,555 - INFO - Processing Task 1/2: Plant 1081 (PROD)
2026-07-03 10:25:31,942 - INFO - Successfully retrieved token.
2026-07-03 10:25:31,943 - INFO - Sending payload to URL: https://nikeaplawmprod1.sce.manh.com/pickpack/api/pickpack/olpn/search
2026-07-03 10:25:32,120 - INFO - Successfully received response for Plant 1081 (PROD)
2026-07-03 10:25:32,121 - INFO - Success: Found 0 oLPN row(s) for this task.
2026-07-03 10:25:32,121 - INFO - Processing Task 2/2: Plant 1081 (PROD)
2026-07-03 10:25:32,465 - INFO - Successfully retrieved token.
2026-07-03 10:25:32,466 - INFO - Sending payload to URL: https://nikeaplawmprod1.sce.manh.com/pickpack/api/pickpack/olpn/search
2026-07-03 10:25:32,701 - INFO - Successfully received response for Plant 1081 (PROD)
2026-07-03 10:25:32,702 - INFO - Success: Found 20 oLPN row(s) for this task.
2026-07-03 10:25:32,703 - INFO - Processing 20 payloads for Environment: PROD
2026-07-03 10:25:33,067 - INFO - Successfully retrieved token for PROD environment.
2026-07-03 10:25:33,067 - INFO - Sending payloads to URL: https://nikeaplawmprod1.sce.manh.com/pickpack/api/ServiceDefinition/invoke/NIKEEX10PackResultCS_1081
2026-07-03 10:25:33,067 - INFO - Using 10 worker threads for 20 payloads.
2026-07-03 10:25:33,068 - INFO - [PROD] Processing Payload 1/20 for Plant 1081
2026-07-03 10:25:33,068 - INFO - [PROD] Processing Payload 2/20 for Plant 1081
2026-07-03 10:25:33,068 - INFO - [PROD] Processing Payload 3/20 for Plant 1081
2026-07-03 10:25:33,069 - INFO - [PROD] Processing Payload 4/20 for Plant 1081
2026-07-03 10:25:33,069 - INFO - [PROD] Processing Payload 5/20 for Plant 1081
2026-07-03 10:25:33,069 - INFO - [PROD] Processing Payload 6/20 for Plant 1081
2026-07-03 10:25:33,070 - INFO - [PROD] Processing Payload 7/20 for Plant 1081
2026-07-03 10:25:33,070 - INFO - [PROD] Processing Payload 8/20 for Plant 1081
2026-07-03 10:25:33,071 - INFO - [PROD] Processing Payload 9/20 for Plant 1081
2026-07-03 10:25:33,071 - INFO - [PROD] Processing Payload 10/20 for Plant 1081
2026-07-03 10:25:34,108 - INFO - [PROD] Processing Payload 11/20 for Plant 1081
2026-07-03 10:25:34,123 - INFO - [PROD] Processing Payload 12/20 for Plant 1081
2026-07-03 10:25:34,143 - INFO - [PROD] Processing Payload 13/20 for Plant 1081
2026-07-03 10:25:34,437 - INFO - [PROD] Processing Payload 14/20 for Plant 1081
2026-07-03 10:25:34,453 - INFO - [PROD] Processing Payload 15/20 for Plant 1081
2026-07-03 10:25:34,457 - INFO - [PROD] Processing Payload 16/20 for Plant 1081
2026-07-03 10:25:34,530 - INFO - [PROD] Processing Payload 17/20 for Plant 1081
2026-07-03 10:25:34,541 - INFO - [PROD] Processing Payload 18/20 for Plant 1081
2026-07-03 10:25:34,558 - INFO - [PROD] Processing Payload 19/20 for Plant 1081
2026-07-03 10:25:34,567 - INFO - [PROD] Processing Payload 20/20 for Plant 1081
2026-07-03 10:25:35,400 - INFO - Pack Complete run finished. Success: 20, Failed: 0, Total: 20
2026-07-03 10:25:35,400 - INFO - Pack Complete run finished.
2026-07-03 10:25:35,400 - INFO - Waiting 10 seconds before next run...
2026-07-03 10:25:45,407 - INFO - Starting Pack Complete run...
2026-07-03 10:25:45,669 - INFO - Successfully extracted 1 data row(s) for wave information processing.
2026-07-03 10:25:45,670 - INFO - Processing row 1: {'Plant': 1081, 'Environment': 'PROD', 'Wave_number': 'W07022026000000000004;W07022026000000000003;W07022026000000000002;W07022026000000000001;W07012026000000000004;W07012026000000000003'}
2026-07-03 10:25:45,875 - INFO - Processing Task 1/1: Plant 1081 (PROD)
2026-07-03 10:25:46,269 - INFO - Successfully retrieved token.
2026-07-03 10:25:46,269 - INFO - Sending payload to URL: https://nikeaplawmprod1.sce.manh.com/pickpack/api/pickpack/olpn/search
2026-07-03 10:25:46,477 - INFO - Successfully received page 0 for Plant 1081 (PROD)
2026-07-03 10:25:46,478 - INFO - Plant 1081 (PROD): totalCount=211, pageSize=20, totalPages=11
2026-07-03 10:25:46,732 - INFO - Fetched page 1 for Plant 1081 (PROD) with 20 row(s)
2026-07-03 10:25:46,912 - INFO - Fetched page 2 for Plant 1081 (PROD) with 20 row(s)
2026-07-03 10:25:47,107 - INFO - Fetched page 3 for Plant 1081 (PROD) with 20 row(s)
2026-07-03 10:25:47,292 - INFO - Fetched page 4 for Plant 1081 (PROD) with 20 row(s)
2026-07-03 10:25:47,479 - INFO - Fetched page 5 for Plant 1081 (PROD) with 20 row(s)
2026-07-03 10:25:47,659 - INFO - Fetched page 6 for Plant 1081 (PROD) with 20 row(s)
2026-07-03 10:25:48,067 - INFO - Fetched page 7 for Plant 1081 (PROD) with 20 row(s)
2026-07-03 10:25:48,261 - INFO - Fetched page 8 for Plant 1081 (PROD) with 20 row(s)
2026-07-03 10:25:48,440 - INFO - Fetched page 9 for Plant 1081 (PROD) with 20 row(s)
2026-07-03 10:25:48,647 - INFO - Fetched page 10 for Plant 1081 (PROD) with 11 row(s)
2026-07-03 10:25:48,996 - INFO - Sending payload to URL: https://nikeaplawmprod1.sce.manh.com/task/api/task/taskDetail/search
2026-07-03 10:25:49,186 - INFO - -> Success: True, Message: None
2026-07-03 10:25:49,189 - INFO - Processed FC task-detail batch 1 with 20 input oLPN(s); received 0 row(s)
2026-07-03 10:25:49,189 - INFO - Sending payload to URL: https://nikeaplawmprod1.sce.manh.com/task/api/task/taskDetail/search
2026-07-03 10:25:49,372 - INFO - -> Success: True, Message: None
2026-07-03 10:25:49,375 - INFO - Processed FC task-detail batch 2 with 20 input oLPN(s); received 3 row(s)
2026-07-03 10:25:49,376 - INFO - Sending payload to URL: https://nikeaplawmprod1.sce.manh.com/task/api/task/taskDetail/search
2026-07-03 10:25:49,574 - INFO - -> Success: True, Message: None
2026-07-03 10:25:49,576 - INFO - Processed FC task-detail batch 3 with 20 input oLPN(s); received 0 row(s)
2026-07-03 10:25:49,576 - INFO - Sending payload to URL: https://nikeaplawmprod1.sce.manh.com/task/api/task/taskDetail/search
2026-07-03 10:25:49,755 - INFO - -> Success: True, Message: None
2026-07-03 10:25:49,760 - INFO - Processed FC task-detail batch 4 with 20 input oLPN(s); received 3 row(s)
2026-07-03 10:25:49,760 - INFO - Sending payload to URL: https://nikeaplawmprod1.sce.manh.com/task/api/task/taskDetail/search
2026-07-03 10:25:49,948 - INFO - -> Success: True, Message: None
2026-07-03 10:25:49,952 - INFO - Processed FC task-detail batch 5 with 20 input oLPN(s); received 20 row(s)
2026-07-03 10:25:49,952 - INFO - Sending payload to URL: https://nikeaplawmprod1.sce.manh.com/task/api/task/taskDetail/search
2026-07-03 10:25:50,134 - INFO - -> Success: True, Message: None
2026-07-03 10:25:50,140 - INFO - Processed FC task-detail batch 6 with 20 input oLPN(s); received 5 row(s)
2026-07-03 10:25:50,140 - INFO - Sending payload to URL: https://nikeaplawmprod1.sce.manh.com/task/api/task/taskDetail/search
2026-07-03 10:25:50,320 - INFO - -> Success: True, Message: None
2026-07-03 10:25:50,324 - INFO - Processed FC task-detail batch 7 with 20 input oLPN(s); received 19 row(s)
2026-07-03 10:25:50,324 - INFO - Sending payload to URL: https://nikeaplawmprod1.sce.manh.com/task/api/task/taskDetail/search
2026-07-03 10:25:50,506 - INFO - -> Success: True, Message: None
2026-07-03 10:25:50,507 - INFO - Processed FC task-detail batch 8 with 20 input oLPN(s); received 20 row(s)
2026-07-03 10:25:50,507 - INFO - Sending payload to URL: https://nikeaplawmprod1.sce.manh.com/task/api/task/taskDetail/search
2026-07-03 10:25:50,697 - INFO - -> Success: True, Message: None
2026-07-03 10:25:50,699 - INFO - Processed FC task-detail batch 9 with 20 input oLPN(s); received 17 row(s)
2026-07-03 10:25:50,699 - INFO - Sending payload to URL: https://nikeaplawmprod1.sce.manh.com/task/api/task/taskDetail/search
2026-07-03 10:25:50,885 - INFO - -> Success: True, Message: None
2026-07-03 10:25:50,889 - INFO - Processed FC task-detail batch 10 with 20 input oLPN(s); received 12 row(s)
2026-07-03 10:25:50,889 - INFO - Sending payload to URL: https://nikeaplawmprod1.sce.manh.com/task/api/task/taskDetail/search
2026-07-03 10:25:51,071 - INFO - -> Success: True, Message: None
2026-07-03 10:25:51,073 - INFO - Processed FC task-detail batch 11 with 11 input oLPN(s); received 0 row(s)
2026-07-03 10:25:51,073 - INFO - Processing Task 1/2: Plant 1081 (PROD)
2026-07-03 10:25:51,444 - INFO - Successfully retrieved token.
2026-07-03 10:25:51,444 - INFO - Sending payload to URL: https://nikeaplawmprod1.sce.manh.com/pickpack/api/pickpack/olpn/search
2026-07-03 10:25:51,620 - INFO - Successfully received response for Plant 1081 (PROD)
2026-07-03 10:25:51,621 - INFO - Success: Found 0 oLPN row(s) for this task.
2026-07-03 10:25:51,621 - INFO - Processing Task 2/2: Plant 1081 (PROD)
2026-07-03 10:25:52,023 - INFO - Successfully retrieved token.
2026-07-03 10:25:52,023 - INFO - Sending payload to URL: https://nikeaplawmprod1.sce.manh.com/pickpack/api/pickpack/olpn/search
2026-07-03 10:25:52,255 - INFO - Successfully received response for Plant 1081 (PROD)
2026-07-03 10:25:52,256 - INFO - Success: Found 20 oLPN row(s) for this task.
2026-07-03 10:25:52,258 - INFO - Processing 20 payloads for Environment: PROD
2026-07-03 10:25:52,562 - INFO - Successfully retrieved token for PROD environment.
2026-07-03 10:25:52,562 - INFO - Sending payloads to URL: https://nikeaplawmprod1.sce.manh.com/pickpack/api/ServiceDefinition/invoke/NIKEEX10PackResultCS_1081
2026-07-03 10:25:52,562 - INFO - Using 10 worker threads for 20 payloads.
2026-07-03 10:25:52,563 - INFO - [PROD] Processing Payload 1/20 for Plant 1081
2026-07-03 10:25:52,563 - INFO - [PROD] Processing Payload 2/20 for Plant 1081
2026-07-03 10:25:52,565 - INFO - [PROD] Processing Payload 3/20 for Plant 1081
2026-07-03 10:25:52,566 - INFO - [PROD] Processing Payload 4/20 for Plant 1081
2026-07-03 10:25:52,566 - INFO - [PROD] Processing Payload 5/20 for Plant 1081
2026-07-03 10:25:52,568 - INFO - [PROD] Processing Payload 6/20 for Plant 1081
2026-07-03 10:25:52,569 - INFO - [PROD] Processing Payload 7/20 for Plant 1081
2026-07-03 10:25:52,570 - INFO - [PROD] Processing Payload 8/20 for Plant 1081
2026-07-03 10:25:52,571 - INFO - [PROD] Processing Payload 9/20 for Plant 1081
2026-07-03 10:25:52,572 - INFO - [PROD] Processing Payload 10/20 for Plant 1081
2026-07-03 10:25:53,587 - INFO - [PROD] Processing Payload 11/20 for Plant 1081
2026-07-03 10:25:53,607 - INFO - [PROD] Processing Payload 12/20 for Plant 1081
2026-07-03 10:25:53,622 - INFO - [PROD] Processing Payload 13/20 for Plant 1081
2026-07-03 10:25:53,721 - INFO - [PROD] Processing Payload 14/20 for Plant 1081
2026-07-03 10:25:53,983 - INFO - [PROD] Processing Payload 15/20 for Plant 1081
2026-07-03 10:25:53,985 - INFO - [PROD] Processing Payload 16/20 for Plant 1081
2026-07-03 10:25:53,987 - INFO - [PROD] Processing Payload 17/20 for Plant 1081
2026-07-03 10:25:53,995 - INFO - [PROD] Processing Payload 18/20 for Plant 1081
2026-07-03 10:25:54,015 - INFO - [PROD] Processing Payload 19/20 for Plant 1081
2026-07-03 10:25:54,019 - INFO - [PROD] Processing Payload 20/20 for Plant 1081
2026-07-03 10:25:55,091 - INFO - Pack Complete run finished. Success: 20, Failed: 0, Total: 20
2026-07-03 10:25:55,091 - INFO - Pack Complete run finished.
2026-07-03 10:25:55,091 - INFO - Waiting 10 seconds before next run...
2026-07-03 10:26:05,097 - INFO - Starting Pack Complete run...
2026-07-03 10:26:05,338 - INFO - Successfully extracted 1 data row(s) for wave information processing.
2026-07-03 10:26:05,338 - INFO - Processing row 1: {'Plant': 1081, 'Environment': 'PROD', 'Wave_number': 'W07022026000000000004;W07022026000000000003;W07022026000000000002;W07022026000000000001;W07012026000000000004;W07012026000000000003'}
2026-07-03 10:26:05,580 - INFO - Processing Task 1/1: Plant 1081 (PROD)
2026-07-03 10:26:06,627 - INFO - Successfully retrieved token.
2026-07-03 10:26:06,627 - INFO - Sending payload to URL: https://nikeaplawmprod1.sce.manh.com/pickpack/api/pickpack/olpn/search
2026-07-03 10:26:06,876 - INFO - Successfully received page 0 for Plant 1081 (PROD)
2026-07-03 10:26:06,877 - INFO - Plant 1081 (PROD): totalCount=195, pageSize=20, totalPages=10
2026-07-03 10:26:07,058 - INFO - Fetched page 1 for Plant 1081 (PROD) with 20 row(s)
2026-07-03 10:26:07,265 - INFO - Fetched page 2 for Plant 1081 (PROD) with 20 row(s)
2026-07-03 10:26:07,465 - INFO - Fetched page 3 for Plant 1081 (PROD) with 20 row(s)
2026-07-03 10:26:07,661 - INFO - Fetched page 4 for Plant 1081 (PROD) with 20 row(s)
2026-07-03 10:26:07,862 - INFO - Fetched page 5 for Plant 1081 (PROD) with 20 row(s)
2026-07-03 10:26:08,051 - INFO - Fetched page 6 for Plant 1081 (PROD) with 20 row(s)
2026-07-03 10:26:08,260 - INFO - Fetched page 7 for Plant 1081 (PROD) with 20 row(s)
2026-07-03 10:26:08,461 - INFO - Fetched page 8 for Plant 1081 (PROD) with 20 row(s)
2026-07-03 10:26:08,684 - INFO - Fetched page 9 for Plant 1081 (PROD) with 15 row(s)
2026-07-03 10:26:09,051 - INFO - Sending payload to URL: https://nikeaplawmprod1.sce.manh.com/task/api/task/taskDetail/search
2026-07-03 10:26:09,243 - INFO - -> Success: True, Message: None
2026-07-03 10:26:09,244 - INFO - Processed FC task-detail batch 1 with 20 input oLPN(s); received 0 row(s)
2026-07-03 10:26:09,245 - INFO - Sending payload to URL: https://nikeaplawmprod1.sce.manh.com/task/api/task/taskDetail/search
2026-07-03 10:26:09,425 - INFO - -> Success: True, Message: None
2026-07-03 10:26:09,427 - INFO - Processed FC task-detail batch 2 with 20 input oLPN(s); received 3 row(s)
2026-07-03 10:26:09,428 - INFO - Sending payload to URL: https://nikeaplawmprod1.sce.manh.com/task/api/task/taskDetail/search
2026-07-03 10:26:09,606 - INFO - -> Success: True, Message: None
2026-07-03 10:26:09,610 - INFO - Processed FC task-detail batch 3 with 20 input oLPN(s); received 0 row(s)
2026-07-03 10:26:09,610 - INFO - Sending payload to URL: https://nikeaplawmprod1.sce.manh.com/task/api/task/taskDetail/search
2026-07-03 10:26:09,796 - INFO - -> Success: True, Message: None
2026-07-03 10:26:09,804 - INFO - Processed FC task-detail batch 4 with 20 input oLPN(s); received 3 row(s)
2026-07-03 10:26:09,804 - INFO - Sending payload to URL: https://nikeaplawmprod1.sce.manh.com/task/api/task/taskDetail/search
2026-07-03 10:26:10,003 - INFO - -> Success: True, Message: None
2026-07-03 10:26:10,006 - INFO - Processed FC task-detail batch 5 with 20 input oLPN(s); received 6 row(s)
2026-07-03 10:26:10,006 - INFO - Sending payload to URL: https://nikeaplawmprod1.sce.manh.com/task/api/task/taskDetail/search
2026-07-03 10:26:10,196 - INFO - -> Success: True, Message: None
2026-07-03 10:26:10,198 - INFO - Processed FC task-detail batch 6 with 20 input oLPN(s); received 18 row(s)
2026-07-03 10:26:10,198 - INFO - Sending payload to URL: https://nikeaplawmprod1.sce.manh.com/task/api/task/taskDetail/search
2026-07-03 10:26:10,386 - INFO - -> Success: True, Message: None
2026-07-03 10:26:10,388 - INFO - Processed FC task-detail batch 7 with 20 input oLPN(s); received 20 row(s)
2026-07-03 10:26:10,388 - INFO - Sending payload to URL: https://nikeaplawmprod1.sce.manh.com/task/api/task/taskDetail/search
2026-07-03 10:26:10,574 - INFO - -> Success: True, Message: None
2026-07-03 10:26:10,576 - INFO - Processed FC task-detail batch 8 with 20 input oLPN(s); received 19 row(s)
2026-07-03 10:26:10,576 - INFO - Sending payload to URL: https://nikeaplawmprod1.sce.manh.com/task/api/task/taskDetail/search
2026-07-03 10:26:10,748 - INFO - -> Success: True, Message: None
2026-07-03 10:26:10,752 - INFO - Processed FC task-detail batch 9 with 20 input oLPN(s); received 11 row(s)
2026-07-03 10:26:10,752 - INFO - Sending payload to URL: https://nikeaplawmprod1.sce.manh.com/task/api/task/taskDetail/search
2026-07-03 10:26:10,969 - INFO - -> Success: True, Message: None
2026-07-03 10:26:10,973 - INFO - Processed FC task-detail batch 10 with 15 input oLPN(s); received 3 row(s)
2026-07-03 10:26:10,973 - INFO - Processing Task 1/2: Plant 1081 (PROD)
2026-07-03 10:26:11,351 - INFO - Successfully retrieved token.
2026-07-03 10:26:11,351 - INFO - Sending payload to URL: https://nikeaplawmprod1.sce.manh.com/pickpack/api/pickpack/olpn/search
2026-07-03 10:26:11,547 - INFO - Successfully received response for Plant 1081 (PROD)
2026-07-03 10:26:11,547 - INFO - Success: Found 0 oLPN row(s) for this task.
2026-07-03 10:26:11,547 - INFO - Processing Task 2/2: Plant 1081 (PROD)
2026-07-03 10:26:11,905 - INFO - Successfully retrieved token.
2026-07-03 10:26:11,906 - INFO - Sending payload to URL: https://nikeaplawmprod1.sce.manh.com/pickpack/api/pickpack/olpn/search
2026-07-03 10:26:12,146 - INFO - Successfully received response for Plant 1081 (PROD)
2026-07-03 10:26:12,147 - INFO - Success: Found 20 oLPN row(s) for this task.
2026-07-03 10:26:12,148 - INFO - Processing 20 payloads for Environment: PROD
2026-07-03 10:26:12,518 - INFO - Successfully retrieved token for PROD environment.
2026-07-03 10:26:12,518 - INFO - Sending payloads to URL: https://nikeaplawmprod1.sce.manh.com/pickpack/api/ServiceDefinition/invoke/NIKEEX10PackResultCS_1081
2026-07-03 10:26:12,518 - INFO - Using 10 worker threads for 20 payloads.
2026-07-03 10:26:12,518 - INFO - [PROD] Processing Payload 1/20 for Plant 1081
2026-07-03 10:26:12,518 - INFO - [PROD] Processing Payload 2/20 for Plant 1081
2026-07-03 10:26:12,519 - INFO - [PROD] Processing Payload 3/20 for Plant 1081
2026-07-03 10:26:12,519 - INFO - [PROD] Processing Payload 4/20 for Plant 1081
2026-07-03 10:26:12,520 - INFO - [PROD] Processing Payload 5/20 for Plant 1081
2026-07-03 10:26:12,520 - INFO - [PROD] Processing Payload 6/20 for Plant 1081
2026-07-03 10:26:12,521 - INFO - [PROD] Processing Payload 7/20 for Plant 1081
2026-07-03 10:26:12,522 - INFO - [PROD] Processing Payload 8/20 for Plant 1081
2026-07-03 10:26:12,523 - INFO - [PROD] Processing Payload 9/20 for Plant 1081
2026-07-03 10:26:12,524 - INFO - [PROD] Processing Payload 10/20 for Plant 1081
2026-07-03 10:26:13,404 - INFO - [PROD] Processing Payload 11/20 for Plant 1081
2026-07-03 10:26:13,538 - INFO - [PROD] Processing Payload 12/20 for Plant 1081
2026-07-03 10:26:13,545 - INFO - [PROD] Processing Payload 13/20 for Plant 1081
2026-07-03 10:26:13,658 - INFO - [PROD] Processing Payload 14/20 for Plant 1081
2026-07-03 10:26:13,905 - INFO - [PROD] Processing Payload 15/20 for Plant 1081
2026-07-03 10:26:13,909 - INFO - [PROD] Processing Payload 16/20 for Plant 1081
2026-07-03 10:26:13,912 - INFO - [PROD] Processing Payload 17/20 for Plant 1081
2026-07-03 10:26:13,921 - INFO - [PROD] Processing Payload 18/20 for Plant 1081
2026-07-03 10:26:13,947 - INFO - [PROD] Processing Payload 19/20 for Plant 1081
2026-07-03 10:26:13,988 - INFO - [PROD] Processing Payload 20/20 for Plant 1081
2026-07-03 10:26:14,908 - INFO - Pack Complete run finished. Success: 20, Failed: 0, Total: 20
2026-07-03 10:26:14,909 - INFO - Pack Complete run finished.
2026-07-03 10:26:14,909 - INFO - Waiting 10 seconds before next run...
2026-07-03 10:26:24,915 - INFO - Starting Pack Complete run...
2026-07-03 10:26:25,186 - INFO - Successfully extracted 1 data row(s) for wave information processing.
2026-07-03 10:26:25,186 - INFO - Processing row 1: {'Plant': 1081, 'Environment': 'PROD', 'Wave_number': 'W07022026000000000004;W07022026000000000003;W07022026000000000002;W07022026000000000001;W07012026000000000004;W07012026000000000003'}
2026-07-03 10:26:25,385 - INFO - Processing Task 1/1: Plant 1081 (PROD)
2026-07-03 10:26:25,743 - INFO - Successfully retrieved token.
2026-07-03 10:26:25,745 - INFO - Sending payload to URL: https://nikeaplawmprod1.sce.manh.com/pickpack/api/pickpack/olpn/search
2026-07-03 10:26:25,953 - INFO - Successfully received page 0 for Plant 1081 (PROD)
2026-07-03 10:26:25,953 - INFO - Plant 1081 (PROD): totalCount=179, pageSize=20, totalPages=9
2026-07-03 10:26:26,139 - INFO - Fetched page 1 for Plant 1081 (PROD) with 20 row(s)
2026-07-03 10:26:26,363 - INFO - Fetched page 2 for Plant 1081 (PROD) with 20 row(s)
2026-07-03 10:26:26,555 - INFO - Fetched page 3 for Plant 1081 (PROD) with 20 row(s)
2026-07-03 10:26:26,753 - INFO - Fetched page 4 for Plant 1081 (PROD) with 20 row(s)
2026-07-03 10:26:26,943 - INFO - Fetched page 5 for Plant 1081 (PROD) with 20 row(s)
2026-07-03 10:26:27,151 - INFO - Fetched page 6 for Plant 1081 (PROD) with 20 row(s)
2026-07-03 10:26:27,358 - INFO - Fetched page 7 for Plant 1081 (PROD) with 20 row(s)
2026-07-03 10:26:27,584 - INFO - Fetched page 8 for Plant 1081 (PROD) with 19 row(s)
2026-07-03 10:26:27,954 - INFO - Sending payload to URL: https://nikeaplawmprod1.sce.manh.com/task/api/task/taskDetail/search
2026-07-03 10:26:28,149 - INFO - -> Success: True, Message: None
2026-07-03 10:26:28,151 - INFO - Processed FC task-detail batch 1 with 20 input oLPN(s); received 0 row(s)
2026-07-03 10:26:28,151 - INFO - Sending payload to URL: https://nikeaplawmprod1.sce.manh.com/task/api/task/taskDetail/search
2026-07-03 10:26:28,350 - INFO - -> Success: True, Message: None
2026-07-03 10:26:28,355 - INFO - Processed FC task-detail batch 2 with 20 input oLPN(s); received 3 row(s)
2026-07-03 10:26:28,356 - INFO - Sending payload to URL: https://nikeaplawmprod1.sce.manh.com/task/api/task/taskDetail/search
2026-07-03 10:26:28,552 - INFO - -> Success: True, Message: None
2026-07-03 10:26:28,563 - INFO - Processed FC task-detail batch 3 with 20 input oLPN(s); received 0 row(s)
2026-07-03 10:26:28,566 - INFO - Sending payload to URL: https://nikeaplawmprod1.sce.manh.com/task/api/task/taskDetail/search
2026-07-03 10:26:28,750 - INFO - -> Success: True, Message: None
2026-07-03 10:26:28,754 - INFO - Processed FC task-detail batch 4 with 20 input oLPN(s); received 1 row(s)
2026-07-03 10:26:28,755 - INFO - Sending payload to URL: https://nikeaplawmprod1.sce.manh.com/task/api/task/taskDetail/search
2026-07-03 10:26:28,942 - INFO - -> Success: True, Message: None
2026-07-03 10:26:28,946 - INFO - Processed FC task-detail batch 5 with 20 input oLPN(s); received 6 row(s)
2026-07-03 10:26:28,947 - INFO - Sending payload to URL: https://nikeaplawmprod1.sce.manh.com/task/api/task/taskDetail/search
2026-07-03 10:26:29,164 - INFO - -> Success: True, Message: None
2026-07-03 10:26:29,174 - INFO - Processed FC task-detail batch 6 with 20 input oLPN(s); received 20 row(s)
2026-07-03 10:26:29,174 - INFO - Sending payload to URL: https://nikeaplawmprod1.sce.manh.com/task/api/task/taskDetail/search
2026-07-03 10:26:29,353 - INFO - -> Success: True, Message: None
2026-07-03 10:26:29,361 - INFO - Processed FC task-detail batch 7 with 20 input oLPN(s); received 20 row(s)
2026-07-03 10:26:29,362 - INFO - Sending payload to URL: https://nikeaplawmprod1.sce.manh.com/task/api/task/taskDetail/search
2026-07-03 10:26:29,547 - INFO - -> Success: True, Message: None
2026-07-03 10:26:29,561 - INFO - Processed FC task-detail batch 8 with 20 input oLPN(s); received 10 row(s)
2026-07-03 10:26:29,561 - INFO - Sending payload to URL: https://nikeaplawmprod1.sce.manh.com/task/api/task/taskDetail/search
2026-07-03 10:26:29,783 - INFO - -> Success: True, Message: None
2026-07-03 10:26:29,792 - INFO - Processed FC task-detail batch 9 with 19 input oLPN(s); received 7 row(s)
2026-07-03 10:26:29,793 - INFO - Processing Task 1/2: Plant 1081 (PROD)
2026-07-03 10:26:30,165 - INFO - Successfully retrieved token.
2026-07-03 10:26:30,166 - INFO - Sending payload to URL: https://nikeaplawmprod1.sce.manh.com/pickpack/api/pickpack/olpn/search
2026-07-03 10:26:30,357 - INFO - Successfully received response for Plant 1081 (PROD)
2026-07-03 10:26:30,358 - INFO - Success: Found 0 oLPN row(s) for this task.
2026-07-03 10:26:30,358 - INFO - Processing Task 2/2: Plant 1081 (PROD)
2026-07-03 10:26:30,719 - INFO - Successfully retrieved token.
2026-07-03 10:26:30,719 - INFO - Sending payload to URL: https://nikeaplawmprod1.sce.manh.com/pickpack/api/pickpack/olpn/search
2026-07-03 10:26:30,924 - INFO - Successfully received response for Plant 1081 (PROD)
2026-07-03 10:26:30,924 - INFO - Success: Found 20 oLPN row(s) for this task.
2026-07-03 10:26:30,925 - INFO - Processing 20 payloads for Environment: PROD
2026-07-03 10:26:31,276 - INFO - Successfully retrieved token for PROD environment.
2026-07-03 10:26:31,276 - INFO - Sending payloads to URL: https://nikeaplawmprod1.sce.manh.com/pickpack/api/ServiceDefinition/invoke/NIKEEX10PackResultCS_1081
2026-07-03 10:26:31,276 - INFO - Using 10 worker threads for 20 payloads.
2026-07-03 10:26:31,276 - INFO - [PROD] Processing Payload 1/20 for Plant 1081
2026-07-03 10:26:31,276 - INFO - [PROD] Processing Payload 2/20 for Plant 1081
2026-07-03 10:26:31,277 - INFO - [PROD] Processing Payload 3/20 for Plant 1081
2026-07-03 10:26:31,277 - INFO - [PROD] Processing Payload 4/20 for Plant 1081
2026-07-03 10:26:31,278 - INFO - [PROD] Processing Payload 5/20 for Plant 1081
2026-07-03 10:26:31,279 - INFO - [PROD] Processing Payload 6/20 for Plant 1081
2026-07-03 10:26:31,279 - INFO - [PROD] Processing Payload 7/20 for Plant 1081
2026-07-03 10:26:31,279 - INFO - [PROD] Processing Payload 8/20 for Plant 1081
2026-07-03 10:26:31,279 - INFO - [PROD] Processing Payload 9/20 for Plant 1081
2026-07-03 10:26:31,280 - INFO - [PROD] Processing Payload 10/20 for Plant 1081
2026-07-03 10:26:32,174 - INFO - [PROD] Processing Payload 11/20 for Plant 1081
2026-07-03 10:26:32,174 - INFO - [PROD] Processing Payload 12/20 for Plant 1081
2026-07-03 10:26:32,175 - INFO - [PROD] Processing Payload 13/20 for Plant 1081
2026-07-03 10:26:32,226 - INFO - [PROD] Processing Payload 14/20 for Plant 1081
2026-07-03 10:26:32,387 - INFO - [PROD] Processing Payload 15/20 for Plant 1081
2026-07-03 10:26:32,414 - INFO - [PROD] Processing Payload 16/20 for Plant 1081
2026-07-03 10:26:32,422 - INFO - [PROD] Processing Payload 17/20 for Plant 1081
2026-07-03 10:26:32,428 - INFO - [PROD] Processing Payload 18/20 for Plant 1081
2026-07-03 10:26:32,458 - INFO - [PROD] Processing Payload 19/20 for Plant 1081
2026-07-03 10:26:32,467 - INFO - [PROD] Processing Payload 20/20 for Plant 1081
2026-07-03 10:26:33,539 - INFO - Pack Complete run finished. Success: 20, Failed: 0, Total: 20
2026-07-03 10:26:33,539 - INFO - Pack Complete run finished.
2026-07-03 10:26:33,539 - INFO - Waiting 10 seconds before next run...
2026-07-03 10:26:43,545 - INFO - Starting Pack Complete run...
2026-07-03 10:26:43,802 - INFO - Successfully extracted 1 data row(s) for wave information processing.
2026-07-03 10:26:43,802 - INFO - Processing row 1: {'Plant': 1081, 'Environment': 'PROD', 'Wave_number': 'W07022026000000000004;W07022026000000000003;W07022026000000000002;W07022026000000000001;W07012026000000000004;W07012026000000000003'}
2026-07-03 10:26:44,038 - INFO - Processing Task 1/1: Plant 1081 (PROD)
2026-07-03 10:26:44,401 - INFO - Successfully retrieved token.
2026-07-03 10:26:44,401 - INFO - Sending payload to URL: https://nikeaplawmprod1.sce.manh.com/pickpack/api/pickpack/olpn/search
2026-07-03 10:26:44,595 - INFO - Successfully received page 0 for Plant 1081 (PROD)
2026-07-03 10:26:44,595 - INFO - Plant 1081 (PROD): totalCount=163, pageSize=20, totalPages=9
2026-07-03 10:26:44,792 - INFO - Fetched page 1 for Plant 1081 (PROD) with 20 row(s)
2026-07-03 10:26:45,000 - INFO - Fetched page 2 for Plant 1081 (PROD) with 20 row(s)
2026-07-03 10:26:45,203 - INFO - Fetched page 3 for Plant 1081 (PROD) with 20 row(s)
2026-07-03 10:26:45,393 - INFO - Fetched page 4 for Plant 1081 (PROD) with 20 row(s)
2026-07-03 10:26:45,583 - INFO - Fetched page 5 for Plant 1081 (PROD) with 20 row(s)
2026-07-03 10:26:45,767 - INFO - Fetched page 6 for Plant 1081 (PROD) with 20 row(s)
2026-07-03 10:26:45,963 - INFO - Fetched page 7 for Plant 1081 (PROD) with 20 row(s)
2026-07-03 10:26:46,177 - INFO - Fetched page 8 for Plant 1081 (PROD) with 3 row(s)
2026-07-03 10:26:46,683 - INFO - Sending payload to URL: https://nikeaplawmprod1.sce.manh.com/task/api/task/taskDetail/search
2026-07-03 10:26:46,866 - INFO - -> Success: True, Message: None
2026-07-03 10:26:46,868 - INFO - Processed FC task-detail batch 1 with 20 input oLPN(s); received 0 row(s)
2026-07-03 10:26:46,869 - INFO - Sending payload to URL: https://nikeaplawmprod1.sce.manh.com/task/api/task/taskDetail/search
2026-07-03 10:26:47,063 - INFO - -> Success: True, Message: None
2026-07-03 10:26:47,066 - INFO - Processed FC task-detail batch 2 with 20 input oLPN(s); received 3 row(s)
2026-07-03 10:26:47,066 - INFO - Sending payload to URL: https://nikeaplawmprod1.sce.manh.com/task/api/task/taskDetail/search
2026-07-03 10:26:47,255 - INFO - -> Success: True, Message: None
2026-07-03 10:26:47,258 - INFO - Processed FC task-detail batch 3 with 20 input oLPN(s); received 0 row(s)
2026-07-03 10:26:47,258 - INFO - Sending payload to URL: https://nikeaplawmprod1.sce.manh.com/task/api/task/taskDetail/search
2026-07-03 10:26:47,445 - INFO - -> Success: True, Message: None
2026-07-03 10:26:47,447 - INFO - Processed FC task-detail batch 4 with 20 input oLPN(s); received 1 row(s)
2026-07-03 10:26:47,447 - INFO - Sending payload to URL: https://nikeaplawmprod1.sce.manh.com/task/api/task/taskDetail/search
2026-07-03 10:26:47,635 - INFO - -> Success: True, Message: None
2026-07-03 10:26:47,636 - INFO - Processed FC task-detail batch 5 with 20 input oLPN(s); received 6 row(s)
2026-07-03 10:26:47,636 - INFO - Sending payload to URL: https://nikeaplawmprod1.sce.manh.com/task/api/task/taskDetail/search
2026-07-03 10:26:47,836 - INFO - -> Success: True, Message: None
2026-07-03 10:26:47,839 - INFO - Processed FC task-detail batch 6 with 20 input oLPN(s); received 20 row(s)
2026-07-03 10:26:47,840 - INFO - Sending payload to URL: https://nikeaplawmprod1.sce.manh.com/task/api/task/taskDetail/search
2026-07-03 10:26:48,008 - INFO - -> Success: True, Message: None
2026-07-03 10:26:48,011 - INFO - Processed FC task-detail batch 7 with 20 input oLPN(s); received 11 row(s)
2026-07-03 10:26:48,011 - INFO - Sending payload to URL: https://nikeaplawmprod1.sce.manh.com/task/api/task/taskDetail/search
2026-07-03 10:26:48,193 - INFO - -> Success: True, Message: None
2026-07-03 10:26:48,195 - INFO - Processed FC task-detail batch 8 with 20 input oLPN(s); received 10 row(s)
2026-07-03 10:26:48,195 - INFO - Sending payload to URL: https://nikeaplawmprod1.sce.manh.com/task/api/task/taskDetail/search
2026-07-03 10:26:48,372 - INFO - -> Success: True, Message: None
2026-07-03 10:26:48,374 - INFO - Processed FC task-detail batch 9 with 3 input oLPN(s); received 0 row(s)
2026-07-03 10:26:48,375 - INFO - Processing Task 1/2: Plant 1081 (PROD)
2026-07-03 10:26:48,715 - INFO - Successfully retrieved token.
2026-07-03 10:26:48,716 - INFO - Sending payload to URL: https://nikeaplawmprod1.sce.manh.com/pickpack/api/pickpack/olpn/search
2026-07-03 10:26:48,898 - INFO - Successfully received response for Plant 1081 (PROD)
2026-07-03 10:26:48,899 - INFO - Success: Found 0 oLPN row(s) for this task.
2026-07-03 10:26:48,899 - INFO - Processing Task 2/2: Plant 1081 (PROD)
2026-07-03 10:26:49,278 - INFO - Successfully retrieved token.
2026-07-03 10:26:49,278 - INFO - Sending payload to URL: https://nikeaplawmprod1.sce.manh.com/pickpack/api/pickpack/olpn/search
2026-07-03 10:26:49,508 - INFO - Successfully received response for Plant 1081 (PROD)
2026-07-03 10:26:49,509 - INFO - Success: Found 20 oLPN row(s) for this task.
2026-07-03 10:26:49,511 - INFO - Processing 20 payloads for Environment: PROD
2026-07-03 10:26:49,858 - INFO - Successfully retrieved token for PROD environment.
2026-07-03 10:26:49,858 - INFO - Sending payloads to URL: https://nikeaplawmprod1.sce.manh.com/pickpack/api/ServiceDefinition/invoke/NIKEEX10PackResultCS_1081
2026-07-03 10:26:49,858 - INFO - Using 10 worker threads for 20 payloads.
2026-07-03 10:26:49,858 - INFO - [PROD] Processing Payload 1/20 for Plant 1081
2026-07-03 10:26:49,859 - INFO - [PROD] Processing Payload 2/20 for Plant 1081
2026-07-03 10:26:49,859 - INFO - [PROD] Processing Payload 3/20 for Plant 1081
2026-07-03 10:26:49,860 - INFO - [PROD] Processing Payload 4/20 for Plant 1081
2026-07-03 10:26:49,860 - INFO - [PROD] Processing Payload 5/20 for Plant 1081
2026-07-03 10:26:49,862 - INFO - [PROD] Processing Payload 6/20 for Plant 1081
2026-07-03 10:26:49,862 - INFO - [PROD] Processing Payload 7/20 for Plant 1081
2026-07-03 10:26:49,863 - INFO - [PROD] Processing Payload 8/20 for Plant 1081
2026-07-03 10:26:49,863 - INFO - [PROD] Processing Payload 9/20 for Plant 1081
2026-07-03 10:26:49,863 - INFO - [PROD] Processing Payload 10/20 for Plant 1081
2026-07-03 10:26:50,676 - INFO - [PROD] Processing Payload 11/20 for Plant 1081
2026-07-03 10:26:50,823 - INFO - [PROD] Processing Payload 12/20 for Plant 1081
2026-07-03 10:26:50,831 - INFO - [PROD] Processing Payload 13/20 for Plant 1081
2026-07-03 10:26:50,856 - INFO - [PROD] Processing Payload 14/20 for Plant 1081
2026-07-03 10:26:51,204 - INFO - [PROD] Processing Payload 15/20 for Plant 1081
2026-07-03 10:26:51,206 - INFO - [PROD] Processing Payload 16/20 for Plant 1081
2026-07-03 10:26:51,212 - INFO - [PROD] Processing Payload 17/20 for Plant 1081
2026-07-03 10:26:51,238 - INFO - [PROD] Processing Payload 18/20 for Plant 1081
2026-07-03 10:26:51,252 - INFO - [PROD] Processing Payload 19/20 for Plant 1081
2026-07-03 10:26:51,263 - INFO - [PROD] Processing Payload 20/20 for Plant 1081
2026-07-03 10:26:52,341 - INFO - Pack Complete run finished. Success: 20, Failed: 0, Total: 20
2026-07-03 10:26:52,341 - INFO - Pack Complete run finished.
2026-07-03 10:26:52,341 - INFO - Waiting 10 seconds before next run...
2026-07-03 10:27:02,346 - INFO - Starting Pack Complete run...
2026-07-03 10:27:02,588 - INFO - Successfully extracted 1 data row(s) for wave information processing.
2026-07-03 10:27:02,588 - INFO - Processing row 1: {'Plant': 1081, 'Environment': 'PROD', 'Wave_number': 'W07022026000000000004;W07022026000000000003;W07022026000000000002;W07022026000000000001;W07012026000000000004;W07012026000000000003'}
2026-07-03 10:27:02,798 - INFO - Processing Task 1/1: Plant 1081 (PROD)
2026-07-03 10:27:03,161 - INFO - Successfully retrieved token.
2026-07-03 10:27:03,161 - INFO - Sending payload to URL: https://nikeaplawmprod1.sce.manh.com/pickpack/api/pickpack/olpn/search
2026-07-03 10:27:03,357 - INFO - Successfully received page 0 for Plant 1081 (PROD)
2026-07-03 10:27:03,358 - INFO - Plant 1081 (PROD): totalCount=147, pageSize=20, totalPages=8
2026-07-03 10:27:03,563 - INFO - Fetched page 1 for Plant 1081 (PROD) with 20 row(s)
2026-07-03 10:27:03,779 - INFO - Fetched page 2 for Plant 1081 (PROD) with 20 row(s)
2026-07-03 10:27:03,990 - INFO - Fetched page 3 for Plant 1081 (PROD) with 20 row(s)
2026-07-03 10:27:04,197 - INFO - Fetched page 4 for Plant 1081 (PROD) with 20 row(s)
2026-07-03 10:27:04,401 - INFO - Fetched page 5 for Plant 1081 (PROD) with 20 row(s)
2026-07-03 10:27:04,619 - INFO - Fetched page 6 for Plant 1081 (PROD) with 20 row(s)
2026-07-03 10:27:04,844 - INFO - Fetched page 7 for Plant 1081 (PROD) with 7 row(s)
2026-07-03 10:27:05,235 - INFO - Sending payload to URL: https://nikeaplawmprod1.sce.manh.com/task/api/task/taskDetail/search
2026-07-03 10:27:05,407 - INFO - -> Success: True, Message: None
2026-07-03 10:27:05,409 - INFO - Processed FC task-detail batch 1 with 20 input oLPN(s); received 0 row(s)
2026-07-03 10:27:05,409 - INFO - Sending payload to URL: https://nikeaplawmprod1.sce.manh.com/task/api/task/taskDetail/search
2026-07-03 10:27:05,588 - INFO - -> Success: True, Message: None
2026-07-03 10:27:05,590 - INFO - Processed FC task-detail batch 2 with 20 input oLPN(s); received 3 row(s)
2026-07-03 10:27:05,590 - INFO - Sending payload to URL: https://nikeaplawmprod1.sce.manh.com/task/api/task/taskDetail/search
2026-07-03 10:27:05,764 - INFO - -> Success: True, Message: None
2026-07-03 10:27:05,769 - INFO - Processed FC task-detail batch 3 with 20 input oLPN(s); received 0 row(s)
2026-07-03 10:27:05,769 - INFO - Sending payload to URL: https://nikeaplawmprod1.sce.manh.com/task/api/task/taskDetail/search
2026-07-03 10:27:05,955 - INFO - -> Success: True, Message: None
2026-07-03 10:27:05,957 - INFO - Processed FC task-detail batch 4 with 20 input oLPN(s); received 1 row(s)
2026-07-03 10:27:05,958 - INFO - Sending payload to URL: https://nikeaplawmprod1.sce.manh.com/task/api/task/taskDetail/search
2026-07-03 10:27:06,143 - INFO - -> Success: True, Message: None
2026-07-03 10:27:06,145 - INFO - Processed FC task-detail batch 5 with 20 input oLPN(s); received 6 row(s)
2026-07-03 10:27:06,146 - INFO - Sending payload to URL: https://nikeaplawmprod1.sce.manh.com/task/api/task/taskDetail/search
2026-07-03 10:27:06,322 - INFO - -> Success: True, Message: None
2026-07-03 10:27:06,324 - INFO - Processed FC task-detail batch 6 with 20 input oLPN(s); received 13 row(s)
2026-07-03 10:27:06,324 - INFO - Sending payload to URL: https://nikeaplawmprod1.sce.manh.com/task/api/task/taskDetail/search
2026-07-03 10:27:06,498 - INFO - -> Success: True, Message: None
2026-07-03 10:27:06,500 - INFO - Processed FC task-detail batch 7 with 20 input oLPN(s); received 12 row(s)
2026-07-03 10:27:06,500 - INFO - Sending payload to URL: https://nikeaplawmprod1.sce.manh.com/task/api/task/taskDetail/search
2026-07-03 10:27:06,677 - INFO - -> Success: True, Message: None
2026-07-03 10:27:06,679 - INFO - Processed FC task-detail batch 8 with 7 input oLPN(s); received 0 row(s)
2026-07-03 10:27:06,679 - INFO - Processing Task 1/2: Plant 1081 (PROD)
2026-07-03 10:27:07,126 - INFO - Successfully retrieved token.
2026-07-03 10:27:07,126 - INFO - Sending payload to URL: https://nikeaplawmprod1.sce.manh.com/pickpack/api/pickpack/olpn/search
2026-07-03 10:27:07,290 - INFO - Successfully received response for Plant 1081 (PROD)
2026-07-03 10:27:07,290 - INFO - Success: Found 0 oLPN row(s) for this task.
2026-07-03 10:27:07,291 - INFO - Processing Task 2/2: Plant 1081 (PROD)
2026-07-03 10:27:07,705 - INFO - Successfully retrieved token.
2026-07-03 10:27:07,706 - INFO - Sending payload to URL: https://nikeaplawmprod1.sce.manh.com/pickpack/api/pickpack/olpn/search
2026-07-03 10:27:07,927 - INFO - Successfully received response for Plant 1081 (PROD)
2026-07-03 10:27:07,927 - INFO - Success: Found 20 oLPN row(s) for this task.
2026-07-03 10:27:07,928 - INFO - Processing 20 payloads for Environment: PROD
2026-07-03 10:27:08,306 - INFO - Successfully retrieved token for PROD environment.
2026-07-03 10:27:08,306 - INFO - Sending payloads to URL: https://nikeaplawmprod1.sce.manh.com/pickpack/api/ServiceDefinition/invoke/NIKEEX10PackResultCS_1081
2026-07-03 10:27:08,306 - INFO - Using 10 worker threads for 20 payloads.
2026-07-03 10:27:08,306 - INFO - [PROD] Processing Payload 1/20 for Plant 1081
2026-07-03 10:27:08,307 - INFO - [PROD] Processing Payload 2/20 for Plant 1081
2026-07-03 10:27:08,307 - INFO - [PROD] Processing Payload 3/20 for Plant 1081
2026-07-03 10:27:08,307 - INFO - [PROD] Processing Payload 4/20 for Plant 1081
2026-07-03 10:27:08,308 - INFO - [PROD] Processing Payload 5/20 for Plant 1081
2026-07-03 10:27:08,310 - INFO - [PROD] Processing Payload 6/20 for Plant 1081
2026-07-03 10:27:08,311 - INFO - [PROD] Processing Payload 7/20 for Plant 1081
2026-07-03 10:27:08,312 - INFO - [PROD] Processing Payload 8/20 for Plant 1081
2026-07-03 10:27:08,312 - INFO - [PROD] Processing Payload 9/20 for Plant 1081
2026-07-03 10:27:08,314 - INFO - [PROD] Processing Payload 10/20 for Plant 1081
2026-07-03 10:27:09,350 - INFO - [PROD] Processing Payload 11/20 for Plant 1081
2026-07-03 10:27:09,389 - INFO - [PROD] Processing Payload 12/20 for Plant 1081
2026-07-03 10:27:09,392 - INFO - [PROD] Processing Payload 13/20 for Plant 1081
2026-07-03 10:27:09,460 - INFO - [PROD] Processing Payload 14/20 for Plant 1081
2026-07-03 10:27:09,736 - INFO - [PROD] Processing Payload 15/20 for Plant 1081
2026-07-03 10:27:09,742 - INFO - [PROD] Processing Payload 16/20 for Plant 1081
2026-07-03 10:27:09,766 - INFO - [PROD] Processing Payload 17/20 for Plant 1081
2026-07-03 10:27:09,781 - INFO - [PROD] Processing Payload 18/20 for Plant 1081
2026-07-03 10:27:09,785 - INFO - [PROD] Processing Payload 19/20 for Plant 1081
2026-07-03 10:27:09,814 - INFO - [PROD] Processing Payload 20/20 for Plant 1081
2026-07-03 10:27:10,655 - INFO - Pack Complete run finished. Success: 20, Failed: 0, Total: 20
2026-07-03 10:27:10,655 - INFO - Pack Complete run finished.
2026-07-03 10:27:10,655 - INFO - Waiting 10 seconds before next run...
2026-07-03 10:27:20,661 - INFO - Starting Pack Complete run...
2026-07-03 10:27:20,911 - INFO - Successfully extracted 1 data row(s) for wave information processing.
2026-07-03 10:27:20,911 - INFO - Processing row 1: {'Plant': 1081, 'Environment': 'PROD', 'Wave_number': 'W07022026000000000004;W07022026000000000003;W07022026000000000002;W07022026000000000001;W07012026000000000004;W07012026000000000003'}
2026-07-03 10:27:21,138 - INFO - Processing Task 1/1: Plant 1081 (PROD)
2026-07-03 10:27:21,536 - INFO - Successfully retrieved token.
2026-07-03 10:27:21,536 - INFO - Sending payload to URL: https://nikeaplawmprod1.sce.manh.com/pickpack/api/pickpack/olpn/search
2026-07-03 10:27:21,745 - INFO - Successfully received page 0 for Plant 1081 (PROD)
2026-07-03 10:27:21,746 - INFO - Plant 1081 (PROD): totalCount=131, pageSize=20, totalPages=7
2026-07-03 10:27:21,941 - INFO - Fetched page 1 for Plant 1081 (PROD) with 20 row(s)
2026-07-03 10:27:22,146 - INFO - Fetched page 2 for Plant 1081 (PROD) with 20 row(s)
2026-07-03 10:27:22,359 - INFO - Fetched page 3 for Plant 1081 (PROD) with 20 row(s)
2026-07-03 10:27:22,558 - INFO - Fetched page 4 for Plant 1081 (PROD) with 20 row(s)
2026-07-03 10:27:22,765 - INFO - Fetched page 5 for Plant 1081 (PROD) with 20 row(s)
2026-07-03 10:27:22,983 - INFO - Fetched page 6 for Plant 1081 (PROD) with 11 row(s)
2026-07-03 10:27:23,383 - INFO - Sending payload to URL: https://nikeaplawmprod1.sce.manh.com/task/api/task/taskDetail/search
2026-07-03 10:27:23,571 - INFO - -> Success: True, Message: None
2026-07-03 10:27:23,575 - INFO - Processed FC task-detail batch 1 with 20 input oLPN(s); received 0 row(s)
2026-07-03 10:27:23,575 - INFO - Sending payload to URL: https://nikeaplawmprod1.sce.manh.com/task/api/task/taskDetail/search
2026-07-03 10:27:23,763 - INFO - -> Success: True, Message: None
2026-07-03 10:27:23,766 - INFO - Processed FC task-detail batch 2 with 20 input oLPN(s); received 3 row(s)
2026-07-03 10:27:23,766 - INFO - Sending payload to URL: https://nikeaplawmprod1.sce.manh.com/task/api/task/taskDetail/search
2026-07-03 10:27:23,956 - INFO - -> Success: True, Message: None
2026-07-03 10:27:23,957 - INFO - Processed FC task-detail batch 3 with 20 input oLPN(s); received 0 row(s)
2026-07-03 10:27:23,957 - INFO - Sending payload to URL: https://nikeaplawmprod1.sce.manh.com/task/api/task/taskDetail/search
2026-07-03 10:27:24,144 - INFO - -> Success: True, Message: None
2026-07-03 10:27:24,145 - INFO - Processed FC task-detail batch 4 with 20 input oLPN(s); received 1 row(s)
2026-07-03 10:27:24,145 - INFO - Sending payload to URL: https://nikeaplawmprod1.sce.manh.com/task/api/task/taskDetail/search
2026-07-03 10:27:24,324 - INFO - -> Success: True, Message: None
2026-07-03 10:27:24,328 - INFO - Processed FC task-detail batch 5 with 20 input oLPN(s); received 3 row(s)
2026-07-03 10:27:24,328 - INFO - Sending payload to URL: https://nikeaplawmprod1.sce.manh.com/task/api/task/taskDetail/search
2026-07-03 10:27:24,506 - INFO - -> Success: True, Message: None
2026-07-03 10:27:24,508 - INFO - Processed FC task-detail batch 6 with 20 input oLPN(s); received 12 row(s)
2026-07-03 10:27:24,508 - INFO - Sending payload to URL: https://nikeaplawmprod1.sce.manh.com/task/api/task/taskDetail/search
2026-07-03 10:27:24,685 - INFO - -> Success: True, Message: None
2026-07-03 10:27:24,688 - INFO - Processed FC task-detail batch 7 with 11 input oLPN(s); received 0 row(s)
2026-07-03 10:27:24,688 - INFO - Processing Task 1/2: Plant 1081 (PROD)
2026-07-03 10:27:25,046 - INFO - Successfully retrieved token.
2026-07-03 10:27:25,046 - INFO - Sending payload to URL: https://nikeaplawmprod1.sce.manh.com/pickpack/api/pickpack/olpn/search
2026-07-03 10:27:25,220 - INFO - Successfully received response for Plant 1081 (PROD)
2026-07-03 10:27:25,220 - INFO - Success: Found 0 oLPN row(s) for this task.
2026-07-03 10:27:25,220 - INFO - Processing Task 2/2: Plant 1081 (PROD)
2026-07-03 10:27:25,633 - INFO - Successfully retrieved token.
2026-07-03 10:27:25,633 - INFO - Sending payload to URL: https://nikeaplawmprod1.sce.manh.com/pickpack/api/pickpack/olpn/search
2026-07-03 10:27:25,876 - INFO - Successfully received response for Plant 1081 (PROD)
2026-07-03 10:27:25,877 - INFO - Success: Found 19 oLPN row(s) for this task.
2026-07-03 10:27:25,879 - INFO - Processing 19 payloads for Environment: PROD
2026-07-03 10:27:26,245 - INFO - Successfully retrieved token for PROD environment.
2026-07-03 10:27:26,245 - INFO - Sending payloads to URL: https://nikeaplawmprod1.sce.manh.com/pickpack/api/ServiceDefinition/invoke/NIKEEX10PackResultCS_1081
2026-07-03 10:27:26,245 - INFO - Using 10 worker threads for 19 payloads.
2026-07-03 10:27:26,246 - INFO - [PROD] Processing Payload 1/19 for Plant 1081
2026-07-03 10:27:26,246 - INFO - [PROD] Processing Payload 2/19 for Plant 1081
2026-07-03 10:27:26,246 - INFO - [PROD] Processing Payload 3/19 for Plant 1081
2026-07-03 10:27:26,247 - INFO - [PROD] Processing Payload 4/19 for Plant 1081
2026-07-03 10:27:26,248 - INFO - [PROD] Processing Payload 5/19 for Plant 1081
2026-07-03 10:27:26,249 - INFO - [PROD] Processing Payload 6/19 for Plant 1081
2026-07-03 10:27:26,249 - INFO - [PROD] Processing Payload 7/19 for Plant 1081
2026-07-03 10:27:26,250 - INFO - [PROD] Processing Payload 8/19 for Plant 1081
2026-07-03 10:27:26,251 - INFO - [PROD] Processing Payload 9/19 for Plant 1081
2026-07-03 10:27:26,251 - INFO - [PROD] Processing Payload 10/19 for Plant 1081
2026-07-03 10:27:27,209 - INFO - [PROD] Processing Payload 11/19 for Plant 1081
2026-07-03 10:27:27,236 - INFO - [PROD] Processing Payload 12/19 for Plant 1081
2026-07-03 10:27:27,247 - INFO - [PROD] Processing Payload 13/19 for Plant 1081
2026-07-03 10:27:27,296 - INFO - [PROD] Processing Payload 14/19 for Plant 1081
2026-07-03 10:27:27,560 - INFO - [PROD] Processing Payload 15/19 for Plant 1081
2026-07-03 10:27:27,575 - INFO - [PROD] Processing Payload 16/19 for Plant 1081
2026-07-03 10:27:27,624 - INFO - [PROD] Processing Payload 17/19 for Plant 1081
2026-07-03 10:27:27,640 - INFO - [PROD] Processing Payload 18/19 for Plant 1081
2026-07-03 10:27:27,683 - INFO - [PROD] Processing Payload 19/19 for Plant 1081
2026-07-03 10:27:28,330 - INFO - Pack Complete run finished. Success: 19, Failed: 0, Total: 19
2026-07-03 10:27:28,330 - INFO - Pack Complete run finished.
2026-07-03 10:27:28,331 - INFO - Waiting 10 seconds before next run...
2026-07-03 10:27:38,336 - INFO - Starting Pack Complete run...
2026-07-03 10:27:38,609 - INFO - Successfully extracted 1 data row(s) for wave information processing.
2026-07-03 10:27:38,609 - INFO - Processing row 1: {'Plant': 1081, 'Environment': 'PROD', 'Wave_number': 'W07022026000000000004;W07022026000000000003;W07022026000000000002;W07022026000000000001;W07012026000000000004;W07012026000000000003'}
2026-07-03 10:27:38,815 - INFO - Processing Task 1/1: Plant 1081 (PROD)
2026-07-03 10:27:39,146 - INFO - Successfully retrieved token.
2026-07-03 10:27:39,147 - INFO - Sending payload to URL: https://nikeaplawmprod1.sce.manh.com/pickpack/api/pickpack/olpn/search
2026-07-03 10:27:39,348 - INFO - Successfully received page 0 for Plant 1081 (PROD)
2026-07-03 10:27:39,349 - INFO - Plant 1081 (PROD): totalCount=116, pageSize=20, totalPages=6
2026-07-03 10:27:39,556 - INFO - Fetched page 1 for Plant 1081 (PROD) with 20 row(s)
2026-07-03 10:27:39,762 - INFO - Fetched page 2 for Plant 1081 (PROD) with 20 row(s)
2026-07-03 10:27:39,963 - INFO - Fetched page 3 for Plant 1081 (PROD) with 20 row(s)
2026-07-03 10:27:40,156 - INFO - Fetched page 4 for Plant 1081 (PROD) with 20 row(s)
2026-07-03 10:27:40,370 - INFO - Fetched page 5 for Plant 1081 (PROD) with 16 row(s)
2026-07-03 10:27:40,743 - INFO - Sending payload to URL: https://nikeaplawmprod1.sce.manh.com/task/api/task/taskDetail/search
2026-07-03 10:27:40,926 - INFO - -> Success: True, Message: None
2026-07-03 10:27:40,927 - INFO - Processed FC task-detail batch 1 with 20 input oLPN(s); received 0 row(s)
2026-07-03 10:27:40,927 - INFO - Sending payload to URL: https://nikeaplawmprod1.sce.manh.com/task/api/task/taskDetail/search
2026-07-03 10:27:41,097 - INFO - -> Success: True, Message: None
2026-07-03 10:27:41,100 - INFO - Processed FC task-detail batch 2 with 20 input oLPN(s); received 3 row(s)
2026-07-03 10:27:41,100 - INFO - Sending payload to URL: https://nikeaplawmprod1.sce.manh.com/task/api/task/taskDetail/search
2026-07-03 10:27:41,286 - INFO - -> Success: True, Message: None
2026-07-03 10:27:41,288 - INFO - Processed FC task-detail batch 3 with 20 input oLPN(s); received 0 row(s)
2026-07-03 10:27:41,288 - INFO - Sending payload to URL: https://nikeaplawmprod1.sce.manh.com/task/api/task/taskDetail/search
2026-07-03 10:27:41,469 - INFO - -> Success: True, Message: None
2026-07-03 10:27:41,471 - INFO - Processed FC task-detail batch 4 with 20 input oLPN(s); received 1 row(s)
2026-07-03 10:27:41,471 - INFO - Sending payload to URL: https://nikeaplawmprod1.sce.manh.com/task/api/task/taskDetail/search
2026-07-03 10:27:41,643 - INFO - -> Success: True, Message: None
2026-07-03 10:27:41,644 - INFO - Processed FC task-detail batch 5 with 20 input oLPN(s); received 0 row(s)
2026-07-03 10:27:41,645 - INFO - Sending payload to URL: https://nikeaplawmprod1.sce.manh.com/task/api/task/taskDetail/search
2026-07-03 10:27:41,824 - INFO - -> Success: True, Message: None
2026-07-03 10:27:41,827 - INFO - Processed FC task-detail batch 6 with 16 input oLPN(s); received 0 row(s)
2026-07-03 10:27:41,827 - INFO - Processing Task 1/2: Plant 1081 (PROD)
2026-07-03 10:27:42,199 - INFO - Successfully retrieved token.
2026-07-03 10:27:42,200 - INFO - Sending payload to URL: https://nikeaplawmprod1.sce.manh.com/pickpack/api/pickpack/olpn/search
2026-07-03 10:27:42,393 - INFO - Successfully received response for Plant 1081 (PROD)
2026-07-03 10:27:42,394 - INFO - Success: Found 0 oLPN row(s) for this task.
2026-07-03 10:27:42,395 - INFO - Processing Task 2/2: Plant 1081 (PROD)
2026-07-03 10:27:42,728 - INFO - Successfully retrieved token.
2026-07-03 10:27:42,728 - INFO - Sending payload to URL: https://nikeaplawmprod1.sce.manh.com/pickpack/api/pickpack/olpn/search
2026-07-03 10:27:42,920 - INFO - Successfully received response for Plant 1081 (PROD)
2026-07-03 10:27:42,920 - INFO - Success: Found 4 oLPN row(s) for this task.
2026-07-03 10:27:42,922 - INFO - Processing 4 payloads for Environment: PROD
2026-07-03 10:27:43,347 - INFO - Successfully retrieved token for PROD environment.
2026-07-03 10:27:43,348 - INFO - Sending payloads to URL: https://nikeaplawmprod1.sce.manh.com/pickpack/api/ServiceDefinition/invoke/NIKEEX10PackResultCS_1081
2026-07-03 10:27:43,348 - INFO - Using 4 worker threads for 4 payloads.
2026-07-03 10:27:43,348 - INFO - [PROD] Processing Payload 1/4 for Plant 1081
2026-07-03 10:27:43,348 - INFO - [PROD] Processing Payload 2/4 for Plant 1081
2026-07-03 10:27:43,349 - INFO - [PROD] Processing Payload 3/4 for Plant 1081
2026-07-03 10:27:43,349 - INFO - [PROD] Processing Payload 4/4 for Plant 1081
2026-07-03 10:27:43,848 - INFO - Pack Complete run finished. Success: 4, Failed: 0, Total: 4
2026-07-03 10:27:43,848 - INFO - Pack Complete run finished.
2026-07-03 10:27:43,848 - INFO - Waiting 10 seconds before next run...
2026-07-03 10:27:53,854 - INFO - Starting Pack Complete run...
2026-07-03 10:27:54,116 - INFO - Successfully extracted 1 data row(s) for wave information processing.
2026-07-03 10:27:54,116 - INFO - Processing row 1: {'Plant': 1081, 'Environment': 'PROD', 'Wave_number': 'W07022026000000000004;W07022026000000000003;W07022026000000000002;W07022026000000000001;W07012026000000000004;W07012026000000000003'}
2026-07-03 10:27:54,346 - INFO - Processing Task 1/1: Plant 1081 (PROD)
2026-07-03 10:27:54,671 - INFO - Successfully retrieved token.
2026-07-03 10:27:54,671 - INFO - Sending payload to URL: https://nikeaplawmprod1.sce.manh.com/pickpack/api/pickpack/olpn/search
2026-07-03 10:27:54,875 - INFO - Successfully received page 0 for Plant 1081 (PROD)
2026-07-03 10:27:54,876 - INFO - Plant 1081 (PROD): totalCount=116, pageSize=20, totalPages=6
2026-07-03 10:27:55,093 - INFO - Fetched page 1 for Plant 1081 (PROD) with 20 row(s)
2026-07-03 10:27:55,303 - INFO - Fetched page 2 for Plant 1081 (PROD) with 20 row(s)
2026-07-03 10:27:55,513 - INFO - Fetched page 3 for Plant 1081 (PROD) with 20 row(s)
2026-07-03 10:27:55,717 - INFO - Fetched page 4 for Plant 1081 (PROD) with 20 row(s)
2026-07-03 10:27:55,935 - INFO - Fetched page 5 for Plant 1081 (PROD) with 16 row(s)
2026-07-03 10:27:56,310 - INFO - Sending payload to URL: https://nikeaplawmprod1.sce.manh.com/task/api/task/taskDetail/search
2026-07-03 10:27:56,498 - INFO - -> Success: True, Message: None
2026-07-03 10:27:56,502 - INFO - Processed FC task-detail batch 1 with 20 input oLPN(s); received 0 row(s)
2026-07-03 10:27:56,503 - INFO - Sending payload to URL: https://nikeaplawmprod1.sce.manh.com/task/api/task/taskDetail/search
2026-07-03 10:27:56,687 - INFO - -> Success: True, Message: None
2026-07-03 10:27:56,694 - INFO - Processed FC task-detail batch 2 with 20 input oLPN(s); received 3 row(s)
2026-07-03 10:27:56,695 - INFO - Sending payload to URL: https://nikeaplawmprod1.sce.manh.com/task/api/task/taskDetail/search
2026-07-03 10:27:56,875 - INFO - -> Success: True, Message: None
2026-07-03 10:27:56,876 - INFO - Processed FC task-detail batch 3 with 20 input oLPN(s); received 0 row(s)
2026-07-03 10:27:56,876 - INFO - Sending payload to URL: https://nikeaplawmprod1.sce.manh.com/task/api/task/taskDetail/search
2026-07-03 10:27:57,048 - INFO - -> Success: True, Message: None
2026-07-03 10:27:57,054 - INFO - Processed FC task-detail batch 4 with 20 input oLPN(s); received 1 row(s)
2026-07-03 10:27:57,056 - INFO - Sending payload to URL: https://nikeaplawmprod1.sce.manh.com/task/api/task/taskDetail/search
2026-07-03 10:27:57,252 - INFO - -> Success: True, Message: None
2026-07-03 10:27:57,260 - INFO - Processed FC task-detail batch 5 with 20 input oLPN(s); received 0 row(s)
2026-07-03 10:27:57,260 - INFO - Sending payload to URL: https://nikeaplawmprod1.sce.manh.com/task/api/task/taskDetail/search
2026-07-03 10:27:57,474 - INFO - -> Success: True, Message: None
2026-07-03 10:27:57,481 - INFO - Processed FC task-detail batch 6 with 16 input oLPN(s); received 0 row(s)
2026-07-03 10:27:57,482 - INFO - Processing Task 1/2: Plant 1081 (PROD)
2026-07-03 10:27:57,868 - INFO - Successfully retrieved token.
2026-07-03 10:27:57,870 - INFO - Sending payload to URL: https://nikeaplawmprod1.sce.manh.com/pickpack/api/pickpack/olpn/search
2026-07-03 10:27:58,075 - INFO - Successfully received response for Plant 1081 (PROD)
2026-07-03 10:27:58,076 - INFO - Success: Found 0 oLPN row(s) for this task.
2026-07-03 10:27:58,076 - INFO - Processing Task 2/2: Plant 1081 (PROD)
2026-07-03 10:27:58,500 - INFO - Successfully retrieved token.
2026-07-03 10:27:58,500 - INFO - Sending payload to URL: https://nikeaplawmprod1.sce.manh.com/pickpack/api/pickpack/olpn/search
2026-07-03 10:27:58,681 - INFO - Successfully received response for Plant 1081 (PROD)
2026-07-03 10:27:58,681 - INFO - Success: Found 4 oLPN row(s) for this task.
2026-07-03 10:27:58,682 - INFO - Processing 4 payloads for Environment: PROD
2026-07-03 10:27:59,048 - INFO - Successfully retrieved token for PROD environment.
2026-07-03 10:27:59,048 - INFO - Sending payloads to URL: https://nikeaplawmprod1.sce.manh.com/pickpack/api/ServiceDefinition/invoke/NIKEEX10PackResultCS_1081
2026-07-03 10:27:59,048 - INFO - Using 4 worker threads for 4 payloads.
2026-07-03 10:27:59,049 - INFO - [PROD] Processing Payload 1/4 for Plant 1081
2026-07-03 10:27:59,049 - INFO - [PROD] Processing Payload 2/4 for Plant 1081
2026-07-03 10:27:59,049 - INFO - [PROD] Processing Payload 3/4 for Plant 1081
2026-07-03 10:27:59,049 - INFO - [PROD] Processing Payload 4/4 for Plant 1081
2026-07-03 10:27:59,508 - INFO - Pack Complete run finished. Success: 4, Failed: 0, Total: 4
2026-07-03 10:27:59,509 - INFO - Pack Complete run finished.
2026-07-03 10:27:59,509 - INFO - Waiting 10 seconds before next run...
2026-07-03 10:28:09,516 - INFO - Starting Pack Complete run...
2026-07-03 10:28:09,749 - INFO - Successfully extracted 1 data row(s) for wave information processing.
2026-07-03 10:28:09,749 - INFO - Processing row 1: {'Plant': 1081, 'Environment': 'PROD', 'Wave_number': 'W07022026000000000004;W07022026000000000003;W07022026000000000002;W07022026000000000001;W07012026000000000004;W07012026000000000003'}
2026-07-03 10:28:09,962 - INFO - Processing Task 1/1: Plant 1081 (PROD)
2026-07-03 10:28:10,289 - INFO - Successfully retrieved token.
2026-07-03 10:28:10,289 - INFO - Sending payload to URL: https://nikeaplawmprod1.sce.manh.com/pickpack/api/pickpack/olpn/search
2026-07-03 10:28:10,484 - INFO - Successfully received page 0 for Plant 1081 (PROD)
2026-07-03 10:28:10,485 - INFO - Plant 1081 (PROD): totalCount=116, pageSize=20, totalPages=6
2026-07-03 10:28:10,686 - INFO - Fetched page 1 for Plant 1081 (PROD) with 20 row(s)
2026-07-03 10:28:10,853 - INFO - Fetched page 2 for Plant 1081 (PROD) with 20 row(s)
2026-07-03 10:28:11,035 - INFO - Fetched page 3 for Plant 1081 (PROD) with 20 row(s)
2026-07-03 10:28:11,217 - INFO - Fetched page 4 for Plant 1081 (PROD) with 20 row(s)
2026-07-03 10:28:11,420 - INFO - Fetched page 5 for Plant 1081 (PROD) with 16 row(s)
2026-07-03 10:28:11,800 - INFO - Sending payload to URL: https://nikeaplawmprod1.sce.manh.com/task/api/task/taskDetail/search
2026-07-03 10:28:11,977 - INFO - -> Success: True, Message: None
2026-07-03 10:28:11,980 - INFO - Processed FC task-detail batch 1 with 20 input oLPN(s); received 0 row(s)
2026-07-03 10:28:11,980 - INFO - Sending payload to URL: https://nikeaplawmprod1.sce.manh.com/task/api/task/taskDetail/search
2026-07-03 10:28:12,168 - INFO - -> Success: True, Message: None
2026-07-03 10:28:12,169 - INFO - Processed FC task-detail batch 2 with 20 input oLPN(s); received 3 row(s)
2026-07-03 10:28:12,169 - INFO - Sending payload to URL: https://nikeaplawmprod1.sce.manh.com/task/api/task/taskDetail/search
2026-07-03 10:28:12,336 - INFO - -> Success: True, Message: None
2026-07-03 10:28:12,337 - INFO - Processed FC task-detail batch 3 with 20 input oLPN(s); received 0 row(s)
2026-07-03 10:28:12,337 - INFO - Sending payload to URL: https://nikeaplawmprod1.sce.manh.com/task/api/task/taskDetail/search
2026-07-03 10:28:12,513 - INFO - -> Success: True, Message: None
2026-07-03 10:28:12,525 - INFO - Processed FC task-detail batch 4 with 20 input oLPN(s); received 1 row(s)
2026-07-03 10:28:12,525 - INFO - Sending payload to URL: https://nikeaplawmprod1.sce.manh.com/task/api/task/taskDetail/search
2026-07-03 10:28:12,712 - INFO - -> Success: True, Message: None
2026-07-03 10:28:12,712 - INFO - Processed FC task-detail batch 5 with 20 input oLPN(s); received 0 row(s)
2026-07-03 10:28:12,712 - INFO - Sending payload to URL: https://nikeaplawmprod1.sce.manh.com/task/api/task/taskDetail/search
2026-07-03 10:28:12,876 - INFO - -> Success: True, Message: None
2026-07-03 10:28:12,878 - INFO - Processed FC task-detail batch 6 with 16 input oLPN(s); received 0 row(s)
2026-07-03 10:28:12,878 - INFO - Processing Task 1/2: Plant 1081 (PROD)
2026-07-03 10:28:13,252 - INFO - Successfully retrieved token.
2026-07-03 10:28:13,252 - INFO - Sending payload to URL: https://nikeaplawmprod1.sce.manh.com/pickpack/api/pickpack/olpn/search
2026-07-03 10:28:13,441 - INFO - Successfully received response for Plant 1081 (PROD)
2026-07-03 10:28:13,442 - INFO - Success: Found 0 oLPN row(s) for this task.
2026-07-03 10:28:13,442 - INFO - Processing Task 2/2: Plant 1081 (PROD)
2026-07-03 10:28:13,777 - INFO - Successfully retrieved token.
2026-07-03 10:28:13,778 - INFO - Sending payload to URL: https://nikeaplawmprod1.sce.manh.com/pickpack/api/pickpack/olpn/search
2026-07-03 10:28:13,961 - INFO - Successfully received response for Plant 1081 (PROD)
2026-07-03 10:28:13,961 - INFO - Success: Found 4 oLPN row(s) for this task.
2026-07-03 10:28:13,962 - INFO - Processing 4 payloads for Environment: PROD
2026-07-03 10:28:14,295 - INFO - Successfully retrieved token for PROD environment.
2026-07-03 10:28:14,296 - INFO - Sending payloads to URL: https://nikeaplawmprod1.sce.manh.com/pickpack/api/ServiceDefinition/invoke/NIKEEX10PackResultCS_1081
2026-07-03 10:28:14,296 - INFO - Using 4 worker threads for 4 payloads.
2026-07-03 10:28:14,296 - INFO - [PROD] Processing Payload 1/4 for Plant 1081
2026-07-03 10:28:14,296 - INFO - [PROD] Processing Payload 2/4 for Plant 1081
2026-07-03 10:28:14,297 - INFO - [PROD] Processing Payload 3/4 for Plant 1081
2026-07-03 10:28:14,297 - INFO - [PROD] Processing Payload 4/4 for Plant 1081
2026-07-03 10:28:14,796 - INFO - Pack Complete run finished. Success: 4, Failed: 0, Total: 4
2026-07-03 10:28:14,797 - INFO - Pack Complete run finished.
2026-07-03 10:28:14,797 - INFO - Waiting 10 seconds before next run...
2026-07-03 10:28:24,804 - INFO - Starting Pack Complete run...
2026-07-03 10:28:25,061 - INFO - Successfully extracted 1 data row(s) for wave information processing.
2026-07-03 10:28:25,061 - INFO - Processing row 1: {'Plant': 1081, 'Environment': 'PROD', 'Wave_number': 'W07022026000000000004;W07022026000000000003;W07022026000000000002;W07022026000000000001;W07012026000000000004;W07012026000000000003'}
2026-07-03 10:28:25,301 - INFO - Processing Task 1/1: Plant 1081 (PROD)
2026-07-03 10:28:25,684 - INFO - Successfully retrieved token.
2026-07-03 10:28:25,684 - INFO - Sending payload to URL: https://nikeaplawmprod1.sce.manh.com/pickpack/api/pickpack/olpn/search
2026-07-03 10:28:25,884 - INFO - Successfully received page 0 for Plant 1081 (PROD)
2026-07-03 10:28:25,885 - INFO - Plant 1081 (PROD): totalCount=116, pageSize=20, totalPages=6
2026-07-03 10:28:26,079 - INFO - Fetched page 1 for Plant 1081 (PROD) with 20 row(s)
2026-07-03 10:28:26,275 - INFO - Fetched page 2 for Plant 1081 (PROD) with 20 row(s)
2026-07-03 10:28:26,478 - INFO - Fetched page 3 for Plant 1081 (PROD) with 20 row(s)
2026-07-03 10:28:26,683 - INFO - Fetched page 4 for Plant 1081 (PROD) with 20 row(s)
2026-07-03 10:28:26,894 - INFO - Fetched page 5 for Plant 1081 (PROD) with 16 row(s)
2026-07-03 10:28:27,211 - INFO - Sending payload to URL: https://nikeaplawmprod1.sce.manh.com/task/api/task/taskDetail/search
2026-07-03 10:28:27,404 - INFO - -> Success: True, Message: None
2026-07-03 10:28:27,406 - INFO - Processed FC task-detail batch 1 with 20 input oLPN(s); received 0 row(s)
2026-07-03 10:28:27,406 - INFO - Sending payload to URL: https://nikeaplawmprod1.sce.manh.com/task/api/task/taskDetail/search
2026-07-03 10:28:27,602 - INFO - -> Success: True, Message: None
2026-07-03 10:28:27,607 - INFO - Processed FC task-detail batch 2 with 20 input oLPN(s); received 3 row(s)
2026-07-03 10:28:27,607 - INFO - Sending payload to URL: https://nikeaplawmprod1.sce.manh.com/task/api/task/taskDetail/search
2026-07-03 10:28:27,786 - INFO - -> Success: True, Message: None
2026-07-03 10:28:27,789 - INFO - Processed FC task-detail batch 3 with 20 input oLPN(s); received 0 row(s)
2026-07-03 10:28:27,789 - INFO - Sending payload to URL: https://nikeaplawmprod1.sce.manh.com/task/api/task/taskDetail/search
2026-07-03 10:28:27,966 - INFO - -> Success: True, Message: None
2026-07-03 10:28:27,971 - INFO - Processed FC task-detail batch 4 with 20 input oLPN(s); received 1 row(s)
2026-07-03 10:28:27,971 - INFO - Sending payload to URL: https://nikeaplawmprod1.sce.manh.com/task/api/task/taskDetail/search
2026-07-03 10:28:28,156 - INFO - -> Success: True, Message: None
2026-07-03 10:28:28,159 - INFO - Processed FC task-detail batch 5 with 20 input oLPN(s); received 0 row(s)
2026-07-03 10:28:28,159 - INFO - Sending payload to URL: https://nikeaplawmprod1.sce.manh.com/task/api/task/taskDetail/search
2026-07-03 10:28:28,341 - INFO - -> Success: True, Message: None
2026-07-03 10:28:28,343 - INFO - Processed FC task-detail batch 6 with 16 input oLPN(s); received 0 row(s)
2026-07-03 10:28:28,343 - INFO - Processing Task 1/2: Plant 1081 (PROD)
2026-07-03 10:28:28,661 - INFO - Successfully retrieved token.
2026-07-03 10:28:28,661 - INFO - Sending payload to URL: https://nikeaplawmprod1.sce.manh.com/pickpack/api/pickpack/olpn/search
2026-07-03 10:28:28,850 - INFO - Successfully received response for Plant 1081 (PROD)
2026-07-03 10:28:28,851 - INFO - Success: Found 0 oLPN row(s) for this task.
2026-07-03 10:28:28,851 - INFO - Processing Task 2/2: Plant 1081 (PROD)
2026-07-03 10:28:29,206 - INFO - Successfully retrieved token.
2026-07-03 10:28:29,206 - INFO - Sending payload to URL: https://nikeaplawmprod1.sce.manh.com/pickpack/api/pickpack/olpn/search
2026-07-03 10:28:29,419 - INFO - Successfully received response for Plant 1081 (PROD)
2026-07-03 10:28:29,420 - INFO - Success: Found 4 oLPN row(s) for this task.
2026-07-03 10:28:29,421 - INFO - Processing 4 payloads for Environment: PROD
2026-07-03 10:28:29,749 - INFO - Successfully retrieved token for PROD environment.
2026-07-03 10:28:29,749 - INFO - Sending payloads to URL: https://nikeaplawmprod1.sce.manh.com/pickpack/api/ServiceDefinition/invoke/NIKEEX10PackResultCS_1081
2026-07-03 10:28:29,749 - INFO - Using 4 worker threads for 4 payloads.
2026-07-03 10:28:29,750 - INFO - [PROD] Processing Payload 1/4 for Plant 1081
2026-07-03 10:28:29,750 - INFO - [PROD] Processing Payload 2/4 for Plant 1081
2026-07-03 10:28:29,750 - INFO - [PROD] Processing Payload 3/4 for Plant 1081
2026-07-03 10:28:29,750 - INFO - [PROD] Processing Payload 4/4 for Plant 1081
2026-07-03 10:28:30,278 - INFO - Pack Complete run finished. Success: 4, Failed: 0, Total: 4
2026-07-03 10:28:30,278 - INFO - Pack Complete run finished.
2026-07-03 10:28:30,278 - INFO - Waiting 10 seconds before next run...
2026-07-03 10:28:40,284 - INFO - Starting Pack Complete run...
2026-07-03 10:28:40,516 - INFO - Successfully extracted 1 data row(s) for wave information processing.
2026-07-03 10:28:40,516 - INFO - Processing row 1: {'Plant': 1081, 'Environment': 'PROD', 'Wave_number': 'W07022026000000000004;W07022026000000000003;W07022026000000000002;W07022026000000000001;W07012026000000000004;W07012026000000000003'}
2026-07-03 10:28:40,723 - INFO - Processing Task 1/1: Plant 1081 (PROD)
2026-07-03 10:28:41,086 - INFO - Successfully retrieved token.
2026-07-03 10:28:41,087 - INFO - Sending payload to URL: https://nikeaplawmprod1.sce.manh.com/pickpack/api/pickpack/olpn/search
2026-07-03 10:28:41,301 - INFO - Successfully received page 0 for Plant 1081 (PROD)
2026-07-03 10:28:41,302 - INFO - Plant 1081 (PROD): totalCount=116, pageSize=20, totalPages=6
2026-07-03 10:28:41,507 - INFO - Fetched page 1 for Plant 1081 (PROD) with 20 row(s)
2026-07-03 10:28:41,711 - INFO - Fetched page 2 for Plant 1081 (PROD) with 20 row(s)
2026-07-03 10:28:41,891 - INFO - Fetched page 3 for Plant 1081 (PROD) with 20 row(s)
2026-07-03 10:28:42,101 - INFO - Fetched page 4 for Plant 1081 (PROD) with 20 row(s)
2026-07-03 10:28:42,333 - INFO - Fetched page 5 for Plant 1081 (PROD) with 16 row(s)
2026-07-03 10:28:42,676 - INFO - Sending payload to URL: https://nikeaplawmprod1.sce.manh.com/task/api/task/taskDetail/search
2026-07-03 10:28:42,854 - INFO - -> Success: True, Message: None
2026-07-03 10:28:42,856 - INFO - Processed FC task-detail batch 1 with 20 input oLPN(s); received 0 row(s)
2026-07-03 10:28:42,856 - INFO - Sending payload to URL: https://nikeaplawmprod1.sce.manh.com/task/api/task/taskDetail/search
2026-07-03 10:28:43,058 - INFO - -> Success: True, Message: None
2026-07-03 10:28:43,059 - INFO - Processed FC task-detail batch 2 with 20 input oLPN(s); received 3 row(s)
2026-07-03 10:28:43,059 - INFO - Sending payload to URL: https://nikeaplawmprod1.sce.manh.com/task/api/task/taskDetail/search
2026-07-03 10:28:43,242 - INFO - -> Success: True, Message: None
2026-07-03 10:28:43,244 - INFO - Processed FC task-detail batch 3 with 20 input oLPN(s); received 0 row(s)
2026-07-03 10:28:43,244 - INFO - Sending payload to URL: https://nikeaplawmprod1.sce.manh.com/task/api/task/taskDetail/search
2026-07-03 10:28:43,413 - INFO - -> Success: True, Message: None
2026-07-03 10:28:43,414 - INFO - Processed FC task-detail batch 4 with 20 input oLPN(s); received 1 row(s)
2026-07-03 10:28:43,414 - INFO - Sending payload to URL: https://nikeaplawmprod1.sce.manh.com/task/api/task/taskDetail/search
2026-07-03 10:28:43,591 - INFO - -> Success: True, Message: None
2026-07-03 10:28:43,592 - INFO - Processed FC task-detail batch 5 with 20 input oLPN(s); received 0 row(s)
2026-07-03 10:28:43,592 - INFO - Sending payload to URL: https://nikeaplawmprod1.sce.manh.com/task/api/task/taskDetail/search
2026-07-03 10:28:43,765 - INFO - -> Success: True, Message: None
2026-07-03 10:28:43,766 - INFO - Processed FC task-detail batch 6 with 16 input oLPN(s); received 0 row(s)
2026-07-03 10:28:43,766 - INFO - Processing Task 1/2: Plant 1081 (PROD)
2026-07-03 10:28:44,095 - INFO - Successfully retrieved token.
2026-07-03 10:28:44,096 - INFO - Sending payload to URL: https://nikeaplawmprod1.sce.manh.com/pickpack/api/pickpack/olpn/search
2026-07-03 10:28:44,279 - INFO - Successfully received response for Plant 1081 (PROD)
2026-07-03 10:28:44,283 - INFO - Success: Found 0 oLPN row(s) for this task.
2026-07-03 10:28:44,283 - INFO - Processing Task 2/2: Plant 1081 (PROD)
2026-07-03 10:28:44,630 - INFO - Successfully retrieved token.
2026-07-03 10:28:44,630 - INFO - Sending payload to URL: https://nikeaplawmprod1.sce.manh.com/pickpack/api/pickpack/olpn/search
2026-07-03 10:28:44,833 - INFO - Successfully received response for Plant 1081 (PROD)
2026-07-03 10:28:44,833 - INFO - Success: Found 4 oLPN row(s) for this task.
2026-07-03 10:28:44,835 - INFO - Processing 4 payloads for Environment: PROD
2026-07-03 10:28:45,302 - INFO - Successfully retrieved token for PROD environment.
2026-07-03 10:28:45,302 - INFO - Sending payloads to URL: https://nikeaplawmprod1.sce.manh.com/pickpack/api/ServiceDefinition/invoke/NIKEEX10PackResultCS_1081
2026-07-03 10:28:45,302 - INFO - Using 4 worker threads for 4 payloads.
2026-07-03 10:28:45,303 - INFO - [PROD] Processing Payload 1/4 for Plant 1081
2026-07-03 10:28:45,303 - INFO - [PROD] Processing Payload 2/4 for Plant 1081
2026-07-03 10:28:45,304 - INFO - [PROD] Processing Payload 3/4 for Plant 1081
2026-07-03 10:28:45,304 - INFO - [PROD] Processing Payload 4/4 for Plant 1081
2026-07-03 10:28:45,807 - INFO - Pack Complete run finished. Success: 4, Failed: 0, Total: 4
2026-07-03 10:28:45,807 - INFO - Pack Complete run finished.
2026-07-03 10:28:45,807 - INFO - Waiting 10 seconds before next run...
2026-07-03 10:28:55,813 - INFO - Starting Pack Complete run...
2026-07-03 10:28:56,076 - INFO - Successfully extracted 1 data row(s) for wave information processing.
2026-07-03 10:28:56,076 - INFO - Processing row 1: {'Plant': 1081, 'Environment': 'PROD', 'Wave_number': 'W07022026000000000004;W07022026000000000003;W07022026000000000002;W07022026000000000001;W07012026000000000004;W07012026000000000003'}
2026-07-03 10:28:56,302 - INFO - Processing Task 1/1: Plant 1081 (PROD)
2026-07-03 10:28:56,751 - INFO - Successfully retrieved token.
2026-07-03 10:28:56,752 - INFO - Sending payload to URL: https://nikeaplawmprod1.sce.manh.com/pickpack/api/pickpack/olpn/search
2026-07-03 10:28:56,980 - INFO - Successfully received page 0 for Plant 1081 (PROD)
2026-07-03 10:28:56,981 - INFO - Plant 1081 (PROD): totalCount=116, pageSize=20, totalPages=6
2026-07-03 10:28:57,191 - INFO - Fetched page 1 for Plant 1081 (PROD) with 20 row(s)
2026-07-03 10:28:57,410 - INFO - Fetched page 2 for Plant 1081 (PROD) with 20 row(s)
2026-07-03 10:28:57,638 - INFO - Fetched page 3 for Plant 1081 (PROD) with 20 row(s)
2026-07-03 10:28:57,858 - INFO - Fetched page 4 for Plant 1081 (PROD) with 20 row(s)
2026-07-03 10:28:58,094 - INFO - Fetched page 5 for Plant 1081 (PROD) with 16 row(s)
2026-07-03 10:28:58,488 - INFO - Sending payload to URL: https://nikeaplawmprod1.sce.manh.com/task/api/task/taskDetail/search
2026-07-03 10:28:58,689 - INFO - -> Success: True, Message: None
2026-07-03 10:28:58,697 - INFO - Processed FC task-detail batch 1 with 20 input oLPN(s); received 0 row(s)
2026-07-03 10:28:58,697 - INFO - Sending payload to URL: https://nikeaplawmprod1.sce.manh.com/task/api/task/taskDetail/search
2026-07-03 10:28:58,889 - INFO - -> Success: True, Message: None
2026-07-03 10:28:58,902 - INFO - Processed FC task-detail batch 2 with 20 input oLPN(s); received 3 row(s)
2026-07-03 10:28:58,902 - INFO - Sending payload to URL: https://nikeaplawmprod1.sce.manh.com/task/api/task/taskDetail/search
2026-07-03 10:28:59,077 - INFO - -> Success: True, Message: None
2026-07-03 10:28:59,081 - INFO - Processed FC task-detail batch 3 with 20 input oLPN(s); received 0 row(s)
2026-07-03 10:28:59,081 - INFO - Sending payload to URL: https://nikeaplawmprod1.sce.manh.com/task/api/task/taskDetail/search
2026-07-03 10:28:59,303 - INFO - -> Success: True, Message: None
2026-07-03 10:28:59,310 - INFO - Processed FC task-detail batch 4 with 20 input oLPN(s); received 1 row(s)
2026-07-03 10:28:59,310 - INFO - Sending payload to URL: https://nikeaplawmprod1.sce.manh.com/task/api/task/taskDetail/search
2026-07-03 10:28:59,505 - INFO - -> Success: True, Message: None
2026-07-03 10:28:59,512 - INFO - Processed FC task-detail batch 5 with 20 input oLPN(s); received 0 row(s)
2026-07-03 10:28:59,512 - INFO - Sending payload to URL: https://nikeaplawmprod1.sce.manh.com/task/api/task/taskDetail/search
2026-07-03 10:28:59,711 - INFO - -> Success: True, Message: None
2026-07-03 10:28:59,722 - INFO - Processed FC task-detail batch 6 with 16 input oLPN(s); received 0 row(s)
2026-07-03 10:28:59,723 - INFO - Processing Task 1/2: Plant 1081 (PROD)
2026-07-03 10:29:00,077 - INFO - Successfully retrieved token.
2026-07-03 10:29:00,077 - INFO - Sending payload to URL: https://nikeaplawmprod1.sce.manh.com/pickpack/api/pickpack/olpn/search
2026-07-03 10:29:00,265 - INFO - Successfully received response for Plant 1081 (PROD)
2026-07-03 10:29:00,265 - INFO - Success: Found 0 oLPN row(s) for this task.
2026-07-03 10:29:00,265 - INFO - Processing Task 2/2: Plant 1081 (PROD)
2026-07-03 10:29:00,601 - INFO - Successfully retrieved token.
2026-07-03 10:29:00,602 - INFO - Sending payload to URL: https://nikeaplawmprod1.sce.manh.com/pickpack/api/pickpack/olpn/search
2026-07-03 10:29:00,809 - INFO - Successfully received response for Plant 1081 (PROD)
2026-07-03 10:29:00,810 - INFO - Success: Found 4 oLPN row(s) for this task.
2026-07-03 10:29:00,815 - INFO - Processing 4 payloads for Environment: PROD
2026-07-03 10:29:01,186 - INFO - Successfully retrieved token for PROD environment.
2026-07-03 10:29:01,186 - INFO - Sending payloads to URL: https://nikeaplawmprod1.sce.manh.com/pickpack/api/ServiceDefinition/invoke/NIKEEX10PackResultCS_1081
2026-07-03 10:29:01,186 - INFO - Using 4 worker threads for 4 payloads.
2026-07-03 10:29:01,187 - INFO - [PROD] Processing Payload 1/4 for Plant 1081
2026-07-03 10:29:01,187 - INFO - [PROD] Processing Payload 2/4 for Plant 1081
2026-07-03 10:29:01,189 - INFO - [PROD] Processing Payload 3/4 for Plant 1081
2026-07-03 10:29:01,192 - INFO - [PROD] Processing Payload 4/4 for Plant 1081
2026-07-03 10:29:01,672 - INFO - Pack Complete run finished. Success: 4, Failed: 0, Total: 4
2026-07-03 10:29:01,673 - INFO - Pack Complete run finished.
2026-07-03 10:29:01,673 - INFO - Waiting 10 seconds before next run...
2026-07-03 10:29:11,679 - INFO - Starting Pack Complete run...
2026-07-03 10:29:11,938 - INFO - Successfully extracted 1 data row(s) for wave information processing.
2026-07-03 10:29:11,938 - INFO - Processing row 1: {'Plant': 1081, 'Environment': 'PROD', 'Wave_number': 'W07022026000000000004;W07022026000000000003;W07022026000000000002;W07022026000000000001;W07012026000000000004;W07012026000000000003'}
2026-07-03 10:29:12,159 - INFO - Processing Task 1/1: Plant 1081 (PROD)
2026-07-03 10:29:12,482 - INFO - Successfully retrieved token.
2026-07-03 10:29:12,483 - INFO - Sending payload to URL: https://nikeaplawmprod1.sce.manh.com/pickpack/api/pickpack/olpn/search
2026-07-03 10:29:12,678 - INFO - Successfully received page 0 for Plant 1081 (PROD)
2026-07-03 10:29:12,678 - INFO - Plant 1081 (PROD): totalCount=116, pageSize=20, totalPages=6
2026-07-03 10:29:12,871 - INFO - Fetched page 1 for Plant 1081 (PROD) with 20 row(s)
2026-07-03 10:29:13,067 - INFO - Fetched page 2 for Plant 1081 (PROD) with 20 row(s)
2026-07-03 10:29:13,283 - INFO - Fetched page 3 for Plant 1081 (PROD) with 20 row(s)
2026-07-03 10:29:13,500 - INFO - Fetched page 4 for Plant 1081 (PROD) with 20 row(s)
2026-07-03 10:29:13,724 - INFO - Fetched page 5 for Plant 1081 (PROD) with 16 row(s)
2026-07-03 10:29:14,115 - INFO - Sending payload to URL: https://nikeaplawmprod1.sce.manh.com/task/api/task/taskDetail/search
2026-07-03 10:29:14,313 - INFO - -> Success: True, Message: None
2026-07-03 10:29:14,314 - INFO - Processed FC task-detail batch 1 with 20 input oLPN(s); received 0 row(s)
2026-07-03 10:29:14,314 - INFO - Sending payload to URL: https://nikeaplawmprod1.sce.manh.com/task/api/task/taskDetail/search
2026-07-03 10:29:14,486 - INFO - -> Success: True, Message: None
2026-07-03 10:29:14,487 - INFO - Processed FC task-detail batch 2 with 20 input oLPN(s); received 3 row(s)
2026-07-03 10:29:14,487 - INFO - Sending payload to URL: https://nikeaplawmprod1.sce.manh.com/task/api/task/taskDetail/search
2026-07-03 10:29:14,692 - INFO - -> Success: True, Message: None
2026-07-03 10:29:14,692 - INFO - Processed FC task-detail batch 3 with 20 input oLPN(s); received 0 row(s)
2026-07-03 10:29:14,692 - INFO - Sending payload to URL: https://nikeaplawmprod1.sce.manh.com/task/api/task/taskDetail/search
2026-07-03 10:29:14,861 - INFO - -> Success: True, Message: None
2026-07-03 10:29:14,863 - INFO - Processed FC task-detail batch 4 with 20 input oLPN(s); received 1 row(s)
2026-07-03 10:29:14,863 - INFO - Sending payload to URL: https://nikeaplawmprod1.sce.manh.com/task/api/task/taskDetail/search
2026-07-03 10:29:15,041 - INFO - -> Success: True, Message: None
2026-07-03 10:29:15,043 - INFO - Processed FC task-detail batch 5 with 20 input oLPN(s); received 0 row(s)
2026-07-03 10:29:15,043 - INFO - Sending payload to URL: https://nikeaplawmprod1.sce.manh.com/task/api/task/taskDetail/search
2026-07-03 10:29:15,226 - INFO - -> Success: True, Message: None
2026-07-03 10:29:15,227 - INFO - Processed FC task-detail batch 6 with 16 input oLPN(s); received 0 row(s)
2026-07-03 10:29:15,227 - INFO - Processing Task 1/2: Plant 1081 (PROD)
2026-07-03 10:29:15,615 - INFO - Successfully retrieved token.
2026-07-03 10:29:15,615 - INFO - Sending payload to URL: https://nikeaplawmprod1.sce.manh.com/pickpack/api/pickpack/olpn/search
2026-07-03 10:29:15,782 - INFO - Successfully received response for Plant 1081 (PROD)
2026-07-03 10:29:15,783 - INFO - Success: Found 0 oLPN row(s) for this task.
2026-07-03 10:29:15,783 - INFO - Processing Task 2/2: Plant 1081 (PROD)
2026-07-03 10:29:16,110 - INFO - Successfully retrieved token.
2026-07-03 10:29:16,111 - INFO - Sending payload to URL: https://nikeaplawmprod1.sce.manh.com/pickpack/api/pickpack/olpn/search
2026-07-03 10:29:16,287 - INFO - Successfully received response for Plant 1081 (PROD)
2026-07-03 10:29:16,288 - INFO - Success: Found 4 oLPN row(s) for this task.
2026-07-03 10:29:16,289 - INFO - Processing 4 payloads for Environment: PROD
2026-07-03 10:29:16,619 - INFO - Successfully retrieved token for PROD environment.
2026-07-03 10:29:16,619 - INFO - Sending payloads to URL: https://nikeaplawmprod1.sce.manh.com/pickpack/api/ServiceDefinition/invoke/NIKEEX10PackResultCS_1081
2026-07-03 10:29:16,620 - INFO - Using 4 worker threads for 4 payloads.
2026-07-03 10:29:16,620 - INFO - [PROD] Processing Payload 1/4 for Plant 1081
2026-07-03 10:29:16,620 - INFO - [PROD] Processing Payload 2/4 for Plant 1081
2026-07-03 10:29:16,620 - INFO - [PROD] Processing Payload 3/4 for Plant 1081
2026-07-03 10:29:16,620 - INFO - [PROD] Processing Payload 4/4 for Plant 1081
2026-07-03 10:29:17,120 - INFO - Pack Complete run finished. Success: 4, Failed: 0, Total: 4
2026-07-03 10:29:17,120 - INFO - Pack Complete run finished.
2026-07-03 10:29:17,120 - INFO - Waiting 10 seconds before next run...
2026-07-03 10:29:25,054 - INFO - Stop requested (Ctrl+C). Continuous Pack Complete execution stopped.
