2026-07-01 18:09:18,604 - INFO - Execution log file: /Users/vgana3/Documents/GitHub/Nike/J30/Outbound/logs/pack_complete_20260701_180918.log
2026-07-01 18:09:18,604 - INFO - Starting continuous mode. The job will rerun every 120 seconds. Press Ctrl+C to stop.
2026-07-01 18:09:18,604 - INFO - Starting Pack Complete run...
2026-07-01 18:09:19,026 - INFO - Successfully extracted 1 data row(s) for wave information processing.
2026-07-01 18:09:19,026 - INFO - Processing row 1: {'Plant': 1081, 'Environment': 'PROD', 'Wave_number': 'W07012026000000000003;W07012026000000000004'}
2026-07-01 18:09:19,241 - INFO - Processing Task 1/1: Plant 1081 (PROD)
2026-07-01 18:09:19,619 - INFO - Successfully retrieved token.
2026-07-01 18:09:19,620 - INFO - Sending payload to URL: https://nikeaplawmprod1.sce.manh.com/pickpack/api/pickpack/olpn/search
2026-07-01 18:09:19,864 - INFO - Successfully received response for Plant 1081 (PROD)
2026-07-01 18:09:20,332 - INFO - Sending payload to URL: https://nikeaplawmprod1.sce.manh.com/task/api/task/taskDetail/search
2026-07-01 18:09:20,549 - INFO - -> Success: True, Message: None
2026-07-01 18:09:20,553 - INFO - Processing Task 1/1: Plant 1081 (PROD)
2026-07-01 18:09:20,958 - INFO - Successfully retrieved token.
2026-07-01 18:09:20,958 - INFO - Sending payload to URL: https://nikeaplawmprod1.sce.manh.com/pickpack/api/pickpack/olpn/search
2026-07-01 18:09:21,138 - INFO - Successfully received response for Plant 1081 (PROD)
2026-07-01 18:09:21,138 - INFO - Success: Found 0 oLPN row(s) for this task.
2026-07-01 18:09:21,140 - ERROR - No valid pack complete payload rows were built.
2026-07-01 18:09:21,140 - ERROR - No payload were generated in Pack Complete Payload program
2026-07-01 18:09:21,141 - INFO - Pack Complete run finished.
2026-07-01 18:09:21,141 - INFO - Waiting 120 seconds before next run...
2026-07-01 18:11:21,147 - INFO - Starting Pack Complete run...
2026-07-01 18:11:21,416 - INFO - Successfully extracted 1 data row(s) for wave information processing.
2026-07-01 18:11:21,416 - INFO - Processing row 1: {'Plant': 1081, 'Environment': 'PROD', 'Wave_number': 'W07012026000000000003;W07012026000000000004'}
2026-07-01 18:11:21,616 - INFO - Processing Task 1/1: Plant 1081 (PROD)
2026-07-01 18:11:22,171 - INFO - Successfully retrieved token.
2026-07-01 18:11:22,171 - INFO - Sending payload to URL: https://nikeaplawmprod1.sce.manh.com/pickpack/api/pickpack/olpn/search
2026-07-01 18:11:22,469 - INFO - Successfully received response for Plant 1081 (PROD)
2026-07-01 18:11:22,824 - INFO - Sending payload to URL: https://nikeaplawmprod1.sce.manh.com/task/api/task/taskDetail/search
2026-07-01 18:11:23,034 - INFO - -> Success: True, Message: None
2026-07-01 18:11:23,037 - INFO - Processing Task 1/1: Plant 1081 (PROD)
2026-07-01 18:11:23,418 - INFO - Successfully retrieved token.
2026-07-01 18:11:23,419 - INFO - Sending payload to URL: https://nikeaplawmprod1.sce.manh.com/pickpack/api/pickpack/olpn/search
2026-07-01 18:11:23,603 - INFO - Successfully received response for Plant 1081 (PROD)
2026-07-01 18:11:23,604 - INFO - Success: Found 0 oLPN row(s) for this task.
2026-07-01 18:11:23,607 - ERROR - No valid pack complete payload rows were built.
2026-07-01 18:11:23,607 - ERROR - No payload were generated in Pack Complete Payload program
2026-07-01 18:11:23,607 - INFO - Pack Complete run finished.
2026-07-01 18:11:23,607 - INFO - Waiting 120 seconds before next run...
2026-07-01 18:13:23,613 - INFO - Starting Pack Complete run...
2026-07-01 18:13:23,864 - INFO - Successfully extracted 1 data row(s) for wave information processing.
2026-07-01 18:13:23,865 - INFO - Processing row 1: {'Plant': 1081, 'Environment': 'PROD', 'Wave_number': 'W07012026000000000003;W07012026000000000004'}
2026-07-01 18:13:24,110 - INFO - Processing Task 1/1: Plant 1081 (PROD)
2026-07-01 18:13:24,596 - INFO - Successfully retrieved token.
2026-07-01 18:13:24,596 - INFO - Sending payload to URL: https://nikeaplawmprod1.sce.manh.com/pickpack/api/pickpack/olpn/search
2026-07-01 18:13:24,890 - INFO - Successfully received response for Plant 1081 (PROD)
2026-07-01 18:13:25,285 - INFO - Sending payload to URL: https://nikeaplawmprod1.sce.manh.com/task/api/task/taskDetail/search
2026-07-01 18:13:25,492 - INFO - -> Success: True, Message: None
2026-07-01 18:13:25,495 - INFO - Processing Task 1/1: Plant 1081 (PROD)
2026-07-01 18:13:25,862 - INFO - Successfully retrieved token.
2026-07-01 18:13:25,862 - INFO - Sending payload to URL: https://nikeaplawmprod1.sce.manh.com/pickpack/api/pickpack/olpn/search
2026-07-01 18:13:26,071 - INFO - Successfully received response for Plant 1081 (PROD)
2026-07-01 18:13:26,071 - INFO - Success: Found 0 oLPN row(s) for this task.
2026-07-01 18:13:26,074 - ERROR - No valid pack complete payload rows were built.
2026-07-01 18:13:26,074 - ERROR - No payload were generated in Pack Complete Payload program
2026-07-01 18:13:26,074 - INFO - Pack Complete run finished.
2026-07-01 18:13:26,074 - INFO - Waiting 120 seconds before next run...
2026-07-01 18:15:26,080 - INFO - Starting Pack Complete run...
2026-07-01 18:15:26,342 - INFO - Successfully extracted 1 data row(s) for wave information processing.
2026-07-01 18:15:26,342 - INFO - Processing row 1: {'Plant': 1081, 'Environment': 'PROD', 'Wave_number': 'W07012026000000000003;W07012026000000000004'}
2026-07-01 18:15:26,571 - INFO - Processing Task 1/1: Plant 1081 (PROD)
2026-07-01 18:15:27,023 - INFO - Successfully retrieved token.
2026-07-01 18:15:27,023 - INFO - Sending payload to URL: https://nikeaplawmprod1.sce.manh.com/pickpack/api/pickpack/olpn/search
2026-07-01 18:15:27,301 - INFO - Successfully received response for Plant 1081 (PROD)
2026-07-01 18:15:27,672 - INFO - Sending payload to URL: https://nikeaplawmprod1.sce.manh.com/task/api/task/taskDetail/search
2026-07-01 18:15:27,876 - INFO - -> Success: True, Message: None
2026-07-01 18:15:27,876 - INFO - Processing Task 1/1: Plant 1081 (PROD)
2026-07-01 18:15:28,241 - INFO - Successfully retrieved token.
2026-07-01 18:15:28,242 - INFO - Sending payload to URL: https://nikeaplawmprod1.sce.manh.com/pickpack/api/pickpack/olpn/search
2026-07-01 18:15:28,459 - INFO - Successfully received response for Plant 1081 (PROD)
2026-07-01 18:15:28,459 - INFO - Success: Found 1 oLPN row(s) for this task.
2026-07-01 18:15:28,461 - INFO - Processing 1 payloads for Environment: PROD
2026-07-01 18:15:28,834 - INFO - Successfully retrieved token for PROD environment.
2026-07-01 18:15:28,835 - INFO - Sending payloads to URL: https://nikeaplawmprod1.sce.manh.com/pickpack/api/ServiceDefinition/invoke/NIKEEX10PackResultCS_1081
2026-07-01 18:15:28,835 - INFO - Using 1 worker threads for 1 payloads.
2026-07-01 18:15:28,835 - INFO - [PROD] Processing Payload 1/1 for Plant 1081
2026-07-01 18:15:30,196 - INFO - Pack Complete run finished. Success: 1, Failed: 0, Total: 1
2026-07-01 18:15:30,196 - INFO - Pack Complete run finished.
2026-07-01 18:15:30,196 - INFO - Waiting 120 seconds before next run...
2026-07-01 18:17:30,207 - INFO - Starting Pack Complete run...
2026-07-01 18:17:30,473 - INFO - Successfully extracted 1 data row(s) for wave information processing.
2026-07-01 18:17:30,473 - INFO - Processing row 1: {'Plant': 1081, 'Environment': 'PROD', 'Wave_number': 'W07012026000000000003;W07012026000000000004'}
2026-07-01 18:17:30,717 - INFO - Processing Task 1/1: Plant 1081 (PROD)
2026-07-01 18:17:31,282 - INFO - Successfully retrieved token.
2026-07-01 18:17:31,282 - INFO - Sending payload to URL: https://nikeaplawmprod1.sce.manh.com/pickpack/api/pickpack/olpn/search
2026-07-01 18:17:31,566 - INFO - Successfully received response for Plant 1081 (PROD)
2026-07-01 18:17:31,974 - INFO - Sending payload to URL: https://nikeaplawmprod1.sce.manh.com/task/api/task/taskDetail/search
2026-07-01 18:17:32,188 - INFO - -> Success: True, Message: None
2026-07-01 18:17:32,190 - INFO - Processing Task 1/1: Plant 1081 (PROD)
2026-07-01 18:17:32,568 - INFO - Successfully retrieved token.
2026-07-01 18:17:32,568 - INFO - Sending payload to URL: https://nikeaplawmprod1.sce.manh.com/pickpack/api/pickpack/olpn/search
2026-07-01 18:17:32,820 - INFO - Successfully received response for Plant 1081 (PROD)
2026-07-01 18:17:32,820 - INFO - Success: Found 1 oLPN row(s) for this task.
2026-07-01 18:17:32,824 - INFO - Processing 1 payloads for Environment: PROD
2026-07-01 18:17:33,252 - INFO - Successfully retrieved token for PROD environment.
2026-07-01 18:17:33,253 - INFO - Sending payloads to URL: https://nikeaplawmprod1.sce.manh.com/pickpack/api/ServiceDefinition/invoke/NIKEEX10PackResultCS_1081
2026-07-01 18:17:33,253 - INFO - Using 1 worker threads for 1 payloads.
2026-07-01 18:17:33,253 - INFO - [PROD] Processing Payload 1/1 for Plant 1081
2026-07-01 18:17:34,556 - INFO - Pack Complete run finished. Success: 1, Failed: 0, Total: 1
2026-07-01 18:17:34,556 - INFO - Pack Complete run finished.
2026-07-01 18:17:34,556 - INFO - Waiting 120 seconds before next run...
2026-07-01 18:19:34,557 - INFO - Starting Pack Complete run...
2026-07-01 18:19:34,803 - INFO - Successfully extracted 1 data row(s) for wave information processing.
2026-07-01 18:19:34,803 - INFO - Processing row 1: {'Plant': 1081, 'Environment': 'PROD', 'Wave_number': 'W07012026000000000003;W07012026000000000004'}
2026-07-01 18:19:35,022 - INFO - Processing Task 1/1: Plant 1081 (PROD)
2026-07-01 18:19:35,429 - INFO - Successfully retrieved token.
2026-07-01 18:19:35,430 - INFO - Sending payload to URL: https://nikeaplawmprod1.sce.manh.com/pickpack/api/pickpack/olpn/search
2026-07-01 18:19:35,692 - INFO - Successfully received response for Plant 1081 (PROD)
2026-07-01 18:19:36,059 - INFO - Sending payload to URL: https://nikeaplawmprod1.sce.manh.com/task/api/task/taskDetail/search
2026-07-01 18:19:36,253 - INFO - -> Success: True, Message: None
2026-07-01 18:19:36,256 - INFO - Processing Task 1/2: Plant 1081 (PROD)
2026-07-01 18:19:36,685 - INFO - Successfully retrieved token.
2026-07-01 18:19:36,685 - INFO - Sending payload to URL: https://nikeaplawmprod1.sce.manh.com/pickpack/api/pickpack/olpn/search
2026-07-01 18:19:36,888 - INFO - Successfully received response for Plant 1081 (PROD)
2026-07-01 18:19:36,888 - INFO - Success: Found 0 oLPN row(s) for this task.
2026-07-01 18:19:36,888 - INFO - Processing Task 2/2: Plant 1081 (PROD)
2026-07-01 18:19:37,328 - INFO - Successfully retrieved token.
2026-07-01 18:19:37,329 - INFO - Sending payload to URL: https://nikeaplawmprod1.sce.manh.com/pickpack/api/pickpack/olpn/search
2026-07-01 18:19:37,518 - INFO - Successfully received response for Plant 1081 (PROD)
2026-07-01 18:19:37,518 - INFO - Success: Found 1 oLPN row(s) for this task.
2026-07-01 18:19:37,519 - INFO - Processing 1 payloads for Environment: PROD
2026-07-01 18:19:37,950 - INFO - Successfully retrieved token for PROD environment.
2026-07-01 18:19:37,951 - INFO - Sending payloads to URL: https://nikeaplawmprod1.sce.manh.com/pickpack/api/ServiceDefinition/invoke/NIKEEX10PackResultCS_1081
2026-07-01 18:19:37,951 - INFO - Using 1 worker threads for 1 payloads.
2026-07-01 18:19:37,951 - INFO - [PROD] Processing Payload 1/1 for Plant 1081
2026-07-01 18:19:39,196 - INFO - Pack Complete run finished. Success: 1, Failed: 0, Total: 1
2026-07-01 18:19:39,196 - INFO - Pack Complete run finished.
2026-07-01 18:19:39,196 - INFO - Waiting 120 seconds before next run...
2026-07-01 18:21:39,202 - INFO - Starting Pack Complete run...
2026-07-01 18:21:39,462 - INFO - Successfully extracted 1 data row(s) for wave information processing.
2026-07-01 18:21:39,462 - INFO - Processing row 1: {'Plant': 1081, 'Environment': 'PROD', 'Wave_number': 'W07012026000000000003;W07012026000000000004'}
2026-07-01 18:21:39,704 - INFO - Processing Task 1/1: Plant 1081 (PROD)
2026-07-01 18:21:40,214 - INFO - Successfully retrieved token.
2026-07-01 18:21:40,214 - INFO - Sending payload to URL: https://nikeaplawmprod1.sce.manh.com/pickpack/api/pickpack/olpn/search
2026-07-01 18:21:40,473 - INFO - Successfully received response for Plant 1081 (PROD)
2026-07-01 18:21:40,930 - INFO - Sending payload to URL: https://nikeaplawmprod1.sce.manh.com/task/api/task/taskDetail/search
2026-07-01 18:21:41,164 - INFO - -> Success: True, Message: None
2026-07-01 18:21:41,167 - INFO - Processing Task 1/1: Plant 1081 (PROD)
2026-07-01 18:21:41,615 - INFO - Successfully retrieved token.
2026-07-01 18:21:41,615 - INFO - Sending payload to URL: https://nikeaplawmprod1.sce.manh.com/pickpack/api/pickpack/olpn/search
2026-07-01 18:21:41,836 - INFO - Successfully received response for Plant 1081 (PROD)
2026-07-01 18:21:41,836 - INFO - Success: Found 0 oLPN row(s) for this task.
2026-07-01 18:21:41,840 - ERROR - No valid pack complete payload rows were built.
2026-07-01 18:21:41,840 - ERROR - No payload were generated in Pack Complete Payload program
2026-07-01 18:21:41,841 - INFO - Pack Complete run finished.
2026-07-01 18:21:41,841 - INFO - Waiting 120 seconds before next run...
2026-07-01 18:23:41,845 - INFO - Starting Pack Complete run...
2026-07-01 18:23:42,070 - INFO - Successfully extracted 1 data row(s) for wave information processing.
2026-07-01 18:23:42,070 - INFO - Processing row 1: {'Plant': 1081, 'Environment': 'PROD', 'Wave_number': 'W07012026000000000003;W07012026000000000004'}
2026-07-01 18:23:42,274 - INFO - Processing Task 1/1: Plant 1081 (PROD)
2026-07-01 18:23:42,732 - INFO - Successfully retrieved token.
2026-07-01 18:23:42,733 - INFO - Sending payload to URL: https://nikeaplawmprod1.sce.manh.com/pickpack/api/pickpack/olpn/search
2026-07-01 18:23:43,213 - INFO - Successfully received response for Plant 1081 (PROD)
2026-07-01 18:23:43,662 - INFO - Sending payload to URL: https://nikeaplawmprod1.sce.manh.com/task/api/task/taskDetail/search
2026-07-01 18:23:43,889 - INFO - -> Success: True, Message: None
2026-07-01 18:23:43,893 - INFO - Processing Task 1/2: Plant 1081 (PROD)
2026-07-01 18:23:44,266 - INFO - Successfully retrieved token.
2026-07-01 18:23:44,267 - INFO - Sending payload to URL: https://nikeaplawmprod1.sce.manh.com/pickpack/api/pickpack/olpn/search
2026-07-01 18:23:44,473 - INFO - Successfully received response for Plant 1081 (PROD)
2026-07-01 18:23:44,474 - INFO - Success: Found 0 oLPN row(s) for this task.
2026-07-01 18:23:44,474 - INFO - Processing Task 2/2: Plant 1081 (PROD)
2026-07-01 18:23:44,923 - INFO - Successfully retrieved token.
2026-07-01 18:23:44,923 - INFO - Sending payload to URL: https://nikeaplawmprod1.sce.manh.com/pickpack/api/pickpack/olpn/search
2026-07-01 18:23:45,117 - INFO - Successfully received response for Plant 1081 (PROD)
2026-07-01 18:23:45,118 - INFO - Success: Found 1 oLPN row(s) for this task.
2026-07-01 18:23:45,120 - INFO - Processing 1 payloads for Environment: PROD
2026-07-01 18:23:45,478 - INFO - Successfully retrieved token for PROD environment.
2026-07-01 18:23:45,478 - INFO - Sending payloads to URL: https://nikeaplawmprod1.sce.manh.com/pickpack/api/ServiceDefinition/invoke/NIKEEX10PackResultCS_1081
2026-07-01 18:23:45,478 - INFO - Using 1 worker threads for 1 payloads.
2026-07-01 18:23:45,479 - INFO - [PROD] Processing Payload 1/1 for Plant 1081
2026-07-01 18:23:46,266 - INFO - Pack Complete run finished. Success: 1, Failed: 0, Total: 1
2026-07-01 18:23:46,267 - INFO - Pack Complete run finished.
2026-07-01 18:23:46,267 - INFO - Waiting 120 seconds before next run...
2026-07-01 18:25:46,274 - INFO - Starting Pack Complete run...
2026-07-01 18:25:46,563 - INFO - Successfully extracted 1 data row(s) for wave information processing.
2026-07-01 18:25:46,563 - INFO - Processing row 1: {'Plant': 1081, 'Environment': 'PROD', 'Wave_number': 'W07012026000000000003;W07012026000000000004'}
2026-07-01 18:25:46,814 - INFO - Processing Task 1/1: Plant 1081 (PROD)
2026-07-01 18:25:47,190 - INFO - Successfully retrieved token.
2026-07-01 18:25:47,190 - INFO - Sending payload to URL: https://nikeaplawmprod1.sce.manh.com/pickpack/api/pickpack/olpn/search
2026-07-01 18:25:47,463 - INFO - Successfully received response for Plant 1081 (PROD)
2026-07-01 18:25:47,882 - INFO - Sending payload to URL: https://nikeaplawmprod1.sce.manh.com/task/api/task/taskDetail/search
2026-07-01 18:25:48,118 - INFO - -> Success: True, Message: None
2026-07-01 18:25:48,127 - INFO - Processing Task 1/1: Plant 1081 (PROD)
2026-07-01 18:25:48,534 - INFO - Successfully retrieved token.
2026-07-01 18:25:48,534 - INFO - Sending payload to URL: https://nikeaplawmprod1.sce.manh.com/pickpack/api/pickpack/olpn/search
2026-07-01 18:25:48,788 - INFO - Successfully received response for Plant 1081 (PROD)
2026-07-01 18:25:48,788 - INFO - Success: Found 0 oLPN row(s) for this task.
2026-07-01 18:25:48,794 - ERROR - No valid pack complete payload rows were built.
2026-07-01 18:25:48,795 - ERROR - No payload were generated in Pack Complete Payload program
2026-07-01 18:25:48,795 - INFO - Pack Complete run finished.
2026-07-01 18:25:48,795 - INFO - Waiting 120 seconds before next run...
2026-07-01 18:27:48,800 - INFO - Starting Pack Complete run...
2026-07-01 18:27:49,116 - INFO - Successfully extracted 1 data row(s) for wave information processing.
2026-07-01 18:27:49,116 - INFO - Processing row 1: {'Plant': 1081, 'Environment': 'PROD', 'Wave_number': 'W07012026000000000003;W07012026000000000004'}
2026-07-01 18:27:49,321 - INFO - Processing Task 1/1: Plant 1081 (PROD)
2026-07-01 18:27:49,835 - INFO - Successfully retrieved token.
2026-07-01 18:27:49,840 - INFO - Sending payload to URL: https://nikeaplawmprod1.sce.manh.com/pickpack/api/pickpack/olpn/search
2026-07-01 18:27:50,119 - INFO - Successfully received response for Plant 1081 (PROD)
2026-07-01 18:27:50,593 - INFO - Sending payload to URL: https://nikeaplawmprod1.sce.manh.com/task/api/task/taskDetail/search
2026-07-01 18:27:50,788 - INFO - -> Success: True, Message: None
2026-07-01 18:27:50,790 - INFO - Processing Task 1/1: Plant 1081 (PROD)
2026-07-01 18:27:51,146 - INFO - Successfully retrieved token.
2026-07-01 18:27:51,146 - INFO - Sending payload to URL: https://nikeaplawmprod1.sce.manh.com/pickpack/api/pickpack/olpn/search
2026-07-01 18:27:51,334 - INFO - Successfully received response for Plant 1081 (PROD)
2026-07-01 18:27:51,335 - INFO - Success: Found 0 oLPN row(s) for this task.
2026-07-01 18:27:51,341 - ERROR - No valid pack complete payload rows were built.
2026-07-01 18:27:51,342 - ERROR - No payload were generated in Pack Complete Payload program
2026-07-01 18:27:51,342 - INFO - Pack Complete run finished.
2026-07-01 18:27:51,342 - INFO - Waiting 120 seconds before next run...
2026-07-01 18:29:51,344 - INFO - Starting Pack Complete run...
2026-07-01 18:29:51,661 - INFO - Successfully extracted 1 data row(s) for wave information processing.
2026-07-01 18:29:51,662 - INFO - Processing row 1: {'Plant': 1081, 'Environment': 'PROD', 'Wave_number': 'W07012026000000000003;W07012026000000000004'}
2026-07-01 18:29:51,916 - INFO - Processing Task 1/1: Plant 1081 (PROD)
2026-07-01 18:29:52,806 - INFO - Successfully retrieved token.
2026-07-01 18:29:52,806 - INFO - Sending payload to URL: https://nikeaplawmprod1.sce.manh.com/pickpack/api/pickpack/olpn/search
2026-07-01 18:29:53,103 - INFO - Successfully received response for Plant 1081 (PROD)
2026-07-01 18:29:53,578 - INFO - Sending payload to URL: https://nikeaplawmprod1.sce.manh.com/task/api/task/taskDetail/search
2026-07-01 18:29:53,796 - INFO - -> Success: True, Message: None
2026-07-01 18:29:53,800 - INFO - Processing Task 1/1: Plant 1081 (PROD)
2026-07-01 18:29:54,351 - INFO - Successfully retrieved token.
2026-07-01 18:29:54,351 - INFO - Sending payload to URL: https://nikeaplawmprod1.sce.manh.com/pickpack/api/pickpack/olpn/search
2026-07-01 18:29:54,595 - INFO - Successfully received response for Plant 1081 (PROD)
2026-07-01 18:29:54,595 - INFO - Success: Found 0 oLPN row(s) for this task.
2026-07-01 18:29:54,596 - ERROR - No valid pack complete payload rows were built.
2026-07-01 18:29:54,596 - ERROR - No payload were generated in Pack Complete Payload program
2026-07-01 18:29:54,596 - INFO - Pack Complete run finished.
2026-07-01 18:29:54,596 - INFO - Waiting 120 seconds before next run...
2026-07-01 18:31:54,602 - INFO - Starting Pack Complete run...
2026-07-01 18:31:54,886 - INFO - Successfully extracted 1 data row(s) for wave information processing.
2026-07-01 18:31:54,886 - INFO - Processing row 1: {'Plant': 1081, 'Environment': 'PROD', 'Wave_number': 'W07012026000000000003;W07012026000000000004'}
2026-07-01 18:31:55,085 - INFO - Processing Task 1/1: Plant 1081 (PROD)
2026-07-01 18:31:55,580 - INFO - Successfully retrieved token.
2026-07-01 18:31:55,580 - INFO - Sending payload to URL: https://nikeaplawmprod1.sce.manh.com/pickpack/api/pickpack/olpn/search
2026-07-01 18:31:55,869 - INFO - Successfully received response for Plant 1081 (PROD)
2026-07-01 18:31:56,346 - INFO - Sending payload to URL: https://nikeaplawmprod1.sce.manh.com/task/api/task/taskDetail/search
2026-07-01 18:31:56,580 - INFO - -> Success: True, Message: None
2026-07-01 18:31:56,583 - INFO - Processing Task 1/1: Plant 1081 (PROD)
2026-07-01 18:31:57,020 - INFO - Successfully retrieved token.
2026-07-01 18:31:57,020 - INFO - Sending payload to URL: https://nikeaplawmprod1.sce.manh.com/pickpack/api/pickpack/olpn/search
2026-07-01 18:31:57,983 - INFO - Successfully received response for Plant 1081 (PROD)
2026-07-01 18:31:57,984 - INFO - Success: Found 1 oLPN row(s) for this task.
2026-07-01 18:31:57,988 - INFO - Processing 1 payloads for Environment: PROD
2026-07-01 18:31:58,360 - INFO - Successfully retrieved token for PROD environment.
2026-07-01 18:31:58,361 - INFO - Sending payloads to URL: https://nikeaplawmprod1.sce.manh.com/pickpack/api/ServiceDefinition/invoke/NIKEEX10PackResultCS_1081
2026-07-01 18:31:58,361 - INFO - Using 1 worker threads for 1 payloads.
2026-07-01 18:31:58,362 - INFO - [PROD] Processing Payload 1/1 for Plant 1081
2026-07-01 18:32:05,596 - INFO - Pack Complete run finished. Success: 1, Failed: 0, Total: 1
2026-07-01 18:32:05,597 - INFO - Pack Complete run finished.
2026-07-01 18:32:05,597 - INFO - Waiting 120 seconds before next run...
2026-07-01 18:34:05,605 - INFO - Starting Pack Complete run...
2026-07-01 18:34:05,901 - INFO - Successfully extracted 1 data row(s) for wave information processing.
2026-07-01 18:34:05,901 - INFO - Processing row 1: {'Plant': 1081, 'Environment': 'PROD', 'Wave_number': 'W07012026000000000003;W07012026000000000004'}
2026-07-01 18:34:06,155 - INFO - Processing Task 1/1: Plant 1081 (PROD)
2026-07-01 18:34:06,546 - INFO - Successfully retrieved token.
2026-07-01 18:34:06,547 - INFO - Sending payload to URL: https://nikeaplawmprod1.sce.manh.com/pickpack/api/pickpack/olpn/search
2026-07-01 18:34:06,871 - INFO - Successfully received response for Plant 1081 (PROD)
2026-07-01 18:34:07,296 - INFO - Sending payload to URL: https://nikeaplawmprod1.sce.manh.com/task/api/task/taskDetail/search
2026-07-01 18:34:07,520 - INFO - -> Success: True, Message: None
2026-07-01 18:34:07,523 - INFO - Processing Task 1/1: Plant 1081 (PROD)
2026-07-01 18:34:07,913 - INFO - Successfully retrieved token.
2026-07-01 18:34:07,913 - INFO - Sending payload to URL: https://nikeaplawmprod1.sce.manh.com/pickpack/api/pickpack/olpn/search
2026-07-01 18:34:08,174 - INFO - Successfully received response for Plant 1081 (PROD)
2026-07-01 18:34:08,175 - INFO - Success: Found 1 oLPN row(s) for this task.
2026-07-01 18:34:08,180 - INFO - Processing 1 payloads for Environment: PROD
2026-07-01 18:34:09,127 - INFO - Successfully retrieved token for PROD environment.
2026-07-01 18:34:09,128 - INFO - Sending payloads to URL: https://nikeaplawmprod1.sce.manh.com/pickpack/api/ServiceDefinition/invoke/NIKEEX10PackResultCS_1081
2026-07-01 18:34:09,128 - INFO - Using 1 worker threads for 1 payloads.
2026-07-01 18:34:09,129 - INFO - [PROD] Processing Payload 1/1 for Plant 1081
2026-07-01 18:34:10,465 - INFO - Pack Complete run finished. Success: 1, Failed: 0, Total: 1
2026-07-01 18:34:10,465 - INFO - Pack Complete run finished.
2026-07-01 18:34:10,465 - INFO - Waiting 120 seconds before next run...
2026-07-01 18:36:10,469 - INFO - Starting Pack Complete run...
2026-07-01 18:36:10,728 - INFO - Successfully extracted 1 data row(s) for wave information processing.
2026-07-01 18:36:10,729 - INFO - Processing row 1: {'Plant': 1081, 'Environment': 'PROD', 'Wave_number': 'W07012026000000000003;W07012026000000000004'}
2026-07-01 18:36:10,938 - INFO - Processing Task 1/1: Plant 1081 (PROD)
2026-07-01 18:36:11,605 - INFO - Successfully retrieved token.
2026-07-01 18:36:11,606 - INFO - Sending payload to URL: https://nikeaplawmprod1.sce.manh.com/pickpack/api/pickpack/olpn/search
2026-07-01 18:36:11,900 - INFO - Successfully received response for Plant 1081 (PROD)
2026-07-01 18:36:12,266 - INFO - Sending payload to URL: https://nikeaplawmprod1.sce.manh.com/task/api/task/taskDetail/search
2026-07-01 18:36:12,470 - INFO - -> Success: True, Message: None
2026-07-01 18:36:12,474 - INFO - Processing Task 1/1: Plant 1081 (PROD)
2026-07-01 18:36:12,962 - INFO - Successfully retrieved token.
2026-07-01 18:36:12,962 - INFO - Sending payload to URL: https://nikeaplawmprod1.sce.manh.com/pickpack/api/pickpack/olpn/search
2026-07-01 18:36:13,171 - INFO - Successfully received response for Plant 1081 (PROD)
2026-07-01 18:36:13,171 - INFO - Success: Found 0 oLPN row(s) for this task.
2026-07-01 18:36:13,174 - ERROR - No valid pack complete payload rows were built.
2026-07-01 18:36:13,175 - ERROR - No payload were generated in Pack Complete Payload program
2026-07-01 18:36:13,175 - INFO - Pack Complete run finished.
2026-07-01 18:36:13,175 - INFO - Waiting 120 seconds before next run...
2026-07-01 18:38:13,178 - INFO - Starting Pack Complete run...
2026-07-01 18:38:13,477 - INFO - Successfully extracted 1 data row(s) for wave information processing.
2026-07-01 18:38:13,477 - INFO - Processing row 1: {'Plant': 1081, 'Environment': 'PROD', 'Wave_number': 'W07012026000000000003;W07012026000000000004'}
2026-07-01 18:38:13,724 - INFO - Processing Task 1/1: Plant 1081 (PROD)
2026-07-01 18:38:14,080 - INFO - Successfully retrieved token.
2026-07-01 18:38:14,081 - INFO - Sending payload to URL: https://nikeaplawmprod1.sce.manh.com/pickpack/api/pickpack/olpn/search
2026-07-01 18:38:14,386 - INFO - Successfully received response for Plant 1081 (PROD)
2026-07-01 18:38:14,769 - INFO - Sending payload to URL: https://nikeaplawmprod1.sce.manh.com/task/api/task/taskDetail/search
2026-07-01 18:38:14,964 - INFO - -> Success: True, Message: None
2026-07-01 18:38:14,966 - INFO - Processing Task 1/1: Plant 1081 (PROD)
2026-07-01 18:38:15,332 - INFO - Successfully retrieved token.
2026-07-01 18:38:15,333 - INFO - Sending payload to URL: https://nikeaplawmprod1.sce.manh.com/pickpack/api/pickpack/olpn/search
2026-07-01 18:38:15,582 - INFO - Successfully received response for Plant 1081 (PROD)
2026-07-01 18:38:15,582 - INFO - Success: Found 0 oLPN row(s) for this task.
2026-07-01 18:38:15,584 - ERROR - No valid pack complete payload rows were built.
2026-07-01 18:38:15,584 - ERROR - No payload were generated in Pack Complete Payload program
2026-07-01 18:38:15,585 - INFO - Pack Complete run finished.
2026-07-01 18:38:15,585 - INFO - Waiting 120 seconds before next run...
2026-07-01 18:40:15,587 - INFO - Starting Pack Complete run...
2026-07-01 18:40:15,852 - INFO - Successfully extracted 1 data row(s) for wave information processing.
2026-07-01 18:40:15,852 - INFO - Processing row 1: {'Plant': 1081, 'Environment': 'PROD', 'Wave_number': 'W07012026000000000003;W07012026000000000004'}
2026-07-01 18:40:16,056 - INFO - Processing Task 1/1: Plant 1081 (PROD)
2026-07-01 18:40:16,428 - INFO - Successfully retrieved token.
2026-07-01 18:40:16,428 - INFO - Sending payload to URL: https://nikeaplawmprod1.sce.manh.com/pickpack/api/pickpack/olpn/search
2026-07-01 18:40:17,488 - INFO - Successfully received response for Plant 1081 (PROD)
2026-07-01 18:40:18,008 - INFO - Sending payload to URL: https://nikeaplawmprod1.sce.manh.com/task/api/task/taskDetail/search
2026-07-01 18:40:18,237 - INFO - -> Success: True, Message: None
2026-07-01 18:40:18,239 - INFO - Processing Task 1/1: Plant 1081 (PROD)
2026-07-01 18:40:18,601 - INFO - Successfully retrieved token.
2026-07-01 18:40:18,601 - INFO - Sending payload to URL: https://nikeaplawmprod1.sce.manh.com/pickpack/api/pickpack/olpn/search
2026-07-01 18:40:18,837 - INFO - Successfully received response for Plant 1081 (PROD)
2026-07-01 18:40:18,838 - INFO - Success: Found 1 oLPN row(s) for this task.
2026-07-01 18:40:18,840 - INFO - Processing 1 payloads for Environment: PROD
2026-07-01 18:40:19,227 - INFO - Successfully retrieved token for PROD environment.
2026-07-01 18:40:19,227 - INFO - Sending payloads to URL: https://nikeaplawmprod1.sce.manh.com/pickpack/api/ServiceDefinition/invoke/NIKEEX10PackResultCS_1081
2026-07-01 18:40:19,227 - INFO - Using 1 worker threads for 1 payloads.
2026-07-01 18:40:19,227 - INFO - [PROD] Processing Payload 1/1 for Plant 1081
2026-07-01 18:40:20,746 - INFO - Pack Complete run finished. Success: 1, Failed: 0, Total: 1
2026-07-01 18:40:20,746 - INFO - Pack Complete run finished.
2026-07-01 18:40:20,746 - INFO - Waiting 120 seconds before next run...
2026-07-01 18:42:20,752 - INFO - Starting Pack Complete run...
2026-07-01 18:42:21,052 - INFO - Successfully extracted 1 data row(s) for wave information processing.
2026-07-01 18:42:21,052 - INFO - Processing row 1: {'Plant': 1081, 'Environment': 'PROD', 'Wave_number': 'W07012026000000000003;W07012026000000000004'}
2026-07-01 18:42:21,289 - INFO - Processing Task 1/1: Plant 1081 (PROD)
2026-07-01 18:42:22,012 - INFO - Successfully retrieved token.
2026-07-01 18:42:22,013 - INFO - Sending payload to URL: https://nikeaplawmprod1.sce.manh.com/pickpack/api/pickpack/olpn/search
2026-07-01 18:42:22,319 - INFO - Successfully received response for Plant 1081 (PROD)
2026-07-01 18:42:22,836 - INFO - Sending payload to URL: https://nikeaplawmprod1.sce.manh.com/task/api/task/taskDetail/search
2026-07-01 18:42:23,049 - INFO - -> Success: True, Message: None
2026-07-01 18:42:23,055 - INFO - Processing Task 1/1: Plant 1081 (PROD)
2026-07-01 18:42:23,492 - INFO - Successfully retrieved token.
2026-07-01 18:42:23,492 - INFO - Sending payload to URL: https://nikeaplawmprod1.sce.manh.com/pickpack/api/pickpack/olpn/search
2026-07-01 18:42:23,709 - INFO - Successfully received response for Plant 1081 (PROD)
2026-07-01 18:42:23,710 - INFO - Success: Found 1 oLPN row(s) for this task.
2026-07-01 18:42:23,716 - INFO - Processing 1 payloads for Environment: PROD
2026-07-01 18:42:24,163 - INFO - Successfully retrieved token for PROD environment.
2026-07-01 18:42:24,164 - INFO - Sending payloads to URL: https://nikeaplawmprod1.sce.manh.com/pickpack/api/ServiceDefinition/invoke/NIKEEX10PackResultCS_1081
2026-07-01 18:42:24,164 - INFO - Using 1 worker threads for 1 payloads.
2026-07-01 18:42:24,166 - INFO - [PROD] Processing Payload 1/1 for Plant 1081
2026-07-01 18:42:25,807 - INFO - Pack Complete run finished. Success: 1, Failed: 0, Total: 1
2026-07-01 18:42:25,808 - INFO - Pack Complete run finished.
2026-07-01 18:42:25,808 - INFO - Waiting 120 seconds before next run...
2026-07-01 18:44:25,813 - INFO - Starting Pack Complete run...
2026-07-01 18:44:26,089 - INFO - Successfully extracted 1 data row(s) for wave information processing.
2026-07-01 18:44:26,089 - INFO - Processing row 1: {'Plant': 1081, 'Environment': 'PROD', 'Wave_number': 'W07012026000000000003;W07012026000000000004'}
2026-07-01 18:44:26,300 - INFO - Processing Task 1/1: Plant 1081 (PROD)
2026-07-01 18:44:26,806 - INFO - Successfully retrieved token.
2026-07-01 18:44:26,806 - INFO - Sending payload to URL: https://nikeaplawmprod1.sce.manh.com/pickpack/api/pickpack/olpn/search
2026-07-01 18:44:27,088 - INFO - Successfully received response for Plant 1081 (PROD)
2026-07-01 18:44:27,521 - INFO - Sending payload to URL: https://nikeaplawmprod1.sce.manh.com/task/api/task/taskDetail/search
2026-07-01 18:44:27,750 - INFO - -> Success: True, Message: None
2026-07-01 18:44:27,753 - INFO - Processing Task 1/1: Plant 1081 (PROD)
2026-07-01 18:44:28,169 - INFO - Successfully retrieved token.
2026-07-01 18:44:28,171 - INFO - Sending payload to URL: https://nikeaplawmprod1.sce.manh.com/pickpack/api/pickpack/olpn/search
2026-07-01 18:44:28,388 - INFO - Successfully received response for Plant 1081 (PROD)
2026-07-01 18:44:28,388 - INFO - Success: Found 0 oLPN row(s) for this task.
2026-07-01 18:44:28,390 - ERROR - No valid pack complete payload rows were built.
2026-07-01 18:44:28,391 - ERROR - No payload were generated in Pack Complete Payload program
2026-07-01 18:44:28,393 - INFO - Pack Complete run finished.
2026-07-01 18:44:28,394 - INFO - Waiting 120 seconds before next run...
2026-07-01 18:46:28,397 - INFO - Starting Pack Complete run...
2026-07-01 18:46:28,674 - INFO - Successfully extracted 1 data row(s) for wave information processing.
2026-07-01 18:46:28,674 - INFO - Processing row 1: {'Plant': 1081, 'Environment': 'PROD', 'Wave_number': 'W07012026000000000003;W07012026000000000004'}
2026-07-01 18:46:28,919 - INFO - Processing Task 1/1: Plant 1081 (PROD)
2026-07-01 18:46:29,510 - INFO - Successfully retrieved token.
2026-07-01 18:46:29,511 - INFO - Sending payload to URL: https://nikeaplawmprod1.sce.manh.com/pickpack/api/pickpack/olpn/search
2026-07-01 18:46:29,806 - INFO - Successfully received response for Plant 1081 (PROD)
2026-07-01 18:46:30,289 - INFO - Sending payload to URL: https://nikeaplawmprod1.sce.manh.com/task/api/task/taskDetail/search
2026-07-01 18:46:30,521 - INFO - -> Success: True, Message: None
2026-07-01 18:46:30,522 - INFO - Processing Task 1/1: Plant 1081 (PROD)
2026-07-01 18:46:31,013 - INFO - Successfully retrieved token.
2026-07-01 18:46:31,013 - INFO - Sending payload to URL: https://nikeaplawmprod1.sce.manh.com/pickpack/api/pickpack/olpn/search
2026-07-01 18:46:31,244 - INFO - Successfully received response for Plant 1081 (PROD)
2026-07-01 18:46:31,244 - INFO - Success: Found 0 oLPN row(s) for this task.
2026-07-01 18:46:31,253 - ERROR - No valid pack complete payload rows were built.
2026-07-01 18:46:31,254 - ERROR - No payload were generated in Pack Complete Payload program
2026-07-01 18:46:31,254 - INFO - Pack Complete run finished.
2026-07-01 18:46:31,254 - INFO - Waiting 120 seconds before next run...
2026-07-01 18:48:31,258 - INFO - Starting Pack Complete run...
2026-07-01 18:48:31,555 - INFO - Successfully extracted 1 data row(s) for wave information processing.
2026-07-01 18:48:31,555 - INFO - Processing row 1: {'Plant': 1081, 'Environment': 'PROD', 'Wave_number': 'W07012026000000000003;W07012026000000000004'}
2026-07-01 18:48:31,768 - INFO - Processing Task 1/1: Plant 1081 (PROD)
2026-07-01 18:48:32,304 - INFO - Successfully retrieved token.
2026-07-01 18:48:32,304 - INFO - Sending payload to URL: https://nikeaplawmprod1.sce.manh.com/pickpack/api/pickpack/olpn/search
2026-07-01 18:48:32,602 - INFO - Successfully received response for Plant 1081 (PROD)
2026-07-01 18:48:33,102 - INFO - Sending payload to URL: https://nikeaplawmprod1.sce.manh.com/task/api/task/taskDetail/search
2026-07-01 18:48:33,320 - INFO - -> Success: True, Message: None
2026-07-01 18:48:33,325 - INFO - Processing Task 1/1: Plant 1081 (PROD)
2026-07-01 18:48:33,704 - INFO - Successfully retrieved token.
2026-07-01 18:48:33,704 - INFO - Sending payload to URL: https://nikeaplawmprod1.sce.manh.com/pickpack/api/pickpack/olpn/search
2026-07-01 18:48:33,941 - INFO - Successfully received response for Plant 1081 (PROD)
2026-07-01 18:48:33,942 - INFO - Success: Found 1 oLPN row(s) for this task.
2026-07-01 18:48:33,946 - INFO - Processing 1 payloads for Environment: PROD
2026-07-01 18:48:34,314 - INFO - Successfully retrieved token for PROD environment.
2026-07-01 18:48:34,315 - INFO - Sending payloads to URL: https://nikeaplawmprod1.sce.manh.com/pickpack/api/ServiceDefinition/invoke/NIKEEX10PackResultCS_1081
2026-07-01 18:48:34,315 - INFO - Using 1 worker threads for 1 payloads.
2026-07-01 18:48:34,317 - INFO - [PROD] Processing Payload 1/1 for Plant 1081
2026-07-01 18:48:37,757 - INFO - Pack Complete run finished. Success: 1, Failed: 0, Total: 1
2026-07-01 18:48:37,757 - INFO - Pack Complete run finished.
2026-07-01 18:48:37,757 - INFO - Waiting 120 seconds before next run...
2026-07-01 18:50:37,762 - INFO - Starting Pack Complete run...
2026-07-01 18:50:38,040 - INFO - Successfully extracted 1 data row(s) for wave information processing.
2026-07-01 18:50:38,040 - INFO - Processing row 1: {'Plant': 1081, 'Environment': 'PROD', 'Wave_number': 'W07012026000000000003;W07012026000000000004'}
2026-07-01 18:50:38,293 - INFO - Processing Task 1/1: Plant 1081 (PROD)
2026-07-01 18:50:38,819 - INFO - Successfully retrieved token.
2026-07-01 18:50:38,819 - INFO - Sending payload to URL: https://nikeaplawmprod1.sce.manh.com/pickpack/api/pickpack/olpn/search
2026-07-01 18:50:39,140 - INFO - Successfully received response for Plant 1081 (PROD)
2026-07-01 18:50:39,617 - INFO - Sending payload to URL: https://nikeaplawmprod1.sce.manh.com/task/api/task/taskDetail/search
2026-07-01 18:50:39,849 - INFO - -> Success: True, Message: None
2026-07-01 18:50:39,856 - INFO - Processing Task 1/1: Plant 1081 (PROD)
2026-07-01 18:50:40,289 - INFO - Successfully retrieved token.
2026-07-01 18:50:40,289 - INFO - Sending payload to URL: https://nikeaplawmprod1.sce.manh.com/pickpack/api/pickpack/olpn/search
2026-07-01 18:50:40,500 - INFO - Successfully received response for Plant 1081 (PROD)
2026-07-01 18:50:40,500 - INFO - Success: Found 0 oLPN row(s) for this task.
2026-07-01 18:50:40,501 - ERROR - No valid pack complete payload rows were built.
2026-07-01 18:50:40,501 - ERROR - No payload were generated in Pack Complete Payload program
2026-07-01 18:50:40,501 - INFO - Pack Complete run finished.
2026-07-01 18:50:40,501 - INFO - Waiting 120 seconds before next run...
2026-07-01 18:52:40,507 - INFO - Starting Pack Complete run...
2026-07-01 18:52:40,850 - INFO - Successfully extracted 1 data row(s) for wave information processing.
2026-07-01 18:52:40,851 - INFO - Processing row 1: {'Plant': 1081, 'Environment': 'PROD', 'Wave_number': 'W07012026000000000003;W07012026000000000004'}
2026-07-01 18:52:41,064 - INFO - Processing Task 1/1: Plant 1081 (PROD)
2026-07-01 18:52:41,604 - INFO - Successfully retrieved token.
2026-07-01 18:52:41,605 - INFO - Sending payload to URL: https://nikeaplawmprod1.sce.manh.com/pickpack/api/pickpack/olpn/search
2026-07-01 18:52:41,879 - INFO - Successfully received response for Plant 1081 (PROD)
2026-07-01 18:52:42,450 - INFO - Sending payload to URL: https://nikeaplawmprod1.sce.manh.com/task/api/task/taskDetail/search
2026-07-01 18:52:42,685 - INFO - -> Success: True, Message: None
2026-07-01 18:52:42,691 - INFO - Processing Task 1/1: Plant 1081 (PROD)
2026-07-01 18:52:43,084 - INFO - Successfully retrieved token.
2026-07-01 18:52:43,085 - INFO - Sending payload to URL: https://nikeaplawmprod1.sce.manh.com/pickpack/api/pickpack/olpn/search
2026-07-01 18:52:43,328 - INFO - Successfully received response for Plant 1081 (PROD)
2026-07-01 18:52:43,330 - INFO - Success: Found 2 oLPN row(s) for this task.
2026-07-01 18:52:43,333 - INFO - Processing 2 payloads for Environment: PROD
2026-07-01 18:52:43,731 - INFO - Successfully retrieved token for PROD environment.
2026-07-01 18:52:43,732 - INFO - Sending payloads to URL: https://nikeaplawmprod1.sce.manh.com/pickpack/api/ServiceDefinition/invoke/NIKEEX10PackResultCS_1081
2026-07-01 18:52:43,732 - INFO - Using 2 worker threads for 2 payloads.
2026-07-01 18:52:43,733 - INFO - [PROD] Processing Payload 1/2 for Plant 1081
2026-07-01 18:52:43,733 - INFO - [PROD] Processing Payload 2/2 for Plant 1081
2026-07-01 18:52:46,219 - INFO - Pack Complete run finished. Success: 2, Failed: 0, Total: 2
2026-07-01 18:52:46,220 - INFO - Pack Complete run finished.
2026-07-01 18:52:46,220 - INFO - Waiting 120 seconds before next run...
2026-07-01 18:54:46,225 - INFO - Starting Pack Complete run...
2026-07-01 18:54:46,527 - INFO - Successfully extracted 1 data row(s) for wave information processing.
2026-07-01 18:54:46,528 - INFO - Processing row 1: {'Plant': 1081, 'Environment': 'PROD', 'Wave_number': 'W07012026000000000003;W07012026000000000004'}
2026-07-01 18:54:46,768 - INFO - Processing Task 1/1: Plant 1081 (PROD)
2026-07-01 18:54:47,279 - INFO - Successfully retrieved token.
2026-07-01 18:54:47,279 - INFO - Sending payload to URL: https://nikeaplawmprod1.sce.manh.com/pickpack/api/pickpack/olpn/search
2026-07-01 18:54:47,578 - INFO - Successfully received response for Plant 1081 (PROD)
2026-07-01 18:54:48,096 - INFO - Sending payload to URL: https://nikeaplawmprod1.sce.manh.com/task/api/task/taskDetail/search
2026-07-01 18:54:48,314 - INFO - -> Success: True, Message: None
2026-07-01 18:54:48,326 - INFO - Processing Task 1/1: Plant 1081 (PROD)
2026-07-01 18:54:48,916 - INFO - Successfully retrieved token.
2026-07-01 18:54:48,917 - INFO - Sending payload to URL: https://nikeaplawmprod1.sce.manh.com/pickpack/api/pickpack/olpn/search
2026-07-01 18:54:49,129 - INFO - Successfully received response for Plant 1081 (PROD)
2026-07-01 18:54:49,129 - INFO - Success: Found 0 oLPN row(s) for this task.
2026-07-01 18:54:49,133 - ERROR - No valid pack complete payload rows were built.
2026-07-01 18:54:49,134 - ERROR - No payload were generated in Pack Complete Payload program
2026-07-01 18:54:49,136 - INFO - Pack Complete run finished.
2026-07-01 18:54:49,136 - INFO - Waiting 120 seconds before next run...
2026-07-01 18:56:49,144 - INFO - Starting Pack Complete run...
2026-07-01 18:56:49,457 - INFO - Successfully extracted 1 data row(s) for wave information processing.
2026-07-01 18:56:49,457 - INFO - Processing row 1: {'Plant': 1081, 'Environment': 'PROD', 'Wave_number': 'W07012026000000000003;W07012026000000000004'}
2026-07-01 18:56:49,662 - INFO - Processing Task 1/1: Plant 1081 (PROD)
2026-07-01 18:56:50,301 - INFO - Successfully retrieved token.
2026-07-01 18:56:50,302 - INFO - Sending payload to URL: https://nikeaplawmprod1.sce.manh.com/pickpack/api/pickpack/olpn/search
2026-07-01 18:56:50,595 - INFO - Successfully received response for Plant 1081 (PROD)
2026-07-01 18:56:51,029 - INFO - Sending payload to URL: https://nikeaplawmprod1.sce.manh.com/task/api/task/taskDetail/search
2026-07-01 18:56:51,316 - INFO - -> Success: True, Message: None
2026-07-01 18:56:51,322 - INFO - Processing Task 1/1: Plant 1081 (PROD)
2026-07-01 18:56:51,872 - INFO - Successfully retrieved token.
2026-07-01 18:56:51,872 - INFO - Sending payload to URL: https://nikeaplawmprod1.sce.manh.com/pickpack/api/pickpack/olpn/search
2026-07-01 18:56:52,165 - INFO - Successfully received response for Plant 1081 (PROD)
2026-07-01 18:56:52,165 - INFO - Success: Found 0 oLPN row(s) for this task.
2026-07-01 18:56:52,172 - ERROR - No valid pack complete payload rows were built.
2026-07-01 18:56:52,173 - ERROR - No payload were generated in Pack Complete Payload program
2026-07-01 18:56:52,173 - INFO - Pack Complete run finished.
2026-07-01 18:56:52,173 - INFO - Waiting 120 seconds before next run...
2026-07-01 18:58:52,180 - INFO - Starting Pack Complete run...
2026-07-01 18:58:52,490 - INFO - Successfully extracted 1 data row(s) for wave information processing.
2026-07-01 18:58:52,490 - INFO - Processing row 1: {'Plant': 1081, 'Environment': 'PROD', 'Wave_number': 'W07012026000000000003;W07012026000000000004'}
2026-07-01 18:58:52,729 - INFO - Processing Task 1/1: Plant 1081 (PROD)
2026-07-01 18:58:53,242 - INFO - Successfully retrieved token.
2026-07-01 18:58:53,243 - INFO - Sending payload to URL: https://nikeaplawmprod1.sce.manh.com/pickpack/api/pickpack/olpn/search
2026-07-01 18:58:53,522 - INFO - Successfully received response for Plant 1081 (PROD)
2026-07-01 18:58:53,959 - INFO - Sending payload to URL: https://nikeaplawmprod1.sce.manh.com/task/api/task/taskDetail/search
2026-07-01 18:58:54,176 - INFO - -> Success: True, Message: None
2026-07-01 18:58:54,193 - INFO - Processing Task 1/1: Plant 1081 (PROD)
2026-07-01 18:58:54,679 - INFO - Successfully retrieved token.
2026-07-01 18:58:54,679 - INFO - Sending payload to URL: https://nikeaplawmprod1.sce.manh.com/pickpack/api/pickpack/olpn/search
2026-07-01 18:58:54,925 - INFO - Successfully received response for Plant 1081 (PROD)
2026-07-01 18:58:54,927 - INFO - Success: Found 1 oLPN row(s) for this task.
2026-07-01 18:58:54,933 - INFO - Processing 1 payloads for Environment: PROD
2026-07-01 18:58:55,493 - INFO - Successfully retrieved token for PROD environment.
2026-07-01 18:58:55,494 - INFO - Sending payloads to URL: https://nikeaplawmprod1.sce.manh.com/pickpack/api/ServiceDefinition/invoke/NIKEEX10PackResultCS_1081
2026-07-01 18:58:55,494 - INFO - Using 1 worker threads for 1 payloads.
2026-07-01 18:58:55,495 - INFO - [PROD] Processing Payload 1/1 for Plant 1081
2026-07-01 18:58:59,508 - INFO - Pack Complete run finished. Success: 1, Failed: 0, Total: 1
2026-07-01 18:58:59,509 - INFO - Pack Complete run finished.
2026-07-01 18:58:59,509 - INFO - Waiting 120 seconds before next run...
2026-07-01 19:00:59,518 - INFO - Starting Pack Complete run...
2026-07-01 19:00:59,798 - INFO - Successfully extracted 1 data row(s) for wave information processing.
2026-07-01 19:00:59,798 - INFO - Processing row 1: {'Plant': 1081, 'Environment': 'PROD', 'Wave_number': 'W07012026000000000003;W07012026000000000004'}
2026-07-01 19:01:00,005 - INFO - Processing Task 1/1: Plant 1081 (PROD)
2026-07-01 19:01:00,415 - INFO - Successfully retrieved token.
2026-07-01 19:01:00,415 - INFO - Sending payload to URL: https://nikeaplawmprod1.sce.manh.com/pickpack/api/pickpack/olpn/search
2026-07-01 19:01:00,727 - INFO - Successfully received response for Plant 1081 (PROD)
2026-07-01 19:01:01,239 - INFO - Sending payload to URL: https://nikeaplawmprod1.sce.manh.com/task/api/task/taskDetail/search
2026-07-01 19:01:01,460 - INFO - -> Success: True, Message: None
2026-07-01 19:01:01,466 - INFO - Processing Task 1/1: Plant 1081 (PROD)
2026-07-01 19:01:01,959 - INFO - Successfully retrieved token.
2026-07-01 19:01:01,959 - INFO - Sending payload to URL: https://nikeaplawmprod1.sce.manh.com/pickpack/api/pickpack/olpn/search
2026-07-01 19:01:02,188 - INFO - Successfully received response for Plant 1081 (PROD)
2026-07-01 19:01:02,189 - INFO - Success: Found 0 oLPN row(s) for this task.
2026-07-01 19:01:02,205 - ERROR - No valid pack complete payload rows were built.
2026-07-01 19:01:02,205 - ERROR - No payload were generated in Pack Complete Payload program
2026-07-01 19:01:02,205 - INFO - Pack Complete run finished.
2026-07-01 19:01:02,205 - INFO - Waiting 120 seconds before next run...
2026-07-01 19:03:02,208 - INFO - Starting Pack Complete run...
2026-07-01 19:03:02,495 - INFO - Successfully extracted 1 data row(s) for wave information processing.
2026-07-01 19:03:02,496 - INFO - Processing row 1: {'Plant': 1081, 'Environment': 'PROD', 'Wave_number': 'W07012026000000000003;W07012026000000000004'}
2026-07-01 19:03:02,732 - INFO - Processing Task 1/1: Plant 1081 (PROD)
2026-07-01 19:03:03,397 - INFO - Successfully retrieved token.
2026-07-01 19:03:03,398 - INFO - Sending payload to URL: https://nikeaplawmprod1.sce.manh.com/pickpack/api/pickpack/olpn/search
2026-07-01 19:03:03,690 - INFO - Successfully received response for Plant 1081 (PROD)
2026-07-01 19:03:04,077 - INFO - Sending payload to URL: https://nikeaplawmprod1.sce.manh.com/task/api/task/taskDetail/search
2026-07-01 19:03:04,303 - INFO - -> Success: True, Message: None
2026-07-01 19:03:04,310 - INFO - Processing Task 1/1: Plant 1081 (PROD)
2026-07-01 19:03:04,751 - INFO - Successfully retrieved token.
2026-07-01 19:03:04,751 - INFO - Sending payload to URL: https://nikeaplawmprod1.sce.manh.com/pickpack/api/pickpack/olpn/search
2026-07-01 19:03:04,955 - INFO - Successfully received response for Plant 1081 (PROD)
2026-07-01 19:03:04,955 - INFO - Success: Found 0 oLPN row(s) for this task.
2026-07-01 19:03:04,956 - ERROR - No valid pack complete payload rows were built.
2026-07-01 19:03:04,956 - ERROR - No payload were generated in Pack Complete Payload program
2026-07-01 19:03:04,956 - INFO - Pack Complete run finished.
2026-07-01 19:03:04,956 - INFO - Waiting 120 seconds before next run...
2026-07-01 19:05:04,957 - INFO - Starting Pack Complete run...
2026-07-01 19:05:05,229 - INFO - Successfully extracted 1 data row(s) for wave information processing.
2026-07-01 19:05:05,229 - INFO - Processing row 1: {'Plant': 1081, 'Environment': 'PROD', 'Wave_number': 'W07012026000000000003;W07012026000000000004'}
2026-07-01 19:05:05,432 - INFO - Processing Task 1/1: Plant 1081 (PROD)
2026-07-01 19:05:05,915 - INFO - Successfully retrieved token.
2026-07-01 19:05:05,915 - INFO - Sending payload to URL: https://nikeaplawmprod1.sce.manh.com/pickpack/api/pickpack/olpn/search
2026-07-01 19:05:06,210 - INFO - Successfully received response for Plant 1081 (PROD)
2026-07-01 19:05:06,656 - INFO - Sending payload to URL: https://nikeaplawmprod1.sce.manh.com/task/api/task/taskDetail/search
2026-07-01 19:05:06,886 - INFO - -> Success: True, Message: None
2026-07-01 19:05:06,894 - INFO - Processing Task 1/1: Plant 1081 (PROD)
2026-07-01 19:05:07,343 - INFO - Successfully retrieved token.
2026-07-01 19:05:07,344 - INFO - Sending payload to URL: https://nikeaplawmprod1.sce.manh.com/pickpack/api/pickpack/olpn/search
2026-07-01 19:05:07,539 - INFO - Successfully received response for Plant 1081 (PROD)
2026-07-01 19:05:07,539 - INFO - Success: Found 0 oLPN row(s) for this task.
2026-07-01 19:05:07,547 - ERROR - No valid pack complete payload rows were built.
2026-07-01 19:05:07,547 - ERROR - No payload were generated in Pack Complete Payload program
2026-07-01 19:05:07,547 - INFO - Pack Complete run finished.
2026-07-01 19:05:07,548 - INFO - Waiting 120 seconds before next run...
2026-07-01 19:07:07,552 - INFO - Starting Pack Complete run...
2026-07-01 19:07:07,848 - INFO - Successfully extracted 1 data row(s) for wave information processing.
2026-07-01 19:07:07,849 - INFO - Processing row 1: {'Plant': 1081, 'Environment': 'PROD', 'Wave_number': 'W07012026000000000003;W07012026000000000004'}
2026-07-01 19:07:08,089 - INFO - Processing Task 1/1: Plant 1081 (PROD)
2026-07-01 19:07:08,549 - INFO - Successfully retrieved token.
2026-07-01 19:07:08,550 - INFO - Sending payload to URL: https://nikeaplawmprod1.sce.manh.com/pickpack/api/pickpack/olpn/search
2026-07-01 19:07:08,889 - INFO - Successfully received response for Plant 1081 (PROD)
2026-07-01 19:07:09,364 - INFO - Sending payload to URL: https://nikeaplawmprod1.sce.manh.com/task/api/task/taskDetail/search
2026-07-01 19:07:09,581 - INFO - -> Success: True, Message: None
2026-07-01 19:07:09,588 - INFO - Processing Task 1/1: Plant 1081 (PROD)
2026-07-01 19:07:10,002 - INFO - Successfully retrieved token.
2026-07-01 19:07:10,002 - INFO - Sending payload to URL: https://nikeaplawmprod1.sce.manh.com/pickpack/api/pickpack/olpn/search
2026-07-01 19:07:10,223 - INFO - Successfully received response for Plant 1081 (PROD)
2026-07-01 19:07:10,225 - INFO - Success: Found 2 oLPN row(s) for this task.
2026-07-01 19:07:10,231 - INFO - Processing 2 payloads for Environment: PROD
2026-07-01 19:07:10,794 - INFO - Successfully retrieved token for PROD environment.
2026-07-01 19:07:10,794 - INFO - Sending payloads to URL: https://nikeaplawmprod1.sce.manh.com/pickpack/api/ServiceDefinition/invoke/NIKEEX10PackResultCS_1081
2026-07-01 19:07:10,794 - INFO - Using 2 worker threads for 2 payloads.
2026-07-01 19:07:10,795 - INFO - [PROD] Processing Payload 1/2 for Plant 1081
2026-07-01 19:07:10,797 - INFO - [PROD] Processing Payload 2/2 for Plant 1081
2026-07-01 19:07:14,584 - INFO - Pack Complete run finished. Success: 2, Failed: 0, Total: 2
2026-07-01 19:07:14,585 - INFO - Pack Complete run finished.
2026-07-01 19:07:14,585 - INFO - Waiting 120 seconds before next run...
2026-07-01 19:09:14,596 - INFO - Starting Pack Complete run...
2026-07-01 19:09:14,877 - INFO - Successfully extracted 1 data row(s) for wave information processing.
2026-07-01 19:09:14,877 - INFO - Processing row 1: {'Plant': 1081, 'Environment': 'PROD', 'Wave_number': 'W07012026000000000003;W07012026000000000004'}
2026-07-01 19:09:15,081 - INFO - Processing Task 1/1: Plant 1081 (PROD)
2026-07-01 19:09:15,471 - INFO - Successfully retrieved token.
2026-07-01 19:09:15,472 - INFO - Sending payload to URL: https://nikeaplawmprod1.sce.manh.com/pickpack/api/pickpack/olpn/search
2026-07-01 19:09:15,771 - INFO - Successfully received response for Plant 1081 (PROD)
2026-07-01 19:09:16,152 - INFO - Sending payload to URL: https://nikeaplawmprod1.sce.manh.com/task/api/task/taskDetail/search
2026-07-01 19:09:16,378 - INFO - -> Success: True, Message: None
2026-07-01 19:09:16,385 - INFO - Processing Task 1/1: Plant 1081 (PROD)
2026-07-01 19:09:16,759 - INFO - Successfully retrieved token.
2026-07-01 19:09:16,759 - INFO - Sending payload to URL: https://nikeaplawmprod1.sce.manh.com/pickpack/api/pickpack/olpn/search
2026-07-01 19:09:16,985 - INFO - Successfully received response for Plant 1081 (PROD)
2026-07-01 19:09:16,985 - INFO - Success: Found 0 oLPN row(s) for this task.
2026-07-01 19:09:16,988 - ERROR - No valid pack complete payload rows were built.
2026-07-01 19:09:16,988 - ERROR - No payload were generated in Pack Complete Payload program
2026-07-01 19:09:16,988 - INFO - Pack Complete run finished.
2026-07-01 19:09:16,988 - INFO - Waiting 120 seconds before next run...
2026-07-01 19:11:16,992 - INFO - Starting Pack Complete run...
2026-07-01 19:11:17,271 - INFO - Successfully extracted 1 data row(s) for wave information processing.
2026-07-01 19:11:17,271 - INFO - Processing row 1: {'Plant': 1081, 'Environment': 'PROD', 'Wave_number': 'W07012026000000000003;W07012026000000000004'}
2026-07-01 19:11:17,509 - INFO - Processing Task 1/1: Plant 1081 (PROD)
2026-07-01 19:11:17,978 - INFO - Successfully retrieved token.
2026-07-01 19:11:17,979 - INFO - Sending payload to URL: https://nikeaplawmprod1.sce.manh.com/pickpack/api/pickpack/olpn/search
2026-07-01 19:11:18,278 - INFO - Successfully received response for Plant 1081 (PROD)
2026-07-01 19:11:18,650 - INFO - Sending payload to URL: https://nikeaplawmprod1.sce.manh.com/task/api/task/taskDetail/search
2026-07-01 19:11:18,879 - INFO - -> Success: True, Message: None
2026-07-01 19:11:18,887 - INFO - Processing Task 1/1: Plant 1081 (PROD)
2026-07-01 19:11:19,316 - INFO - Successfully retrieved token.
2026-07-01 19:11:19,316 - INFO - Sending payload to URL: https://nikeaplawmprod1.sce.manh.com/pickpack/api/pickpack/olpn/search
2026-07-01 19:11:19,537 - INFO - Successfully received response for Plant 1081 (PROD)
2026-07-01 19:11:19,539 - INFO - Success: Found 2 oLPN row(s) for this task.
2026-07-01 19:11:19,554 - INFO - Processing 2 payloads for Environment: PROD
2026-07-01 19:11:20,009 - INFO - Successfully retrieved token for PROD environment.
2026-07-01 19:11:20,009 - INFO - Sending payloads to URL: https://nikeaplawmprod1.sce.manh.com/pickpack/api/ServiceDefinition/invoke/NIKEEX10PackResultCS_1081
2026-07-01 19:11:20,010 - INFO - Using 2 worker threads for 2 payloads.
2026-07-01 19:11:20,011 - INFO - [PROD] Processing Payload 1/2 for Plant 1081
2026-07-01 19:11:20,011 - INFO - [PROD] Processing Payload 2/2 for Plant 1081
2026-07-01 19:11:24,167 - INFO - Pack Complete run finished. Success: 2, Failed: 0, Total: 2
2026-07-01 19:11:24,168 - INFO - Pack Complete run finished.
2026-07-01 19:11:24,168 - INFO - Waiting 120 seconds before next run...
2026-07-01 19:13:24,172 - INFO - Starting Pack Complete run...
2026-07-01 19:13:24,441 - INFO - Successfully extracted 1 data row(s) for wave information processing.
2026-07-01 19:13:24,441 - INFO - Processing row 1: {'Plant': 1081, 'Environment': 'PROD', 'Wave_number': 'W07012026000000000003;W07012026000000000004'}
2026-07-01 19:13:24,656 - INFO - Processing Task 1/1: Plant 1081 (PROD)
2026-07-01 19:13:25,273 - INFO - Successfully retrieved token.
2026-07-01 19:13:25,274 - INFO - Sending payload to URL: https://nikeaplawmprod1.sce.manh.com/pickpack/api/pickpack/olpn/search
2026-07-01 19:13:25,564 - INFO - Successfully received response for Plant 1081 (PROD)
2026-07-01 19:13:25,996 - INFO - Sending payload to URL: https://nikeaplawmprod1.sce.manh.com/task/api/task/taskDetail/search
2026-07-01 19:13:26,273 - INFO - -> Success: True, Message: None
2026-07-01 19:13:26,278 - INFO - Processing Task 1/1: Plant 1081 (PROD)
2026-07-01 19:13:26,705 - INFO - Successfully retrieved token.
2026-07-01 19:13:26,706 - INFO - Sending payload to URL: https://nikeaplawmprod1.sce.manh.com/pickpack/api/pickpack/olpn/search
2026-07-01 19:13:26,929 - INFO - Successfully received response for Plant 1081 (PROD)
2026-07-01 19:13:26,930 - INFO - Success: Found 1 oLPN row(s) for this task.
2026-07-01 19:13:26,936 - INFO - Processing 1 payloads for Environment: PROD
2026-07-01 19:13:27,425 - INFO - Successfully retrieved token for PROD environment.
2026-07-01 19:13:27,428 - INFO - Sending payloads to URL: https://nikeaplawmprod1.sce.manh.com/pickpack/api/ServiceDefinition/invoke/NIKEEX10PackResultCS_1081
2026-07-01 19:13:27,428 - INFO - Using 1 worker threads for 1 payloads.
2026-07-01 19:13:27,428 - INFO - [PROD] Processing Payload 1/1 for Plant 1081
2026-07-01 19:13:28,854 - INFO - Pack Complete run finished. Success: 1, Failed: 0, Total: 1
2026-07-01 19:13:28,854 - INFO - Pack Complete run finished.
2026-07-01 19:13:28,854 - INFO - Waiting 120 seconds before next run...
2026-07-01 19:15:28,855 - INFO - Starting Pack Complete run...
2026-07-01 19:15:29,125 - INFO - Successfully extracted 1 data row(s) for wave information processing.
2026-07-01 19:15:29,126 - INFO - Processing row 1: {'Plant': 1081, 'Environment': 'PROD', 'Wave_number': 'W07012026000000000003;W07012026000000000004'}
2026-07-01 19:15:29,355 - INFO - Processing Task 1/1: Plant 1081 (PROD)
2026-07-01 19:15:30,301 - INFO - Successfully retrieved token.
2026-07-01 19:15:30,302 - INFO - Sending payload to URL: https://nikeaplawmprod1.sce.manh.com/pickpack/api/pickpack/olpn/search
2026-07-01 19:15:30,909 - INFO - Successfully received response for Plant 1081 (PROD)
2026-07-01 19:15:31,324 - INFO - Sending payload to URL: https://nikeaplawmprod1.sce.manh.com/task/api/task/taskDetail/search
2026-07-01 19:15:31,549 - INFO - -> Success: True, Message: None
2026-07-01 19:15:31,554 - INFO - Processing Task 1/1: Plant 1081 (PROD)
2026-07-01 19:15:31,989 - INFO - Successfully retrieved token.
2026-07-01 19:15:31,989 - INFO - Sending payload to URL: https://nikeaplawmprod1.sce.manh.com/pickpack/api/pickpack/olpn/search
2026-07-01 19:15:32,212 - INFO - Successfully received response for Plant 1081 (PROD)
2026-07-01 19:15:32,212 - INFO - Success: Found 0 oLPN row(s) for this task.
2026-07-01 19:15:32,220 - ERROR - No valid pack complete payload rows were built.
2026-07-01 19:15:32,220 - ERROR - No payload were generated in Pack Complete Payload program
2026-07-01 19:15:32,221 - INFO - Pack Complete run finished.
2026-07-01 19:15:32,221 - INFO - Waiting 120 seconds before next run...
2026-07-01 19:17:32,223 - INFO - Starting Pack Complete run...
2026-07-01 19:17:32,482 - INFO - Successfully extracted 1 data row(s) for wave information processing.
2026-07-01 19:17:32,482 - INFO - Processing row 1: {'Plant': 1081, 'Environment': 'PROD', 'Wave_number': 'W07012026000000000003;W07012026000000000004'}
2026-07-01 19:17:32,690 - INFO - Processing Task 1/1: Plant 1081 (PROD)
2026-07-01 19:17:33,282 - INFO - Successfully retrieved token.
2026-07-01 19:17:33,283 - INFO - Sending payload to URL: https://nikeaplawmprod1.sce.manh.com/pickpack/api/pickpack/olpn/search
2026-07-01 19:17:33,585 - INFO - Successfully received response for Plant 1081 (PROD)
2026-07-01 19:17:34,026 - INFO - Sending payload to URL: https://nikeaplawmprod1.sce.manh.com/task/api/task/taskDetail/search
2026-07-01 19:17:34,242 - INFO - -> Success: True, Message: None
2026-07-01 19:17:34,245 - INFO - Processing Task 1/1: Plant 1081 (PROD)
2026-07-01 19:17:34,692 - INFO - Successfully retrieved token.
2026-07-01 19:17:34,692 - INFO - Sending payload to URL: https://nikeaplawmprod1.sce.manh.com/pickpack/api/pickpack/olpn/search
2026-07-01 19:17:34,885 - INFO - Successfully received response for Plant 1081 (PROD)
2026-07-01 19:17:34,886 - INFO - Success: Found 1 oLPN row(s) for this task.
2026-07-01 19:17:34,892 - INFO - Processing 1 payloads for Environment: PROD
2026-07-01 19:17:35,338 - INFO - Successfully retrieved token for PROD environment.
2026-07-01 19:17:35,340 - INFO - Sending payloads to URL: https://nikeaplawmprod1.sce.manh.com/pickpack/api/ServiceDefinition/invoke/NIKEEX10PackResultCS_1081
2026-07-01 19:17:35,340 - INFO - Using 1 worker threads for 1 payloads.
2026-07-01 19:17:35,344 - INFO - [PROD] Processing Payload 1/1 for Plant 1081
2026-07-01 19:17:37,042 - INFO - Pack Complete run finished. Success: 1, Failed: 0, Total: 1
2026-07-01 19:17:37,042 - INFO - Pack Complete run finished.
2026-07-01 19:17:37,043 - INFO - Waiting 120 seconds before next run...
2026-07-01 19:19:37,048 - INFO - Starting Pack Complete run...
2026-07-01 19:19:37,327 - INFO - Successfully extracted 1 data row(s) for wave information processing.
2026-07-01 19:19:37,327 - INFO - Processing row 1: {'Plant': 1081, 'Environment': 'PROD', 'Wave_number': 'W07012026000000000003;W07012026000000000004'}
2026-07-01 19:19:37,560 - INFO - Processing Task 1/1: Plant 1081 (PROD)
2026-07-01 19:19:38,264 - INFO - Successfully retrieved token.
2026-07-01 19:19:38,264 - INFO - Sending payload to URL: https://nikeaplawmprod1.sce.manh.com/pickpack/api/pickpack/olpn/search
2026-07-01 19:19:38,561 - INFO - Successfully received response for Plant 1081 (PROD)
2026-07-01 19:19:39,129 - INFO - Sending payload to URL: https://nikeaplawmprod1.sce.manh.com/task/api/task/taskDetail/search
2026-07-01 19:19:39,374 - INFO - -> Success: True, Message: None
2026-07-01 19:19:39,381 - INFO - Processing Task 1/1: Plant 1081 (PROD)
2026-07-01 19:19:39,851 - INFO - Successfully retrieved token.
2026-07-01 19:19:39,851 - INFO - Sending payload to URL: https://nikeaplawmprod1.sce.manh.com/pickpack/api/pickpack/olpn/search
2026-07-01 19:19:40,046 - INFO - Successfully received response for Plant 1081 (PROD)
2026-07-01 19:19:40,047 - INFO - Success: Found 0 oLPN row(s) for this task.
2026-07-01 19:19:40,054 - ERROR - No valid pack complete payload rows were built.
2026-07-01 19:19:40,054 - ERROR - No payload were generated in Pack Complete Payload program
2026-07-01 19:19:40,054 - INFO - Pack Complete run finished.
2026-07-01 19:19:40,054 - INFO - Waiting 120 seconds before next run...
2026-07-01 19:21:40,057 - INFO - Starting Pack Complete run...
2026-07-01 19:21:40,325 - INFO - Successfully extracted 1 data row(s) for wave information processing.
2026-07-01 19:21:40,325 - INFO - Processing row 1: {'Plant': 1081, 'Environment': 'PROD', 'Wave_number': 'W07012026000000000003;W07012026000000000004'}
2026-07-01 19:21:40,532 - INFO - Processing Task 1/1: Plant 1081 (PROD)
2026-07-01 19:21:41,089 - INFO - Successfully retrieved token.
2026-07-01 19:21:41,090 - INFO - Sending payload to URL: https://nikeaplawmprod1.sce.manh.com/pickpack/api/pickpack/olpn/search
2026-07-01 19:21:41,382 - INFO - Successfully received response for Plant 1081 (PROD)
2026-07-01 19:21:41,775 - INFO - Sending payload to URL: https://nikeaplawmprod1.sce.manh.com/task/api/task/taskDetail/search
2026-07-01 19:21:42,311 - INFO - -> Success: True, Message: None
2026-07-01 19:21:42,316 - INFO - Processing Task 1/1: Plant 1081 (PROD)
2026-07-01 19:21:42,726 - INFO - Successfully retrieved token.
2026-07-01 19:21:42,727 - INFO - Sending payload to URL: https://nikeaplawmprod1.sce.manh.com/pickpack/api/pickpack/olpn/search
2026-07-01 19:21:42,954 - INFO - Successfully received response for Plant 1081 (PROD)
2026-07-01 19:21:42,954 - INFO - Success: Found 0 oLPN row(s) for this task.
2026-07-01 19:21:42,955 - ERROR - No valid pack complete payload rows were built.
2026-07-01 19:21:42,955 - ERROR - No payload were generated in Pack Complete Payload program
2026-07-01 19:21:42,955 - INFO - Pack Complete run finished.
2026-07-01 19:21:42,956 - INFO - Waiting 120 seconds before next run...
2026-07-01 19:23:42,960 - INFO - Starting Pack Complete run...
2026-07-01 19:23:43,226 - INFO - Successfully extracted 1 data row(s) for wave information processing.
2026-07-01 19:23:43,226 - INFO - Processing row 1: {'Plant': 1081, 'Environment': 'PROD', 'Wave_number': 'W07012026000000000003;W07012026000000000004'}
2026-07-01 19:23:43,459 - INFO - Processing Task 1/1: Plant 1081 (PROD)
2026-07-01 19:23:43,856 - INFO - Successfully retrieved token.
2026-07-01 19:23:43,857 - INFO - Sending payload to URL: https://nikeaplawmprod1.sce.manh.com/pickpack/api/pickpack/olpn/search
2026-07-01 19:23:44,142 - INFO - Successfully received response for Plant 1081 (PROD)
2026-07-01 19:23:44,580 - INFO - Sending payload to URL: https://nikeaplawmprod1.sce.manh.com/task/api/task/taskDetail/search
2026-07-01 19:23:44,796 - INFO - -> Success: True, Message: None
2026-07-01 19:23:44,802 - INFO - Processing Task 1/1: Plant 1081 (PROD)
2026-07-01 19:23:45,197 - INFO - Successfully retrieved token.
2026-07-01 19:23:45,198 - INFO - Sending payload to URL: https://nikeaplawmprod1.sce.manh.com/pickpack/api/pickpack/olpn/search
2026-07-01 19:23:45,397 - INFO - Successfully received response for Plant 1081 (PROD)
2026-07-01 19:23:45,398 - INFO - Success: Found 0 oLPN row(s) for this task.
2026-07-01 19:23:45,402 - ERROR - No valid pack complete payload rows were built.
2026-07-01 19:23:45,403 - ERROR - No payload were generated in Pack Complete Payload program
2026-07-01 19:23:45,403 - INFO - Pack Complete run finished.
2026-07-01 19:23:45,403 - INFO - Waiting 120 seconds before next run...
2026-07-01 19:25:45,408 - INFO - Starting Pack Complete run...
2026-07-01 19:25:45,693 - INFO - Successfully extracted 1 data row(s) for wave information processing.
2026-07-01 19:25:45,693 - INFO - Processing row 1: {'Plant': 1081, 'Environment': 'PROD', 'Wave_number': 'W07012026000000000003;W07012026000000000004'}
2026-07-01 19:25:45,902 - INFO - Processing Task 1/1: Plant 1081 (PROD)
2026-07-01 19:25:46,436 - INFO - Successfully retrieved token.
2026-07-01 19:25:46,437 - INFO - Sending payload to URL: https://nikeaplawmprod1.sce.manh.com/pickpack/api/pickpack/olpn/search
2026-07-01 19:25:46,705 - INFO - Successfully received response for Plant 1081 (PROD)
2026-07-01 19:25:47,144 - INFO - Sending payload to URL: https://nikeaplawmprod1.sce.manh.com/task/api/task/taskDetail/search
2026-07-01 19:25:47,371 - INFO - -> Success: True, Message: None
2026-07-01 19:25:47,394 - INFO - Processing Task 1/1: Plant 1081 (PROD)
2026-07-01 19:25:47,866 - INFO - Successfully retrieved token.
2026-07-01 19:25:47,867 - INFO - Sending payload to URL: https://nikeaplawmprod1.sce.manh.com/pickpack/api/pickpack/olpn/search
2026-07-01 19:25:48,076 - INFO - Successfully received response for Plant 1081 (PROD)
2026-07-01 19:25:48,078 - INFO - Success: Found 1 oLPN row(s) for this task.
2026-07-01 19:25:48,086 - INFO - Processing 1 payloads for Environment: PROD
2026-07-01 19:25:48,490 - INFO - Successfully retrieved token for PROD environment.
2026-07-01 19:25:48,491 - INFO - Sending payloads to URL: https://nikeaplawmprod1.sce.manh.com/pickpack/api/ServiceDefinition/invoke/NIKEEX10PackResultCS_1081
2026-07-01 19:25:48,491 - INFO - Using 1 worker threads for 1 payloads.
2026-07-01 19:25:48,492 - INFO - [PROD] Processing Payload 1/1 for Plant 1081
2026-07-01 19:25:51,429 - INFO - Pack Complete run finished. Success: 1, Failed: 0, Total: 1
2026-07-01 19:25:51,430 - INFO - Pack Complete run finished.
2026-07-01 19:25:51,430 - INFO - Waiting 120 seconds before next run...
2026-07-01 19:27:51,430 - INFO - Starting Pack Complete run...
2026-07-01 19:27:51,707 - INFO - Successfully extracted 1 data row(s) for wave information processing.
2026-07-01 19:27:51,707 - INFO - Processing row 1: {'Plant': 1081, 'Environment': 'PROD', 'Wave_number': 'W07012026000000000003;W07012026000000000004'}
2026-07-01 19:27:51,938 - INFO - Processing Task 1/1: Plant 1081 (PROD)
2026-07-01 19:27:52,365 - INFO - Successfully retrieved token.
2026-07-01 19:27:52,365 - INFO - Sending payload to URL: https://nikeaplawmprod1.sce.manh.com/pickpack/api/pickpack/olpn/search
2026-07-01 19:27:52,664 - INFO - Successfully received response for Plant 1081 (PROD)
2026-07-01 19:27:53,102 - INFO - Sending payload to URL: https://nikeaplawmprod1.sce.manh.com/task/api/task/taskDetail/search
2026-07-01 19:27:53,308 - INFO - -> Success: True, Message: None
2026-07-01 19:27:53,311 - INFO - Processing Task 1/1: Plant 1081 (PROD)
2026-07-01 19:27:53,815 - INFO - Successfully retrieved token.
2026-07-01 19:27:53,816 - INFO - Sending payload to URL: https://nikeaplawmprod1.sce.manh.com/pickpack/api/pickpack/olpn/search
2026-07-01 19:27:54,037 - INFO - Successfully received response for Plant 1081 (PROD)
2026-07-01 19:27:54,037 - INFO - Success: Found 0 oLPN row(s) for this task.
2026-07-01 19:27:54,039 - ERROR - No valid pack complete payload rows were built.
2026-07-01 19:27:54,040 - ERROR - No payload were generated in Pack Complete Payload program
2026-07-01 19:27:54,040 - INFO - Pack Complete run finished.
2026-07-01 19:27:54,040 - INFO - Waiting 120 seconds before next run...
2026-07-01 19:29:54,043 - INFO - Starting Pack Complete run...
2026-07-01 19:29:54,323 - INFO - Successfully extracted 1 data row(s) for wave information processing.
2026-07-01 19:29:54,323 - INFO - Processing row 1: {'Plant': 1081, 'Environment': 'PROD', 'Wave_number': 'W07012026000000000003;W07012026000000000004'}
2026-07-01 19:29:54,530 - INFO - Processing Task 1/1: Plant 1081 (PROD)
2026-07-01 19:29:55,087 - INFO - Successfully retrieved token.
2026-07-01 19:29:55,087 - INFO - Sending payload to URL: https://nikeaplawmprod1.sce.manh.com/pickpack/api/pickpack/olpn/search
2026-07-01 19:29:55,417 - INFO - Successfully received response for Plant 1081 (PROD)
2026-07-01 19:29:55,881 - INFO - Sending payload to URL: https://nikeaplawmprod1.sce.manh.com/task/api/task/taskDetail/search
2026-07-01 19:29:56,114 - INFO - -> Success: True, Message: None
2026-07-01 19:29:56,119 - INFO - Processing Task 1/1: Plant 1081 (PROD)
2026-07-01 19:29:56,548 - INFO - Successfully retrieved token.
2026-07-01 19:29:56,548 - INFO - Sending payload to URL: https://nikeaplawmprod1.sce.manh.com/pickpack/api/pickpack/olpn/search
2026-07-01 19:29:56,772 - INFO - Successfully received response for Plant 1081 (PROD)
2026-07-01 19:29:56,772 - INFO - Success: Found 0 oLPN row(s) for this task.
2026-07-01 19:29:56,774 - ERROR - No valid pack complete payload rows were built.
2026-07-01 19:29:56,774 - ERROR - No payload were generated in Pack Complete Payload program
2026-07-01 19:29:56,774 - INFO - Pack Complete run finished.
2026-07-01 19:29:56,774 - INFO - Waiting 120 seconds before next run...
2026-07-01 19:31:56,779 - INFO - Starting Pack Complete run...
2026-07-01 19:31:57,073 - INFO - Successfully extracted 1 data row(s) for wave information processing.
2026-07-01 19:31:57,074 - INFO - Processing row 1: {'Plant': 1081, 'Environment': 'PROD', 'Wave_number': 'W07012026000000000003;W07012026000000000004'}
2026-07-01 19:31:57,308 - INFO - Processing Task 1/1: Plant 1081 (PROD)
2026-07-01 19:31:57,739 - INFO - Successfully retrieved token.
2026-07-01 19:31:57,740 - INFO - Sending payload to URL: https://nikeaplawmprod1.sce.manh.com/pickpack/api/pickpack/olpn/search
2026-07-01 19:31:58,022 - INFO - Successfully received response for Plant 1081 (PROD)
2026-07-01 19:31:58,435 - INFO - Sending payload to URL: https://nikeaplawmprod1.sce.manh.com/task/api/task/taskDetail/search
2026-07-01 19:31:58,656 - INFO - -> Success: True, Message: None
2026-07-01 19:31:58,660 - INFO - Processing Task 1/1: Plant 1081 (PROD)
2026-07-01 19:31:59,165 - INFO - Successfully retrieved token.
2026-07-01 19:31:59,166 - INFO - Sending payload to URL: https://nikeaplawmprod1.sce.manh.com/pickpack/api/pickpack/olpn/search
2026-07-01 19:31:59,392 - INFO - Successfully received response for Plant 1081 (PROD)
2026-07-01 19:31:59,394 - INFO - Success: Found 0 oLPN row(s) for this task.
2026-07-01 19:31:59,399 - ERROR - No valid pack complete payload rows were built.
2026-07-01 19:31:59,400 - ERROR - No payload were generated in Pack Complete Payload program
2026-07-01 19:31:59,400 - INFO - Pack Complete run finished.
2026-07-01 19:31:59,400 - INFO - Waiting 120 seconds before next run...
2026-07-01 19:33:59,403 - INFO - Starting Pack Complete run...
2026-07-01 19:33:59,698 - INFO - Successfully extracted 1 data row(s) for wave information processing.
2026-07-01 19:33:59,698 - INFO - Processing row 1: {'Plant': 1081, 'Environment': 'PROD', 'Wave_number': 'W07012026000000000003;W07012026000000000004'}
2026-07-01 19:33:59,905 - INFO - Processing Task 1/1: Plant 1081 (PROD)
2026-07-01 19:34:00,649 - INFO - Successfully retrieved token.
2026-07-01 19:34:00,650 - INFO - Sending payload to URL: https://nikeaplawmprod1.sce.manh.com/pickpack/api/pickpack/olpn/search
2026-07-01 19:34:00,930 - INFO - Successfully received response for Plant 1081 (PROD)
2026-07-01 19:34:01,334 - INFO - Sending payload to URL: https://nikeaplawmprod1.sce.manh.com/task/api/task/taskDetail/search
2026-07-01 19:34:01,549 - INFO - -> Success: True, Message: None
2026-07-01 19:34:01,554 - INFO - Processing Task 1/1: Plant 1081 (PROD)
2026-07-01 19:34:01,957 - INFO - Successfully retrieved token.
2026-07-01 19:34:01,958 - INFO - Sending payload to URL: https://nikeaplawmprod1.sce.manh.com/pickpack/api/pickpack/olpn/search
2026-07-01 19:34:02,202 - INFO - Successfully received response for Plant 1081 (PROD)
2026-07-01 19:34:02,203 - INFO - Success: Found 1 oLPN row(s) for this task.
2026-07-01 19:34:02,212 - INFO - Processing 1 payloads for Environment: PROD
2026-07-01 19:34:02,662 - INFO - Successfully retrieved token for PROD environment.
2026-07-01 19:34:02,663 - INFO - Sending payloads to URL: https://nikeaplawmprod1.sce.manh.com/pickpack/api/ServiceDefinition/invoke/NIKEEX10PackResultCS_1081
2026-07-01 19:34:02,663 - INFO - Using 1 worker threads for 1 payloads.
2026-07-01 19:34:02,663 - INFO - [PROD] Processing Payload 1/1 for Plant 1081
2026-07-01 19:34:06,297 - INFO - Pack Complete run finished. Success: 1, Failed: 0, Total: 1
2026-07-01 19:34:06,298 - INFO - Pack Complete run finished.
2026-07-01 19:34:06,298 - INFO - Waiting 120 seconds before next run...
2026-07-01 19:36:06,303 - INFO - Starting Pack Complete run...
2026-07-01 19:36:06,626 - INFO - Successfully extracted 1 data row(s) for wave information processing.
2026-07-01 19:36:06,626 - INFO - Processing row 1: {'Plant': 1081, 'Environment': 'PROD', 'Wave_number': 'W07012026000000000003;W07012026000000000004'}
2026-07-01 19:36:06,867 - INFO - Processing Task 1/1: Plant 1081 (PROD)
2026-07-01 19:36:07,279 - INFO - Successfully retrieved token.
2026-07-01 19:36:07,279 - INFO - Sending payload to URL: https://nikeaplawmprod1.sce.manh.com/pickpack/api/pickpack/olpn/search
2026-07-01 19:36:07,566 - INFO - Successfully received response for Plant 1081 (PROD)
2026-07-01 19:36:07,909 - INFO - Sending payload to URL: https://nikeaplawmprod1.sce.manh.com/task/api/task/taskDetail/search
2026-07-01 19:36:08,113 - INFO - -> Success: True, Message: None
2026-07-01 19:36:08,118 - INFO - Processing Task 1/1: Plant 1081 (PROD)
2026-07-01 19:36:08,725 - INFO - Successfully retrieved token.
2026-07-01 19:36:08,725 - INFO - Sending payload to URL: https://nikeaplawmprod1.sce.manh.com/pickpack/api/pickpack/olpn/search
2026-07-01 19:36:08,928 - INFO - Successfully received response for Plant 1081 (PROD)
2026-07-01 19:36:08,930 - INFO - Success: Found 1 oLPN row(s) for this task.
2026-07-01 19:36:08,932 - INFO - Processing 1 payloads for Environment: PROD
2026-07-01 19:36:09,434 - INFO - Successfully retrieved token for PROD environment.
2026-07-01 19:36:09,435 - INFO - Sending payloads to URL: https://nikeaplawmprod1.sce.manh.com/pickpack/api/ServiceDefinition/invoke/NIKEEX10PackResultCS_1081
2026-07-01 19:36:09,435 - INFO - Using 1 worker threads for 1 payloads.
2026-07-01 19:36:09,437 - INFO - [PROD] Processing Payload 1/1 for Plant 1081
2026-07-01 19:36:12,367 - INFO - Pack Complete run finished. Success: 1, Failed: 0, Total: 1
2026-07-01 19:36:12,368 - INFO - Pack Complete run finished.
2026-07-01 19:36:12,368 - INFO - Waiting 120 seconds before next run...
2026-07-01 19:38:12,372 - INFO - Starting Pack Complete run...
2026-07-01 19:38:12,616 - INFO - Successfully extracted 1 data row(s) for wave information processing.
2026-07-01 19:38:12,616 - INFO - Processing row 1: {'Plant': 1081, 'Environment': 'PROD', 'Wave_number': 'W07012026000000000003;W07012026000000000004'}
2026-07-01 19:38:12,836 - INFO - Processing Task 1/1: Plant 1081 (PROD)
2026-07-01 19:38:13,279 - INFO - Successfully retrieved token.
2026-07-01 19:38:13,279 - INFO - Sending payload to URL: https://nikeaplawmprod1.sce.manh.com/pickpack/api/pickpack/olpn/search
2026-07-01 19:38:13,684 - INFO - Successfully received response for Plant 1081 (PROD)
2026-07-01 19:38:14,093 - INFO - Sending payload to URL: https://nikeaplawmprod1.sce.manh.com/task/api/task/taskDetail/search
2026-07-01 19:38:14,318 - INFO - -> Success: True, Message: None
2026-07-01 19:38:14,329 - INFO - Processing Task 1/1: Plant 1081 (PROD)
2026-07-01 19:38:14,744 - INFO - Successfully retrieved token.
2026-07-01 19:38:14,745 - INFO - Sending payload to URL: https://nikeaplawmprod1.sce.manh.com/pickpack/api/pickpack/olpn/search
2026-07-01 19:38:15,142 - INFO - Successfully received response for Plant 1081 (PROD)
2026-07-01 19:38:15,142 - INFO - Success: Found 0 oLPN row(s) for this task.
2026-07-01 19:38:15,144 - ERROR - No valid pack complete payload rows were built.
2026-07-01 19:38:15,144 - ERROR - No payload were generated in Pack Complete Payload program
2026-07-01 19:38:15,144 - INFO - Pack Complete run finished.
2026-07-01 19:38:15,145 - INFO - Waiting 120 seconds before next run...
2026-07-01 19:40:15,145 - INFO - Starting Pack Complete run...
2026-07-01 19:40:15,421 - INFO - Successfully extracted 1 data row(s) for wave information processing.
2026-07-01 19:40:15,421 - INFO - Processing row 1: {'Plant': 1081, 'Environment': 'PROD', 'Wave_number': 'W07012026000000000003;W07012026000000000004'}
2026-07-01 19:40:15,661 - INFO - Processing Task 1/1: Plant 1081 (PROD)
2026-07-01 19:40:16,122 - INFO - Successfully retrieved token.
2026-07-01 19:40:16,123 - INFO - Sending payload to URL: https://nikeaplawmprod1.sce.manh.com/pickpack/api/pickpack/olpn/search
2026-07-01 19:40:16,387 - INFO - Successfully received response for Plant 1081 (PROD)
2026-07-01 19:40:16,784 - INFO - Sending payload to URL: https://nikeaplawmprod1.sce.manh.com/task/api/task/taskDetail/search
2026-07-01 19:40:17,013 - INFO - -> Success: True, Message: None
2026-07-01 19:40:17,025 - INFO - Processing Task 1/1: Plant 1081 (PROD)
2026-07-01 19:40:17,416 - INFO - Successfully retrieved token.
2026-07-01 19:40:17,416 - INFO - Sending payload to URL: https://nikeaplawmprod1.sce.manh.com/pickpack/api/pickpack/olpn/search
2026-07-01 19:40:17,643 - INFO - Successfully received response for Plant 1081 (PROD)
2026-07-01 19:40:17,643 - INFO - Success: Found 0 oLPN row(s) for this task.
2026-07-01 19:40:17,645 - ERROR - No valid pack complete payload rows were built.
2026-07-01 19:40:17,645 - ERROR - No payload were generated in Pack Complete Payload program
2026-07-01 19:40:17,646 - INFO - Pack Complete run finished.
2026-07-01 19:40:17,646 - INFO - Waiting 120 seconds before next run...
2026-07-01 19:42:17,651 - INFO - Starting Pack Complete run...
2026-07-01 19:42:17,968 - INFO - Successfully extracted 1 data row(s) for wave information processing.
2026-07-01 19:42:17,968 - INFO - Processing row 1: {'Plant': 1081, 'Environment': 'PROD', 'Wave_number': 'W07012026000000000003;W07012026000000000004'}
2026-07-01 19:42:18,187 - INFO - Processing Task 1/1: Plant 1081 (PROD)
2026-07-01 19:42:18,646 - INFO - Successfully retrieved token.
2026-07-01 19:42:18,646 - INFO - Sending payload to URL: https://nikeaplawmprod1.sce.manh.com/pickpack/api/pickpack/olpn/search
2026-07-01 19:42:18,914 - INFO - Successfully received response for Plant 1081 (PROD)
2026-07-01 19:42:19,300 - INFO - Sending payload to URL: https://nikeaplawmprod1.sce.manh.com/task/api/task/taskDetail/search
2026-07-01 19:42:19,555 - INFO - -> Success: True, Message: None
2026-07-01 19:42:19,559 - INFO - Processing Task 1/1: Plant 1081 (PROD)
2026-07-01 19:42:19,925 - INFO - Successfully retrieved token.
2026-07-01 19:42:19,926 - INFO - Sending payload to URL: https://nikeaplawmprod1.sce.manh.com/pickpack/api/pickpack/olpn/search
2026-07-01 19:42:20,130 - INFO - Successfully received response for Plant 1081 (PROD)
2026-07-01 19:42:20,131 - INFO - Success: Found 1 oLPN row(s) for this task.
2026-07-01 19:42:20,139 - INFO - Processing 1 payloads for Environment: PROD
2026-07-01 19:42:20,632 - INFO - Successfully retrieved token for PROD environment.
2026-07-01 19:42:20,633 - INFO - Sending payloads to URL: https://nikeaplawmprod1.sce.manh.com/pickpack/api/ServiceDefinition/invoke/NIKEEX10PackResultCS_1081
2026-07-01 19:42:20,634 - INFO - Using 1 worker threads for 1 payloads.
2026-07-01 19:42:20,635 - INFO - [PROD] Processing Payload 1/1 for Plant 1081
2026-07-01 19:42:22,685 - INFO - Pack Complete run finished. Success: 1, Failed: 0, Total: 1
2026-07-01 19:42:22,686 - INFO - Pack Complete run finished.
2026-07-01 19:42:22,686 - INFO - Waiting 120 seconds before next run...
2026-07-01 19:44:22,691 - INFO - Starting Pack Complete run...
2026-07-01 19:44:22,991 - INFO - Successfully extracted 1 data row(s) for wave information processing.
2026-07-01 19:44:22,991 - INFO - Processing row 1: {'Plant': 1081, 'Environment': 'PROD', 'Wave_number': 'W07012026000000000003;W07012026000000000004'}
2026-07-01 19:44:23,247 - INFO - Processing Task 1/1: Plant 1081 (PROD)
2026-07-01 19:44:23,734 - INFO - Successfully retrieved token.
2026-07-01 19:44:23,734 - INFO - Sending payload to URL: https://nikeaplawmprod1.sce.manh.com/pickpack/api/pickpack/olpn/search
2026-07-01 19:44:24,036 - INFO - Successfully received response for Plant 1081 (PROD)
2026-07-01 19:44:24,521 - INFO - Sending payload to URL: https://nikeaplawmprod1.sce.manh.com/task/api/task/taskDetail/search
2026-07-01 19:44:24,771 - INFO - -> Success: True, Message: None
2026-07-01 19:44:24,776 - INFO - Processing Task 1/1: Plant 1081 (PROD)
2026-07-01 19:44:25,197 - INFO - Successfully retrieved token.
2026-07-01 19:44:25,198 - INFO - Sending payload to URL: https://nikeaplawmprod1.sce.manh.com/pickpack/api/pickpack/olpn/search
2026-07-01 19:44:25,428 - INFO - Successfully received response for Plant 1081 (PROD)
2026-07-01 19:44:25,429 - INFO - Success: Found 0 oLPN row(s) for this task.
2026-07-01 19:44:25,435 - ERROR - No valid pack complete payload rows were built.
2026-07-01 19:44:25,436 - ERROR - No payload were generated in Pack Complete Payload program
2026-07-01 19:44:25,436 - INFO - Pack Complete run finished.
2026-07-01 19:44:25,436 - INFO - Waiting 120 seconds before next run...
2026-07-01 19:46:25,441 - INFO - Starting Pack Complete run...
2026-07-01 19:46:25,732 - INFO - Successfully extracted 1 data row(s) for wave information processing.
2026-07-01 19:46:25,732 - INFO - Processing row 1: {'Plant': 1081, 'Environment': 'PROD', 'Wave_number': 'W07012026000000000003;W07012026000000000004'}
2026-07-01 19:46:25,956 - INFO - Processing Task 1/1: Plant 1081 (PROD)
2026-07-01 19:46:26,420 - INFO - Successfully retrieved token.
2026-07-01 19:46:26,420 - INFO - Sending payload to URL: https://nikeaplawmprod1.sce.manh.com/pickpack/api/pickpack/olpn/search
2026-07-01 19:46:26,697 - INFO - Successfully received response for Plant 1081 (PROD)
2026-07-01 19:46:27,122 - INFO - Sending payload to URL: https://nikeaplawmprod1.sce.manh.com/task/api/task/taskDetail/search
2026-07-01 19:46:27,403 - INFO - -> Success: True, Message: None
2026-07-01 19:46:27,415 - INFO - Processing Task 1/1: Plant 1081 (PROD)
2026-07-01 19:46:27,810 - INFO - Successfully retrieved token.
2026-07-01 19:46:27,811 - INFO - Sending payload to URL: https://nikeaplawmprod1.sce.manh.com/pickpack/api/pickpack/olpn/search
2026-07-01 19:46:28,015 - INFO - Successfully received response for Plant 1081 (PROD)
2026-07-01 19:46:28,017 - INFO - Success: Found 2 oLPN row(s) for this task.
2026-07-01 19:46:28,029 - INFO - Processing 2 payloads for Environment: PROD
2026-07-01 19:46:28,428 - INFO - Successfully retrieved token for PROD environment.
2026-07-01 19:46:28,429 - INFO - Sending payloads to URL: https://nikeaplawmprod1.sce.manh.com/pickpack/api/ServiceDefinition/invoke/NIKEEX10PackResultCS_1081
2026-07-01 19:46:28,429 - INFO - Using 2 worker threads for 2 payloads.
2026-07-01 19:46:28,430 - INFO - [PROD] Processing Payload 1/2 for Plant 1081
2026-07-01 19:46:28,431 - INFO - [PROD] Processing Payload 2/2 for Plant 1081
2026-07-01 19:46:31,475 - INFO - Pack Complete run finished. Success: 2, Failed: 0, Total: 2
2026-07-01 19:46:31,477 - INFO - Pack Complete run finished.
2026-07-01 19:46:31,477 - INFO - Waiting 120 seconds before next run...
2026-07-01 19:48:31,481 - INFO - Starting Pack Complete run...
2026-07-01 19:48:31,785 - INFO - Successfully extracted 1 data row(s) for wave information processing.
2026-07-01 19:48:31,785 - INFO - Processing row 1: {'Plant': 1081, 'Environment': 'PROD', 'Wave_number': 'W07012026000000000003;W07012026000000000004'}
2026-07-01 19:48:32,030 - INFO - Processing Task 1/1: Plant 1081 (PROD)
2026-07-01 19:48:32,601 - INFO - Successfully retrieved token.
2026-07-01 19:48:32,601 - INFO - Sending payload to URL: https://nikeaplawmprod1.sce.manh.com/pickpack/api/pickpack/olpn/search
2026-07-01 19:48:32,893 - INFO - Successfully received response for Plant 1081 (PROD)
2026-07-01 19:48:33,432 - INFO - Sending payload to URL: https://nikeaplawmprod1.sce.manh.com/task/api/task/taskDetail/search
2026-07-01 19:48:33,704 - INFO - -> Success: True, Message: None
2026-07-01 19:48:33,712 - INFO - Processing Task 1/1: Plant 1081 (PROD)
2026-07-01 19:48:34,196 - INFO - Successfully retrieved token.
2026-07-01 19:48:34,196 - INFO - Sending payload to URL: https://nikeaplawmprod1.sce.manh.com/pickpack/api/pickpack/olpn/search
2026-07-01 19:48:34,413 - INFO - Successfully received response for Plant 1081 (PROD)
2026-07-01 19:48:34,414 - INFO - Success: Found 0 oLPN row(s) for this task.
2026-07-01 19:48:34,420 - ERROR - No valid pack complete payload rows were built.
2026-07-01 19:48:34,421 - ERROR - No payload were generated in Pack Complete Payload program
2026-07-01 19:48:34,421 - INFO - Pack Complete run finished.
2026-07-01 19:48:34,421 - INFO - Waiting 120 seconds before next run...
2026-07-01 19:50:34,424 - INFO - Starting Pack Complete run...
2026-07-01 19:50:34,703 - INFO - Successfully extracted 1 data row(s) for wave information processing.
2026-07-01 19:50:34,703 - INFO - Processing row 1: {'Plant': 1081, 'Environment': 'PROD', 'Wave_number': 'W07012026000000000003;W07012026000000000004'}
2026-07-01 19:50:34,919 - INFO - Processing Task 1/1: Plant 1081 (PROD)
2026-07-01 19:50:35,332 - INFO - Successfully retrieved token.
2026-07-01 19:50:35,333 - INFO - Sending payload to URL: https://nikeaplawmprod1.sce.manh.com/pickpack/api/pickpack/olpn/search
2026-07-01 19:50:35,646 - INFO - Successfully received response for Plant 1081 (PROD)
2026-07-01 19:50:36,092 - INFO - Sending payload to URL: https://nikeaplawmprod1.sce.manh.com/task/api/task/taskDetail/search
2026-07-01 19:50:36,315 - INFO - -> Success: True, Message: None
2026-07-01 19:50:36,322 - INFO - Processing Task 1/1: Plant 1081 (PROD)
2026-07-01 19:50:36,816 - INFO - Successfully retrieved token.
2026-07-01 19:50:36,817 - INFO - Sending payload to URL: https://nikeaplawmprod1.sce.manh.com/pickpack/api/pickpack/olpn/search
2026-07-01 19:50:37,034 - INFO - Successfully received response for Plant 1081 (PROD)
2026-07-01 19:50:37,035 - INFO - Success: Found 1 oLPN row(s) for this task.
2026-07-01 19:50:37,042 - INFO - Processing 1 payloads for Environment: PROD
2026-07-01 19:50:37,445 - INFO - Successfully retrieved token for PROD environment.
2026-07-01 19:50:37,445 - INFO - Sending payloads to URL: https://nikeaplawmprod1.sce.manh.com/pickpack/api/ServiceDefinition/invoke/NIKEEX10PackResultCS_1081
2026-07-01 19:50:37,445 - INFO - Using 1 worker threads for 1 payloads.
2026-07-01 19:50:37,446 - INFO - [PROD] Processing Payload 1/1 for Plant 1081
2026-07-01 19:50:38,187 - INFO - Pack Complete run finished. Success: 1, Failed: 0, Total: 1
2026-07-01 19:50:38,188 - INFO - Pack Complete run finished.
2026-07-01 19:50:38,188 - INFO - Waiting 120 seconds before next run...
2026-07-01 19:52:38,191 - INFO - Starting Pack Complete run...
2026-07-01 19:52:38,438 - INFO - Successfully extracted 1 data row(s) for wave information processing.
2026-07-01 19:52:38,438 - INFO - Processing row 1: {'Plant': 1081, 'Environment': 'PROD', 'Wave_number': 'W07012026000000000003;W07012026000000000004'}
2026-07-01 19:52:38,682 - INFO - Processing Task 1/1: Plant 1081 (PROD)
2026-07-01 19:52:39,169 - INFO - Successfully retrieved token.
2026-07-01 19:52:39,169 - INFO - Sending payload to URL: https://nikeaplawmprod1.sce.manh.com/pickpack/api/pickpack/olpn/search
2026-07-01 19:52:39,463 - INFO - Successfully received response for Plant 1081 (PROD)
2026-07-01 19:52:39,834 - INFO - Sending payload to URL: https://nikeaplawmprod1.sce.manh.com/task/api/task/taskDetail/search
2026-07-01 19:52:40,054 - INFO - -> Success: True, Message: None
2026-07-01 19:52:40,057 - INFO - Processing Task 1/1: Plant 1081 (PROD)
2026-07-01 19:52:40,395 - INFO - Successfully retrieved token.
2026-07-01 19:52:40,396 - INFO - Sending payload to URL: https://nikeaplawmprod1.sce.manh.com/pickpack/api/pickpack/olpn/search
2026-07-01 19:52:40,588 - INFO - Successfully received response for Plant 1081 (PROD)
2026-07-01 19:52:40,589 - INFO - Success: Found 1 oLPN row(s) for this task.
2026-07-01 19:52:40,591 - INFO - Processing 1 payloads for Environment: PROD
2026-07-01 19:52:40,961 - INFO - Successfully retrieved token for PROD environment.
2026-07-01 19:52:40,961 - INFO - Sending payloads to URL: https://nikeaplawmprod1.sce.manh.com/pickpack/api/ServiceDefinition/invoke/NIKEEX10PackResultCS_1081
2026-07-01 19:52:40,961 - INFO - Using 1 worker threads for 1 payloads.
2026-07-01 19:52:40,963 - INFO - [PROD] Processing Payload 1/1 for Plant 1081
2026-07-01 19:52:41,616 - INFO - Pack Complete run finished. Success: 1, Failed: 0, Total: 1
2026-07-01 19:52:41,616 - INFO - Pack Complete run finished.
2026-07-01 19:52:41,616 - INFO - Waiting 120 seconds before next run...
2026-07-01 19:54:41,622 - INFO - Starting Pack Complete run...
2026-07-01 19:54:41,913 - INFO - Successfully extracted 1 data row(s) for wave information processing.
2026-07-01 19:54:41,913 - INFO - Processing row 1: {'Plant': 1081, 'Environment': 'PROD', 'Wave_number': 'W07012026000000000003;W07012026000000000004'}
2026-07-01 19:54:42,123 - INFO - Processing Task 1/1: Plant 1081 (PROD)
2026-07-01 19:54:42,722 - INFO - Successfully retrieved token.
2026-07-01 19:54:42,722 - INFO - Sending payload to URL: https://nikeaplawmprod1.sce.manh.com/pickpack/api/pickpack/olpn/search
2026-07-01 19:54:42,998 - INFO - Successfully received response for Plant 1081 (PROD)
2026-07-01 19:54:43,357 - INFO - Sending payload to URL: https://nikeaplawmprod1.sce.manh.com/task/api/task/taskDetail/search
2026-07-01 19:54:43,553 - INFO - -> Success: True, Message: None
2026-07-01 19:54:43,554 - INFO - Processing Task 1/1: Plant 1081 (PROD)
2026-07-01 19:54:43,957 - INFO - Successfully retrieved token.
2026-07-01 19:54:43,957 - INFO - Sending payload to URL: https://nikeaplawmprod1.sce.manh.com/pickpack/api/pickpack/olpn/search
2026-07-01 19:54:44,186 - INFO - Successfully received response for Plant 1081 (PROD)
2026-07-01 19:54:44,187 - INFO - Success: Found 2 oLPN row(s) for this task.
2026-07-01 19:54:44,193 - INFO - Processing 2 payloads for Environment: PROD
2026-07-01 19:54:44,630 - INFO - Successfully retrieved token for PROD environment.
2026-07-01 19:54:44,631 - INFO - Sending payloads to URL: https://nikeaplawmprod1.sce.manh.com/pickpack/api/ServiceDefinition/invoke/NIKEEX10PackResultCS_1081
2026-07-01 19:54:44,631 - INFO - Using 2 worker threads for 2 payloads.
2026-07-01 19:54:44,632 - INFO - [PROD] Processing Payload 1/2 for Plant 1081
2026-07-01 19:54:44,632 - INFO - [PROD] Processing Payload 2/2 for Plant 1081
2026-07-01 19:54:45,769 - INFO - Pack Complete run finished. Success: 2, Failed: 0, Total: 2
2026-07-01 19:54:45,770 - INFO - Pack Complete run finished.
2026-07-01 19:54:45,770 - INFO - Waiting 120 seconds before next run...
2026-07-01 19:56:45,775 - INFO - Starting Pack Complete run...
2026-07-01 19:56:46,031 - INFO - Successfully extracted 1 data row(s) for wave information processing.
2026-07-01 19:56:46,032 - INFO - Processing row 1: {'Plant': 1081, 'Environment': 'PROD', 'Wave_number': 'W07012026000000000003;W07012026000000000004'}
2026-07-01 19:56:46,323 - INFO - Processing Task 1/1: Plant 1081 (PROD)
2026-07-01 19:56:46,744 - INFO - Successfully retrieved token.
2026-07-01 19:56:46,745 - INFO - Sending payload to URL: https://nikeaplawmprod1.sce.manh.com/pickpack/api/pickpack/olpn/search
2026-07-01 19:56:47,042 - INFO - Successfully received response for Plant 1081 (PROD)
2026-07-01 19:56:47,398 - INFO - Sending payload to URL: https://nikeaplawmprod1.sce.manh.com/task/api/task/taskDetail/search
2026-07-01 19:56:47,609 - INFO - -> Success: True, Message: None
2026-07-01 19:56:47,626 - INFO - Processing Task 1/1: Plant 1081 (PROD)
2026-07-01 19:56:47,995 - INFO - Successfully retrieved token.
2026-07-01 19:56:47,995 - INFO - Sending payload to URL: https://nikeaplawmprod1.sce.manh.com/pickpack/api/pickpack/olpn/search
2026-07-01 19:56:48,306 - INFO - Successfully received response for Plant 1081 (PROD)
2026-07-01 19:56:48,309 - INFO - Success: Found 7 oLPN row(s) for this task.
2026-07-01 19:56:48,315 - INFO - Processing 7 payloads for Environment: PROD
2026-07-01 19:56:48,821 - INFO - Successfully retrieved token for PROD environment.
2026-07-01 19:56:48,821 - INFO - Sending payloads to URL: https://nikeaplawmprod1.sce.manh.com/pickpack/api/ServiceDefinition/invoke/NIKEEX10PackResultCS_1081
2026-07-01 19:56:48,821 - INFO - Using 7 worker threads for 7 payloads.
2026-07-01 19:56:48,822 - INFO - [PROD] Processing Payload 1/7 for Plant 1081
2026-07-01 19:56:48,824 - INFO - [PROD] Processing Payload 2/7 for Plant 1081
2026-07-01 19:56:48,824 - INFO - [PROD] Processing Payload 3/7 for Plant 1081
2026-07-01 19:56:48,826 - INFO - [PROD] Processing Payload 4/7 for Plant 1081
2026-07-01 19:56:48,829 - INFO - [PROD] Processing Payload 5/7 for Plant 1081
2026-07-01 19:56:48,835 - INFO - [PROD] Processing Payload 6/7 for Plant 1081
2026-07-01 19:56:48,838 - INFO - [PROD] Processing Payload 7/7 for Plant 1081
2026-07-01 19:56:50,113 - INFO - Pack Complete run finished. Success: 7, Failed: 0, Total: 7
2026-07-01 19:56:50,113 - INFO - Pack Complete run finished.
2026-07-01 19:56:50,113 - INFO - Waiting 120 seconds before next run...
2026-07-01 19:58:50,120 - INFO - Starting Pack Complete run...
2026-07-01 19:58:50,414 - INFO - Successfully extracted 1 data row(s) for wave information processing.
2026-07-01 19:58:50,414 - INFO - Processing row 1: {'Plant': 1081, 'Environment': 'PROD', 'Wave_number': 'W07012026000000000003;W07012026000000000004'}
2026-07-01 19:58:50,631 - INFO - Processing Task 1/1: Plant 1081 (PROD)
2026-07-01 19:58:51,156 - INFO - Successfully retrieved token.
2026-07-01 19:58:51,157 - INFO - Sending payload to URL: https://nikeaplawmprod1.sce.manh.com/pickpack/api/pickpack/olpn/search
2026-07-01 19:58:51,438 - INFO - Successfully received response for Plant 1081 (PROD)
2026-07-01 19:58:51,894 - INFO - Sending payload to URL: https://nikeaplawmprod1.sce.manh.com/task/api/task/taskDetail/search
2026-07-01 19:58:52,108 - INFO - -> Success: True, Message: None
2026-07-01 19:58:52,113 - INFO - Processing Task 1/1: Plant 1081 (PROD)
2026-07-01 19:58:52,603 - INFO - Successfully retrieved token.
2026-07-01 19:58:52,604 - INFO - Sending payload to URL: https://nikeaplawmprod1.sce.manh.com/pickpack/api/pickpack/olpn/search
2026-07-01 19:58:52,848 - INFO - Successfully received response for Plant 1081 (PROD)
2026-07-01 19:58:52,850 - INFO - Success: Found 20 oLPN row(s) for this task.
2026-07-01 19:58:52,854 - INFO - Processing 20 payloads for Environment: PROD
2026-07-01 19:58:53,244 - INFO - Successfully retrieved token for PROD environment.
2026-07-01 19:58:53,245 - INFO - Sending payloads to URL: https://nikeaplawmprod1.sce.manh.com/pickpack/api/ServiceDefinition/invoke/NIKEEX10PackResultCS_1081
2026-07-01 19:58:53,245 - INFO - Using 20 worker threads for 20 payloads.
2026-07-01 19:58:53,246 - INFO - [PROD] Processing Payload 1/20 for Plant 1081
2026-07-01 19:58:53,246 - INFO - [PROD] Processing Payload 2/20 for Plant 1081
2026-07-01 19:58:53,248 - INFO - [PROD] Processing Payload 3/20 for Plant 1081
2026-07-01 19:58:53,250 - INFO - [PROD] Processing Payload 4/20 for Plant 1081
2026-07-01 19:58:53,255 - INFO - [PROD] Processing Payload 5/20 for Plant 1081
2026-07-01 19:58:53,258 - INFO - [PROD] Processing Payload 6/20 for Plant 1081
2026-07-01 19:58:53,259 - INFO - [PROD] Processing Payload 7/20 for Plant 1081
2026-07-01 19:58:53,261 - INFO - [PROD] Processing Payload 8/20 for Plant 1081
2026-07-01 19:58:53,262 - INFO - [PROD] Processing Payload 9/20 for Plant 1081
2026-07-01 19:58:53,263 - INFO - [PROD] Processing Payload 10/20 for Plant 1081
2026-07-01 19:58:53,264 - INFO - [PROD] Processing Payload 11/20 for Plant 1081
2026-07-01 19:58:53,266 - INFO - [PROD] Processing Payload 12/20 for Plant 1081
2026-07-01 19:58:53,267 - INFO - [PROD] Processing Payload 13/20 for Plant 1081
2026-07-01 19:58:53,267 - INFO - [PROD] Processing Payload 14/20 for Plant 1081
2026-07-01 19:58:53,269 - INFO - [PROD] Processing Payload 15/20 for Plant 1081
2026-07-01 19:58:53,273 - INFO - [PROD] Processing Payload 16/20 for Plant 1081
2026-07-01 19:58:53,276 - INFO - [PROD] Processing Payload 17/20 for Plant 1081
2026-07-01 19:58:53,277 - INFO - [PROD] Processing Payload 18/20 for Plant 1081
2026-07-01 19:58:53,278 - INFO - [PROD] Processing Payload 19/20 for Plant 1081
2026-07-01 19:58:53,280 - INFO - [PROD] Processing Payload 20/20 for Plant 1081
2026-07-01 19:59:06,228 - INFO - Pack Complete run finished. Success: 20, Failed: 0, Total: 20
2026-07-01 19:59:06,230 - INFO - Pack Complete run finished.
2026-07-01 19:59:06,231 - INFO - Waiting 120 seconds before next run...
2026-07-01 20:01:06,236 - INFO - Starting Pack Complete run...
2026-07-01 20:01:06,549 - INFO - Successfully extracted 1 data row(s) for wave information processing.
2026-07-01 20:01:06,549 - INFO - Processing row 1: {'Plant': 1081, 'Environment': 'PROD', 'Wave_number': 'W07012026000000000003;W07012026000000000004'}
2026-07-01 20:01:06,794 - INFO - Processing Task 1/1: Plant 1081 (PROD)
2026-07-01 20:01:07,238 - INFO - Successfully retrieved token.
2026-07-01 20:01:07,239 - INFO - Sending payload to URL: https://nikeaplawmprod1.sce.manh.com/pickpack/api/pickpack/olpn/search
2026-07-01 20:01:07,511 - INFO - Successfully received response for Plant 1081 (PROD)
2026-07-01 20:01:07,922 - INFO - Sending payload to URL: https://nikeaplawmprod1.sce.manh.com/task/api/task/taskDetail/search
2026-07-01 20:01:08,159 - INFO - -> Success: True, Message: None
2026-07-01 20:01:08,166 - INFO - Processing Task 1/1: Plant 1081 (PROD)
2026-07-01 20:01:08,581 - INFO - Successfully retrieved token.
2026-07-01 20:01:08,581 - INFO - Sending payload to URL: https://nikeaplawmprod1.sce.manh.com/pickpack/api/pickpack/olpn/search
2026-07-01 20:01:08,837 - INFO - Successfully received response for Plant 1081 (PROD)
2026-07-01 20:01:08,838 - INFO - Success: Found 20 oLPN row(s) for this task.
2026-07-01 20:01:08,840 - INFO - Processing 20 payloads for Environment: PROD
2026-07-01 20:01:09,264 - INFO - Successfully retrieved token for PROD environment.
2026-07-01 20:01:09,265 - INFO - Sending payloads to URL: https://nikeaplawmprod1.sce.manh.com/pickpack/api/ServiceDefinition/invoke/NIKEEX10PackResultCS_1081
2026-07-01 20:01:09,265 - INFO - Using 20 worker threads for 20 payloads.
2026-07-01 20:01:09,266 - INFO - [PROD] Processing Payload 1/20 for Plant 1081
2026-07-01 20:01:09,266 - INFO - [PROD] Processing Payload 2/20 for Plant 1081
2026-07-01 20:01:09,267 - INFO - [PROD] Processing Payload 3/20 for Plant 1081
2026-07-01 20:01:09,279 - INFO - [PROD] Processing Payload 4/20 for Plant 1081
2026-07-01 20:01:09,281 - INFO - [PROD] Processing Payload 5/20 for Plant 1081
2026-07-01 20:01:09,282 - INFO - [PROD] Processing Payload 6/20 for Plant 1081
2026-07-01 20:01:09,283 - INFO - [PROD] Processing Payload 7/20 for Plant 1081
2026-07-01 20:01:09,284 - INFO - [PROD] Processing Payload 8/20 for Plant 1081
2026-07-01 20:01:09,284 - INFO - [PROD] Processing Payload 9/20 for Plant 1081
2026-07-01 20:01:09,285 - INFO - [PROD] Processing Payload 10/20 for Plant 1081
2026-07-01 20:01:09,285 - INFO - [PROD] Processing Payload 11/20 for Plant 1081
2026-07-01 20:01:09,285 - INFO - [PROD] Processing Payload 12/20 for Plant 1081
2026-07-01 20:01:09,286 - INFO - [PROD] Processing Payload 13/20 for Plant 1081
2026-07-01 20:01:09,286 - INFO - [PROD] Processing Payload 14/20 for Plant 1081
2026-07-01 20:01:09,287 - INFO - [PROD] Processing Payload 15/20 for Plant 1081
2026-07-01 20:01:09,288 - INFO - [PROD] Processing Payload 16/20 for Plant 1081
2026-07-01 20:01:09,289 - INFO - [PROD] Processing Payload 17/20 for Plant 1081
2026-07-01 20:01:09,289 - INFO - [PROD] Processing Payload 18/20 for Plant 1081
2026-07-01 20:01:09,290 - INFO - [PROD] Processing Payload 19/20 for Plant 1081
2026-07-01 20:01:09,290 - INFO - [PROD] Processing Payload 20/20 for Plant 1081
2026-07-01 20:01:12,594 - INFO - Pack Complete run finished. Success: 20, Failed: 0, Total: 20
2026-07-01 20:01:12,595 - INFO - Pack Complete run finished.
2026-07-01 20:01:12,595 - INFO - Waiting 120 seconds before next run...
2026-07-01 20:03:12,600 - INFO - Starting Pack Complete run...
2026-07-01 20:03:12,900 - INFO - Successfully extracted 1 data row(s) for wave information processing.
2026-07-01 20:03:12,900 - INFO - Processing row 1: {'Plant': 1081, 'Environment': 'PROD', 'Wave_number': 'W07012026000000000003;W07012026000000000004'}
2026-07-01 20:03:13,111 - INFO - Processing Task 1/1: Plant 1081 (PROD)
2026-07-01 20:03:13,598 - INFO - Successfully retrieved token.
2026-07-01 20:03:13,599 - INFO - Sending payload to URL: https://nikeaplawmprod1.sce.manh.com/pickpack/api/pickpack/olpn/search
2026-07-01 20:03:13,992 - INFO - Successfully received response for Plant 1081 (PROD)
2026-07-01 20:03:14,406 - INFO - Sending payload to URL: https://nikeaplawmprod1.sce.manh.com/task/api/task/taskDetail/search
2026-07-01 20:03:14,627 - INFO - -> Success: True, Message: None
2026-07-01 20:03:14,628 - INFO - Processing Task 1/1: Plant 1081 (PROD)
2026-07-01 20:03:14,984 - INFO - Successfully retrieved token.
2026-07-01 20:03:14,988 - INFO - Sending payload to URL: https://nikeaplawmprod1.sce.manh.com/pickpack/api/pickpack/olpn/search
2026-07-01 20:03:15,220 - INFO - Successfully received response for Plant 1081 (PROD)
2026-07-01 20:03:15,223 - INFO - Success: Found 20 oLPN row(s) for this task.
2026-07-01 20:03:15,243 - INFO - Processing 20 payloads for Environment: PROD
2026-07-01 20:03:15,601 - INFO - Successfully retrieved token for PROD environment.
2026-07-01 20:03:15,602 - INFO - Sending payloads to URL: https://nikeaplawmprod1.sce.manh.com/pickpack/api/ServiceDefinition/invoke/NIKEEX10PackResultCS_1081
2026-07-01 20:03:15,602 - INFO - Using 20 worker threads for 20 payloads.
2026-07-01 20:03:15,603 - INFO - [PROD] Processing Payload 1/20 for Plant 1081
2026-07-01 20:03:15,604 - INFO - [PROD] Processing Payload 2/20 for Plant 1081
2026-07-01 20:03:15,604 - INFO - [PROD] Processing Payload 3/20 for Plant 1081
2026-07-01 20:03:15,606 - INFO - [PROD] Processing Payload 4/20 for Plant 1081
2026-07-01 20:03:15,607 - INFO - [PROD] Processing Payload 5/20 for Plant 1081
2026-07-01 20:03:15,610 - INFO - [PROD] Processing Payload 6/20 for Plant 1081
2026-07-01 20:03:15,613 - INFO - [PROD] Processing Payload 7/20 for Plant 1081
2026-07-01 20:03:15,619 - INFO - [PROD] Processing Payload 8/20 for Plant 1081
2026-07-01 20:03:15,620 - INFO - [PROD] Processing Payload 9/20 for Plant 1081
2026-07-01 20:03:15,621 - INFO - [PROD] Processing Payload 10/20 for Plant 1081
2026-07-01 20:03:15,622 - INFO - [PROD] Processing Payload 11/20 for Plant 1081
2026-07-01 20:03:15,622 - INFO - [PROD] Processing Payload 12/20 for Plant 1081
2026-07-01 20:03:15,623 - INFO - [PROD] Processing Payload 13/20 for Plant 1081
2026-07-01 20:03:15,624 - INFO - [PROD] Processing Payload 14/20 for Plant 1081
2026-07-01 20:03:15,625 - INFO - [PROD] Processing Payload 15/20 for Plant 1081
2026-07-01 20:03:15,626 - INFO - [PROD] Processing Payload 16/20 for Plant 1081
2026-07-01 20:03:15,627 - INFO - [PROD] Processing Payload 17/20 for Plant 1081
2026-07-01 20:03:15,627 - INFO - [PROD] Processing Payload 18/20 for Plant 1081
2026-07-01 20:03:15,628 - INFO - [PROD] Processing Payload 19/20 for Plant 1081
2026-07-01 20:03:15,628 - INFO - [PROD] Processing Payload 20/20 for Plant 1081
2026-07-01 20:03:18,592 - INFO - Pack Complete run finished. Success: 20, Failed: 0, Total: 20
2026-07-01 20:03:18,592 - INFO - Pack Complete run finished.
2026-07-01 20:03:18,592 - INFO - Waiting 120 seconds before next run...
2026-07-01 20:05:18,596 - INFO - Starting Pack Complete run...
2026-07-01 20:05:18,895 - INFO - Successfully extracted 1 data row(s) for wave information processing.
2026-07-01 20:05:18,895 - INFO - Processing row 1: {'Plant': 1081, 'Environment': 'PROD', 'Wave_number': 'W07012026000000000003;W07012026000000000004'}
2026-07-01 20:05:19,138 - INFO - Processing Task 1/1: Plant 1081 (PROD)
2026-07-01 20:05:19,564 - INFO - Successfully retrieved token.
2026-07-01 20:05:19,565 - INFO - Sending payload to URL: https://nikeaplawmprod1.sce.manh.com/pickpack/api/pickpack/olpn/search
2026-07-01 20:05:19,869 - INFO - Successfully received response for Plant 1081 (PROD)
2026-07-01 20:05:20,382 - INFO - Sending payload to URL: https://nikeaplawmprod1.sce.manh.com/task/api/task/taskDetail/search
2026-07-01 20:05:20,695 - INFO - -> Success: True, Message: None
2026-07-01 20:05:20,698 - INFO - Processing Task 1/1: Plant 1081 (PROD)
2026-07-01 20:05:21,083 - INFO - Successfully retrieved token.
2026-07-01 20:05:21,084 - INFO - Sending payload to URL: https://nikeaplawmprod1.sce.manh.com/pickpack/api/pickpack/olpn/search
2026-07-01 20:05:21,412 - INFO - Successfully received response for Plant 1081 (PROD)
2026-07-01 20:05:21,412 - INFO - Success: Found 20 oLPN row(s) for this task.
2026-07-01 20:05:21,414 - INFO - Processing 20 payloads for Environment: PROD
2026-07-01 20:05:21,838 - INFO - Successfully retrieved token for PROD environment.
2026-07-01 20:05:21,839 - INFO - Sending payloads to URL: https://nikeaplawmprod1.sce.manh.com/pickpack/api/ServiceDefinition/invoke/NIKEEX10PackResultCS_1081
2026-07-01 20:05:21,839 - INFO - Using 20 worker threads for 20 payloads.
2026-07-01 20:05:21,840 - INFO - [PROD] Processing Payload 1/20 for Plant 1081
2026-07-01 20:05:21,843 - INFO - [PROD] Processing Payload 2/20 for Plant 1081
2026-07-01 20:05:21,847 - INFO - [PROD] Processing Payload 3/20 for Plant 1081
2026-07-01 20:05:21,852 - INFO - [PROD] Processing Payload 4/20 for Plant 1081
2026-07-01 20:05:21,852 - INFO - [PROD] Processing Payload 5/20 for Plant 1081
2026-07-01 20:05:21,855 - INFO - [PROD] Processing Payload 6/20 for Plant 1081
2026-07-01 20:05:21,856 - INFO - [PROD] Processing Payload 7/20 for Plant 1081
2026-07-01 20:05:21,856 - INFO - [PROD] Processing Payload 8/20 for Plant 1081
2026-07-01 20:05:21,858 - INFO - [PROD] Processing Payload 9/20 for Plant 1081
2026-07-01 20:05:21,860 - INFO - [PROD] Processing Payload 10/20 for Plant 1081
2026-07-01 20:05:21,861 - INFO - [PROD] Processing Payload 11/20 for Plant 1081
2026-07-01 20:05:21,864 - INFO - [PROD] Processing Payload 12/20 for Plant 1081
2026-07-01 20:05:21,865 - INFO - [PROD] Processing Payload 13/20 for Plant 1081
2026-07-01 20:05:21,867 - INFO - [PROD] Processing Payload 14/20 for Plant 1081
2026-07-01 20:05:21,868 - INFO - [PROD] Processing Payload 15/20 for Plant 1081
2026-07-01 20:05:21,868 - INFO - [PROD] Processing Payload 16/20 for Plant 1081
2026-07-01 20:05:21,869 - INFO - [PROD] Processing Payload 17/20 for Plant 1081
2026-07-01 20:05:21,869 - INFO - [PROD] Processing Payload 18/20 for Plant 1081
2026-07-01 20:05:21,870 - INFO - [PROD] Processing Payload 19/20 for Plant 1081
2026-07-01 20:05:21,871 - INFO - [PROD] Processing Payload 20/20 for Plant 1081
2026-07-01 20:05:25,758 - INFO - Pack Complete run finished. Success: 20, Failed: 0, Total: 20
2026-07-01 20:05:25,759 - INFO - Pack Complete run finished.
2026-07-01 20:05:25,759 - INFO - Waiting 120 seconds before next run...
2026-07-01 20:07:25,763 - INFO - Starting Pack Complete run...
2026-07-01 20:07:26,064 - INFO - Successfully extracted 1 data row(s) for wave information processing.
2026-07-01 20:07:26,064 - INFO - Processing row 1: {'Plant': 1081, 'Environment': 'PROD', 'Wave_number': 'W07012026000000000003;W07012026000000000004'}
2026-07-01 20:07:26,280 - INFO - Processing Task 1/1: Plant 1081 (PROD)
2026-07-01 20:07:26,680 - INFO - Successfully retrieved token.
2026-07-01 20:07:26,682 - INFO - Sending payload to URL: https://nikeaplawmprod1.sce.manh.com/pickpack/api/pickpack/olpn/search
2026-07-01 20:07:26,977 - INFO - Successfully received response for Plant 1081 (PROD)
2026-07-01 20:07:27,366 - INFO - Sending payload to URL: https://nikeaplawmprod1.sce.manh.com/task/api/task/taskDetail/search
2026-07-01 20:07:27,597 - INFO - -> Success: True, Message: None
2026-07-01 20:07:27,603 - INFO - Processing Task 1/1: Plant 1081 (PROD)
2026-07-01 20:07:28,135 - INFO - Successfully retrieved token.
2026-07-01 20:07:28,136 - INFO - Sending payload to URL: https://nikeaplawmprod1.sce.manh.com/pickpack/api/pickpack/olpn/search
2026-07-01 20:07:28,417 - INFO - Successfully received response for Plant 1081 (PROD)
2026-07-01 20:07:28,419 - INFO - Success: Found 20 oLPN row(s) for this task.
2026-07-01 20:07:28,429 - INFO - Processing 20 payloads for Environment: PROD
2026-07-01 20:07:29,808 - INFO - Successfully retrieved token for PROD environment.
2026-07-01 20:07:29,809 - INFO - Sending payloads to URL: https://nikeaplawmprod1.sce.manh.com/pickpack/api/ServiceDefinition/invoke/NIKEEX10PackResultCS_1081
2026-07-01 20:07:29,809 - INFO - Using 20 worker threads for 20 payloads.
2026-07-01 20:07:29,810 - INFO - [PROD] Processing Payload 1/20 for Plant 1081
2026-07-01 20:07:29,810 - INFO - [PROD] Processing Payload 2/20 for Plant 1081
2026-07-01 20:07:29,812 - INFO - [PROD] Processing Payload 3/20 for Plant 1081
2026-07-01 20:07:29,812 - INFO - [PROD] Processing Payload 4/20 for Plant 1081
2026-07-01 20:07:29,821 - INFO - [PROD] Processing Payload 5/20 for Plant 1081
2026-07-01 20:07:29,827 - INFO - [PROD] Processing Payload 6/20 for Plant 1081
2026-07-01 20:07:29,827 - INFO - [PROD] Processing Payload 7/20 for Plant 1081
2026-07-01 20:07:29,829 - INFO - [PROD] Processing Payload 8/20 for Plant 1081
2026-07-01 20:07:29,829 - INFO - [PROD] Processing Payload 9/20 for Plant 1081
2026-07-01 20:07:29,830 - INFO - [PROD] Processing Payload 10/20 for Plant 1081
2026-07-01 20:07:29,833 - INFO - [PROD] Processing Payload 11/20 for Plant 1081
2026-07-01 20:07:29,833 - INFO - [PROD] Processing Payload 12/20 for Plant 1081
2026-07-01 20:07:29,833 - INFO - [PROD] Processing Payload 13/20 for Plant 1081
2026-07-01 20:07:29,833 - INFO - [PROD] Processing Payload 14/20 for Plant 1081
2026-07-01 20:07:29,833 - INFO - [PROD] Processing Payload 15/20 for Plant 1081
2026-07-01 20:07:29,833 - INFO - [PROD] Processing Payload 16/20 for Plant 1081
2026-07-01 20:07:29,834 - INFO - [PROD] Processing Payload 17/20 for Plant 1081
2026-07-01 20:07:29,834 - INFO - [PROD] Processing Payload 18/20 for Plant 1081
2026-07-01 20:07:29,834 - INFO - [PROD] Processing Payload 19/20 for Plant 1081
2026-07-01 20:07:29,834 - INFO - [PROD] Processing Payload 20/20 for Plant 1081
2026-07-01 20:07:31,828 - INFO - Pack Complete run finished. Success: 20, Failed: 0, Total: 20
2026-07-01 20:07:31,830 - INFO - Pack Complete run finished.
2026-07-01 20:07:31,830 - INFO - Waiting 120 seconds before next run...
2026-07-01 20:09:31,838 - INFO - Starting Pack Complete run...
2026-07-01 20:09:32,155 - INFO - Successfully extracted 1 data row(s) for wave information processing.
2026-07-01 20:09:32,155 - INFO - Processing row 1: {'Plant': 1081, 'Environment': 'PROD', 'Wave_number': 'W07012026000000000003;W07012026000000000004'}
2026-07-01 20:09:32,399 - INFO - Processing Task 1/1: Plant 1081 (PROD)
2026-07-01 20:09:32,889 - INFO - Successfully retrieved token.
2026-07-01 20:09:32,890 - INFO - Sending payload to URL: https://nikeaplawmprod1.sce.manh.com/pickpack/api/pickpack/olpn/search
2026-07-01 20:09:33,281 - INFO - Successfully received response for Plant 1081 (PROD)
2026-07-01 20:09:33,673 - INFO - Sending payload to URL: https://nikeaplawmprod1.sce.manh.com/task/api/task/taskDetail/search
2026-07-01 20:09:33,901 - INFO - -> Success: True, Message: None
2026-07-01 20:09:33,907 - INFO - Processing Task 1/1: Plant 1081 (PROD)
2026-07-01 20:09:34,545 - INFO - Successfully retrieved token.
2026-07-01 20:09:34,545 - INFO - Sending payload to URL: https://nikeaplawmprod1.sce.manh.com/pickpack/api/pickpack/olpn/search
2026-07-01 20:09:34,810 - INFO - Successfully received response for Plant 1081 (PROD)
2026-07-01 20:09:34,812 - INFO - Success: Found 20 oLPN row(s) for this task.
2026-07-01 20:09:34,815 - INFO - Processing 20 payloads for Environment: PROD
2026-07-01 20:09:35,298 - INFO - Successfully retrieved token for PROD environment.
2026-07-01 20:09:35,298 - INFO - Sending payloads to URL: https://nikeaplawmprod1.sce.manh.com/pickpack/api/ServiceDefinition/invoke/NIKEEX10PackResultCS_1081
2026-07-01 20:09:35,298 - INFO - Using 20 worker threads for 20 payloads.
2026-07-01 20:09:35,299 - INFO - [PROD] Processing Payload 1/20 for Plant 1081
2026-07-01 20:09:35,299 - INFO - [PROD] Processing Payload 2/20 for Plant 1081
2026-07-01 20:09:35,299 - INFO - [PROD] Processing Payload 3/20 for Plant 1081
2026-07-01 20:09:35,300 - INFO - [PROD] Processing Payload 4/20 for Plant 1081
2026-07-01 20:09:35,303 - INFO - [PROD] Processing Payload 5/20 for Plant 1081
2026-07-01 20:09:35,305 - INFO - [PROD] Processing Payload 6/20 for Plant 1081
2026-07-01 20:09:35,309 - INFO - [PROD] Processing Payload 7/20 for Plant 1081
2026-07-01 20:09:35,311 - INFO - [PROD] Processing Payload 8/20 for Plant 1081
2026-07-01 20:09:35,321 - INFO - [PROD] Processing Payload 9/20 for Plant 1081
2026-07-01 20:09:35,324 - INFO - [PROD] Processing Payload 10/20 for Plant 1081
2026-07-01 20:09:35,325 - INFO - [PROD] Processing Payload 11/20 for Plant 1081
2026-07-01 20:09:35,326 - INFO - [PROD] Processing Payload 12/20 for Plant 1081
2026-07-01 20:09:35,327 - INFO - [PROD] Processing Payload 13/20 for Plant 1081
2026-07-01 20:09:35,327 - INFO - [PROD] Processing Payload 14/20 for Plant 1081
2026-07-01 20:09:35,327 - INFO - [PROD] Processing Payload 15/20 for Plant 1081
2026-07-01 20:09:35,329 - INFO - [PROD] Processing Payload 16/20 for Plant 1081
2026-07-01 20:09:35,329 - INFO - [PROD] Processing Payload 17/20 for Plant 1081
2026-07-01 20:09:35,331 - INFO - [PROD] Processing Payload 18/20 for Plant 1081
2026-07-01 20:09:35,332 - INFO - [PROD] Processing Payload 19/20 for Plant 1081
2026-07-01 20:09:35,334 - INFO - [PROD] Processing Payload 20/20 for Plant 1081
2026-07-01 20:09:43,172 - INFO - Pack Complete run finished. Success: 20, Failed: 0, Total: 20
2026-07-01 20:09:43,174 - INFO - Pack Complete run finished.
2026-07-01 20:09:43,174 - INFO - Waiting 120 seconds before next run...
2026-07-01 20:11:43,181 - INFO - Starting Pack Complete run...
2026-07-01 20:11:43,493 - INFO - Successfully extracted 1 data row(s) for wave information processing.
2026-07-01 20:11:43,493 - INFO - Processing row 1: {'Plant': 1081, 'Environment': 'PROD', 'Wave_number': 'W07012026000000000003;W07012026000000000004'}
2026-07-01 20:11:43,703 - INFO - Processing Task 1/1: Plant 1081 (PROD)
2026-07-01 20:11:44,237 - INFO - Successfully retrieved token.
2026-07-01 20:11:44,237 - INFO - Sending payload to URL: https://nikeaplawmprod1.sce.manh.com/pickpack/api/pickpack/olpn/search
2026-07-01 20:11:44,751 - INFO - Successfully received response for Plant 1081 (PROD)
2026-07-01 20:11:45,111 - INFO - Sending payload to URL: https://nikeaplawmprod1.sce.manh.com/task/api/task/taskDetail/search
2026-07-01 20:11:45,499 - INFO - -> Success: True, Message: None
2026-07-01 20:11:45,503 - INFO - Processing Task 1/1: Plant 1081 (PROD)
2026-07-01 20:11:46,007 - INFO - Successfully retrieved token.
2026-07-01 20:11:46,008 - INFO - Sending payload to URL: https://nikeaplawmprod1.sce.manh.com/pickpack/api/pickpack/olpn/search
2026-07-01 20:11:46,322 - INFO - Successfully received response for Plant 1081 (PROD)
2026-07-01 20:11:46,325 - INFO - Success: Found 7 oLPN row(s) for this task.
2026-07-01 20:11:46,331 - INFO - Processing 7 payloads for Environment: PROD
2026-07-01 20:11:46,742 - INFO - Successfully retrieved token for PROD environment.
2026-07-01 20:11:46,743 - INFO - Sending payloads to URL: https://nikeaplawmprod1.sce.manh.com/pickpack/api/ServiceDefinition/invoke/NIKEEX10PackResultCS_1081
2026-07-01 20:11:46,744 - INFO - Using 7 worker threads for 7 payloads.
2026-07-01 20:11:46,745 - INFO - [PROD] Processing Payload 1/7 for Plant 1081
2026-07-01 20:11:46,749 - INFO - [PROD] Processing Payload 2/7 for Plant 1081
2026-07-01 20:11:46,756 - INFO - [PROD] Processing Payload 3/7 for Plant 1081
2026-07-01 20:11:46,758 - INFO - [PROD] Processing Payload 4/7 for Plant 1081
2026-07-01 20:11:46,759 - INFO - [PROD] Processing Payload 5/7 for Plant 1081
2026-07-01 20:11:46,761 - INFO - [PROD] Processing Payload 6/7 for Plant 1081
2026-07-01 20:11:46,761 - INFO - [PROD] Processing Payload 7/7 for Plant 1081
2026-07-01 20:11:48,105 - INFO - Pack Complete run finished. Success: 7, Failed: 0, Total: 7
2026-07-01 20:11:48,106 - INFO - Pack Complete run finished.
2026-07-01 20:11:48,106 - INFO - Waiting 120 seconds before next run...
2026-07-01 20:13:48,113 - INFO - Starting Pack Complete run...
2026-07-01 20:13:48,403 - INFO - Successfully extracted 1 data row(s) for wave information processing.
2026-07-01 20:13:48,403 - INFO - Processing row 1: {'Plant': 1081, 'Environment': 'PROD', 'Wave_number': 'W07012026000000000003;W07012026000000000004'}
2026-07-01 20:13:48,639 - INFO - Processing Task 1/1: Plant 1081 (PROD)
2026-07-01 20:13:49,128 - INFO - Successfully retrieved token.
2026-07-01 20:13:49,128 - INFO - Sending payload to URL: https://nikeaplawmprod1.sce.manh.com/pickpack/api/pickpack/olpn/search
2026-07-01 20:13:49,402 - INFO - Successfully received response for Plant 1081 (PROD)
2026-07-01 20:13:49,851 - INFO - Sending payload to URL: https://nikeaplawmprod1.sce.manh.com/task/api/task/taskDetail/search
2026-07-01 20:13:50,096 - INFO - -> Success: True, Message: None
2026-07-01 20:13:50,103 - INFO - Processing Task 1/1: Plant 1081 (PROD)
2026-07-01 20:13:50,553 - INFO - Successfully retrieved token.
2026-07-01 20:13:50,554 - INFO - Sending payload to URL: https://nikeaplawmprod1.sce.manh.com/pickpack/api/pickpack/olpn/search
2026-07-01 20:13:50,808 - INFO - Successfully received response for Plant 1081 (PROD)
2026-07-01 20:13:50,808 - INFO - Success: Found 0 oLPN row(s) for this task.
2026-07-01 20:13:50,816 - ERROR - No valid pack complete payload rows were built.
2026-07-01 20:13:50,816 - ERROR - No payload were generated in Pack Complete Payload program
2026-07-01 20:13:50,816 - INFO - Pack Complete run finished.
2026-07-01 20:13:50,816 - INFO - Waiting 120 seconds before next run...
2026-07-01 20:15:50,819 - INFO - Starting Pack Complete run...
2026-07-01 20:15:51,130 - INFO - Successfully extracted 1 data row(s) for wave information processing.
2026-07-01 20:15:51,130 - INFO - Processing row 1: {'Plant': 1081, 'Environment': 'PROD', 'Wave_number': 'W07012026000000000003;W07012026000000000004'}
2026-07-01 20:15:51,347 - INFO - Processing Task 1/1: Plant 1081 (PROD)
2026-07-01 20:15:51,772 - INFO - Successfully retrieved token.
2026-07-01 20:15:51,772 - INFO - Sending payload to URL: https://nikeaplawmprod1.sce.manh.com/pickpack/api/pickpack/olpn/search
2026-07-01 20:15:52,053 - INFO - Successfully received response for Plant 1081 (PROD)
2026-07-01 20:15:52,477 - INFO - Sending payload to URL: https://nikeaplawmprod1.sce.manh.com/task/api/task/taskDetail/search
2026-07-01 20:15:52,701 - INFO - -> Success: True, Message: None
2026-07-01 20:15:52,707 - INFO - Processing Task 1/1: Plant 1081 (PROD)
2026-07-01 20:15:53,107 - INFO - Successfully retrieved token.
2026-07-01 20:15:53,108 - INFO - Sending payload to URL: https://nikeaplawmprod1.sce.manh.com/pickpack/api/pickpack/olpn/search
2026-07-01 20:15:53,329 - INFO - Successfully received response for Plant 1081 (PROD)
2026-07-01 20:15:53,330 - INFO - Success: Found 0 oLPN row(s) for this task.
2026-07-01 20:15:53,333 - ERROR - No valid pack complete payload rows were built.
2026-07-01 20:15:53,333 - ERROR - No payload were generated in Pack Complete Payload program
2026-07-01 20:15:53,333 - INFO - Pack Complete run finished.
2026-07-01 20:15:53,334 - INFO - Waiting 120 seconds before next run...
2026-07-01 20:17:53,338 - INFO - Starting Pack Complete run...
2026-07-01 20:17:53,662 - INFO - Successfully extracted 1 data row(s) for wave information processing.
2026-07-01 20:17:53,662 - INFO - Processing row 1: {'Plant': 1081, 'Environment': 'PROD', 'Wave_number': 'W07012026000000000003;W07012026000000000004'}
2026-07-01 20:17:53,913 - INFO - Processing Task 1/1: Plant 1081 (PROD)
2026-07-01 20:17:54,408 - INFO - Successfully retrieved token.
2026-07-01 20:17:54,409 - INFO - Sending payload to URL: https://nikeaplawmprod1.sce.manh.com/pickpack/api/pickpack/olpn/search
2026-07-01 20:17:54,699 - INFO - Successfully received response for Plant 1081 (PROD)
2026-07-01 20:17:55,156 - INFO - Sending payload to URL: https://nikeaplawmprod1.sce.manh.com/task/api/task/taskDetail/search
2026-07-01 20:17:55,374 - INFO - -> Success: True, Message: None
2026-07-01 20:17:55,381 - INFO - Processing Task 1/1: Plant 1081 (PROD)
2026-07-01 20:17:55,824 - INFO - Successfully retrieved token.
2026-07-01 20:17:55,825 - INFO - Sending payload to URL: https://nikeaplawmprod1.sce.manh.com/pickpack/api/pickpack/olpn/search
2026-07-01 20:17:56,021 - INFO - Successfully received response for Plant 1081 (PROD)
2026-07-01 20:17:56,022 - INFO - Success: Found 0 oLPN row(s) for this task.
2026-07-01 20:17:56,028 - ERROR - No valid pack complete payload rows were built.
2026-07-01 20:17:56,029 - ERROR - No payload were generated in Pack Complete Payload program
2026-07-01 20:17:56,029 - INFO - Pack Complete run finished.
2026-07-01 20:17:56,029 - INFO - Waiting 120 seconds before next run...
2026-07-01 20:19:56,034 - INFO - Starting Pack Complete run...
2026-07-01 20:19:56,340 - INFO - Successfully extracted 1 data row(s) for wave information processing.
2026-07-01 20:19:56,340 - INFO - Processing row 1: {'Plant': 1081, 'Environment': 'PROD', 'Wave_number': 'W07012026000000000003;W07012026000000000004'}
2026-07-01 20:19:56,555 - INFO - Processing Task 1/1: Plant 1081 (PROD)
2026-07-01 20:19:57,016 - INFO - Successfully retrieved token.
2026-07-01 20:19:57,017 - INFO - Sending payload to URL: https://nikeaplawmprod1.sce.manh.com/pickpack/api/pickpack/olpn/search
2026-07-01 20:19:57,310 - INFO - Successfully received response for Plant 1081 (PROD)
2026-07-01 20:19:57,710 - INFO - Sending payload to URL: https://nikeaplawmprod1.sce.manh.com/task/api/task/taskDetail/search
2026-07-01 20:19:57,914 - INFO - -> Success: True, Message: None
2026-07-01 20:19:57,919 - INFO - Processing Task 1/1: Plant 1081 (PROD)
2026-07-01 20:19:58,333 - INFO - Successfully retrieved token.
2026-07-01 20:19:58,334 - INFO - Sending payload to URL: https://nikeaplawmprod1.sce.manh.com/pickpack/api/pickpack/olpn/search
2026-07-01 20:19:58,581 - INFO - Successfully received response for Plant 1081 (PROD)
2026-07-01 20:19:58,581 - INFO - Success: Found 0 oLPN row(s) for this task.
2026-07-01 20:19:58,586 - ERROR - No valid pack complete payload rows were built.
2026-07-01 20:19:58,586 - ERROR - No payload were generated in Pack Complete Payload program
2026-07-01 20:19:58,586 - INFO - Pack Complete run finished.
2026-07-01 20:19:58,586 - INFO - Waiting 120 seconds before next run...
2026-07-01 20:21:58,591 - INFO - Starting Pack Complete run...
2026-07-01 20:21:58,887 - INFO - Successfully extracted 1 data row(s) for wave information processing.
2026-07-01 20:21:58,887 - INFO - Processing row 1: {'Plant': 1081, 'Environment': 'PROD', 'Wave_number': 'W07012026000000000003;W07012026000000000004'}
2026-07-01 20:21:59,124 - INFO - Processing Task 1/1: Plant 1081 (PROD)
2026-07-01 20:21:59,583 - INFO - Successfully retrieved token.
2026-07-01 20:21:59,583 - INFO - Sending payload to URL: https://nikeaplawmprod1.sce.manh.com/pickpack/api/pickpack/olpn/search
2026-07-01 20:21:59,911 - INFO - Successfully received response for Plant 1081 (PROD)
2026-07-01 20:22:00,552 - INFO - Sending payload to URL: https://nikeaplawmprod1.sce.manh.com/task/api/task/taskDetail/search
2026-07-01 20:22:00,785 - INFO - -> Success: True, Message: None
2026-07-01 20:22:00,787 - INFO - Processing Task 1/1: Plant 1081 (PROD)
2026-07-01 20:22:01,254 - INFO - Successfully retrieved token.
2026-07-01 20:22:01,255 - INFO - Sending payload to URL: https://nikeaplawmprod1.sce.manh.com/pickpack/api/pickpack/olpn/search
2026-07-01 20:22:01,477 - INFO - Successfully received response for Plant 1081 (PROD)
2026-07-01 20:22:01,478 - INFO - Success: Found 0 oLPN row(s) for this task.
2026-07-01 20:22:01,482 - ERROR - No valid pack complete payload rows were built.
2026-07-01 20:22:01,483 - ERROR - No payload were generated in Pack Complete Payload program
2026-07-01 20:22:01,483 - INFO - Pack Complete run finished.
2026-07-01 20:22:01,483 - INFO - Waiting 120 seconds before next run...
2026-07-01 20:24:01,488 - INFO - Starting Pack Complete run...
2026-07-01 20:24:01,838 - INFO - Successfully extracted 1 data row(s) for wave information processing.
2026-07-01 20:24:01,838 - INFO - Processing row 1: {'Plant': 1081, 'Environment': 'PROD', 'Wave_number': 'W07012026000000000003;W07012026000000000004'}
2026-07-01 20:24:02,038 - INFO - Processing Task 1/1: Plant 1081 (PROD)
2026-07-01 20:24:02,558 - INFO - Successfully retrieved token.
2026-07-01 20:24:02,559 - INFO - Sending payload to URL: https://nikeaplawmprod1.sce.manh.com/pickpack/api/pickpack/olpn/search
2026-07-01 20:24:02,839 - INFO - Successfully received response for Plant 1081 (PROD)
2026-07-01 20:24:03,270 - INFO - Sending payload to URL: https://nikeaplawmprod1.sce.manh.com/task/api/task/taskDetail/search
2026-07-01 20:24:03,502 - INFO - -> Success: True, Message: None
2026-07-01 20:24:03,509 - INFO - Processing Task 1/1: Plant 1081 (PROD)
2026-07-01 20:24:03,989 - INFO - Successfully retrieved token.
2026-07-01 20:24:03,990 - INFO - Sending payload to URL: https://nikeaplawmprod1.sce.manh.com/pickpack/api/pickpack/olpn/search
2026-07-01 20:24:04,206 - INFO - Successfully received response for Plant 1081 (PROD)
2026-07-01 20:24:04,207 - INFO - Success: Found 0 oLPN row(s) for this task.
2026-07-01 20:24:04,215 - ERROR - No valid pack complete payload rows were built.
2026-07-01 20:24:04,215 - ERROR - No payload were generated in Pack Complete Payload program
2026-07-01 20:24:04,217 - INFO - Pack Complete run finished.
2026-07-01 20:24:04,217 - INFO - Waiting 120 seconds before next run...
2026-07-01 20:26:04,220 - INFO - Starting Pack Complete run...
2026-07-01 20:26:04,516 - INFO - Successfully extracted 1 data row(s) for wave information processing.
2026-07-01 20:26:04,516 - INFO - Processing row 1: {'Plant': 1081, 'Environment': 'PROD', 'Wave_number': 'W07012026000000000003;W07012026000000000004'}
2026-07-01 20:26:04,751 - INFO - Processing Task 1/1: Plant 1081 (PROD)
2026-07-01 20:26:05,332 - INFO - Successfully retrieved token.
2026-07-01 20:26:05,333 - INFO - Sending payload to URL: https://nikeaplawmprod1.sce.manh.com/pickpack/api/pickpack/olpn/search
2026-07-01 20:26:05,631 - INFO - Successfully received response for Plant 1081 (PROD)
2026-07-01 20:26:06,047 - INFO - Sending payload to URL: https://nikeaplawmprod1.sce.manh.com/task/api/task/taskDetail/search
2026-07-01 20:26:06,280 - INFO - -> Success: True, Message: None
2026-07-01 20:26:06,285 - INFO - Processing Task 1/1: Plant 1081 (PROD)
2026-07-01 20:26:06,750 - INFO - Successfully retrieved token.
2026-07-01 20:26:06,751 - INFO - Sending payload to URL: https://nikeaplawmprod1.sce.manh.com/pickpack/api/pickpack/olpn/search
2026-07-01 20:26:06,968 - INFO - Successfully received response for Plant 1081 (PROD)
2026-07-01 20:26:06,968 - INFO - Success: Found 0 oLPN row(s) for this task.
2026-07-01 20:26:06,972 - ERROR - No valid pack complete payload rows were built.
2026-07-01 20:26:06,972 - ERROR - No payload were generated in Pack Complete Payload program
2026-07-01 20:26:06,973 - INFO - Pack Complete run finished.
2026-07-01 20:26:06,973 - INFO - Waiting 120 seconds before next run...
2026-07-01 20:28:06,977 - INFO - Starting Pack Complete run...
2026-07-01 20:28:07,265 - INFO - Successfully extracted 1 data row(s) for wave information processing.
2026-07-01 20:28:07,266 - INFO - Processing row 1: {'Plant': 1081, 'Environment': 'PROD', 'Wave_number': 'W07012026000000000003;W07012026000000000004'}
2026-07-01 20:28:07,473 - INFO - Processing Task 1/1: Plant 1081 (PROD)
2026-07-01 20:28:07,931 - INFO - Successfully retrieved token.
2026-07-01 20:28:07,932 - INFO - Sending payload to URL: https://nikeaplawmprod1.sce.manh.com/pickpack/api/pickpack/olpn/search
2026-07-01 20:28:08,304 - INFO - Successfully received response for Plant 1081 (PROD)
2026-07-01 20:28:08,722 - INFO - Sending payload to URL: https://nikeaplawmprod1.sce.manh.com/task/api/task/taskDetail/search
2026-07-01 20:28:08,950 - INFO - -> Success: True, Message: None
2026-07-01 20:28:08,958 - INFO - Processing Task 1/1: Plant 1081 (PROD)
2026-07-01 20:28:09,539 - INFO - Successfully retrieved token.
2026-07-01 20:28:09,539 - INFO - Sending payload to URL: https://nikeaplawmprod1.sce.manh.com/pickpack/api/pickpack/olpn/search
2026-07-01 20:28:09,814 - INFO - Successfully received response for Plant 1081 (PROD)
2026-07-01 20:28:09,822 - INFO - Success: Found 15 oLPN row(s) for this task.
2026-07-01 20:28:09,827 - INFO - Processing 15 payloads for Environment: PROD
2026-07-01 20:28:10,259 - INFO - Successfully retrieved token for PROD environment.
2026-07-01 20:28:10,259 - INFO - Sending payloads to URL: https://nikeaplawmprod1.sce.manh.com/pickpack/api/ServiceDefinition/invoke/NIKEEX10PackResultCS_1081
2026-07-01 20:28:10,259 - INFO - Using 15 worker threads for 15 payloads.
2026-07-01 20:28:10,260 - INFO - [PROD] Processing Payload 1/15 for Plant 1081
2026-07-01 20:28:10,262 - INFO - [PROD] Processing Payload 2/15 for Plant 1081
2026-07-01 20:28:10,264 - INFO - [PROD] Processing Payload 3/15 for Plant 1081
2026-07-01 20:28:10,268 - INFO - [PROD] Processing Payload 4/15 for Plant 1081
2026-07-01 20:28:10,273 - INFO - [PROD] Processing Payload 5/15 for Plant 1081
2026-07-01 20:28:10,273 - INFO - [PROD] Processing Payload 6/15 for Plant 1081
2026-07-01 20:28:10,274 - INFO - [PROD] Processing Payload 7/15 for Plant 1081
2026-07-01 20:28:10,274 - INFO - [PROD] Processing Payload 8/15 for Plant 1081
2026-07-01 20:28:10,275 - INFO - [PROD] Processing Payload 9/15 for Plant 1081
2026-07-01 20:28:10,276 - INFO - [PROD] Processing Payload 10/15 for Plant 1081
2026-07-01 20:28:10,276 - INFO - [PROD] Processing Payload 11/15 for Plant 1081
2026-07-01 20:28:10,276 - INFO - [PROD] Processing Payload 12/15 for Plant 1081
2026-07-01 20:28:10,276 - INFO - [PROD] Processing Payload 13/15 for Plant 1081
2026-07-01 20:28:10,276 - INFO - [PROD] Processing Payload 14/15 for Plant 1081
2026-07-01 20:28:10,277 - INFO - [PROD] Processing Payload 15/15 for Plant 1081
2026-07-01 20:28:11,986 - INFO - Pack Complete run finished. Success: 15, Failed: 0, Total: 15
2026-07-01 20:28:11,987 - INFO - Pack Complete run finished.
2026-07-01 20:28:11,987 - INFO - Waiting 120 seconds before next run...
2026-07-01 20:30:11,992 - INFO - Starting Pack Complete run...
2026-07-01 20:30:12,280 - INFO - Successfully extracted 1 data row(s) for wave information processing.
2026-07-01 20:30:12,280 - INFO - Processing row 1: {'Plant': 1081, 'Environment': 'PROD', 'Wave_number': 'W07012026000000000003;W07012026000000000004'}
2026-07-01 20:30:12,516 - INFO - Processing Task 1/1: Plant 1081 (PROD)
2026-07-01 20:30:13,034 - INFO - Successfully retrieved token.
2026-07-01 20:30:13,036 - INFO - Sending payload to URL: https://nikeaplawmprod1.sce.manh.com/pickpack/api/pickpack/olpn/search
2026-07-01 20:30:13,353 - INFO - Successfully received response for Plant 1081 (PROD)
2026-07-01 20:30:13,754 - INFO - Sending payload to URL: https://nikeaplawmprod1.sce.manh.com/task/api/task/taskDetail/search
2026-07-01 20:30:13,987 - INFO - -> Success: True, Message: None
2026-07-01 20:30:13,992 - INFO - Processing Task 1/1: Plant 1081 (PROD)
2026-07-01 20:30:14,401 - INFO - Successfully retrieved token.
2026-07-01 20:30:14,402 - INFO - Sending payload to URL: https://nikeaplawmprod1.sce.manh.com/pickpack/api/pickpack/olpn/search
2026-07-01 20:30:14,632 - INFO - Successfully received response for Plant 1081 (PROD)
2026-07-01 20:30:14,633 - INFO - Success: Found 20 oLPN row(s) for this task.
2026-07-01 20:30:14,637 - INFO - Processing 20 payloads for Environment: PROD
2026-07-01 20:30:15,084 - INFO - Successfully retrieved token for PROD environment.
2026-07-01 20:30:15,085 - INFO - Sending payloads to URL: https://nikeaplawmprod1.sce.manh.com/pickpack/api/ServiceDefinition/invoke/NIKEEX10PackResultCS_1081
2026-07-01 20:30:15,085 - INFO - Using 20 worker threads for 20 payloads.
2026-07-01 20:30:15,086 - INFO - [PROD] Processing Payload 1/20 for Plant 1081
2026-07-01 20:30:15,086 - INFO - [PROD] Processing Payload 2/20 for Plant 1081
2026-07-01 20:30:15,086 - INFO - [PROD] Processing Payload 3/20 for Plant 1081
2026-07-01 20:30:15,087 - INFO - [PROD] Processing Payload 4/20 for Plant 1081
2026-07-01 20:30:15,088 - INFO - [PROD] Processing Payload 5/20 for Plant 1081
2026-07-01 20:30:15,092 - INFO - [PROD] Processing Payload 9/20 for Plant 1081
2026-07-01 20:30:15,088 - INFO - [PROD] Processing Payload 6/20 for Plant 1081
2026-07-01 20:30:15,088 - INFO - [PROD] Processing Payload 7/20 for Plant 1081
2026-07-01 20:30:15,088 - INFO - [PROD] Processing Payload 8/20 for Plant 1081
2026-07-01 20:30:15,102 - INFO - [PROD] Processing Payload 10/20 for Plant 1081
2026-07-01 20:30:15,104 - INFO - [PROD] Processing Payload 11/20 for Plant 1081
2026-07-01 20:30:15,105 - INFO - [PROD] Processing Payload 12/20 for Plant 1081
2026-07-01 20:30:15,105 - INFO - [PROD] Processing Payload 13/20 for Plant 1081
2026-07-01 20:30:15,106 - INFO - [PROD] Processing Payload 14/20 for Plant 1081
2026-07-01 20:30:15,106 - INFO - [PROD] Processing Payload 15/20 for Plant 1081
2026-07-01 20:30:15,108 - INFO - [PROD] Processing Payload 16/20 for Plant 1081
2026-07-01 20:30:15,108 - INFO - [PROD] Processing Payload 17/20 for Plant 1081
2026-07-01 20:30:15,109 - INFO - [PROD] Processing Payload 18/20 for Plant 1081
2026-07-01 20:30:15,110 - INFO - [PROD] Processing Payload 19/20 for Plant 1081
2026-07-01 20:30:15,110 - INFO - [PROD] Processing Payload 20/20 for Plant 1081
2026-07-01 20:30:17,230 - INFO - Pack Complete run finished. Success: 20, Failed: 0, Total: 20
2026-07-01 20:30:17,231 - INFO - Pack Complete run finished.
2026-07-01 20:30:17,231 - INFO - Waiting 120 seconds before next run...
2026-07-01 20:32:17,235 - INFO - Starting Pack Complete run...
2026-07-01 20:32:17,518 - INFO - Successfully extracted 1 data row(s) for wave information processing.
2026-07-01 20:32:17,518 - INFO - Processing row 1: {'Plant': 1081, 'Environment': 'PROD', 'Wave_number': 'W07012026000000000003;W07012026000000000004'}
2026-07-01 20:32:17,723 - INFO - Processing Task 1/1: Plant 1081 (PROD)
2026-07-01 20:32:18,462 - INFO - Successfully retrieved token.
2026-07-01 20:32:18,463 - INFO - Sending payload to URL: https://nikeaplawmprod1.sce.manh.com/pickpack/api/pickpack/olpn/search
2026-07-01 20:32:18,758 - INFO - Successfully received response for Plant 1081 (PROD)
2026-07-01 20:32:19,203 - INFO - Sending payload to URL: https://nikeaplawmprod1.sce.manh.com/task/api/task/taskDetail/search
2026-07-01 20:32:19,440 - INFO - -> Success: True, Message: None
2026-07-01 20:32:19,443 - INFO - Processing Task 1/1: Plant 1081 (PROD)
2026-07-01 20:32:19,906 - INFO - Successfully retrieved token.
2026-07-01 20:32:19,906 - INFO - Sending payload to URL: https://nikeaplawmprod1.sce.manh.com/pickpack/api/pickpack/olpn/search
2026-07-01 20:32:20,149 - INFO - Successfully received response for Plant 1081 (PROD)
2026-07-01 20:32:20,156 - INFO - Success: Found 18 oLPN row(s) for this task.
2026-07-01 20:32:20,161 - INFO - Processing 18 payloads for Environment: PROD
2026-07-01 20:32:20,550 - INFO - Successfully retrieved token for PROD environment.
2026-07-01 20:32:20,551 - INFO - Sending payloads to URL: https://nikeaplawmprod1.sce.manh.com/pickpack/api/ServiceDefinition/invoke/NIKEEX10PackResultCS_1081
2026-07-01 20:32:20,551 - INFO - Using 18 worker threads for 18 payloads.
2026-07-01 20:32:20,551 - INFO - [PROD] Processing Payload 1/18 for Plant 1081
2026-07-01 20:32:20,551 - INFO - [PROD] Processing Payload 2/18 for Plant 1081
2026-07-01 20:32:20,553 - INFO - [PROD] Processing Payload 3/18 for Plant 1081
2026-07-01 20:32:20,553 - INFO - [PROD] Processing Payload 4/18 for Plant 1081
2026-07-01 20:32:20,557 - INFO - [PROD] Processing Payload 5/18 for Plant 1081
2026-07-01 20:32:20,562 - INFO - [PROD] Processing Payload 6/18 for Plant 1081
2026-07-01 20:32:20,564 - INFO - [PROD] Processing Payload 7/18 for Plant 1081
2026-07-01 20:32:20,566 - INFO - [PROD] Processing Payload 8/18 for Plant 1081
2026-07-01 20:32:20,581 - INFO - [PROD] Processing Payload 9/18 for Plant 1081
2026-07-01 20:32:20,583 - INFO - [PROD] Processing Payload 10/18 for Plant 1081
2026-07-01 20:32:20,585 - INFO - [PROD] Processing Payload 11/18 for Plant 1081
2026-07-01 20:32:20,587 - INFO - [PROD] Processing Payload 12/18 for Plant 1081
2026-07-01 20:32:20,587 - INFO - [PROD] Processing Payload 13/18 for Plant 1081
2026-07-01 20:32:20,587 - INFO - [PROD] Processing Payload 14/18 for Plant 1081
2026-07-01 20:32:20,588 - INFO - [PROD] Processing Payload 15/18 for Plant 1081
2026-07-01 20:32:20,589 - INFO - [PROD] Processing Payload 16/18 for Plant 1081
2026-07-01 20:32:20,590 - INFO - [PROD] Processing Payload 17/18 for Plant 1081
2026-07-01 20:32:20,591 - INFO - [PROD] Processing Payload 18/18 for Plant 1081
2026-07-01 20:32:22,507 - INFO - Pack Complete run finished. Success: 18, Failed: 0, Total: 18
2026-07-01 20:32:22,508 - INFO - Pack Complete run finished.
2026-07-01 20:32:22,508 - INFO - Waiting 120 seconds before next run...
2026-07-01 20:34:22,513 - INFO - Starting Pack Complete run...
2026-07-01 20:34:22,753 - INFO - Successfully extracted 1 data row(s) for wave information processing.
2026-07-01 20:34:22,753 - INFO - Processing row 1: {'Plant': 1081, 'Environment': 'PROD', 'Wave_number': 'W07012026000000000003;W07012026000000000004'}
2026-07-01 20:34:22,992 - INFO - Processing Task 1/1: Plant 1081 (PROD)
2026-07-01 20:34:23,528 - INFO - Successfully retrieved token.
2026-07-01 20:34:23,528 - INFO - Sending payload to URL: https://nikeaplawmprod1.sce.manh.com/pickpack/api/pickpack/olpn/search
2026-07-01 20:34:23,814 - INFO - Successfully received response for Plant 1081 (PROD)
2026-07-01 20:34:24,256 - INFO - Sending payload to URL: https://nikeaplawmprod1.sce.manh.com/task/api/task/taskDetail/search
2026-07-01 20:34:24,466 - INFO - -> Success: True, Message: None
2026-07-01 20:34:24,467 - INFO - Processing Task 1/1: Plant 1081 (PROD)
2026-07-01 20:34:24,936 - INFO - Successfully retrieved token.
2026-07-01 20:34:24,937 - INFO - Sending payload to URL: https://nikeaplawmprod1.sce.manh.com/pickpack/api/pickpack/olpn/search
2026-07-01 20:34:25,152 - INFO - Successfully received response for Plant 1081 (PROD)
2026-07-01 20:34:25,153 - INFO - Success: Found 2 oLPN row(s) for this task.
2026-07-01 20:34:25,155 - INFO - Processing 2 payloads for Environment: PROD
2026-07-01 20:34:25,553 - INFO - Successfully retrieved token for PROD environment.
2026-07-01 20:34:25,553 - INFO - Sending payloads to URL: https://nikeaplawmprod1.sce.manh.com/pickpack/api/ServiceDefinition/invoke/NIKEEX10PackResultCS_1081
2026-07-01 20:34:25,553 - INFO - Using 2 worker threads for 2 payloads.
2026-07-01 20:34:25,554 - INFO - [PROD] Processing Payload 1/2 for Plant 1081
2026-07-01 20:34:25,554 - INFO - [PROD] Processing Payload 2/2 for Plant 1081
2026-07-01 20:34:29,197 - INFO - Pack Complete run finished. Success: 2, Failed: 0, Total: 2
2026-07-01 20:34:29,198 - INFO - Pack Complete run finished.
2026-07-01 20:34:29,198 - INFO - Waiting 120 seconds before next run...
2026-07-01 20:36:29,202 - INFO - Starting Pack Complete run...
2026-07-01 20:36:29,445 - INFO - Successfully extracted 1 data row(s) for wave information processing.
2026-07-01 20:36:29,445 - INFO - Processing row 1: {'Plant': 1081, 'Environment': 'PROD', 'Wave_number': 'W07012026000000000003;W07012026000000000004'}
2026-07-01 20:36:29,651 - INFO - Processing Task 1/1: Plant 1081 (PROD)
2026-07-01 20:36:30,134 - INFO - Successfully retrieved token.
2026-07-01 20:36:30,134 - INFO - Sending payload to URL: https://nikeaplawmprod1.sce.manh.com/pickpack/api/pickpack/olpn/search
2026-07-01 20:36:30,426 - INFO - Successfully received response for Plant 1081 (PROD)
2026-07-01 20:36:30,886 - INFO - Sending payload to URL: https://nikeaplawmprod1.sce.manh.com/task/api/task/taskDetail/search
2026-07-01 20:36:31,098 - INFO - -> Success: True, Message: None
2026-07-01 20:36:31,102 - INFO - Processing Task 1/1: Plant 1081 (PROD)
2026-07-01 20:36:31,463 - INFO - Successfully retrieved token.
2026-07-01 20:36:31,463 - INFO - Sending payload to URL: https://nikeaplawmprod1.sce.manh.com/pickpack/api/pickpack/olpn/search
2026-07-01 20:36:31,691 - INFO - Successfully received response for Plant 1081 (PROD)
2026-07-01 20:36:31,692 - INFO - Success: Found 6 oLPN row(s) for this task.
2026-07-01 20:36:31,694 - INFO - Processing 6 payloads for Environment: PROD
2026-07-01 20:36:32,114 - INFO - Successfully retrieved token for PROD environment.
2026-07-01 20:36:32,114 - INFO - Sending payloads to URL: https://nikeaplawmprod1.sce.manh.com/pickpack/api/ServiceDefinition/invoke/NIKEEX10PackResultCS_1081
2026-07-01 20:36:32,114 - INFO - Using 6 worker threads for 6 payloads.
2026-07-01 20:36:32,115 - INFO - [PROD] Processing Payload 1/6 for Plant 1081
2026-07-01 20:36:32,115 - INFO - [PROD] Processing Payload 2/6 for Plant 1081
2026-07-01 20:36:32,115 - INFO - [PROD] Processing Payload 3/6 for Plant 1081
2026-07-01 20:36:32,117 - INFO - [PROD] Processing Payload 4/6 for Plant 1081
2026-07-01 20:36:32,118 - INFO - [PROD] Processing Payload 5/6 for Plant 1081
2026-07-01 20:36:32,119 - INFO - [PROD] Processing Payload 6/6 for Plant 1081
2026-07-01 20:36:33,176 - INFO - Pack Complete run finished. Success: 6, Failed: 0, Total: 6
2026-07-01 20:36:33,176 - INFO - Pack Complete run finished.
2026-07-01 20:36:33,177 - INFO - Waiting 120 seconds before next run...
2026-07-01 20:38:33,178 - INFO - Starting Pack Complete run...
2026-07-01 20:38:33,408 - INFO - Successfully extracted 1 data row(s) for wave information processing.
2026-07-01 20:38:33,408 - INFO - Processing row 1: {'Plant': 1081, 'Environment': 'PROD', 'Wave_number': 'W07012026000000000003;W07012026000000000004'}
2026-07-01 20:38:33,637 - INFO - Processing Task 1/1: Plant 1081 (PROD)
2026-07-01 20:38:34,165 - INFO - Successfully retrieved token.
2026-07-01 20:38:34,165 - INFO - Sending payload to URL: https://nikeaplawmprod1.sce.manh.com/pickpack/api/pickpack/olpn/search
2026-07-01 20:38:34,445 - INFO - Successfully received response for Plant 1081 (PROD)
2026-07-01 20:38:34,891 - INFO - Sending payload to URL: https://nikeaplawmprod1.sce.manh.com/task/api/task/taskDetail/search
2026-07-01 20:38:35,102 - INFO - -> Success: True, Message: None
2026-07-01 20:38:35,105 - INFO - Processing Task 1/1: Plant 1081 (PROD)
2026-07-01 20:38:35,538 - INFO - Successfully retrieved token.
2026-07-01 20:38:35,539 - INFO - Sending payload to URL: https://nikeaplawmprod1.sce.manh.com/pickpack/api/pickpack/olpn/search
2026-07-01 20:38:35,781 - INFO - Successfully received response for Plant 1081 (PROD)
2026-07-01 20:38:35,782 - INFO - Success: Found 16 oLPN row(s) for this task.
2026-07-01 20:38:35,785 - INFO - Processing 16 payloads for Environment: PROD
2026-07-01 20:38:36,193 - INFO - Successfully retrieved token for PROD environment.
2026-07-01 20:38:36,193 - INFO - Sending payloads to URL: https://nikeaplawmprod1.sce.manh.com/pickpack/api/ServiceDefinition/invoke/NIKEEX10PackResultCS_1081
2026-07-01 20:38:36,193 - INFO - Using 16 worker threads for 16 payloads.
2026-07-01 20:38:36,193 - INFO - [PROD] Processing Payload 1/16 for Plant 1081
2026-07-01 20:38:36,194 - INFO - [PROD] Processing Payload 2/16 for Plant 1081
2026-07-01 20:38:36,195 - INFO - [PROD] Processing Payload 3/16 for Plant 1081
2026-07-01 20:38:36,195 - INFO - [PROD] Processing Payload 4/16 for Plant 1081
2026-07-01 20:38:36,196 - INFO - [PROD] Processing Payload 5/16 for Plant 1081
2026-07-01 20:38:36,196 - INFO - [PROD] Processing Payload 6/16 for Plant 1081
2026-07-01 20:38:36,199 - INFO - [PROD] Processing Payload 7/16 for Plant 1081
2026-07-01 20:38:36,200 - INFO - [PROD] Processing Payload 8/16 for Plant 1081
2026-07-01 20:38:36,201 - INFO - [PROD] Processing Payload 9/16 for Plant 1081
2026-07-01 20:38:36,202 - INFO - [PROD] Processing Payload 10/16 for Plant 1081
2026-07-01 20:38:36,204 - INFO - [PROD] Processing Payload 11/16 for Plant 1081
2026-07-01 20:38:36,205 - INFO - [PROD] Processing Payload 12/16 for Plant 1081
2026-07-01 20:38:36,206 - INFO - [PROD] Processing Payload 13/16 for Plant 1081
2026-07-01 20:38:36,206 - INFO - [PROD] Processing Payload 14/16 for Plant 1081
2026-07-01 20:38:36,207 - INFO - [PROD] Processing Payload 15/16 for Plant 1081
2026-07-01 20:38:36,208 - INFO - [PROD] Processing Payload 16/16 for Plant 1081
2026-07-01 20:38:38,194 - INFO - Pack Complete run finished. Success: 16, Failed: 0, Total: 16
2026-07-01 20:38:38,195 - INFO - Pack Complete run finished.
2026-07-01 20:38:38,195 - INFO - Waiting 120 seconds before next run...
2026-07-01 20:40:38,196 - INFO - Starting Pack Complete run...
2026-07-01 20:40:38,486 - INFO - Successfully extracted 1 data row(s) for wave information processing.
2026-07-01 20:40:38,486 - INFO - Processing row 1: {'Plant': 1081, 'Environment': 'PROD', 'Wave_number': 'W07012026000000000003;W07012026000000000004'}
2026-07-01 20:40:38,721 - INFO - Processing Task 1/1: Plant 1081 (PROD)
2026-07-01 20:40:39,249 - INFO - Successfully retrieved token.
2026-07-01 20:40:39,250 - INFO - Sending payload to URL: https://nikeaplawmprod1.sce.manh.com/pickpack/api/pickpack/olpn/search
2026-07-01 20:40:39,533 - INFO - Successfully received response for Plant 1081 (PROD)
2026-07-01 20:40:39,960 - INFO - Sending payload to URL: https://nikeaplawmprod1.sce.manh.com/task/api/task/taskDetail/search
2026-07-01 20:40:40,204 - INFO - -> Success: True, Message: None
2026-07-01 20:40:40,210 - INFO - Processing Task 1/1: Plant 1081 (PROD)
2026-07-01 20:40:40,845 - INFO - Successfully retrieved token.
2026-07-01 20:40:40,845 - INFO - Sending payload to URL: https://nikeaplawmprod1.sce.manh.com/pickpack/api/pickpack/olpn/search
2026-07-01 20:40:41,079 - INFO - Successfully received response for Plant 1081 (PROD)
2026-07-01 20:40:41,081 - INFO - Success: Found 7 oLPN row(s) for this task.
2026-07-01 20:40:41,085 - INFO - Processing 7 payloads for Environment: PROD
2026-07-01 20:40:41,480 - INFO - Successfully retrieved token for PROD environment.
2026-07-01 20:40:41,481 - INFO - Sending payloads to URL: https://nikeaplawmprod1.sce.manh.com/pickpack/api/ServiceDefinition/invoke/NIKEEX10PackResultCS_1081
2026-07-01 20:40:41,481 - INFO - Using 7 worker threads for 7 payloads.
2026-07-01 20:40:41,481 - INFO - [PROD] Processing Payload 1/7 for Plant 1081
2026-07-01 20:40:41,482 - INFO - [PROD] Processing Payload 2/7 for Plant 1081
2026-07-01 20:40:41,484 - INFO - [PROD] Processing Payload 3/7 for Plant 1081
2026-07-01 20:40:41,485 - INFO - [PROD] Processing Payload 4/7 for Plant 1081
2026-07-01 20:40:41,486 - INFO - [PROD] Processing Payload 5/7 for Plant 1081
2026-07-01 20:40:41,487 - INFO - [PROD] Processing Payload 6/7 for Plant 1081
2026-07-01 20:40:41,488 - INFO - [PROD] Processing Payload 7/7 for Plant 1081
2026-07-01 20:40:42,572 - INFO - Pack Complete run finished. Success: 7, Failed: 0, Total: 7
2026-07-01 20:40:42,573 - INFO - Pack Complete run finished.
2026-07-01 20:40:42,573 - INFO - Waiting 120 seconds before next run...
2026-07-01 20:42:42,583 - INFO - Starting Pack Complete run...
2026-07-01 20:42:42,833 - INFO - Successfully extracted 1 data row(s) for wave information processing.
2026-07-01 20:42:42,833 - INFO - Processing row 1: {'Plant': 1081, 'Environment': 'PROD', 'Wave_number': 'W07012026000000000003;W07012026000000000004'}
2026-07-01 20:42:43,117 - INFO - Processing Task 1/1: Plant 1081 (PROD)
2026-07-01 20:42:43,615 - INFO - Successfully retrieved token.
2026-07-01 20:42:43,615 - INFO - Sending payload to URL: https://nikeaplawmprod1.sce.manh.com/pickpack/api/pickpack/olpn/search
2026-07-01 20:42:43,905 - INFO - Successfully received response for Plant 1081 (PROD)
2026-07-01 20:42:44,427 - INFO - Sending payload to URL: https://nikeaplawmprod1.sce.manh.com/task/api/task/taskDetail/search
2026-07-01 20:42:44,733 - INFO - -> Success: True, Message: None
2026-07-01 20:42:44,734 - INFO - Processing Task 1/1: Plant 1081 (PROD)
2026-07-01 20:42:45,473 - INFO - Successfully retrieved token.
2026-07-01 20:42:45,473 - INFO - Sending payload to URL: https://nikeaplawmprod1.sce.manh.com/pickpack/api/pickpack/olpn/search
2026-07-01 20:42:45,697 - INFO - Successfully received response for Plant 1081 (PROD)
2026-07-01 20:42:45,698 - INFO - Success: Found 2 oLPN row(s) for this task.
2026-07-01 20:42:45,701 - INFO - Processing 2 payloads for Environment: PROD
2026-07-01 20:42:46,190 - INFO - Successfully retrieved token for PROD environment.
2026-07-01 20:42:46,190 - INFO - Sending payloads to URL: https://nikeaplawmprod1.sce.manh.com/pickpack/api/ServiceDefinition/invoke/NIKEEX10PackResultCS_1081
2026-07-01 20:42:46,191 - INFO - Using 2 worker threads for 2 payloads.
2026-07-01 20:42:46,191 - INFO - [PROD] Processing Payload 1/2 for Plant 1081
2026-07-01 20:42:46,192 - INFO - [PROD] Processing Payload 2/2 for Plant 1081
2026-07-01 20:42:46,962 - INFO - Pack Complete run finished. Success: 2, Failed: 0, Total: 2
2026-07-01 20:42:46,962 - INFO - Pack Complete run finished.
2026-07-01 20:42:46,962 - INFO - Waiting 120 seconds before next run...
2026-07-01 20:44:46,973 - INFO - Starting Pack Complete run...
2026-07-01 20:44:47,296 - INFO - Successfully extracted 1 data row(s) for wave information processing.
2026-07-01 20:44:47,296 - INFO - Processing row 1: {'Plant': 1081, 'Environment': 'PROD', 'Wave_number': 'W07012026000000000003;W07012026000000000004'}
2026-07-01 20:44:47,500 - INFO - Processing Task 1/1: Plant 1081 (PROD)
2026-07-01 20:44:47,925 - INFO - Successfully retrieved token.
2026-07-01 20:44:47,926 - INFO - Sending payload to URL: https://nikeaplawmprod1.sce.manh.com/pickpack/api/pickpack/olpn/search
2026-07-01 20:44:48,443 - INFO - Successfully received response for Plant 1081 (PROD)
2026-07-01 20:44:48,955 - INFO - Sending payload to URL: https://nikeaplawmprod1.sce.manh.com/task/api/task/taskDetail/search
2026-07-01 20:44:49,171 - INFO - -> Success: True, Message: None
2026-07-01 20:44:49,173 - INFO - Processing Task 1/1: Plant 1081 (PROD)
2026-07-01 20:44:49,674 - INFO - Successfully retrieved token.
2026-07-01 20:44:49,674 - INFO - Sending payload to URL: https://nikeaplawmprod1.sce.manh.com/pickpack/api/pickpack/olpn/search
2026-07-01 20:44:49,899 - INFO - Successfully received response for Plant 1081 (PROD)
2026-07-01 20:44:49,900 - INFO - Success: Found 6 oLPN row(s) for this task.
2026-07-01 20:44:49,902 - INFO - Processing 6 payloads for Environment: PROD
2026-07-01 20:44:50,494 - INFO - Successfully retrieved token for PROD environment.
2026-07-01 20:44:50,494 - INFO - Sending payloads to URL: https://nikeaplawmprod1.sce.manh.com/pickpack/api/ServiceDefinition/invoke/NIKEEX10PackResultCS_1081
2026-07-01 20:44:50,494 - INFO - Using 6 worker threads for 6 payloads.
2026-07-01 20:44:50,495 - INFO - [PROD] Processing Payload 1/6 for Plant 1081
2026-07-01 20:44:50,495 - INFO - [PROD] Processing Payload 2/6 for Plant 1081
2026-07-01 20:44:50,497 - INFO - [PROD] Processing Payload 3/6 for Plant 1081
2026-07-01 20:44:50,497 - INFO - [PROD] Processing Payload 4/6 for Plant 1081
2026-07-01 20:44:50,497 - INFO - [PROD] Processing Payload 5/6 for Plant 1081
2026-07-01 20:44:50,499 - INFO - [PROD] Processing Payload 6/6 for Plant 1081
2026-07-01 20:44:51,528 - INFO - Pack Complete run finished. Success: 6, Failed: 0, Total: 6
2026-07-01 20:44:51,529 - INFO - Pack Complete run finished.
2026-07-01 20:44:51,529 - INFO - Waiting 120 seconds before next run...
2026-07-01 20:46:51,533 - INFO - Starting Pack Complete run...
2026-07-01 20:46:51,768 - INFO - Successfully extracted 1 data row(s) for wave information processing.
2026-07-01 20:46:51,768 - INFO - Processing row 1: {'Plant': 1081, 'Environment': 'PROD', 'Wave_number': 'W07012026000000000003;W07012026000000000004'}
2026-07-01 20:46:52,002 - INFO - Processing Task 1/1: Plant 1081 (PROD)
2026-07-01 20:46:52,481 - INFO - Successfully retrieved token.
2026-07-01 20:46:52,481 - INFO - Sending payload to URL: https://nikeaplawmprod1.sce.manh.com/pickpack/api/pickpack/olpn/search
2026-07-01 20:46:52,761 - INFO - Successfully received response for Plant 1081 (PROD)
2026-07-01 20:46:53,144 - INFO - Sending payload to URL: https://nikeaplawmprod1.sce.manh.com/task/api/task/taskDetail/search
2026-07-01 20:46:53,354 - INFO - -> Success: True, Message: None
2026-07-01 20:46:53,357 - INFO - Processing Task 1/1: Plant 1081 (PROD)
2026-07-01 20:46:53,778 - INFO - Successfully retrieved token.
2026-07-01 20:46:53,779 - INFO - Sending payload to URL: https://nikeaplawmprod1.sce.manh.com/pickpack/api/pickpack/olpn/search
2026-07-01 20:46:54,006 - INFO - Successfully received response for Plant 1081 (PROD)
2026-07-01 20:46:54,007 - INFO - Success: Found 0 oLPN row(s) for this task.
2026-07-01 20:46:54,010 - ERROR - No valid pack complete payload rows were built.
2026-07-01 20:46:54,011 - ERROR - No payload were generated in Pack Complete Payload program
2026-07-01 20:46:54,011 - INFO - Pack Complete run finished.
2026-07-01 20:46:54,011 - INFO - Waiting 120 seconds before next run...
2026-07-01 20:48:54,015 - INFO - Starting Pack Complete run...
2026-07-01 20:48:54,258 - INFO - Successfully extracted 1 data row(s) for wave information processing.
2026-07-01 20:48:54,258 - INFO - Processing row 1: {'Plant': 1081, 'Environment': 'PROD', 'Wave_number': 'W07012026000000000003;W07012026000000000004'}
2026-07-01 20:48:54,463 - INFO - Processing Task 1/1: Plant 1081 (PROD)
2026-07-01 20:48:55,023 - INFO - Successfully retrieved token.
2026-07-01 20:48:55,023 - INFO - Sending payload to URL: https://nikeaplawmprod1.sce.manh.com/pickpack/api/pickpack/olpn/search
2026-07-01 20:48:55,308 - INFO - Successfully received response for Plant 1081 (PROD)
2026-07-01 20:48:55,733 - INFO - Sending payload to URL: https://nikeaplawmprod1.sce.manh.com/task/api/task/taskDetail/search
2026-07-01 20:48:55,947 - INFO - -> Success: True, Message: None
2026-07-01 20:48:55,949 - INFO - Processing Task 1/1: Plant 1081 (PROD)
2026-07-01 20:48:56,455 - INFO - Successfully retrieved token.
2026-07-01 20:48:56,456 - INFO - Sending payload to URL: https://nikeaplawmprod1.sce.manh.com/pickpack/api/pickpack/olpn/search
2026-07-01 20:48:56,642 - INFO - Successfully received response for Plant 1081 (PROD)
2026-07-01 20:48:56,643 - INFO - Success: Found 0 oLPN row(s) for this task.
2026-07-01 20:48:56,644 - ERROR - No valid pack complete payload rows were built.
2026-07-01 20:48:56,644 - ERROR - No payload were generated in Pack Complete Payload program
2026-07-01 20:48:56,644 - INFO - Pack Complete run finished.
2026-07-01 20:48:56,645 - INFO - Waiting 120 seconds before next run...
2026-07-01 20:50:56,649 - INFO - Starting Pack Complete run...
2026-07-01 20:50:56,887 - INFO - Successfully extracted 1 data row(s) for wave information processing.
2026-07-01 20:50:56,887 - INFO - Processing row 1: {'Plant': 1081, 'Environment': 'PROD', 'Wave_number': 'W07012026000000000003;W07012026000000000004'}
2026-07-01 20:50:57,108 - INFO - Processing Task 1/1: Plant 1081 (PROD)
2026-07-01 20:50:57,561 - INFO - Successfully retrieved token.
2026-07-01 20:50:57,561 - INFO - Sending payload to URL: https://nikeaplawmprod1.sce.manh.com/pickpack/api/pickpack/olpn/search
2026-07-01 20:50:57,837 - INFO - Successfully received response for Plant 1081 (PROD)
2026-07-01 20:50:58,414 - INFO - Sending payload to URL: https://nikeaplawmprod1.sce.manh.com/task/api/task/taskDetail/search
2026-07-01 20:50:58,625 - INFO - -> Success: True, Message: None
2026-07-01 20:50:58,629 - INFO - Processing Task 1/1: Plant 1081 (PROD)
2026-07-01 20:50:59,028 - INFO - Successfully retrieved token.
2026-07-01 20:50:59,028 - INFO - Sending payload to URL: https://nikeaplawmprod1.sce.manh.com/pickpack/api/pickpack/olpn/search
2026-07-01 20:50:59,215 - INFO - Successfully received response for Plant 1081 (PROD)
2026-07-01 20:50:59,215 - INFO - Success: Found 0 oLPN row(s) for this task.
2026-07-01 20:50:59,220 - ERROR - No valid pack complete payload rows were built.
2026-07-01 20:50:59,220 - ERROR - No payload were generated in Pack Complete Payload program
2026-07-01 20:50:59,220 - INFO - Pack Complete run finished.
2026-07-01 20:50:59,220 - INFO - Waiting 120 seconds before next run...
2026-07-01 20:52:59,229 - INFO - Starting Pack Complete run...
2026-07-01 20:52:59,466 - INFO - Successfully extracted 1 data row(s) for wave information processing.
2026-07-01 20:52:59,466 - INFO - Processing row 1: {'Plant': 1081, 'Environment': 'PROD', 'Wave_number': 'W07012026000000000003;W07012026000000000004'}
2026-07-01 20:52:59,669 - INFO - Processing Task 1/1: Plant 1081 (PROD)
2026-07-01 20:53:00,167 - INFO - Successfully retrieved token.
2026-07-01 20:53:00,167 - INFO - Sending payload to URL: https://nikeaplawmprod1.sce.manh.com/pickpack/api/pickpack/olpn/search
2026-07-01 20:53:00,445 - INFO - Successfully received response for Plant 1081 (PROD)
2026-07-01 20:53:00,870 - INFO - Sending payload to URL: https://nikeaplawmprod1.sce.manh.com/task/api/task/taskDetail/search
2026-07-01 20:53:01,082 - INFO - -> Success: True, Message: None
2026-07-01 20:53:01,084 - INFO - Processing Task 1/1: Plant 1081 (PROD)
2026-07-01 20:53:01,498 - INFO - Successfully retrieved token.
2026-07-01 20:53:01,498 - INFO - Sending payload to URL: https://nikeaplawmprod1.sce.manh.com/pickpack/api/pickpack/olpn/search
2026-07-01 20:53:01,776 - INFO - Successfully received response for Plant 1081 (PROD)
2026-07-01 20:53:01,776 - INFO - Success: Found 1 oLPN row(s) for this task.
2026-07-01 20:53:01,778 - INFO - Processing 1 payloads for Environment: PROD
2026-07-01 20:53:02,223 - INFO - Successfully retrieved token for PROD environment.
2026-07-01 20:53:02,224 - INFO - Sending payloads to URL: https://nikeaplawmprod1.sce.manh.com/pickpack/api/ServiceDefinition/invoke/NIKEEX10PackResultCS_1081
2026-07-01 20:53:02,224 - INFO - Using 1 worker threads for 1 payloads.
2026-07-01 20:53:02,224 - INFO - [PROD] Processing Payload 1/1 for Plant 1081
2026-07-01 20:53:04,057 - INFO - Pack Complete run finished. Success: 1, Failed: 0, Total: 1
2026-07-01 20:53:04,057 - INFO - Pack Complete run finished.
2026-07-01 20:53:04,057 - INFO - Waiting 120 seconds before next run...
2026-07-01 20:55:04,067 - INFO - Starting Pack Complete run...
2026-07-01 20:55:04,312 - INFO - Successfully extracted 1 data row(s) for wave information processing.
2026-07-01 20:55:04,312 - INFO - Processing row 1: {'Plant': 1081, 'Environment': 'PROD', 'Wave_number': 'W07012026000000000003;W07012026000000000004'}
2026-07-01 20:55:04,531 - INFO - Processing Task 1/1: Plant 1081 (PROD)
2026-07-01 20:55:05,093 - INFO - Successfully retrieved token.
2026-07-01 20:55:05,094 - INFO - Sending payload to URL: https://nikeaplawmprod1.sce.manh.com/pickpack/api/pickpack/olpn/search
2026-07-01 20:55:05,359 - INFO - Successfully received response for Plant 1081 (PROD)
2026-07-01 20:55:05,777 - INFO - Sending payload to URL: https://nikeaplawmprod1.sce.manh.com/task/api/task/taskDetail/search
2026-07-01 20:55:05,984 - INFO - -> Success: True, Message: None
2026-07-01 20:55:05,989 - INFO - Processing Task 1/1: Plant 1081 (PROD)
2026-07-01 20:55:06,412 - INFO - Successfully retrieved token.
2026-07-01 20:55:06,412 - INFO - Sending payload to URL: https://nikeaplawmprod1.sce.manh.com/pickpack/api/pickpack/olpn/search
2026-07-01 20:55:06,604 - INFO - Successfully received response for Plant 1081 (PROD)
2026-07-01 20:55:06,605 - INFO - Success: Found 1 oLPN row(s) for this task.
2026-07-01 20:55:06,607 - INFO - Processing 1 payloads for Environment: PROD
2026-07-01 20:55:07,404 - INFO - Successfully retrieved token for PROD environment.
2026-07-01 20:55:07,404 - INFO - Sending payloads to URL: https://nikeaplawmprod1.sce.manh.com/pickpack/api/ServiceDefinition/invoke/NIKEEX10PackResultCS_1081
2026-07-01 20:55:07,404 - INFO - Using 1 worker threads for 1 payloads.
2026-07-01 20:55:07,405 - INFO - [PROD] Processing Payload 1/1 for Plant 1081
2026-07-01 20:55:08,077 - INFO - Pack Complete run finished. Success: 1, Failed: 0, Total: 1
2026-07-01 20:55:08,078 - INFO - Pack Complete run finished.
2026-07-01 20:55:08,078 - INFO - Waiting 120 seconds before next run...
2026-07-01 21:12:22,952 - INFO - Starting Pack Complete run...
2026-07-01 21:12:23,224 - INFO - Successfully extracted 1 data row(s) for wave information processing.
2026-07-01 21:12:23,225 - INFO - Processing row 1: {'Plant': 1081, 'Environment': 'PROD', 'Wave_number': 'W07012026000000000003;W07012026000000000004'}
2026-07-01 21:12:23,427 - INFO - Processing Task 1/1: Plant 1081 (PROD)
2026-07-01 21:12:24,136 - INFO - Successfully retrieved token.
2026-07-01 21:12:24,137 - INFO - Sending payload to URL: https://nikeaplawmprod1.sce.manh.com/pickpack/api/pickpack/olpn/search
2026-07-01 21:12:24,674 - INFO - Successfully received response for Plant 1081 (PROD)
2026-07-01 21:12:25,152 - INFO - Sending payload to URL: https://nikeaplawmprod1.sce.manh.com/task/api/task/taskDetail/search
2026-07-01 21:12:25,399 - INFO - -> Success: True, Message: None
2026-07-01 21:12:25,403 - INFO - Processing Task 1/1: Plant 1081 (PROD)
2026-07-01 21:12:25,895 - INFO - Successfully retrieved token.
2026-07-01 21:12:25,896 - INFO - Sending payload to URL: https://nikeaplawmprod1.sce.manh.com/pickpack/api/pickpack/olpn/search
2026-07-01 21:12:26,168 - INFO - Successfully received response for Plant 1081 (PROD)
2026-07-01 21:12:26,170 - INFO - Success: Found 20 oLPN row(s) for this task.
2026-07-01 21:12:26,172 - INFO - Processing 20 payloads for Environment: PROD
2026-07-01 21:12:26,623 - INFO - Successfully retrieved token for PROD environment.
2026-07-01 21:12:26,623 - INFO - Sending payloads to URL: https://nikeaplawmprod1.sce.manh.com/pickpack/api/ServiceDefinition/invoke/NIKEEX10PackResultCS_1081
2026-07-01 21:12:26,623 - INFO - Using 20 worker threads for 20 payloads.
2026-07-01 21:12:26,624 - INFO - [PROD] Processing Payload 1/20 for Plant 1081
2026-07-01 21:12:26,624 - INFO - [PROD] Processing Payload 2/20 for Plant 1081
2026-07-01 21:12:26,626 - INFO - [PROD] Processing Payload 3/20 for Plant 1081
2026-07-01 21:12:26,627 - INFO - [PROD] Processing Payload 4/20 for Plant 1081
2026-07-01 21:12:26,628 - INFO - [PROD] Processing Payload 5/20 for Plant 1081
2026-07-01 21:12:26,630 - INFO - [PROD] Processing Payload 6/20 for Plant 1081
2026-07-01 21:12:26,632 - INFO - [PROD] Processing Payload 7/20 for Plant 1081
2026-07-01 21:12:26,634 - INFO - [PROD] Processing Payload 8/20 for Plant 1081
2026-07-01 21:12:26,634 - INFO - [PROD] Processing Payload 9/20 for Plant 1081
2026-07-01 21:12:26,635 - INFO - [PROD] Processing Payload 10/20 for Plant 1081
2026-07-01 21:12:26,635 - INFO - [PROD] Processing Payload 11/20 for Plant 1081
2026-07-01 21:12:26,636 - INFO - [PROD] Processing Payload 12/20 for Plant 1081
2026-07-01 21:12:26,637 - INFO - [PROD] Processing Payload 13/20 for Plant 1081
2026-07-01 21:12:26,639 - INFO - [PROD] Processing Payload 14/20 for Plant 1081
2026-07-01 21:12:26,639 - INFO - [PROD] Processing Payload 15/20 for Plant 1081
2026-07-01 21:12:26,641 - INFO - [PROD] Processing Payload 16/20 for Plant 1081
2026-07-01 21:12:26,642 - INFO - [PROD] Processing Payload 17/20 for Plant 1081
2026-07-01 21:12:26,643 - INFO - [PROD] Processing Payload 18/20 for Plant 1081
2026-07-01 21:12:26,645 - INFO - [PROD] Processing Payload 19/20 for Plant 1081
2026-07-01 21:12:26,646 - INFO - [PROD] Processing Payload 20/20 for Plant 1081
2026-07-01 21:12:29,231 - INFO - Pack Complete run finished. Success: 20, Failed: 0, Total: 20
2026-07-01 21:12:29,232 - INFO - Pack Complete run finished.
2026-07-01 21:12:29,232 - INFO - Waiting 120 seconds before next run...
2026-07-01 21:14:29,248 - INFO - Starting Pack Complete run...
2026-07-01 21:14:29,483 - INFO - Successfully extracted 1 data row(s) for wave information processing.
2026-07-01 21:14:29,483 - INFO - Processing row 1: {'Plant': 1081, 'Environment': 'PROD', 'Wave_number': 'W07012026000000000003;W07012026000000000004'}
2026-07-01 21:14:29,704 - INFO - Processing Task 1/1: Plant 1081 (PROD)
2026-07-01 21:14:30,183 - INFO - Successfully retrieved token.
2026-07-01 21:14:30,188 - INFO - Sending payload to URL: https://nikeaplawmprod1.sce.manh.com/pickpack/api/pickpack/olpn/search
2026-07-01 21:14:30,464 - INFO - Successfully received response for Plant 1081 (PROD)
2026-07-01 21:14:30,831 - INFO - Sending payload to URL: https://nikeaplawmprod1.sce.manh.com/task/api/task/taskDetail/search
2026-07-01 21:14:31,071 - INFO - -> Success: True, Message: None
2026-07-01 21:14:31,075 - INFO - Processing Task 1/1: Plant 1081 (PROD)
2026-07-01 21:14:31,491 - INFO - Successfully retrieved token.
2026-07-01 21:14:31,491 - INFO - Sending payload to URL: https://nikeaplawmprod1.sce.manh.com/pickpack/api/pickpack/olpn/search
2026-07-01 21:14:31,726 - INFO - Successfully received response for Plant 1081 (PROD)
2026-07-01 21:14:31,728 - INFO - Success: Found 12 oLPN row(s) for this task.
2026-07-01 21:14:31,730 - INFO - Processing 12 payloads for Environment: PROD
2026-07-01 21:14:32,127 - INFO - Successfully retrieved token for PROD environment.
2026-07-01 21:14:32,127 - INFO - Sending payloads to URL: https://nikeaplawmprod1.sce.manh.com/pickpack/api/ServiceDefinition/invoke/NIKEEX10PackResultCS_1081
2026-07-01 21:14:32,127 - INFO - Using 12 worker threads for 12 payloads.
2026-07-01 21:14:32,127 - INFO - [PROD] Processing Payload 1/12 for Plant 1081
2026-07-01 21:14:32,128 - INFO - [PROD] Processing Payload 2/12 for Plant 1081
2026-07-01 21:14:32,129 - INFO - [PROD] Processing Payload 3/12 for Plant 1081
2026-07-01 21:14:32,129 - INFO - [PROD] Processing Payload 4/12 for Plant 1081
2026-07-01 21:14:32,130 - INFO - [PROD] Processing Payload 5/12 for Plant 1081
2026-07-01 21:14:32,131 - INFO - [PROD] Processing Payload 6/12 for Plant 1081
2026-07-01 21:14:32,132 - INFO - [PROD] Processing Payload 7/12 for Plant 1081
2026-07-01 21:14:32,133 - INFO - [PROD] Processing Payload 8/12 for Plant 1081
2026-07-01 21:14:32,134 - INFO - [PROD] Processing Payload 9/12 for Plant 1081
2026-07-01 21:14:32,135 - INFO - [PROD] Processing Payload 10/12 for Plant 1081
2026-07-01 21:14:32,136 - INFO - [PROD] Processing Payload 11/12 for Plant 1081
2026-07-01 21:14:32,137 - INFO - [PROD] Processing Payload 12/12 for Plant 1081
2026-07-01 21:14:34,093 - INFO - Pack Complete run finished. Success: 12, Failed: 0, Total: 12
2026-07-01 21:14:34,093 - INFO - Pack Complete run finished.
2026-07-01 21:14:34,093 - INFO - Waiting 120 seconds before next run...
2026-07-01 21:16:34,105 - INFO - Starting Pack Complete run...
2026-07-01 21:16:34,339 - INFO - Successfully extracted 1 data row(s) for wave information processing.
2026-07-01 21:16:34,339 - INFO - Processing row 1: {'Plant': 1081, 'Environment': 'PROD', 'Wave_number': 'W07012026000000000003;W07012026000000000004'}
2026-07-01 21:16:34,538 - INFO - Processing Task 1/1: Plant 1081 (PROD)
2026-07-01 21:16:35,008 - INFO - Successfully retrieved token.
2026-07-01 21:16:35,008 - INFO - Sending payload to URL: https://nikeaplawmprod1.sce.manh.com/pickpack/api/pickpack/olpn/search
2026-07-01 21:16:35,307 - INFO - Successfully received response for Plant 1081 (PROD)
2026-07-01 21:16:35,687 - INFO - Sending payload to URL: https://nikeaplawmprod1.sce.manh.com/task/api/task/taskDetail/search
2026-07-01 21:16:35,926 - INFO - -> Success: True, Message: None
2026-07-01 21:16:35,929 - INFO - Processing Task 1/1: Plant 1081 (PROD)
2026-07-01 21:16:36,374 - INFO - Successfully retrieved token.
2026-07-01 21:16:36,374 - INFO - Sending payload to URL: https://nikeaplawmprod1.sce.manh.com/pickpack/api/pickpack/olpn/search
2026-07-01 21:16:36,659 - INFO - Successfully received response for Plant 1081 (PROD)
2026-07-01 21:16:36,660 - INFO - Success: Found 3 oLPN row(s) for this task.
2026-07-01 21:16:36,662 - INFO - Processing 3 payloads for Environment: PROD
2026-07-01 21:16:37,158 - INFO - Successfully retrieved token for PROD environment.
2026-07-01 21:16:37,158 - INFO - Sending payloads to URL: https://nikeaplawmprod1.sce.manh.com/pickpack/api/ServiceDefinition/invoke/NIKEEX10PackResultCS_1081
2026-07-01 21:16:37,158 - INFO - Using 3 worker threads for 3 payloads.
2026-07-01 21:16:37,158 - INFO - [PROD] Processing Payload 1/3 for Plant 1081
2026-07-01 21:16:37,159 - INFO - [PROD] Processing Payload 2/3 for Plant 1081
2026-07-01 21:16:37,160 - INFO - [PROD] Processing Payload 3/3 for Plant 1081
2026-07-01 21:16:38,000 - INFO - Pack Complete run finished. Success: 3, Failed: 0, Total: 3
2026-07-01 21:16:38,001 - INFO - Pack Complete run finished.
2026-07-01 21:16:38,001 - INFO - Waiting 120 seconds before next run...
2026-07-01 21:18:38,012 - INFO - Starting Pack Complete run...
2026-07-01 21:18:38,252 - INFO - Successfully extracted 1 data row(s) for wave information processing.
2026-07-01 21:18:38,252 - INFO - Processing row 1: {'Plant': 1081, 'Environment': 'PROD', 'Wave_number': 'W07012026000000000003;W07012026000000000004'}
2026-07-01 21:18:38,465 - INFO - Processing Task 1/1: Plant 1081 (PROD)
2026-07-01 21:18:39,021 - INFO - Successfully retrieved token.
2026-07-01 21:18:39,021 - INFO - Sending payload to URL: https://nikeaplawmprod1.sce.manh.com/pickpack/api/pickpack/olpn/search
2026-07-01 21:18:39,352 - INFO - Successfully received response for Plant 1081 (PROD)
2026-07-01 21:18:40,024 - INFO - Sending payload to URL: https://nikeaplawmprod1.sce.manh.com/task/api/task/taskDetail/search
2026-07-01 21:18:40,278 - INFO - -> Success: True, Message: None
2026-07-01 21:18:40,281 - INFO - Processing Task 1/1: Plant 1081 (PROD)
2026-07-01 21:18:40,745 - INFO - Successfully retrieved token.
2026-07-01 21:18:40,746 - INFO - Sending payload to URL: https://nikeaplawmprod1.sce.manh.com/pickpack/api/pickpack/olpn/search
2026-07-01 21:18:40,969 - INFO - Successfully received response for Plant 1081 (PROD)
2026-07-01 21:18:40,969 - INFO - Success: Found 1 oLPN row(s) for this task.
2026-07-01 21:18:40,973 - INFO - Processing 1 payloads for Environment: PROD
2026-07-01 21:18:41,398 - INFO - Successfully retrieved token for PROD environment.
2026-07-01 21:18:41,398 - INFO - Sending payloads to URL: https://nikeaplawmprod1.sce.manh.com/pickpack/api/ServiceDefinition/invoke/NIKEEX10PackResultCS_1081
2026-07-01 21:18:41,398 - INFO - Using 1 worker threads for 1 payloads.
2026-07-01 21:18:41,399 - INFO - [PROD] Processing Payload 1/1 for Plant 1081
2026-07-01 21:18:42,526 - INFO - Pack Complete run finished. Success: 1, Failed: 0, Total: 1
2026-07-01 21:18:42,526 - INFO - Pack Complete run finished.
2026-07-01 21:18:42,527 - INFO - Waiting 120 seconds before next run...
2026-07-01 21:20:42,538 - INFO - Starting Pack Complete run...
2026-07-01 21:20:42,775 - INFO - Successfully extracted 1 data row(s) for wave information processing.
2026-07-01 21:20:42,775 - INFO - Processing row 1: {'Plant': 1081, 'Environment': 'PROD', 'Wave_number': 'W07012026000000000003;W07012026000000000004'}
2026-07-01 21:20:42,983 - INFO - Processing Task 1/1: Plant 1081 (PROD)
2026-07-01 21:20:43,534 - INFO - Successfully retrieved token.
2026-07-01 21:20:43,535 - INFO - Sending payload to URL: https://nikeaplawmprod1.sce.manh.com/pickpack/api/pickpack/olpn/search
2026-07-01 21:20:43,853 - INFO - Successfully received response for Plant 1081 (PROD)
2026-07-01 21:20:44,254 - INFO - Sending payload to URL: https://nikeaplawmprod1.sce.manh.com/task/api/task/taskDetail/search
2026-07-01 21:20:44,544 - INFO - -> Success: True, Message: None
2026-07-01 21:20:44,548 - INFO - Processing Task 1/1: Plant 1081 (PROD)
2026-07-01 21:20:44,929 - INFO - Successfully retrieved token.
2026-07-01 21:20:44,929 - INFO - Sending payload to URL: https://nikeaplawmprod1.sce.manh.com/pickpack/api/pickpack/olpn/search
2026-07-01 21:20:45,165 - INFO - Successfully received response for Plant 1081 (PROD)
2026-07-01 21:20:45,166 - INFO - Success: Found 0 oLPN row(s) for this task.
2026-07-01 21:20:45,169 - ERROR - No valid pack complete payload rows were built.
2026-07-01 21:20:45,169 - ERROR - No payload were generated in Pack Complete Payload program
2026-07-01 21:20:45,170 - INFO - Pack Complete run finished.
2026-07-01 21:20:45,170 - INFO - Waiting 120 seconds before next run...
2026-07-01 21:39:13,927 - INFO - Starting Pack Complete run...
2026-07-01 21:39:14,165 - INFO - Successfully extracted 1 data row(s) for wave information processing.
2026-07-01 21:39:14,166 - INFO - Processing row 1: {'Plant': 1081, 'Environment': 'PROD', 'Wave_number': 'W07012026000000000003;W07012026000000000004'}
2026-07-01 21:39:14,388 - INFO - Processing Task 1/1: Plant 1081 (PROD)
2026-07-01 21:39:15,290 - INFO - Successfully retrieved token.
2026-07-01 21:39:15,291 - INFO - Sending payload to URL: https://nikeaplawmprod1.sce.manh.com/pickpack/api/pickpack/olpn/search
2026-07-01 21:39:15,879 - INFO - Successfully received response for Plant 1081 (PROD)
2026-07-01 21:39:16,306 - INFO - Sending payload to URL: https://nikeaplawmprod1.sce.manh.com/task/api/task/taskDetail/search
2026-07-01 21:39:16,625 - INFO - -> Success: True, Message: None
2026-07-01 21:39:16,629 - INFO - Processing Task 1/1: Plant 1081 (PROD)
2026-07-01 21:39:17,013 - INFO - Successfully retrieved token.
2026-07-01 21:39:17,014 - INFO - Sending payload to URL: https://nikeaplawmprod1.sce.manh.com/pickpack/api/pickpack/olpn/search
2026-07-01 21:39:17,240 - INFO - Successfully received response for Plant 1081 (PROD)
2026-07-01 21:39:17,240 - INFO - Success: Found 16 oLPN row(s) for this task.
2026-07-01 21:39:17,241 - INFO - Processing 16 payloads for Environment: PROD
2026-07-01 21:39:17,665 - INFO - Successfully retrieved token for PROD environment.
2026-07-01 21:39:17,666 - INFO - Sending payloads to URL: https://nikeaplawmprod1.sce.manh.com/pickpack/api/ServiceDefinition/invoke/NIKEEX10PackResultCS_1081
2026-07-01 21:39:17,666 - INFO - Using 16 worker threads for 16 payloads.
2026-07-01 21:39:17,666 - INFO - [PROD] Processing Payload 1/16 for Plant 1081
2026-07-01 21:39:17,666 - INFO - [PROD] Processing Payload 2/16 for Plant 1081
2026-07-01 21:39:17,667 - INFO - [PROD] Processing Payload 3/16 for Plant 1081
2026-07-01 21:39:17,668 - INFO - [PROD] Processing Payload 4/16 for Plant 1081
2026-07-01 21:39:17,672 - INFO - [PROD] Processing Payload 5/16 for Plant 1081
2026-07-01 21:39:17,672 - INFO - [PROD] Processing Payload 6/16 for Plant 1081
2026-07-01 21:39:17,674 - INFO - [PROD] Processing Payload 7/16 for Plant 1081
2026-07-01 21:39:17,675 - INFO - [PROD] Processing Payload 8/16 for Plant 1081
2026-07-01 21:39:17,675 - INFO - [PROD] Processing Payload 9/16 for Plant 1081
2026-07-01 21:39:17,676 - INFO - [PROD] Processing Payload 10/16 for Plant 1081
2026-07-01 21:39:17,677 - INFO - [PROD] Processing Payload 11/16 for Plant 1081
2026-07-01 21:39:17,678 - INFO - [PROD] Processing Payload 12/16 for Plant 1081
2026-07-01 21:39:17,680 - INFO - [PROD] Processing Payload 13/16 for Plant 1081
2026-07-01 21:39:17,681 - INFO - [PROD] Processing Payload 14/16 for Plant 1081
2026-07-01 21:39:17,681 - INFO - [PROD] Processing Payload 15/16 for Plant 1081
2026-07-01 21:39:17,682 - INFO - [PROD] Processing Payload 16/16 for Plant 1081
2026-07-01 21:39:20,165 - INFO - Pack Complete run finished. Success: 16, Failed: 0, Total: 16
2026-07-01 21:39:20,166 - INFO - Pack Complete run finished.
2026-07-01 21:39:20,166 - INFO - Waiting 120 seconds before next run...
2026-07-01 21:41:20,175 - INFO - Starting Pack Complete run...
2026-07-01 21:41:20,403 - INFO - Successfully extracted 1 data row(s) for wave information processing.
2026-07-01 21:41:20,403 - INFO - Processing row 1: {'Plant': 1081, 'Environment': 'PROD', 'Wave_number': 'W07012026000000000003;W07012026000000000004'}
2026-07-01 21:41:20,601 - INFO - Processing Task 1/1: Plant 1081 (PROD)
2026-07-01 21:41:21,012 - INFO - Successfully retrieved token.
2026-07-01 21:41:21,012 - INFO - Sending payload to URL: https://nikeaplawmprod1.sce.manh.com/pickpack/api/pickpack/olpn/search
2026-07-01 21:41:21,307 - INFO - Successfully received response for Plant 1081 (PROD)
2026-07-01 21:41:21,704 - INFO - Sending payload to URL: https://nikeaplawmprod1.sce.manh.com/task/api/task/taskDetail/search
2026-07-01 21:41:21,935 - INFO - -> Success: True, Message: None
2026-07-01 21:41:21,937 - INFO - Processing Task 1/1: Plant 1081 (PROD)
2026-07-01 21:41:22,345 - INFO - Successfully retrieved token.
2026-07-01 21:41:22,345 - INFO - Sending payload to URL: https://nikeaplawmprod1.sce.manh.com/pickpack/api/pickpack/olpn/search
2026-07-01 21:41:22,561 - INFO - Successfully received response for Plant 1081 (PROD)
2026-07-01 21:41:22,561 - INFO - Success: Found 0 oLPN row(s) for this task.
2026-07-01 21:41:22,565 - ERROR - No valid pack complete payload rows were built.
2026-07-01 21:41:22,565 - ERROR - No payload were generated in Pack Complete Payload program
2026-07-01 21:41:22,565 - INFO - Pack Complete run finished.
2026-07-01 21:41:22,565 - INFO - Waiting 120 seconds before next run...
2026-07-01 21:43:22,575 - INFO - Starting Pack Complete run...
2026-07-01 21:43:22,818 - INFO - Successfully extracted 1 data row(s) for wave information processing.
2026-07-01 21:43:22,818 - INFO - Processing row 1: {'Plant': 1081, 'Environment': 'PROD', 'Wave_number': 'W07012026000000000003;W07012026000000000004'}
2026-07-01 21:43:23,038 - INFO - Processing Task 1/1: Plant 1081 (PROD)
2026-07-01 21:43:23,512 - INFO - Successfully retrieved token.
2026-07-01 21:43:23,512 - INFO - Sending payload to URL: https://nikeaplawmprod1.sce.manh.com/pickpack/api/pickpack/olpn/search
2026-07-01 21:43:24,323 - INFO - Successfully received response for Plant 1081 (PROD)
2026-07-01 21:43:24,837 - INFO - Sending payload to URL: https://nikeaplawmprod1.sce.manh.com/task/api/task/taskDetail/search
2026-07-01 21:43:25,201 - INFO - -> Success: True, Message: None
2026-07-01 21:43:25,204 - INFO - Processing Task 1/1: Plant 1081 (PROD)
2026-07-01 21:43:25,603 - INFO - Successfully retrieved token.
2026-07-01 21:43:25,604 - INFO - Sending payload to URL: https://nikeaplawmprod1.sce.manh.com/pickpack/api/pickpack/olpn/search
2026-07-01 21:43:25,833 - INFO - Successfully received response for Plant 1081 (PROD)
2026-07-01 21:43:25,834 - INFO - Success: Found 1 oLPN row(s) for this task.
2026-07-01 21:43:25,839 - INFO - Processing 1 payloads for Environment: PROD
2026-07-01 21:43:26,220 - INFO - Successfully retrieved token for PROD environment.
2026-07-01 21:43:26,220 - INFO - Sending payloads to URL: https://nikeaplawmprod1.sce.manh.com/pickpack/api/ServiceDefinition/invoke/NIKEEX10PackResultCS_1081
2026-07-01 21:43:26,220 - INFO - Using 1 worker threads for 1 payloads.
2026-07-01 21:43:26,221 - INFO - [PROD] Processing Payload 1/1 for Plant 1081
2026-07-01 21:43:27,193 - INFO - Pack Complete run finished. Success: 1, Failed: 0, Total: 1
2026-07-01 21:43:27,193 - INFO - Pack Complete run finished.
2026-07-01 21:43:27,193 - INFO - Waiting 120 seconds before next run...
2026-07-01 21:45:27,203 - INFO - Starting Pack Complete run...
2026-07-01 21:45:27,443 - INFO - Successfully extracted 1 data row(s) for wave information processing.
2026-07-01 21:45:27,443 - INFO - Processing row 1: {'Plant': 1081, 'Environment': 'PROD', 'Wave_number': 'W07012026000000000003;W07012026000000000004'}
2026-07-01 21:45:27,646 - INFO - Processing Task 1/1: Plant 1081 (PROD)
2026-07-01 21:45:28,118 - INFO - Successfully retrieved token.
2026-07-01 21:45:28,118 - INFO - Sending payload to URL: https://nikeaplawmprod1.sce.manh.com/pickpack/api/pickpack/olpn/search
2026-07-01 21:45:28,389 - INFO - Successfully received response for Plant 1081 (PROD)
2026-07-01 21:45:28,788 - INFO - Sending payload to URL: https://nikeaplawmprod1.sce.manh.com/task/api/task/taskDetail/search
2026-07-01 21:45:29,015 - INFO - -> Success: True, Message: None
2026-07-01 21:45:29,018 - INFO - Processing Task 1/1: Plant 1081 (PROD)
2026-07-01 21:45:29,419 - INFO - Successfully retrieved token.
2026-07-01 21:45:29,419 - INFO - Sending payload to URL: https://nikeaplawmprod1.sce.manh.com/pickpack/api/pickpack/olpn/search
2026-07-01 21:45:29,653 - INFO - Successfully received response for Plant 1081 (PROD)
2026-07-01 21:45:29,654 - INFO - Success: Found 6 oLPN row(s) for this task.
2026-07-01 21:45:29,658 - INFO - Processing 6 payloads for Environment: PROD
2026-07-01 21:45:30,029 - INFO - Successfully retrieved token for PROD environment.
2026-07-01 21:45:30,029 - INFO - Sending payloads to URL: https://nikeaplawmprod1.sce.manh.com/pickpack/api/ServiceDefinition/invoke/NIKEEX10PackResultCS_1081
2026-07-01 21:45:30,029 - INFO - Using 6 worker threads for 6 payloads.
2026-07-01 21:45:30,029 - INFO - [PROD] Processing Payload 1/6 for Plant 1081
2026-07-01 21:45:30,030 - INFO - [PROD] Processing Payload 2/6 for Plant 1081
2026-07-01 21:45:30,031 - INFO - [PROD] Processing Payload 3/6 for Plant 1081
2026-07-01 21:45:30,031 - INFO - [PROD] Processing Payload 4/6 for Plant 1081
2026-07-01 21:45:30,033 - INFO - [PROD] Processing Payload 5/6 for Plant 1081
2026-07-01 21:45:30,033 - INFO - [PROD] Processing Payload 6/6 for Plant 1081
2026-07-01 21:45:31,186 - INFO - Pack Complete run finished. Success: 6, Failed: 0, Total: 6
2026-07-01 21:45:31,186 - INFO - Pack Complete run finished.
2026-07-01 21:45:31,186 - INFO - Waiting 120 seconds before next run...
2026-07-01 21:47:31,196 - INFO - Starting Pack Complete run...
2026-07-01 21:47:31,439 - INFO - Successfully extracted 1 data row(s) for wave information processing.
2026-07-01 21:47:31,439 - INFO - Processing row 1: {'Plant': 1081, 'Environment': 'PROD', 'Wave_number': 'W07012026000000000003;W07012026000000000004'}
2026-07-01 21:47:31,658 - INFO - Processing Task 1/1: Plant 1081 (PROD)
2026-07-01 21:47:32,087 - INFO - Successfully retrieved token.
2026-07-01 21:47:32,087 - INFO - Sending payload to URL: https://nikeaplawmprod1.sce.manh.com/pickpack/api/pickpack/olpn/search
2026-07-01 21:47:32,374 - INFO - Successfully received response for Plant 1081 (PROD)
2026-07-01 21:47:32,781 - INFO - Sending payload to URL: https://nikeaplawmprod1.sce.manh.com/task/api/task/taskDetail/search
2026-07-01 21:47:33,012 - INFO - -> Success: True, Message: None
2026-07-01 21:47:33,017 - INFO - Processing Task 1/1: Plant 1081 (PROD)
2026-07-01 21:47:33,421 - INFO - Successfully retrieved token.
2026-07-01 21:47:33,421 - INFO - Sending payload to URL: https://nikeaplawmprod1.sce.manh.com/pickpack/api/pickpack/olpn/search
2026-07-01 21:47:33,644 - INFO - Successfully received response for Plant 1081 (PROD)
2026-07-01 21:47:33,645 - INFO - Success: Found 0 oLPN row(s) for this task.
2026-07-01 21:47:33,648 - ERROR - No valid pack complete payload rows were built.
2026-07-01 21:47:33,649 - ERROR - No payload were generated in Pack Complete Payload program
2026-07-01 21:47:33,649 - INFO - Pack Complete run finished.
2026-07-01 21:47:33,649 - INFO - Waiting 120 seconds before next run...
2026-07-01 22:00:32,041 - INFO - Starting Pack Complete run...
2026-07-01 22:00:32,291 - INFO - Successfully extracted 1 data row(s) for wave information processing.
2026-07-01 22:00:32,292 - INFO - Processing row 1: {'Plant': 1081, 'Environment': 'PROD', 'Wave_number': 'W07012026000000000003;W07012026000000000004'}
2026-07-01 22:00:32,505 - INFO - Processing Task 1/1: Plant 1081 (PROD)
2026-07-01 22:00:33,116 - INFO - Successfully retrieved token.
2026-07-01 22:00:33,116 - INFO - Sending payload to URL: https://nikeaplawmprod1.sce.manh.com/pickpack/api/pickpack/olpn/search
2026-07-01 22:00:33,460 - INFO - Successfully received response for Plant 1081 (PROD)
2026-07-01 22:00:33,956 - INFO - Sending payload to URL: https://nikeaplawmprod1.sce.manh.com/task/api/task/taskDetail/search
2026-07-01 22:00:34,202 - INFO - -> Success: True, Message: None
2026-07-01 22:00:34,204 - INFO - Processing Task 1/1: Plant 1081 (PROD)
2026-07-01 22:00:34,590 - INFO - Successfully retrieved token.
2026-07-01 22:00:34,590 - INFO - Sending payload to URL: https://nikeaplawmprod1.sce.manh.com/pickpack/api/pickpack/olpn/search
2026-07-01 22:00:34,831 - INFO - Successfully received response for Plant 1081 (PROD)
2026-07-01 22:00:34,832 - INFO - Success: Found 20 oLPN row(s) for this task.
2026-07-01 22:00:34,834 - INFO - Processing 20 payloads for Environment: PROD
2026-07-01 22:00:35,216 - INFO - Successfully retrieved token for PROD environment.
2026-07-01 22:00:35,216 - INFO - Sending payloads to URL: https://nikeaplawmprod1.sce.manh.com/pickpack/api/ServiceDefinition/invoke/NIKEEX10PackResultCS_1081
2026-07-01 22:00:35,216 - INFO - Using 20 worker threads for 20 payloads.
2026-07-01 22:00:35,217 - INFO - [PROD] Processing Payload 1/20 for Plant 1081
2026-07-01 22:00:35,217 - INFO - [PROD] Processing Payload 2/20 for Plant 1081
2026-07-01 22:00:35,218 - INFO - [PROD] Processing Payload 3/20 for Plant 1081
2026-07-01 22:00:35,219 - INFO - [PROD] Processing Payload 4/20 for Plant 1081
2026-07-01 22:00:35,219 - INFO - [PROD] Processing Payload 5/20 for Plant 1081
2026-07-01 22:00:35,220 - INFO - [PROD] Processing Payload 6/20 for Plant 1081
2026-07-01 22:00:35,220 - INFO - [PROD] Processing Payload 7/20 for Plant 1081
2026-07-01 22:00:35,221 - INFO - [PROD] Processing Payload 8/20 for Plant 1081
2026-07-01 22:00:35,222 - INFO - [PROD] Processing Payload 9/20 for Plant 1081
2026-07-01 22:00:35,222 - INFO - [PROD] Processing Payload 10/20 for Plant 1081
2026-07-01 22:00:35,223 - INFO - [PROD] Processing Payload 11/20 for Plant 1081
2026-07-01 22:00:35,223 - INFO - [PROD] Processing Payload 12/20 for Plant 1081
2026-07-01 22:00:35,223 - INFO - [PROD] Processing Payload 13/20 for Plant 1081
2026-07-01 22:00:35,224 - INFO - [PROD] Processing Payload 14/20 for Plant 1081
2026-07-01 22:00:35,224 - INFO - [PROD] Processing Payload 15/20 for Plant 1081
2026-07-01 22:00:35,225 - INFO - [PROD] Processing Payload 16/20 for Plant 1081
2026-07-01 22:00:35,225 - INFO - [PROD] Processing Payload 17/20 for Plant 1081
2026-07-01 22:00:35,226 - INFO - [PROD] Processing Payload 18/20 for Plant 1081
2026-07-01 22:00:35,226 - INFO - [PROD] Processing Payload 19/20 for Plant 1081
2026-07-01 22:00:35,227 - INFO - [PROD] Processing Payload 20/20 for Plant 1081
2026-07-01 22:00:36,943 - INFO - Pack Complete run finished. Success: 20, Failed: 0, Total: 20
2026-07-01 22:00:36,943 - INFO - Pack Complete run finished.
2026-07-01 22:00:36,943 - INFO - Waiting 120 seconds before next run...
2026-07-01 22:02:36,949 - INFO - Starting Pack Complete run...
2026-07-01 22:02:37,190 - INFO - Successfully extracted 1 data row(s) for wave information processing.
2026-07-01 22:02:37,190 - INFO - Processing row 1: {'Plant': 1081, 'Environment': 'PROD', 'Wave_number': 'W07012026000000000003;W07012026000000000004'}
2026-07-01 22:02:37,430 - INFO - Processing Task 1/1: Plant 1081 (PROD)
2026-07-01 22:02:37,964 - INFO - Successfully retrieved token.
2026-07-01 22:02:37,965 - INFO - Sending payload to URL: https://nikeaplawmprod1.sce.manh.com/pickpack/api/pickpack/olpn/search
2026-07-01 22:02:38,254 - INFO - Successfully received response for Plant 1081 (PROD)
2026-07-01 22:02:38,689 - INFO - Sending payload to URL: https://nikeaplawmprod1.sce.manh.com/task/api/task/taskDetail/search
2026-07-01 22:02:38,914 - INFO - -> Success: True, Message: None
2026-07-01 22:02:38,919 - INFO - Processing Task 1/1: Plant 1081 (PROD)
2026-07-01 22:02:39,361 - INFO - Successfully retrieved token.
2026-07-01 22:02:39,362 - INFO - Sending payload to URL: https://nikeaplawmprod1.sce.manh.com/pickpack/api/pickpack/olpn/search
2026-07-01 22:02:39,629 - INFO - Successfully received response for Plant 1081 (PROD)
2026-07-01 22:02:39,631 - INFO - Success: Found 20 oLPN row(s) for this task.
2026-07-01 22:02:39,633 - INFO - Processing 20 payloads for Environment: PROD
2026-07-01 22:02:40,122 - INFO - Successfully retrieved token for PROD environment.
2026-07-01 22:02:40,123 - INFO - Sending payloads to URL: https://nikeaplawmprod1.sce.manh.com/pickpack/api/ServiceDefinition/invoke/NIKEEX10PackResultCS_1081
2026-07-01 22:02:40,123 - INFO - Using 20 worker threads for 20 payloads.
2026-07-01 22:02:40,123 - INFO - [PROD] Processing Payload 1/20 for Plant 1081
2026-07-01 22:02:40,123 - INFO - [PROD] Processing Payload 2/20 for Plant 1081
2026-07-01 22:02:40,125 - INFO - [PROD] Processing Payload 3/20 for Plant 1081
2026-07-01 22:02:40,125 - INFO - [PROD] Processing Payload 4/20 for Plant 1081
2026-07-01 22:02:40,126 - INFO - [PROD] Processing Payload 5/20 for Plant 1081
2026-07-01 22:02:40,127 - INFO - [PROD] Processing Payload 6/20 for Plant 1081
2026-07-01 22:02:40,128 - INFO - [PROD] Processing Payload 7/20 for Plant 1081
2026-07-01 22:02:40,129 - INFO - [PROD] Processing Payload 8/20 for Plant 1081
2026-07-01 22:02:40,130 - INFO - [PROD] Processing Payload 9/20 for Plant 1081
2026-07-01 22:02:40,132 - INFO - [PROD] Processing Payload 10/20 for Plant 1081
2026-07-01 22:02:40,132 - INFO - [PROD] Processing Payload 11/20 for Plant 1081
2026-07-01 22:02:40,133 - INFO - [PROD] Processing Payload 12/20 for Plant 1081
2026-07-01 22:02:40,133 - INFO - [PROD] Processing Payload 13/20 for Plant 1081
2026-07-01 22:02:40,134 - INFO - [PROD] Processing Payload 14/20 for Plant 1081
2026-07-01 22:02:40,138 - INFO - [PROD] Processing Payload 15/20 for Plant 1081
2026-07-01 22:02:40,141 - INFO - [PROD] Processing Payload 16/20 for Plant 1081
2026-07-01 22:02:40,145 - INFO - [PROD] Processing Payload 17/20 for Plant 1081
2026-07-01 22:02:40,147 - INFO - [PROD] Processing Payload 18/20 for Plant 1081
2026-07-01 22:02:40,148 - INFO - [PROD] Processing Payload 19/20 for Plant 1081
2026-07-01 22:02:40,149 - INFO - [PROD] Processing Payload 20/20 for Plant 1081
2026-07-01 22:02:42,414 - INFO - Pack Complete run finished. Success: 20, Failed: 0, Total: 20
2026-07-01 22:02:42,414 - INFO - Pack Complete run finished.
2026-07-01 22:02:42,414 - INFO - Waiting 120 seconds before next run...
2026-07-01 22:04:42,424 - INFO - Starting Pack Complete run...
2026-07-01 22:04:42,662 - INFO - Successfully extracted 1 data row(s) for wave information processing.
2026-07-01 22:04:42,662 - INFO - Processing row 1: {'Plant': 1081, 'Environment': 'PROD', 'Wave_number': 'W07012026000000000003;W07012026000000000004'}
2026-07-01 22:04:42,863 - INFO - Processing Task 1/1: Plant 1081 (PROD)
2026-07-01 22:04:43,336 - INFO - Successfully retrieved token.
2026-07-01 22:04:43,337 - INFO - Sending payload to URL: https://nikeaplawmprod1.sce.manh.com/pickpack/api/pickpack/olpn/search
2026-07-01 22:04:43,620 - INFO - Successfully received response for Plant 1081 (PROD)
2026-07-01 22:04:43,974 - INFO - Sending payload to URL: https://nikeaplawmprod1.sce.manh.com/task/api/task/taskDetail/search
2026-07-01 22:04:44,200 - INFO - -> Success: True, Message: None
2026-07-01 22:04:44,202 - INFO - Processing Task 1/1: Plant 1081 (PROD)
2026-07-01 22:04:44,639 - INFO - Successfully retrieved token.
2026-07-01 22:04:44,639 - INFO - Sending payload to URL: https://nikeaplawmprod1.sce.manh.com/pickpack/api/pickpack/olpn/search
2026-07-01 22:04:44,899 - INFO - Successfully received response for Plant 1081 (PROD)
2026-07-01 22:04:44,900 - INFO - Success: Found 5 oLPN row(s) for this task.
2026-07-01 22:04:44,905 - INFO - Processing 5 payloads for Environment: PROD
2026-07-01 22:04:45,359 - INFO - Successfully retrieved token for PROD environment.
2026-07-01 22:04:45,359 - INFO - Sending payloads to URL: https://nikeaplawmprod1.sce.manh.com/pickpack/api/ServiceDefinition/invoke/NIKEEX10PackResultCS_1081
2026-07-01 22:04:45,359 - INFO - Using 5 worker threads for 5 payloads.
2026-07-01 22:04:45,360 - INFO - [PROD] Processing Payload 1/5 for Plant 1081
2026-07-01 22:04:45,360 - INFO - [PROD] Processing Payload 2/5 for Plant 1081
2026-07-01 22:04:45,361 - INFO - [PROD] Processing Payload 3/5 for Plant 1081
2026-07-01 22:04:45,362 - INFO - [PROD] Processing Payload 4/5 for Plant 1081
2026-07-01 22:04:45,362 - INFO - [PROD] Processing Payload 5/5 for Plant 1081
2026-07-01 22:04:46,363 - INFO - Pack Complete run finished. Success: 5, Failed: 0, Total: 5
2026-07-01 22:04:46,363 - INFO - Pack Complete run finished.
2026-07-01 22:04:46,363 - INFO - Waiting 120 seconds before next run...
2026-07-01 22:06:46,373 - INFO - Starting Pack Complete run...
2026-07-01 22:06:46,610 - INFO - Successfully extracted 1 data row(s) for wave information processing.
2026-07-01 22:06:46,610 - INFO - Processing row 1: {'Plant': 1081, 'Environment': 'PROD', 'Wave_number': 'W07012026000000000003;W07012026000000000004'}
2026-07-01 22:06:46,829 - INFO - Processing Task 1/1: Plant 1081 (PROD)
2026-07-01 22:06:47,260 - INFO - Successfully retrieved token.
2026-07-01 22:06:47,260 - INFO - Sending payload to URL: https://nikeaplawmprod1.sce.manh.com/pickpack/api/pickpack/olpn/search
2026-07-01 22:06:47,591 - INFO - Successfully received response for Plant 1081 (PROD)
2026-07-01 22:06:48,036 - INFO - Sending payload to URL: https://nikeaplawmprod1.sce.manh.com/task/api/task/taskDetail/search
2026-07-01 22:06:48,262 - INFO - -> Success: True, Message: None
2026-07-01 22:06:48,264 - INFO - Processing Task 1/1: Plant 1081 (PROD)
2026-07-01 22:06:48,630 - INFO - Successfully retrieved token.
2026-07-01 22:06:48,630 - INFO - Sending payload to URL: https://nikeaplawmprod1.sce.manh.com/pickpack/api/pickpack/olpn/search
2026-07-01 22:06:48,835 - INFO - Successfully received response for Plant 1081 (PROD)
2026-07-01 22:06:48,836 - INFO - Success: Found 0 oLPN row(s) for this task.
2026-07-01 22:06:48,841 - ERROR - No valid pack complete payload rows were built.
2026-07-01 22:06:48,841 - ERROR - No payload were generated in Pack Complete Payload program
2026-07-01 22:06:48,841 - INFO - Pack Complete run finished.
2026-07-01 22:06:48,841 - INFO - Waiting 120 seconds before next run...
2026-07-01 22:08:48,851 - INFO - Starting Pack Complete run...
2026-07-01 22:08:49,088 - INFO - Successfully extracted 1 data row(s) for wave information processing.
2026-07-01 22:08:49,088 - INFO - Processing row 1: {'Plant': 1081, 'Environment': 'PROD', 'Wave_number': 'W07012026000000000003;W07012026000000000004'}
2026-07-01 22:08:49,293 - INFO - Processing Task 1/1: Plant 1081 (PROD)
2026-07-01 22:08:49,680 - INFO - Successfully retrieved token.
2026-07-01 22:08:49,680 - INFO - Sending payload to URL: https://nikeaplawmprod1.sce.manh.com/pickpack/api/pickpack/olpn/search
2026-07-01 22:08:50,016 - INFO - Successfully received response for Plant 1081 (PROD)
2026-07-01 22:08:50,436 - INFO - Sending payload to URL: https://nikeaplawmprod1.sce.manh.com/task/api/task/taskDetail/search
2026-07-01 22:08:50,677 - INFO - -> Success: True, Message: None
2026-07-01 22:08:50,679 - INFO - Processing Task 1/1: Plant 1081 (PROD)
2026-07-01 22:08:51,121 - INFO - Successfully retrieved token.
2026-07-01 22:08:51,121 - INFO - Sending payload to URL: https://nikeaplawmprod1.sce.manh.com/pickpack/api/pickpack/olpn/search
2026-07-01 22:08:51,364 - INFO - Successfully received response for Plant 1081 (PROD)
2026-07-01 22:08:51,365 - INFO - Success: Found 6 oLPN row(s) for this task.
2026-07-01 22:08:51,369 - INFO - Processing 6 payloads for Environment: PROD
2026-07-01 22:08:51,788 - INFO - Successfully retrieved token for PROD environment.
2026-07-01 22:08:51,789 - INFO - Sending payloads to URL: https://nikeaplawmprod1.sce.manh.com/pickpack/api/ServiceDefinition/invoke/NIKEEX10PackResultCS_1081
2026-07-01 22:08:51,789 - INFO - Using 6 worker threads for 6 payloads.
2026-07-01 22:08:51,789 - INFO - [PROD] Processing Payload 1/6 for Plant 1081
2026-07-01 22:08:51,789 - INFO - [PROD] Processing Payload 2/6 for Plant 1081
2026-07-01 22:08:51,791 - INFO - [PROD] Processing Payload 3/6 for Plant 1081
2026-07-01 22:08:51,791 - INFO - [PROD] Processing Payload 4/6 for Plant 1081
2026-07-01 22:08:51,791 - INFO - [PROD] Processing Payload 5/6 for Plant 1081
2026-07-01 22:08:51,792 - INFO - [PROD] Processing Payload 6/6 for Plant 1081
2026-07-01 22:08:52,821 - INFO - Pack Complete run finished. Success: 6, Failed: 0, Total: 6
2026-07-01 22:08:52,821 - INFO - Pack Complete run finished.
2026-07-01 22:08:52,821 - INFO - Waiting 120 seconds before next run...
2026-07-01 22:10:52,831 - INFO - Starting Pack Complete run...
2026-07-01 22:10:53,071 - INFO - Successfully extracted 1 data row(s) for wave information processing.
2026-07-01 22:10:53,071 - INFO - Processing row 1: {'Plant': 1081, 'Environment': 'PROD', 'Wave_number': 'W07012026000000000003;W07012026000000000004'}
2026-07-01 22:10:53,292 - INFO - Processing Task 1/1: Plant 1081 (PROD)
2026-07-01 22:10:53,814 - INFO - Successfully retrieved token.
2026-07-01 22:10:53,814 - INFO - Sending payload to URL: https://nikeaplawmprod1.sce.manh.com/pickpack/api/pickpack/olpn/search
2026-07-01 22:10:54,105 - INFO - Successfully received response for Plant 1081 (PROD)
2026-07-01 22:10:54,546 - INFO - Sending payload to URL: https://nikeaplawmprod1.sce.manh.com/task/api/task/taskDetail/search
2026-07-01 22:10:54,756 - INFO - -> Success: True, Message: None
2026-07-01 22:10:54,759 - INFO - Processing Task 1/1: Plant 1081 (PROD)
2026-07-01 22:10:55,170 - INFO - Successfully retrieved token.
2026-07-01 22:10:55,170 - INFO - Sending payload to URL: https://nikeaplawmprod1.sce.manh.com/pickpack/api/pickpack/olpn/search
2026-07-01 22:10:55,394 - INFO - Successfully received response for Plant 1081 (PROD)
2026-07-01 22:10:55,395 - INFO - Success: Found 2 oLPN row(s) for this task.
2026-07-01 22:10:55,397 - INFO - Processing 2 payloads for Environment: PROD
2026-07-01 22:10:55,826 - INFO - Successfully retrieved token for PROD environment.
2026-07-01 22:10:55,826 - INFO - Sending payloads to URL: https://nikeaplawmprod1.sce.manh.com/pickpack/api/ServiceDefinition/invoke/NIKEEX10PackResultCS_1081
2026-07-01 22:10:55,826 - INFO - Using 2 worker threads for 2 payloads.
2026-07-01 22:10:55,826 - INFO - [PROD] Processing Payload 1/2 for Plant 1081
2026-07-01 22:10:55,827 - INFO - [PROD] Processing Payload 2/2 for Plant 1081
2026-07-01 22:10:56,600 - INFO - Pack Complete run finished. Success: 2, Failed: 0, Total: 2
2026-07-01 22:10:56,601 - INFO - Pack Complete run finished.
2026-07-01 22:10:56,601 - INFO - Waiting 120 seconds before next run...
2026-07-01 22:17:21,912 - INFO - Starting Pack Complete run...
2026-07-01 22:17:22,181 - INFO - Successfully extracted 1 data row(s) for wave information processing.
2026-07-01 22:17:22,181 - INFO - Processing row 1: {'Plant': 1081, 'Environment': 'PROD', 'Wave_number': 'W07012026000000000003;W07012026000000000004'}
2026-07-01 22:17:22,386 - INFO - Processing Task 1/1: Plant 1081 (PROD)
2026-07-01 22:17:23,095 - INFO - Successfully retrieved token.
2026-07-01 22:17:23,096 - INFO - Sending payload to URL: https://nikeaplawmprod1.sce.manh.com/pickpack/api/pickpack/olpn/search
2026-07-01 22:17:23,525 - INFO - Successfully received response for Plant 1081 (PROD)
2026-07-01 22:17:23,966 - INFO - Sending payload to URL: https://nikeaplawmprod1.sce.manh.com/task/api/task/taskDetail/search
2026-07-01 22:17:24,211 - INFO - -> Success: True, Message: None
2026-07-01 22:17:24,215 - INFO - Processing Task 1/1: Plant 1081 (PROD)
2026-07-01 22:17:24,806 - INFO - Successfully retrieved token.
2026-07-01 22:17:24,806 - INFO - Sending payload to URL: https://nikeaplawmprod1.sce.manh.com/pickpack/api/pickpack/olpn/search
2026-07-01 22:17:25,077 - INFO - Successfully received response for Plant 1081 (PROD)
2026-07-01 22:17:25,079 - INFO - Success: Found 20 oLPN row(s) for this task.
2026-07-01 22:17:25,080 - INFO - Processing 20 payloads for Environment: PROD
2026-07-01 22:17:25,516 - INFO - Successfully retrieved token for PROD environment.
2026-07-01 22:17:25,516 - INFO - Sending payloads to URL: https://nikeaplawmprod1.sce.manh.com/pickpack/api/ServiceDefinition/invoke/NIKEEX10PackResultCS_1081
2026-07-01 22:17:25,516 - INFO - Using 20 worker threads for 20 payloads.
2026-07-01 22:17:25,517 - INFO - [PROD] Processing Payload 1/20 for Plant 1081
2026-07-01 22:17:25,517 - INFO - [PROD] Processing Payload 2/20 for Plant 1081
2026-07-01 22:17:25,518 - INFO - [PROD] Processing Payload 3/20 for Plant 1081
2026-07-01 22:17:25,519 - INFO - [PROD] Processing Payload 4/20 for Plant 1081
2026-07-01 22:17:25,520 - INFO - [PROD] Processing Payload 5/20 for Plant 1081
2026-07-01 22:17:25,521 - INFO - [PROD] Processing Payload 6/20 for Plant 1081
2026-07-01 22:17:25,521 - INFO - [PROD] Processing Payload 7/20 for Plant 1081
2026-07-01 22:17:25,523 - INFO - [PROD] Processing Payload 8/20 for Plant 1081
2026-07-01 22:17:25,524 - INFO - [PROD] Processing Payload 9/20 for Plant 1081
2026-07-01 22:17:25,525 - INFO - [PROD] Processing Payload 10/20 for Plant 1081
2026-07-01 22:17:25,526 - INFO - [PROD] Processing Payload 11/20 for Plant 1081
2026-07-01 22:17:25,527 - INFO - [PROD] Processing Payload 12/20 for Plant 1081
2026-07-01 22:17:25,528 - INFO - [PROD] Processing Payload 13/20 for Plant 1081
2026-07-01 22:17:25,528 - INFO - [PROD] Processing Payload 14/20 for Plant 1081
2026-07-01 22:17:25,529 - INFO - [PROD] Processing Payload 15/20 for Plant 1081
2026-07-01 22:17:25,530 - INFO - [PROD] Processing Payload 16/20 for Plant 1081
2026-07-01 22:17:25,531 - INFO - [PROD] Processing Payload 17/20 for Plant 1081
2026-07-01 22:17:25,531 - INFO - [PROD] Processing Payload 18/20 for Plant 1081
2026-07-01 22:17:25,532 - INFO - [PROD] Processing Payload 19/20 for Plant 1081
2026-07-01 22:17:25,533 - INFO - [PROD] Processing Payload 20/20 for Plant 1081
2026-07-01 22:17:28,280 - INFO - Pack Complete run finished. Success: 20, Failed: 0, Total: 20
2026-07-01 22:17:28,280 - INFO - Pack Complete run finished.
2026-07-01 22:17:28,280 - INFO - Waiting 120 seconds before next run...
2026-07-01 22:19:28,291 - INFO - Starting Pack Complete run...
2026-07-01 22:19:28,533 - INFO - Successfully extracted 1 data row(s) for wave information processing.
2026-07-01 22:19:28,533 - INFO - Processing row 1: {'Plant': 1081, 'Environment': 'PROD', 'Wave_number': 'W07012026000000000003;W07012026000000000004'}
2026-07-01 22:19:28,763 - INFO - Processing Task 1/1: Plant 1081 (PROD)
2026-07-01 22:19:29,381 - INFO - Successfully retrieved token.
2026-07-01 22:19:29,381 - INFO - Sending payload to URL: https://nikeaplawmprod1.sce.manh.com/pickpack/api/pickpack/olpn/search
2026-07-01 22:19:29,698 - INFO - Successfully received response for Plant 1081 (PROD)
2026-07-01 22:19:30,144 - INFO - Sending payload to URL: https://nikeaplawmprod1.sce.manh.com/task/api/task/taskDetail/search
2026-07-01 22:19:30,363 - INFO - -> Success: True, Message: None
2026-07-01 22:19:30,366 - INFO - Processing Task 1/1: Plant 1081 (PROD)
2026-07-01 22:19:30,783 - INFO - Successfully retrieved token.
2026-07-01 22:19:30,783 - INFO - Sending payload to URL: https://nikeaplawmprod1.sce.manh.com/pickpack/api/pickpack/olpn/search
2026-07-01 22:19:31,069 - INFO - Successfully received response for Plant 1081 (PROD)
2026-07-01 22:19:31,070 - INFO - Success: Found 6 oLPN row(s) for this task.
2026-07-01 22:19:31,074 - INFO - Processing 6 payloads for Environment: PROD
2026-07-01 22:19:31,445 - INFO - Successfully retrieved token for PROD environment.
2026-07-01 22:19:31,445 - INFO - Sending payloads to URL: https://nikeaplawmprod1.sce.manh.com/pickpack/api/ServiceDefinition/invoke/NIKEEX10PackResultCS_1081
2026-07-01 22:19:31,445 - INFO - Using 6 worker threads for 6 payloads.
2026-07-01 22:19:31,445 - INFO - [PROD] Processing Payload 1/6 for Plant 1081
2026-07-01 22:19:31,446 - INFO - [PROD] Processing Payload 2/6 for Plant 1081
2026-07-01 22:19:31,447 - INFO - [PROD] Processing Payload 3/6 for Plant 1081
2026-07-01 22:19:31,449 - INFO - [PROD] Processing Payload 4/6 for Plant 1081
2026-07-01 22:19:31,449 - INFO - [PROD] Processing Payload 5/6 for Plant 1081
2026-07-01 22:19:31,450 - INFO - [PROD] Processing Payload 6/6 for Plant 1081
2026-07-01 22:19:32,497 - INFO - Pack Complete run finished. Success: 6, Failed: 0, Total: 6
2026-07-01 22:19:32,498 - INFO - Pack Complete run finished.
2026-07-01 22:19:32,498 - INFO - Waiting 120 seconds before next run...
2026-07-01 22:21:32,508 - INFO - Starting Pack Complete run...
2026-07-01 22:21:32,746 - INFO - Successfully extracted 1 data row(s) for wave information processing.
2026-07-01 22:21:32,746 - INFO - Processing row 1: {'Plant': 1081, 'Environment': 'PROD', 'Wave_number': 'W07012026000000000003;W07012026000000000004'}
2026-07-01 22:21:32,946 - INFO - Processing Task 1/1: Plant 1081 (PROD)
2026-07-01 22:21:33,389 - INFO - Successfully retrieved token.
2026-07-01 22:21:33,390 - INFO - Sending payload to URL: https://nikeaplawmprod1.sce.manh.com/pickpack/api/pickpack/olpn/search
2026-07-01 22:21:33,668 - INFO - Successfully received response for Plant 1081 (PROD)
2026-07-01 22:21:34,026 - INFO - Sending payload to URL: https://nikeaplawmprod1.sce.manh.com/task/api/task/taskDetail/search
2026-07-01 22:21:34,269 - INFO - -> Success: True, Message: None
2026-07-01 22:21:34,273 - INFO - Processing Task 1/1: Plant 1081 (PROD)
2026-07-01 22:21:34,666 - INFO - Successfully retrieved token.
2026-07-01 22:21:34,666 - INFO - Sending payload to URL: https://nikeaplawmprod1.sce.manh.com/pickpack/api/pickpack/olpn/search
2026-07-01 22:21:34,894 - INFO - Successfully received response for Plant 1081 (PROD)
2026-07-01 22:21:34,894 - INFO - Success: Found 4 oLPN row(s) for this task.
2026-07-01 22:21:34,896 - INFO - Processing 4 payloads for Environment: PROD
2026-07-01 22:21:35,335 - INFO - Successfully retrieved token for PROD environment.
2026-07-01 22:21:35,335 - INFO - Sending payloads to URL: https://nikeaplawmprod1.sce.manh.com/pickpack/api/ServiceDefinition/invoke/NIKEEX10PackResultCS_1081
2026-07-01 22:21:35,335 - INFO - Using 4 worker threads for 4 payloads.
2026-07-01 22:21:35,335 - INFO - [PROD] Processing Payload 1/4 for Plant 1081
2026-07-01 22:21:35,335 - INFO - [PROD] Processing Payload 2/4 for Plant 1081
2026-07-01 22:21:35,336 - INFO - [PROD] Processing Payload 3/4 for Plant 1081
2026-07-01 22:21:35,337 - INFO - [PROD] Processing Payload 4/4 for Plant 1081
2026-07-01 22:21:36,153 - INFO - Pack Complete run finished. Success: 4, Failed: 0, Total: 4
2026-07-01 22:21:36,153 - INFO - Pack Complete run finished.
2026-07-01 22:21:36,153 - INFO - Waiting 120 seconds before next run...
2026-07-01 22:23:36,167 - INFO - Starting Pack Complete run...
2026-07-01 22:23:36,397 - INFO - Successfully extracted 1 data row(s) for wave information processing.
2026-07-01 22:23:36,397 - INFO - Processing row 1: {'Plant': 1081, 'Environment': 'PROD', 'Wave_number': 'W07012026000000000003;W07012026000000000004'}
2026-07-01 22:23:36,618 - INFO - Processing Task 1/1: Plant 1081 (PROD)
2026-07-01 22:23:37,015 - INFO - Successfully retrieved token.
2026-07-01 22:23:37,015 - INFO - Sending payload to URL: https://nikeaplawmprod1.sce.manh.com/pickpack/api/pickpack/olpn/search
2026-07-01 22:23:37,473 - INFO - Successfully received response for Plant 1081 (PROD)
2026-07-01 22:23:37,844 - INFO - Sending payload to URL: https://nikeaplawmprod1.sce.manh.com/task/api/task/taskDetail/search
2026-07-01 22:23:38,066 - INFO - -> Success: True, Message: None
2026-07-01 22:23:38,071 - INFO - Processing Task 1/1: Plant 1081 (PROD)
2026-07-01 22:23:38,525 - INFO - Successfully retrieved token.
2026-07-01 22:23:38,525 - INFO - Sending payload to URL: https://nikeaplawmprod1.sce.manh.com/pickpack/api/pickpack/olpn/search
2026-07-01 22:23:38,856 - INFO - Successfully received response for Plant 1081 (PROD)
2026-07-01 22:23:38,856 - INFO - Success: Found 3 oLPN row(s) for this task.
2026-07-01 22:23:38,859 - INFO - Processing 3 payloads for Environment: PROD
2026-07-01 22:23:39,279 - INFO - Successfully retrieved token for PROD environment.
2026-07-01 22:23:39,279 - INFO - Sending payloads to URL: https://nikeaplawmprod1.sce.manh.com/pickpack/api/ServiceDefinition/invoke/NIKEEX10PackResultCS_1081
2026-07-01 22:23:39,279 - INFO - Using 3 worker threads for 3 payloads.
2026-07-01 22:23:39,279 - INFO - [PROD] Processing Payload 1/3 for Plant 1081
2026-07-01 22:23:39,280 - INFO - [PROD] Processing Payload 2/3 for Plant 1081
2026-07-01 22:23:39,280 - INFO - [PROD] Processing Payload 3/3 for Plant 1081
2026-07-01 22:23:59,225 - INFO - Pack Complete run finished. Success: 3, Failed: 0, Total: 3
2026-07-01 22:23:59,226 - INFO - Pack Complete run finished.
2026-07-01 22:23:59,226 - INFO - Waiting 120 seconds before next run...
2026-07-01 22:25:59,236 - INFO - Starting Pack Complete run...
2026-07-01 22:25:59,474 - INFO - Successfully extracted 1 data row(s) for wave information processing.
2026-07-01 22:25:59,474 - INFO - Processing row 1: {'Plant': 1081, 'Environment': 'PROD', 'Wave_number': 'W07012026000000000003;W07012026000000000004'}
2026-07-01 22:25:59,675 - INFO - Processing Task 1/1: Plant 1081 (PROD)
2026-07-01 22:26:00,162 - INFO - Successfully retrieved token.
2026-07-01 22:26:00,162 - INFO - Sending payload to URL: https://nikeaplawmprod1.sce.manh.com/pickpack/api/pickpack/olpn/search
2026-07-01 22:26:00,465 - INFO - Successfully received response for Plant 1081 (PROD)
2026-07-01 22:26:00,966 - INFO - Sending payload to URL: https://nikeaplawmprod1.sce.manh.com/task/api/task/taskDetail/search
2026-07-01 22:26:01,200 - INFO - -> Success: True, Message: None
2026-07-01 22:26:01,202 - INFO - Processing Task 1/1: Plant 1081 (PROD)
2026-07-01 22:26:01,581 - INFO - Successfully retrieved token.
2026-07-01 22:26:01,581 - INFO - Sending payload to URL: https://nikeaplawmprod1.sce.manh.com/pickpack/api/pickpack/olpn/search
2026-07-01 22:26:01,828 - INFO - Successfully received response for Plant 1081 (PROD)
2026-07-01 22:26:01,829 - INFO - Success: Found 3 oLPN row(s) for this task.
2026-07-01 22:26:01,830 - INFO - Processing 3 payloads for Environment: PROD
2026-07-01 22:26:02,477 - INFO - Successfully retrieved token for PROD environment.
2026-07-01 22:26:02,477 - INFO - Sending payloads to URL: https://nikeaplawmprod1.sce.manh.com/pickpack/api/ServiceDefinition/invoke/NIKEEX10PackResultCS_1081
2026-07-01 22:26:02,477 - INFO - Using 3 worker threads for 3 payloads.
2026-07-01 22:26:02,478 - INFO - [PROD] Processing Payload 1/3 for Plant 1081
2026-07-01 22:26:02,478 - INFO - [PROD] Processing Payload 2/3 for Plant 1081
2026-07-01 22:26:02,479 - INFO - [PROD] Processing Payload 3/3 for Plant 1081
2026-07-01 22:26:03,627 - INFO - Pack Complete run finished. Success: 3, Failed: 0, Total: 3
2026-07-01 22:26:03,627 - INFO - Pack Complete run finished.
2026-07-01 22:26:03,628 - INFO - Waiting 120 seconds before next run...
2026-07-01 22:43:54,317 - INFO - Starting Pack Complete run...
2026-07-01 22:43:54,587 - INFO - Successfully extracted 1 data row(s) for wave information processing.
2026-07-01 22:43:54,587 - INFO - Processing row 1: {'Plant': 1081, 'Environment': 'PROD', 'Wave_number': 'W07012026000000000003;W07012026000000000004'}
2026-07-01 22:43:54,825 - INFO - Processing Task 1/1: Plant 1081 (PROD)
2026-07-01 22:43:55,316 - INFO - Successfully retrieved token.
2026-07-01 22:43:55,316 - INFO - Sending payload to URL: https://nikeaplawmprod1.sce.manh.com/pickpack/api/pickpack/olpn/search
2026-07-01 22:43:56,060 - INFO - Successfully received response for Plant 1081 (PROD)
2026-07-01 22:43:56,492 - INFO - Sending payload to URL: https://nikeaplawmprod1.sce.manh.com/task/api/task/taskDetail/search
2026-07-01 22:43:56,726 - INFO - -> Success: True, Message: None
2026-07-01 22:43:56,731 - INFO - Processing Task 1/1: Plant 1081 (PROD)
2026-07-01 22:43:57,176 - INFO - Successfully retrieved token.
2026-07-01 22:43:57,176 - INFO - Sending payload to URL: https://nikeaplawmprod1.sce.manh.com/pickpack/api/pickpack/olpn/search
2026-07-01 22:43:57,488 - INFO - Successfully received response for Plant 1081 (PROD)
2026-07-01 22:43:57,490 - INFO - Success: Found 20 oLPN row(s) for this task.
2026-07-01 22:43:57,494 - INFO - Processing 20 payloads for Environment: PROD
2026-07-01 22:43:57,857 - INFO - Successfully retrieved token for PROD environment.
2026-07-01 22:43:57,857 - INFO - Sending payloads to URL: https://nikeaplawmprod1.sce.manh.com/pickpack/api/ServiceDefinition/invoke/NIKEEX10PackResultCS_1081
2026-07-01 22:43:57,857 - INFO - Using 20 worker threads for 20 payloads.
2026-07-01 22:43:57,858 - INFO - [PROD] Processing Payload 1/20 for Plant 1081
2026-07-01 22:43:57,858 - INFO - [PROD] Processing Payload 2/20 for Plant 1081
2026-07-01 22:43:57,859 - INFO - [PROD] Processing Payload 3/20 for Plant 1081
2026-07-01 22:43:57,860 - INFO - [PROD] Processing Payload 4/20 for Plant 1081
2026-07-01 22:43:57,862 - INFO - [PROD] Processing Payload 5/20 for Plant 1081
2026-07-01 22:43:57,863 - INFO - [PROD] Processing Payload 6/20 for Plant 1081
2026-07-01 22:43:57,863 - INFO - [PROD] Processing Payload 7/20 for Plant 1081
2026-07-01 22:43:57,864 - INFO - [PROD] Processing Payload 8/20 for Plant 1081
2026-07-01 22:43:57,864 - INFO - [PROD] Processing Payload 9/20 for Plant 1081
2026-07-01 22:43:57,864 - INFO - [PROD] Processing Payload 10/20 for Plant 1081
2026-07-01 22:43:57,864 - INFO - [PROD] Processing Payload 11/20 for Plant 1081
2026-07-01 22:43:57,864 - INFO - [PROD] Processing Payload 12/20 for Plant 1081
2026-07-01 22:43:57,864 - INFO - [PROD] Processing Payload 13/20 for Plant 1081
2026-07-01 22:43:57,865 - INFO - [PROD] Processing Payload 14/20 for Plant 1081
2026-07-01 22:43:57,865 - INFO - [PROD] Processing Payload 15/20 for Plant 1081
2026-07-01 22:43:57,865 - INFO - [PROD] Processing Payload 16/20 for Plant 1081
2026-07-01 22:43:57,865 - INFO - [PROD] Processing Payload 17/20 for Plant 1081
2026-07-01 22:43:57,865 - INFO - [PROD] Processing Payload 18/20 for Plant 1081
2026-07-01 22:43:57,865 - INFO - [PROD] Processing Payload 19/20 for Plant 1081
2026-07-01 22:43:57,865 - INFO - [PROD] Processing Payload 20/20 for Plant 1081
2026-07-01 22:44:00,966 - INFO - Pack Complete run finished. Success: 20, Failed: 0, Total: 20
2026-07-01 22:44:00,968 - INFO - Pack Complete run finished.
2026-07-01 22:44:00,968 - INFO - Waiting 120 seconds before next run...
2026-07-01 22:46:00,978 - INFO - Starting Pack Complete run...
2026-07-01 22:46:01,217 - INFO - Successfully extracted 1 data row(s) for wave information processing.
2026-07-01 22:46:01,217 - INFO - Processing row 1: {'Plant': 1081, 'Environment': 'PROD', 'Wave_number': 'W07012026000000000003;W07012026000000000004'}
2026-07-01 22:46:01,419 - INFO - Processing Task 1/1: Plant 1081 (PROD)
2026-07-01 22:46:01,917 - INFO - Successfully retrieved token.
2026-07-01 22:46:01,917 - INFO - Sending payload to URL: https://nikeaplawmprod1.sce.manh.com/pickpack/api/pickpack/olpn/search
2026-07-01 22:46:02,220 - INFO - Successfully received response for Plant 1081 (PROD)
2026-07-01 22:46:02,582 - INFO - Sending payload to URL: https://nikeaplawmprod1.sce.manh.com/task/api/task/taskDetail/search
2026-07-01 22:46:02,796 - INFO - -> Success: True, Message: None
2026-07-01 22:46:02,801 - INFO - Processing Task 1/1: Plant 1081 (PROD)
2026-07-01 22:46:03,224 - INFO - Successfully retrieved token.
2026-07-01 22:46:03,225 - INFO - Sending payload to URL: https://nikeaplawmprod1.sce.manh.com/pickpack/api/pickpack/olpn/search
2026-07-01 22:46:03,433 - INFO - Successfully received response for Plant 1081 (PROD)
2026-07-01 22:46:03,434 - INFO - Success: Found 8 oLPN row(s) for this task.
2026-07-01 22:46:03,437 - INFO - Processing 8 payloads for Environment: PROD
2026-07-01 22:46:03,815 - INFO - Successfully retrieved token for PROD environment.
2026-07-01 22:46:03,815 - INFO - Sending payloads to URL: https://nikeaplawmprod1.sce.manh.com/pickpack/api/ServiceDefinition/invoke/NIKEEX10PackResultCS_1081
2026-07-01 22:46:03,815 - INFO - Using 8 worker threads for 8 payloads.
2026-07-01 22:46:03,815 - INFO - [PROD] Processing Payload 1/8 for Plant 1081
2026-07-01 22:46:03,816 - INFO - [PROD] Processing Payload 2/8 for Plant 1081
2026-07-01 22:46:03,817 - INFO - [PROD] Processing Payload 3/8 for Plant 1081
2026-07-01 22:46:03,818 - INFO - [PROD] Processing Payload 4/8 for Plant 1081
2026-07-01 22:46:03,819 - INFO - [PROD] Processing Payload 5/8 for Plant 1081
2026-07-01 22:46:03,820 - INFO - [PROD] Processing Payload 6/8 for Plant 1081
2026-07-01 22:46:03,821 - INFO - [PROD] Processing Payload 7/8 for Plant 1081
2026-07-01 22:46:03,821 - INFO - [PROD] Processing Payload 8/8 for Plant 1081
2026-07-01 22:46:03,834 - ERROR - ERROR: API request failed for payload 5: HTTPSConnectionPool(host='nikeaplawmprod1.sce.manh.com', port=443): Max retries exceeded with url: /pickpack/api/ServiceDefinition/invoke/NIKEEX10PackResultCS_1081 (Caused by NameResolutionError("<urllib3.connection.HTTPSConnection object at 0x10c4dc190>: Failed to resolve 'nikeaplawmprod1.sce.manh.com' ([Errno 8] nodename nor servname provided, or not known)"))
2026-07-01 22:46:05,439 - INFO - Pack Complete run finished. Success: 7, Failed: 1, Total: 8
2026-07-01 22:46:05,439 - INFO - Pack Complete run finished.
2026-07-01 22:46:05,439 - INFO - Waiting 120 seconds before next run...
2026-07-01 22:48:05,449 - INFO - Starting Pack Complete run...
2026-07-01 22:48:05,778 - INFO - Successfully extracted 1 data row(s) for wave information processing.
2026-07-01 22:48:05,778 - INFO - Processing row 1: {'Plant': 1081, 'Environment': 'PROD', 'Wave_number': 'W07012026000000000003;W07012026000000000004'}
2026-07-01 22:48:05,997 - INFO - Processing Task 1/1: Plant 1081 (PROD)
2026-07-01 22:48:06,849 - INFO - Successfully retrieved token.
2026-07-01 22:48:06,849 - INFO - Sending payload to URL: https://nikeaplawmprod1.sce.manh.com/pickpack/api/pickpack/olpn/search
2026-07-01 22:48:07,153 - INFO - Successfully received response for Plant 1081 (PROD)
2026-07-01 22:48:07,606 - INFO - Sending payload to URL: https://nikeaplawmprod1.sce.manh.com/task/api/task/taskDetail/search
2026-07-01 22:48:07,828 - INFO - -> Success: True, Message: None
2026-07-01 22:48:07,832 - INFO - Processing Task 1/1: Plant 1081 (PROD)
2026-07-01 22:48:08,468 - INFO - Successfully retrieved token.
2026-07-01 22:48:08,468 - INFO - Sending payload to URL: https://nikeaplawmprod1.sce.manh.com/pickpack/api/pickpack/olpn/search
2026-07-01 22:48:08,677 - INFO - Successfully received response for Plant 1081 (PROD)
2026-07-01 22:48:08,678 - INFO - Success: Found 5 oLPN row(s) for this task.
2026-07-01 22:48:08,680 - INFO - Processing 5 payloads for Environment: PROD
2026-07-01 22:48:09,128 - INFO - Successfully retrieved token for PROD environment.
2026-07-01 22:48:09,128 - INFO - Sending payloads to URL: https://nikeaplawmprod1.sce.manh.com/pickpack/api/ServiceDefinition/invoke/NIKEEX10PackResultCS_1081
2026-07-01 22:48:09,129 - INFO - Using 5 worker threads for 5 payloads.
2026-07-01 22:48:09,129 - INFO - [PROD] Processing Payload 1/5 for Plant 1081
2026-07-01 22:48:09,130 - INFO - [PROD] Processing Payload 2/5 for Plant 1081
2026-07-01 22:48:09,130 - INFO - [PROD] Processing Payload 3/5 for Plant 1081
2026-07-01 22:48:09,132 - INFO - [PROD] Processing Payload 4/5 for Plant 1081
2026-07-01 22:48:09,133 - INFO - [PROD] Processing Payload 5/5 for Plant 1081
2026-07-01 22:48:10,151 - INFO - Pack Complete run finished. Success: 5, Failed: 0, Total: 5
2026-07-01 22:48:10,151 - INFO - Pack Complete run finished.
2026-07-01 22:48:10,151 - INFO - Waiting 120 seconds before next run...
2026-07-01 22:50:10,161 - INFO - Starting Pack Complete run...
2026-07-01 22:50:10,400 - INFO - Successfully extracted 1 data row(s) for wave information processing.
2026-07-01 22:50:10,400 - INFO - Processing row 1: {'Plant': 1081, 'Environment': 'PROD', 'Wave_number': 'W07012026000000000003;W07012026000000000004'}
2026-07-01 22:50:10,602 - INFO - Processing Task 1/1: Plant 1081 (PROD)
2026-07-01 22:50:11,159 - INFO - Successfully retrieved token.
2026-07-01 22:50:11,159 - INFO - Sending payload to URL: https://nikeaplawmprod1.sce.manh.com/pickpack/api/pickpack/olpn/search
2026-07-01 22:50:11,451 - INFO - Successfully received response for Plant 1081 (PROD)
2026-07-01 22:50:11,828 - INFO - Sending payload to URL: https://nikeaplawmprod1.sce.manh.com/task/api/task/taskDetail/search
2026-07-01 22:50:12,285 - INFO - -> Success: True, Message: None
2026-07-01 22:50:12,290 - INFO - Processing Task 1/1: Plant 1081 (PROD)
2026-07-01 22:50:12,753 - INFO - Successfully retrieved token.
2026-07-01 22:50:12,754 - INFO - Sending payload to URL: https://nikeaplawmprod1.sce.manh.com/pickpack/api/pickpack/olpn/search
2026-07-01 22:50:12,980 - INFO - Successfully received response for Plant 1081 (PROD)
2026-07-01 22:50:12,981 - INFO - Success: Found 5 oLPN row(s) for this task.
2026-07-01 22:50:12,984 - INFO - Processing 5 payloads for Environment: PROD
2026-07-01 22:50:13,520 - INFO - Successfully retrieved token for PROD environment.
2026-07-01 22:50:13,520 - INFO - Sending payloads to URL: https://nikeaplawmprod1.sce.manh.com/pickpack/api/ServiceDefinition/invoke/NIKEEX10PackResultCS_1081
2026-07-01 22:50:13,520 - INFO - Using 5 worker threads for 5 payloads.
2026-07-01 22:50:13,521 - INFO - [PROD] Processing Payload 1/5 for Plant 1081
2026-07-01 22:50:13,521 - INFO - [PROD] Processing Payload 2/5 for Plant 1081
2026-07-01 22:50:13,522 - INFO - [PROD] Processing Payload 3/5 for Plant 1081
2026-07-01 22:50:13,523 - INFO - [PROD] Processing Payload 4/5 for Plant 1081
2026-07-01 22:50:13,524 - INFO - [PROD] Processing Payload 5/5 for Plant 1081
2026-07-01 22:50:14,518 - INFO - Pack Complete run finished. Success: 5, Failed: 0, Total: 5
2026-07-01 22:50:14,519 - INFO - Pack Complete run finished.
2026-07-01 22:50:14,519 - INFO - Waiting 120 seconds before next run...
2026-07-01 22:52:14,529 - INFO - Starting Pack Complete run...
2026-07-01 22:52:14,769 - INFO - Successfully extracted 1 data row(s) for wave information processing.
2026-07-01 22:52:14,769 - INFO - Processing row 1: {'Plant': 1081, 'Environment': 'PROD', 'Wave_number': 'W07012026000000000003;W07012026000000000004'}
2026-07-01 22:52:14,990 - INFO - Processing Task 1/1: Plant 1081 (PROD)
2026-07-01 22:52:15,450 - INFO - Successfully retrieved token.
2026-07-01 22:52:15,451 - INFO - Sending payload to URL: https://nikeaplawmprod1.sce.manh.com/pickpack/api/pickpack/olpn/search
2026-07-01 22:52:15,758 - INFO - Successfully received response for Plant 1081 (PROD)
2026-07-01 22:52:16,170 - INFO - Sending payload to URL: https://nikeaplawmprod1.sce.manh.com/task/api/task/taskDetail/search
2026-07-01 22:52:16,423 - INFO - -> Success: True, Message: None
2026-07-01 22:52:16,424 - INFO - Processing Task 1/1: Plant 1081 (PROD)
2026-07-01 22:52:16,844 - INFO - Successfully retrieved token.
2026-07-01 22:52:16,844 - INFO - Sending payload to URL: https://nikeaplawmprod1.sce.manh.com/pickpack/api/pickpack/olpn/search
2026-07-01 22:52:17,048 - INFO - Successfully received response for Plant 1081 (PROD)
2026-07-01 22:52:17,049 - INFO - Success: Found 0 oLPN row(s) for this task.
2026-07-01 22:52:17,053 - ERROR - No valid pack complete payload rows were built.
2026-07-01 22:52:17,053 - ERROR - No payload were generated in Pack Complete Payload program
2026-07-01 22:52:17,053 - INFO - Pack Complete run finished.
2026-07-01 22:52:17,053 - INFO - Waiting 120 seconds before next run...
2026-07-02 00:47:58,993 - INFO - Starting Pack Complete run...
2026-07-02 00:47:59,217 - INFO - Successfully extracted 1 data row(s) for wave information processing.
2026-07-02 00:47:59,217 - INFO - Processing row 1: {'Plant': 1081, 'Environment': 'PROD', 'Wave_number': 'W07012026000000000003;W07012026000000000004'}
2026-07-02 00:47:59,436 - INFO - Processing Task 1/1: Plant 1081 (PROD)
2026-07-02 00:48:00,070 - INFO - Successfully retrieved token.
2026-07-02 00:48:00,070 - INFO - Sending payload to URL: https://nikeaplawmprod1.sce.manh.com/pickpack/api/pickpack/olpn/search
2026-07-02 00:48:00,807 - INFO - Successfully received response for Plant 1081 (PROD)
2026-07-02 00:48:01,206 - INFO - Sending payload to URL: https://nikeaplawmprod1.sce.manh.com/task/api/task/taskDetail/search
2026-07-02 00:48:01,423 - INFO - -> Success: True, Message: None
2026-07-02 00:48:01,425 - INFO - Processing Task 1/1: Plant 1081 (PROD)
2026-07-02 00:48:01,791 - INFO - Successfully retrieved token.
2026-07-02 00:48:01,792 - INFO - Sending payload to URL: https://nikeaplawmprod1.sce.manh.com/pickpack/api/pickpack/olpn/search
2026-07-02 00:48:02,042 - INFO - Successfully received response for Plant 1081 (PROD)
2026-07-02 00:48:02,044 - INFO - Success: Found 20 oLPN row(s) for this task.
2026-07-02 00:48:02,047 - INFO - Processing 20 payloads for Environment: PROD
2026-07-02 00:48:02,443 - INFO - Successfully retrieved token for PROD environment.
2026-07-02 00:48:02,443 - INFO - Sending payloads to URL: https://nikeaplawmprod1.sce.manh.com/pickpack/api/ServiceDefinition/invoke/NIKEEX10PackResultCS_1081
2026-07-02 00:48:02,443 - INFO - Using 20 worker threads for 20 payloads.
2026-07-02 00:48:02,444 - INFO - [PROD] Processing Payload 1/20 for Plant 1081
2026-07-02 00:48:02,444 - INFO - [PROD] Processing Payload 2/20 for Plant 1081
2026-07-02 00:48:02,446 - INFO - [PROD] Processing Payload 3/20 for Plant 1081
2026-07-02 00:48:02,446 - INFO - [PROD] Processing Payload 4/20 for Plant 1081
2026-07-02 00:48:02,446 - INFO - [PROD] Processing Payload 5/20 for Plant 1081
2026-07-02 00:48:02,448 - INFO - [PROD] Processing Payload 6/20 for Plant 1081
2026-07-02 00:48:02,449 - INFO - [PROD] Processing Payload 7/20 for Plant 1081
2026-07-02 00:48:02,450 - INFO - [PROD] Processing Payload 8/20 for Plant 1081
2026-07-02 00:48:02,450 - INFO - [PROD] Processing Payload 9/20 for Plant 1081
2026-07-02 00:48:02,451 - INFO - [PROD] Processing Payload 10/20 for Plant 1081
2026-07-02 00:48:02,451 - INFO - [PROD] Processing Payload 11/20 for Plant 1081
2026-07-02 00:48:02,453 - INFO - [PROD] Processing Payload 12/20 for Plant 1081
2026-07-02 00:48:02,455 - INFO - [PROD] Processing Payload 13/20 for Plant 1081
2026-07-02 00:48:02,455 - INFO - [PROD] Processing Payload 14/20 for Plant 1081
2026-07-02 00:48:02,456 - INFO - [PROD] Processing Payload 15/20 for Plant 1081
2026-07-02 00:48:02,456 - INFO - [PROD] Processing Payload 16/20 for Plant 1081
2026-07-02 00:48:02,457 - INFO - [PROD] Processing Payload 17/20 for Plant 1081
2026-07-02 00:48:02,458 - INFO - [PROD] Processing Payload 18/20 for Plant 1081
2026-07-02 00:48:02,459 - INFO - [PROD] Processing Payload 19/20 for Plant 1081
2026-07-02 00:48:02,459 - INFO - [PROD] Processing Payload 20/20 for Plant 1081
2026-07-02 01:19:57,100 - ERROR - ERROR: API request failed for payload 1: HTTPSConnectionPool(host='nikeaplawmprod1.sce.manh.com', port=443): Read timed out. (read timeout=30)
2026-07-02 01:19:57,132 - ERROR - ERROR: API request failed for payload 4: HTTPSConnectionPool(host='nikeaplawmprod1.sce.manh.com', port=443): Read timed out. (read timeout=30)
2026-07-02 01:19:57,162 - ERROR - ERROR: API request failed for payload 5: HTTPSConnectionPool(host='nikeaplawmprod1.sce.manh.com', port=443): Read timed out. (read timeout=30)
2026-07-02 01:19:57,163 - ERROR - ERROR: API request failed for payload 6: HTTPSConnectionPool(host='nikeaplawmprod1.sce.manh.com', port=443): Read timed out. (read timeout=30)
2026-07-02 01:19:57,193 - ERROR - ERROR: API request failed for payload 3: HTTPSConnectionPool(host='nikeaplawmprod1.sce.manh.com', port=443): Read timed out. (read timeout=30)
2026-07-02 01:19:57,193 - ERROR - ERROR: API request failed for payload 11: HTTPSConnectionPool(host='nikeaplawmprod1.sce.manh.com', port=443): Read timed out. (read timeout=30)
2026-07-02 01:19:57,194 - ERROR - ERROR: API request failed for payload 9: HTTPSConnectionPool(host='nikeaplawmprod1.sce.manh.com', port=443): Read timed out. (read timeout=30)
2026-07-02 01:19:57,198 - ERROR - ERROR: API request failed for payload 7: HTTPSConnectionPool(host='nikeaplawmprod1.sce.manh.com', port=443): Read timed out. (read timeout=30)
2026-07-02 01:19:57,214 - ERROR - ERROR: API request failed for payload 10: HTTPSConnectionPool(host='nikeaplawmprod1.sce.manh.com', port=443): Read timed out. (read timeout=30)
2026-07-02 01:19:57,214 - ERROR - ERROR: API request failed for payload 13: HTTPSConnectionPool(host='nikeaplawmprod1.sce.manh.com', port=443): Read timed out. (read timeout=30)
2026-07-02 01:19:57,215 - ERROR - ERROR: API request failed for payload 12: HTTPSConnectionPool(host='nikeaplawmprod1.sce.manh.com', port=443): Read timed out. (read timeout=30)
2026-07-02 01:19:57,227 - ERROR - ERROR: API request failed for payload 20: HTTPSConnectionPool(host='nikeaplawmprod1.sce.manh.com', port=443): Read timed out. (read timeout=30)
2026-07-02 01:19:57,228 - ERROR - ERROR: API request failed for payload 14: HTTPSConnectionPool(host='nikeaplawmprod1.sce.manh.com', port=443): Read timed out. (read timeout=30)
2026-07-02 01:19:57,229 - ERROR - ERROR: API request failed for payload 2: HTTPSConnectionPool(host='nikeaplawmprod1.sce.manh.com', port=443): Read timed out. (read timeout=30)
2026-07-02 01:19:57,230 - ERROR - ERROR: API request failed for payload 18: HTTPSConnectionPool(host='nikeaplawmprod1.sce.manh.com', port=443): Read timed out. (read timeout=30)
2026-07-02 01:19:57,232 - INFO - Pack Complete run finished. Success: 5, Failed: 15, Total: 20
2026-07-02 01:19:57,232 - INFO - Pack Complete run finished.
2026-07-02 01:19:57,232 - INFO - Waiting 120 seconds before next run...
2026-07-02 03:31:46,458 - INFO - Starting Pack Complete run...
2026-07-02 03:31:46,723 - INFO - Successfully extracted 1 data row(s) for wave information processing.
2026-07-02 03:31:46,723 - INFO - Processing row 1: {'Plant': 1081, 'Environment': 'PROD', 'Wave_number': 'W07012026000000000003;W07012026000000000004'}
2026-07-02 03:31:46,957 - INFO - Processing Task 1/1: Plant 1081 (PROD)
2026-07-02 03:31:47,432 - INFO - Successfully retrieved token.
2026-07-02 03:31:47,432 - INFO - Sending payload to URL: https://nikeaplawmprod1.sce.manh.com/pickpack/api/pickpack/olpn/search
2026-07-02 03:31:47,890 - INFO - Successfully received response for Plant 1081 (PROD)
2026-07-02 03:31:48,230 - INFO - Sending payload to URL: https://nikeaplawmprod1.sce.manh.com/task/api/task/taskDetail/search
2026-07-02 03:31:48,444 - INFO - -> Success: True, Message: None
2026-07-02 03:31:48,450 - INFO - Processing Task 1/1: Plant 1081 (PROD)
2026-07-02 03:31:48,863 - INFO - Successfully retrieved token.
2026-07-02 03:31:48,864 - INFO - Sending payload to URL: https://nikeaplawmprod1.sce.manh.com/pickpack/api/pickpack/olpn/search
2026-07-02 03:31:49,151 - INFO - Successfully received response for Plant 1081 (PROD)
2026-07-02 03:31:49,159 - INFO - Success: Found 20 oLPN row(s) for this task.
2026-07-02 03:31:49,161 - INFO - Processing 20 payloads for Environment: PROD
2026-07-02 04:42:51,064 - ERROR - FATAL ERROR: Could not process batch for environment PROD. Error: HTTPSConnectionPool(host='nikip3-auth.sce.manh.com', port=443): Read timed out. (read timeout=30)
2026-07-02 04:42:51,066 - INFO - Pack Complete run finished.
2026-07-02 04:42:51,067 - INFO - Waiting 120 seconds before next run...
2026-07-02 06:23:57,924 - INFO - Starting Pack Complete run...
2026-07-02 06:23:58,152 - INFO - Successfully extracted 1 data row(s) for wave information processing.
2026-07-02 06:23:58,152 - INFO - Processing row 1: {'Plant': 1081, 'Environment': 'PROD', 'Wave_number': 'W07012026000000000003;W07012026000000000004'}
2026-07-02 06:23:58,349 - INFO - Processing Task 1/1: Plant 1081 (PROD)
2026-07-02 06:23:58,873 - INFO - Successfully retrieved token.
2026-07-02 06:23:58,873 - INFO - Sending payload to URL: https://nikeaplawmprod1.sce.manh.com/pickpack/api/pickpack/olpn/search
2026-07-02 06:23:59,187 - INFO - Successfully received response for Plant 1081 (PROD)
2026-07-02 06:23:59,609 - INFO - Sending payload to URL: https://nikeaplawmprod1.sce.manh.com/task/api/task/taskDetail/search
2026-07-02 06:23:59,852 - INFO - -> Success: True, Message: None
2026-07-02 06:23:59,853 - INFO - Processing Task 1/1: Plant 1081 (PROD)
2026-07-02 06:24:00,250 - INFO - Successfully retrieved token.
2026-07-02 06:24:00,250 - INFO - Sending payload to URL: https://nikeaplawmprod1.sce.manh.com/pickpack/api/pickpack/olpn/search
2026-07-02 06:24:00,502 - INFO - Successfully received response for Plant 1081 (PROD)
2026-07-02 06:24:00,507 - INFO - Success: Found 20 oLPN row(s) for this task.
2026-07-02 06:24:00,509 - INFO - Processing 20 payloads for Environment: PROD
2026-07-02 06:24:00,825 - INFO - Successfully retrieved token for PROD environment.
2026-07-02 06:24:00,825 - INFO - Sending payloads to URL: https://nikeaplawmprod1.sce.manh.com/pickpack/api/ServiceDefinition/invoke/NIKEEX10PackResultCS_1081
2026-07-02 06:24:00,826 - INFO - Using 20 worker threads for 20 payloads.
2026-07-02 06:24:00,826 - INFO - [PROD] Processing Payload 1/20 for Plant 1081
2026-07-02 06:24:00,826 - INFO - [PROD] Processing Payload 2/20 for Plant 1081
2026-07-02 06:24:00,828 - INFO - [PROD] Processing Payload 3/20 for Plant 1081
2026-07-02 06:24:00,829 - INFO - [PROD] Processing Payload 4/20 for Plant 1081
2026-07-02 06:24:00,830 - INFO - [PROD] Processing Payload 5/20 for Plant 1081
2026-07-02 06:24:00,830 - INFO - [PROD] Processing Payload 6/20 for Plant 1081
2026-07-02 06:24:00,831 - INFO - [PROD] Processing Payload 7/20 for Plant 1081
2026-07-02 06:24:00,832 - INFO - [PROD] Processing Payload 8/20 for Plant 1081
2026-07-02 06:24:00,833 - INFO - [PROD] Processing Payload 9/20 for Plant 1081
2026-07-02 06:24:00,834 - INFO - [PROD] Processing Payload 10/20 for Plant 1081
2026-07-02 06:24:00,835 - INFO - [PROD] Processing Payload 11/20 for Plant 1081
2026-07-02 06:24:00,835 - INFO - [PROD] Processing Payload 12/20 for Plant 1081
2026-07-02 06:24:00,836 - INFO - [PROD] Processing Payload 13/20 for Plant 1081
2026-07-02 06:24:00,837 - INFO - [PROD] Processing Payload 14/20 for Plant 1081
2026-07-02 06:24:00,839 - INFO - [PROD] Processing Payload 15/20 for Plant 1081
2026-07-02 06:24:00,839 - INFO - [PROD] Processing Payload 16/20 for Plant 1081
2026-07-02 06:24:00,840 - INFO - [PROD] Processing Payload 17/20 for Plant 1081
2026-07-02 06:24:00,841 - INFO - [PROD] Processing Payload 18/20 for Plant 1081
2026-07-02 06:24:00,842 - INFO - [PROD] Processing Payload 19/20 for Plant 1081
2026-07-02 06:24:00,843 - INFO - [PROD] Processing Payload 20/20 for Plant 1081
2026-07-02 06:50:03,082 - ERROR - ERROR: API request failed for payload 2: HTTPSConnectionPool(host='nikeaplawmprod1.sce.manh.com', port=443): Read timed out. (read timeout=30)
2026-07-02 06:50:03,083 - ERROR - ERROR: API request failed for payload 13: HTTPSConnectionPool(host='nikeaplawmprod1.sce.manh.com', port=443): Read timed out. (read timeout=30)
2026-07-02 06:50:03,083 - ERROR - ERROR: API request failed for payload 15: HTTPSConnectionPool(host='nikeaplawmprod1.sce.manh.com', port=443): Read timed out. (read timeout=30)
2026-07-02 06:50:03,084 - ERROR - ERROR: API request failed for payload 16: HTTPSConnectionPool(host='nikeaplawmprod1.sce.manh.com', port=443): Read timed out. (read timeout=30)
2026-07-02 06:50:03,086 - INFO - Pack Complete run finished. Success: 16, Failed: 4, Total: 20
2026-07-02 06:50:03,086 - INFO - Pack Complete run finished.
2026-07-02 06:50:03,086 - INFO - Waiting 120 seconds before next run...
2026-07-02 07:40:57,064 - INFO - Starting Pack Complete run...
2026-07-02 07:40:57,327 - INFO - Successfully extracted 1 data row(s) for wave information processing.
2026-07-02 07:40:57,327 - INFO - Processing row 1: {'Plant': 1081, 'Environment': 'PROD', 'Wave_number': 'W07012026000000000003;W07012026000000000004'}
2026-07-02 07:40:57,580 - INFO - Processing Task 1/1: Plant 1081 (PROD)
2026-07-02 07:40:58,105 - INFO - Successfully retrieved token.
2026-07-02 07:40:58,105 - INFO - Sending payload to URL: https://nikeaplawmprod1.sce.manh.com/pickpack/api/pickpack/olpn/search
2026-07-02 07:40:58,421 - INFO - Successfully received response for Plant 1081 (PROD)
2026-07-02 07:40:58,758 - INFO - Sending payload to URL: https://nikeaplawmprod1.sce.manh.com/task/api/task/taskDetail/search
2026-07-02 07:40:58,977 - INFO - -> Success: True, Message: None
2026-07-02 07:40:58,980 - INFO - Processing Task 1/1: Plant 1081 (PROD)
2026-07-02 07:40:59,325 - INFO - Successfully retrieved token.
2026-07-02 07:40:59,325 - INFO - Sending payload to URL: https://nikeaplawmprod1.sce.manh.com/pickpack/api/pickpack/olpn/search
2026-07-02 07:40:59,701 - INFO - Successfully received response for Plant 1081 (PROD)
2026-07-02 07:40:59,709 - INFO - Success: Found 20 oLPN row(s) for this task.
2026-07-02 07:40:59,710 - INFO - Processing 20 payloads for Environment: PROD
2026-07-02 07:41:00,030 - INFO - Successfully retrieved token for PROD environment.
2026-07-02 07:41:00,030 - INFO - Sending payloads to URL: https://nikeaplawmprod1.sce.manh.com/pickpack/api/ServiceDefinition/invoke/NIKEEX10PackResultCS_1081
2026-07-02 07:41:00,030 - INFO - Using 20 worker threads for 20 payloads.
2026-07-02 07:41:00,030 - INFO - [PROD] Processing Payload 1/20 for Plant 1081
2026-07-02 07:41:00,030 - INFO - [PROD] Processing Payload 2/20 for Plant 1081
2026-07-02 07:41:00,031 - INFO - [PROD] Processing Payload 3/20 for Plant 1081
2026-07-02 07:41:00,032 - INFO - [PROD] Processing Payload 4/20 for Plant 1081
2026-07-02 07:41:00,033 - INFO - [PROD] Processing Payload 5/20 for Plant 1081
2026-07-02 07:41:00,033 - INFO - [PROD] Processing Payload 6/20 for Plant 1081
2026-07-02 07:41:00,034 - INFO - [PROD] Processing Payload 7/20 for Plant 1081
2026-07-02 07:41:00,036 - INFO - [PROD] Processing Payload 8/20 for Plant 1081
2026-07-02 07:41:00,037 - INFO - [PROD] Processing Payload 9/20 for Plant 1081
2026-07-02 07:41:00,038 - INFO - [PROD] Processing Payload 10/20 for Plant 1081
2026-07-02 07:41:00,038 - INFO - [PROD] Processing Payload 11/20 for Plant 1081
2026-07-02 07:41:00,040 - INFO - [PROD] Processing Payload 17/20 for Plant 1081
2026-07-02 07:41:00,039 - INFO - [PROD] Processing Payload 12/20 for Plant 1081
2026-07-02 07:41:00,040 - INFO - [PROD] Processing Payload 14/20 for Plant 1081
2026-07-02 07:41:00,040 - INFO - [PROD] Processing Payload 15/20 for Plant 1081
2026-07-02 07:41:00,039 - INFO - [PROD] Processing Payload 13/20 for Plant 1081
2026-07-02 07:41:00,040 - INFO - [PROD] Processing Payload 16/20 for Plant 1081
2026-07-02 07:41:00,041 - INFO - [PROD] Processing Payload 18/20 for Plant 1081
2026-07-02 07:41:00,041 - INFO - [PROD] Processing Payload 19/20 for Plant 1081
2026-07-02 07:41:00,041 - INFO - [PROD] Processing Payload 20/20 for Plant 1081
2026-07-02 07:49:38,593 - ERROR - ERROR: API request failed for payload 1: HTTPSConnectionPool(host='nikeaplawmprod1.sce.manh.com', port=443): Read timed out. (read timeout=30)
2026-07-02 07:49:38,632 - ERROR - ERROR: API request failed for payload 4: HTTPSConnectionPool(host='nikeaplawmprod1.sce.manh.com', port=443): Read timed out. (read timeout=30)
2026-07-02 07:49:38,634 - ERROR - ERROR: API request failed for payload 2: HTTPSConnectionPool(host='nikeaplawmprod1.sce.manh.com', port=443): Read timed out. (read timeout=30)
2026-07-02 07:49:38,696 - ERROR - ERROR: API request failed for payload 6: HTTPSConnectionPool(host='nikeaplawmprod1.sce.manh.com', port=443): Read timed out. (read timeout=30)
2026-07-02 07:49:38,698 - ERROR - ERROR: API request failed for payload 8: HTTPSConnectionPool(host='nikeaplawmprod1.sce.manh.com', port=443): Read timed out. (read timeout=30)
2026-07-02 07:49:38,699 - ERROR - ERROR: API request failed for payload 3: HTTPSConnectionPool(host='nikeaplawmprod1.sce.manh.com', port=443): Read timed out. (read timeout=30)
2026-07-02 07:49:38,705 - ERROR - ERROR: API request failed for payload 5: HTTPSConnectionPool(host='nikeaplawmprod1.sce.manh.com', port=443): Read timed out. (read timeout=30)
2026-07-02 07:49:38,709 - ERROR - ERROR: API request failed for payload 9: HTTPSConnectionPool(host='nikeaplawmprod1.sce.manh.com', port=443): Read timed out. (read timeout=30)
2026-07-02 07:49:38,709 - ERROR - ERROR: API request failed for payload 11: HTTPSConnectionPool(host='nikeaplawmprod1.sce.manh.com', port=443): Read timed out. (read timeout=30)
2026-07-02 07:49:38,718 - ERROR - ERROR: API request failed for payload 10: HTTPSConnectionPool(host='nikeaplawmprod1.sce.manh.com', port=443): Read timed out. (read timeout=30)
2026-07-02 07:49:38,719 - ERROR - ERROR: API request failed for payload 19: HTTPSConnectionPool(host='nikeaplawmprod1.sce.manh.com', port=443): Read timed out. (read timeout=30)
2026-07-02 07:49:38,720 - ERROR - ERROR: API request failed for payload 16: HTTPSConnectionPool(host='nikeaplawmprod1.sce.manh.com', port=443): Read timed out. (read timeout=30)
2026-07-02 07:49:38,723 - ERROR - ERROR: API request failed for payload 12: HTTPSConnectionPool(host='nikeaplawmprod1.sce.manh.com', port=443): Read timed out. (read timeout=30)
2026-07-02 07:49:38,723 - ERROR - ERROR: API request failed for payload 17: HTTPSConnectionPool(host='nikeaplawmprod1.sce.manh.com', port=443): Read timed out. (read timeout=30)
2026-07-02 07:49:38,724 - ERROR - ERROR: API request failed for payload 13: HTTPSConnectionPool(host='nikeaplawmprod1.sce.manh.com', port=443): Read timed out. (read timeout=30)
2026-07-02 07:49:38,724 - ERROR - ERROR: API request failed for payload 15: HTTPSConnectionPool(host='nikeaplawmprod1.sce.manh.com', port=443): Read timed out. (read timeout=30)
2026-07-02 07:49:38,749 - ERROR - ERROR: API request failed for payload 14: HTTPSConnectionPool(host='nikeaplawmprod1.sce.manh.com', port=443): Read timed out. (read timeout=30)
2026-07-02 07:49:38,750 - ERROR - ERROR: API request failed for payload 20: HTTPSConnectionPool(host='nikeaplawmprod1.sce.manh.com', port=443): Read timed out. (read timeout=30)
2026-07-02 07:49:38,750 - ERROR - ERROR: API request failed for payload 18: HTTPSConnectionPool(host='nikeaplawmprod1.sce.manh.com', port=443): Read timed out. (read timeout=30)
2026-07-02 07:49:38,752 - INFO - Pack Complete run finished. Success: 1, Failed: 19, Total: 20
2026-07-02 07:49:38,752 - INFO - Pack Complete run finished.
2026-07-02 07:49:38,752 - INFO - Waiting 120 seconds before next run...
2026-07-02 08:35:22,199 - INFO - Starting Pack Complete run...
2026-07-02 08:35:22,472 - INFO - Successfully extracted 1 data row(s) for wave information processing.
2026-07-02 08:35:22,472 - INFO - Processing row 1: {'Plant': 1081, 'Environment': 'PROD', 'Wave_number': 'W07012026000000000003;W07012026000000000004'}
2026-07-02 08:35:22,689 - INFO - Processing Task 1/1: Plant 1081 (PROD)
2026-07-02 08:35:23,300 - INFO - Successfully retrieved token.
2026-07-02 08:35:23,301 - INFO - Sending payload to URL: https://nikeaplawmprod1.sce.manh.com/pickpack/api/pickpack/olpn/search
2026-07-02 08:35:23,768 - INFO - Successfully received response for Plant 1081 (PROD)
2026-07-02 08:35:24,158 - INFO - Sending payload to URL: https://nikeaplawmprod1.sce.manh.com/task/api/task/taskDetail/search
2026-07-02 08:35:24,355 - INFO - -> Success: True, Message: None
2026-07-02 08:35:24,357 - INFO - Processing Task 1/1: Plant 1081 (PROD)
2026-07-02 08:35:24,896 - INFO - Successfully retrieved token.
2026-07-02 08:35:24,896 - INFO - Sending payload to URL: https://nikeaplawmprod1.sce.manh.com/pickpack/api/pickpack/olpn/search
2026-07-02 08:35:25,311 - INFO - Successfully received response for Plant 1081 (PROD)
2026-07-02 08:35:25,314 - INFO - Success: Found 20 oLPN row(s) for this task.
2026-07-02 08:35:25,316 - INFO - Processing 20 payloads for Environment: PROD
2026-07-02 08:35:25,622 - INFO - Successfully retrieved token for PROD environment.
2026-07-02 08:35:25,622 - INFO - Sending payloads to URL: https://nikeaplawmprod1.sce.manh.com/pickpack/api/ServiceDefinition/invoke/NIKEEX10PackResultCS_1081
2026-07-02 08:35:25,622 - INFO - Using 20 worker threads for 20 payloads.
2026-07-02 08:35:25,623 - INFO - [PROD] Processing Payload 1/20 for Plant 1081
2026-07-02 08:35:25,623 - INFO - [PROD] Processing Payload 2/20 for Plant 1081
2026-07-02 08:35:25,623 - INFO - [PROD] Processing Payload 3/20 for Plant 1081
2026-07-02 08:35:25,624 - INFO - [PROD] Processing Payload 4/20 for Plant 1081
2026-07-02 08:35:25,624 - INFO - [PROD] Processing Payload 5/20 for Plant 1081
2026-07-02 08:35:25,625 - INFO - [PROD] Processing Payload 6/20 for Plant 1081
2026-07-02 08:35:25,625 - INFO - [PROD] Processing Payload 7/20 for Plant 1081
2026-07-02 08:35:25,626 - INFO - [PROD] Processing Payload 8/20 for Plant 1081
2026-07-02 08:35:25,626 - INFO - [PROD] Processing Payload 9/20 for Plant 1081
2026-07-02 08:35:25,628 - INFO - [PROD] Processing Payload 10/20 for Plant 1081
2026-07-02 08:35:25,628 - INFO - [PROD] Processing Payload 11/20 for Plant 1081
2026-07-02 08:35:25,629 - INFO - [PROD] Processing Payload 12/20 for Plant 1081
2026-07-02 08:35:25,629 - INFO - [PROD] Processing Payload 13/20 for Plant 1081
2026-07-02 08:35:25,631 - INFO - [PROD] Processing Payload 14/20 for Plant 1081
2026-07-02 08:35:25,632 - INFO - [PROD] Processing Payload 15/20 for Plant 1081
2026-07-02 08:35:25,633 - INFO - [PROD] Processing Payload 16/20 for Plant 1081
2026-07-02 08:35:25,634 - INFO - [PROD] Processing Payload 17/20 for Plant 1081
2026-07-02 08:35:25,635 - INFO - [PROD] Processing Payload 18/20 for Plant 1081
2026-07-02 08:35:25,635 - INFO - [PROD] Processing Payload 19/20 for Plant 1081
2026-07-02 08:35:25,635 - INFO - [PROD] Processing Payload 20/20 for Plant 1081
2026-07-02 08:35:36,185 - INFO - Pack Complete run finished. Success: 20, Failed: 0, Total: 20
2026-07-02 08:35:36,186 - INFO - Pack Complete run finished.
2026-07-02 08:35:36,186 - INFO - Waiting 120 seconds before next run...
2026-07-02 08:37:36,189 - INFO - Starting Pack Complete run...
2026-07-02 08:37:36,431 - INFO - Successfully extracted 1 data row(s) for wave information processing.
2026-07-02 08:37:36,432 - INFO - Processing row 1: {'Plant': 1081, 'Environment': 'PROD', 'Wave_number': 'W07012026000000000003;W07012026000000000004'}
2026-07-02 08:37:36,666 - INFO - Processing Task 1/1: Plant 1081 (PROD)
2026-07-02 08:37:37,027 - INFO - Successfully retrieved token.
2026-07-02 08:37:37,027 - INFO - Sending payload to URL: https://nikeaplawmprod1.sce.manh.com/pickpack/api/pickpack/olpn/search
2026-07-02 08:37:37,251 - INFO - Successfully received response for Plant 1081 (PROD)
2026-07-02 08:37:37,595 - INFO - Sending payload to URL: https://nikeaplawmprod1.sce.manh.com/task/api/task/taskDetail/search
2026-07-02 08:37:37,823 - INFO - -> Success: True, Message: None
2026-07-02 08:37:37,826 - INFO - Processing Task 1/1: Plant 1081 (PROD)
2026-07-02 08:37:38,154 - INFO - Successfully retrieved token.
2026-07-02 08:37:38,154 - INFO - Sending payload to URL: https://nikeaplawmprod1.sce.manh.com/pickpack/api/pickpack/olpn/search
2026-07-02 08:37:38,419 - INFO - Successfully received response for Plant 1081 (PROD)
2026-07-02 08:37:38,431 - INFO - Success: Found 20 oLPN row(s) for this task.
2026-07-02 08:37:38,434 - INFO - Processing 20 payloads for Environment: PROD
2026-07-02 08:37:38,762 - INFO - Successfully retrieved token for PROD environment.
2026-07-02 08:37:38,762 - INFO - Sending payloads to URL: https://nikeaplawmprod1.sce.manh.com/pickpack/api/ServiceDefinition/invoke/NIKEEX10PackResultCS_1081
2026-07-02 08:37:38,762 - INFO - Using 20 worker threads for 20 payloads.
2026-07-02 08:37:38,764 - INFO - [PROD] Processing Payload 1/20 for Plant 1081
2026-07-02 08:37:38,768 - INFO - [PROD] Processing Payload 2/20 for Plant 1081
2026-07-02 08:37:38,769 - INFO - [PROD] Processing Payload 3/20 for Plant 1081
2026-07-02 08:37:38,772 - INFO - [PROD] Processing Payload 4/20 for Plant 1081
2026-07-02 08:37:38,775 - INFO - [PROD] Processing Payload 5/20 for Plant 1081
2026-07-02 08:37:38,778 - INFO - [PROD] Processing Payload 6/20 for Plant 1081
2026-07-02 08:37:38,788 - INFO - [PROD] Processing Payload 7/20 for Plant 1081
2026-07-02 08:37:38,790 - INFO - [PROD] Processing Payload 8/20 for Plant 1081
2026-07-02 08:37:38,791 - INFO - [PROD] Processing Payload 9/20 for Plant 1081
2026-07-02 08:37:38,791 - INFO - [PROD] Processing Payload 10/20 for Plant 1081
2026-07-02 08:37:38,792 - INFO - [PROD] Processing Payload 11/20 for Plant 1081
2026-07-02 08:37:38,792 - INFO - [PROD] Processing Payload 12/20 for Plant 1081
2026-07-02 08:37:38,792 - INFO - [PROD] Processing Payload 13/20 for Plant 1081
2026-07-02 08:37:38,792 - INFO - [PROD] Processing Payload 14/20 for Plant 1081
2026-07-02 08:37:38,804 - INFO - [PROD] Processing Payload 15/20 for Plant 1081
2026-07-02 08:37:38,807 - INFO - [PROD] Processing Payload 16/20 for Plant 1081
2026-07-02 08:37:38,808 - INFO - [PROD] Processing Payload 17/20 for Plant 1081
2026-07-02 08:37:38,815 - INFO - [PROD] Processing Payload 18/20 for Plant 1081
2026-07-02 08:37:38,816 - INFO - [PROD] Processing Payload 19/20 for Plant 1081
2026-07-02 08:37:38,816 - INFO - [PROD] Processing Payload 20/20 for Plant 1081
2026-07-02 08:37:44,406 - INFO - Pack Complete run finished. Success: 20, Failed: 0, Total: 20
2026-07-02 08:37:44,408 - INFO - Pack Complete run finished.
2026-07-02 08:37:44,408 - INFO - Waiting 120 seconds before next run...
2026-07-02 08:38:05,801 - INFO - Stop requested (Ctrl+C). Continuous Pack Complete execution stopped.
