2026-07-02 15:45:52,100 - INFO - Execution log file: /Users/vgana3/Documents/GitHub/Nike/J30/Outbound/logs/pack_complete_20260702_154552.log
2026-07-02 15:45:52,100 - INFO - Starting continuous mode. The job will rerun every 20 seconds. Press Ctrl+C to stop.
2026-07-02 15:45:52,100 - INFO - Starting Pack Complete run...
2026-07-02 15:45:52,504 - INFO - Successfully extracted 1 data row(s) for wave information processing.
2026-07-02 15:45:52,505 - INFO - Processing row 1: {'Plant': 1081, 'Environment': 'PROD', 'Wave_number': 'W07022026000000000004;W07022026000000000003;W07022026000000000002;W07022026000000000001;W07012026000000000004;W07012026000000000003'}
2026-07-02 15:45:52,722 - INFO - Processing Task 1/1: Plant 1081 (PROD)
2026-07-02 15:45:53,137 - INFO - Successfully retrieved token.
2026-07-02 15:45:53,137 - INFO - Sending payload to URL: https://nikeaplawmprod1.sce.manh.com/pickpack/api/pickpack/olpn/search
2026-07-02 15:45:53,379 - INFO - Successfully received response for Plant 1081 (PROD)
2026-07-02 15:45:53,744 - INFO - Sending payload to URL: https://nikeaplawmprod1.sce.manh.com/task/api/task/taskDetail/search
2026-07-02 15:45:53,945 - INFO - -> Success: True, Message: None
2026-07-02 15:45:53,957 - INFO - Processing Task 1/1: Plant 1081 (PROD)
2026-07-02 15:45:54,300 - INFO - Successfully retrieved token.
2026-07-02 15:45:54,300 - INFO - Sending payload to URL: https://nikeaplawmprod1.sce.manh.com/pickpack/api/pickpack/olpn/search
2026-07-02 15:45:54,504 - INFO - Successfully received response for Plant 1081 (PROD)
2026-07-02 15:45:54,505 - INFO - Success: Found 9 oLPN row(s) for this task.
2026-07-02 15:45:54,507 - INFO - Processing 9 payloads for Environment: PROD
2026-07-02 15:45:54,894 - INFO - Successfully retrieved token for PROD environment.
2026-07-02 15:45:54,894 - INFO - Sending payloads to URL: https://nikeaplawmprod1.sce.manh.com/pickpack/api/ServiceDefinition/invoke/NIKEEX10PackResultCS_1081
2026-07-02 15:45:54,894 - INFO - Using 9 worker threads for 9 payloads.
2026-07-02 15:45:54,895 - INFO - [PROD] Processing Payload 1/9 for Plant 1081
2026-07-02 15:45:54,895 - INFO - [PROD] Processing Payload 2/9 for Plant 1081
2026-07-02 15:45:54,897 - INFO - [PROD] Processing Payload 3/9 for Plant 1081
2026-07-02 15:45:54,897 - INFO - [PROD] Processing Payload 4/9 for Plant 1081
2026-07-02 15:45:54,898 - INFO - [PROD] Processing Payload 5/9 for Plant 1081
2026-07-02 15:45:54,899 - INFO - [PROD] Processing Payload 6/9 for Plant 1081
2026-07-02 15:45:54,900 - INFO - [PROD] Processing Payload 7/9 for Plant 1081
2026-07-02 15:45:54,900 - INFO - [PROD] Processing Payload 8/9 for Plant 1081
2026-07-02 15:45:54,901 - INFO - [PROD] Processing Payload 9/9 for Plant 1081
2026-07-02 15:45:56,250 - INFO - Pack Complete run finished. Success: 9, Failed: 0, Total: 9
2026-07-02 15:45:56,250 - INFO - Pack Complete run finished.
2026-07-02 15:45:56,251 - INFO - Waiting 20 seconds before next run...
2026-07-02 15:46:16,256 - INFO - Starting Pack Complete run...
2026-07-02 15:46:16,515 - INFO - Successfully extracted 1 data row(s) for wave information processing.
2026-07-02 15:46:16,515 - INFO - Processing row 1: {'Plant': 1081, 'Environment': 'PROD', 'Wave_number': 'W07022026000000000004;W07022026000000000003;W07022026000000000002;W07022026000000000001;W07012026000000000004;W07012026000000000003'}
2026-07-02 15:46:16,718 - INFO - Processing Task 1/1: Plant 1081 (PROD)
2026-07-02 15:46:17,088 - INFO - Successfully retrieved token.
2026-07-02 15:46:17,089 - INFO - Sending payload to URL: https://nikeaplawmprod1.sce.manh.com/pickpack/api/pickpack/olpn/search
2026-07-02 15:46:17,330 - INFO - Successfully received response for Plant 1081 (PROD)
2026-07-02 15:46:17,851 - INFO - Sending payload to URL: https://nikeaplawmprod1.sce.manh.com/task/api/task/taskDetail/search
2026-07-02 15:46:18,063 - INFO - -> Success: True, Message: None
2026-07-02 15:46:18,069 - INFO - Processing Task 1/1: Plant 1081 (PROD)
2026-07-02 15:46:18,400 - INFO - Successfully retrieved token.
2026-07-02 15:46:18,401 - INFO - Sending payload to URL: https://nikeaplawmprod1.sce.manh.com/pickpack/api/pickpack/olpn/search
2026-07-02 15:46:18,614 - INFO - Successfully received response for Plant 1081 (PROD)
2026-07-02 15:46:18,615 - INFO - Success: Found 10 oLPN row(s) for this task.
2026-07-02 15:46:18,622 - INFO - Processing 10 payloads for Environment: PROD
2026-07-02 15:46:18,985 - INFO - Successfully retrieved token for PROD environment.
2026-07-02 15:46:18,986 - INFO - Sending payloads to URL: https://nikeaplawmprod1.sce.manh.com/pickpack/api/ServiceDefinition/invoke/NIKEEX10PackResultCS_1081
2026-07-02 15:46:18,986 - INFO - Using 10 worker threads for 10 payloads.
2026-07-02 15:46:18,987 - INFO - [PROD] Processing Payload 1/10 for Plant 1081
2026-07-02 15:46:18,987 - INFO - [PROD] Processing Payload 2/10 for Plant 1081
2026-07-02 15:46:18,987 - INFO - [PROD] Processing Payload 3/10 for Plant 1081
2026-07-02 15:46:18,991 - INFO - [PROD] Processing Payload 4/10 for Plant 1081
2026-07-02 15:46:18,994 - INFO - [PROD] Processing Payload 5/10 for Plant 1081
2026-07-02 15:46:18,996 - INFO - [PROD] Processing Payload 6/10 for Plant 1081
2026-07-02 15:46:18,997 - INFO - [PROD] Processing Payload 7/10 for Plant 1081
2026-07-02 15:46:18,998 - INFO - [PROD] Processing Payload 8/10 for Plant 1081
2026-07-02 15:46:19,000 - INFO - [PROD] Processing Payload 9/10 for Plant 1081
2026-07-02 15:46:19,001 - INFO - [PROD] Processing Payload 10/10 for Plant 1081
2026-07-02 15:46:20,368 - INFO - Pack Complete run finished. Success: 10, Failed: 0, Total: 10
2026-07-02 15:46:20,369 - INFO - Pack Complete run finished.
2026-07-02 15:46:20,369 - INFO - Waiting 20 seconds before next run...
2026-07-02 15:46:40,373 - INFO - Starting Pack Complete run...
2026-07-02 15:46:40,640 - INFO - Successfully extracted 1 data row(s) for wave information processing.
2026-07-02 15:46:40,640 - INFO - Processing row 1: {'Plant': 1081, 'Environment': 'PROD', 'Wave_number': 'W07022026000000000004;W07022026000000000003;W07022026000000000002;W07022026000000000001;W07012026000000000004;W07012026000000000003'}
2026-07-02 15:46:40,900 - INFO - Processing Task 1/1: Plant 1081 (PROD)
2026-07-02 15:46:41,299 - INFO - Successfully retrieved token.
2026-07-02 15:46:41,300 - INFO - Sending payload to URL: https://nikeaplawmprod1.sce.manh.com/pickpack/api/pickpack/olpn/search
2026-07-02 15:46:41,539 - INFO - Successfully received response for Plant 1081 (PROD)
2026-07-02 15:46:42,009 - INFO - Sending payload to URL: https://nikeaplawmprod1.sce.manh.com/task/api/task/taskDetail/search
2026-07-02 15:46:42,220 - INFO - -> Success: True, Message: None
2026-07-02 15:46:42,222 - INFO - Processing Task 1/1: Plant 1081 (PROD)
2026-07-02 15:46:42,554 - INFO - Successfully retrieved token.
2026-07-02 15:46:42,554 - INFO - Sending payload to URL: https://nikeaplawmprod1.sce.manh.com/pickpack/api/pickpack/olpn/search
2026-07-02 15:46:42,762 - INFO - Successfully received response for Plant 1081 (PROD)
2026-07-02 15:46:42,765 - INFO - Success: Found 11 oLPN row(s) for this task.
2026-07-02 15:46:42,770 - INFO - Processing 11 payloads for Environment: PROD
2026-07-02 15:46:43,111 - INFO - Successfully retrieved token for PROD environment.
2026-07-02 15:46:43,112 - INFO - Sending payloads to URL: https://nikeaplawmprod1.sce.manh.com/pickpack/api/ServiceDefinition/invoke/NIKEEX10PackResultCS_1081
2026-07-02 15:46:43,112 - INFO - Using 10 worker threads for 11 payloads.
2026-07-02 15:46:43,113 - INFO - [PROD] Processing Payload 1/11 for Plant 1081
2026-07-02 15:46:43,113 - INFO - [PROD] Processing Payload 2/11 for Plant 1081
2026-07-02 15:46:43,114 - INFO - [PROD] Processing Payload 3/11 for Plant 1081
2026-07-02 15:46:43,117 - INFO - [PROD] Processing Payload 4/11 for Plant 1081
2026-07-02 15:46:43,119 - INFO - [PROD] Processing Payload 5/11 for Plant 1081
2026-07-02 15:46:43,122 - INFO - [PROD] Processing Payload 7/11 for Plant 1081
2026-07-02 15:46:43,121 - INFO - [PROD] Processing Payload 6/11 for Plant 1081
2026-07-02 15:46:43,126 - INFO - [PROD] Processing Payload 8/11 for Plant 1081
2026-07-02 15:46:43,128 - INFO - [PROD] Processing Payload 9/11 for Plant 1081
2026-07-02 15:46:43,128 - INFO - [PROD] Processing Payload 10/11 for Plant 1081
2026-07-02 15:46:44,340 - INFO - [PROD] Processing Payload 11/11 for Plant 1081
2026-07-02 15:46:44,938 - INFO - Pack Complete run finished. Success: 11, Failed: 0, Total: 11
2026-07-02 15:46:44,938 - INFO - Pack Complete run finished.
2026-07-02 15:46:44,938 - INFO - Waiting 20 seconds before next run...
2026-07-02 15:47:04,942 - INFO - Starting Pack Complete run...
2026-07-02 15:47:05,197 - INFO - Successfully extracted 1 data row(s) for wave information processing.
2026-07-02 15:47:05,197 - INFO - Processing row 1: {'Plant': 1081, 'Environment': 'PROD', 'Wave_number': 'W07022026000000000004;W07022026000000000003;W07022026000000000002;W07022026000000000001;W07012026000000000004;W07012026000000000003'}
2026-07-02 15:47:05,420 - INFO - Processing Task 1/1: Plant 1081 (PROD)
2026-07-02 15:47:05,832 - INFO - Successfully retrieved token.
2026-07-02 15:47:05,833 - INFO - Sending payload to URL: https://nikeaplawmprod1.sce.manh.com/pickpack/api/pickpack/olpn/search
2026-07-02 15:47:06,075 - INFO - Successfully received response for Plant 1081 (PROD)
2026-07-02 15:47:06,486 - INFO - Sending payload to URL: https://nikeaplawmprod1.sce.manh.com/task/api/task/taskDetail/search
2026-07-02 15:47:06,715 - INFO - -> Success: True, Message: None
2026-07-02 15:47:06,720 - INFO - Processing Task 1/1: Plant 1081 (PROD)
2026-07-02 15:47:07,097 - INFO - Successfully retrieved token.
2026-07-02 15:47:07,097 - INFO - Sending payload to URL: https://nikeaplawmprod1.sce.manh.com/pickpack/api/pickpack/olpn/search
2026-07-02 15:47:07,312 - INFO - Successfully received response for Plant 1081 (PROD)
2026-07-02 15:47:07,316 - INFO - Success: Found 13 oLPN row(s) for this task.
2026-07-02 15:47:07,323 - INFO - Processing 13 payloads for Environment: PROD
2026-07-02 15:47:07,707 - INFO - Successfully retrieved token for PROD environment.
2026-07-02 15:47:07,710 - INFO - Sending payloads to URL: https://nikeaplawmprod1.sce.manh.com/pickpack/api/ServiceDefinition/invoke/NIKEEX10PackResultCS_1081
2026-07-02 15:47:07,710 - INFO - Using 10 worker threads for 13 payloads.
2026-07-02 15:47:07,711 - INFO - [PROD] Processing Payload 1/13 for Plant 1081
2026-07-02 15:47:07,711 - INFO - [PROD] Processing Payload 2/13 for Plant 1081
2026-07-02 15:47:07,713 - INFO - [PROD] Processing Payload 3/13 for Plant 1081
2026-07-02 15:47:07,715 - INFO - [PROD] Processing Payload 4/13 for Plant 1081
2026-07-02 15:47:07,717 - INFO - [PROD] Processing Payload 5/13 for Plant 1081
2026-07-02 15:47:07,722 - INFO - [PROD] Processing Payload 6/13 for Plant 1081
2026-07-02 15:47:07,723 - INFO - [PROD] Processing Payload 7/13 for Plant 1081
2026-07-02 15:47:07,726 - INFO - [PROD] Processing Payload 8/13 for Plant 1081
2026-07-02 15:47:07,729 - INFO - [PROD] Processing Payload 9/13 for Plant 1081
2026-07-02 15:47:07,732 - INFO - [PROD] Processing Payload 10/13 for Plant 1081
2026-07-02 15:47:08,776 - INFO - [PROD] Processing Payload 11/13 for Plant 1081
2026-07-02 15:47:08,794 - INFO - [PROD] Processing Payload 12/13 for Plant 1081
2026-07-02 15:47:08,810 - INFO - [PROD] Processing Payload 13/13 for Plant 1081
2026-07-02 15:47:11,281 - INFO - Pack Complete run finished. Success: 13, Failed: 0, Total: 13
2026-07-02 15:47:11,282 - INFO - Pack Complete run finished.
2026-07-02 15:47:11,283 - INFO - Waiting 20 seconds before next run...
2026-07-02 15:47:31,289 - INFO - Starting Pack Complete run...
2026-07-02 15:47:31,543 - INFO - Successfully extracted 1 data row(s) for wave information processing.
2026-07-02 15:47:31,544 - INFO - Processing row 1: {'Plant': 1081, 'Environment': 'PROD', 'Wave_number': 'W07022026000000000004;W07022026000000000003;W07022026000000000002;W07022026000000000001;W07012026000000000004;W07012026000000000003'}
2026-07-02 15:47:31,794 - INFO - Processing Task 1/1: Plant 1081 (PROD)
2026-07-02 15:47:32,146 - INFO - Successfully retrieved token.
2026-07-02 15:47:32,147 - INFO - Sending payload to URL: https://nikeaplawmprod1.sce.manh.com/pickpack/api/pickpack/olpn/search
2026-07-02 15:47:32,371 - INFO - Successfully received response for Plant 1081 (PROD)
2026-07-02 15:47:32,708 - INFO - Sending payload to URL: https://nikeaplawmprod1.sce.manh.com/task/api/task/taskDetail/search
2026-07-02 15:47:32,906 - INFO - -> Success: True, Message: None
2026-07-02 15:47:32,909 - INFO - Processing Task 1/1: Plant 1081 (PROD)
2026-07-02 15:47:33,262 - INFO - Successfully retrieved token.
2026-07-02 15:47:33,263 - INFO - Sending payload to URL: https://nikeaplawmprod1.sce.manh.com/pickpack/api/pickpack/olpn/search
2026-07-02 15:47:33,464 - INFO - Successfully received response for Plant 1081 (PROD)
2026-07-02 15:47:33,466 - INFO - Success: Found 4 oLPN row(s) for this task.
2026-07-02 15:47:33,470 - INFO - Processing 4 payloads for Environment: PROD
2026-07-02 15:47:33,874 - INFO - Successfully retrieved token for PROD environment.
2026-07-02 15:47:33,875 - INFO - Sending payloads to URL: https://nikeaplawmprod1.sce.manh.com/pickpack/api/ServiceDefinition/invoke/NIKEEX10PackResultCS_1081
2026-07-02 15:47:33,875 - INFO - Using 4 worker threads for 4 payloads.
2026-07-02 15:47:33,875 - INFO - [PROD] Processing Payload 1/4 for Plant 1081
2026-07-02 15:47:33,875 - INFO - [PROD] Processing Payload 2/4 for Plant 1081
2026-07-02 15:47:33,877 - INFO - [PROD] Processing Payload 3/4 for Plant 1081
2026-07-02 15:47:33,879 - INFO - [PROD] Processing Payload 4/4 for Plant 1081
2026-07-02 15:47:36,908 - INFO - Pack Complete run finished. Success: 4, Failed: 0, Total: 4
2026-07-02 15:47:36,909 - INFO - Pack Complete run finished.
2026-07-02 15:47:36,909 - INFO - Waiting 20 seconds before next run...
2026-07-02 15:47:56,915 - INFO - Starting Pack Complete run...
2026-07-02 15:47:57,162 - INFO - Successfully extracted 1 data row(s) for wave information processing.
2026-07-02 15:47:57,162 - INFO - Processing row 1: {'Plant': 1081, 'Environment': 'PROD', 'Wave_number': 'W07022026000000000004;W07022026000000000003;W07022026000000000002;W07022026000000000001;W07012026000000000004;W07012026000000000003'}
2026-07-02 15:47:57,378 - INFO - Processing Task 1/1: Plant 1081 (PROD)
2026-07-02 15:47:57,814 - INFO - Successfully retrieved token.
2026-07-02 15:47:57,814 - INFO - Sending payload to URL: https://nikeaplawmprod1.sce.manh.com/pickpack/api/pickpack/olpn/search
2026-07-02 15:47:58,067 - INFO - Successfully received response for Plant 1081 (PROD)
2026-07-02 15:47:58,527 - INFO - Sending payload to URL: https://nikeaplawmprod1.sce.manh.com/task/api/task/taskDetail/search
2026-07-02 15:47:58,764 - INFO - -> Success: True, Message: None
2026-07-02 15:47:58,773 - INFO - Processing Task 1/1: Plant 1081 (PROD)
2026-07-02 15:47:59,177 - INFO - Successfully retrieved token.
2026-07-02 15:47:59,177 - INFO - Sending payload to URL: https://nikeaplawmprod1.sce.manh.com/pickpack/api/pickpack/olpn/search
2026-07-02 15:47:59,400 - INFO - Successfully received response for Plant 1081 (PROD)
2026-07-02 15:47:59,401 - INFO - Success: Found 4 oLPN row(s) for this task.
2026-07-02 15:47:59,404 - INFO - Processing 4 payloads for Environment: PROD
2026-07-02 15:47:59,715 - INFO - Successfully retrieved token for PROD environment.
2026-07-02 15:47:59,716 - INFO - Sending payloads to URL: https://nikeaplawmprod1.sce.manh.com/pickpack/api/ServiceDefinition/invoke/NIKEEX10PackResultCS_1081
2026-07-02 15:47:59,716 - INFO - Using 4 worker threads for 4 payloads.
2026-07-02 15:47:59,716 - INFO - [PROD] Processing Payload 1/4 for Plant 1081
2026-07-02 15:47:59,717 - INFO - [PROD] Processing Payload 2/4 for Plant 1081
2026-07-02 15:47:59,717 - INFO - [PROD] Processing Payload 3/4 for Plant 1081
2026-07-02 15:47:59,717 - INFO - [PROD] Processing Payload 4/4 for Plant 1081
2026-07-02 15:48:00,704 - INFO - Pack Complete run finished. Success: 4, Failed: 0, Total: 4
2026-07-02 15:48:00,705 - INFO - Pack Complete run finished.
2026-07-02 15:48:00,705 - INFO - Waiting 20 seconds before next run...
2026-07-02 15:48:20,708 - INFO - Starting Pack Complete run...
2026-07-02 15:48:20,932 - INFO - Successfully extracted 1 data row(s) for wave information processing.
2026-07-02 15:48:20,932 - INFO - Processing row 1: {'Plant': 1081, 'Environment': 'PROD', 'Wave_number': 'W07022026000000000004;W07022026000000000003;W07022026000000000002;W07022026000000000001;W07012026000000000004;W07012026000000000003'}
2026-07-02 15:48:21,163 - INFO - Processing Task 1/1: Plant 1081 (PROD)
2026-07-02 15:48:21,572 - INFO - Successfully retrieved token.
2026-07-02 15:48:21,572 - INFO - Sending payload to URL: https://nikeaplawmprod1.sce.manh.com/pickpack/api/pickpack/olpn/search
2026-07-02 15:48:21,793 - INFO - Successfully received response for Plant 1081 (PROD)
2026-07-02 15:48:22,160 - INFO - Sending payload to URL: https://nikeaplawmprod1.sce.manh.com/task/api/task/taskDetail/search
2026-07-02 15:48:22,376 - INFO - -> Success: True, Message: None
2026-07-02 15:48:22,382 - INFO - Processing Task 1/1: Plant 1081 (PROD)
2026-07-02 15:48:22,722 - INFO - Successfully retrieved token.
2026-07-02 15:48:22,723 - INFO - Sending payload to URL: https://nikeaplawmprod1.sce.manh.com/pickpack/api/pickpack/olpn/search
2026-07-02 15:48:22,933 - INFO - Successfully received response for Plant 1081 (PROD)
2026-07-02 15:48:22,935 - INFO - Success: Found 6 oLPN row(s) for this task.
2026-07-02 15:48:22,936 - INFO - Processing 6 payloads for Environment: PROD
2026-07-02 15:48:23,331 - INFO - Successfully retrieved token for PROD environment.
2026-07-02 15:48:23,331 - INFO - Sending payloads to URL: https://nikeaplawmprod1.sce.manh.com/pickpack/api/ServiceDefinition/invoke/NIKEEX10PackResultCS_1081
2026-07-02 15:48:23,331 - INFO - Using 6 worker threads for 6 payloads.
2026-07-02 15:48:23,332 - INFO - [PROD] Processing Payload 1/6 for Plant 1081
2026-07-02 15:48:23,333 - INFO - [PROD] Processing Payload 2/6 for Plant 1081
2026-07-02 15:48:23,333 - INFO - [PROD] Processing Payload 3/6 for Plant 1081
2026-07-02 15:48:23,334 - INFO - [PROD] Processing Payload 4/6 for Plant 1081
2026-07-02 15:48:23,335 - INFO - [PROD] Processing Payload 5/6 for Plant 1081
2026-07-02 15:48:23,336 - INFO - [PROD] Processing Payload 6/6 for Plant 1081
2026-07-02 15:48:28,509 - INFO - Pack Complete run finished. Success: 6, Failed: 0, Total: 6
2026-07-02 15:48:28,510 - INFO - Pack Complete run finished.
2026-07-02 15:48:28,510 - INFO - Waiting 20 seconds before next run...
2026-07-02 15:48:48,510 - INFO - Starting Pack Complete run...
2026-07-02 15:48:48,784 - INFO - Successfully extracted 1 data row(s) for wave information processing.
2026-07-02 15:48:48,784 - INFO - Processing row 1: {'Plant': 1081, 'Environment': 'PROD', 'Wave_number': 'W07022026000000000004;W07022026000000000003;W07022026000000000002;W07022026000000000001;W07012026000000000004;W07012026000000000003'}
2026-07-02 15:48:49,004 - INFO - Processing Task 1/1: Plant 1081 (PROD)
2026-07-02 15:48:49,426 - INFO - Successfully retrieved token.
2026-07-02 15:48:49,426 - INFO - Sending payload to URL: https://nikeaplawmprod1.sce.manh.com/pickpack/api/pickpack/olpn/search
2026-07-02 15:48:49,653 - INFO - Successfully received response for Plant 1081 (PROD)
2026-07-02 15:48:50,014 - INFO - Sending payload to URL: https://nikeaplawmprod1.sce.manh.com/task/api/task/taskDetail/search
2026-07-02 15:48:50,230 - INFO - -> Success: True, Message: None
2026-07-02 15:48:50,234 - INFO - Processing Task 1/1: Plant 1081 (PROD)
2026-07-02 15:48:50,609 - INFO - Successfully retrieved token.
2026-07-02 15:48:50,611 - INFO - Sending payload to URL: https://nikeaplawmprod1.sce.manh.com/pickpack/api/pickpack/olpn/search
2026-07-02 15:48:50,832 - INFO - Successfully received response for Plant 1081 (PROD)
2026-07-02 15:48:50,835 - INFO - Success: Found 14 oLPN row(s) for this task.
2026-07-02 15:48:50,841 - INFO - Processing 14 payloads for Environment: PROD
2026-07-02 15:48:51,238 - INFO - Successfully retrieved token for PROD environment.
2026-07-02 15:48:51,239 - INFO - Sending payloads to URL: https://nikeaplawmprod1.sce.manh.com/pickpack/api/ServiceDefinition/invoke/NIKEEX10PackResultCS_1081
2026-07-02 15:48:51,239 - INFO - Using 10 worker threads for 14 payloads.
2026-07-02 15:48:51,240 - INFO - [PROD] Processing Payload 1/14 for Plant 1081
2026-07-02 15:48:51,243 - INFO - [PROD] Processing Payload 2/14 for Plant 1081
2026-07-02 15:48:51,245 - INFO - [PROD] Processing Payload 3/14 for Plant 1081
2026-07-02 15:48:51,247 - INFO - [PROD] Processing Payload 4/14 for Plant 1081
2026-07-02 15:48:51,249 - INFO - [PROD] Processing Payload 5/14 for Plant 1081
2026-07-02 15:48:51,251 - INFO - [PROD] Processing Payload 6/14 for Plant 1081
2026-07-02 15:48:51,260 - INFO - [PROD] Processing Payload 7/14 for Plant 1081
2026-07-02 15:48:51,264 - INFO - [PROD] Processing Payload 8/14 for Plant 1081
2026-07-02 15:48:51,265 - INFO - [PROD] Processing Payload 9/14 for Plant 1081
2026-07-02 15:48:51,266 - INFO - [PROD] Processing Payload 10/14 for Plant 1081
2026-07-02 15:48:52,265 - INFO - [PROD] Processing Payload 11/14 for Plant 1081
2026-07-02 15:48:52,497 - INFO - [PROD] Processing Payload 12/14 for Plant 1081
2026-07-02 15:48:52,514 - INFO - [PROD] Processing Payload 13/14 for Plant 1081
2026-07-02 15:48:52,526 - INFO - [PROD] Processing Payload 14/14 for Plant 1081
2026-07-02 15:48:56,022 - INFO - Pack Complete run finished. Success: 14, Failed: 0, Total: 14
2026-07-02 15:48:56,023 - INFO - Pack Complete run finished.
2026-07-02 15:48:56,023 - INFO - Waiting 20 seconds before next run...
2026-07-02 15:49:16,026 - INFO - Starting Pack Complete run...
2026-07-02 15:49:16,276 - INFO - Successfully extracted 1 data row(s) for wave information processing.
2026-07-02 15:49:16,276 - INFO - Processing row 1: {'Plant': 1081, 'Environment': 'PROD', 'Wave_number': 'W07022026000000000004;W07022026000000000003;W07022026000000000002;W07022026000000000001;W07012026000000000004;W07012026000000000003'}
2026-07-02 15:49:16,519 - INFO - Processing Task 1/1: Plant 1081 (PROD)
2026-07-02 15:49:16,964 - INFO - Successfully retrieved token.
2026-07-02 15:49:16,964 - INFO - Sending payload to URL: https://nikeaplawmprod1.sce.manh.com/pickpack/api/pickpack/olpn/search
2026-07-02 15:49:17,191 - INFO - Successfully received response for Plant 1081 (PROD)
2026-07-02 15:49:17,589 - INFO - Sending payload to URL: https://nikeaplawmprod1.sce.manh.com/task/api/task/taskDetail/search
2026-07-02 15:49:17,777 - INFO - -> Success: True, Message: None
2026-07-02 15:49:17,782 - INFO - Processing Task 1/1: Plant 1081 (PROD)
2026-07-02 15:49:18,132 - INFO - Successfully retrieved token.
2026-07-02 15:49:18,133 - INFO - Sending payload to URL: https://nikeaplawmprod1.sce.manh.com/pickpack/api/pickpack/olpn/search
2026-07-02 15:49:18,355 - INFO - Successfully received response for Plant 1081 (PROD)
2026-07-02 15:49:18,356 - INFO - Success: Found 7 oLPN row(s) for this task.
2026-07-02 15:49:18,359 - INFO - Processing 7 payloads for Environment: PROD
2026-07-02 15:49:18,687 - INFO - Successfully retrieved token for PROD environment.
2026-07-02 15:49:18,688 - INFO - Sending payloads to URL: https://nikeaplawmprod1.sce.manh.com/pickpack/api/ServiceDefinition/invoke/NIKEEX10PackResultCS_1081
2026-07-02 15:49:18,688 - INFO - Using 7 worker threads for 7 payloads.
2026-07-02 15:49:18,688 - INFO - [PROD] Processing Payload 1/7 for Plant 1081
2026-07-02 15:49:18,688 - INFO - [PROD] Processing Payload 2/7 for Plant 1081
2026-07-02 15:49:18,689 - INFO - [PROD] Processing Payload 3/7 for Plant 1081
2026-07-02 15:49:18,689 - INFO - [PROD] Processing Payload 4/7 for Plant 1081
2026-07-02 15:49:18,692 - INFO - [PROD] Processing Payload 5/7 for Plant 1081
2026-07-02 15:49:18,692 - INFO - [PROD] Processing Payload 6/7 for Plant 1081
2026-07-02 15:49:18,699 - INFO - [PROD] Processing Payload 7/7 for Plant 1081
2026-07-02 15:49:19,688 - INFO - Pack Complete run finished. Success: 7, Failed: 0, Total: 7
2026-07-02 15:49:19,688 - INFO - Pack Complete run finished.
2026-07-02 15:49:19,688 - INFO - Waiting 20 seconds before next run...
2026-07-02 15:49:39,692 - INFO - Starting Pack Complete run...
2026-07-02 15:49:39,947 - INFO - Successfully extracted 1 data row(s) for wave information processing.
2026-07-02 15:49:39,947 - INFO - Processing row 1: {'Plant': 1081, 'Environment': 'PROD', 'Wave_number': 'W07022026000000000004;W07022026000000000003;W07022026000000000002;W07022026000000000001;W07012026000000000004;W07012026000000000003'}
2026-07-02 15:49:40,157 - INFO - Processing Task 1/1: Plant 1081 (PROD)
2026-07-02 15:49:40,533 - INFO - Successfully retrieved token.
2026-07-02 15:49:40,533 - INFO - Sending payload to URL: https://nikeaplawmprod1.sce.manh.com/pickpack/api/pickpack/olpn/search
2026-07-02 15:49:40,771 - INFO - Successfully received response for Plant 1081 (PROD)
2026-07-02 15:49:41,143 - INFO - Sending payload to URL: https://nikeaplawmprod1.sce.manh.com/task/api/task/taskDetail/search
2026-07-02 15:49:41,377 - INFO - -> Success: True, Message: None
2026-07-02 15:49:41,382 - INFO - Processing Task 1/1: Plant 1081 (PROD)
2026-07-02 15:49:41,726 - INFO - Successfully retrieved token.
2026-07-02 15:49:41,726 - INFO - Sending payload to URL: https://nikeaplawmprod1.sce.manh.com/pickpack/api/pickpack/olpn/search
2026-07-02 15:49:41,947 - INFO - Successfully received response for Plant 1081 (PROD)
2026-07-02 15:49:41,949 - INFO - Success: Found 5 oLPN row(s) for this task.
2026-07-02 15:49:41,954 - INFO - Processing 5 payloads for Environment: PROD
2026-07-02 15:49:42,300 - INFO - Successfully retrieved token for PROD environment.
2026-07-02 15:49:42,301 - INFO - Sending payloads to URL: https://nikeaplawmprod1.sce.manh.com/pickpack/api/ServiceDefinition/invoke/NIKEEX10PackResultCS_1081
2026-07-02 15:49:42,301 - INFO - Using 5 worker threads for 5 payloads.
2026-07-02 15:49:42,303 - INFO - [PROD] Processing Payload 1/5 for Plant 1081
2026-07-02 15:49:42,305 - INFO - [PROD] Processing Payload 2/5 for Plant 1081
2026-07-02 15:49:42,307 - INFO - [PROD] Processing Payload 3/5 for Plant 1081
2026-07-02 15:49:42,311 - INFO - [PROD] Processing Payload 5/5 for Plant 1081
2026-07-02 15:49:42,308 - INFO - [PROD] Processing Payload 4/5 for Plant 1081
2026-07-02 15:49:45,935 - INFO - Pack Complete run finished. Success: 5, Failed: 0, Total: 5
2026-07-02 15:49:45,936 - INFO - Pack Complete run finished.
2026-07-02 15:49:45,936 - INFO - Waiting 20 seconds before next run...
2026-07-02 15:50:05,941 - INFO - Starting Pack Complete run...
2026-07-02 15:50:06,211 - INFO - Successfully extracted 1 data row(s) for wave information processing.
2026-07-02 15:50:06,211 - INFO - Processing row 1: {'Plant': 1081, 'Environment': 'PROD', 'Wave_number': 'W07022026000000000004;W07022026000000000003;W07022026000000000002;W07022026000000000001;W07012026000000000004;W07012026000000000003'}
2026-07-02 15:50:06,441 - INFO - Processing Task 1/1: Plant 1081 (PROD)
2026-07-02 15:50:06,913 - INFO - Successfully retrieved token.
2026-07-02 15:50:06,913 - INFO - Sending payload to URL: https://nikeaplawmprod1.sce.manh.com/pickpack/api/pickpack/olpn/search
2026-07-02 15:50:07,140 - INFO - Successfully received response for Plant 1081 (PROD)
2026-07-02 15:50:07,529 - INFO - Sending payload to URL: https://nikeaplawmprod1.sce.manh.com/task/api/task/taskDetail/search
2026-07-02 15:50:07,754 - INFO - -> Success: True, Message: None
2026-07-02 15:50:07,759 - INFO - Processing Task 1/1: Plant 1081 (PROD)
2026-07-02 15:50:08,241 - INFO - Successfully retrieved token.
2026-07-02 15:50:08,242 - INFO - Sending payload to URL: https://nikeaplawmprod1.sce.manh.com/pickpack/api/pickpack/olpn/search
2026-07-02 15:50:08,463 - INFO - Successfully received response for Plant 1081 (PROD)
2026-07-02 15:50:08,463 - INFO - Success: Found 10 oLPN row(s) for this task.
2026-07-02 15:50:08,465 - INFO - Processing 10 payloads for Environment: PROD
2026-07-02 15:50:08,819 - INFO - Successfully retrieved token for PROD environment.
2026-07-02 15:50:08,820 - INFO - Sending payloads to URL: https://nikeaplawmprod1.sce.manh.com/pickpack/api/ServiceDefinition/invoke/NIKEEX10PackResultCS_1081
2026-07-02 15:50:08,820 - INFO - Using 10 worker threads for 10 payloads.
2026-07-02 15:50:08,820 - INFO - [PROD] Processing Payload 1/10 for Plant 1081
2026-07-02 15:50:08,820 - INFO - [PROD] Processing Payload 2/10 for Plant 1081
2026-07-02 15:50:08,821 - INFO - [PROD] Processing Payload 3/10 for Plant 1081
2026-07-02 15:50:08,821 - INFO - [PROD] Processing Payload 4/10 for Plant 1081
2026-07-02 15:50:08,821 - INFO - [PROD] Processing Payload 5/10 for Plant 1081
2026-07-02 15:50:08,821 - INFO - [PROD] Processing Payload 6/10 for Plant 1081
2026-07-02 15:50:08,821 - INFO - [PROD] Processing Payload 7/10 for Plant 1081
2026-07-02 15:50:08,822 - INFO - [PROD] Processing Payload 8/10 for Plant 1081
2026-07-02 15:50:08,822 - INFO - [PROD] Processing Payload 9/10 for Plant 1081
2026-07-02 15:50:08,822 - INFO - [PROD] Processing Payload 10/10 for Plant 1081
2026-07-02 15:50:10,784 - INFO - Pack Complete run finished. Success: 10, Failed: 0, Total: 10
2026-07-02 15:50:10,785 - INFO - Pack Complete run finished.
2026-07-02 15:50:10,785 - INFO - Waiting 20 seconds before next run...
2026-07-02 15:50:30,790 - INFO - Starting Pack Complete run...
2026-07-02 15:50:31,051 - INFO - Successfully extracted 1 data row(s) for wave information processing.
2026-07-02 15:50:31,051 - INFO - Processing row 1: {'Plant': 1081, 'Environment': 'PROD', 'Wave_number': 'W07022026000000000004;W07022026000000000003;W07022026000000000002;W07022026000000000001;W07012026000000000004;W07012026000000000003'}
2026-07-02 15:50:31,259 - INFO - Processing Task 1/1: Plant 1081 (PROD)
2026-07-02 15:50:31,687 - INFO - Successfully retrieved token.
2026-07-02 15:50:31,688 - INFO - Sending payload to URL: https://nikeaplawmprod1.sce.manh.com/pickpack/api/pickpack/olpn/search
2026-07-02 15:50:31,943 - INFO - Successfully received response for Plant 1081 (PROD)
2026-07-02 15:50:32,410 - INFO - Sending payload to URL: https://nikeaplawmprod1.sce.manh.com/task/api/task/taskDetail/search
2026-07-02 15:50:32,612 - INFO - -> Success: True, Message: None
2026-07-02 15:50:32,617 - INFO - Processing Task 1/1: Plant 1081 (PROD)
2026-07-02 15:50:32,972 - INFO - Successfully retrieved token.
2026-07-02 15:50:32,972 - INFO - Sending payload to URL: https://nikeaplawmprod1.sce.manh.com/pickpack/api/pickpack/olpn/search
2026-07-02 15:50:33,192 - INFO - Successfully received response for Plant 1081 (PROD)
2026-07-02 15:50:33,193 - INFO - Success: Found 9 oLPN row(s) for this task.
2026-07-02 15:50:33,197 - INFO - Processing 9 payloads for Environment: PROD
2026-07-02 15:50:33,579 - INFO - Successfully retrieved token for PROD environment.
2026-07-02 15:50:33,580 - INFO - Sending payloads to URL: https://nikeaplawmprod1.sce.manh.com/pickpack/api/ServiceDefinition/invoke/NIKEEX10PackResultCS_1081
2026-07-02 15:50:33,580 - INFO - Using 9 worker threads for 9 payloads.
2026-07-02 15:50:33,580 - INFO - [PROD] Processing Payload 1/9 for Plant 1081
2026-07-02 15:50:33,580 - INFO - [PROD] Processing Payload 2/9 for Plant 1081
2026-07-02 15:50:33,581 - INFO - [PROD] Processing Payload 3/9 for Plant 1081
2026-07-02 15:50:33,581 - INFO - [PROD] Processing Payload 4/9 for Plant 1081
2026-07-02 15:50:33,586 - INFO - [PROD] Processing Payload 6/9 for Plant 1081
2026-07-02 15:50:33,584 - INFO - [PROD] Processing Payload 5/9 for Plant 1081
2026-07-02 15:50:33,590 - INFO - [PROD] Processing Payload 7/9 for Plant 1081
2026-07-02 15:50:33,597 - INFO - [PROD] Processing Payload 8/9 for Plant 1081
2026-07-02 15:50:33,597 - INFO - [PROD] Processing Payload 9/9 for Plant 1081
2026-07-02 15:50:35,179 - INFO - Pack Complete run finished. Success: 9, Failed: 0, Total: 9
2026-07-02 15:50:35,180 - INFO - Pack Complete run finished.
2026-07-02 15:50:35,180 - INFO - Waiting 20 seconds before next run...
2026-07-02 15:50:55,171 - INFO - Starting Pack Complete run...
2026-07-02 15:50:55,439 - INFO - Successfully extracted 1 data row(s) for wave information processing.
2026-07-02 15:50:55,439 - INFO - Processing row 1: {'Plant': 1081, 'Environment': 'PROD', 'Wave_number': 'W07022026000000000004;W07022026000000000003;W07022026000000000002;W07022026000000000001;W07012026000000000004;W07012026000000000003'}
2026-07-02 15:50:55,674 - INFO - Processing Task 1/1: Plant 1081 (PROD)
2026-07-02 15:50:56,130 - INFO - Successfully retrieved token.
2026-07-02 15:50:56,131 - INFO - Sending payload to URL: https://nikeaplawmprod1.sce.manh.com/pickpack/api/pickpack/olpn/search
2026-07-02 15:50:56,362 - INFO - Successfully received response for Plant 1081 (PROD)
2026-07-02 15:50:56,745 - INFO - Sending payload to URL: https://nikeaplawmprod1.sce.manh.com/task/api/task/taskDetail/search
2026-07-02 15:50:56,972 - INFO - -> Success: True, Message: None
2026-07-02 15:50:56,976 - INFO - Processing Task 1/1: Plant 1081 (PROD)
2026-07-02 15:50:57,478 - INFO - Successfully retrieved token.
2026-07-02 15:50:57,478 - INFO - Sending payload to URL: https://nikeaplawmprod1.sce.manh.com/pickpack/api/pickpack/olpn/search
2026-07-02 15:50:57,694 - INFO - Successfully received response for Plant 1081 (PROD)
2026-07-02 15:50:57,697 - INFO - Success: Found 8 oLPN row(s) for this task.
2026-07-02 15:50:57,708 - INFO - Processing 8 payloads for Environment: PROD
2026-07-02 15:50:58,093 - INFO - Successfully retrieved token for PROD environment.
2026-07-02 15:50:58,093 - INFO - Sending payloads to URL: https://nikeaplawmprod1.sce.manh.com/pickpack/api/ServiceDefinition/invoke/NIKEEX10PackResultCS_1081
2026-07-02 15:50:58,093 - INFO - Using 8 worker threads for 8 payloads.
2026-07-02 15:50:58,094 - INFO - [PROD] Processing Payload 1/8 for Plant 1081
2026-07-02 15:50:58,094 - INFO - [PROD] Processing Payload 2/8 for Plant 1081
2026-07-02 15:50:58,094 - INFO - [PROD] Processing Payload 3/8 for Plant 1081
2026-07-02 15:50:58,095 - INFO - [PROD] Processing Payload 4/8 for Plant 1081
2026-07-02 15:50:58,096 - INFO - [PROD] Processing Payload 5/8 for Plant 1081
2026-07-02 15:50:58,098 - INFO - [PROD] Processing Payload 6/8 for Plant 1081
2026-07-02 15:50:58,099 - INFO - [PROD] Processing Payload 7/8 for Plant 1081
2026-07-02 15:50:58,101 - INFO - [PROD] Processing Payload 8/8 for Plant 1081
2026-07-02 15:51:01,884 - INFO - Pack Complete run finished. Success: 8, Failed: 0, Total: 8
2026-07-02 15:51:01,884 - INFO - Pack Complete run finished.
2026-07-02 15:51:01,885 - INFO - Waiting 20 seconds before next run...
2026-07-02 15:51:21,883 - INFO - Starting Pack Complete run...
2026-07-02 15:51:22,137 - INFO - Successfully extracted 1 data row(s) for wave information processing.
2026-07-02 15:51:22,137 - INFO - Processing row 1: {'Plant': 1081, 'Environment': 'PROD', 'Wave_number': 'W07022026000000000004;W07022026000000000003;W07022026000000000002;W07022026000000000001;W07012026000000000004;W07012026000000000003'}
2026-07-02 15:51:22,344 - INFO - Processing Task 1/1: Plant 1081 (PROD)
2026-07-02 15:51:22,805 - INFO - Successfully retrieved token.
2026-07-02 15:51:22,806 - INFO - Sending payload to URL: https://nikeaplawmprod1.sce.manh.com/pickpack/api/pickpack/olpn/search
2026-07-02 15:51:23,048 - INFO - Successfully received response for Plant 1081 (PROD)
2026-07-02 15:51:23,487 - INFO - Sending payload to URL: https://nikeaplawmprod1.sce.manh.com/task/api/task/taskDetail/search
2026-07-02 15:51:23,686 - INFO - -> Success: True, Message: None
2026-07-02 15:51:23,692 - INFO - Processing Task 1/1: Plant 1081 (PROD)
2026-07-02 15:51:24,060 - INFO - Successfully retrieved token.
2026-07-02 15:51:24,061 - INFO - Sending payload to URL: https://nikeaplawmprod1.sce.manh.com/pickpack/api/pickpack/olpn/search
2026-07-02 15:51:24,301 - INFO - Successfully received response for Plant 1081 (PROD)
2026-07-02 15:51:24,302 - INFO - Success: Found 11 oLPN row(s) for this task.
2026-07-02 15:51:24,306 - INFO - Processing 11 payloads for Environment: PROD
2026-07-02 15:51:24,663 - INFO - Successfully retrieved token for PROD environment.
2026-07-02 15:51:24,663 - INFO - Sending payloads to URL: https://nikeaplawmprod1.sce.manh.com/pickpack/api/ServiceDefinition/invoke/NIKEEX10PackResultCS_1081
2026-07-02 15:51:24,663 - INFO - Using 10 worker threads for 11 payloads.
2026-07-02 15:51:24,665 - INFO - [PROD] Processing Payload 1/11 for Plant 1081
2026-07-02 15:51:24,666 - INFO - [PROD] Processing Payload 2/11 for Plant 1081
2026-07-02 15:51:24,666 - INFO - [PROD] Processing Payload 3/11 for Plant 1081
2026-07-02 15:51:24,669 - INFO - [PROD] Processing Payload 4/11 for Plant 1081
2026-07-02 15:51:24,670 - INFO - [PROD] Processing Payload 5/11 for Plant 1081
2026-07-02 15:51:24,676 - INFO - [PROD] Processing Payload 6/11 for Plant 1081
2026-07-02 15:51:24,678 - INFO - [PROD] Processing Payload 7/11 for Plant 1081
2026-07-02 15:51:24,680 - INFO - [PROD] Processing Payload 8/11 for Plant 1081
2026-07-02 15:51:24,681 - INFO - [PROD] Processing Payload 9/11 for Plant 1081
2026-07-02 15:51:24,682 - INFO - [PROD] Processing Payload 10/11 for Plant 1081
2026-07-02 15:51:25,598 - INFO - [PROD] Processing Payload 11/11 for Plant 1081
2026-07-02 15:51:26,292 - INFO - Pack Complete run finished. Success: 11, Failed: 0, Total: 11
2026-07-02 15:51:26,294 - INFO - Pack Complete run finished.
2026-07-02 15:51:26,294 - INFO - Waiting 20 seconds before next run...
2026-07-02 15:51:46,295 - INFO - Starting Pack Complete run...
2026-07-02 15:51:46,550 - INFO - Successfully extracted 1 data row(s) for wave information processing.
2026-07-02 15:51:46,550 - INFO - Processing row 1: {'Plant': 1081, 'Environment': 'PROD', 'Wave_number': 'W07022026000000000004;W07022026000000000003;W07022026000000000002;W07022026000000000001;W07012026000000000004;W07012026000000000003'}
2026-07-02 15:51:46,781 - INFO - Processing Task 1/1: Plant 1081 (PROD)
2026-07-02 15:51:47,272 - INFO - Successfully retrieved token.
2026-07-02 15:51:47,274 - INFO - Sending payload to URL: https://nikeaplawmprod1.sce.manh.com/pickpack/api/pickpack/olpn/search
2026-07-02 15:51:47,493 - INFO - Successfully received response for Plant 1081 (PROD)
2026-07-02 15:51:47,826 - INFO - Sending payload to URL: https://nikeaplawmprod1.sce.manh.com/task/api/task/taskDetail/search
2026-07-02 15:51:48,054 - INFO - -> Success: True, Message: None
2026-07-02 15:51:48,066 - INFO - Processing Task 1/1: Plant 1081 (PROD)
2026-07-02 15:51:48,576 - INFO - Successfully retrieved token.
2026-07-02 15:51:48,577 - INFO - Sending payload to URL: https://nikeaplawmprod1.sce.manh.com/pickpack/api/pickpack/olpn/search
2026-07-02 15:51:48,800 - INFO - Successfully received response for Plant 1081 (PROD)
2026-07-02 15:51:48,801 - INFO - Success: Found 8 oLPN row(s) for this task.
2026-07-02 15:51:48,813 - INFO - Processing 8 payloads for Environment: PROD
2026-07-02 15:51:49,189 - INFO - Successfully retrieved token for PROD environment.
2026-07-02 15:51:49,190 - INFO - Sending payloads to URL: https://nikeaplawmprod1.sce.manh.com/pickpack/api/ServiceDefinition/invoke/NIKEEX10PackResultCS_1081
2026-07-02 15:51:49,190 - INFO - Using 8 worker threads for 8 payloads.
2026-07-02 15:51:49,191 - INFO - [PROD] Processing Payload 1/8 for Plant 1081
2026-07-02 15:51:49,191 - INFO - [PROD] Processing Payload 2/8 for Plant 1081
2026-07-02 15:51:49,191 - INFO - [PROD] Processing Payload 3/8 for Plant 1081
2026-07-02 15:51:49,192 - INFO - [PROD] Processing Payload 4/8 for Plant 1081
2026-07-02 15:51:49,193 - INFO - [PROD] Processing Payload 5/8 for Plant 1081
2026-07-02 15:51:49,193 - INFO - [PROD] Processing Payload 6/8 for Plant 1081
2026-07-02 15:51:49,195 - INFO - [PROD] Processing Payload 7/8 for Plant 1081
2026-07-02 15:51:49,197 - INFO - [PROD] Processing Payload 8/8 for Plant 1081
2026-07-02 15:51:50,223 - INFO - Pack Complete run finished. Success: 8, Failed: 0, Total: 8
2026-07-02 15:51:50,223 - INFO - Pack Complete run finished.
2026-07-02 15:51:50,223 - INFO - Waiting 20 seconds before next run...
2026-07-02 15:52:10,224 - INFO - Starting Pack Complete run...
2026-07-02 15:52:10,466 - INFO - Successfully extracted 1 data row(s) for wave information processing.
2026-07-02 15:52:10,467 - INFO - Processing row 1: {'Plant': 1081, 'Environment': 'PROD', 'Wave_number': 'W07022026000000000004;W07022026000000000003;W07022026000000000002;W07022026000000000001;W07012026000000000004;W07012026000000000003'}
2026-07-02 15:52:10,681 - INFO - Processing Task 1/1: Plant 1081 (PROD)
2026-07-02 15:52:11,105 - INFO - Successfully retrieved token.
2026-07-02 15:52:11,106 - INFO - Sending payload to URL: https://nikeaplawmprod1.sce.manh.com/pickpack/api/pickpack/olpn/search
2026-07-02 15:52:11,325 - INFO - Successfully received response for Plant 1081 (PROD)
2026-07-02 15:52:11,661 - INFO - Sending payload to URL: https://nikeaplawmprod1.sce.manh.com/task/api/task/taskDetail/search
2026-07-02 15:52:11,868 - INFO - -> Success: True, Message: None
2026-07-02 15:52:11,882 - INFO - Processing Task 1/1: Plant 1081 (PROD)
2026-07-02 15:52:12,219 - INFO - Successfully retrieved token.
2026-07-02 15:52:12,219 - INFO - Sending payload to URL: https://nikeaplawmprod1.sce.manh.com/pickpack/api/pickpack/olpn/search
2026-07-02 15:52:12,434 - INFO - Successfully received response for Plant 1081 (PROD)
2026-07-02 15:52:12,435 - INFO - Success: Found 14 oLPN row(s) for this task.
2026-07-02 15:52:12,437 - INFO - Processing 14 payloads for Environment: PROD
2026-07-02 15:52:12,766 - INFO - Successfully retrieved token for PROD environment.
2026-07-02 15:52:12,767 - INFO - Sending payloads to URL: https://nikeaplawmprod1.sce.manh.com/pickpack/api/ServiceDefinition/invoke/NIKEEX10PackResultCS_1081
2026-07-02 15:52:12,767 - INFO - Using 10 worker threads for 14 payloads.
2026-07-02 15:52:12,767 - INFO - [PROD] Processing Payload 1/14 for Plant 1081
2026-07-02 15:52:12,768 - INFO - [PROD] Processing Payload 2/14 for Plant 1081
2026-07-02 15:52:12,770 - INFO - [PROD] Processing Payload 3/14 for Plant 1081
2026-07-02 15:52:12,773 - INFO - [PROD] Processing Payload 4/14 for Plant 1081
2026-07-02 15:52:12,776 - INFO - [PROD] Processing Payload 5/14 for Plant 1081
2026-07-02 15:52:12,781 - INFO - [PROD] Processing Payload 6/14 for Plant 1081
2026-07-02 15:52:12,784 - INFO - [PROD] Processing Payload 7/14 for Plant 1081
2026-07-02 15:52:12,792 - INFO - [PROD] Processing Payload 8/14 for Plant 1081
2026-07-02 15:52:12,792 - INFO - [PROD] Processing Payload 9/14 for Plant 1081
2026-07-02 15:52:12,793 - INFO - [PROD] Processing Payload 10/14 for Plant 1081
2026-07-02 15:52:13,869 - INFO - [PROD] Processing Payload 11/14 for Plant 1081
2026-07-02 15:52:13,874 - INFO - [PROD] Processing Payload 12/14 for Plant 1081
2026-07-02 15:52:13,943 - INFO - [PROD] Processing Payload 13/14 for Plant 1081
2026-07-02 15:52:14,009 - INFO - [PROD] Processing Payload 14/14 for Plant 1081
2026-07-02 15:52:14,593 - INFO - Pack Complete run finished. Success: 14, Failed: 0, Total: 14
2026-07-02 15:52:14,594 - INFO - Pack Complete run finished.
2026-07-02 15:52:14,594 - INFO - Waiting 20 seconds before next run...
2026-07-02 15:52:34,597 - INFO - Starting Pack Complete run...
2026-07-02 15:52:34,880 - INFO - Successfully extracted 1 data row(s) for wave information processing.
2026-07-02 15:52:34,880 - INFO - Processing row 1: {'Plant': 1081, 'Environment': 'PROD', 'Wave_number': 'W07022026000000000004;W07022026000000000003;W07022026000000000002;W07022026000000000001;W07012026000000000004;W07012026000000000003'}
2026-07-02 15:52:35,105 - INFO - Processing Task 1/1: Plant 1081 (PROD)
2026-07-02 15:52:35,535 - INFO - Successfully retrieved token.
2026-07-02 15:52:35,535 - INFO - Sending payload to URL: https://nikeaplawmprod1.sce.manh.com/pickpack/api/pickpack/olpn/search
2026-07-02 15:52:35,773 - INFO - Successfully received response for Plant 1081 (PROD)
2026-07-02 15:52:36,292 - INFO - Sending payload to URL: https://nikeaplawmprod1.sce.manh.com/task/api/task/taskDetail/search
2026-07-02 15:52:36,534 - INFO - -> Success: True, Message: None
2026-07-02 15:52:36,541 - INFO - Processing Task 1/1: Plant 1081 (PROD)
2026-07-02 15:52:36,909 - INFO - Successfully retrieved token.
2026-07-02 15:52:36,909 - INFO - Sending payload to URL: https://nikeaplawmprod1.sce.manh.com/pickpack/api/pickpack/olpn/search
2026-07-02 15:52:37,104 - INFO - Successfully received response for Plant 1081 (PROD)
2026-07-02 15:52:37,106 - INFO - Success: Found 8 oLPN row(s) for this task.
2026-07-02 15:52:37,113 - INFO - Processing 8 payloads for Environment: PROD
2026-07-02 15:52:37,455 - INFO - Successfully retrieved token for PROD environment.
2026-07-02 15:52:37,456 - INFO - Sending payloads to URL: https://nikeaplawmprod1.sce.manh.com/pickpack/api/ServiceDefinition/invoke/NIKEEX10PackResultCS_1081
2026-07-02 15:52:37,456 - INFO - Using 8 worker threads for 8 payloads.
2026-07-02 15:52:37,457 - INFO - [PROD] Processing Payload 1/8 for Plant 1081
2026-07-02 15:52:37,458 - INFO - [PROD] Processing Payload 2/8 for Plant 1081
2026-07-02 15:52:37,458 - INFO - [PROD] Processing Payload 3/8 for Plant 1081
2026-07-02 15:52:37,461 - INFO - [PROD] Processing Payload 4/8 for Plant 1081
2026-07-02 15:52:37,464 - INFO - [PROD] Processing Payload 5/8 for Plant 1081
2026-07-02 15:52:37,467 - INFO - [PROD] Processing Payload 6/8 for Plant 1081
2026-07-02 15:52:37,470 - INFO - [PROD] Processing Payload 7/8 for Plant 1081
2026-07-02 15:52:37,471 - INFO - [PROD] Processing Payload 8/8 for Plant 1081
2026-07-02 15:52:40,082 - INFO - Pack Complete run finished. Success: 8, Failed: 0, Total: 8
2026-07-02 15:52:40,083 - INFO - Pack Complete run finished.
2026-07-02 15:52:40,083 - INFO - Waiting 20 seconds before next run...
2026-07-02 15:53:00,088 - INFO - Starting Pack Complete run...
2026-07-02 15:53:00,329 - INFO - Successfully extracted 1 data row(s) for wave information processing.
2026-07-02 15:53:00,329 - INFO - Processing row 1: {'Plant': 1081, 'Environment': 'PROD', 'Wave_number': 'W07022026000000000004;W07022026000000000003;W07022026000000000002;W07022026000000000001;W07012026000000000004;W07012026000000000003'}
2026-07-02 15:53:00,531 - INFO - Processing Task 1/1: Plant 1081 (PROD)
2026-07-02 15:53:00,873 - INFO - Successfully retrieved token.
2026-07-02 15:53:00,875 - INFO - Sending payload to URL: https://nikeaplawmprod1.sce.manh.com/pickpack/api/pickpack/olpn/search
2026-07-02 15:53:01,112 - INFO - Successfully received response for Plant 1081 (PROD)
2026-07-02 15:53:01,513 - INFO - Sending payload to URL: https://nikeaplawmprod1.sce.manh.com/task/api/task/taskDetail/search
2026-07-02 15:53:01,732 - INFO - -> Success: True, Message: None
2026-07-02 15:53:01,739 - INFO - Processing Task 1/1: Plant 1081 (PROD)
2026-07-02 15:53:02,089 - INFO - Successfully retrieved token.
2026-07-02 15:53:02,090 - INFO - Sending payload to URL: https://nikeaplawmprod1.sce.manh.com/pickpack/api/pickpack/olpn/search
2026-07-02 15:53:02,302 - INFO - Successfully received response for Plant 1081 (PROD)
2026-07-02 15:53:02,303 - INFO - Success: Found 10 oLPN row(s) for this task.
2026-07-02 15:53:02,309 - INFO - Processing 10 payloads for Environment: PROD
2026-07-02 15:53:02,711 - INFO - Successfully retrieved token for PROD environment.
2026-07-02 15:53:02,712 - INFO - Sending payloads to URL: https://nikeaplawmprod1.sce.manh.com/pickpack/api/ServiceDefinition/invoke/NIKEEX10PackResultCS_1081
2026-07-02 15:53:02,712 - INFO - Using 10 worker threads for 10 payloads.
2026-07-02 15:53:02,713 - INFO - [PROD] Processing Payload 1/10 for Plant 1081
2026-07-02 15:53:02,714 - INFO - [PROD] Processing Payload 2/10 for Plant 1081
2026-07-02 15:53:02,715 - INFO - [PROD] Processing Payload 3/10 for Plant 1081
2026-07-02 15:53:02,715 - INFO - [PROD] Processing Payload 4/10 for Plant 1081
2026-07-02 15:53:02,716 - INFO - [PROD] Processing Payload 5/10 for Plant 1081
2026-07-02 15:53:02,718 - INFO - [PROD] Processing Payload 6/10 for Plant 1081
2026-07-02 15:53:02,721 - INFO - [PROD] Processing Payload 7/10 for Plant 1081
2026-07-02 15:53:02,725 - INFO - [PROD] Processing Payload 8/10 for Plant 1081
2026-07-02 15:53:02,729 - INFO - [PROD] Processing Payload 9/10 for Plant 1081
2026-07-02 15:53:02,730 - INFO - [PROD] Processing Payload 10/10 for Plant 1081
2026-07-02 15:53:04,392 - INFO - Pack Complete run finished. Success: 10, Failed: 0, Total: 10
2026-07-02 15:53:04,393 - INFO - Pack Complete run finished.
2026-07-02 15:53:04,393 - INFO - Waiting 20 seconds before next run...
2026-07-02 15:53:24,396 - INFO - Starting Pack Complete run...
2026-07-02 15:53:24,651 - INFO - Successfully extracted 1 data row(s) for wave information processing.
2026-07-02 15:53:24,651 - INFO - Processing row 1: {'Plant': 1081, 'Environment': 'PROD', 'Wave_number': 'W07022026000000000004;W07022026000000000003;W07022026000000000002;W07022026000000000001;W07012026000000000004;W07012026000000000003'}
2026-07-02 15:53:24,868 - INFO - Processing Task 1/1: Plant 1081 (PROD)
2026-07-02 15:53:25,312 - INFO - Successfully retrieved token.
2026-07-02 15:53:25,312 - INFO - Sending payload to URL: https://nikeaplawmprod1.sce.manh.com/pickpack/api/pickpack/olpn/search
2026-07-02 15:53:25,558 - INFO - Successfully received response for Plant 1081 (PROD)
2026-07-02 15:53:25,918 - INFO - Sending payload to URL: https://nikeaplawmprod1.sce.manh.com/task/api/task/taskDetail/search
2026-07-02 15:53:26,126 - INFO - -> Success: True, Message: None
2026-07-02 15:53:26,133 - INFO - Processing Task 1/1: Plant 1081 (PROD)
2026-07-02 15:53:26,482 - INFO - Successfully retrieved token.
2026-07-02 15:53:26,483 - INFO - Sending payload to URL: https://nikeaplawmprod1.sce.manh.com/pickpack/api/pickpack/olpn/search
2026-07-02 15:53:26,696 - INFO - Successfully received response for Plant 1081 (PROD)
2026-07-02 15:53:26,697 - INFO - Success: Found 7 oLPN row(s) for this task.
2026-07-02 15:53:26,702 - INFO - Processing 7 payloads for Environment: PROD
2026-07-02 15:53:27,056 - INFO - Successfully retrieved token for PROD environment.
2026-07-02 15:53:27,056 - INFO - Sending payloads to URL: https://nikeaplawmprod1.sce.manh.com/pickpack/api/ServiceDefinition/invoke/NIKEEX10PackResultCS_1081
2026-07-02 15:53:27,056 - INFO - Using 7 worker threads for 7 payloads.
2026-07-02 15:53:27,056 - INFO - [PROD] Processing Payload 1/7 for Plant 1081
2026-07-02 15:53:27,056 - INFO - [PROD] Processing Payload 2/7 for Plant 1081
2026-07-02 15:53:27,057 - INFO - [PROD] Processing Payload 3/7 for Plant 1081
2026-07-02 15:53:27,057 - INFO - [PROD] Processing Payload 4/7 for Plant 1081
2026-07-02 15:53:27,058 - INFO - [PROD] Processing Payload 5/7 for Plant 1081
2026-07-02 15:53:27,059 - INFO - [PROD] Processing Payload 6/7 for Plant 1081
2026-07-02 15:53:27,059 - INFO - [PROD] Processing Payload 7/7 for Plant 1081
2026-07-02 15:53:28,226 - INFO - Pack Complete run finished. Success: 7, Failed: 0, Total: 7
2026-07-02 15:53:28,226 - INFO - Pack Complete run finished.
2026-07-02 15:53:28,226 - INFO - Waiting 20 seconds before next run...
2026-07-02 15:53:48,226 - INFO - Starting Pack Complete run...
2026-07-02 15:53:48,470 - INFO - Successfully extracted 1 data row(s) for wave information processing.
2026-07-02 15:53:48,470 - INFO - Processing row 1: {'Plant': 1081, 'Environment': 'PROD', 'Wave_number': 'W07022026000000000004;W07022026000000000003;W07022026000000000002;W07022026000000000001;W07012026000000000004;W07012026000000000003'}
2026-07-02 15:53:48,678 - INFO - Processing Task 1/1: Plant 1081 (PROD)
2026-07-02 15:53:49,098 - INFO - Successfully retrieved token.
2026-07-02 15:53:49,100 - INFO - Sending payload to URL: https://nikeaplawmprod1.sce.manh.com/pickpack/api/pickpack/olpn/search
2026-07-02 15:53:49,338 - INFO - Successfully received response for Plant 1081 (PROD)
2026-07-02 15:53:49,758 - INFO - Sending payload to URL: https://nikeaplawmprod1.sce.manh.com/task/api/task/taskDetail/search
2026-07-02 15:53:49,988 - INFO - -> Success: True, Message: None
2026-07-02 15:53:49,993 - INFO - Processing Task 1/1: Plant 1081 (PROD)
2026-07-02 15:53:50,389 - INFO - Successfully retrieved token.
2026-07-02 15:53:50,389 - INFO - Sending payload to URL: https://nikeaplawmprod1.sce.manh.com/pickpack/api/pickpack/olpn/search
2026-07-02 15:53:50,607 - INFO - Successfully received response for Plant 1081 (PROD)
2026-07-02 15:53:50,608 - INFO - Success: Found 10 oLPN row(s) for this task.
2026-07-02 15:53:50,612 - INFO - Processing 10 payloads for Environment: PROD
2026-07-02 15:53:50,941 - INFO - Successfully retrieved token for PROD environment.
2026-07-02 15:53:50,942 - INFO - Sending payloads to URL: https://nikeaplawmprod1.sce.manh.com/pickpack/api/ServiceDefinition/invoke/NIKEEX10PackResultCS_1081
2026-07-02 15:53:50,942 - INFO - Using 10 worker threads for 10 payloads.
2026-07-02 15:53:50,943 - INFO - [PROD] Processing Payload 1/10 for Plant 1081
2026-07-02 15:53:50,944 - INFO - [PROD] Processing Payload 2/10 for Plant 1081
2026-07-02 15:53:50,945 - INFO - [PROD] Processing Payload 3/10 for Plant 1081
2026-07-02 15:53:50,947 - INFO - [PROD] Processing Payload 4/10 for Plant 1081
2026-07-02 15:53:50,953 - INFO - [PROD] Processing Payload 5/10 for Plant 1081
2026-07-02 15:53:50,954 - INFO - [PROD] Processing Payload 6/10 for Plant 1081
2026-07-02 15:53:50,955 - INFO - [PROD] Processing Payload 7/10 for Plant 1081
2026-07-02 15:53:50,955 - INFO - [PROD] Processing Payload 8/10 for Plant 1081
2026-07-02 15:53:50,956 - INFO - [PROD] Processing Payload 9/10 for Plant 1081
2026-07-02 15:53:50,958 - INFO - [PROD] Processing Payload 10/10 for Plant 1081
2026-07-02 15:53:54,220 - INFO - Pack Complete run finished. Success: 10, Failed: 0, Total: 10
2026-07-02 15:53:54,221 - INFO - Pack Complete run finished.
2026-07-02 15:53:54,221 - INFO - Waiting 20 seconds before next run...
2026-07-02 15:54:14,224 - INFO - Starting Pack Complete run...
2026-07-02 15:54:14,471 - INFO - Successfully extracted 1 data row(s) for wave information processing.
2026-07-02 15:54:14,471 - INFO - Processing row 1: {'Plant': 1081, 'Environment': 'PROD', 'Wave_number': 'W07022026000000000004;W07022026000000000003;W07022026000000000002;W07022026000000000001;W07012026000000000004;W07012026000000000003'}
2026-07-02 15:54:14,688 - INFO - Processing Task 1/1: Plant 1081 (PROD)
2026-07-02 15:54:15,110 - INFO - Successfully retrieved token.
2026-07-02 15:54:15,110 - INFO - Sending payload to URL: https://nikeaplawmprod1.sce.manh.com/pickpack/api/pickpack/olpn/search
2026-07-02 15:54:15,343 - INFO - Successfully received response for Plant 1081 (PROD)
2026-07-02 15:54:15,825 - INFO - Sending payload to URL: https://nikeaplawmprod1.sce.manh.com/task/api/task/taskDetail/search
2026-07-02 15:54:16,033 - INFO - -> Success: True, Message: None
2026-07-02 15:54:16,038 - INFO - Processing Task 1/1: Plant 1081 (PROD)
2026-07-02 15:54:16,442 - INFO - Successfully retrieved token.
2026-07-02 15:54:16,445 - INFO - Sending payload to URL: https://nikeaplawmprod1.sce.manh.com/pickpack/api/pickpack/olpn/search
2026-07-02 15:54:16,682 - INFO - Successfully received response for Plant 1081 (PROD)
2026-07-02 15:54:16,683 - INFO - Success: Found 14 oLPN row(s) for this task.
2026-07-02 15:54:16,694 - INFO - Processing 14 payloads for Environment: PROD
2026-07-02 15:54:17,011 - INFO - Successfully retrieved token for PROD environment.
2026-07-02 15:54:17,012 - INFO - Sending payloads to URL: https://nikeaplawmprod1.sce.manh.com/pickpack/api/ServiceDefinition/invoke/NIKEEX10PackResultCS_1081
2026-07-02 15:54:17,012 - INFO - Using 10 worker threads for 14 payloads.
2026-07-02 15:54:17,013 - INFO - [PROD] Processing Payload 1/14 for Plant 1081
2026-07-02 15:54:17,013 - INFO - [PROD] Processing Payload 2/14 for Plant 1081
2026-07-02 15:54:17,015 - INFO - [PROD] Processing Payload 3/14 for Plant 1081
2026-07-02 15:54:17,016 - INFO - [PROD] Processing Payload 4/14 for Plant 1081
2026-07-02 15:54:17,018 - INFO - [PROD] Processing Payload 5/14 for Plant 1081
2026-07-02 15:54:17,019 - INFO - [PROD] Processing Payload 6/14 for Plant 1081
2026-07-02 15:54:17,025 - INFO - [PROD] Processing Payload 7/14 for Plant 1081
2026-07-02 15:54:17,026 - INFO - [PROD] Processing Payload 8/14 for Plant 1081
2026-07-02 15:54:17,027 - INFO - [PROD] Processing Payload 9/14 for Plant 1081
2026-07-02 15:54:17,027 - INFO - [PROD] Processing Payload 10/14 for Plant 1081
2026-07-02 15:54:18,387 - INFO - [PROD] Processing Payload 11/14 for Plant 1081
2026-07-02 15:54:18,394 - INFO - [PROD] Processing Payload 12/14 for Plant 1081
2026-07-02 15:54:18,658 - INFO - [PROD] Processing Payload 13/14 for Plant 1081
2026-07-02 15:54:18,662 - INFO - [PROD] Processing Payload 14/14 for Plant 1081
2026-07-02 15:54:20,346 - INFO - Pack Complete run finished. Success: 14, Failed: 0, Total: 14
2026-07-02 15:54:20,347 - INFO - Pack Complete run finished.
2026-07-02 15:54:20,347 - INFO - Waiting 20 seconds before next run...
2026-07-02 15:54:40,350 - INFO - Starting Pack Complete run...
2026-07-02 15:54:40,603 - INFO - Successfully extracted 1 data row(s) for wave information processing.
2026-07-02 15:54:40,603 - INFO - Processing row 1: {'Plant': 1081, 'Environment': 'PROD', 'Wave_number': 'W07022026000000000004;W07022026000000000003;W07022026000000000002;W07022026000000000001;W07012026000000000004;W07012026000000000003'}
2026-07-02 15:54:40,807 - INFO - Processing Task 1/1: Plant 1081 (PROD)
2026-07-02 15:54:41,223 - INFO - Successfully retrieved token.
2026-07-02 15:54:41,224 - INFO - Sending payload to URL: https://nikeaplawmprod1.sce.manh.com/pickpack/api/pickpack/olpn/search
2026-07-02 15:54:41,454 - INFO - Successfully received response for Plant 1081 (PROD)
2026-07-02 15:54:41,840 - INFO - Sending payload to URL: https://nikeaplawmprod1.sce.manh.com/task/api/task/taskDetail/search
2026-07-02 15:54:42,085 - INFO - -> Success: True, Message: None
2026-07-02 15:54:42,091 - INFO - Processing Task 1/1: Plant 1081 (PROD)
2026-07-02 15:54:42,502 - INFO - Successfully retrieved token.
2026-07-02 15:54:42,503 - INFO - Sending payload to URL: https://nikeaplawmprod1.sce.manh.com/pickpack/api/pickpack/olpn/search
2026-07-02 15:54:42,734 - INFO - Successfully received response for Plant 1081 (PROD)
2026-07-02 15:54:42,736 - INFO - Success: Found 10 oLPN row(s) for this task.
2026-07-02 15:54:42,738 - INFO - Processing 10 payloads for Environment: PROD
2026-07-02 15:54:43,165 - INFO - Successfully retrieved token for PROD environment.
2026-07-02 15:54:43,165 - INFO - Sending payloads to URL: https://nikeaplawmprod1.sce.manh.com/pickpack/api/ServiceDefinition/invoke/NIKEEX10PackResultCS_1081
2026-07-02 15:54:43,165 - INFO - Using 10 worker threads for 10 payloads.
2026-07-02 15:54:43,166 - INFO - [PROD] Processing Payload 1/10 for Plant 1081
2026-07-02 15:54:43,166 - INFO - [PROD] Processing Payload 2/10 for Plant 1081
2026-07-02 15:54:43,166 - INFO - [PROD] Processing Payload 3/10 for Plant 1081
2026-07-02 15:54:43,169 - INFO - [PROD] Processing Payload 4/10 for Plant 1081
2026-07-02 15:54:43,172 - INFO - [PROD] Processing Payload 5/10 for Plant 1081
2026-07-02 15:54:43,177 - INFO - [PROD] Processing Payload 6/10 for Plant 1081
2026-07-02 15:54:43,177 - INFO - [PROD] Processing Payload 7/10 for Plant 1081
2026-07-02 15:54:43,179 - INFO - [PROD] Processing Payload 8/10 for Plant 1081
2026-07-02 15:54:43,181 - INFO - [PROD] Processing Payload 9/10 for Plant 1081
2026-07-02 15:54:43,182 - INFO - [PROD] Processing Payload 10/10 for Plant 1081
2026-07-02 15:54:47,672 - INFO - Pack Complete run finished. Success: 10, Failed: 0, Total: 10
2026-07-02 15:54:47,673 - INFO - Pack Complete run finished.
2026-07-02 15:54:47,673 - INFO - Waiting 20 seconds before next run...
2026-07-02 15:55:07,676 - INFO - Starting Pack Complete run...
2026-07-02 15:55:07,931 - INFO - Successfully extracted 1 data row(s) for wave information processing.
2026-07-02 15:55:07,931 - INFO - Processing row 1: {'Plant': 1081, 'Environment': 'PROD', 'Wave_number': 'W07022026000000000004;W07022026000000000003;W07022026000000000002;W07022026000000000001;W07012026000000000004;W07012026000000000003'}
2026-07-02 15:55:08,147 - INFO - Processing Task 1/1: Plant 1081 (PROD)
2026-07-02 15:55:08,544 - INFO - Successfully retrieved token.
2026-07-02 15:55:08,545 - INFO - Sending payload to URL: https://nikeaplawmprod1.sce.manh.com/pickpack/api/pickpack/olpn/search
2026-07-02 15:55:08,792 - INFO - Successfully received response for Plant 1081 (PROD)
2026-07-02 15:55:09,174 - INFO - Sending payload to URL: https://nikeaplawmprod1.sce.manh.com/task/api/task/taskDetail/search
2026-07-02 15:55:09,387 - INFO - -> Success: True, Message: None
2026-07-02 15:55:09,392 - INFO - Processing Task 1/1: Plant 1081 (PROD)
2026-07-02 15:55:09,777 - INFO - Successfully retrieved token.
2026-07-02 15:55:09,778 - INFO - Sending payload to URL: https://nikeaplawmprod1.sce.manh.com/pickpack/api/pickpack/olpn/search
2026-07-02 15:55:09,996 - INFO - Successfully received response for Plant 1081 (PROD)
2026-07-02 15:55:09,997 - INFO - Success: Found 15 oLPN row(s) for this task.
2026-07-02 15:55:10,004 - INFO - Processing 15 payloads for Environment: PROD
2026-07-02 15:55:10,377 - INFO - Successfully retrieved token for PROD environment.
2026-07-02 15:55:10,378 - INFO - Sending payloads to URL: https://nikeaplawmprod1.sce.manh.com/pickpack/api/ServiceDefinition/invoke/NIKEEX10PackResultCS_1081
2026-07-02 15:55:10,378 - INFO - Using 10 worker threads for 15 payloads.
2026-07-02 15:55:10,378 - INFO - [PROD] Processing Payload 1/15 for Plant 1081
2026-07-02 15:55:10,379 - INFO - [PROD] Processing Payload 2/15 for Plant 1081
2026-07-02 15:55:10,379 - INFO - [PROD] Processing Payload 3/15 for Plant 1081
2026-07-02 15:55:10,379 - INFO - [PROD] Processing Payload 4/15 for Plant 1081
2026-07-02 15:55:10,380 - INFO - [PROD] Processing Payload 5/15 for Plant 1081
2026-07-02 15:55:10,381 - INFO - [PROD] Processing Payload 6/15 for Plant 1081
2026-07-02 15:55:10,381 - INFO - [PROD] Processing Payload 7/15 for Plant 1081
2026-07-02 15:55:10,382 - INFO - [PROD] Processing Payload 8/15 for Plant 1081
2026-07-02 15:55:10,383 - INFO - [PROD] Processing Payload 9/15 for Plant 1081
2026-07-02 15:55:10,386 - INFO - [PROD] Processing Payload 10/15 for Plant 1081
2026-07-02 15:55:11,659 - INFO - [PROD] Processing Payload 11/15 for Plant 1081
2026-07-02 15:55:11,707 - INFO - [PROD] Processing Payload 12/15 for Plant 1081
2026-07-02 15:55:11,716 - INFO - [PROD] Processing Payload 13/15 for Plant 1081
2026-07-02 15:55:11,783 - INFO - [PROD] Processing Payload 14/15 for Plant 1081
2026-07-02 15:55:11,806 - INFO - [PROD] Processing Payload 15/15 for Plant 1081
2026-07-02 15:55:12,600 - INFO - Pack Complete run finished. Success: 15, Failed: 0, Total: 15
2026-07-02 15:55:12,601 - INFO - Pack Complete run finished.
2026-07-02 15:55:12,601 - INFO - Waiting 20 seconds before next run...
2026-07-02 15:55:32,607 - INFO - Starting Pack Complete run...
2026-07-02 15:55:32,867 - INFO - Successfully extracted 1 data row(s) for wave information processing.
2026-07-02 15:55:32,867 - INFO - Processing row 1: {'Plant': 1081, 'Environment': 'PROD', 'Wave_number': 'W07022026000000000004;W07022026000000000003;W07022026000000000002;W07022026000000000001;W07012026000000000004;W07012026000000000003'}
2026-07-02 15:55:33,072 - INFO - Processing Task 1/1: Plant 1081 (PROD)
2026-07-02 15:55:33,506 - INFO - Successfully retrieved token.
2026-07-02 15:55:33,507 - INFO - Sending payload to URL: https://nikeaplawmprod1.sce.manh.com/pickpack/api/pickpack/olpn/search
2026-07-02 15:55:33,752 - INFO - Successfully received response for Plant 1081 (PROD)
2026-07-02 15:55:34,260 - INFO - Sending payload to URL: https://nikeaplawmprod1.sce.manh.com/task/api/task/taskDetail/search
2026-07-02 15:55:34,499 - INFO - -> Success: True, Message: None
2026-07-02 15:55:34,505 - INFO - Processing Task 1/1: Plant 1081 (PROD)
2026-07-02 15:55:34,943 - INFO - Successfully retrieved token.
2026-07-02 15:55:34,944 - INFO - Sending payload to URL: https://nikeaplawmprod1.sce.manh.com/pickpack/api/pickpack/olpn/search
2026-07-02 15:55:35,171 - INFO - Successfully received response for Plant 1081 (PROD)
2026-07-02 15:55:35,172 - INFO - Success: Found 5 oLPN row(s) for this task.
2026-07-02 15:55:35,176 - INFO - Processing 5 payloads for Environment: PROD
2026-07-02 15:55:35,528 - INFO - Successfully retrieved token for PROD environment.
2026-07-02 15:55:35,529 - INFO - Sending payloads to URL: https://nikeaplawmprod1.sce.manh.com/pickpack/api/ServiceDefinition/invoke/NIKEEX10PackResultCS_1081
2026-07-02 15:55:35,529 - INFO - Using 5 worker threads for 5 payloads.
2026-07-02 15:55:35,530 - INFO - [PROD] Processing Payload 1/5 for Plant 1081
2026-07-02 15:55:35,530 - INFO - [PROD] Processing Payload 2/5 for Plant 1081
2026-07-02 15:55:35,530 - INFO - [PROD] Processing Payload 3/5 for Plant 1081
2026-07-02 15:55:35,531 - INFO - [PROD] Processing Payload 4/5 for Plant 1081
2026-07-02 15:55:35,532 - INFO - [PROD] Processing Payload 5/5 for Plant 1081
2026-07-02 15:55:36,315 - INFO - Pack Complete run finished. Success: 5, Failed: 0, Total: 5
2026-07-02 15:55:36,315 - INFO - Pack Complete run finished.
2026-07-02 15:55:36,315 - INFO - Waiting 20 seconds before next run...
2026-07-02 15:55:56,321 - INFO - Starting Pack Complete run...
2026-07-02 15:55:56,560 - INFO - Successfully extracted 1 data row(s) for wave information processing.
2026-07-02 15:55:56,560 - INFO - Processing row 1: {'Plant': 1081, 'Environment': 'PROD', 'Wave_number': 'W07022026000000000004;W07022026000000000003;W07022026000000000002;W07022026000000000001;W07012026000000000004;W07012026000000000003'}
2026-07-02 15:55:56,771 - INFO - Processing Task 1/1: Plant 1081 (PROD)
2026-07-02 15:55:57,307 - INFO - Successfully retrieved token.
2026-07-02 15:55:57,307 - INFO - Sending payload to URL: https://nikeaplawmprod1.sce.manh.com/pickpack/api/pickpack/olpn/search
2026-07-02 15:55:57,538 - INFO - Successfully received response for Plant 1081 (PROD)
2026-07-02 15:55:57,995 - INFO - Sending payload to URL: https://nikeaplawmprod1.sce.manh.com/task/api/task/taskDetail/search
2026-07-02 15:55:58,195 - INFO - -> Success: True, Message: None
2026-07-02 15:55:58,199 - INFO - Processing Task 1/1: Plant 1081 (PROD)
2026-07-02 15:55:58,625 - INFO - Successfully retrieved token.
2026-07-02 15:55:58,625 - INFO - Sending payload to URL: https://nikeaplawmprod1.sce.manh.com/pickpack/api/pickpack/olpn/search
2026-07-02 15:55:58,852 - INFO - Successfully received response for Plant 1081 (PROD)
2026-07-02 15:55:58,857 - INFO - Success: Found 10 oLPN row(s) for this task.
2026-07-02 15:55:58,859 - INFO - Processing 10 payloads for Environment: PROD
2026-07-02 15:55:59,174 - INFO - Successfully retrieved token for PROD environment.
2026-07-02 15:55:59,175 - INFO - Sending payloads to URL: https://nikeaplawmprod1.sce.manh.com/pickpack/api/ServiceDefinition/invoke/NIKEEX10PackResultCS_1081
2026-07-02 15:55:59,175 - INFO - Using 10 worker threads for 10 payloads.
2026-07-02 15:55:59,175 - INFO - [PROD] Processing Payload 1/10 for Plant 1081
2026-07-02 15:55:59,178 - INFO - [PROD] Processing Payload 2/10 for Plant 1081
2026-07-02 15:55:59,179 - INFO - [PROD] Processing Payload 3/10 for Plant 1081
2026-07-02 15:55:59,182 - INFO - [PROD] Processing Payload 6/10 for Plant 1081
2026-07-02 15:55:59,180 - INFO - [PROD] Processing Payload 4/10 for Plant 1081
2026-07-02 15:55:59,181 - INFO - [PROD] Processing Payload 5/10 for Plant 1081
2026-07-02 15:55:59,187 - INFO - [PROD] Processing Payload 7/10 for Plant 1081
2026-07-02 15:55:59,187 - INFO - [PROD] Processing Payload 8/10 for Plant 1081
2026-07-02 15:55:59,191 - INFO - [PROD] Processing Payload 9/10 for Plant 1081
2026-07-02 15:55:59,193 - INFO - [PROD] Processing Payload 10/10 for Plant 1081
2026-07-02 15:56:00,866 - INFO - Pack Complete run finished. Success: 10, Failed: 0, Total: 10
2026-07-02 15:56:00,867 - INFO - Pack Complete run finished.
2026-07-02 15:56:00,867 - INFO - Waiting 20 seconds before next run...
2026-07-02 15:56:20,872 - INFO - Starting Pack Complete run...
2026-07-02 15:56:21,109 - INFO - Successfully extracted 1 data row(s) for wave information processing.
2026-07-02 15:56:21,109 - INFO - Processing row 1: {'Plant': 1081, 'Environment': 'PROD', 'Wave_number': 'W07022026000000000004;W07022026000000000003;W07022026000000000002;W07022026000000000001;W07012026000000000004;W07012026000000000003'}
2026-07-02 15:56:21,308 - INFO - Processing Task 1/1: Plant 1081 (PROD)
2026-07-02 15:56:21,678 - INFO - Successfully retrieved token.
2026-07-02 15:56:21,679 - INFO - Sending payload to URL: https://nikeaplawmprod1.sce.manh.com/pickpack/api/pickpack/olpn/search
2026-07-02 15:56:21,889 - INFO - Successfully received response for Plant 1081 (PROD)
2026-07-02 15:56:22,390 - INFO - Sending payload to URL: https://nikeaplawmprod1.sce.manh.com/task/api/task/taskDetail/search
2026-07-02 15:56:22,600 - INFO - -> Success: True, Message: None
2026-07-02 15:56:22,605 - INFO - Processing Task 1/1: Plant 1081 (PROD)
2026-07-02 15:56:22,980 - INFO - Successfully retrieved token.
2026-07-02 15:56:22,981 - INFO - Sending payload to URL: https://nikeaplawmprod1.sce.manh.com/pickpack/api/pickpack/olpn/search
2026-07-02 15:56:23,188 - INFO - Successfully received response for Plant 1081 (PROD)
2026-07-02 15:56:23,190 - INFO - Success: Found 11 oLPN row(s) for this task.
2026-07-02 15:56:23,195 - INFO - Processing 11 payloads for Environment: PROD
2026-07-02 15:56:23,522 - INFO - Successfully retrieved token for PROD environment.
2026-07-02 15:56:23,522 - INFO - Sending payloads to URL: https://nikeaplawmprod1.sce.manh.com/pickpack/api/ServiceDefinition/invoke/NIKEEX10PackResultCS_1081
2026-07-02 15:56:23,522 - INFO - Using 10 worker threads for 11 payloads.
2026-07-02 15:56:23,523 - INFO - [PROD] Processing Payload 1/11 for Plant 1081
2026-07-02 15:56:23,523 - INFO - [PROD] Processing Payload 2/11 for Plant 1081
2026-07-02 15:56:23,523 - INFO - [PROD] Processing Payload 3/11 for Plant 1081
2026-07-02 15:56:23,524 - INFO - [PROD] Processing Payload 4/11 for Plant 1081
2026-07-02 15:56:23,526 - INFO - [PROD] Processing Payload 5/11 for Plant 1081
2026-07-02 15:56:23,526 - INFO - [PROD] Processing Payload 6/11 for Plant 1081
2026-07-02 15:56:23,527 - INFO - [PROD] Processing Payload 7/11 for Plant 1081
2026-07-02 15:56:23,536 - INFO - [PROD] Processing Payload 8/11 for Plant 1081
2026-07-02 15:56:23,537 - INFO - [PROD] Processing Payload 9/11 for Plant 1081
2026-07-02 15:56:23,537 - INFO - [PROD] Processing Payload 10/11 for Plant 1081
2026-07-02 15:56:25,041 - INFO - [PROD] Processing Payload 11/11 for Plant 1081
2026-07-02 15:56:25,871 - INFO - Pack Complete run finished. Success: 11, Failed: 0, Total: 11
2026-07-02 15:56:25,872 - INFO - Pack Complete run finished.
2026-07-02 15:56:25,872 - INFO - Waiting 20 seconds before next run...
2026-07-02 15:56:45,876 - INFO - Starting Pack Complete run...
2026-07-02 15:56:46,131 - INFO - Successfully extracted 1 data row(s) for wave information processing.
2026-07-02 15:56:46,131 - INFO - Processing row 1: {'Plant': 1081, 'Environment': 'PROD', 'Wave_number': 'W07022026000000000004;W07022026000000000003;W07022026000000000002;W07022026000000000001;W07012026000000000004;W07012026000000000003'}
2026-07-02 15:56:46,346 - INFO - Processing Task 1/1: Plant 1081 (PROD)
2026-07-02 15:56:46,728 - INFO - Successfully retrieved token.
2026-07-02 15:56:46,729 - INFO - Sending payload to URL: https://nikeaplawmprod1.sce.manh.com/pickpack/api/pickpack/olpn/search
2026-07-02 15:56:46,968 - INFO - Successfully received response for Plant 1081 (PROD)
2026-07-02 15:56:47,302 - INFO - Sending payload to URL: https://nikeaplawmprod1.sce.manh.com/task/api/task/taskDetail/search
2026-07-02 15:56:47,515 - INFO - -> Success: True, Message: None
2026-07-02 15:56:47,520 - INFO - Processing Task 1/1: Plant 1081 (PROD)
2026-07-02 15:56:47,991 - INFO - Successfully retrieved token.
2026-07-02 15:56:47,991 - INFO - Sending payload to URL: https://nikeaplawmprod1.sce.manh.com/pickpack/api/pickpack/olpn/search
2026-07-02 15:56:48,219 - INFO - Successfully received response for Plant 1081 (PROD)
2026-07-02 15:56:48,221 - INFO - Success: Found 6 oLPN row(s) for this task.
2026-07-02 15:56:48,225 - INFO - Processing 6 payloads for Environment: PROD
2026-07-02 15:56:48,681 - INFO - Successfully retrieved token for PROD environment.
2026-07-02 15:56:48,682 - INFO - Sending payloads to URL: https://nikeaplawmprod1.sce.manh.com/pickpack/api/ServiceDefinition/invoke/NIKEEX10PackResultCS_1081
2026-07-02 15:56:48,682 - INFO - Using 6 worker threads for 6 payloads.
2026-07-02 15:56:48,684 - INFO - [PROD] Processing Payload 1/6 for Plant 1081
2026-07-02 15:56:48,684 - INFO - [PROD] Processing Payload 2/6 for Plant 1081
2026-07-02 15:56:48,684 - INFO - [PROD] Processing Payload 3/6 for Plant 1081
2026-07-02 15:56:48,685 - INFO - [PROD] Processing Payload 4/6 for Plant 1081
2026-07-02 15:56:48,685 - INFO - [PROD] Processing Payload 5/6 for Plant 1081
2026-07-02 15:56:48,685 - INFO - [PROD] Processing Payload 6/6 for Plant 1081
2026-07-02 15:56:51,055 - INFO - Pack Complete run finished. Success: 6, Failed: 0, Total: 6
2026-07-02 15:56:51,060 - INFO - Pack Complete run finished.
2026-07-02 15:56:51,060 - INFO - Waiting 20 seconds before next run...
2026-07-02 15:57:11,061 - INFO - Starting Pack Complete run...
2026-07-02 15:57:11,309 - INFO - Successfully extracted 1 data row(s) for wave information processing.
2026-07-02 15:57:11,309 - INFO - Processing row 1: {'Plant': 1081, 'Environment': 'PROD', 'Wave_number': 'W07022026000000000004;W07022026000000000003;W07022026000000000002;W07022026000000000001;W07012026000000000004;W07012026000000000003'}
2026-07-02 15:57:11,506 - INFO - Processing Task 1/1: Plant 1081 (PROD)
2026-07-02 15:57:11,959 - INFO - Successfully retrieved token.
2026-07-02 15:57:11,959 - INFO - Sending payload to URL: https://nikeaplawmprod1.sce.manh.com/pickpack/api/pickpack/olpn/search
2026-07-02 15:57:12,177 - INFO - Successfully received response for Plant 1081 (PROD)
2026-07-02 15:57:12,668 - INFO - Sending payload to URL: https://nikeaplawmprod1.sce.manh.com/task/api/task/taskDetail/search
2026-07-02 15:57:12,900 - INFO - -> Success: True, Message: None
2026-07-02 15:57:12,905 - INFO - Processing Task 1/1: Plant 1081 (PROD)
2026-07-02 15:57:13,279 - INFO - Successfully retrieved token.
2026-07-02 15:57:13,279 - INFO - Sending payload to URL: https://nikeaplawmprod1.sce.manh.com/pickpack/api/pickpack/olpn/search
2026-07-02 15:57:13,483 - INFO - Successfully received response for Plant 1081 (PROD)
2026-07-02 15:57:13,484 - INFO - Success: Found 4 oLPN row(s) for this task.
2026-07-02 15:57:13,489 - INFO - Processing 4 payloads for Environment: PROD
2026-07-02 15:57:13,883 - INFO - Successfully retrieved token for PROD environment.
2026-07-02 15:57:13,884 - INFO - Sending payloads to URL: https://nikeaplawmprod1.sce.manh.com/pickpack/api/ServiceDefinition/invoke/NIKEEX10PackResultCS_1081
2026-07-02 15:57:13,884 - INFO - Using 4 worker threads for 4 payloads.
2026-07-02 15:57:13,884 - INFO - [PROD] Processing Payload 1/4 for Plant 1081
2026-07-02 15:57:13,885 - INFO - [PROD] Processing Payload 2/4 for Plant 1081
2026-07-02 15:57:13,886 - INFO - [PROD] Processing Payload 3/4 for Plant 1081
2026-07-02 15:57:13,888 - INFO - [PROD] Processing Payload 4/4 for Plant 1081
2026-07-02 15:57:14,627 - INFO - Pack Complete run finished. Success: 4, Failed: 0, Total: 4
2026-07-02 15:57:14,628 - INFO - Pack Complete run finished.
2026-07-02 15:57:14,628 - INFO - Waiting 20 seconds before next run...
2026-07-02 15:57:34,633 - INFO - Starting Pack Complete run...
2026-07-02 15:57:34,887 - INFO - Successfully extracted 1 data row(s) for wave information processing.
2026-07-02 15:57:34,887 - INFO - Processing row 1: {'Plant': 1081, 'Environment': 'PROD', 'Wave_number': 'W07022026000000000004;W07022026000000000003;W07022026000000000002;W07022026000000000001;W07012026000000000004;W07012026000000000003'}
2026-07-02 15:57:35,115 - INFO - Processing Task 1/1: Plant 1081 (PROD)
2026-07-02 15:57:35,604 - INFO - Successfully retrieved token.
2026-07-02 15:57:35,604 - INFO - Sending payload to URL: https://nikeaplawmprod1.sce.manh.com/pickpack/api/pickpack/olpn/search
2026-07-02 15:57:35,835 - INFO - Successfully received response for Plant 1081 (PROD)
2026-07-02 15:57:36,196 - INFO - Sending payload to URL: https://nikeaplawmprod1.sce.manh.com/task/api/task/taskDetail/search
2026-07-02 15:57:36,407 - INFO - -> Success: True, Message: None
2026-07-02 15:57:36,412 - INFO - Processing Task 1/1: Plant 1081 (PROD)
2026-07-02 15:57:36,834 - INFO - Successfully retrieved token.
2026-07-02 15:57:36,835 - INFO - Sending payload to URL: https://nikeaplawmprod1.sce.manh.com/pickpack/api/pickpack/olpn/search
2026-07-02 15:57:37,041 - INFO - Successfully received response for Plant 1081 (PROD)
2026-07-02 15:57:37,043 - INFO - Success: Found 6 oLPN row(s) for this task.
2026-07-02 15:57:37,048 - INFO - Processing 6 payloads for Environment: PROD
2026-07-02 15:57:37,403 - INFO - Successfully retrieved token for PROD environment.
2026-07-02 15:57:37,403 - INFO - Sending payloads to URL: https://nikeaplawmprod1.sce.manh.com/pickpack/api/ServiceDefinition/invoke/NIKEEX10PackResultCS_1081
2026-07-02 15:57:37,403 - INFO - Using 6 worker threads for 6 payloads.
2026-07-02 15:57:37,404 - INFO - [PROD] Processing Payload 1/6 for Plant 1081
2026-07-02 15:57:37,404 - INFO - [PROD] Processing Payload 2/6 for Plant 1081
2026-07-02 15:57:37,404 - INFO - [PROD] Processing Payload 3/6 for Plant 1081
2026-07-02 15:57:37,410 - INFO - [PROD] Processing Payload 4/6 for Plant 1081
2026-07-02 15:57:37,413 - INFO - [PROD] Processing Payload 5/6 for Plant 1081
2026-07-02 15:57:37,415 - INFO - [PROD] Processing Payload 6/6 for Plant 1081
2026-07-02 15:57:40,853 - INFO - Pack Complete run finished. Success: 6, Failed: 0, Total: 6
2026-07-02 15:57:40,853 - INFO - Pack Complete run finished.
2026-07-02 15:57:40,854 - INFO - Waiting 20 seconds before next run...
2026-07-02 15:58:00,863 - INFO - Starting Pack Complete run...
2026-07-02 15:58:01,105 - INFO - Successfully extracted 1 data row(s) for wave information processing.
2026-07-02 15:58:01,105 - INFO - Processing row 1: {'Plant': 1081, 'Environment': 'PROD', 'Wave_number': 'W07022026000000000004;W07022026000000000003;W07022026000000000002;W07022026000000000001;W07012026000000000004;W07012026000000000003'}
2026-07-02 15:58:01,306 - INFO - Processing Task 1/1: Plant 1081 (PROD)
2026-07-02 15:58:01,644 - INFO - Successfully retrieved token.
2026-07-02 15:58:01,645 - INFO - Sending payload to URL: https://nikeaplawmprod1.sce.manh.com/pickpack/api/pickpack/olpn/search
2026-07-02 15:58:01,855 - INFO - Successfully received response for Plant 1081 (PROD)
2026-07-02 15:58:02,259 - INFO - Sending payload to URL: https://nikeaplawmprod1.sce.manh.com/task/api/task/taskDetail/search
2026-07-02 15:58:02,464 - INFO - -> Success: True, Message: None
2026-07-02 15:58:02,470 - INFO - Processing Task 1/1: Plant 1081 (PROD)
2026-07-02 15:58:02,842 - INFO - Successfully retrieved token.
2026-07-02 15:58:02,843 - INFO - Sending payload to URL: https://nikeaplawmprod1.sce.manh.com/pickpack/api/pickpack/olpn/search
2026-07-02 15:58:03,075 - INFO - Successfully received response for Plant 1081 (PROD)
2026-07-02 15:58:03,078 - INFO - Success: Found 10 oLPN row(s) for this task.
2026-07-02 15:58:03,083 - INFO - Processing 10 payloads for Environment: PROD
2026-07-02 15:58:03,445 - INFO - Successfully retrieved token for PROD environment.
2026-07-02 15:58:03,446 - INFO - Sending payloads to URL: https://nikeaplawmprod1.sce.manh.com/pickpack/api/ServiceDefinition/invoke/NIKEEX10PackResultCS_1081
2026-07-02 15:58:03,446 - INFO - Using 10 worker threads for 10 payloads.
2026-07-02 15:58:03,446 - INFO - [PROD] Processing Payload 1/10 for Plant 1081
2026-07-02 15:58:03,447 - INFO - [PROD] Processing Payload 2/10 for Plant 1081
2026-07-02 15:58:03,449 - INFO - [PROD] Processing Payload 3/10 for Plant 1081
2026-07-02 15:58:03,452 - INFO - [PROD] Processing Payload 4/10 for Plant 1081
2026-07-02 15:58:03,455 - INFO - [PROD] Processing Payload 5/10 for Plant 1081
2026-07-02 15:58:03,458 - INFO - [PROD] Processing Payload 6/10 for Plant 1081
2026-07-02 15:58:03,459 - INFO - [PROD] Processing Payload 7/10 for Plant 1081
2026-07-02 15:58:03,460 - INFO - [PROD] Processing Payload 8/10 for Plant 1081
2026-07-02 15:58:03,463 - INFO - [PROD] Processing Payload 9/10 for Plant 1081
2026-07-02 15:58:03,463 - INFO - [PROD] Processing Payload 10/10 for Plant 1081
2026-07-02 15:58:06,267 - INFO - Pack Complete run finished. Success: 10, Failed: 0, Total: 10
2026-07-02 15:58:06,268 - INFO - Pack Complete run finished.
2026-07-02 15:58:06,268 - INFO - Waiting 20 seconds before next run...
2026-07-02 15:58:26,278 - INFO - Starting Pack Complete run...
2026-07-02 15:58:26,530 - INFO - Successfully extracted 1 data row(s) for wave information processing.
2026-07-02 15:58:26,530 - INFO - Processing row 1: {'Plant': 1081, 'Environment': 'PROD', 'Wave_number': 'W07022026000000000004;W07022026000000000003;W07022026000000000002;W07022026000000000001;W07012026000000000004;W07012026000000000003'}
2026-07-02 15:58:26,751 - INFO - Processing Task 1/1: Plant 1081 (PROD)
2026-07-02 15:58:27,522 - INFO - Successfully retrieved token.
2026-07-02 15:58:27,527 - INFO - Sending payload to URL: https://nikeaplawmprod1.sce.manh.com/pickpack/api/pickpack/olpn/search
2026-07-02 15:58:27,762 - INFO - Successfully received response for Plant 1081 (PROD)
2026-07-02 15:58:28,137 - INFO - Sending payload to URL: https://nikeaplawmprod1.sce.manh.com/task/api/task/taskDetail/search
2026-07-02 15:58:28,349 - INFO - -> Success: True, Message: None
2026-07-02 15:58:28,355 - INFO - Processing Task 1/1: Plant 1081 (PROD)
2026-07-02 15:58:28,750 - INFO - Successfully retrieved token.
2026-07-02 15:58:28,751 - INFO - Sending payload to URL: https://nikeaplawmprod1.sce.manh.com/pickpack/api/pickpack/olpn/search
2026-07-02 15:58:28,990 - INFO - Successfully received response for Plant 1081 (PROD)
2026-07-02 15:58:28,991 - INFO - Success: Found 16 oLPN row(s) for this task.
2026-07-02 15:58:28,993 - INFO - Processing 16 payloads for Environment: PROD
2026-07-02 15:58:29,469 - INFO - Successfully retrieved token for PROD environment.
2026-07-02 15:58:29,470 - INFO - Sending payloads to URL: https://nikeaplawmprod1.sce.manh.com/pickpack/api/ServiceDefinition/invoke/NIKEEX10PackResultCS_1081
2026-07-02 15:58:29,470 - INFO - Using 10 worker threads for 16 payloads.
2026-07-02 15:58:29,470 - INFO - [PROD] Processing Payload 1/16 for Plant 1081
2026-07-02 15:58:29,471 - INFO - [PROD] Processing Payload 2/16 for Plant 1081
2026-07-02 15:58:29,473 - INFO - [PROD] Processing Payload 3/16 for Plant 1081
2026-07-02 15:58:29,473 - INFO - [PROD] Processing Payload 4/16 for Plant 1081
2026-07-02 15:58:29,477 - INFO - [PROD] Processing Payload 5/16 for Plant 1081
2026-07-02 15:58:29,481 - INFO - [PROD] Processing Payload 6/16 for Plant 1081
2026-07-02 15:58:29,486 - INFO - [PROD] Processing Payload 7/16 for Plant 1081
2026-07-02 15:58:29,486 - INFO - [PROD] Processing Payload 8/16 for Plant 1081
2026-07-02 15:58:29,487 - INFO - [PROD] Processing Payload 9/16 for Plant 1081
2026-07-02 15:58:29,488 - INFO - [PROD] Processing Payload 10/16 for Plant 1081
2026-07-02 15:58:30,449 - INFO - [PROD] Processing Payload 11/16 for Plant 1081
2026-07-02 15:58:30,465 - INFO - [PROD] Processing Payload 12/16 for Plant 1081
2026-07-02 15:58:30,495 - INFO - [PROD] Processing Payload 13/16 for Plant 1081
2026-07-02 15:58:30,501 - INFO - [PROD] Processing Payload 14/16 for Plant 1081
2026-07-02 15:58:30,550 - INFO - [PROD] Processing Payload 15/16 for Plant 1081
2026-07-02 15:58:30,560 - INFO - [PROD] Processing Payload 16/16 for Plant 1081
2026-07-02 15:58:31,317 - INFO - Pack Complete run finished. Success: 16, Failed: 0, Total: 16
2026-07-02 15:58:31,318 - INFO - Pack Complete run finished.
2026-07-02 15:58:31,318 - INFO - Waiting 20 seconds before next run...
2026-07-02 15:58:51,323 - INFO - Starting Pack Complete run...
2026-07-02 15:58:51,565 - INFO - Successfully extracted 1 data row(s) for wave information processing.
2026-07-02 15:58:51,566 - INFO - Processing row 1: {'Plant': 1081, 'Environment': 'PROD', 'Wave_number': 'W07022026000000000004;W07022026000000000003;W07022026000000000002;W07022026000000000001;W07012026000000000004;W07012026000000000003'}
2026-07-02 15:58:51,769 - INFO - Processing Task 1/1: Plant 1081 (PROD)
2026-07-02 15:58:52,204 - INFO - Successfully retrieved token.
2026-07-02 15:58:52,204 - INFO - Sending payload to URL: https://nikeaplawmprod1.sce.manh.com/pickpack/api/pickpack/olpn/search
2026-07-02 15:58:52,429 - INFO - Successfully received response for Plant 1081 (PROD)
2026-07-02 15:58:52,835 - INFO - Sending payload to URL: https://nikeaplawmprod1.sce.manh.com/task/api/task/taskDetail/search
2026-07-02 15:58:53,043 - INFO - -> Success: True, Message: None
2026-07-02 15:58:53,045 - INFO - Processing Task 1/1: Plant 1081 (PROD)
2026-07-02 15:58:53,422 - INFO - Successfully retrieved token.
2026-07-02 15:58:53,422 - INFO - Sending payload to URL: https://nikeaplawmprod1.sce.manh.com/pickpack/api/pickpack/olpn/search
2026-07-02 15:58:53,619 - INFO - Successfully received response for Plant 1081 (PROD)
2026-07-02 15:58:53,619 - INFO - Success: Found 11 oLPN row(s) for this task.
2026-07-02 15:58:53,620 - INFO - Processing 11 payloads for Environment: PROD
2026-07-02 15:58:54,043 - INFO - Successfully retrieved token for PROD environment.
2026-07-02 15:58:54,043 - INFO - Sending payloads to URL: https://nikeaplawmprod1.sce.manh.com/pickpack/api/ServiceDefinition/invoke/NIKEEX10PackResultCS_1081
2026-07-02 15:58:54,043 - INFO - Using 10 worker threads for 11 payloads.
2026-07-02 15:58:54,043 - INFO - [PROD] Processing Payload 1/11 for Plant 1081
2026-07-02 15:58:54,044 - INFO - [PROD] Processing Payload 2/11 for Plant 1081
2026-07-02 15:58:54,045 - INFO - [PROD] Processing Payload 3/11 for Plant 1081
2026-07-02 15:58:54,046 - INFO - [PROD] Processing Payload 4/11 for Plant 1081
2026-07-02 15:58:54,047 - INFO - [PROD] Processing Payload 5/11 for Plant 1081
2026-07-02 15:58:54,048 - INFO - [PROD] Processing Payload 6/11 for Plant 1081
2026-07-02 15:58:54,049 - INFO - [PROD] Processing Payload 7/11 for Plant 1081
2026-07-02 15:58:54,049 - INFO - [PROD] Processing Payload 8/11 for Plant 1081
2026-07-02 15:58:54,050 - INFO - [PROD] Processing Payload 9/11 for Plant 1081
2026-07-02 15:58:54,051 - INFO - [PROD] Processing Payload 10/11 for Plant 1081
2026-07-02 15:58:55,333 - INFO - [PROD] Processing Payload 11/11 for Plant 1081
2026-07-02 15:58:55,890 - INFO - Pack Complete run finished. Success: 11, Failed: 0, Total: 11
2026-07-02 15:58:55,890 - INFO - Pack Complete run finished.
2026-07-02 15:58:55,890 - INFO - Waiting 20 seconds before next run...
2026-07-02 15:59:15,895 - INFO - Starting Pack Complete run...
2026-07-02 15:59:16,131 - INFO - Successfully extracted 1 data row(s) for wave information processing.
2026-07-02 15:59:16,131 - INFO - Processing row 1: {'Plant': 1081, 'Environment': 'PROD', 'Wave_number': 'W07022026000000000004;W07022026000000000003;W07022026000000000002;W07022026000000000001;W07012026000000000004;W07012026000000000003'}
2026-07-02 15:59:16,355 - INFO - Processing Task 1/1: Plant 1081 (PROD)
2026-07-02 15:59:16,792 - INFO - Successfully retrieved token.
2026-07-02 15:59:16,793 - INFO - Sending payload to URL: https://nikeaplawmprod1.sce.manh.com/pickpack/api/pickpack/olpn/search
2026-07-02 15:59:17,276 - INFO - Successfully received response for Plant 1081 (PROD)
2026-07-02 15:59:17,695 - INFO - Sending payload to URL: https://nikeaplawmprod1.sce.manh.com/task/api/task/taskDetail/search
2026-07-02 15:59:17,877 - INFO - -> Success: True, Message: None
2026-07-02 15:59:17,878 - INFO - Processing Task 1/1: Plant 1081 (PROD)
2026-07-02 15:59:18,305 - INFO - Successfully retrieved token.
2026-07-02 15:59:18,305 - INFO - Sending payload to URL: https://nikeaplawmprod1.sce.manh.com/pickpack/api/pickpack/olpn/search
2026-07-02 15:59:18,514 - INFO - Successfully received response for Plant 1081 (PROD)
2026-07-02 15:59:18,515 - INFO - Success: Found 12 oLPN row(s) for this task.
2026-07-02 15:59:18,517 - INFO - Processing 12 payloads for Environment: PROD
2026-07-02 15:59:18,926 - INFO - Successfully retrieved token for PROD environment.
2026-07-02 15:59:18,926 - INFO - Sending payloads to URL: https://nikeaplawmprod1.sce.manh.com/pickpack/api/ServiceDefinition/invoke/NIKEEX10PackResultCS_1081
2026-07-02 15:59:18,926 - INFO - Using 10 worker threads for 12 payloads.
2026-07-02 15:59:18,926 - INFO - [PROD] Processing Payload 1/12 for Plant 1081
2026-07-02 15:59:18,926 - INFO - [PROD] Processing Payload 2/12 for Plant 1081
2026-07-02 15:59:18,927 - INFO - [PROD] Processing Payload 3/12 for Plant 1081
2026-07-02 15:59:18,927 - INFO - [PROD] Processing Payload 4/12 for Plant 1081
2026-07-02 15:59:18,928 - INFO - [PROD] Processing Payload 5/12 for Plant 1081
2026-07-02 15:59:18,928 - INFO - [PROD] Processing Payload 6/12 for Plant 1081
2026-07-02 15:59:18,929 - INFO - [PROD] Processing Payload 7/12 for Plant 1081
2026-07-02 15:59:18,930 - INFO - [PROD] Processing Payload 8/12 for Plant 1081
2026-07-02 15:59:18,932 - INFO - [PROD] Processing Payload 9/12 for Plant 1081
2026-07-02 15:59:18,932 - INFO - [PROD] Processing Payload 10/12 for Plant 1081
2026-07-02 15:59:20,359 - INFO - [PROD] Processing Payload 11/12 for Plant 1081
2026-07-02 15:59:20,363 - INFO - [PROD] Processing Payload 12/12 for Plant 1081
2026-07-02 15:59:22,341 - INFO - Pack Complete run finished. Success: 12, Failed: 0, Total: 12
2026-07-02 15:59:22,342 - INFO - Pack Complete run finished.
2026-07-02 15:59:22,342 - INFO - Waiting 20 seconds before next run...
2026-07-02 15:59:42,347 - INFO - Starting Pack Complete run...
2026-07-02 15:59:42,572 - INFO - Successfully extracted 1 data row(s) for wave information processing.
2026-07-02 15:59:42,572 - INFO - Processing row 1: {'Plant': 1081, 'Environment': 'PROD', 'Wave_number': 'W07022026000000000004;W07022026000000000003;W07022026000000000002;W07022026000000000001;W07012026000000000004;W07012026000000000003'}
2026-07-02 15:59:42,770 - INFO - Processing Task 1/1: Plant 1081 (PROD)
2026-07-02 15:59:43,114 - INFO - Successfully retrieved token.
2026-07-02 15:59:43,114 - INFO - Sending payload to URL: https://nikeaplawmprod1.sce.manh.com/pickpack/api/pickpack/olpn/search
2026-07-02 15:59:43,347 - INFO - Successfully received response for Plant 1081 (PROD)
2026-07-02 15:59:43,685 - INFO - Sending payload to URL: https://nikeaplawmprod1.sce.manh.com/task/api/task/taskDetail/search
2026-07-02 15:59:43,905 - INFO - -> Success: True, Message: None
2026-07-02 15:59:43,907 - INFO - Processing Task 1/1: Plant 1081 (PROD)
2026-07-02 15:59:44,256 - INFO - Successfully retrieved token.
2026-07-02 15:59:44,257 - INFO - Sending payload to URL: https://nikeaplawmprod1.sce.manh.com/pickpack/api/pickpack/olpn/search
2026-07-02 15:59:44,466 - INFO - Successfully received response for Plant 1081 (PROD)
2026-07-02 15:59:44,467 - INFO - Success: Found 9 oLPN row(s) for this task.
2026-07-02 15:59:44,470 - INFO - Processing 9 payloads for Environment: PROD
2026-07-02 15:59:44,804 - INFO - Successfully retrieved token for PROD environment.
2026-07-02 15:59:44,804 - INFO - Sending payloads to URL: https://nikeaplawmprod1.sce.manh.com/pickpack/api/ServiceDefinition/invoke/NIKEEX10PackResultCS_1081
2026-07-02 15:59:44,804 - INFO - Using 9 worker threads for 9 payloads.
2026-07-02 15:59:44,805 - INFO - [PROD] Processing Payload 1/9 for Plant 1081
2026-07-02 15:59:44,805 - INFO - [PROD] Processing Payload 2/9 for Plant 1081
2026-07-02 15:59:44,806 - INFO - [PROD] Processing Payload 3/9 for Plant 1081
2026-07-02 15:59:44,806 - INFO - [PROD] Processing Payload 4/9 for Plant 1081
2026-07-02 15:59:44,807 - INFO - [PROD] Processing Payload 5/9 for Plant 1081
2026-07-02 15:59:44,807 - INFO - [PROD] Processing Payload 6/9 for Plant 1081
2026-07-02 15:59:44,808 - INFO - [PROD] Processing Payload 7/9 for Plant 1081
2026-07-02 15:59:44,808 - INFO - [PROD] Processing Payload 8/9 for Plant 1081
2026-07-02 15:59:44,808 - INFO - [PROD] Processing Payload 9/9 for Plant 1081
2026-07-02 15:59:46,300 - INFO - Pack Complete run finished. Success: 9, Failed: 0, Total: 9
2026-07-02 15:59:46,300 - INFO - Pack Complete run finished.
2026-07-02 15:59:46,300 - INFO - Waiting 20 seconds before next run...
2026-07-02 16:00:06,305 - INFO - Starting Pack Complete run...
2026-07-02 16:00:06,542 - INFO - Successfully extracted 1 data row(s) for wave information processing.
2026-07-02 16:00:06,542 - INFO - Processing row 1: {'Plant': 1081, 'Environment': 'PROD', 'Wave_number': 'W07022026000000000004;W07022026000000000003;W07022026000000000002;W07022026000000000001;W07012026000000000004;W07012026000000000003'}
2026-07-02 16:00:06,761 - INFO - Processing Task 1/1: Plant 1081 (PROD)
2026-07-02 16:00:07,176 - INFO - Successfully retrieved token.
2026-07-02 16:00:07,177 - INFO - Sending payload to URL: https://nikeaplawmprod1.sce.manh.com/pickpack/api/pickpack/olpn/search
2026-07-02 16:00:07,402 - INFO - Successfully received response for Plant 1081 (PROD)
2026-07-02 16:00:07,872 - INFO - Sending payload to URL: https://nikeaplawmprod1.sce.manh.com/task/api/task/taskDetail/search
2026-07-02 16:00:08,085 - INFO - -> Success: True, Message: None
2026-07-02 16:00:08,087 - INFO - Processing Task 1/1: Plant 1081 (PROD)
2026-07-02 16:00:08,470 - INFO - Successfully retrieved token.
2026-07-02 16:00:08,470 - INFO - Sending payload to URL: https://nikeaplawmprod1.sce.manh.com/pickpack/api/pickpack/olpn/search
2026-07-02 16:00:08,667 - INFO - Successfully received response for Plant 1081 (PROD)
2026-07-02 16:00:08,668 - INFO - Success: Found 5 oLPN row(s) for this task.
2026-07-02 16:00:08,672 - INFO - Processing 5 payloads for Environment: PROD
2026-07-02 16:00:09,099 - INFO - Successfully retrieved token for PROD environment.
2026-07-02 16:00:09,099 - INFO - Sending payloads to URL: https://nikeaplawmprod1.sce.manh.com/pickpack/api/ServiceDefinition/invoke/NIKEEX10PackResultCS_1081
2026-07-02 16:00:09,099 - INFO - Using 5 worker threads for 5 payloads.
2026-07-02 16:00:09,100 - INFO - [PROD] Processing Payload 1/5 for Plant 1081
2026-07-02 16:00:09,100 - INFO - [PROD] Processing Payload 2/5 for Plant 1081
2026-07-02 16:00:09,100 - INFO - [PROD] Processing Payload 3/5 for Plant 1081
2026-07-02 16:00:09,102 - INFO - [PROD] Processing Payload 4/5 for Plant 1081
2026-07-02 16:00:09,103 - INFO - [PROD] Processing Payload 5/5 for Plant 1081
2026-07-02 16:00:09,992 - INFO - Pack Complete run finished. Success: 5, Failed: 0, Total: 5
2026-07-02 16:00:09,992 - INFO - Pack Complete run finished.
2026-07-02 16:00:09,992 - INFO - Waiting 20 seconds before next run...
2026-07-02 16:00:29,997 - INFO - Starting Pack Complete run...
2026-07-02 16:00:30,232 - INFO - Successfully extracted 1 data row(s) for wave information processing.
2026-07-02 16:00:30,232 - INFO - Processing row 1: {'Plant': 1081, 'Environment': 'PROD', 'Wave_number': 'W07022026000000000004;W07022026000000000003;W07022026000000000002;W07022026000000000001;W07012026000000000004;W07012026000000000003'}
2026-07-02 16:00:30,430 - INFO - Processing Task 1/1: Plant 1081 (PROD)
2026-07-02 16:00:30,809 - INFO - Successfully retrieved token.
2026-07-02 16:00:30,809 - INFO - Sending payload to URL: https://nikeaplawmprod1.sce.manh.com/pickpack/api/pickpack/olpn/search
2026-07-02 16:00:31,039 - INFO - Successfully received response for Plant 1081 (PROD)
2026-07-02 16:00:31,523 - INFO - Sending payload to URL: https://nikeaplawmprod1.sce.manh.com/task/api/task/taskDetail/search
2026-07-02 16:00:31,729 - INFO - -> Success: True, Message: None
2026-07-02 16:00:31,732 - INFO - Processing Task 1/1: Plant 1081 (PROD)
2026-07-02 16:00:32,241 - INFO - Successfully retrieved token.
2026-07-02 16:00:32,241 - INFO - Sending payload to URL: https://nikeaplawmprod1.sce.manh.com/pickpack/api/pickpack/olpn/search
2026-07-02 16:00:32,475 - INFO - Successfully received response for Plant 1081 (PROD)
2026-07-02 16:00:32,476 - INFO - Success: Found 14 oLPN row(s) for this task.
2026-07-02 16:00:32,478 - INFO - Processing 14 payloads for Environment: PROD
2026-07-02 16:00:32,852 - INFO - Successfully retrieved token for PROD environment.
2026-07-02 16:00:32,852 - INFO - Sending payloads to URL: https://nikeaplawmprod1.sce.manh.com/pickpack/api/ServiceDefinition/invoke/NIKEEX10PackResultCS_1081
2026-07-02 16:00:32,852 - INFO - Using 10 worker threads for 14 payloads.
2026-07-02 16:00:32,853 - INFO - [PROD] Processing Payload 1/14 for Plant 1081
2026-07-02 16:00:32,853 - INFO - [PROD] Processing Payload 2/14 for Plant 1081
2026-07-02 16:00:32,853 - INFO - [PROD] Processing Payload 3/14 for Plant 1081
2026-07-02 16:00:32,853 - INFO - [PROD] Processing Payload 4/14 for Plant 1081
2026-07-02 16:00:32,854 - INFO - [PROD] Processing Payload 5/14 for Plant 1081
2026-07-02 16:00:32,854 - INFO - [PROD] Processing Payload 6/14 for Plant 1081
2026-07-02 16:00:32,854 - INFO - [PROD] Processing Payload 7/14 for Plant 1081
2026-07-02 16:00:32,856 - INFO - [PROD] Processing Payload 8/14 for Plant 1081
2026-07-02 16:00:32,856 - INFO - [PROD] Processing Payload 9/14 for Plant 1081
2026-07-02 16:00:32,857 - INFO - [PROD] Processing Payload 10/14 for Plant 1081
2026-07-02 16:00:34,099 - INFO - [PROD] Processing Payload 11/14 for Plant 1081
2026-07-02 16:00:34,106 - INFO - [PROD] Processing Payload 12/14 for Plant 1081
2026-07-02 16:00:34,224 - INFO - [PROD] Processing Payload 13/14 for Plant 1081
2026-07-02 16:00:34,269 - INFO - [PROD] Processing Payload 14/14 for Plant 1081
2026-07-02 16:00:34,955 - INFO - Pack Complete run finished. Success: 14, Failed: 0, Total: 14
2026-07-02 16:00:34,956 - INFO - Pack Complete run finished.
2026-07-02 16:00:34,956 - INFO - Waiting 20 seconds before next run...
2026-07-02 16:00:54,961 - INFO - Starting Pack Complete run...
2026-07-02 16:00:55,197 - INFO - Successfully extracted 1 data row(s) for wave information processing.
2026-07-02 16:00:55,198 - INFO - Processing row 1: {'Plant': 1081, 'Environment': 'PROD', 'Wave_number': 'W07022026000000000004;W07022026000000000003;W07022026000000000002;W07022026000000000001;W07012026000000000004;W07012026000000000003'}
2026-07-02 16:00:55,418 - INFO - Processing Task 1/1: Plant 1081 (PROD)
2026-07-02 16:00:55,793 - INFO - Successfully retrieved token.
2026-07-02 16:00:55,794 - INFO - Sending payload to URL: https://nikeaplawmprod1.sce.manh.com/pickpack/api/pickpack/olpn/search
2026-07-02 16:00:56,026 - INFO - Successfully received response for Plant 1081 (PROD)
2026-07-02 16:00:56,411 - INFO - Sending payload to URL: https://nikeaplawmprod1.sce.manh.com/task/api/task/taskDetail/search
2026-07-02 16:00:56,605 - INFO - -> Success: True, Message: None
2026-07-02 16:00:56,607 - INFO - Processing Task 1/1: Plant 1081 (PROD)
2026-07-02 16:00:57,125 - INFO - Successfully retrieved token.
2026-07-02 16:00:57,125 - INFO - Sending payload to URL: https://nikeaplawmprod1.sce.manh.com/pickpack/api/pickpack/olpn/search
2026-07-02 16:00:57,339 - INFO - Successfully received response for Plant 1081 (PROD)
2026-07-02 16:00:57,341 - INFO - Success: Found 11 oLPN row(s) for this task.
2026-07-02 16:00:57,343 - INFO - Processing 11 payloads for Environment: PROD
2026-07-02 16:00:57,843 - INFO - Successfully retrieved token for PROD environment.
2026-07-02 16:00:57,843 - INFO - Sending payloads to URL: https://nikeaplawmprod1.sce.manh.com/pickpack/api/ServiceDefinition/invoke/NIKEEX10PackResultCS_1081
2026-07-02 16:00:57,843 - INFO - Using 10 worker threads for 11 payloads.
2026-07-02 16:00:57,844 - INFO - [PROD] Processing Payload 1/11 for Plant 1081
2026-07-02 16:00:57,845 - INFO - [PROD] Processing Payload 2/11 for Plant 1081
2026-07-02 16:00:57,845 - INFO - [PROD] Processing Payload 3/11 for Plant 1081
2026-07-02 16:00:57,847 - INFO - [PROD] Processing Payload 4/11 for Plant 1081
2026-07-02 16:00:57,847 - INFO - [PROD] Processing Payload 5/11 for Plant 1081
2026-07-02 16:00:57,849 - INFO - [PROD] Processing Payload 6/11 for Plant 1081
2026-07-02 16:00:57,851 - INFO - [PROD] Processing Payload 7/11 for Plant 1081
2026-07-02 16:00:57,852 - INFO - [PROD] Processing Payload 8/11 for Plant 1081
2026-07-02 16:00:57,852 - INFO - [PROD] Processing Payload 9/11 for Plant 1081
2026-07-02 16:00:57,853 - INFO - [PROD] Processing Payload 10/11 for Plant 1081
2026-07-02 16:00:59,276 - INFO - [PROD] Processing Payload 11/11 for Plant 1081
2026-07-02 16:00:59,888 - INFO - Pack Complete run finished. Success: 11, Failed: 0, Total: 11
2026-07-02 16:00:59,889 - INFO - Pack Complete run finished.
2026-07-02 16:00:59,889 - INFO - Waiting 20 seconds before next run...
2026-07-02 16:01:19,894 - INFO - Starting Pack Complete run...
2026-07-02 16:01:20,129 - INFO - Successfully extracted 1 data row(s) for wave information processing.
2026-07-02 16:01:20,129 - INFO - Processing row 1: {'Plant': 1081, 'Environment': 'PROD', 'Wave_number': 'W07022026000000000004;W07022026000000000003;W07022026000000000002;W07022026000000000001;W07012026000000000004;W07012026000000000003'}
2026-07-02 16:01:20,334 - INFO - Processing Task 1/1: Plant 1081 (PROD)
2026-07-02 16:01:20,791 - INFO - Successfully retrieved token.
2026-07-02 16:01:20,791 - INFO - Sending payload to URL: https://nikeaplawmprod1.sce.manh.com/pickpack/api/pickpack/olpn/search
2026-07-02 16:01:21,023 - INFO - Successfully received response for Plant 1081 (PROD)
2026-07-02 16:01:21,352 - INFO - Sending payload to URL: https://nikeaplawmprod1.sce.manh.com/task/api/task/taskDetail/search
2026-07-02 16:01:21,550 - INFO - -> Success: True, Message: None
2026-07-02 16:01:21,555 - INFO - Processing Task 1/1: Plant 1081 (PROD)
2026-07-02 16:01:21,905 - INFO - Successfully retrieved token.
2026-07-02 16:01:21,906 - INFO - Sending payload to URL: https://nikeaplawmprod1.sce.manh.com/pickpack/api/pickpack/olpn/search
2026-07-02 16:01:22,118 - INFO - Successfully received response for Plant 1081 (PROD)
2026-07-02 16:01:22,118 - INFO - Success: Found 9 oLPN row(s) for this task.
2026-07-02 16:01:22,120 - INFO - Processing 9 payloads for Environment: PROD
2026-07-02 16:01:22,518 - INFO - Successfully retrieved token for PROD environment.
2026-07-02 16:01:22,518 - INFO - Sending payloads to URL: https://nikeaplawmprod1.sce.manh.com/pickpack/api/ServiceDefinition/invoke/NIKEEX10PackResultCS_1081
2026-07-02 16:01:22,518 - INFO - Using 9 worker threads for 9 payloads.
2026-07-02 16:01:22,518 - INFO - [PROD] Processing Payload 1/9 for Plant 1081
2026-07-02 16:01:22,519 - INFO - [PROD] Processing Payload 2/9 for Plant 1081
2026-07-02 16:01:22,519 - INFO - [PROD] Processing Payload 3/9 for Plant 1081
2026-07-02 16:01:22,520 - INFO - [PROD] Processing Payload 4/9 for Plant 1081
2026-07-02 16:01:22,520 - INFO - [PROD] Processing Payload 5/9 for Plant 1081
2026-07-02 16:01:22,521 - INFO - [PROD] Processing Payload 6/9 for Plant 1081
2026-07-02 16:01:22,523 - INFO - [PROD] Processing Payload 7/9 for Plant 1081
2026-07-02 16:01:22,524 - INFO - [PROD] Processing Payload 8/9 for Plant 1081
2026-07-02 16:01:22,524 - INFO - [PROD] Processing Payload 9/9 for Plant 1081
2026-07-02 16:01:23,935 - INFO - Pack Complete run finished. Success: 9, Failed: 0, Total: 9
2026-07-02 16:01:23,936 - INFO - Pack Complete run finished.
2026-07-02 16:01:23,936 - INFO - Waiting 20 seconds before next run...
2026-07-02 16:01:43,941 - INFO - Starting Pack Complete run...
2026-07-02 16:01:44,178 - INFO - Successfully extracted 1 data row(s) for wave information processing.
2026-07-02 16:01:44,178 - INFO - Processing row 1: {'Plant': 1081, 'Environment': 'PROD', 'Wave_number': 'W07022026000000000004;W07022026000000000003;W07022026000000000002;W07022026000000000001;W07012026000000000004;W07012026000000000003'}
2026-07-02 16:01:44,401 - INFO - Processing Task 1/1: Plant 1081 (PROD)
2026-07-02 16:01:44,843 - INFO - Successfully retrieved token.
2026-07-02 16:01:44,843 - INFO - Sending payload to URL: https://nikeaplawmprod1.sce.manh.com/pickpack/api/pickpack/olpn/search
2026-07-02 16:01:45,060 - INFO - Successfully received response for Plant 1081 (PROD)
2026-07-02 16:01:45,441 - INFO - Sending payload to URL: https://nikeaplawmprod1.sce.manh.com/task/api/task/taskDetail/search
2026-07-02 16:01:45,661 - INFO - -> Success: True, Message: None
2026-07-02 16:01:45,662 - INFO - Processing Task 1/1: Plant 1081 (PROD)
2026-07-02 16:01:46,070 - INFO - Successfully retrieved token.
2026-07-02 16:01:46,070 - INFO - Sending payload to URL: https://nikeaplawmprod1.sce.manh.com/pickpack/api/pickpack/olpn/search
2026-07-02 16:01:46,280 - INFO - Successfully received response for Plant 1081 (PROD)
2026-07-02 16:01:46,282 - INFO - Success: Found 17 oLPN row(s) for this task.
2026-07-02 16:01:46,284 - INFO - Processing 17 payloads for Environment: PROD
2026-07-02 16:01:46,652 - INFO - Successfully retrieved token for PROD environment.
2026-07-02 16:01:46,652 - INFO - Sending payloads to URL: https://nikeaplawmprod1.sce.manh.com/pickpack/api/ServiceDefinition/invoke/NIKEEX10PackResultCS_1081
2026-07-02 16:01:46,652 - INFO - Using 10 worker threads for 17 payloads.
2026-07-02 16:01:46,653 - INFO - [PROD] Processing Payload 1/17 for Plant 1081
2026-07-02 16:01:46,653 - INFO - [PROD] Processing Payload 2/17 for Plant 1081
2026-07-02 16:01:46,654 - INFO - [PROD] Processing Payload 3/17 for Plant 1081
2026-07-02 16:01:46,655 - INFO - [PROD] Processing Payload 4/17 for Plant 1081
2026-07-02 16:01:46,656 - INFO - [PROD] Processing Payload 5/17 for Plant 1081
2026-07-02 16:01:46,657 - INFO - [PROD] Processing Payload 6/17 for Plant 1081
2026-07-02 16:01:46,657 - INFO - [PROD] Processing Payload 7/17 for Plant 1081
2026-07-02 16:01:46,658 - INFO - [PROD] Processing Payload 8/17 for Plant 1081
2026-07-02 16:01:46,660 - INFO - [PROD] Processing Payload 9/17 for Plant 1081
2026-07-02 16:01:46,663 - INFO - [PROD] Processing Payload 10/17 for Plant 1081
2026-07-02 16:01:48,019 - INFO - [PROD] Processing Payload 11/17 for Plant 1081
2026-07-02 16:01:48,022 - INFO - [PROD] Processing Payload 12/17 for Plant 1081
2026-07-02 16:01:48,027 - INFO - [PROD] Processing Payload 13/17 for Plant 1081
2026-07-02 16:01:48,030 - INFO - [PROD] Processing Payload 14/17 for Plant 1081
2026-07-02 16:01:48,032 - INFO - [PROD] Processing Payload 15/17 for Plant 1081
2026-07-02 16:01:48,034 - INFO - [PROD] Processing Payload 16/17 for Plant 1081
2026-07-02 16:01:48,045 - INFO - [PROD] Processing Payload 17/17 for Plant 1081
2026-07-02 16:01:49,167 - INFO - Pack Complete run finished. Success: 17, Failed: 0, Total: 17
2026-07-02 16:01:49,168 - INFO - Pack Complete run finished.
2026-07-02 16:01:49,168 - INFO - Waiting 20 seconds before next run...
2026-07-02 16:02:09,173 - INFO - Starting Pack Complete run...
2026-07-02 16:02:09,405 - INFO - Successfully extracted 1 data row(s) for wave information processing.
2026-07-02 16:02:09,405 - INFO - Processing row 1: {'Plant': 1081, 'Environment': 'PROD', 'Wave_number': 'W07022026000000000004;W07022026000000000003;W07022026000000000002;W07022026000000000001;W07012026000000000004;W07012026000000000003'}
2026-07-02 16:02:09,606 - INFO - Processing Task 1/1: Plant 1081 (PROD)
2026-07-02 16:02:10,033 - INFO - Successfully retrieved token.
2026-07-02 16:02:10,033 - INFO - Sending payload to URL: https://nikeaplawmprod1.sce.manh.com/pickpack/api/pickpack/olpn/search
2026-07-02 16:02:10,248 - INFO - Successfully received response for Plant 1081 (PROD)
2026-07-02 16:02:10,647 - INFO - Sending payload to URL: https://nikeaplawmprod1.sce.manh.com/task/api/task/taskDetail/search
2026-07-02 16:02:10,834 - INFO - -> Success: True, Message: None
2026-07-02 16:02:10,837 - INFO - Processing Task 1/1: Plant 1081 (PROD)
2026-07-02 16:02:11,264 - INFO - Successfully retrieved token.
2026-07-02 16:02:11,265 - INFO - Sending payload to URL: https://nikeaplawmprod1.sce.manh.com/pickpack/api/pickpack/olpn/search
2026-07-02 16:02:11,485 - INFO - Successfully received response for Plant 1081 (PROD)
2026-07-02 16:02:11,487 - INFO - Success: Found 11 oLPN row(s) for this task.
2026-07-02 16:02:11,489 - INFO - Processing 11 payloads for Environment: PROD
2026-07-02 16:02:11,833 - INFO - Successfully retrieved token for PROD environment.
2026-07-02 16:02:11,834 - INFO - Sending payloads to URL: https://nikeaplawmprod1.sce.manh.com/pickpack/api/ServiceDefinition/invoke/NIKEEX10PackResultCS_1081
2026-07-02 16:02:11,834 - INFO - Using 10 worker threads for 11 payloads.
2026-07-02 16:02:11,834 - INFO - [PROD] Processing Payload 1/11 for Plant 1081
2026-07-02 16:02:11,834 - INFO - [PROD] Processing Payload 2/11 for Plant 1081
2026-07-02 16:02:11,835 - INFO - [PROD] Processing Payload 3/11 for Plant 1081
2026-07-02 16:02:11,835 - INFO - [PROD] Processing Payload 4/11 for Plant 1081
2026-07-02 16:02:11,838 - INFO - [PROD] Processing Payload 5/11 for Plant 1081
2026-07-02 16:02:11,840 - INFO - [PROD] Processing Payload 6/11 for Plant 1081
2026-07-02 16:02:11,840 - INFO - [PROD] Processing Payload 7/11 for Plant 1081
2026-07-02 16:02:11,842 - INFO - [PROD] Processing Payload 8/11 for Plant 1081
2026-07-02 16:02:11,842 - INFO - [PROD] Processing Payload 9/11 for Plant 1081
2026-07-02 16:02:11,843 - INFO - [PROD] Processing Payload 10/11 for Plant 1081
2026-07-02 16:02:13,106 - INFO - [PROD] Processing Payload 11/11 for Plant 1081
2026-07-02 16:02:13,716 - INFO - Pack Complete run finished. Success: 11, Failed: 0, Total: 11
2026-07-02 16:02:13,716 - INFO - Pack Complete run finished.
2026-07-02 16:02:13,716 - INFO - Waiting 20 seconds before next run...
2026-07-02 16:02:33,722 - INFO - Starting Pack Complete run...
2026-07-02 16:02:33,957 - INFO - Successfully extracted 1 data row(s) for wave information processing.
2026-07-02 16:02:33,957 - INFO - Processing row 1: {'Plant': 1081, 'Environment': 'PROD', 'Wave_number': 'W07022026000000000004;W07022026000000000003;W07022026000000000002;W07022026000000000001;W07012026000000000004;W07012026000000000003'}
2026-07-02 16:02:34,180 - INFO - Processing Task 1/1: Plant 1081 (PROD)
2026-07-02 16:02:34,706 - INFO - Successfully retrieved token.
2026-07-02 16:02:34,706 - INFO - Sending payload to URL: https://nikeaplawmprod1.sce.manh.com/pickpack/api/pickpack/olpn/search
2026-07-02 16:02:34,912 - INFO - Successfully received response for Plant 1081 (PROD)
2026-07-02 16:02:35,325 - INFO - Sending payload to URL: https://nikeaplawmprod1.sce.manh.com/task/api/task/taskDetail/search
2026-07-02 16:02:35,550 - INFO - -> Success: True, Message: None
2026-07-02 16:02:35,553 - INFO - Processing Task 1/1: Plant 1081 (PROD)
2026-07-02 16:02:36,006 - INFO - Successfully retrieved token.
2026-07-02 16:02:36,007 - INFO - Sending payload to URL: https://nikeaplawmprod1.sce.manh.com/pickpack/api/pickpack/olpn/search
2026-07-02 16:02:36,211 - INFO - Successfully received response for Plant 1081 (PROD)
2026-07-02 16:02:36,212 - INFO - Success: Found 13 oLPN row(s) for this task.
2026-07-02 16:02:36,213 - INFO - Processing 13 payloads for Environment: PROD
2026-07-02 16:02:36,553 - INFO - Successfully retrieved token for PROD environment.
2026-07-02 16:02:36,553 - INFO - Sending payloads to URL: https://nikeaplawmprod1.sce.manh.com/pickpack/api/ServiceDefinition/invoke/NIKEEX10PackResultCS_1081
2026-07-02 16:02:36,554 - INFO - Using 10 worker threads for 13 payloads.
2026-07-02 16:02:36,554 - INFO - [PROD] Processing Payload 1/13 for Plant 1081
2026-07-02 16:02:36,554 - INFO - [PROD] Processing Payload 2/13 for Plant 1081
2026-07-02 16:02:36,555 - INFO - [PROD] Processing Payload 3/13 for Plant 1081
2026-07-02 16:02:36,556 - INFO - [PROD] Processing Payload 4/13 for Plant 1081
2026-07-02 16:02:36,558 - INFO - [PROD] Processing Payload 5/13 for Plant 1081
2026-07-02 16:02:36,559 - INFO - [PROD] Processing Payload 6/13 for Plant 1081
2026-07-02 16:02:36,560 - INFO - [PROD] Processing Payload 7/13 for Plant 1081
2026-07-02 16:02:36,561 - INFO - [PROD] Processing Payload 8/13 for Plant 1081
2026-07-02 16:02:36,561 - INFO - [PROD] Processing Payload 9/13 for Plant 1081
2026-07-02 16:02:36,562 - INFO - [PROD] Processing Payload 10/13 for Plant 1081
2026-07-02 16:02:37,680 - INFO - [PROD] Processing Payload 11/13 for Plant 1081
2026-07-02 16:02:37,843 - INFO - [PROD] Processing Payload 12/13 for Plant 1081
2026-07-02 16:02:37,850 - INFO - [PROD] Processing Payload 13/13 for Plant 1081
2026-07-02 16:02:38,453 - INFO - Pack Complete run finished. Success: 13, Failed: 0, Total: 13
2026-07-02 16:02:38,454 - INFO - Pack Complete run finished.
2026-07-02 16:02:38,454 - INFO - Waiting 20 seconds before next run...
2026-07-02 16:02:58,459 - INFO - Starting Pack Complete run...
2026-07-02 16:02:58,686 - INFO - Successfully extracted 1 data row(s) for wave information processing.
2026-07-02 16:02:58,686 - INFO - Processing row 1: {'Plant': 1081, 'Environment': 'PROD', 'Wave_number': 'W07022026000000000004;W07022026000000000003;W07022026000000000002;W07022026000000000001;W07012026000000000004;W07012026000000000003'}
2026-07-02 16:02:58,885 - INFO - Processing Task 1/1: Plant 1081 (PROD)
2026-07-02 16:02:59,309 - INFO - Successfully retrieved token.
2026-07-02 16:02:59,309 - INFO - Sending payload to URL: https://nikeaplawmprod1.sce.manh.com/pickpack/api/pickpack/olpn/search
2026-07-02 16:02:59,528 - INFO - Successfully received response for Plant 1081 (PROD)
2026-07-02 16:02:59,883 - INFO - Sending payload to URL: https://nikeaplawmprod1.sce.manh.com/task/api/task/taskDetail/search
2026-07-02 16:03:00,083 - INFO - -> Success: True, Message: None
2026-07-02 16:03:00,084 - INFO - Processing Task 1/1: Plant 1081 (PROD)
2026-07-02 16:03:00,483 - INFO - Successfully retrieved token.
2026-07-02 16:03:00,483 - INFO - Sending payload to URL: https://nikeaplawmprod1.sce.manh.com/pickpack/api/pickpack/olpn/search
2026-07-02 16:03:00,706 - INFO - Successfully received response for Plant 1081 (PROD)
2026-07-02 16:03:00,706 - INFO - Success: Found 14 oLPN row(s) for this task.
2026-07-02 16:03:00,708 - INFO - Processing 14 payloads for Environment: PROD
2026-07-02 16:03:01,130 - INFO - Successfully retrieved token for PROD environment.
2026-07-02 16:03:01,131 - INFO - Sending payloads to URL: https://nikeaplawmprod1.sce.manh.com/pickpack/api/ServiceDefinition/invoke/NIKEEX10PackResultCS_1081
2026-07-02 16:03:01,131 - INFO - Using 10 worker threads for 14 payloads.
2026-07-02 16:03:01,131 - INFO - [PROD] Processing Payload 1/14 for Plant 1081
2026-07-02 16:03:01,131 - INFO - [PROD] Processing Payload 2/14 for Plant 1081
2026-07-02 16:03:01,132 - INFO - [PROD] Processing Payload 3/14 for Plant 1081
2026-07-02 16:03:01,133 - INFO - [PROD] Processing Payload 4/14 for Plant 1081
2026-07-02 16:03:01,134 - INFO - [PROD] Processing Payload 5/14 for Plant 1081
2026-07-02 16:03:01,136 - INFO - [PROD] Processing Payload 6/14 for Plant 1081
2026-07-02 16:03:01,136 - INFO - [PROD] Processing Payload 7/14 for Plant 1081
2026-07-02 16:03:01,137 - INFO - [PROD] Processing Payload 8/14 for Plant 1081
2026-07-02 16:03:01,137 - INFO - [PROD] Processing Payload 9/14 for Plant 1081
2026-07-02 16:03:01,138 - INFO - [PROD] Processing Payload 10/14 for Plant 1081
2026-07-02 16:03:02,462 - INFO - [PROD] Processing Payload 11/14 for Plant 1081
2026-07-02 16:03:02,489 - INFO - [PROD] Processing Payload 12/14 for Plant 1081
2026-07-02 16:03:02,499 - INFO - [PROD] Processing Payload 13/14 for Plant 1081
2026-07-02 16:03:02,511 - INFO - [PROD] Processing Payload 14/14 for Plant 1081
2026-07-02 16:03:03,184 - INFO - Pack Complete run finished. Success: 14, Failed: 0, Total: 14
2026-07-02 16:03:03,185 - INFO - Pack Complete run finished.
2026-07-02 16:03:03,185 - INFO - Waiting 20 seconds before next run...
2026-07-02 16:03:23,186 - INFO - Starting Pack Complete run...
2026-07-02 16:03:23,414 - INFO - Successfully extracted 1 data row(s) for wave information processing.
2026-07-02 16:03:23,414 - INFO - Processing row 1: {'Plant': 1081, 'Environment': 'PROD', 'Wave_number': 'W07022026000000000004;W07022026000000000003;W07022026000000000002;W07022026000000000001;W07012026000000000004;W07012026000000000003'}
2026-07-02 16:03:23,635 - INFO - Processing Task 1/1: Plant 1081 (PROD)
2026-07-02 16:03:23,984 - INFO - Successfully retrieved token.
2026-07-02 16:03:23,984 - INFO - Sending payload to URL: https://nikeaplawmprod1.sce.manh.com/pickpack/api/pickpack/olpn/search
2026-07-02 16:03:24,203 - INFO - Successfully received response for Plant 1081 (PROD)
2026-07-02 16:03:24,686 - INFO - Sending payload to URL: https://nikeaplawmprod1.sce.manh.com/task/api/task/taskDetail/search
2026-07-02 16:03:24,907 - INFO - -> Success: True, Message: None
2026-07-02 16:03:24,910 - INFO - Processing Task 1/1: Plant 1081 (PROD)
2026-07-02 16:03:25,297 - INFO - Successfully retrieved token.
2026-07-02 16:03:25,298 - INFO - Sending payload to URL: https://nikeaplawmprod1.sce.manh.com/pickpack/api/pickpack/olpn/search
2026-07-02 16:03:25,517 - INFO - Successfully received response for Plant 1081 (PROD)
2026-07-02 16:03:25,519 - INFO - Success: Found 11 oLPN row(s) for this task.
2026-07-02 16:03:25,522 - INFO - Processing 11 payloads for Environment: PROD
2026-07-02 16:03:25,869 - INFO - Successfully retrieved token for PROD environment.
2026-07-02 16:03:25,870 - INFO - Sending payloads to URL: https://nikeaplawmprod1.sce.manh.com/pickpack/api/ServiceDefinition/invoke/NIKEEX10PackResultCS_1081
2026-07-02 16:03:25,870 - INFO - Using 10 worker threads for 11 payloads.
2026-07-02 16:03:25,870 - INFO - [PROD] Processing Payload 1/11 for Plant 1081
2026-07-02 16:03:25,870 - INFO - [PROD] Processing Payload 2/11 for Plant 1081
2026-07-02 16:03:25,872 - INFO - [PROD] Processing Payload 3/11 for Plant 1081
2026-07-02 16:03:25,872 - INFO - [PROD] Processing Payload 4/11 for Plant 1081
2026-07-02 16:03:25,872 - INFO - [PROD] Processing Payload 5/11 for Plant 1081
2026-07-02 16:03:25,873 - INFO - [PROD] Processing Payload 6/11 for Plant 1081
2026-07-02 16:03:25,874 - INFO - [PROD] Processing Payload 7/11 for Plant 1081
2026-07-02 16:03:25,875 - INFO - [PROD] Processing Payload 8/11 for Plant 1081
2026-07-02 16:03:25,875 - INFO - [PROD] Processing Payload 9/11 for Plant 1081
2026-07-02 16:03:25,876 - INFO - [PROD] Processing Payload 10/11 for Plant 1081
2026-07-02 16:03:27,348 - INFO - [PROD] Processing Payload 11/11 for Plant 1081
2026-07-02 16:03:27,956 - INFO - Pack Complete run finished. Success: 11, Failed: 0, Total: 11
2026-07-02 16:03:27,957 - INFO - Pack Complete run finished.
2026-07-02 16:03:27,957 - INFO - Waiting 20 seconds before next run...
2026-07-02 16:03:47,962 - INFO - Starting Pack Complete run...
2026-07-02 16:03:48,201 - INFO - Successfully extracted 1 data row(s) for wave information processing.
2026-07-02 16:03:48,201 - INFO - Processing row 1: {'Plant': 1081, 'Environment': 'PROD', 'Wave_number': 'W07022026000000000004;W07022026000000000003;W07022026000000000002;W07022026000000000001;W07012026000000000004;W07012026000000000003'}
2026-07-02 16:03:48,404 - INFO - Processing Task 1/1: Plant 1081 (PROD)
2026-07-02 16:03:48,847 - INFO - Successfully retrieved token.
2026-07-02 16:03:48,847 - INFO - Sending payload to URL: https://nikeaplawmprod1.sce.manh.com/pickpack/api/pickpack/olpn/search
2026-07-02 16:03:49,063 - INFO - Successfully received response for Plant 1081 (PROD)
2026-07-02 16:03:49,442 - INFO - Sending payload to URL: https://nikeaplawmprod1.sce.manh.com/task/api/task/taskDetail/search
2026-07-02 16:03:49,668 - INFO - -> Success: True, Message: None
2026-07-02 16:03:49,672 - INFO - Processing Task 1/1: Plant 1081 (PROD)
2026-07-02 16:03:50,076 - INFO - Successfully retrieved token.
2026-07-02 16:03:50,077 - INFO - Sending payload to URL: https://nikeaplawmprod1.sce.manh.com/pickpack/api/pickpack/olpn/search
2026-07-02 16:03:50,297 - INFO - Successfully received response for Plant 1081 (PROD)
2026-07-02 16:03:50,298 - INFO - Success: Found 10 oLPN row(s) for this task.
2026-07-02 16:03:50,300 - INFO - Processing 10 payloads for Environment: PROD
2026-07-02 16:03:50,701 - INFO - Successfully retrieved token for PROD environment.
2026-07-02 16:03:50,702 - INFO - Sending payloads to URL: https://nikeaplawmprod1.sce.manh.com/pickpack/api/ServiceDefinition/invoke/NIKEEX10PackResultCS_1081
2026-07-02 16:03:50,702 - INFO - Using 10 worker threads for 10 payloads.
2026-07-02 16:03:50,702 - INFO - [PROD] Processing Payload 1/10 for Plant 1081
2026-07-02 16:03:50,703 - INFO - [PROD] Processing Payload 2/10 for Plant 1081
2026-07-02 16:03:50,704 - INFO - [PROD] Processing Payload 3/10 for Plant 1081
2026-07-02 16:03:50,705 - INFO - [PROD] Processing Payload 4/10 for Plant 1081
2026-07-02 16:03:50,707 - INFO - [PROD] Processing Payload 5/10 for Plant 1081
2026-07-02 16:03:50,707 - INFO - [PROD] Processing Payload 6/10 for Plant 1081
2026-07-02 16:03:50,708 - INFO - [PROD] Processing Payload 7/10 for Plant 1081
2026-07-02 16:03:50,710 - INFO - [PROD] Processing Payload 8/10 for Plant 1081
2026-07-02 16:03:50,710 - INFO - [PROD] Processing Payload 9/10 for Plant 1081
2026-07-02 16:03:50,710 - INFO - [PROD] Processing Payload 10/10 for Plant 1081
2026-07-02 16:03:52,144 - INFO - Pack Complete run finished. Success: 10, Failed: 0, Total: 10
2026-07-02 16:03:52,145 - INFO - Pack Complete run finished.
2026-07-02 16:03:52,145 - INFO - Waiting 20 seconds before next run...
2026-07-02 16:04:12,150 - INFO - Starting Pack Complete run...
2026-07-02 16:04:12,380 - INFO - Successfully extracted 1 data row(s) for wave information processing.
2026-07-02 16:04:12,380 - INFO - Processing row 1: {'Plant': 1081, 'Environment': 'PROD', 'Wave_number': 'W07022026000000000004;W07022026000000000003;W07022026000000000002;W07022026000000000001;W07012026000000000004;W07012026000000000003'}
2026-07-02 16:04:12,604 - INFO - Processing Task 1/1: Plant 1081 (PROD)
2026-07-02 16:04:12,985 - INFO - Successfully retrieved token.
2026-07-02 16:04:12,986 - INFO - Sending payload to URL: https://nikeaplawmprod1.sce.manh.com/pickpack/api/pickpack/olpn/search
2026-07-02 16:04:13,215 - INFO - Successfully received response for Plant 1081 (PROD)
2026-07-02 16:04:13,578 - INFO - Sending payload to URL: https://nikeaplawmprod1.sce.manh.com/task/api/task/taskDetail/search
2026-07-02 16:04:13,775 - INFO - -> Success: True, Message: None
2026-07-02 16:04:13,779 - INFO - Processing Task 1/1: Plant 1081 (PROD)
2026-07-02 16:04:14,135 - INFO - Successfully retrieved token.
2026-07-02 16:04:14,136 - INFO - Sending payload to URL: https://nikeaplawmprod1.sce.manh.com/pickpack/api/pickpack/olpn/search
2026-07-02 16:04:14,343 - INFO - Successfully received response for Plant 1081 (PROD)
2026-07-02 16:04:14,345 - INFO - Success: Found 8 oLPN row(s) for this task.
2026-07-02 16:04:14,350 - INFO - Processing 8 payloads for Environment: PROD
2026-07-02 16:04:14,756 - INFO - Successfully retrieved token for PROD environment.
2026-07-02 16:04:14,757 - INFO - Sending payloads to URL: https://nikeaplawmprod1.sce.manh.com/pickpack/api/ServiceDefinition/invoke/NIKEEX10PackResultCS_1081
2026-07-02 16:04:14,757 - INFO - Using 8 worker threads for 8 payloads.
2026-07-02 16:04:14,757 - INFO - [PROD] Processing Payload 1/8 for Plant 1081
2026-07-02 16:04:14,757 - INFO - [PROD] Processing Payload 2/8 for Plant 1081
2026-07-02 16:04:14,758 - INFO - [PROD] Processing Payload 3/8 for Plant 1081
2026-07-02 16:04:14,758 - INFO - [PROD] Processing Payload 4/8 for Plant 1081
2026-07-02 16:04:14,760 - INFO - [PROD] Processing Payload 5/8 for Plant 1081
2026-07-02 16:04:14,762 - INFO - [PROD] Processing Payload 6/8 for Plant 1081
2026-07-02 16:04:14,762 - INFO - [PROD] Processing Payload 7/8 for Plant 1081
2026-07-02 16:04:14,764 - INFO - [PROD] Processing Payload 8/8 for Plant 1081
2026-07-02 16:04:16,177 - INFO - Pack Complete run finished. Success: 8, Failed: 0, Total: 8
2026-07-02 16:04:16,177 - INFO - Pack Complete run finished.
2026-07-02 16:04:16,177 - INFO - Waiting 20 seconds before next run...
2026-07-02 16:04:36,187 - INFO - Starting Pack Complete run...
2026-07-02 16:04:36,421 - INFO - Successfully extracted 1 data row(s) for wave information processing.
2026-07-02 16:04:36,421 - INFO - Processing row 1: {'Plant': 1081, 'Environment': 'PROD', 'Wave_number': 'W07022026000000000004;W07022026000000000003;W07022026000000000002;W07022026000000000001;W07012026000000000004;W07012026000000000003'}
2026-07-02 16:04:36,625 - INFO - Processing Task 1/1: Plant 1081 (PROD)
2026-07-02 16:04:37,069 - INFO - Successfully retrieved token.
2026-07-02 16:04:37,070 - INFO - Sending payload to URL: https://nikeaplawmprod1.sce.manh.com/pickpack/api/pickpack/olpn/search
2026-07-02 16:04:37,292 - INFO - Successfully received response for Plant 1081 (PROD)
2026-07-02 16:04:37,628 - INFO - Sending payload to URL: https://nikeaplawmprod1.sce.manh.com/task/api/task/taskDetail/search
2026-07-02 16:04:37,850 - INFO - -> Success: True, Message: None
2026-07-02 16:04:37,853 - INFO - Processing Task 1/1: Plant 1081 (PROD)
2026-07-02 16:04:38,206 - INFO - Successfully retrieved token.
2026-07-02 16:04:38,206 - INFO - Sending payload to URL: https://nikeaplawmprod1.sce.manh.com/pickpack/api/pickpack/olpn/search
2026-07-02 16:04:38,419 - INFO - Successfully received response for Plant 1081 (PROD)
2026-07-02 16:04:38,420 - INFO - Success: Found 10 oLPN row(s) for this task.
2026-07-02 16:04:38,423 - INFO - Processing 10 payloads for Environment: PROD
2026-07-02 16:04:38,760 - INFO - Successfully retrieved token for PROD environment.
2026-07-02 16:04:38,760 - INFO - Sending payloads to URL: https://nikeaplawmprod1.sce.manh.com/pickpack/api/ServiceDefinition/invoke/NIKEEX10PackResultCS_1081
2026-07-02 16:04:38,760 - INFO - Using 10 worker threads for 10 payloads.
2026-07-02 16:04:38,761 - INFO - [PROD] Processing Payload 1/10 for Plant 1081
2026-07-02 16:04:38,761 - INFO - [PROD] Processing Payload 2/10 for Plant 1081
2026-07-02 16:04:38,762 - INFO - [PROD] Processing Payload 3/10 for Plant 1081
2026-07-02 16:04:38,763 - INFO - [PROD] Processing Payload 4/10 for Plant 1081
2026-07-02 16:04:38,764 - INFO - [PROD] Processing Payload 5/10 for Plant 1081
2026-07-02 16:04:38,764 - INFO - [PROD] Processing Payload 6/10 for Plant 1081
2026-07-02 16:04:38,765 - INFO - [PROD] Processing Payload 7/10 for Plant 1081
2026-07-02 16:04:38,767 - INFO - [PROD] Processing Payload 8/10 for Plant 1081
2026-07-02 16:04:38,767 - INFO - [PROD] Processing Payload 9/10 for Plant 1081
2026-07-02 16:04:38,768 - INFO - [PROD] Processing Payload 10/10 for Plant 1081
2026-07-02 16:04:40,282 - INFO - Pack Complete run finished. Success: 10, Failed: 0, Total: 10
2026-07-02 16:04:40,282 - INFO - Pack Complete run finished.
2026-07-02 16:04:40,282 - INFO - Waiting 20 seconds before next run...
2026-07-02 16:05:00,292 - INFO - Starting Pack Complete run...
2026-07-02 16:05:00,518 - INFO - Successfully extracted 1 data row(s) for wave information processing.
2026-07-02 16:05:00,518 - INFO - Processing row 1: {'Plant': 1081, 'Environment': 'PROD', 'Wave_number': 'W07022026000000000004;W07022026000000000003;W07022026000000000002;W07022026000000000001;W07012026000000000004;W07012026000000000003'}
2026-07-02 16:05:00,740 - INFO - Processing Task 1/1: Plant 1081 (PROD)
2026-07-02 16:05:01,141 - INFO - Successfully retrieved token.
2026-07-02 16:05:01,141 - INFO - Sending payload to URL: https://nikeaplawmprod1.sce.manh.com/pickpack/api/pickpack/olpn/search
2026-07-02 16:05:01,369 - INFO - Successfully received response for Plant 1081 (PROD)
2026-07-02 16:05:01,711 - INFO - Sending payload to URL: https://nikeaplawmprod1.sce.manh.com/task/api/task/taskDetail/search
2026-07-02 16:05:01,929 - INFO - -> Success: True, Message: None
2026-07-02 16:05:01,931 - INFO - Processing Task 1/1: Plant 1081 (PROD)
2026-07-02 16:05:02,268 - INFO - Successfully retrieved token.
2026-07-02 16:05:02,268 - INFO - Sending payload to URL: https://nikeaplawmprod1.sce.manh.com/pickpack/api/pickpack/olpn/search
2026-07-02 16:05:02,474 - INFO - Successfully received response for Plant 1081 (PROD)
2026-07-02 16:05:02,476 - INFO - Success: Found 5 oLPN row(s) for this task.
2026-07-02 16:05:02,478 - INFO - Processing 5 payloads for Environment: PROD
2026-07-02 16:05:02,882 - INFO - Successfully retrieved token for PROD environment.
2026-07-02 16:05:02,882 - INFO - Sending payloads to URL: https://nikeaplawmprod1.sce.manh.com/pickpack/api/ServiceDefinition/invoke/NIKEEX10PackResultCS_1081
2026-07-02 16:05:02,882 - INFO - Using 5 worker threads for 5 payloads.
2026-07-02 16:05:02,883 - INFO - [PROD] Processing Payload 1/5 for Plant 1081
2026-07-02 16:05:02,883 - INFO - [PROD] Processing Payload 2/5 for Plant 1081
2026-07-02 16:05:02,883 - INFO - [PROD] Processing Payload 3/5 for Plant 1081
2026-07-02 16:05:02,885 - INFO - [PROD] Processing Payload 4/5 for Plant 1081
2026-07-02 16:05:02,886 - INFO - [PROD] Processing Payload 5/5 for Plant 1081
2026-07-02 16:05:03,969 - INFO - Pack Complete run finished. Success: 5, Failed: 0, Total: 5
2026-07-02 16:05:03,969 - INFO - Pack Complete run finished.
2026-07-02 16:05:03,969 - INFO - Waiting 20 seconds before next run...
2026-07-02 16:05:23,979 - INFO - Starting Pack Complete run...
2026-07-02 16:05:24,215 - INFO - Successfully extracted 1 data row(s) for wave information processing.
2026-07-02 16:05:24,215 - INFO - Processing row 1: {'Plant': 1081, 'Environment': 'PROD', 'Wave_number': 'W07022026000000000004;W07022026000000000003;W07022026000000000002;W07022026000000000001;W07012026000000000004;W07012026000000000003'}
2026-07-02 16:05:24,419 - INFO - Processing Task 1/1: Plant 1081 (PROD)
2026-07-02 16:05:24,795 - INFO - Successfully retrieved token.
2026-07-02 16:05:24,795 - INFO - Sending payload to URL: https://nikeaplawmprod1.sce.manh.com/pickpack/api/pickpack/olpn/search
2026-07-02 16:05:25,018 - INFO - Successfully received response for Plant 1081 (PROD)
2026-07-02 16:05:25,403 - INFO - Sending payload to URL: https://nikeaplawmprod1.sce.manh.com/task/api/task/taskDetail/search
2026-07-02 16:05:25,609 - INFO - -> Success: True, Message: None
2026-07-02 16:05:25,611 - INFO - Processing Task 1/1: Plant 1081 (PROD)
2026-07-02 16:05:25,989 - INFO - Successfully retrieved token.
2026-07-02 16:05:25,990 - INFO - Sending payload to URL: https://nikeaplawmprod1.sce.manh.com/pickpack/api/pickpack/olpn/search
2026-07-02 16:05:26,203 - INFO - Successfully received response for Plant 1081 (PROD)
2026-07-02 16:05:26,204 - INFO - Success: Found 8 oLPN row(s) for this task.
2026-07-02 16:05:26,206 - INFO - Processing 8 payloads for Environment: PROD
2026-07-02 16:05:26,639 - INFO - Successfully retrieved token for PROD environment.
2026-07-02 16:05:26,639 - INFO - Sending payloads to URL: https://nikeaplawmprod1.sce.manh.com/pickpack/api/ServiceDefinition/invoke/NIKEEX10PackResultCS_1081
2026-07-02 16:05:26,639 - INFO - Using 8 worker threads for 8 payloads.
2026-07-02 16:05:26,639 - INFO - [PROD] Processing Payload 1/8 for Plant 1081
2026-07-02 16:05:26,640 - INFO - [PROD] Processing Payload 2/8 for Plant 1081
2026-07-02 16:05:26,641 - INFO - [PROD] Processing Payload 3/8 for Plant 1081
2026-07-02 16:05:26,642 - INFO - [PROD] Processing Payload 4/8 for Plant 1081
2026-07-02 16:05:26,642 - INFO - [PROD] Processing Payload 5/8 for Plant 1081
2026-07-02 16:05:26,644 - INFO - [PROD] Processing Payload 6/8 for Plant 1081
2026-07-02 16:05:26,645 - INFO - [PROD] Processing Payload 7/8 for Plant 1081
2026-07-02 16:05:26,645 - INFO - [PROD] Processing Payload 8/8 for Plant 1081
2026-07-02 16:05:28,004 - INFO - Pack Complete run finished. Success: 8, Failed: 0, Total: 8
2026-07-02 16:05:28,004 - INFO - Pack Complete run finished.
2026-07-02 16:05:28,004 - INFO - Waiting 20 seconds before next run...
2026-07-02 16:05:48,014 - INFO - Starting Pack Complete run...
2026-07-02 16:05:48,249 - INFO - Successfully extracted 1 data row(s) for wave information processing.
2026-07-02 16:05:48,249 - INFO - Processing row 1: {'Plant': 1081, 'Environment': 'PROD', 'Wave_number': 'W07022026000000000004;W07022026000000000003;W07022026000000000002;W07022026000000000001;W07012026000000000004;W07012026000000000003'}
2026-07-02 16:05:48,467 - INFO - Processing Task 1/1: Plant 1081 (PROD)
2026-07-02 16:05:48,862 - INFO - Successfully retrieved token.
2026-07-02 16:05:48,862 - INFO - Sending payload to URL: https://nikeaplawmprod1.sce.manh.com/pickpack/api/pickpack/olpn/search
2026-07-02 16:05:49,091 - INFO - Successfully received response for Plant 1081 (PROD)
2026-07-02 16:05:49,478 - INFO - Sending payload to URL: https://nikeaplawmprod1.sce.manh.com/task/api/task/taskDetail/search
2026-07-02 16:05:49,678 - INFO - -> Success: True, Message: None
2026-07-02 16:05:49,681 - INFO - Processing Task 1/1: Plant 1081 (PROD)
2026-07-02 16:05:50,088 - INFO - Successfully retrieved token.
2026-07-02 16:05:50,088 - INFO - Sending payload to URL: https://nikeaplawmprod1.sce.manh.com/pickpack/api/pickpack/olpn/search
2026-07-02 16:05:50,312 - INFO - Successfully received response for Plant 1081 (PROD)
2026-07-02 16:05:50,313 - INFO - Success: Found 6 oLPN row(s) for this task.
2026-07-02 16:05:50,316 - INFO - Processing 6 payloads for Environment: PROD
2026-07-02 16:05:50,804 - INFO - Successfully retrieved token for PROD environment.
2026-07-02 16:05:50,805 - INFO - Sending payloads to URL: https://nikeaplawmprod1.sce.manh.com/pickpack/api/ServiceDefinition/invoke/NIKEEX10PackResultCS_1081
2026-07-02 16:05:50,805 - INFO - Using 6 worker threads for 6 payloads.
2026-07-02 16:05:50,805 - INFO - [PROD] Processing Payload 1/6 for Plant 1081
2026-07-02 16:05:50,805 - INFO - [PROD] Processing Payload 2/6 for Plant 1081
2026-07-02 16:05:50,806 - INFO - [PROD] Processing Payload 3/6 for Plant 1081
2026-07-02 16:05:50,806 - INFO - [PROD] Processing Payload 4/6 for Plant 1081
2026-07-02 16:05:50,807 - INFO - [PROD] Processing Payload 5/6 for Plant 1081
2026-07-02 16:05:50,807 - INFO - [PROD] Processing Payload 6/6 for Plant 1081
2026-07-02 16:05:51,945 - INFO - Pack Complete run finished. Success: 6, Failed: 0, Total: 6
2026-07-02 16:05:51,945 - INFO - Pack Complete run finished.
2026-07-02 16:05:51,945 - INFO - Waiting 20 seconds before next run...
2026-07-02 16:06:11,955 - INFO - Starting Pack Complete run...
2026-07-02 16:06:12,181 - INFO - Successfully extracted 1 data row(s) for wave information processing.
2026-07-02 16:06:12,181 - INFO - Processing row 1: {'Plant': 1081, 'Environment': 'PROD', 'Wave_number': 'W07022026000000000004;W07022026000000000003;W07022026000000000002;W07022026000000000001;W07012026000000000004;W07012026000000000003'}
2026-07-02 16:06:12,382 - INFO - Processing Task 1/1: Plant 1081 (PROD)
2026-07-02 16:06:12,722 - INFO - Successfully retrieved token.
2026-07-02 16:06:12,722 - INFO - Sending payload to URL: https://nikeaplawmprod1.sce.manh.com/pickpack/api/pickpack/olpn/search
2026-07-02 16:06:12,981 - INFO - Successfully received response for Plant 1081 (PROD)
2026-07-02 16:06:13,436 - INFO - Sending payload to URL: https://nikeaplawmprod1.sce.manh.com/task/api/task/taskDetail/search
2026-07-02 16:06:13,666 - INFO - -> Success: True, Message: None
2026-07-02 16:06:13,669 - INFO - Processing Task 1/1: Plant 1081 (PROD)
2026-07-02 16:06:14,043 - INFO - Successfully retrieved token.
2026-07-02 16:06:14,043 - INFO - Sending payload to URL: https://nikeaplawmprod1.sce.manh.com/pickpack/api/pickpack/olpn/search
2026-07-02 16:06:14,277 - INFO - Successfully received response for Plant 1081 (PROD)
2026-07-02 16:06:14,279 - INFO - Success: Found 13 oLPN row(s) for this task.
2026-07-02 16:06:14,281 - INFO - Processing 13 payloads for Environment: PROD
2026-07-02 16:06:14,768 - INFO - Successfully retrieved token for PROD environment.
2026-07-02 16:06:14,768 - INFO - Sending payloads to URL: https://nikeaplawmprod1.sce.manh.com/pickpack/api/ServiceDefinition/invoke/NIKEEX10PackResultCS_1081
2026-07-02 16:06:14,768 - INFO - Using 10 worker threads for 13 payloads.
2026-07-02 16:06:14,768 - INFO - [PROD] Processing Payload 1/13 for Plant 1081
2026-07-02 16:06:14,769 - INFO - [PROD] Processing Payload 2/13 for Plant 1081
2026-07-02 16:06:14,770 - INFO - [PROD] Processing Payload 3/13 for Plant 1081
2026-07-02 16:06:14,770 - INFO - [PROD] Processing Payload 4/13 for Plant 1081
2026-07-02 16:06:14,771 - INFO - [PROD] Processing Payload 5/13 for Plant 1081
2026-07-02 16:06:14,773 - INFO - [PROD] Processing Payload 6/13 for Plant 1081
2026-07-02 16:06:14,774 - INFO - [PROD] Processing Payload 7/13 for Plant 1081
2026-07-02 16:06:14,775 - INFO - [PROD] Processing Payload 8/13 for Plant 1081
2026-07-02 16:06:14,776 - INFO - [PROD] Processing Payload 9/13 for Plant 1081
2026-07-02 16:06:14,777 - INFO - [PROD] Processing Payload 10/13 for Plant 1081
2026-07-02 16:06:16,202 - INFO - [PROD] Processing Payload 11/13 for Plant 1081
2026-07-02 16:06:16,204 - INFO - [PROD] Processing Payload 12/13 for Plant 1081
2026-07-02 16:06:16,211 - INFO - [PROD] Processing Payload 13/13 for Plant 1081
2026-07-02 16:06:17,007 - INFO - Pack Complete run finished. Success: 13, Failed: 0, Total: 13
2026-07-02 16:06:17,007 - INFO - Pack Complete run finished.
2026-07-02 16:06:17,007 - INFO - Waiting 20 seconds before next run...
2026-07-02 16:06:37,017 - INFO - Starting Pack Complete run...
2026-07-02 16:06:37,252 - INFO - Successfully extracted 1 data row(s) for wave information processing.
2026-07-02 16:06:37,252 - INFO - Processing row 1: {'Plant': 1081, 'Environment': 'PROD', 'Wave_number': 'W07022026000000000004;W07022026000000000003;W07022026000000000002;W07022026000000000001;W07012026000000000004;W07012026000000000003'}
2026-07-02 16:06:37,473 - INFO - Processing Task 1/1: Plant 1081 (PROD)
2026-07-02 16:06:37,910 - INFO - Successfully retrieved token.
2026-07-02 16:06:37,910 - INFO - Sending payload to URL: https://nikeaplawmprod1.sce.manh.com/pickpack/api/pickpack/olpn/search
2026-07-02 16:06:38,123 - INFO - Successfully received response for Plant 1081 (PROD)
2026-07-02 16:06:38,523 - INFO - Sending payload to URL: https://nikeaplawmprod1.sce.manh.com/task/api/task/taskDetail/search
2026-07-02 16:06:38,738 - INFO - -> Success: True, Message: None
2026-07-02 16:06:38,741 - INFO - Processing Task 1/1: Plant 1081 (PROD)
2026-07-02 16:06:39,169 - INFO - Successfully retrieved token.
2026-07-02 16:06:39,170 - INFO - Sending payload to URL: https://nikeaplawmprod1.sce.manh.com/pickpack/api/pickpack/olpn/search
2026-07-02 16:06:39,399 - INFO - Successfully received response for Plant 1081 (PROD)
2026-07-02 16:06:39,400 - INFO - Success: Found 15 oLPN row(s) for this task.
2026-07-02 16:06:39,401 - INFO - Processing 15 payloads for Environment: PROD
2026-07-02 16:06:39,736 - INFO - Successfully retrieved token for PROD environment.
2026-07-02 16:06:39,737 - INFO - Sending payloads to URL: https://nikeaplawmprod1.sce.manh.com/pickpack/api/ServiceDefinition/invoke/NIKEEX10PackResultCS_1081
2026-07-02 16:06:39,737 - INFO - Using 10 worker threads for 15 payloads.
2026-07-02 16:06:39,737 - INFO - [PROD] Processing Payload 1/15 for Plant 1081
2026-07-02 16:06:39,737 - INFO - [PROD] Processing Payload 2/15 for Plant 1081
2026-07-02 16:06:39,738 - INFO - [PROD] Processing Payload 3/15 for Plant 1081
2026-07-02 16:06:39,740 - INFO - [PROD] Processing Payload 4/15 for Plant 1081
2026-07-02 16:06:39,741 - INFO - [PROD] Processing Payload 5/15 for Plant 1081
2026-07-02 16:06:39,742 - INFO - [PROD] Processing Payload 6/15 for Plant 1081
2026-07-02 16:06:39,742 - INFO - [PROD] Processing Payload 7/15 for Plant 1081
2026-07-02 16:06:39,743 - INFO - [PROD] Processing Payload 8/15 for Plant 1081
2026-07-02 16:06:39,744 - INFO - [PROD] Processing Payload 9/15 for Plant 1081
2026-07-02 16:06:39,745 - INFO - [PROD] Processing Payload 10/15 for Plant 1081
2026-07-02 16:06:41,084 - INFO - [PROD] Processing Payload 11/15 for Plant 1081
2026-07-02 16:06:41,086 - INFO - [PROD] Processing Payload 12/15 for Plant 1081
2026-07-02 16:06:41,089 - INFO - [PROD] Processing Payload 13/15 for Plant 1081
2026-07-02 16:06:41,101 - INFO - [PROD] Processing Payload 14/15 for Plant 1081
2026-07-02 16:06:41,105 - INFO - [PROD] Processing Payload 15/15 for Plant 1081
2026-07-02 16:06:41,936 - INFO - Pack Complete run finished. Success: 15, Failed: 0, Total: 15
2026-07-02 16:06:41,937 - INFO - Pack Complete run finished.
2026-07-02 16:06:41,937 - INFO - Waiting 20 seconds before next run...
2026-07-02 16:07:01,947 - INFO - Starting Pack Complete run...
2026-07-02 16:07:02,176 - INFO - Successfully extracted 1 data row(s) for wave information processing.
2026-07-02 16:07:02,176 - INFO - Processing row 1: {'Plant': 1081, 'Environment': 'PROD', 'Wave_number': 'W07022026000000000004;W07022026000000000003;W07022026000000000002;W07022026000000000001;W07012026000000000004;W07012026000000000003'}
2026-07-02 16:07:02,379 - INFO - Processing Task 1/1: Plant 1081 (PROD)
2026-07-02 16:07:02,794 - INFO - Successfully retrieved token.
2026-07-02 16:07:02,795 - INFO - Sending payload to URL: https://nikeaplawmprod1.sce.manh.com/pickpack/api/pickpack/olpn/search
2026-07-02 16:07:03,023 - INFO - Successfully received response for Plant 1081 (PROD)
2026-07-02 16:07:03,406 - INFO - Sending payload to URL: https://nikeaplawmprod1.sce.manh.com/task/api/task/taskDetail/search
2026-07-02 16:07:03,602 - INFO - -> Success: True, Message: None
2026-07-02 16:07:03,606 - INFO - Processing Task 1/1: Plant 1081 (PROD)
2026-07-02 16:07:03,982 - INFO - Successfully retrieved token.
2026-07-02 16:07:03,982 - INFO - Sending payload to URL: https://nikeaplawmprod1.sce.manh.com/pickpack/api/pickpack/olpn/search
2026-07-02 16:07:04,215 - INFO - Successfully received response for Plant 1081 (PROD)
2026-07-02 16:07:04,217 - INFO - Success: Found 12 oLPN row(s) for this task.
2026-07-02 16:07:04,218 - INFO - Processing 12 payloads for Environment: PROD
2026-07-02 16:07:04,636 - INFO - Successfully retrieved token for PROD environment.
2026-07-02 16:07:04,636 - INFO - Sending payloads to URL: https://nikeaplawmprod1.sce.manh.com/pickpack/api/ServiceDefinition/invoke/NIKEEX10PackResultCS_1081
2026-07-02 16:07:04,637 - INFO - Using 10 worker threads for 12 payloads.
2026-07-02 16:07:04,637 - INFO - [PROD] Processing Payload 1/12 for Plant 1081
2026-07-02 16:07:04,637 - INFO - [PROD] Processing Payload 2/12 for Plant 1081
2026-07-02 16:07:04,638 - INFO - [PROD] Processing Payload 3/12 for Plant 1081
2026-07-02 16:07:04,638 - INFO - [PROD] Processing Payload 4/12 for Plant 1081
2026-07-02 16:07:04,639 - INFO - [PROD] Processing Payload 5/12 for Plant 1081
2026-07-02 16:07:04,640 - INFO - [PROD] Processing Payload 6/12 for Plant 1081
2026-07-02 16:07:04,641 - INFO - [PROD] Processing Payload 7/12 for Plant 1081
2026-07-02 16:07:04,642 - INFO - [PROD] Processing Payload 8/12 for Plant 1081
2026-07-02 16:07:04,642 - INFO - [PROD] Processing Payload 9/12 for Plant 1081
2026-07-02 16:07:04,643 - INFO - [PROD] Processing Payload 10/12 for Plant 1081
2026-07-02 16:07:05,864 - INFO - [PROD] Processing Payload 11/12 for Plant 1081
2026-07-02 16:07:05,917 - INFO - [PROD] Processing Payload 12/12 for Plant 1081
2026-07-02 16:07:08,686 - INFO - Pack Complete run finished. Success: 12, Failed: 0, Total: 12
2026-07-02 16:07:08,686 - INFO - Pack Complete run finished.
2026-07-02 16:07:08,686 - INFO - Waiting 20 seconds before next run...
2026-07-02 16:07:28,696 - INFO - Starting Pack Complete run...
2026-07-02 16:07:28,927 - INFO - Successfully extracted 1 data row(s) for wave information processing.
2026-07-02 16:07:28,927 - INFO - Processing row 1: {'Plant': 1081, 'Environment': 'PROD', 'Wave_number': 'W07022026000000000004;W07022026000000000003;W07022026000000000002;W07022026000000000001;W07012026000000000004;W07012026000000000003'}
2026-07-02 16:07:29,149 - INFO - Processing Task 1/1: Plant 1081 (PROD)
2026-07-02 16:07:29,569 - INFO - Successfully retrieved token.
2026-07-02 16:07:29,569 - INFO - Sending payload to URL: https://nikeaplawmprod1.sce.manh.com/pickpack/api/pickpack/olpn/search
2026-07-02 16:07:29,795 - INFO - Successfully received response for Plant 1081 (PROD)
2026-07-02 16:07:30,159 - INFO - Sending payload to URL: https://nikeaplawmprod1.sce.manh.com/task/api/task/taskDetail/search
2026-07-02 16:07:30,375 - INFO - -> Success: True, Message: None
2026-07-02 16:07:30,379 - INFO - Processing Task 1/1: Plant 1081 (PROD)
2026-07-02 16:07:30,951 - INFO - Successfully retrieved token.
2026-07-02 16:07:30,951 - INFO - Sending payload to URL: https://nikeaplawmprod1.sce.manh.com/pickpack/api/pickpack/olpn/search
2026-07-02 16:07:31,185 - INFO - Successfully received response for Plant 1081 (PROD)
2026-07-02 16:07:31,187 - INFO - Success: Found 17 oLPN row(s) for this task.
2026-07-02 16:07:31,189 - INFO - Processing 17 payloads for Environment: PROD
2026-07-02 16:07:31,556 - INFO - Successfully retrieved token for PROD environment.
2026-07-02 16:07:31,556 - INFO - Sending payloads to URL: https://nikeaplawmprod1.sce.manh.com/pickpack/api/ServiceDefinition/invoke/NIKEEX10PackResultCS_1081
2026-07-02 16:07:31,556 - INFO - Using 10 worker threads for 17 payloads.
2026-07-02 16:07:31,556 - INFO - [PROD] Processing Payload 1/17 for Plant 1081
2026-07-02 16:07:31,557 - INFO - [PROD] Processing Payload 2/17 for Plant 1081
2026-07-02 16:07:31,557 - INFO - [PROD] Processing Payload 3/17 for Plant 1081
2026-07-02 16:07:31,557 - INFO - [PROD] Processing Payload 4/17 for Plant 1081
2026-07-02 16:07:31,558 - INFO - [PROD] Processing Payload 5/17 for Plant 1081
2026-07-02 16:07:31,560 - INFO - [PROD] Processing Payload 6/17 for Plant 1081
2026-07-02 16:07:31,561 - INFO - [PROD] Processing Payload 7/17 for Plant 1081
2026-07-02 16:07:31,563 - INFO - [PROD] Processing Payload 8/17 for Plant 1081
2026-07-02 16:07:31,563 - INFO - [PROD] Processing Payload 9/17 for Plant 1081
2026-07-02 16:07:31,564 - INFO - [PROD] Processing Payload 10/17 for Plant 1081
2026-07-02 16:07:32,876 - INFO - [PROD] Processing Payload 11/17 for Plant 1081
2026-07-02 16:07:32,991 - INFO - [PROD] Processing Payload 12/17 for Plant 1081
2026-07-02 16:07:32,998 - INFO - [PROD] Processing Payload 13/17 for Plant 1081
2026-07-02 16:07:33,056 - INFO - [PROD] Processing Payload 14/17 for Plant 1081
2026-07-02 16:07:33,057 - INFO - [PROD] Processing Payload 15/17 for Plant 1081
2026-07-02 16:07:33,071 - INFO - [PROD] Processing Payload 16/17 for Plant 1081
2026-07-02 16:07:33,091 - INFO - [PROD] Processing Payload 17/17 for Plant 1081
2026-07-02 16:07:33,811 - INFO - Pack Complete run finished. Success: 17, Failed: 0, Total: 17
2026-07-02 16:07:33,811 - INFO - Pack Complete run finished.
2026-07-02 16:07:33,811 - INFO - Waiting 20 seconds before next run...
2026-07-02 16:07:53,822 - INFO - Starting Pack Complete run...
2026-07-02 16:07:54,056 - INFO - Successfully extracted 1 data row(s) for wave information processing.
2026-07-02 16:07:54,056 - INFO - Processing row 1: {'Plant': 1081, 'Environment': 'PROD', 'Wave_number': 'W07022026000000000004;W07022026000000000003;W07022026000000000002;W07022026000000000001;W07012026000000000004;W07012026000000000003'}
2026-07-02 16:07:54,260 - INFO - Processing Task 1/1: Plant 1081 (PROD)
2026-07-02 16:07:54,606 - INFO - Successfully retrieved token.
2026-07-02 16:07:54,606 - INFO - Sending payload to URL: https://nikeaplawmprod1.sce.manh.com/pickpack/api/pickpack/olpn/search
2026-07-02 16:07:54,822 - INFO - Successfully received response for Plant 1081 (PROD)
2026-07-02 16:07:55,326 - INFO - Sending payload to URL: https://nikeaplawmprod1.sce.manh.com/task/api/task/taskDetail/search
2026-07-02 16:07:55,520 - INFO - -> Success: True, Message: None
2026-07-02 16:07:55,524 - INFO - Processing Task 1/1: Plant 1081 (PROD)
2026-07-02 16:07:55,936 - INFO - Successfully retrieved token.
2026-07-02 16:07:55,937 - INFO - Sending payload to URL: https://nikeaplawmprod1.sce.manh.com/pickpack/api/pickpack/olpn/search
2026-07-02 16:07:56,190 - INFO - Successfully received response for Plant 1081 (PROD)
2026-07-02 16:07:56,192 - INFO - Success: Found 19 oLPN row(s) for this task.
2026-07-02 16:07:56,195 - INFO - Processing 19 payloads for Environment: PROD
2026-07-02 16:07:56,551 - INFO - Successfully retrieved token for PROD environment.
2026-07-02 16:07:56,552 - INFO - Sending payloads to URL: https://nikeaplawmprod1.sce.manh.com/pickpack/api/ServiceDefinition/invoke/NIKEEX10PackResultCS_1081
2026-07-02 16:07:56,552 - INFO - Using 10 worker threads for 19 payloads.
2026-07-02 16:07:56,552 - INFO - [PROD] Processing Payload 1/19 for Plant 1081
2026-07-02 16:07:56,553 - INFO - [PROD] Processing Payload 2/19 for Plant 1081
2026-07-02 16:07:56,554 - INFO - [PROD] Processing Payload 3/19 for Plant 1081
2026-07-02 16:07:56,554 - INFO - [PROD] Processing Payload 4/19 for Plant 1081
2026-07-02 16:07:56,555 - INFO - [PROD] Processing Payload 5/19 for Plant 1081
2026-07-02 16:07:56,557 - INFO - [PROD] Processing Payload 6/19 for Plant 1081
2026-07-02 16:07:56,558 - INFO - [PROD] Processing Payload 7/19 for Plant 1081
2026-07-02 16:07:56,559 - INFO - [PROD] Processing Payload 8/19 for Plant 1081
2026-07-02 16:07:56,560 - INFO - [PROD] Processing Payload 9/19 for Plant 1081
2026-07-02 16:07:56,561 - INFO - [PROD] Processing Payload 10/19 for Plant 1081
2026-07-02 16:07:57,985 - INFO - [PROD] Processing Payload 11/19 for Plant 1081
2026-07-02 16:07:58,013 - INFO - [PROD] Processing Payload 12/19 for Plant 1081
2026-07-02 16:07:58,045 - INFO - [PROD] Processing Payload 13/19 for Plant 1081
2026-07-02 16:07:58,055 - INFO - [PROD] Processing Payload 14/19 for Plant 1081
2026-07-02 16:07:58,067 - INFO - [PROD] Processing Payload 15/19 for Plant 1081
2026-07-02 16:07:58,080 - INFO - [PROD] Processing Payload 16/19 for Plant 1081
2026-07-02 16:07:58,085 - INFO - [PROD] Processing Payload 17/19 for Plant 1081
2026-07-02 16:07:58,147 - INFO - [PROD] Processing Payload 18/19 for Plant 1081
2026-07-02 16:07:58,147 - INFO - [PROD] Processing Payload 19/19 for Plant 1081
2026-07-02 16:07:58,921 - INFO - Pack Complete run finished. Success: 19, Failed: 0, Total: 19
2026-07-02 16:07:58,922 - INFO - Pack Complete run finished.
2026-07-02 16:07:58,922 - INFO - Waiting 20 seconds before next run...
2026-07-02 16:08:18,932 - INFO - Starting Pack Complete run...
2026-07-02 16:08:19,168 - INFO - Successfully extracted 1 data row(s) for wave information processing.
2026-07-02 16:08:19,169 - INFO - Processing row 1: {'Plant': 1081, 'Environment': 'PROD', 'Wave_number': 'W07022026000000000004;W07022026000000000003;W07022026000000000002;W07022026000000000001;W07012026000000000004;W07012026000000000003'}
2026-07-02 16:08:19,396 - INFO - Processing Task 1/1: Plant 1081 (PROD)
2026-07-02 16:08:20,107 - INFO - Successfully retrieved token.
2026-07-02 16:08:20,107 - INFO - Sending payload to URL: https://nikeaplawmprod1.sce.manh.com/pickpack/api/pickpack/olpn/search
2026-07-02 16:08:20,357 - INFO - Successfully received response for Plant 1081 (PROD)
2026-07-02 16:08:20,719 - INFO - Sending payload to URL: https://nikeaplawmprod1.sce.manh.com/task/api/task/taskDetail/search
2026-07-02 16:08:20,916 - INFO - -> Success: True, Message: None
2026-07-02 16:08:20,917 - INFO - Processing Task 1/1: Plant 1081 (PROD)
2026-07-02 16:08:21,433 - INFO - Successfully retrieved token.
2026-07-02 16:08:21,433 - INFO - Sending payload to URL: https://nikeaplawmprod1.sce.manh.com/pickpack/api/pickpack/olpn/search
2026-07-02 16:08:21,669 - INFO - Successfully received response for Plant 1081 (PROD)
2026-07-02 16:08:21,671 - INFO - Success: Found 16 oLPN row(s) for this task.
2026-07-02 16:08:21,672 - INFO - Processing 16 payloads for Environment: PROD
2026-07-02 16:08:22,027 - INFO - Successfully retrieved token for PROD environment.
2026-07-02 16:08:22,027 - INFO - Sending payloads to URL: https://nikeaplawmprod1.sce.manh.com/pickpack/api/ServiceDefinition/invoke/NIKEEX10PackResultCS_1081
2026-07-02 16:08:22,027 - INFO - Using 10 worker threads for 16 payloads.
2026-07-02 16:08:22,028 - INFO - [PROD] Processing Payload 1/16 for Plant 1081
2026-07-02 16:08:22,028 - INFO - [PROD] Processing Payload 2/16 for Plant 1081
2026-07-02 16:08:22,029 - INFO - [PROD] Processing Payload 3/16 for Plant 1081
2026-07-02 16:08:22,030 - INFO - [PROD] Processing Payload 4/16 for Plant 1081
2026-07-02 16:08:22,031 - INFO - [PROD] Processing Payload 5/16 for Plant 1081
2026-07-02 16:08:22,032 - INFO - [PROD] Processing Payload 6/16 for Plant 1081
2026-07-02 16:08:22,032 - INFO - [PROD] Processing Payload 7/16 for Plant 1081
2026-07-02 16:08:22,033 - INFO - [PROD] Processing Payload 8/16 for Plant 1081
2026-07-02 16:08:22,033 - INFO - [PROD] Processing Payload 9/16 for Plant 1081
2026-07-02 16:08:22,034 - INFO - [PROD] Processing Payload 10/16 for Plant 1081
2026-07-02 16:08:23,276 - INFO - [PROD] Processing Payload 11/16 for Plant 1081
2026-07-02 16:08:23,293 - INFO - [PROD] Processing Payload 12/16 for Plant 1081
2026-07-02 16:08:23,312 - INFO - [PROD] Processing Payload 13/16 for Plant 1081
2026-07-02 16:08:23,343 - INFO - [PROD] Processing Payload 14/16 for Plant 1081
2026-07-02 16:08:23,379 - INFO - [PROD] Processing Payload 15/16 for Plant 1081
2026-07-02 16:08:23,394 - INFO - [PROD] Processing Payload 16/16 for Plant 1081
2026-07-02 16:08:24,069 - INFO - Pack Complete run finished. Success: 16, Failed: 0, Total: 16
2026-07-02 16:08:24,069 - INFO - Pack Complete run finished.
2026-07-02 16:08:24,069 - INFO - Waiting 20 seconds before next run...
2026-07-02 16:08:44,080 - INFO - Starting Pack Complete run...
2026-07-02 16:08:44,317 - INFO - Successfully extracted 1 data row(s) for wave information processing.
2026-07-02 16:08:44,317 - INFO - Processing row 1: {'Plant': 1081, 'Environment': 'PROD', 'Wave_number': 'W07022026000000000004;W07022026000000000003;W07022026000000000002;W07022026000000000001;W07012026000000000004;W07012026000000000003'}
2026-07-02 16:08:44,523 - INFO - Processing Task 1/1: Plant 1081 (PROD)
2026-07-02 16:08:44,884 - INFO - Successfully retrieved token.
2026-07-02 16:08:44,884 - INFO - Sending payload to URL: https://nikeaplawmprod1.sce.manh.com/pickpack/api/pickpack/olpn/search
2026-07-02 16:08:45,111 - INFO - Successfully received response for Plant 1081 (PROD)
2026-07-02 16:08:45,480 - INFO - Sending payload to URL: https://nikeaplawmprod1.sce.manh.com/task/api/task/taskDetail/search
2026-07-02 16:08:45,686 - INFO - -> Success: True, Message: None
2026-07-02 16:08:45,688 - INFO - Processing Task 1/1: Plant 1081 (PROD)
2026-07-02 16:08:46,115 - INFO - Successfully retrieved token.
2026-07-02 16:08:46,115 - INFO - Sending payload to URL: https://nikeaplawmprod1.sce.manh.com/pickpack/api/pickpack/olpn/search
2026-07-02 16:08:46,324 - INFO - Successfully received response for Plant 1081 (PROD)
2026-07-02 16:08:46,325 - INFO - Success: Found 7 oLPN row(s) for this task.
2026-07-02 16:08:46,327 - INFO - Processing 7 payloads for Environment: PROD
2026-07-02 16:08:46,708 - INFO - Successfully retrieved token for PROD environment.
2026-07-02 16:08:46,708 - INFO - Sending payloads to URL: https://nikeaplawmprod1.sce.manh.com/pickpack/api/ServiceDefinition/invoke/NIKEEX10PackResultCS_1081
2026-07-02 16:08:46,709 - INFO - Using 7 worker threads for 7 payloads.
2026-07-02 16:08:46,709 - INFO - [PROD] Processing Payload 1/7 for Plant 1081
2026-07-02 16:08:46,709 - INFO - [PROD] Processing Payload 2/7 for Plant 1081
2026-07-02 16:08:46,710 - INFO - [PROD] Processing Payload 3/7 for Plant 1081
2026-07-02 16:08:46,711 - INFO - [PROD] Processing Payload 4/7 for Plant 1081
2026-07-02 16:08:46,712 - INFO - [PROD] Processing Payload 5/7 for Plant 1081
2026-07-02 16:08:46,712 - INFO - [PROD] Processing Payload 6/7 for Plant 1081
2026-07-02 16:08:46,712 - INFO - [PROD] Processing Payload 7/7 for Plant 1081
2026-07-02 16:08:47,952 - INFO - Pack Complete run finished. Success: 7, Failed: 0, Total: 7
2026-07-02 16:08:47,952 - INFO - Pack Complete run finished.
2026-07-02 16:08:47,952 - INFO - Waiting 20 seconds before next run...
2026-07-02 16:09:07,962 - INFO - Starting Pack Complete run...
2026-07-02 16:09:08,198 - INFO - Successfully extracted 1 data row(s) for wave information processing.
2026-07-02 16:09:08,198 - INFO - Processing row 1: {'Plant': 1081, 'Environment': 'PROD', 'Wave_number': 'W07022026000000000004;W07022026000000000003;W07022026000000000002;W07022026000000000001;W07012026000000000004;W07012026000000000003'}
2026-07-02 16:09:08,422 - INFO - Processing Task 1/1: Plant 1081 (PROD)
2026-07-02 16:09:08,810 - INFO - Successfully retrieved token.
2026-07-02 16:09:08,810 - INFO - Sending payload to URL: https://nikeaplawmprod1.sce.manh.com/pickpack/api/pickpack/olpn/search
2026-07-02 16:09:09,037 - INFO - Successfully received response for Plant 1081 (PROD)
2026-07-02 16:09:09,431 - INFO - Sending payload to URL: https://nikeaplawmprod1.sce.manh.com/task/api/task/taskDetail/search
2026-07-02 16:09:09,648 - INFO - -> Success: True, Message: None
2026-07-02 16:09:09,652 - INFO - Processing Task 1/1: Plant 1081 (PROD)
2026-07-02 16:09:10,073 - INFO - Successfully retrieved token.
2026-07-02 16:09:10,074 - INFO - Sending payload to URL: https://nikeaplawmprod1.sce.manh.com/pickpack/api/pickpack/olpn/search
2026-07-02 16:09:10,293 - INFO - Successfully received response for Plant 1081 (PROD)
2026-07-02 16:09:10,294 - INFO - Success: Found 10 oLPN row(s) for this task.
2026-07-02 16:09:10,296 - INFO - Processing 10 payloads for Environment: PROD
2026-07-02 16:09:10,605 - INFO - Successfully retrieved token for PROD environment.
2026-07-02 16:09:10,606 - INFO - Sending payloads to URL: https://nikeaplawmprod1.sce.manh.com/pickpack/api/ServiceDefinition/invoke/NIKEEX10PackResultCS_1081
2026-07-02 16:09:10,606 - INFO - Using 10 worker threads for 10 payloads.
2026-07-02 16:09:10,606 - INFO - [PROD] Processing Payload 1/10 for Plant 1081
2026-07-02 16:09:10,607 - INFO - [PROD] Processing Payload 2/10 for Plant 1081
2026-07-02 16:09:10,608 - INFO - [PROD] Processing Payload 3/10 for Plant 1081
2026-07-02 16:09:10,608 - INFO - [PROD] Processing Payload 4/10 for Plant 1081
2026-07-02 16:09:10,610 - INFO - [PROD] Processing Payload 5/10 for Plant 1081
2026-07-02 16:09:10,610 - INFO - [PROD] Processing Payload 6/10 for Plant 1081
2026-07-02 16:09:10,611 - INFO - [PROD] Processing Payload 7/10 for Plant 1081
2026-07-02 16:09:10,611 - INFO - [PROD] Processing Payload 8/10 for Plant 1081
2026-07-02 16:09:10,612 - INFO - [PROD] Processing Payload 9/10 for Plant 1081
2026-07-02 16:09:10,613 - INFO - [PROD] Processing Payload 10/10 for Plant 1081
2026-07-02 16:09:12,183 - INFO - Pack Complete run finished. Success: 10, Failed: 0, Total: 10
2026-07-02 16:09:12,183 - INFO - Pack Complete run finished.
2026-07-02 16:09:12,184 - INFO - Waiting 20 seconds before next run...
2026-07-02 16:09:32,194 - INFO - Starting Pack Complete run...
2026-07-02 16:09:32,430 - INFO - Successfully extracted 1 data row(s) for wave information processing.
2026-07-02 16:09:32,430 - INFO - Processing row 1: {'Plant': 1081, 'Environment': 'PROD', 'Wave_number': 'W07022026000000000004;W07022026000000000003;W07022026000000000002;W07022026000000000001;W07012026000000000004;W07012026000000000003'}
2026-07-02 16:09:32,634 - INFO - Processing Task 1/1: Plant 1081 (PROD)
2026-07-02 16:09:33,011 - INFO - Successfully retrieved token.
2026-07-02 16:09:33,012 - INFO - Sending payload to URL: https://nikeaplawmprod1.sce.manh.com/pickpack/api/pickpack/olpn/search
2026-07-02 16:09:33,247 - INFO - Successfully received response for Plant 1081 (PROD)
2026-07-02 16:09:33,861 - INFO - Sending payload to URL: https://nikeaplawmprod1.sce.manh.com/task/api/task/taskDetail/search
2026-07-02 16:09:34,088 - INFO - -> Success: True, Message: None
2026-07-02 16:09:34,091 - INFO - Processing Task 1/1: Plant 1081 (PROD)
2026-07-02 16:09:34,754 - INFO - Successfully retrieved token.
2026-07-02 16:09:34,754 - INFO - Sending payload to URL: https://nikeaplawmprod1.sce.manh.com/pickpack/api/pickpack/olpn/search
2026-07-02 16:09:34,975 - INFO - Successfully received response for Plant 1081 (PROD)
2026-07-02 16:09:34,976 - INFO - Success: Found 13 oLPN row(s) for this task.
2026-07-02 16:09:34,979 - INFO - Processing 13 payloads for Environment: PROD
2026-07-02 16:09:35,367 - INFO - Successfully retrieved token for PROD environment.
2026-07-02 16:09:35,368 - INFO - Sending payloads to URL: https://nikeaplawmprod1.sce.manh.com/pickpack/api/ServiceDefinition/invoke/NIKEEX10PackResultCS_1081
2026-07-02 16:09:35,368 - INFO - Using 10 worker threads for 13 payloads.
2026-07-02 16:09:35,368 - INFO - [PROD] Processing Payload 1/13 for Plant 1081
2026-07-02 16:09:35,369 - INFO - [PROD] Processing Payload 2/13 for Plant 1081
2026-07-02 16:09:35,369 - INFO - [PROD] Processing Payload 3/13 for Plant 1081
2026-07-02 16:09:35,370 - INFO - [PROD] Processing Payload 4/13 for Plant 1081
2026-07-02 16:09:35,370 - INFO - [PROD] Processing Payload 5/13 for Plant 1081
2026-07-02 16:09:35,370 - INFO - [PROD] Processing Payload 6/13 for Plant 1081
2026-07-02 16:09:35,371 - INFO - [PROD] Processing Payload 7/13 for Plant 1081
2026-07-02 16:09:35,372 - INFO - [PROD] Processing Payload 8/13 for Plant 1081
2026-07-02 16:09:35,377 - INFO - [PROD] Processing Payload 9/13 for Plant 1081
2026-07-02 16:09:35,377 - INFO - [PROD] Processing Payload 10/13 for Plant 1081
2026-07-02 16:09:36,700 - INFO - [PROD] Processing Payload 11/13 for Plant 1081
2026-07-02 16:09:36,702 - INFO - [PROD] Processing Payload 12/13 for Plant 1081
2026-07-02 16:09:36,704 - INFO - [PROD] Processing Payload 13/13 for Plant 1081
2026-07-02 16:09:37,656 - INFO - Pack Complete run finished. Success: 13, Failed: 0, Total: 13
2026-07-02 16:09:37,657 - INFO - Pack Complete run finished.
2026-07-02 16:09:37,657 - INFO - Waiting 20 seconds before next run...
2026-07-02 16:09:57,667 - INFO - Starting Pack Complete run...
2026-07-02 16:09:57,890 - INFO - Successfully extracted 1 data row(s) for wave information processing.
2026-07-02 16:09:57,890 - INFO - Processing row 1: {'Plant': 1081, 'Environment': 'PROD', 'Wave_number': 'W07022026000000000004;W07022026000000000003;W07022026000000000002;W07022026000000000001;W07012026000000000004;W07012026000000000003'}
2026-07-02 16:09:58,114 - INFO - Processing Task 1/1: Plant 1081 (PROD)
2026-07-02 16:09:58,508 - INFO - Successfully retrieved token.
2026-07-02 16:09:58,509 - INFO - Sending payload to URL: https://nikeaplawmprod1.sce.manh.com/pickpack/api/pickpack/olpn/search
2026-07-02 16:09:58,730 - INFO - Successfully received response for Plant 1081 (PROD)
2026-07-02 16:09:59,125 - INFO - Sending payload to URL: https://nikeaplawmprod1.sce.manh.com/task/api/task/taskDetail/search
2026-07-02 16:09:59,360 - INFO - -> Success: True, Message: None
2026-07-02 16:09:59,362 - INFO - Processing Task 1/1: Plant 1081 (PROD)
2026-07-02 16:09:59,737 - INFO - Successfully retrieved token.
2026-07-02 16:09:59,737 - INFO - Sending payload to URL: https://nikeaplawmprod1.sce.manh.com/pickpack/api/pickpack/olpn/search
2026-07-02 16:09:59,955 - INFO - Successfully received response for Plant 1081 (PROD)
2026-07-02 16:09:59,956 - INFO - Success: Found 12 oLPN row(s) for this task.
2026-07-02 16:09:59,960 - INFO - Processing 12 payloads for Environment: PROD
2026-07-02 16:10:00,312 - INFO - Successfully retrieved token for PROD environment.
2026-07-02 16:10:00,313 - INFO - Sending payloads to URL: https://nikeaplawmprod1.sce.manh.com/pickpack/api/ServiceDefinition/invoke/NIKEEX10PackResultCS_1081
2026-07-02 16:10:00,313 - INFO - Using 10 worker threads for 12 payloads.
2026-07-02 16:10:00,313 - INFO - [PROD] Processing Payload 1/12 for Plant 1081
2026-07-02 16:10:00,313 - INFO - [PROD] Processing Payload 2/12 for Plant 1081
2026-07-02 16:10:00,314 - INFO - [PROD] Processing Payload 3/12 for Plant 1081
2026-07-02 16:10:00,314 - INFO - [PROD] Processing Payload 4/12 for Plant 1081
2026-07-02 16:10:00,314 - INFO - [PROD] Processing Payload 5/12 for Plant 1081
2026-07-02 16:10:00,315 - INFO - [PROD] Processing Payload 6/12 for Plant 1081
2026-07-02 16:10:00,315 - INFO - [PROD] Processing Payload 7/12 for Plant 1081
2026-07-02 16:10:00,316 - INFO - [PROD] Processing Payload 8/12 for Plant 1081
2026-07-02 16:10:00,317 - INFO - [PROD] Processing Payload 9/12 for Plant 1081
2026-07-02 16:10:00,318 - INFO - [PROD] Processing Payload 10/12 for Plant 1081
2026-07-02 16:10:01,613 - INFO - [PROD] Processing Payload 11/12 for Plant 1081
2026-07-02 16:10:01,662 - INFO - [PROD] Processing Payload 12/12 for Plant 1081
2026-07-02 16:10:02,258 - INFO - Pack Complete run finished. Success: 12, Failed: 0, Total: 12
2026-07-02 16:10:02,258 - INFO - Pack Complete run finished.
2026-07-02 16:10:02,258 - INFO - Waiting 20 seconds before next run...
2026-07-02 16:10:22,268 - INFO - Starting Pack Complete run...
2026-07-02 16:10:22,503 - INFO - Successfully extracted 1 data row(s) for wave information processing.
2026-07-02 16:10:22,504 - INFO - Processing row 1: {'Plant': 1081, 'Environment': 'PROD', 'Wave_number': 'W07022026000000000004;W07022026000000000003;W07022026000000000002;W07022026000000000001;W07012026000000000004;W07012026000000000003'}
2026-07-02 16:10:22,706 - INFO - Processing Task 1/1: Plant 1081 (PROD)
2026-07-02 16:10:23,085 - INFO - Successfully retrieved token.
2026-07-02 16:10:23,085 - INFO - Sending payload to URL: https://nikeaplawmprod1.sce.manh.com/pickpack/api/pickpack/olpn/search
2026-07-02 16:10:23,303 - INFO - Successfully received response for Plant 1081 (PROD)
2026-07-02 16:10:23,698 - INFO - Sending payload to URL: https://nikeaplawmprod1.sce.manh.com/task/api/task/taskDetail/search
2026-07-02 16:10:23,891 - INFO - -> Success: True, Message: None
2026-07-02 16:10:23,892 - INFO - Processing Task 1/1: Plant 1081 (PROD)
2026-07-02 16:10:24,289 - INFO - Successfully retrieved token.
2026-07-02 16:10:24,290 - INFO - Sending payload to URL: https://nikeaplawmprod1.sce.manh.com/pickpack/api/pickpack/olpn/search
2026-07-02 16:10:24,820 - INFO - Successfully received response for Plant 1081 (PROD)
2026-07-02 16:10:24,821 - INFO - Success: Found 10 oLPN row(s) for this task.
2026-07-02 16:10:24,823 - INFO - Processing 10 payloads for Environment: PROD
2026-07-02 16:10:25,236 - INFO - Successfully retrieved token for PROD environment.
2026-07-02 16:10:25,236 - INFO - Sending payloads to URL: https://nikeaplawmprod1.sce.manh.com/pickpack/api/ServiceDefinition/invoke/NIKEEX10PackResultCS_1081
2026-07-02 16:10:25,237 - INFO - Using 10 worker threads for 10 payloads.
2026-07-02 16:10:25,237 - INFO - [PROD] Processing Payload 1/10 for Plant 1081
2026-07-02 16:10:25,237 - INFO - [PROD] Processing Payload 2/10 for Plant 1081
2026-07-02 16:10:25,239 - INFO - [PROD] Processing Payload 3/10 for Plant 1081
2026-07-02 16:10:25,239 - INFO - [PROD] Processing Payload 4/10 for Plant 1081
2026-07-02 16:10:25,241 - INFO - [PROD] Processing Payload 5/10 for Plant 1081
2026-07-02 16:10:25,242 - INFO - [PROD] Processing Payload 6/10 for Plant 1081
2026-07-02 16:10:25,243 - INFO - [PROD] Processing Payload 7/10 for Plant 1081
2026-07-02 16:10:25,244 - INFO - [PROD] Processing Payload 8/10 for Plant 1081
2026-07-02 16:10:25,244 - INFO - [PROD] Processing Payload 9/10 for Plant 1081
2026-07-02 16:10:25,245 - INFO - [PROD] Processing Payload 10/10 for Plant 1081
2026-07-02 16:10:28,105 - INFO - Pack Complete run finished. Success: 10, Failed: 0, Total: 10
2026-07-02 16:10:28,105 - INFO - Pack Complete run finished.
2026-07-02 16:10:28,106 - INFO - Waiting 20 seconds before next run...
2026-07-02 16:10:48,115 - INFO - Starting Pack Complete run...
2026-07-02 16:10:48,347 - INFO - Successfully extracted 1 data row(s) for wave information processing.
2026-07-02 16:10:48,347 - INFO - Processing row 1: {'Plant': 1081, 'Environment': 'PROD', 'Wave_number': 'W07022026000000000004;W07022026000000000003;W07022026000000000002;W07022026000000000001;W07012026000000000004;W07012026000000000003'}
2026-07-02 16:10:48,562 - INFO - Processing Task 1/1: Plant 1081 (PROD)
2026-07-02 16:10:48,991 - INFO - Successfully retrieved token.
2026-07-02 16:10:48,992 - INFO - Sending payload to URL: https://nikeaplawmprod1.sce.manh.com/pickpack/api/pickpack/olpn/search
2026-07-02 16:10:49,440 - INFO - Successfully received response for Plant 1081 (PROD)
2026-07-02 16:10:49,885 - INFO - Sending payload to URL: https://nikeaplawmprod1.sce.manh.com/task/api/task/taskDetail/search
2026-07-02 16:10:50,084 - INFO - -> Success: True, Message: None
2026-07-02 16:10:50,088 - INFO - Processing Task 1/1: Plant 1081 (PROD)
2026-07-02 16:10:50,529 - INFO - Successfully retrieved token.
2026-07-02 16:10:50,529 - INFO - Sending payload to URL: https://nikeaplawmprod1.sce.manh.com/pickpack/api/pickpack/olpn/search
2026-07-02 16:10:50,740 - INFO - Successfully received response for Plant 1081 (PROD)
2026-07-02 16:10:50,741 - INFO - Success: Found 8 oLPN row(s) for this task.
2026-07-02 16:10:50,742 - INFO - Processing 8 payloads for Environment: PROD
2026-07-02 16:10:51,094 - INFO - Successfully retrieved token for PROD environment.
2026-07-02 16:10:51,094 - INFO - Sending payloads to URL: https://nikeaplawmprod1.sce.manh.com/pickpack/api/ServiceDefinition/invoke/NIKEEX10PackResultCS_1081
2026-07-02 16:10:51,095 - INFO - Using 8 worker threads for 8 payloads.
2026-07-02 16:10:51,095 - INFO - [PROD] Processing Payload 1/8 for Plant 1081
2026-07-02 16:10:51,095 - INFO - [PROD] Processing Payload 2/8 for Plant 1081
2026-07-02 16:10:51,096 - INFO - [PROD] Processing Payload 3/8 for Plant 1081
2026-07-02 16:10:51,096 - INFO - [PROD] Processing Payload 4/8 for Plant 1081
2026-07-02 16:10:51,097 - INFO - [PROD] Processing Payload 5/8 for Plant 1081
2026-07-02 16:10:51,098 - INFO - [PROD] Processing Payload 6/8 for Plant 1081
2026-07-02 16:10:51,100 - INFO - [PROD] Processing Payload 7/8 for Plant 1081
2026-07-02 16:10:51,102 - INFO - [PROD] Processing Payload 8/8 for Plant 1081
2026-07-02 16:10:52,784 - INFO - Pack Complete run finished. Success: 8, Failed: 0, Total: 8
2026-07-02 16:10:52,785 - INFO - Pack Complete run finished.
2026-07-02 16:10:52,785 - INFO - Waiting 20 seconds before next run...
2026-07-02 16:11:12,795 - INFO - Starting Pack Complete run...
2026-07-02 16:11:13,029 - INFO - Successfully extracted 1 data row(s) for wave information processing.
2026-07-02 16:11:13,029 - INFO - Processing row 1: {'Plant': 1081, 'Environment': 'PROD', 'Wave_number': 'W07022026000000000004;W07022026000000000003;W07022026000000000002;W07022026000000000001;W07012026000000000004;W07012026000000000003'}
2026-07-02 16:11:13,234 - INFO - Processing Task 1/1: Plant 1081 (PROD)
2026-07-02 16:11:13,646 - INFO - Successfully retrieved token.
2026-07-02 16:11:13,647 - INFO - Sending payload to URL: https://nikeaplawmprod1.sce.manh.com/pickpack/api/pickpack/olpn/search
2026-07-02 16:11:13,862 - INFO - Successfully received response for Plant 1081 (PROD)
2026-07-02 16:11:14,243 - INFO - Sending payload to URL: https://nikeaplawmprod1.sce.manh.com/task/api/task/taskDetail/search
2026-07-02 16:11:14,464 - INFO - -> Success: True, Message: None
2026-07-02 16:11:14,467 - INFO - Processing Task 1/1: Plant 1081 (PROD)
2026-07-02 16:11:14,897 - INFO - Successfully retrieved token.
2026-07-02 16:11:14,897 - INFO - Sending payload to URL: https://nikeaplawmprod1.sce.manh.com/pickpack/api/pickpack/olpn/search
2026-07-02 16:11:15,201 - INFO - Successfully received response for Plant 1081 (PROD)
2026-07-02 16:11:15,203 - INFO - Success: Found 15 oLPN row(s) for this task.
2026-07-02 16:11:15,206 - INFO - Processing 15 payloads for Environment: PROD
2026-07-02 16:11:15,554 - INFO - Successfully retrieved token for PROD environment.
2026-07-02 16:11:15,555 - INFO - Sending payloads to URL: https://nikeaplawmprod1.sce.manh.com/pickpack/api/ServiceDefinition/invoke/NIKEEX10PackResultCS_1081
2026-07-02 16:11:15,555 - INFO - Using 10 worker threads for 15 payloads.
2026-07-02 16:11:15,555 - INFO - [PROD] Processing Payload 1/15 for Plant 1081
2026-07-02 16:11:15,555 - INFO - [PROD] Processing Payload 2/15 for Plant 1081
2026-07-02 16:11:15,556 - INFO - [PROD] Processing Payload 3/15 for Plant 1081
2026-07-02 16:11:15,557 - INFO - [PROD] Processing Payload 4/15 for Plant 1081
2026-07-02 16:11:15,557 - INFO - [PROD] Processing Payload 5/15 for Plant 1081
2026-07-02 16:11:15,558 - INFO - [PROD] Processing Payload 6/15 for Plant 1081
2026-07-02 16:11:15,560 - INFO - [PROD] Processing Payload 7/15 for Plant 1081
2026-07-02 16:11:15,560 - INFO - [PROD] Processing Payload 8/15 for Plant 1081
2026-07-02 16:11:15,560 - INFO - [PROD] Processing Payload 9/15 for Plant 1081
2026-07-02 16:11:15,561 - INFO - [PROD] Processing Payload 10/15 for Plant 1081
2026-07-02 16:11:16,822 - INFO - [PROD] Processing Payload 11/15 for Plant 1081
2026-07-02 16:11:16,848 - INFO - [PROD] Processing Payload 12/15 for Plant 1081
2026-07-02 16:11:16,869 - INFO - [PROD] Processing Payload 13/15 for Plant 1081
2026-07-02 16:11:16,910 - INFO - [PROD] Processing Payload 14/15 for Plant 1081
2026-07-02 16:11:16,954 - INFO - [PROD] Processing Payload 15/15 for Plant 1081
2026-07-02 16:11:17,775 - INFO - Pack Complete run finished. Success: 15, Failed: 0, Total: 15
2026-07-02 16:11:17,775 - INFO - Pack Complete run finished.
2026-07-02 16:11:17,775 - INFO - Waiting 20 seconds before next run...
2026-07-02 16:11:37,778 - INFO - Starting Pack Complete run...
2026-07-02 16:11:38,021 - INFO - Successfully extracted 1 data row(s) for wave information processing.
2026-07-02 16:11:38,021 - INFO - Processing row 1: {'Plant': 1081, 'Environment': 'PROD', 'Wave_number': 'W07022026000000000004;W07022026000000000003;W07022026000000000002;W07022026000000000001;W07012026000000000004;W07012026000000000003'}
2026-07-02 16:11:38,253 - INFO - Processing Task 1/1: Plant 1081 (PROD)
2026-07-02 16:11:38,606 - INFO - Successfully retrieved token.
2026-07-02 16:11:38,607 - INFO - Sending payload to URL: https://nikeaplawmprod1.sce.manh.com/pickpack/api/pickpack/olpn/search
2026-07-02 16:11:38,824 - INFO - Successfully received response for Plant 1081 (PROD)
2026-07-02 16:11:39,181 - INFO - Sending payload to URL: https://nikeaplawmprod1.sce.manh.com/task/api/task/taskDetail/search
2026-07-02 16:11:39,406 - INFO - -> Success: True, Message: None
2026-07-02 16:11:39,408 - INFO - Processing Task 1/1: Plant 1081 (PROD)
2026-07-02 16:11:39,791 - INFO - Successfully retrieved token.
2026-07-02 16:11:39,791 - INFO - Sending payload to URL: https://nikeaplawmprod1.sce.manh.com/pickpack/api/pickpack/olpn/search
2026-07-02 16:11:39,995 - INFO - Successfully received response for Plant 1081 (PROD)
2026-07-02 16:11:39,996 - INFO - Success: Found 10 oLPN row(s) for this task.
2026-07-02 16:11:39,998 - INFO - Processing 10 payloads for Environment: PROD
2026-07-02 16:11:40,396 - INFO - Successfully retrieved token for PROD environment.
2026-07-02 16:11:40,396 - INFO - Sending payloads to URL: https://nikeaplawmprod1.sce.manh.com/pickpack/api/ServiceDefinition/invoke/NIKEEX10PackResultCS_1081
2026-07-02 16:11:40,396 - INFO - Using 10 worker threads for 10 payloads.
2026-07-02 16:11:40,397 - INFO - [PROD] Processing Payload 1/10 for Plant 1081
2026-07-02 16:11:40,397 - INFO - [PROD] Processing Payload 2/10 for Plant 1081
2026-07-02 16:11:40,399 - INFO - [PROD] Processing Payload 3/10 for Plant 1081
2026-07-02 16:11:40,400 - INFO - [PROD] Processing Payload 4/10 for Plant 1081
2026-07-02 16:11:40,400 - INFO - [PROD] Processing Payload 5/10 for Plant 1081
2026-07-02 16:11:40,401 - INFO - [PROD] Processing Payload 6/10 for Plant 1081
2026-07-02 16:11:40,401 - INFO - [PROD] Processing Payload 7/10 for Plant 1081
2026-07-02 16:11:40,402 - INFO - [PROD] Processing Payload 8/10 for Plant 1081
2026-07-02 16:11:40,402 - INFO - [PROD] Processing Payload 9/10 for Plant 1081
2026-07-02 16:11:40,403 - INFO - [PROD] Processing Payload 10/10 for Plant 1081
2026-07-02 16:11:46,129 - INFO - Pack Complete run finished. Success: 10, Failed: 0, Total: 10
2026-07-02 16:11:46,130 - INFO - Pack Complete run finished.
2026-07-02 16:11:46,130 - INFO - Waiting 20 seconds before next run...
2026-07-02 16:12:06,140 - INFO - Starting Pack Complete run...
2026-07-02 16:12:06,382 - INFO - Successfully extracted 1 data row(s) for wave information processing.
2026-07-02 16:12:06,382 - INFO - Processing row 1: {'Plant': 1081, 'Environment': 'PROD', 'Wave_number': 'W07022026000000000004;W07022026000000000003;W07022026000000000002;W07022026000000000001;W07012026000000000004;W07012026000000000003'}
2026-07-02 16:12:06,585 - INFO - Processing Task 1/1: Plant 1081 (PROD)
2026-07-02 16:12:06,929 - INFO - Successfully retrieved token.
2026-07-02 16:12:06,929 - INFO - Sending payload to URL: https://nikeaplawmprod1.sce.manh.com/pickpack/api/pickpack/olpn/search
2026-07-02 16:12:07,158 - INFO - Successfully received response for Plant 1081 (PROD)
2026-07-02 16:12:07,493 - INFO - Sending payload to URL: https://nikeaplawmprod1.sce.manh.com/task/api/task/taskDetail/search
2026-07-02 16:12:07,685 - INFO - -> Success: True, Message: None
2026-07-02 16:12:07,687 - INFO - Processing Task 1/1: Plant 1081 (PROD)
2026-07-02 16:12:08,147 - INFO - Successfully retrieved token.
2026-07-02 16:12:08,147 - INFO - Sending payload to URL: https://nikeaplawmprod1.sce.manh.com/pickpack/api/pickpack/olpn/search
2026-07-02 16:12:08,363 - INFO - Successfully received response for Plant 1081 (PROD)
2026-07-02 16:12:08,365 - INFO - Success: Found 13 oLPN row(s) for this task.
2026-07-02 16:12:08,369 - INFO - Processing 13 payloads for Environment: PROD
2026-07-02 16:12:08,756 - INFO - Successfully retrieved token for PROD environment.
2026-07-02 16:12:08,756 - INFO - Sending payloads to URL: https://nikeaplawmprod1.sce.manh.com/pickpack/api/ServiceDefinition/invoke/NIKEEX10PackResultCS_1081
2026-07-02 16:12:08,756 - INFO - Using 10 worker threads for 13 payloads.
2026-07-02 16:12:08,757 - INFO - [PROD] Processing Payload 1/13 for Plant 1081
2026-07-02 16:12:08,757 - INFO - [PROD] Processing Payload 2/13 for Plant 1081
2026-07-02 16:12:08,758 - INFO - [PROD] Processing Payload 3/13 for Plant 1081
2026-07-02 16:12:08,760 - INFO - [PROD] Processing Payload 4/13 for Plant 1081
2026-07-02 16:12:08,761 - INFO - [PROD] Processing Payload 5/13 for Plant 1081
2026-07-02 16:12:08,762 - INFO - [PROD] Processing Payload 6/13 for Plant 1081
2026-07-02 16:12:08,762 - INFO - [PROD] Processing Payload 7/13 for Plant 1081
2026-07-02 16:12:08,763 - INFO - [PROD] Processing Payload 8/13 for Plant 1081
2026-07-02 16:12:08,763 - INFO - [PROD] Processing Payload 9/13 for Plant 1081
2026-07-02 16:12:08,764 - INFO - [PROD] Processing Payload 10/13 for Plant 1081
2026-07-02 16:12:09,964 - INFO - [PROD] Processing Payload 11/13 for Plant 1081
2026-07-02 16:12:09,972 - INFO - [PROD] Processing Payload 12/13 for Plant 1081
2026-07-02 16:12:09,991 - INFO - [PROD] Processing Payload 13/13 for Plant 1081
2026-07-02 16:12:10,607 - INFO - Pack Complete run finished. Success: 13, Failed: 0, Total: 13
2026-07-02 16:12:10,608 - INFO - Pack Complete run finished.
2026-07-02 16:12:10,608 - INFO - Waiting 20 seconds before next run...
2026-07-02 16:12:30,618 - INFO - Starting Pack Complete run...
2026-07-02 16:12:30,857 - INFO - Successfully extracted 1 data row(s) for wave information processing.
2026-07-02 16:12:30,857 - INFO - Processing row 1: {'Plant': 1081, 'Environment': 'PROD', 'Wave_number': 'W07022026000000000004;W07022026000000000003;W07022026000000000002;W07022026000000000001;W07012026000000000004;W07012026000000000003'}
2026-07-02 16:12:31,085 - INFO - Processing Task 1/1: Plant 1081 (PROD)
2026-07-02 16:12:31,488 - INFO - Successfully retrieved token.
2026-07-02 16:12:31,488 - INFO - Sending payload to URL: https://nikeaplawmprod1.sce.manh.com/pickpack/api/pickpack/olpn/search
2026-07-02 16:12:31,716 - INFO - Successfully received response for Plant 1081 (PROD)
2026-07-02 16:12:32,196 - INFO - Sending payload to URL: https://nikeaplawmprod1.sce.manh.com/task/api/task/taskDetail/search
2026-07-02 16:12:32,415 - INFO - -> Success: True, Message: None
2026-07-02 16:12:32,420 - INFO - Processing Task 1/1: Plant 1081 (PROD)
2026-07-02 16:12:32,746 - INFO - Successfully retrieved token.
2026-07-02 16:12:32,746 - INFO - Sending payload to URL: https://nikeaplawmprod1.sce.manh.com/pickpack/api/pickpack/olpn/search
2026-07-02 16:12:32,970 - INFO - Successfully received response for Plant 1081 (PROD)
2026-07-02 16:12:32,971 - INFO - Success: Found 16 oLPN row(s) for this task.
2026-07-02 16:12:32,974 - INFO - Processing 16 payloads for Environment: PROD
2026-07-02 16:12:33,438 - INFO - Successfully retrieved token for PROD environment.
2026-07-02 16:12:33,438 - INFO - Sending payloads to URL: https://nikeaplawmprod1.sce.manh.com/pickpack/api/ServiceDefinition/invoke/NIKEEX10PackResultCS_1081
2026-07-02 16:12:33,438 - INFO - Using 10 worker threads for 16 payloads.
2026-07-02 16:12:33,438 - INFO - [PROD] Processing Payload 1/16 for Plant 1081
2026-07-02 16:12:33,439 - INFO - [PROD] Processing Payload 2/16 for Plant 1081
2026-07-02 16:12:33,441 - INFO - [PROD] Processing Payload 3/16 for Plant 1081
2026-07-02 16:12:33,441 - INFO - [PROD] Processing Payload 4/16 for Plant 1081
2026-07-02 16:12:33,442 - INFO - [PROD] Processing Payload 5/16 for Plant 1081
2026-07-02 16:12:33,444 - INFO - [PROD] Processing Payload 6/16 for Plant 1081
2026-07-02 16:12:33,445 - INFO - [PROD] Processing Payload 7/16 for Plant 1081
2026-07-02 16:12:33,446 - INFO - [PROD] Processing Payload 8/16 for Plant 1081
2026-07-02 16:12:33,446 - INFO - [PROD] Processing Payload 9/16 for Plant 1081
2026-07-02 16:12:33,447 - INFO - [PROD] Processing Payload 10/16 for Plant 1081
2026-07-02 16:12:34,567 - INFO - [PROD] Processing Payload 11/16 for Plant 1081
2026-07-02 16:12:34,570 - INFO - [PROD] Processing Payload 12/16 for Plant 1081
2026-07-02 16:12:34,573 - INFO - [PROD] Processing Payload 13/16 for Plant 1081
2026-07-02 16:12:34,575 - INFO - [PROD] Processing Payload 14/16 for Plant 1081
2026-07-02 16:12:34,631 - INFO - [PROD] Processing Payload 15/16 for Plant 1081
2026-07-02 16:12:34,677 - INFO - [PROD] Processing Payload 16/16 for Plant 1081
2026-07-02 16:12:35,515 - INFO - Pack Complete run finished. Success: 16, Failed: 0, Total: 16
2026-07-02 16:12:35,515 - INFO - Pack Complete run finished.
2026-07-02 16:12:35,515 - INFO - Waiting 20 seconds before next run...
2026-07-02 16:12:55,525 - INFO - Starting Pack Complete run...
2026-07-02 16:12:55,759 - INFO - Successfully extracted 1 data row(s) for wave information processing.
2026-07-02 16:12:55,759 - INFO - Processing row 1: {'Plant': 1081, 'Environment': 'PROD', 'Wave_number': 'W07022026000000000004;W07022026000000000003;W07022026000000000002;W07022026000000000001;W07012026000000000004;W07012026000000000003'}
2026-07-02 16:12:55,965 - INFO - Processing Task 1/1: Plant 1081 (PROD)
2026-07-02 16:12:56,363 - INFO - Successfully retrieved token.
2026-07-02 16:12:56,363 - INFO - Sending payload to URL: https://nikeaplawmprod1.sce.manh.com/pickpack/api/pickpack/olpn/search
2026-07-02 16:12:56,591 - INFO - Successfully received response for Plant 1081 (PROD)
2026-07-02 16:12:57,092 - INFO - Sending payload to URL: https://nikeaplawmprod1.sce.manh.com/task/api/task/taskDetail/search
2026-07-02 16:12:57,283 - INFO - -> Success: True, Message: None
2026-07-02 16:12:57,285 - INFO - Processing Task 1/1: Plant 1081 (PROD)
2026-07-02 16:12:57,707 - INFO - Successfully retrieved token.
2026-07-02 16:12:57,707 - INFO - Sending payload to URL: https://nikeaplawmprod1.sce.manh.com/pickpack/api/pickpack/olpn/search
2026-07-02 16:12:57,918 - INFO - Successfully received response for Plant 1081 (PROD)
2026-07-02 16:12:57,919 - INFO - Success: Found 7 oLPN row(s) for this task.
2026-07-02 16:12:57,922 - INFO - Processing 7 payloads for Environment: PROD
2026-07-02 16:12:58,241 - INFO - Successfully retrieved token for PROD environment.
2026-07-02 16:12:58,242 - INFO - Sending payloads to URL: https://nikeaplawmprod1.sce.manh.com/pickpack/api/ServiceDefinition/invoke/NIKEEX10PackResultCS_1081
2026-07-02 16:12:58,242 - INFO - Using 7 worker threads for 7 payloads.
2026-07-02 16:12:58,242 - INFO - [PROD] Processing Payload 1/7 for Plant 1081
2026-07-02 16:12:58,242 - INFO - [PROD] Processing Payload 2/7 for Plant 1081
2026-07-02 16:12:58,244 - INFO - [PROD] Processing Payload 3/7 for Plant 1081
2026-07-02 16:12:58,244 - INFO - [PROD] Processing Payload 4/7 for Plant 1081
2026-07-02 16:12:58,246 - INFO - [PROD] Processing Payload 5/7 for Plant 1081
2026-07-02 16:12:58,247 - INFO - [PROD] Processing Payload 6/7 for Plant 1081
2026-07-02 16:12:58,247 - INFO - [PROD] Processing Payload 7/7 for Plant 1081
2026-07-02 16:12:59,558 - INFO - Pack Complete run finished. Success: 7, Failed: 0, Total: 7
2026-07-02 16:12:59,559 - INFO - Pack Complete run finished.
2026-07-02 16:12:59,559 - INFO - Waiting 20 seconds before next run...
2026-07-02 16:13:19,569 - INFO - Starting Pack Complete run...
2026-07-02 16:13:19,801 - INFO - Successfully extracted 1 data row(s) for wave information processing.
2026-07-02 16:13:19,801 - INFO - Processing row 1: {'Plant': 1081, 'Environment': 'PROD', 'Wave_number': 'W07022026000000000004;W07022026000000000003;W07022026000000000002;W07022026000000000001;W07012026000000000004;W07012026000000000003'}
2026-07-02 16:13:20,018 - INFO - Processing Task 1/1: Plant 1081 (PROD)
2026-07-02 16:13:20,336 - INFO - Successfully retrieved token.
2026-07-02 16:13:20,337 - INFO - Sending payload to URL: https://nikeaplawmprod1.sce.manh.com/pickpack/api/pickpack/olpn/search
2026-07-02 16:13:20,565 - INFO - Successfully received response for Plant 1081 (PROD)
2026-07-02 16:13:20,951 - INFO - Sending payload to URL: https://nikeaplawmprod1.sce.manh.com/task/api/task/taskDetail/search
2026-07-02 16:13:21,176 - INFO - -> Success: True, Message: None
2026-07-02 16:13:21,178 - INFO - Processing Task 1/1: Plant 1081 (PROD)
2026-07-02 16:13:21,514 - INFO - Successfully retrieved token.
2026-07-02 16:13:21,514 - INFO - Sending payload to URL: https://nikeaplawmprod1.sce.manh.com/pickpack/api/pickpack/olpn/search
2026-07-02 16:13:21,720 - INFO - Successfully received response for Plant 1081 (PROD)
2026-07-02 16:13:21,721 - INFO - Success: Found 11 oLPN row(s) for this task.
2026-07-02 16:13:21,722 - INFO - Processing 11 payloads for Environment: PROD
2026-07-02 16:13:22,067 - INFO - Successfully retrieved token for PROD environment.
2026-07-02 16:13:22,068 - INFO - Sending payloads to URL: https://nikeaplawmprod1.sce.manh.com/pickpack/api/ServiceDefinition/invoke/NIKEEX10PackResultCS_1081
2026-07-02 16:13:22,068 - INFO - Using 10 worker threads for 11 payloads.
2026-07-02 16:13:22,068 - INFO - [PROD] Processing Payload 1/11 for Plant 1081
2026-07-02 16:13:22,069 - INFO - [PROD] Processing Payload 2/11 for Plant 1081
2026-07-02 16:13:22,069 - INFO - [PROD] Processing Payload 3/11 for Plant 1081
2026-07-02 16:13:22,070 - INFO - [PROD] Processing Payload 4/11 for Plant 1081
2026-07-02 16:13:22,071 - INFO - [PROD] Processing Payload 5/11 for Plant 1081
2026-07-02 16:13:22,072 - INFO - [PROD] Processing Payload 6/11 for Plant 1081
2026-07-02 16:13:22,074 - INFO - [PROD] Processing Payload 7/11 for Plant 1081
2026-07-02 16:13:22,074 - INFO - [PROD] Processing Payload 8/11 for Plant 1081
2026-07-02 16:13:22,075 - INFO - [PROD] Processing Payload 9/11 for Plant 1081
2026-07-02 16:13:22,076 - INFO - [PROD] Processing Payload 10/11 for Plant 1081
2026-07-02 16:13:23,311 - INFO - [PROD] Processing Payload 11/11 for Plant 1081
2026-07-02 16:13:23,869 - INFO - Pack Complete run finished. Success: 11, Failed: 0, Total: 11
2026-07-02 16:13:23,870 - INFO - Pack Complete run finished.
2026-07-02 16:13:23,870 - INFO - Waiting 20 seconds before next run...
2026-07-02 16:13:43,880 - INFO - Starting Pack Complete run...
2026-07-02 16:13:44,123 - INFO - Successfully extracted 1 data row(s) for wave information processing.
2026-07-02 16:13:44,123 - INFO - Processing row 1: {'Plant': 1081, 'Environment': 'PROD', 'Wave_number': 'W07022026000000000004;W07022026000000000003;W07022026000000000002;W07022026000000000001;W07012026000000000004;W07012026000000000003'}
2026-07-02 16:13:44,333 - INFO - Processing Task 1/1: Plant 1081 (PROD)
2026-07-02 16:13:44,732 - INFO - Successfully retrieved token.
2026-07-02 16:13:44,732 - INFO - Sending payload to URL: https://nikeaplawmprod1.sce.manh.com/pickpack/api/pickpack/olpn/search
2026-07-02 16:13:44,969 - INFO - Successfully received response for Plant 1081 (PROD)
2026-07-02 16:13:45,345 - INFO - Sending payload to URL: https://nikeaplawmprod1.sce.manh.com/task/api/task/taskDetail/search
2026-07-02 16:13:45,539 - INFO - -> Success: True, Message: None
2026-07-02 16:13:45,540 - INFO - Processing Task 1/1: Plant 1081 (PROD)
2026-07-02 16:13:45,914 - INFO - Successfully retrieved token.
2026-07-02 16:13:45,914 - INFO - Sending payload to URL: https://nikeaplawmprod1.sce.manh.com/pickpack/api/pickpack/olpn/search
2026-07-02 16:13:46,130 - INFO - Successfully received response for Plant 1081 (PROD)
2026-07-02 16:13:46,130 - INFO - Success: Found 9 oLPN row(s) for this task.
2026-07-02 16:13:46,132 - INFO - Processing 9 payloads for Environment: PROD
2026-07-02 16:13:46,548 - INFO - Successfully retrieved token for PROD environment.
2026-07-02 16:13:46,548 - INFO - Sending payloads to URL: https://nikeaplawmprod1.sce.manh.com/pickpack/api/ServiceDefinition/invoke/NIKEEX10PackResultCS_1081
2026-07-02 16:13:46,548 - INFO - Using 9 worker threads for 9 payloads.
2026-07-02 16:13:46,549 - INFO - [PROD] Processing Payload 1/9 for Plant 1081
2026-07-02 16:13:46,549 - INFO - [PROD] Processing Payload 2/9 for Plant 1081
2026-07-02 16:13:46,549 - INFO - [PROD] Processing Payload 3/9 for Plant 1081
2026-07-02 16:13:46,549 - INFO - [PROD] Processing Payload 4/9 for Plant 1081
2026-07-02 16:13:46,550 - INFO - [PROD] Processing Payload 5/9 for Plant 1081
2026-07-02 16:13:46,550 - INFO - [PROD] Processing Payload 6/9 for Plant 1081
2026-07-02 16:13:46,550 - INFO - [PROD] Processing Payload 7/9 for Plant 1081
2026-07-02 16:13:46,550 - INFO - [PROD] Processing Payload 8/9 for Plant 1081
2026-07-02 16:13:46,551 - INFO - [PROD] Processing Payload 9/9 for Plant 1081
2026-07-02 16:13:47,779 - INFO - Pack Complete run finished. Success: 9, Failed: 0, Total: 9
2026-07-02 16:13:47,779 - INFO - Pack Complete run finished.
2026-07-02 16:13:47,779 - INFO - Waiting 20 seconds before next run...
2026-07-02 16:14:07,789 - INFO - Starting Pack Complete run...
2026-07-02 16:14:08,040 - INFO - Successfully extracted 1 data row(s) for wave information processing.
2026-07-02 16:14:08,040 - INFO - Processing row 1: {'Plant': 1081, 'Environment': 'PROD', 'Wave_number': 'W07022026000000000004;W07022026000000000003;W07022026000000000002;W07022026000000000001;W07012026000000000004;W07012026000000000003'}
2026-07-02 16:14:08,274 - INFO - Processing Task 1/1: Plant 1081 (PROD)
2026-07-02 16:14:08,671 - INFO - Successfully retrieved token.
2026-07-02 16:14:08,671 - INFO - Sending payload to URL: https://nikeaplawmprod1.sce.manh.com/pickpack/api/pickpack/olpn/search
2026-07-02 16:14:08,885 - INFO - Successfully received response for Plant 1081 (PROD)
2026-07-02 16:14:09,246 - INFO - Sending payload to URL: https://nikeaplawmprod1.sce.manh.com/task/api/task/taskDetail/search
2026-07-02 16:14:09,452 - INFO - -> Success: True, Message: None
2026-07-02 16:14:09,453 - INFO - Processing Task 1/1: Plant 1081 (PROD)
2026-07-02 16:14:09,775 - INFO - Successfully retrieved token.
2026-07-02 16:14:09,775 - INFO - Sending payload to URL: https://nikeaplawmprod1.sce.manh.com/pickpack/api/pickpack/olpn/search
2026-07-02 16:14:09,979 - INFO - Successfully received response for Plant 1081 (PROD)
2026-07-02 16:14:09,979 - INFO - Success: Found 11 oLPN row(s) for this task.
2026-07-02 16:14:09,981 - INFO - Processing 11 payloads for Environment: PROD
2026-07-02 16:14:10,409 - INFO - Successfully retrieved token for PROD environment.
2026-07-02 16:14:10,410 - INFO - Sending payloads to URL: https://nikeaplawmprod1.sce.manh.com/pickpack/api/ServiceDefinition/invoke/NIKEEX10PackResultCS_1081
2026-07-02 16:14:10,410 - INFO - Using 10 worker threads for 11 payloads.
2026-07-02 16:14:10,410 - INFO - [PROD] Processing Payload 1/11 for Plant 1081
2026-07-02 16:14:10,411 - INFO - [PROD] Processing Payload 2/11 for Plant 1081
2026-07-02 16:14:10,412 - INFO - [PROD] Processing Payload 3/11 for Plant 1081
2026-07-02 16:14:10,414 - INFO - [PROD] Processing Payload 4/11 for Plant 1081
2026-07-02 16:14:10,415 - INFO - [PROD] Processing Payload 5/11 for Plant 1081
2026-07-02 16:14:10,415 - INFO - [PROD] Processing Payload 6/11 for Plant 1081
2026-07-02 16:14:10,416 - INFO - [PROD] Processing Payload 7/11 for Plant 1081
2026-07-02 16:14:10,418 - INFO - [PROD] Processing Payload 8/11 for Plant 1081
2026-07-02 16:14:10,421 - INFO - [PROD] Processing Payload 9/11 for Plant 1081
2026-07-02 16:14:10,424 - INFO - [PROD] Processing Payload 10/11 for Plant 1081
2026-07-02 16:14:11,440 - INFO - [PROD] Processing Payload 11/11 for Plant 1081
2026-07-02 16:14:14,122 - INFO - Pack Complete run finished. Success: 11, Failed: 0, Total: 11
2026-07-02 16:14:14,123 - INFO - Pack Complete run finished.
2026-07-02 16:14:14,123 - INFO - Waiting 20 seconds before next run...
2026-07-02 16:14:34,133 - INFO - Starting Pack Complete run...
2026-07-02 16:14:34,381 - INFO - Successfully extracted 1 data row(s) for wave information processing.
2026-07-02 16:14:34,381 - INFO - Processing row 1: {'Plant': 1081, 'Environment': 'PROD', 'Wave_number': 'W07022026000000000004;W07022026000000000003;W07022026000000000002;W07022026000000000001;W07012026000000000004;W07012026000000000003'}
2026-07-02 16:14:34,586 - INFO - Processing Task 1/1: Plant 1081 (PROD)
2026-07-02 16:14:34,926 - INFO - Successfully retrieved token.
2026-07-02 16:14:34,926 - INFO - Sending payload to URL: https://nikeaplawmprod1.sce.manh.com/pickpack/api/pickpack/olpn/search
2026-07-02 16:14:35,158 - INFO - Successfully received response for Plant 1081 (PROD)
2026-07-02 16:14:35,600 - INFO - Sending payload to URL: https://nikeaplawmprod1.sce.manh.com/task/api/task/taskDetail/search
2026-07-02 16:14:35,837 - INFO - -> Success: True, Message: None
2026-07-02 16:14:35,841 - INFO - Processing Task 1/1: Plant 1081 (PROD)
2026-07-02 16:14:36,223 - INFO - Successfully retrieved token.
2026-07-02 16:14:36,224 - INFO - Sending payload to URL: https://nikeaplawmprod1.sce.manh.com/pickpack/api/pickpack/olpn/search
2026-07-02 16:14:36,454 - INFO - Successfully received response for Plant 1081 (PROD)
2026-07-02 16:14:36,456 - INFO - Success: Found 16 oLPN row(s) for this task.
2026-07-02 16:14:36,459 - INFO - Processing 16 payloads for Environment: PROD
2026-07-02 16:14:36,888 - INFO - Successfully retrieved token for PROD environment.
2026-07-02 16:14:36,889 - INFO - Sending payloads to URL: https://nikeaplawmprod1.sce.manh.com/pickpack/api/ServiceDefinition/invoke/NIKEEX10PackResultCS_1081
2026-07-02 16:14:36,889 - INFO - Using 10 worker threads for 16 payloads.
2026-07-02 16:14:36,889 - INFO - [PROD] Processing Payload 1/16 for Plant 1081
2026-07-02 16:14:36,889 - INFO - [PROD] Processing Payload 2/16 for Plant 1081
2026-07-02 16:14:36,891 - INFO - [PROD] Processing Payload 3/16 for Plant 1081
2026-07-02 16:14:36,892 - INFO - [PROD] Processing Payload 4/16 for Plant 1081
2026-07-02 16:14:36,893 - INFO - [PROD] Processing Payload 5/16 for Plant 1081
2026-07-02 16:14:36,893 - INFO - [PROD] Processing Payload 6/16 for Plant 1081
2026-07-02 16:14:36,894 - INFO - [PROD] Processing Payload 7/16 for Plant 1081
2026-07-02 16:14:36,894 - INFO - [PROD] Processing Payload 8/16 for Plant 1081
2026-07-02 16:14:36,895 - INFO - [PROD] Processing Payload 9/16 for Plant 1081
2026-07-02 16:14:36,896 - INFO - [PROD] Processing Payload 10/16 for Plant 1081
2026-07-02 16:14:37,963 - INFO - [PROD] Processing Payload 11/16 for Plant 1081
2026-07-02 16:14:37,966 - INFO - [PROD] Processing Payload 12/16 for Plant 1081
2026-07-02 16:14:37,969 - INFO - [PROD] Processing Payload 13/16 for Plant 1081
2026-07-02 16:14:38,006 - INFO - [PROD] Processing Payload 14/16 for Plant 1081
2026-07-02 16:14:38,017 - INFO - [PROD] Processing Payload 15/16 for Plant 1081
2026-07-02 16:14:38,022 - INFO - [PROD] Processing Payload 16/16 for Plant 1081
2026-07-02 16:14:38,763 - INFO - Pack Complete run finished. Success: 16, Failed: 0, Total: 16
2026-07-02 16:14:38,764 - INFO - Pack Complete run finished.
2026-07-02 16:14:38,764 - INFO - Waiting 20 seconds before next run...
2026-07-02 16:14:58,774 - INFO - Starting Pack Complete run...
2026-07-02 16:14:59,014 - INFO - Successfully extracted 1 data row(s) for wave information processing.
2026-07-02 16:14:59,014 - INFO - Processing row 1: {'Plant': 1081, 'Environment': 'PROD', 'Wave_number': 'W07022026000000000004;W07022026000000000003;W07022026000000000002;W07022026000000000001;W07012026000000000004;W07012026000000000003'}
2026-07-02 16:14:59,242 - INFO - Processing Task 1/1: Plant 1081 (PROD)
2026-07-02 16:14:59,539 - INFO - Successfully retrieved token.
2026-07-02 16:14:59,539 - INFO - Sending payload to URL: https://nikeaplawmprod1.sce.manh.com/pickpack/api/pickpack/olpn/search
2026-07-02 16:14:59,757 - INFO - Successfully received response for Plant 1081 (PROD)
2026-07-02 16:15:00,174 - INFO - Sending payload to URL: https://nikeaplawmprod1.sce.manh.com/task/api/task/taskDetail/search
2026-07-02 16:15:00,359 - INFO - -> Success: True, Message: None
2026-07-02 16:15:00,362 - INFO - Processing Task 1/1: Plant 1081 (PROD)
2026-07-02 16:15:00,782 - INFO - Successfully retrieved token.
2026-07-02 16:15:00,782 - INFO - Sending payload to URL: https://nikeaplawmprod1.sce.manh.com/pickpack/api/pickpack/olpn/search
2026-07-02 16:15:01,006 - INFO - Successfully received response for Plant 1081 (PROD)
2026-07-02 16:15:01,007 - INFO - Success: Found 17 oLPN row(s) for this task.
2026-07-02 16:15:01,009 - INFO - Processing 17 payloads for Environment: PROD
2026-07-02 16:15:01,405 - INFO - Successfully retrieved token for PROD environment.
2026-07-02 16:15:01,406 - INFO - Sending payloads to URL: https://nikeaplawmprod1.sce.manh.com/pickpack/api/ServiceDefinition/invoke/NIKEEX10PackResultCS_1081
2026-07-02 16:15:01,406 - INFO - Using 10 worker threads for 17 payloads.
2026-07-02 16:15:01,406 - INFO - [PROD] Processing Payload 1/17 for Plant 1081
2026-07-02 16:15:01,406 - INFO - [PROD] Processing Payload 2/17 for Plant 1081
2026-07-02 16:15:01,407 - INFO - [PROD] Processing Payload 3/17 for Plant 1081
2026-07-02 16:15:01,407 - INFO - [PROD] Processing Payload 4/17 for Plant 1081
2026-07-02 16:15:01,408 - INFO - [PROD] Processing Payload 5/17 for Plant 1081
2026-07-02 16:15:01,410 - INFO - [PROD] Processing Payload 6/17 for Plant 1081
2026-07-02 16:15:01,410 - INFO - [PROD] Processing Payload 7/17 for Plant 1081
2026-07-02 16:15:01,411 - INFO - [PROD] Processing Payload 8/17 for Plant 1081
2026-07-02 16:15:01,412 - INFO - [PROD] Processing Payload 9/17 for Plant 1081
2026-07-02 16:15:01,412 - INFO - [PROD] Processing Payload 10/17 for Plant 1081
2026-07-02 16:15:02,457 - INFO - [PROD] Processing Payload 11/17 for Plant 1081
2026-07-02 16:15:02,479 - INFO - [PROD] Processing Payload 12/17 for Plant 1081
2026-07-02 16:15:02,502 - INFO - [PROD] Processing Payload 13/17 for Plant 1081
2026-07-02 16:15:02,535 - INFO - [PROD] Processing Payload 14/17 for Plant 1081
2026-07-02 16:15:02,543 - INFO - [PROD] Processing Payload 15/17 for Plant 1081
2026-07-02 16:15:02,576 - INFO - [PROD] Processing Payload 16/17 for Plant 1081
2026-07-02 16:15:02,581 - INFO - [PROD] Processing Payload 17/17 for Plant 1081
2026-07-02 16:15:05,204 - INFO - Pack Complete run finished. Success: 17, Failed: 0, Total: 17
2026-07-02 16:15:05,205 - INFO - Pack Complete run finished.
2026-07-02 16:15:05,205 - INFO - Waiting 20 seconds before next run...
2026-07-02 16:15:25,215 - INFO - Starting Pack Complete run...
2026-07-02 16:15:25,451 - INFO - Successfully extracted 1 data row(s) for wave information processing.
2026-07-02 16:15:25,452 - INFO - Processing row 1: {'Plant': 1081, 'Environment': 'PROD', 'Wave_number': 'W07022026000000000004;W07022026000000000003;W07022026000000000002;W07022026000000000001;W07012026000000000004;W07012026000000000003'}
2026-07-02 16:15:25,661 - INFO - Processing Task 1/1: Plant 1081 (PROD)
2026-07-02 16:15:25,986 - INFO - Successfully retrieved token.
2026-07-02 16:15:25,986 - INFO - Sending payload to URL: https://nikeaplawmprod1.sce.manh.com/pickpack/api/pickpack/olpn/search
2026-07-02 16:15:26,199 - INFO - Successfully received response for Plant 1081 (PROD)
2026-07-02 16:15:26,595 - INFO - Sending payload to URL: https://nikeaplawmprod1.sce.manh.com/task/api/task/taskDetail/search
2026-07-02 16:15:26,824 - INFO - -> Success: True, Message: None
2026-07-02 16:15:26,829 - INFO - Processing Task 1/1: Plant 1081 (PROD)
2026-07-02 16:15:27,215 - INFO - Successfully retrieved token.
2026-07-02 16:15:27,215 - INFO - Sending payload to URL: https://nikeaplawmprod1.sce.manh.com/pickpack/api/pickpack/olpn/search
2026-07-02 16:15:27,432 - INFO - Successfully received response for Plant 1081 (PROD)
2026-07-02 16:15:27,434 - INFO - Success: Found 16 oLPN row(s) for this task.
2026-07-02 16:15:27,436 - INFO - Processing 16 payloads for Environment: PROD
2026-07-02 16:15:27,824 - INFO - Successfully retrieved token for PROD environment.
2026-07-02 16:15:27,825 - INFO - Sending payloads to URL: https://nikeaplawmprod1.sce.manh.com/pickpack/api/ServiceDefinition/invoke/NIKEEX10PackResultCS_1081
2026-07-02 16:15:27,825 - INFO - Using 10 worker threads for 16 payloads.
2026-07-02 16:15:27,825 - INFO - [PROD] Processing Payload 1/16 for Plant 1081
2026-07-02 16:15:27,826 - INFO - [PROD] Processing Payload 2/16 for Plant 1081
2026-07-02 16:15:27,827 - INFO - [PROD] Processing Payload 3/16 for Plant 1081
2026-07-02 16:15:27,828 - INFO - [PROD] Processing Payload 4/16 for Plant 1081
2026-07-02 16:15:27,829 - INFO - [PROD] Processing Payload 5/16 for Plant 1081
2026-07-02 16:15:27,830 - INFO - [PROD] Processing Payload 6/16 for Plant 1081
2026-07-02 16:15:27,832 - INFO - [PROD] Processing Payload 7/16 for Plant 1081
2026-07-02 16:15:27,833 - INFO - [PROD] Processing Payload 8/16 for Plant 1081
2026-07-02 16:15:27,834 - INFO - [PROD] Processing Payload 9/16 for Plant 1081
2026-07-02 16:15:27,835 - INFO - [PROD] Processing Payload 10/16 for Plant 1081
2026-07-02 16:15:28,792 - INFO - [PROD] Processing Payload 11/16 for Plant 1081
2026-07-02 16:15:29,021 - INFO - [PROD] Processing Payload 12/16 for Plant 1081
2026-07-02 16:15:29,107 - INFO - [PROD] Processing Payload 13/16 for Plant 1081
2026-07-02 16:15:29,120 - INFO - [PROD] Processing Payload 14/16 for Plant 1081
2026-07-02 16:15:29,154 - INFO - [PROD] Processing Payload 15/16 for Plant 1081
2026-07-02 16:15:29,158 - INFO - [PROD] Processing Payload 16/16 for Plant 1081
2026-07-02 16:15:31,104 - INFO - Pack Complete run finished. Success: 16, Failed: 0, Total: 16
2026-07-02 16:15:31,104 - INFO - Pack Complete run finished.
2026-07-02 16:15:31,104 - INFO - Waiting 20 seconds before next run...
2026-07-02 16:15:51,114 - INFO - Starting Pack Complete run...
2026-07-02 16:15:51,354 - INFO - Successfully extracted 1 data row(s) for wave information processing.
2026-07-02 16:15:51,354 - INFO - Processing row 1: {'Plant': 1081, 'Environment': 'PROD', 'Wave_number': 'W07022026000000000004;W07022026000000000003;W07022026000000000002;W07022026000000000001;W07012026000000000004;W07012026000000000003'}
2026-07-02 16:15:51,578 - INFO - Processing Task 1/1: Plant 1081 (PROD)
2026-07-02 16:15:51,992 - INFO - Successfully retrieved token.
2026-07-02 16:15:51,992 - INFO - Sending payload to URL: https://nikeaplawmprod1.sce.manh.com/pickpack/api/pickpack/olpn/search
2026-07-02 16:15:52,246 - INFO - Successfully received response for Plant 1081 (PROD)
2026-07-02 16:15:52,608 - INFO - Sending payload to URL: https://nikeaplawmprod1.sce.manh.com/task/api/task/taskDetail/search
2026-07-02 16:15:52,799 - INFO - -> Success: True, Message: None
2026-07-02 16:15:52,804 - INFO - Processing Task 1/1: Plant 1081 (PROD)
2026-07-02 16:15:53,171 - INFO - Successfully retrieved token.
2026-07-02 16:15:53,171 - INFO - Sending payload to URL: https://nikeaplawmprod1.sce.manh.com/pickpack/api/pickpack/olpn/search
2026-07-02 16:15:53,391 - INFO - Successfully received response for Plant 1081 (PROD)
2026-07-02 16:15:53,393 - INFO - Success: Found 16 oLPN row(s) for this task.
2026-07-02 16:15:53,395 - INFO - Processing 16 payloads for Environment: PROD
2026-07-02 16:15:53,834 - INFO - Successfully retrieved token for PROD environment.
2026-07-02 16:15:53,834 - INFO - Sending payloads to URL: https://nikeaplawmprod1.sce.manh.com/pickpack/api/ServiceDefinition/invoke/NIKEEX10PackResultCS_1081
2026-07-02 16:15:53,834 - INFO - Using 10 worker threads for 16 payloads.
2026-07-02 16:15:53,835 - INFO - [PROD] Processing Payload 1/16 for Plant 1081
2026-07-02 16:15:53,835 - INFO - [PROD] Processing Payload 2/16 for Plant 1081
2026-07-02 16:15:53,837 - INFO - [PROD] Processing Payload 3/16 for Plant 1081
2026-07-02 16:15:53,837 - INFO - [PROD] Processing Payload 4/16 for Plant 1081
2026-07-02 16:15:53,837 - INFO - [PROD] Processing Payload 5/16 for Plant 1081
2026-07-02 16:15:53,838 - INFO - [PROD] Processing Payload 6/16 for Plant 1081
2026-07-02 16:15:53,839 - INFO - [PROD] Processing Payload 7/16 for Plant 1081
2026-07-02 16:15:53,839 - INFO - [PROD] Processing Payload 8/16 for Plant 1081
2026-07-02 16:15:53,840 - INFO - [PROD] Processing Payload 9/16 for Plant 1081
2026-07-02 16:15:53,840 - INFO - [PROD] Processing Payload 10/16 for Plant 1081
2026-07-02 16:15:55,269 - INFO - [PROD] Processing Payload 11/16 for Plant 1081
2026-07-02 16:15:55,273 - INFO - [PROD] Processing Payload 12/16 for Plant 1081
2026-07-02 16:15:55,276 - INFO - [PROD] Processing Payload 13/16 for Plant 1081
2026-07-02 16:15:55,277 - INFO - [PROD] Processing Payload 14/16 for Plant 1081
2026-07-02 16:15:55,279 - INFO - [PROD] Processing Payload 15/16 for Plant 1081
2026-07-02 16:15:55,281 - INFO - [PROD] Processing Payload 16/16 for Plant 1081
2026-07-02 16:15:57,317 - INFO - Pack Complete run finished. Success: 16, Failed: 0, Total: 16
2026-07-02 16:15:57,318 - INFO - Pack Complete run finished.
2026-07-02 16:15:57,318 - INFO - Waiting 20 seconds before next run...
2026-07-02 16:16:17,328 - INFO - Starting Pack Complete run...
2026-07-02 16:16:17,564 - INFO - Successfully extracted 1 data row(s) for wave information processing.
2026-07-02 16:16:17,564 - INFO - Processing row 1: {'Plant': 1081, 'Environment': 'PROD', 'Wave_number': 'W07022026000000000004;W07022026000000000003;W07022026000000000002;W07022026000000000001;W07012026000000000004;W07012026000000000003'}
2026-07-02 16:16:17,770 - INFO - Processing Task 1/1: Plant 1081 (PROD)
2026-07-02 16:16:18,307 - INFO - Successfully retrieved token.
2026-07-02 16:16:18,307 - INFO - Sending payload to URL: https://nikeaplawmprod1.sce.manh.com/pickpack/api/pickpack/olpn/search
2026-07-02 16:16:18,521 - INFO - Successfully received response for Plant 1081 (PROD)
2026-07-02 16:16:18,927 - INFO - Sending payload to URL: https://nikeaplawmprod1.sce.manh.com/task/api/task/taskDetail/search
2026-07-02 16:16:19,144 - INFO - -> Success: True, Message: None
2026-07-02 16:16:19,146 - INFO - Processing Task 1/1: Plant 1081 (PROD)
2026-07-02 16:16:19,502 - INFO - Successfully retrieved token.
2026-07-02 16:16:19,502 - INFO - Sending payload to URL: https://nikeaplawmprod1.sce.manh.com/pickpack/api/pickpack/olpn/search
2026-07-02 16:16:19,727 - INFO - Successfully received response for Plant 1081 (PROD)
2026-07-02 16:16:19,729 - INFO - Success: Found 15 oLPN row(s) for this task.
2026-07-02 16:16:19,731 - INFO - Processing 15 payloads for Environment: PROD
2026-07-02 16:16:20,152 - INFO - Successfully retrieved token for PROD environment.
2026-07-02 16:16:20,152 - INFO - Sending payloads to URL: https://nikeaplawmprod1.sce.manh.com/pickpack/api/ServiceDefinition/invoke/NIKEEX10PackResultCS_1081
2026-07-02 16:16:20,153 - INFO - Using 10 worker threads for 15 payloads.
2026-07-02 16:16:20,153 - INFO - [PROD] Processing Payload 1/15 for Plant 1081
2026-07-02 16:16:20,153 - INFO - [PROD] Processing Payload 2/15 for Plant 1081
2026-07-02 16:16:20,155 - INFO - [PROD] Processing Payload 3/15 for Plant 1081
2026-07-02 16:16:20,155 - INFO - [PROD] Processing Payload 4/15 for Plant 1081
2026-07-02 16:16:20,155 - INFO - [PROD] Processing Payload 5/15 for Plant 1081
2026-07-02 16:16:20,156 - INFO - [PROD] Processing Payload 6/15 for Plant 1081
2026-07-02 16:16:20,157 - INFO - [PROD] Processing Payload 7/15 for Plant 1081
2026-07-02 16:16:20,157 - INFO - [PROD] Processing Payload 8/15 for Plant 1081
2026-07-02 16:16:20,159 - INFO - [PROD] Processing Payload 9/15 for Plant 1081
2026-07-02 16:16:20,161 - INFO - [PROD] Processing Payload 10/15 for Plant 1081
2026-07-02 16:16:21,380 - INFO - [PROD] Processing Payload 11/15 for Plant 1081
2026-07-02 16:16:21,387 - INFO - [PROD] Processing Payload 12/15 for Plant 1081
2026-07-02 16:16:21,397 - INFO - [PROD] Processing Payload 13/15 for Plant 1081
2026-07-02 16:16:21,434 - INFO - [PROD] Processing Payload 14/15 for Plant 1081
2026-07-02 16:16:21,453 - INFO - [PROD] Processing Payload 15/15 for Plant 1081
2026-07-02 16:16:22,060 - INFO - Pack Complete run finished. Success: 15, Failed: 0, Total: 15
2026-07-02 16:16:22,060 - INFO - Pack Complete run finished.
2026-07-02 16:16:22,060 - INFO - Waiting 20 seconds before next run...
2026-07-02 16:16:42,070 - INFO - Starting Pack Complete run...
2026-07-02 16:16:42,306 - INFO - Successfully extracted 1 data row(s) for wave information processing.
2026-07-02 16:16:42,306 - INFO - Processing row 1: {'Plant': 1081, 'Environment': 'PROD', 'Wave_number': 'W07022026000000000004;W07022026000000000003;W07022026000000000002;W07022026000000000001;W07012026000000000004;W07012026000000000003'}
2026-07-02 16:16:42,523 - INFO - Processing Task 1/1: Plant 1081 (PROD)
2026-07-02 16:16:42,987 - INFO - Successfully retrieved token.
2026-07-02 16:16:42,987 - INFO - Sending payload to URL: https://nikeaplawmprod1.sce.manh.com/pickpack/api/pickpack/olpn/search
2026-07-02 16:16:43,204 - INFO - Successfully received response for Plant 1081 (PROD)
2026-07-02 16:16:43,706 - INFO - Sending payload to URL: https://nikeaplawmprod1.sce.manh.com/task/api/task/taskDetail/search
2026-07-02 16:16:43,914 - INFO - -> Success: True, Message: None
2026-07-02 16:16:43,917 - INFO - Processing Task 1/1: Plant 1081 (PROD)
2026-07-02 16:16:44,258 - INFO - Successfully retrieved token.
2026-07-02 16:16:44,258 - INFO - Sending payload to URL: https://nikeaplawmprod1.sce.manh.com/pickpack/api/pickpack/olpn/search
2026-07-02 16:16:44,479 - INFO - Successfully received response for Plant 1081 (PROD)
2026-07-02 16:16:44,480 - INFO - Success: Found 17 oLPN row(s) for this task.
2026-07-02 16:16:44,483 - INFO - Processing 17 payloads for Environment: PROD
2026-07-02 16:16:44,830 - INFO - Successfully retrieved token for PROD environment.
2026-07-02 16:16:44,830 - INFO - Sending payloads to URL: https://nikeaplawmprod1.sce.manh.com/pickpack/api/ServiceDefinition/invoke/NIKEEX10PackResultCS_1081
2026-07-02 16:16:44,830 - INFO - Using 10 worker threads for 17 payloads.
2026-07-02 16:16:44,831 - INFO - [PROD] Processing Payload 1/17 for Plant 1081
2026-07-02 16:16:44,831 - INFO - [PROD] Processing Payload 2/17 for Plant 1081
2026-07-02 16:16:44,832 - INFO - [PROD] Processing Payload 3/17 for Plant 1081
2026-07-02 16:16:44,833 - INFO - [PROD] Processing Payload 4/17 for Plant 1081
2026-07-02 16:16:44,834 - INFO - [PROD] Processing Payload 5/17 for Plant 1081
2026-07-02 16:16:44,834 - INFO - [PROD] Processing Payload 6/17 for Plant 1081
2026-07-02 16:16:44,835 - INFO - [PROD] Processing Payload 7/17 for Plant 1081
2026-07-02 16:16:44,835 - INFO - [PROD] Processing Payload 8/17 for Plant 1081
2026-07-02 16:16:44,836 - INFO - [PROD] Processing Payload 9/17 for Plant 1081
2026-07-02 16:16:44,836 - INFO - [PROD] Processing Payload 10/17 for Plant 1081
2026-07-02 16:16:46,161 - INFO - [PROD] Processing Payload 11/17 for Plant 1081
2026-07-02 16:16:46,200 - INFO - [PROD] Processing Payload 12/17 for Plant 1081
2026-07-02 16:16:46,239 - INFO - [PROD] Processing Payload 13/17 for Plant 1081
2026-07-02 16:16:46,240 - INFO - [PROD] Processing Payload 14/17 for Plant 1081
2026-07-02 16:16:46,244 - INFO - [PROD] Processing Payload 15/17 for Plant 1081
2026-07-02 16:16:46,253 - INFO - [PROD] Processing Payload 16/17 for Plant 1081
2026-07-02 16:16:46,253 - INFO - [PROD] Processing Payload 17/17 for Plant 1081
2026-07-02 16:16:47,001 - INFO - Pack Complete run finished. Success: 17, Failed: 0, Total: 17
2026-07-02 16:16:47,001 - INFO - Pack Complete run finished.
2026-07-02 16:16:47,001 - INFO - Waiting 20 seconds before next run...
2026-07-02 16:17:07,011 - INFO - Starting Pack Complete run...
2026-07-02 16:17:07,243 - INFO - Successfully extracted 1 data row(s) for wave information processing.
2026-07-02 16:17:07,243 - INFO - Processing row 1: {'Plant': 1081, 'Environment': 'PROD', 'Wave_number': 'W07022026000000000004;W07022026000000000003;W07022026000000000002;W07022026000000000001;W07012026000000000004;W07012026000000000003'}
2026-07-02 16:17:07,446 - INFO - Processing Task 1/1: Plant 1081 (PROD)
2026-07-02 16:17:08,076 - INFO - Successfully retrieved token.
2026-07-02 16:17:08,076 - INFO - Sending payload to URL: https://nikeaplawmprod1.sce.manh.com/pickpack/api/pickpack/olpn/search
2026-07-02 16:17:08,296 - INFO - Successfully received response for Plant 1081 (PROD)
2026-07-02 16:17:08,790 - INFO - Sending payload to URL: https://nikeaplawmprod1.sce.manh.com/task/api/task/taskDetail/search
2026-07-02 16:17:08,994 - INFO - -> Success: True, Message: None
2026-07-02 16:17:08,999 - INFO - Processing Task 1/1: Plant 1081 (PROD)
2026-07-02 16:17:09,407 - INFO - Successfully retrieved token.
2026-07-02 16:17:09,407 - INFO - Sending payload to URL: https://nikeaplawmprod1.sce.manh.com/pickpack/api/pickpack/olpn/search
2026-07-02 16:17:09,644 - INFO - Successfully received response for Plant 1081 (PROD)
2026-07-02 16:17:09,644 - INFO - Success: Found 17 oLPN row(s) for this task.
2026-07-02 16:17:09,645 - INFO - Processing 17 payloads for Environment: PROD
2026-07-02 16:17:09,981 - INFO - Successfully retrieved token for PROD environment.
2026-07-02 16:17:09,981 - INFO - Sending payloads to URL: https://nikeaplawmprod1.sce.manh.com/pickpack/api/ServiceDefinition/invoke/NIKEEX10PackResultCS_1081
2026-07-02 16:17:09,981 - INFO - Using 10 worker threads for 17 payloads.
2026-07-02 16:17:09,981 - INFO - [PROD] Processing Payload 1/17 for Plant 1081
2026-07-02 16:17:09,982 - INFO - [PROD] Processing Payload 2/17 for Plant 1081
2026-07-02 16:17:09,984 - INFO - [PROD] Processing Payload 3/17 for Plant 1081
2026-07-02 16:17:09,984 - INFO - [PROD] Processing Payload 4/17 for Plant 1081
2026-07-02 16:17:09,984 - INFO - [PROD] Processing Payload 5/17 for Plant 1081
2026-07-02 16:17:09,987 - INFO - [PROD] Processing Payload 6/17 for Plant 1081
2026-07-02 16:17:09,988 - INFO - [PROD] Processing Payload 7/17 for Plant 1081
2026-07-02 16:17:09,989 - INFO - [PROD] Processing Payload 8/17 for Plant 1081
2026-07-02 16:17:09,989 - INFO - [PROD] Processing Payload 9/17 for Plant 1081
2026-07-02 16:17:09,990 - INFO - [PROD] Processing Payload 10/17 for Plant 1081
2026-07-02 16:17:11,336 - INFO - [PROD] Processing Payload 11/17 for Plant 1081
2026-07-02 16:17:11,340 - INFO - [PROD] Processing Payload 12/17 for Plant 1081
2026-07-02 16:17:11,343 - INFO - [PROD] Processing Payload 13/17 for Plant 1081
2026-07-02 16:17:11,359 - INFO - [PROD] Processing Payload 14/17 for Plant 1081
2026-07-02 16:17:11,369 - INFO - [PROD] Processing Payload 15/17 for Plant 1081
2026-07-02 16:17:11,396 - INFO - [PROD] Processing Payload 16/17 for Plant 1081
2026-07-02 16:17:11,409 - INFO - [PROD] Processing Payload 17/17 for Plant 1081
2026-07-02 16:17:12,680 - INFO - Pack Complete run finished. Success: 17, Failed: 0, Total: 17
2026-07-02 16:17:12,681 - INFO - Pack Complete run finished.
2026-07-02 16:17:12,681 - INFO - Waiting 20 seconds before next run...
2026-07-02 16:17:32,691 - INFO - Starting Pack Complete run...
2026-07-02 16:17:32,927 - INFO - Successfully extracted 1 data row(s) for wave information processing.
2026-07-02 16:17:32,928 - INFO - Processing row 1: {'Plant': 1081, 'Environment': 'PROD', 'Wave_number': 'W07022026000000000004;W07022026000000000003;W07022026000000000002;W07022026000000000001;W07012026000000000004;W07012026000000000003'}
2026-07-02 16:17:33,150 - INFO - Processing Task 1/1: Plant 1081 (PROD)
2026-07-02 16:17:33,537 - INFO - Successfully retrieved token.
2026-07-02 16:17:33,538 - INFO - Sending payload to URL: https://nikeaplawmprod1.sce.manh.com/pickpack/api/pickpack/olpn/search
2026-07-02 16:17:33,821 - INFO - Successfully received response for Plant 1081 (PROD)
2026-07-02 16:17:34,259 - INFO - Sending payload to URL: https://nikeaplawmprod1.sce.manh.com/task/api/task/taskDetail/search
2026-07-02 16:17:34,477 - INFO - -> Success: True, Message: None
2026-07-02 16:17:34,480 - INFO - Processing Task 1/1: Plant 1081 (PROD)
2026-07-02 16:17:34,901 - INFO - Successfully retrieved token.
2026-07-02 16:17:34,901 - INFO - Sending payload to URL: https://nikeaplawmprod1.sce.manh.com/pickpack/api/pickpack/olpn/search
2026-07-02 16:17:35,217 - INFO - Successfully received response for Plant 1081 (PROD)
2026-07-02 16:17:35,219 - INFO - Success: Found 18 oLPN row(s) for this task.
2026-07-02 16:17:35,221 - INFO - Processing 18 payloads for Environment: PROD
2026-07-02 16:17:35,601 - INFO - Successfully retrieved token for PROD environment.
2026-07-02 16:17:35,602 - INFO - Sending payloads to URL: https://nikeaplawmprod1.sce.manh.com/pickpack/api/ServiceDefinition/invoke/NIKEEX10PackResultCS_1081
2026-07-02 16:17:35,602 - INFO - Using 10 worker threads for 18 payloads.
2026-07-02 16:17:35,602 - INFO - [PROD] Processing Payload 1/18 for Plant 1081
2026-07-02 16:17:35,602 - INFO - [PROD] Processing Payload 2/18 for Plant 1081
2026-07-02 16:17:35,603 - INFO - [PROD] Processing Payload 3/18 for Plant 1081
2026-07-02 16:17:35,604 - INFO - [PROD] Processing Payload 4/18 for Plant 1081
2026-07-02 16:17:35,606 - INFO - [PROD] Processing Payload 5/18 for Plant 1081
2026-07-02 16:17:35,606 - INFO - [PROD] Processing Payload 6/18 for Plant 1081
2026-07-02 16:17:35,607 - INFO - [PROD] Processing Payload 7/18 for Plant 1081
2026-07-02 16:17:35,608 - INFO - [PROD] Processing Payload 8/18 for Plant 1081
2026-07-02 16:17:35,609 - INFO - [PROD] Processing Payload 9/18 for Plant 1081
2026-07-02 16:17:35,609 - INFO - [PROD] Processing Payload 10/18 for Plant 1081
2026-07-02 16:17:36,857 - INFO - [PROD] Processing Payload 11/18 for Plant 1081
2026-07-02 16:17:36,896 - INFO - [PROD] Processing Payload 12/18 for Plant 1081
2026-07-02 16:17:36,908 - INFO - [PROD] Processing Payload 13/18 for Plant 1081
2026-07-02 16:17:36,938 - INFO - [PROD] Processing Payload 14/18 for Plant 1081
2026-07-02 16:17:36,938 - INFO - [PROD] Processing Payload 15/18 for Plant 1081
2026-07-02 16:17:36,959 - INFO - [PROD] Processing Payload 16/18 for Plant 1081
2026-07-02 16:17:36,969 - INFO - [PROD] Processing Payload 17/18 for Plant 1081
2026-07-02 16:17:36,974 - INFO - [PROD] Processing Payload 18/18 for Plant 1081
2026-07-02 16:17:37,846 - INFO - Pack Complete run finished. Success: 18, Failed: 0, Total: 18
2026-07-02 16:17:37,847 - INFO - Pack Complete run finished.
2026-07-02 16:17:37,847 - INFO - Waiting 20 seconds before next run...
2026-07-02 16:17:57,856 - INFO - Starting Pack Complete run...
2026-07-02 16:17:58,095 - INFO - Successfully extracted 1 data row(s) for wave information processing.
2026-07-02 16:17:58,096 - INFO - Processing row 1: {'Plant': 1081, 'Environment': 'PROD', 'Wave_number': 'W07022026000000000004;W07022026000000000003;W07022026000000000002;W07022026000000000001;W07012026000000000004;W07012026000000000003'}
2026-07-02 16:17:58,298 - INFO - Processing Task 1/1: Plant 1081 (PROD)
2026-07-02 16:17:58,760 - INFO - Successfully retrieved token.
2026-07-02 16:17:58,761 - INFO - Sending payload to URL: https://nikeaplawmprod1.sce.manh.com/pickpack/api/pickpack/olpn/search
2026-07-02 16:17:58,978 - INFO - Successfully received response for Plant 1081 (PROD)
2026-07-02 16:17:59,479 - INFO - Sending payload to URL: https://nikeaplawmprod1.sce.manh.com/task/api/task/taskDetail/search
2026-07-02 16:17:59,673 - INFO - -> Success: True, Message: None
2026-07-02 16:17:59,677 - INFO - Processing Task 1/1: Plant 1081 (PROD)
2026-07-02 16:18:00,090 - INFO - Successfully retrieved token.
2026-07-02 16:18:00,090 - INFO - Sending payload to URL: https://nikeaplawmprod1.sce.manh.com/pickpack/api/pickpack/olpn/search
2026-07-02 16:18:00,302 - INFO - Successfully received response for Plant 1081 (PROD)
2026-07-02 16:18:00,302 - INFO - Success: Found 10 oLPN row(s) for this task.
2026-07-02 16:18:00,303 - INFO - Processing 10 payloads for Environment: PROD
2026-07-02 16:18:00,708 - INFO - Successfully retrieved token for PROD environment.
2026-07-02 16:18:00,708 - INFO - Sending payloads to URL: https://nikeaplawmprod1.sce.manh.com/pickpack/api/ServiceDefinition/invoke/NIKEEX10PackResultCS_1081
2026-07-02 16:18:00,708 - INFO - Using 10 worker threads for 10 payloads.
2026-07-02 16:18:00,708 - INFO - [PROD] Processing Payload 1/10 for Plant 1081
2026-07-02 16:18:00,709 - INFO - [PROD] Processing Payload 2/10 for Plant 1081
2026-07-02 16:18:00,710 - INFO - [PROD] Processing Payload 3/10 for Plant 1081
2026-07-02 16:18:00,710 - INFO - [PROD] Processing Payload 4/10 for Plant 1081
2026-07-02 16:18:00,710 - INFO - [PROD] Processing Payload 5/10 for Plant 1081
2026-07-02 16:18:00,712 - INFO - [PROD] Processing Payload 6/10 for Plant 1081
2026-07-02 16:18:00,712 - INFO - [PROD] Processing Payload 7/10 for Plant 1081
2026-07-02 16:18:00,713 - INFO - [PROD] Processing Payload 8/10 for Plant 1081
2026-07-02 16:18:00,713 - INFO - [PROD] Processing Payload 9/10 for Plant 1081
2026-07-02 16:18:00,714 - INFO - [PROD] Processing Payload 10/10 for Plant 1081
2026-07-02 16:18:03,493 - INFO - Pack Complete run finished. Success: 10, Failed: 0, Total: 10
2026-07-02 16:18:03,494 - INFO - Pack Complete run finished.
2026-07-02 16:18:03,494 - INFO - Waiting 20 seconds before next run...
2026-07-02 16:18:23,505 - INFO - Starting Pack Complete run...
2026-07-02 16:18:23,796 - INFO - Successfully extracted 1 data row(s) for wave information processing.
2026-07-02 16:18:23,796 - INFO - Processing row 1: {'Plant': 1081, 'Environment': 'PROD', 'Wave_number': 'W07022026000000000004;W07022026000000000003;W07022026000000000002;W07022026000000000001;W07012026000000000004;W07012026000000000003'}
2026-07-02 16:18:24,035 - INFO - Processing Task 1/1: Plant 1081 (PROD)
2026-07-02 16:18:24,732 - INFO - Successfully retrieved token.
2026-07-02 16:18:24,733 - INFO - Sending payload to URL: https://nikeaplawmprod1.sce.manh.com/pickpack/api/pickpack/olpn/search
2026-07-02 16:18:25,259 - INFO - Successfully received response for Plant 1081 (PROD)
2026-07-02 16:18:25,792 - INFO - Sending payload to URL: https://nikeaplawmprod1.sce.manh.com/task/api/task/taskDetail/search
2026-07-02 16:18:26,424 - INFO - -> Success: True, Message: None
2026-07-02 16:18:26,433 - INFO - Processing Task 1/1: Plant 1081 (PROD)
2026-07-02 16:18:27,362 - INFO - Successfully retrieved token.
2026-07-02 16:18:27,362 - INFO - Sending payload to URL: https://nikeaplawmprod1.sce.manh.com/pickpack/api/pickpack/olpn/search
2026-07-02 16:18:27,878 - INFO - Successfully received response for Plant 1081 (PROD)
2026-07-02 16:18:27,881 - INFO - Success: Found 13 oLPN row(s) for this task.
2026-07-02 16:18:27,885 - INFO - Processing 13 payloads for Environment: PROD
2026-07-02 16:18:28,406 - INFO - Successfully retrieved token for PROD environment.
2026-07-02 16:18:28,406 - INFO - Sending payloads to URL: https://nikeaplawmprod1.sce.manh.com/pickpack/api/ServiceDefinition/invoke/NIKEEX10PackResultCS_1081
2026-07-02 16:18:28,406 - INFO - Using 10 worker threads for 13 payloads.
2026-07-02 16:18:28,408 - INFO - [PROD] Processing Payload 1/13 for Plant 1081
2026-07-02 16:18:28,416 - INFO - [PROD] Processing Payload 2/13 for Plant 1081
2026-07-02 16:18:28,417 - INFO - [PROD] Processing Payload 3/13 for Plant 1081
2026-07-02 16:18:28,419 - INFO - [PROD] Processing Payload 4/13 for Plant 1081
2026-07-02 16:18:28,422 - INFO - [PROD] Processing Payload 5/13 for Plant 1081
2026-07-02 16:18:28,430 - INFO - [PROD] Processing Payload 6/13 for Plant 1081
2026-07-02 16:18:28,432 - INFO - [PROD] Processing Payload 7/13 for Plant 1081
2026-07-02 16:18:28,432 - INFO - [PROD] Processing Payload 8/13 for Plant 1081
2026-07-02 16:18:28,433 - INFO - [PROD] Processing Payload 9/13 for Plant 1081
2026-07-02 16:18:28,434 - INFO - [PROD] Processing Payload 10/13 for Plant 1081
2026-07-02 16:18:29,793 - INFO - [PROD] Processing Payload 11/13 for Plant 1081
2026-07-02 16:18:29,808 - INFO - [PROD] Processing Payload 12/13 for Plant 1081
2026-07-02 16:18:29,824 - INFO - [PROD] Processing Payload 13/13 for Plant 1081
2026-07-02 16:18:31,532 - INFO - Pack Complete run finished. Success: 13, Failed: 0, Total: 13
2026-07-02 16:18:31,532 - INFO - Pack Complete run finished.
2026-07-02 16:18:31,532 - INFO - Waiting 20 seconds before next run...
2026-07-02 16:18:51,537 - INFO - Starting Pack Complete run...
2026-07-02 16:18:51,787 - INFO - Successfully extracted 1 data row(s) for wave information processing.
2026-07-02 16:18:51,787 - INFO - Processing row 1: {'Plant': 1081, 'Environment': 'PROD', 'Wave_number': 'W07022026000000000004;W07022026000000000003;W07022026000000000002;W07022026000000000001;W07012026000000000004;W07012026000000000003'}
2026-07-02 16:18:52,010 - INFO - Processing Task 1/1: Plant 1081 (PROD)
2026-07-02 16:18:52,411 - INFO - Successfully retrieved token.
2026-07-02 16:18:52,414 - INFO - Sending payload to URL: https://nikeaplawmprod1.sce.manh.com/pickpack/api/pickpack/olpn/search
2026-07-02 16:18:52,741 - INFO - Successfully received response for Plant 1081 (PROD)
2026-07-02 16:18:53,167 - INFO - Sending payload to URL: https://nikeaplawmprod1.sce.manh.com/task/api/task/taskDetail/search
2026-07-02 16:18:53,369 - INFO - -> Success: True, Message: None
2026-07-02 16:18:53,378 - INFO - Processing Task 1/1: Plant 1081 (PROD)
2026-07-02 16:18:53,778 - INFO - Successfully retrieved token.
2026-07-02 16:18:53,779 - INFO - Sending payload to URL: https://nikeaplawmprod1.sce.manh.com/pickpack/api/pickpack/olpn/search
2026-07-02 16:18:54,090 - INFO - Successfully received response for Plant 1081 (PROD)
2026-07-02 16:18:54,092 - INFO - Success: Found 13 oLPN row(s) for this task.
2026-07-02 16:18:54,094 - INFO - Processing 13 payloads for Environment: PROD
2026-07-02 16:18:54,427 - INFO - Successfully retrieved token for PROD environment.
2026-07-02 16:18:54,427 - INFO - Sending payloads to URL: https://nikeaplawmprod1.sce.manh.com/pickpack/api/ServiceDefinition/invoke/NIKEEX10PackResultCS_1081
2026-07-02 16:18:54,427 - INFO - Using 10 worker threads for 13 payloads.
2026-07-02 16:18:54,432 - INFO - [PROD] Processing Payload 1/13 for Plant 1081
2026-07-02 16:18:54,434 - INFO - [PROD] Processing Payload 2/13 for Plant 1081
2026-07-02 16:18:54,437 - INFO - [PROD] Processing Payload 3/13 for Plant 1081
2026-07-02 16:18:54,440 - INFO - [PROD] Processing Payload 4/13 for Plant 1081
2026-07-02 16:18:54,443 - INFO - [PROD] Processing Payload 5/13 for Plant 1081
2026-07-02 16:18:54,452 - INFO - [PROD] Processing Payload 6/13 for Plant 1081
2026-07-02 16:18:54,456 - INFO - [PROD] Processing Payload 7/13 for Plant 1081
2026-07-02 16:18:54,457 - INFO - [PROD] Processing Payload 8/13 for Plant 1081
2026-07-02 16:18:54,458 - INFO - [PROD] Processing Payload 9/13 for Plant 1081
2026-07-02 16:18:54,458 - INFO - [PROD] Processing Payload 10/13 for Plant 1081
2026-07-02 16:18:55,474 - INFO - [PROD] Processing Payload 11/13 for Plant 1081
2026-07-02 16:18:55,486 - INFO - [PROD] Processing Payload 12/13 for Plant 1081
2026-07-02 16:18:55,549 - INFO - [PROD] Processing Payload 13/13 for Plant 1081
2026-07-02 16:18:57,050 - INFO - Pack Complete run finished. Success: 13, Failed: 0, Total: 13
2026-07-02 16:18:57,051 - INFO - Pack Complete run finished.
2026-07-02 16:18:57,051 - INFO - Waiting 20 seconds before next run...
2026-07-02 16:19:17,057 - INFO - Starting Pack Complete run...
2026-07-02 16:19:17,349 - INFO - Successfully extracted 1 data row(s) for wave information processing.
2026-07-02 16:19:17,349 - INFO - Processing row 1: {'Plant': 1081, 'Environment': 'PROD', 'Wave_number': 'W07022026000000000004;W07022026000000000003;W07022026000000000002;W07022026000000000001;W07012026000000000004;W07012026000000000003'}
2026-07-02 16:19:17,586 - INFO - Processing Task 1/1: Plant 1081 (PROD)
2026-07-02 16:19:18,019 - INFO - Successfully retrieved token.
2026-07-02 16:19:18,020 - INFO - Sending payload to URL: https://nikeaplawmprod1.sce.manh.com/pickpack/api/pickpack/olpn/search
2026-07-02 16:19:18,263 - INFO - Successfully received response for Plant 1081 (PROD)
2026-07-02 16:19:18,735 - INFO - Sending payload to URL: https://nikeaplawmprod1.sce.manh.com/task/api/task/taskDetail/search
2026-07-02 16:19:19,007 - INFO - -> Success: True, Message: None
2026-07-02 16:19:19,014 - INFO - Processing Task 1/1: Plant 1081 (PROD)
2026-07-02 16:19:19,428 - INFO - Successfully retrieved token.
2026-07-02 16:19:19,429 - INFO - Sending payload to URL: https://nikeaplawmprod1.sce.manh.com/pickpack/api/pickpack/olpn/search
2026-07-02 16:19:19,665 - INFO - Successfully received response for Plant 1081 (PROD)
2026-07-02 16:19:19,667 - INFO - Success: Found 16 oLPN row(s) for this task.
2026-07-02 16:19:19,670 - INFO - Processing 16 payloads for Environment: PROD
2026-07-02 16:19:20,066 - INFO - Successfully retrieved token for PROD environment.
2026-07-02 16:19:20,068 - INFO - Sending payloads to URL: https://nikeaplawmprod1.sce.manh.com/pickpack/api/ServiceDefinition/invoke/NIKEEX10PackResultCS_1081
2026-07-02 16:19:20,068 - INFO - Using 10 worker threads for 16 payloads.
2026-07-02 16:19:20,069 - INFO - [PROD] Processing Payload 1/16 for Plant 1081
2026-07-02 16:19:20,071 - INFO - [PROD] Processing Payload 2/16 for Plant 1081
2026-07-02 16:19:20,073 - INFO - [PROD] Processing Payload 3/16 for Plant 1081
2026-07-02 16:19:20,077 - INFO - [PROD] Processing Payload 4/16 for Plant 1081
2026-07-02 16:19:20,079 - INFO - [PROD] Processing Payload 5/16 for Plant 1081
2026-07-02 16:19:20,083 - INFO - [PROD] Processing Payload 6/16 for Plant 1081
2026-07-02 16:19:20,084 - INFO - [PROD] Processing Payload 7/16 for Plant 1081
2026-07-02 16:19:20,085 - INFO - [PROD] Processing Payload 8/16 for Plant 1081
2026-07-02 16:19:20,086 - INFO - [PROD] Processing Payload 9/16 for Plant 1081
2026-07-02 16:19:20,086 - INFO - [PROD] Processing Payload 10/16 for Plant 1081
2026-07-02 16:19:20,908 - INFO - [PROD] Processing Payload 11/16 for Plant 1081
2026-07-02 16:19:20,996 - INFO - [PROD] Processing Payload 12/16 for Plant 1081
2026-07-02 16:19:21,103 - INFO - [PROD] Processing Payload 13/16 for Plant 1081
2026-07-02 16:19:21,172 - INFO - [PROD] Processing Payload 14/16 for Plant 1081
2026-07-02 16:19:21,180 - INFO - [PROD] Processing Payload 15/16 for Plant 1081
2026-07-02 16:19:21,188 - INFO - [PROD] Processing Payload 16/16 for Plant 1081
2026-07-02 16:19:22,227 - INFO - Pack Complete run finished. Success: 16, Failed: 0, Total: 16
2026-07-02 16:19:22,228 - INFO - Pack Complete run finished.
2026-07-02 16:19:22,228 - INFO - Waiting 20 seconds before next run...
2026-07-02 16:19:42,232 - INFO - Starting Pack Complete run...
2026-07-02 16:19:42,479 - INFO - Successfully extracted 1 data row(s) for wave information processing.
2026-07-02 16:19:42,479 - INFO - Processing row 1: {'Plant': 1081, 'Environment': 'PROD', 'Wave_number': 'W07022026000000000004;W07022026000000000003;W07022026000000000002;W07022026000000000001;W07012026000000000004;W07012026000000000003'}
2026-07-02 16:19:42,680 - INFO - Processing Task 1/1: Plant 1081 (PROD)
2026-07-02 16:19:43,112 - INFO - Successfully retrieved token.
2026-07-02 16:19:43,112 - INFO - Sending payload to URL: https://nikeaplawmprod1.sce.manh.com/pickpack/api/pickpack/olpn/search
2026-07-02 16:19:43,361 - INFO - Successfully received response for Plant 1081 (PROD)
2026-07-02 16:19:43,826 - INFO - Sending payload to URL: https://nikeaplawmprod1.sce.manh.com/task/api/task/taskDetail/search
2026-07-02 16:19:44,058 - INFO - -> Success: True, Message: None
2026-07-02 16:19:44,066 - INFO - Processing Task 1/1: Plant 1081 (PROD)
2026-07-02 16:19:44,543 - INFO - Successfully retrieved token.
2026-07-02 16:19:44,543 - INFO - Sending payload to URL: https://nikeaplawmprod1.sce.manh.com/pickpack/api/pickpack/olpn/search
2026-07-02 16:19:44,785 - INFO - Successfully received response for Plant 1081 (PROD)
2026-07-02 16:19:44,787 - INFO - Success: Found 13 oLPN row(s) for this task.
2026-07-02 16:19:44,795 - INFO - Processing 13 payloads for Environment: PROD
2026-07-02 16:19:45,224 - INFO - Successfully retrieved token for PROD environment.
2026-07-02 16:19:45,224 - INFO - Sending payloads to URL: https://nikeaplawmprod1.sce.manh.com/pickpack/api/ServiceDefinition/invoke/NIKEEX10PackResultCS_1081
2026-07-02 16:19:45,224 - INFO - Using 10 worker threads for 13 payloads.
2026-07-02 16:19:45,224 - INFO - [PROD] Processing Payload 1/13 for Plant 1081
2026-07-02 16:19:45,224 - INFO - [PROD] Processing Payload 2/13 for Plant 1081
2026-07-02 16:19:45,225 - INFO - [PROD] Processing Payload 3/13 for Plant 1081
2026-07-02 16:19:45,225 - INFO - [PROD] Processing Payload 4/13 for Plant 1081
2026-07-02 16:19:45,231 - INFO - [PROD] Processing Payload 5/13 for Plant 1081
2026-07-02 16:19:45,232 - INFO - [PROD] Processing Payload 6/13 for Plant 1081
2026-07-02 16:19:45,232 - INFO - [PROD] Processing Payload 7/13 for Plant 1081
2026-07-02 16:19:45,233 - INFO - [PROD] Processing Payload 8/13 for Plant 1081
2026-07-02 16:19:45,233 - INFO - [PROD] Processing Payload 9/13 for Plant 1081
2026-07-02 16:19:45,234 - INFO - [PROD] Processing Payload 10/13 for Plant 1081
2026-07-02 16:19:46,395 - INFO - [PROD] Processing Payload 12/13 for Plant 1081
2026-07-02 16:19:46,399 - INFO - [PROD] Processing Payload 11/13 for Plant 1081
2026-07-02 16:19:46,415 - INFO - [PROD] Processing Payload 13/13 for Plant 1081
2026-07-02 16:19:47,018 - INFO - Pack Complete run finished. Success: 13, Failed: 0, Total: 13
2026-07-02 16:19:47,019 - INFO - Pack Complete run finished.
2026-07-02 16:19:47,019 - INFO - Waiting 20 seconds before next run...
2026-07-02 16:20:07,022 - INFO - Starting Pack Complete run...
2026-07-02 16:20:07,281 - INFO - Successfully extracted 1 data row(s) for wave information processing.
2026-07-02 16:20:07,281 - INFO - Processing row 1: {'Plant': 1081, 'Environment': 'PROD', 'Wave_number': 'W07022026000000000004;W07022026000000000003;W07022026000000000002;W07022026000000000001;W07012026000000000004;W07012026000000000003'}
2026-07-02 16:20:07,508 - INFO - Processing Task 1/1: Plant 1081 (PROD)
2026-07-02 16:20:08,056 - INFO - Successfully retrieved token.
2026-07-02 16:20:08,056 - INFO - Sending payload to URL: https://nikeaplawmprod1.sce.manh.com/pickpack/api/pickpack/olpn/search
2026-07-02 16:20:08,297 - INFO - Successfully received response for Plant 1081 (PROD)
2026-07-02 16:20:08,676 - INFO - Sending payload to URL: https://nikeaplawmprod1.sce.manh.com/task/api/task/taskDetail/search
2026-07-02 16:20:08,883 - INFO - -> Success: True, Message: None
2026-07-02 16:20:08,889 - INFO - Processing Task 1/1: Plant 1081 (PROD)
2026-07-02 16:20:09,321 - INFO - Successfully retrieved token.
2026-07-02 16:20:09,322 - INFO - Sending payload to URL: https://nikeaplawmprod1.sce.manh.com/pickpack/api/pickpack/olpn/search
2026-07-02 16:20:09,553 - INFO - Successfully received response for Plant 1081 (PROD)
2026-07-02 16:20:09,554 - INFO - Success: Found 13 oLPN row(s) for this task.
2026-07-02 16:20:09,559 - INFO - Processing 13 payloads for Environment: PROD
2026-07-02 16:20:10,042 - INFO - Successfully retrieved token for PROD environment.
2026-07-02 16:20:10,042 - INFO - Sending payloads to URL: https://nikeaplawmprod1.sce.manh.com/pickpack/api/ServiceDefinition/invoke/NIKEEX10PackResultCS_1081
2026-07-02 16:20:10,045 - INFO - Using 10 worker threads for 13 payloads.
2026-07-02 16:20:10,047 - INFO - [PROD] Processing Payload 1/13 for Plant 1081
2026-07-02 16:20:10,047 - INFO - [PROD] Processing Payload 2/13 for Plant 1081
2026-07-02 16:20:10,049 - INFO - [PROD] Processing Payload 3/13 for Plant 1081
2026-07-02 16:20:10,051 - INFO - [PROD] Processing Payload 4/13 for Plant 1081
2026-07-02 16:20:10,051 - INFO - [PROD] Processing Payload 5/13 for Plant 1081
2026-07-02 16:20:10,053 - INFO - [PROD] Processing Payload 6/13 for Plant 1081
2026-07-02 16:20:10,054 - INFO - [PROD] Processing Payload 7/13 for Plant 1081
2026-07-02 16:20:10,054 - INFO - [PROD] Processing Payload 8/13 for Plant 1081
2026-07-02 16:20:10,055 - INFO - [PROD] Processing Payload 9/13 for Plant 1081
2026-07-02 16:20:10,055 - INFO - [PROD] Processing Payload 10/13 for Plant 1081
2026-07-02 16:20:11,373 - INFO - [PROD] Processing Payload 11/13 for Plant 1081
2026-07-02 16:20:11,461 - INFO - [PROD] Processing Payload 12/13 for Plant 1081
2026-07-02 16:20:11,478 - INFO - [PROD] Processing Payload 13/13 for Plant 1081
2026-07-02 16:20:12,106 - INFO - Pack Complete run finished. Success: 13, Failed: 0, Total: 13
2026-07-02 16:20:12,107 - INFO - Pack Complete run finished.
2026-07-02 16:20:12,107 - INFO - Waiting 20 seconds before next run...
2026-07-02 16:20:32,111 - INFO - Starting Pack Complete run...
2026-07-02 16:20:32,366 - INFO - Successfully extracted 1 data row(s) for wave information processing.
2026-07-02 16:20:32,366 - INFO - Processing row 1: {'Plant': 1081, 'Environment': 'PROD', 'Wave_number': 'W07022026000000000004;W07022026000000000003;W07022026000000000002;W07022026000000000001;W07012026000000000004;W07012026000000000003'}
2026-07-02 16:20:32,565 - INFO - Processing Task 1/1: Plant 1081 (PROD)
2026-07-02 16:20:33,076 - INFO - Successfully retrieved token.
2026-07-02 16:20:33,077 - INFO - Sending payload to URL: https://nikeaplawmprod1.sce.manh.com/pickpack/api/pickpack/olpn/search
2026-07-02 16:20:33,307 - INFO - Successfully received response for Plant 1081 (PROD)
2026-07-02 16:20:33,793 - INFO - Sending payload to URL: https://nikeaplawmprod1.sce.manh.com/task/api/task/taskDetail/search
2026-07-02 16:20:34,020 - INFO - -> Success: True, Message: None
2026-07-02 16:20:34,025 - INFO - Processing Task 1/1: Plant 1081 (PROD)
2026-07-02 16:20:34,533 - INFO - Successfully retrieved token.
2026-07-02 16:20:34,534 - INFO - Sending payload to URL: https://nikeaplawmprod1.sce.manh.com/pickpack/api/pickpack/olpn/search
2026-07-02 16:20:34,775 - INFO - Successfully received response for Plant 1081 (PROD)
2026-07-02 16:20:34,777 - INFO - Success: Found 12 oLPN row(s) for this task.
2026-07-02 16:20:34,784 - INFO - Processing 12 payloads for Environment: PROD
2026-07-02 16:20:35,233 - INFO - Successfully retrieved token for PROD environment.
2026-07-02 16:20:35,234 - INFO - Sending payloads to URL: https://nikeaplawmprod1.sce.manh.com/pickpack/api/ServiceDefinition/invoke/NIKEEX10PackResultCS_1081
2026-07-02 16:20:35,234 - INFO - Using 10 worker threads for 12 payloads.
2026-07-02 16:20:35,235 - INFO - [PROD] Processing Payload 1/12 for Plant 1081
2026-07-02 16:20:35,236 - INFO - [PROD] Processing Payload 2/12 for Plant 1081
2026-07-02 16:20:35,236 - INFO - [PROD] Processing Payload 3/12 for Plant 1081
2026-07-02 16:20:35,238 - INFO - [PROD] Processing Payload 4/12 for Plant 1081
2026-07-02 16:20:35,244 - INFO - [PROD] Processing Payload 7/12 for Plant 1081
2026-07-02 16:20:35,238 - INFO - [PROD] Processing Payload 5/12 for Plant 1081
2026-07-02 16:20:35,240 - INFO - [PROD] Processing Payload 6/12 for Plant 1081
2026-07-02 16:20:35,248 - INFO - [PROD] Processing Payload 8/12 for Plant 1081
2026-07-02 16:20:35,249 - INFO - [PROD] Processing Payload 9/12 for Plant 1081
2026-07-02 16:20:35,250 - INFO - [PROD] Processing Payload 10/12 for Plant 1081
2026-07-02 16:20:36,663 - INFO - [PROD] Processing Payload 11/12 for Plant 1081
2026-07-02 16:20:36,668 - INFO - [PROD] Processing Payload 12/12 for Plant 1081
2026-07-02 16:20:37,568 - INFO - Pack Complete run finished. Success: 12, Failed: 0, Total: 12
2026-07-02 16:20:37,570 - INFO - Pack Complete run finished.
2026-07-02 16:20:37,570 - INFO - Waiting 20 seconds before next run...
2026-07-02 16:20:57,574 - INFO - Starting Pack Complete run...
2026-07-02 16:20:57,822 - INFO - Successfully extracted 1 data row(s) for wave information processing.
2026-07-02 16:20:57,822 - INFO - Processing row 1: {'Plant': 1081, 'Environment': 'PROD', 'Wave_number': 'W07022026000000000004;W07022026000000000003;W07022026000000000002;W07022026000000000001;W07012026000000000004;W07012026000000000003'}
2026-07-02 16:20:58,042 - INFO - Processing Task 1/1: Plant 1081 (PROD)
2026-07-02 16:20:58,477 - INFO - Successfully retrieved token.
2026-07-02 16:20:58,477 - INFO - Sending payload to URL: https://nikeaplawmprod1.sce.manh.com/pickpack/api/pickpack/olpn/search
2026-07-02 16:20:58,716 - INFO - Successfully received response for Plant 1081 (PROD)
2026-07-02 16:20:59,178 - INFO - Sending payload to URL: https://nikeaplawmprod1.sce.manh.com/task/api/task/taskDetail/search
2026-07-02 16:20:59,385 - INFO - -> Success: True, Message: None
2026-07-02 16:20:59,388 - INFO - Processing Task 1/1: Plant 1081 (PROD)
2026-07-02 16:20:59,907 - INFO - Successfully retrieved token.
2026-07-02 16:20:59,907 - INFO - Sending payload to URL: https://nikeaplawmprod1.sce.manh.com/pickpack/api/pickpack/olpn/search
2026-07-02 16:21:00,143 - INFO - Successfully received response for Plant 1081 (PROD)
2026-07-02 16:21:00,144 - INFO - Success: Found 13 oLPN row(s) for this task.
2026-07-02 16:21:00,148 - INFO - Processing 13 payloads for Environment: PROD
2026-07-02 16:21:00,525 - INFO - Successfully retrieved token for PROD environment.
2026-07-02 16:21:00,525 - INFO - Sending payloads to URL: https://nikeaplawmprod1.sce.manh.com/pickpack/api/ServiceDefinition/invoke/NIKEEX10PackResultCS_1081
2026-07-02 16:21:00,526 - INFO - Using 10 worker threads for 13 payloads.
2026-07-02 16:21:00,526 - INFO - [PROD] Processing Payload 1/13 for Plant 1081
2026-07-02 16:21:00,529 - INFO - [PROD] Processing Payload 2/13 for Plant 1081
2026-07-02 16:21:00,529 - INFO - [PROD] Processing Payload 3/13 for Plant 1081
2026-07-02 16:21:00,533 - INFO - [PROD] Processing Payload 4/13 for Plant 1081
2026-07-02 16:21:00,535 - INFO - [PROD] Processing Payload 5/13 for Plant 1081
2026-07-02 16:21:00,538 - INFO - [PROD] Processing Payload 6/13 for Plant 1081
2026-07-02 16:21:00,539 - INFO - [PROD] Processing Payload 7/13 for Plant 1081
2026-07-02 16:21:00,540 - INFO - [PROD] Processing Payload 8/13 for Plant 1081
2026-07-02 16:21:00,541 - INFO - [PROD] Processing Payload 9/13 for Plant 1081
2026-07-02 16:21:00,543 - INFO - [PROD] Processing Payload 10/13 for Plant 1081
2026-07-02 16:21:01,858 - INFO - [PROD] Processing Payload 11/13 for Plant 1081
2026-07-02 16:21:01,941 - INFO - [PROD] Processing Payload 12/13 for Plant 1081
2026-07-02 16:21:02,021 - INFO - [PROD] Processing Payload 13/13 for Plant 1081
2026-07-02 16:21:04,470 - INFO - Pack Complete run finished. Success: 13, Failed: 0, Total: 13
2026-07-02 16:21:04,471 - INFO - Pack Complete run finished.
2026-07-02 16:21:04,471 - INFO - Waiting 20 seconds before next run...
2026-07-02 16:21:24,475 - INFO - Starting Pack Complete run...
2026-07-02 16:21:24,712 - INFO - Successfully extracted 1 data row(s) for wave information processing.
2026-07-02 16:21:24,712 - INFO - Processing row 1: {'Plant': 1081, 'Environment': 'PROD', 'Wave_number': 'W07022026000000000004;W07022026000000000003;W07022026000000000002;W07022026000000000001;W07012026000000000004;W07012026000000000003'}
2026-07-02 16:21:24,920 - INFO - Processing Task 1/1: Plant 1081 (PROD)
2026-07-02 16:21:25,403 - INFO - Successfully retrieved token.
2026-07-02 16:21:25,404 - INFO - Sending payload to URL: https://nikeaplawmprod1.sce.manh.com/pickpack/api/pickpack/olpn/search
2026-07-02 16:21:25,644 - INFO - Successfully received response for Plant 1081 (PROD)
2026-07-02 16:21:26,026 - INFO - Sending payload to URL: https://nikeaplawmprod1.sce.manh.com/task/api/task/taskDetail/search
2026-07-02 16:21:26,243 - INFO - -> Success: True, Message: None
2026-07-02 16:21:26,249 - INFO - Processing Task 1/1: Plant 1081 (PROD)
2026-07-02 16:21:26,630 - INFO - Successfully retrieved token.
2026-07-02 16:21:26,630 - INFO - Sending payload to URL: https://nikeaplawmprod1.sce.manh.com/pickpack/api/pickpack/olpn/search
2026-07-02 16:21:26,872 - INFO - Successfully received response for Plant 1081 (PROD)
2026-07-02 16:21:26,874 - INFO - Success: Found 13 oLPN row(s) for this task.
2026-07-02 16:21:26,877 - INFO - Processing 13 payloads for Environment: PROD
2026-07-02 16:21:27,348 - INFO - Successfully retrieved token for PROD environment.
2026-07-02 16:21:27,349 - INFO - Sending payloads to URL: https://nikeaplawmprod1.sce.manh.com/pickpack/api/ServiceDefinition/invoke/NIKEEX10PackResultCS_1081
2026-07-02 16:21:27,349 - INFO - Using 10 worker threads for 13 payloads.
2026-07-02 16:21:27,349 - INFO - [PROD] Processing Payload 1/13 for Plant 1081
2026-07-02 16:21:27,350 - INFO - [PROD] Processing Payload 2/13 for Plant 1081
2026-07-02 16:21:27,350 - INFO - [PROD] Processing Payload 3/13 for Plant 1081
2026-07-02 16:21:27,350 - INFO - [PROD] Processing Payload 4/13 for Plant 1081
2026-07-02 16:21:27,353 - INFO - [PROD] Processing Payload 6/13 for Plant 1081
2026-07-02 16:21:27,354 - INFO - [PROD] Processing Payload 7/13 for Plant 1081
2026-07-02 16:21:27,361 - INFO - [PROD] Processing Payload 10/13 for Plant 1081
2026-07-02 16:21:27,354 - INFO - [PROD] Processing Payload 8/13 for Plant 1081
2026-07-02 16:21:27,351 - INFO - [PROD] Processing Payload 5/13 for Plant 1081
2026-07-02 16:21:27,355 - INFO - [PROD] Processing Payload 9/13 for Plant 1081
2026-07-02 16:21:28,787 - INFO - [PROD] Processing Payload 11/13 for Plant 1081
2026-07-02 16:21:28,793 - INFO - [PROD] Processing Payload 12/13 for Plant 1081
2026-07-02 16:21:28,798 - INFO - [PROD] Processing Payload 13/13 for Plant 1081
2026-07-02 16:21:29,741 - INFO - Pack Complete run finished. Success: 13, Failed: 0, Total: 13
2026-07-02 16:21:29,742 - INFO - Pack Complete run finished.
2026-07-02 16:21:29,742 - INFO - Waiting 20 seconds before next run...
2026-07-02 16:21:49,745 - INFO - Starting Pack Complete run...
2026-07-02 16:21:49,998 - INFO - Successfully extracted 1 data row(s) for wave information processing.
2026-07-02 16:21:49,998 - INFO - Processing row 1: {'Plant': 1081, 'Environment': 'PROD', 'Wave_number': 'W07022026000000000004;W07022026000000000003;W07022026000000000002;W07022026000000000001;W07012026000000000004;W07012026000000000003'}
2026-07-02 16:21:50,214 - INFO - Processing Task 1/1: Plant 1081 (PROD)
2026-07-02 16:21:50,594 - INFO - Successfully retrieved token.
2026-07-02 16:21:50,595 - INFO - Sending payload to URL: https://nikeaplawmprod1.sce.manh.com/pickpack/api/pickpack/olpn/search
2026-07-02 16:21:50,823 - INFO - Successfully received response for Plant 1081 (PROD)
2026-07-02 16:21:51,312 - INFO - Sending payload to URL: https://nikeaplawmprod1.sce.manh.com/task/api/task/taskDetail/search
2026-07-02 16:21:51,550 - INFO - -> Success: True, Message: None
2026-07-02 16:21:51,555 - INFO - Processing Task 1/1: Plant 1081 (PROD)
2026-07-02 16:21:51,925 - INFO - Successfully retrieved token.
2026-07-02 16:21:51,926 - INFO - Sending payload to URL: https://nikeaplawmprod1.sce.manh.com/pickpack/api/pickpack/olpn/search
2026-07-02 16:21:52,154 - INFO - Successfully received response for Plant 1081 (PROD)
2026-07-02 16:21:52,155 - INFO - Success: Found 12 oLPN row(s) for this task.
2026-07-02 16:21:52,160 - INFO - Processing 12 payloads for Environment: PROD
2026-07-02 16:21:52,571 - INFO - Successfully retrieved token for PROD environment.
2026-07-02 16:21:52,571 - INFO - Sending payloads to URL: https://nikeaplawmprod1.sce.manh.com/pickpack/api/ServiceDefinition/invoke/NIKEEX10PackResultCS_1081
2026-07-02 16:21:52,571 - INFO - Using 10 worker threads for 12 payloads.
2026-07-02 16:21:52,572 - INFO - [PROD] Processing Payload 1/12 for Plant 1081
2026-07-02 16:21:52,573 - INFO - [PROD] Processing Payload 2/12 for Plant 1081
2026-07-02 16:21:52,579 - INFO - [PROD] Processing Payload 3/12 for Plant 1081
2026-07-02 16:21:52,583 - INFO - [PROD] Processing Payload 4/12 for Plant 1081
2026-07-02 16:21:52,584 - INFO - [PROD] Processing Payload 5/12 for Plant 1081
2026-07-02 16:21:52,588 - INFO - [PROD] Processing Payload 6/12 for Plant 1081
2026-07-02 16:21:52,588 - INFO - [PROD] Processing Payload 7/12 for Plant 1081
2026-07-02 16:21:52,590 - INFO - [PROD] Processing Payload 8/12 for Plant 1081
2026-07-02 16:21:52,591 - INFO - [PROD] Processing Payload 9/12 for Plant 1081
2026-07-02 16:21:52,593 - INFO - [PROD] Processing Payload 10/12 for Plant 1081
2026-07-02 16:21:54,080 - INFO - [PROD] Processing Payload 11/12 for Plant 1081
2026-07-02 16:21:54,091 - INFO - [PROD] Processing Payload 12/12 for Plant 1081
2026-07-02 16:21:54,995 - INFO - Pack Complete run finished. Success: 12, Failed: 0, Total: 12
2026-07-02 16:21:54,996 - INFO - Pack Complete run finished.
2026-07-02 16:21:54,996 - INFO - Waiting 20 seconds before next run...
2026-07-02 16:22:14,998 - INFO - Starting Pack Complete run...
2026-07-02 16:22:15,249 - INFO - Successfully extracted 1 data row(s) for wave information processing.
2026-07-02 16:22:15,249 - INFO - Processing row 1: {'Plant': 1081, 'Environment': 'PROD', 'Wave_number': 'W07022026000000000004;W07022026000000000003;W07022026000000000002;W07022026000000000001;W07012026000000000004;W07012026000000000003'}
2026-07-02 16:22:15,456 - INFO - Processing Task 1/1: Plant 1081 (PROD)
2026-07-02 16:22:15,934 - INFO - Successfully retrieved token.
2026-07-02 16:22:15,934 - INFO - Sending payload to URL: https://nikeaplawmprod1.sce.manh.com/pickpack/api/pickpack/olpn/search
2026-07-02 16:22:16,154 - INFO - Successfully received response for Plant 1081 (PROD)
2026-07-02 16:22:16,546 - INFO - Sending payload to URL: https://nikeaplawmprod1.sce.manh.com/task/api/task/taskDetail/search
2026-07-02 16:22:16,749 - INFO - -> Success: True, Message: None
2026-07-02 16:22:16,764 - INFO - Processing Task 1/1: Plant 1081 (PROD)
2026-07-02 16:22:17,095 - INFO - Successfully retrieved token.
2026-07-02 16:22:17,095 - INFO - Sending payload to URL: https://nikeaplawmprod1.sce.manh.com/pickpack/api/pickpack/olpn/search
2026-07-02 16:22:17,302 - INFO - Successfully received response for Plant 1081 (PROD)
2026-07-02 16:22:17,303 - INFO - Success: Found 11 oLPN row(s) for this task.
2026-07-02 16:22:17,307 - INFO - Processing 11 payloads for Environment: PROD
2026-07-02 16:22:17,688 - INFO - Successfully retrieved token for PROD environment.
2026-07-02 16:22:17,688 - INFO - Sending payloads to URL: https://nikeaplawmprod1.sce.manh.com/pickpack/api/ServiceDefinition/invoke/NIKEEX10PackResultCS_1081
2026-07-02 16:22:17,688 - INFO - Using 10 worker threads for 11 payloads.
2026-07-02 16:22:17,689 - INFO - [PROD] Processing Payload 1/11 for Plant 1081
2026-07-02 16:22:17,690 - INFO - [PROD] Processing Payload 2/11 for Plant 1081
2026-07-02 16:22:17,690 - INFO - [PROD] Processing Payload 3/11 for Plant 1081
2026-07-02 16:22:17,692 - INFO - [PROD] Processing Payload 4/11 for Plant 1081
2026-07-02 16:22:17,695 - INFO - [PROD] Processing Payload 6/11 for Plant 1081
2026-07-02 16:22:17,694 - INFO - [PROD] Processing Payload 5/11 for Plant 1081
2026-07-02 16:22:17,699 - INFO - [PROD] Processing Payload 7/11 for Plant 1081
2026-07-02 16:22:17,703 - INFO - [PROD] Processing Payload 8/11 for Plant 1081
2026-07-02 16:22:17,712 - INFO - [PROD] Processing Payload 9/11 for Plant 1081
2026-07-02 16:22:17,713 - INFO - [PROD] Processing Payload 10/11 for Plant 1081
2026-07-02 16:22:18,963 - INFO - [PROD] Processing Payload 11/11 for Plant 1081
2026-07-02 16:22:19,540 - INFO - Pack Complete run finished. Success: 11, Failed: 0, Total: 11
2026-07-02 16:22:19,540 - INFO - Pack Complete run finished.
2026-07-02 16:22:19,540 - INFO - Waiting 20 seconds before next run...
2026-07-02 16:22:39,544 - INFO - Starting Pack Complete run...
2026-07-02 16:22:39,781 - INFO - Successfully extracted 1 data row(s) for wave information processing.
2026-07-02 16:22:39,781 - INFO - Processing row 1: {'Plant': 1081, 'Environment': 'PROD', 'Wave_number': 'W07022026000000000004;W07022026000000000003;W07022026000000000002;W07022026000000000001;W07012026000000000004;W07012026000000000003'}
2026-07-02 16:22:40,002 - INFO - Processing Task 1/1: Plant 1081 (PROD)
2026-07-02 16:22:40,460 - INFO - Successfully retrieved token.
2026-07-02 16:22:40,460 - INFO - Sending payload to URL: https://nikeaplawmprod1.sce.manh.com/pickpack/api/pickpack/olpn/search
2026-07-02 16:22:40,679 - INFO - Successfully received response for Plant 1081 (PROD)
2026-07-02 16:22:41,033 - INFO - Sending payload to URL: https://nikeaplawmprod1.sce.manh.com/task/api/task/taskDetail/search
2026-07-02 16:22:41,218 - INFO - -> Success: True, Message: None
2026-07-02 16:22:41,223 - INFO - Processing Task 1/1: Plant 1081 (PROD)
2026-07-02 16:22:41,585 - INFO - Successfully retrieved token.
2026-07-02 16:22:41,585 - INFO - Sending payload to URL: https://nikeaplawmprod1.sce.manh.com/pickpack/api/pickpack/olpn/search
2026-07-02 16:22:41,795 - INFO - Successfully received response for Plant 1081 (PROD)
2026-07-02 16:22:41,797 - INFO - Success: Found 16 oLPN row(s) for this task.
2026-07-02 16:22:41,800 - INFO - Processing 16 payloads for Environment: PROD
2026-07-02 16:22:42,156 - INFO - Successfully retrieved token for PROD environment.
2026-07-02 16:22:42,157 - INFO - Sending payloads to URL: https://nikeaplawmprod1.sce.manh.com/pickpack/api/ServiceDefinition/invoke/NIKEEX10PackResultCS_1081
2026-07-02 16:22:42,157 - INFO - Using 10 worker threads for 16 payloads.
2026-07-02 16:22:42,157 - INFO - [PROD] Processing Payload 1/16 for Plant 1081
2026-07-02 16:22:42,157 - INFO - [PROD] Processing Payload 2/16 for Plant 1081
2026-07-02 16:22:42,157 - INFO - [PROD] Processing Payload 3/16 for Plant 1081
2026-07-02 16:22:42,158 - INFO - [PROD] Processing Payload 4/16 for Plant 1081
2026-07-02 16:22:42,159 - INFO - [PROD] Processing Payload 5/16 for Plant 1081
2026-07-02 16:22:42,159 - INFO - [PROD] Processing Payload 6/16 for Plant 1081
2026-07-02 16:22:42,161 - INFO - [PROD] Processing Payload 7/16 for Plant 1081
2026-07-02 16:22:42,163 - INFO - [PROD] Processing Payload 8/16 for Plant 1081
2026-07-02 16:22:42,164 - INFO - [PROD] Processing Payload 9/16 for Plant 1081
2026-07-02 16:22:42,166 - INFO - [PROD] Processing Payload 10/16 for Plant 1081
2026-07-02 16:22:43,529 - INFO - [PROD] Processing Payload 11/16 for Plant 1081
2026-07-02 16:22:43,532 - INFO - [PROD] Processing Payload 12/16 for Plant 1081
2026-07-02 16:22:43,533 - INFO - [PROD] Processing Payload 13/16 for Plant 1081
2026-07-02 16:22:43,542 - INFO - [PROD] Processing Payload 14/16 for Plant 1081
2026-07-02 16:22:43,548 - INFO - [PROD] Processing Payload 15/16 for Plant 1081
2026-07-02 16:22:43,629 - INFO - [PROD] Processing Payload 16/16 for Plant 1081
2026-07-02 16:22:44,503 - INFO - Pack Complete run finished. Success: 16, Failed: 0, Total: 16
2026-07-02 16:22:44,504 - INFO - Pack Complete run finished.
2026-07-02 16:22:44,504 - INFO - Waiting 20 seconds before next run...
2026-07-02 16:23:04,509 - INFO - Starting Pack Complete run...
2026-07-02 16:23:04,770 - INFO - Successfully extracted 1 data row(s) for wave information processing.
2026-07-02 16:23:04,770 - INFO - Processing row 1: {'Plant': 1081, 'Environment': 'PROD', 'Wave_number': 'W07022026000000000004;W07022026000000000003;W07022026000000000002;W07022026000000000001;W07012026000000000004;W07012026000000000003'}
2026-07-02 16:23:04,982 - INFO - Processing Task 1/1: Plant 1081 (PROD)
2026-07-02 16:23:05,366 - INFO - Successfully retrieved token.
2026-07-02 16:23:05,367 - INFO - Sending payload to URL: https://nikeaplawmprod1.sce.manh.com/pickpack/api/pickpack/olpn/search
2026-07-02 16:23:05,588 - INFO - Successfully received response for Plant 1081 (PROD)
2026-07-02 16:23:05,939 - INFO - Sending payload to URL: https://nikeaplawmprod1.sce.manh.com/task/api/task/taskDetail/search
2026-07-02 16:23:06,169 - INFO - -> Success: True, Message: None
2026-07-02 16:23:06,172 - INFO - Processing Task 1/1: Plant 1081 (PROD)
2026-07-02 16:23:06,620 - INFO - Successfully retrieved token.
2026-07-02 16:23:06,620 - INFO - Sending payload to URL: https://nikeaplawmprod1.sce.manh.com/pickpack/api/pickpack/olpn/search
2026-07-02 16:23:06,849 - INFO - Successfully received response for Plant 1081 (PROD)
2026-07-02 16:23:06,850 - INFO - Success: Found 12 oLPN row(s) for this task.
2026-07-02 16:23:06,852 - INFO - Processing 12 payloads for Environment: PROD
2026-07-02 16:23:07,287 - INFO - Successfully retrieved token for PROD environment.
2026-07-02 16:23:07,287 - INFO - Sending payloads to URL: https://nikeaplawmprod1.sce.manh.com/pickpack/api/ServiceDefinition/invoke/NIKEEX10PackResultCS_1081
2026-07-02 16:23:07,288 - INFO - Using 10 worker threads for 12 payloads.
2026-07-02 16:23:07,288 - INFO - [PROD] Processing Payload 1/12 for Plant 1081
2026-07-02 16:23:07,289 - INFO - [PROD] Processing Payload 2/12 for Plant 1081
2026-07-02 16:23:07,289 - INFO - [PROD] Processing Payload 3/12 for Plant 1081
2026-07-02 16:23:07,289 - INFO - [PROD] Processing Payload 4/12 for Plant 1081
2026-07-02 16:23:07,292 - INFO - [PROD] Processing Payload 5/12 for Plant 1081
2026-07-02 16:23:07,292 - INFO - [PROD] Processing Payload 6/12 for Plant 1081
2026-07-02 16:23:07,293 - INFO - [PROD] Processing Payload 7/12 for Plant 1081
2026-07-02 16:23:07,302 - INFO - [PROD] Processing Payload 8/12 for Plant 1081
2026-07-02 16:23:07,304 - INFO - [PROD] Processing Payload 9/12 for Plant 1081
2026-07-02 16:23:07,308 - INFO - [PROD] Processing Payload 10/12 for Plant 1081
2026-07-02 16:23:08,312 - INFO - [PROD] Processing Payload 11/12 for Plant 1081
2026-07-02 16:23:08,322 - INFO - [PROD] Processing Payload 12/12 for Plant 1081
2026-07-02 16:23:09,024 - INFO - Pack Complete run finished. Success: 12, Failed: 0, Total: 12
2026-07-02 16:23:09,025 - INFO - Pack Complete run finished.
2026-07-02 16:23:09,025 - INFO - Waiting 20 seconds before next run...
2026-07-02 16:23:29,025 - INFO - Starting Pack Complete run...
2026-07-02 16:23:29,288 - INFO - Successfully extracted 1 data row(s) for wave information processing.
2026-07-02 16:23:29,288 - INFO - Processing row 1: {'Plant': 1081, 'Environment': 'PROD', 'Wave_number': 'W07022026000000000004;W07022026000000000003;W07022026000000000002;W07022026000000000001;W07012026000000000004;W07012026000000000003'}
2026-07-02 16:23:29,509 - INFO - Processing Task 1/1: Plant 1081 (PROD)
2026-07-02 16:23:30,027 - INFO - Successfully retrieved token.
2026-07-02 16:23:30,028 - INFO - Sending payload to URL: https://nikeaplawmprod1.sce.manh.com/pickpack/api/pickpack/olpn/search
2026-07-02 16:23:30,252 - INFO - Successfully received response for Plant 1081 (PROD)
2026-07-02 16:23:30,738 - INFO - Sending payload to URL: https://nikeaplawmprod1.sce.manh.com/task/api/task/taskDetail/search
2026-07-02 16:23:30,936 - INFO - -> Success: True, Message: None
2026-07-02 16:23:30,941 - INFO - Processing Task 1/1: Plant 1081 (PROD)
2026-07-02 16:23:31,310 - INFO - Successfully retrieved token.
2026-07-02 16:23:31,311 - INFO - Sending payload to URL: https://nikeaplawmprod1.sce.manh.com/pickpack/api/pickpack/olpn/search
2026-07-02 16:23:31,525 - INFO - Successfully received response for Plant 1081 (PROD)
2026-07-02 16:23:31,526 - INFO - Success: Found 10 oLPN row(s) for this task.
2026-07-02 16:23:31,529 - INFO - Processing 10 payloads for Environment: PROD
2026-07-02 16:23:31,965 - INFO - Successfully retrieved token for PROD environment.
2026-07-02 16:23:31,966 - INFO - Sending payloads to URL: https://nikeaplawmprod1.sce.manh.com/pickpack/api/ServiceDefinition/invoke/NIKEEX10PackResultCS_1081
2026-07-02 16:23:31,966 - INFO - Using 10 worker threads for 10 payloads.
2026-07-02 16:23:31,967 - INFO - [PROD] Processing Payload 1/10 for Plant 1081
2026-07-02 16:23:31,967 - INFO - [PROD] Processing Payload 2/10 for Plant 1081
2026-07-02 16:23:31,967 - INFO - [PROD] Processing Payload 3/10 for Plant 1081
2026-07-02 16:23:31,968 - INFO - [PROD] Processing Payload 4/10 for Plant 1081
2026-07-02 16:23:31,970 - INFO - [PROD] Processing Payload 5/10 for Plant 1081
2026-07-02 16:23:31,976 - INFO - [PROD] Processing Payload 8/10 for Plant 1081
2026-07-02 16:23:31,970 - INFO - [PROD] Processing Payload 6/10 for Plant 1081
2026-07-02 16:23:31,971 - INFO - [PROD] Processing Payload 7/10 for Plant 1081
2026-07-02 16:23:31,980 - INFO - [PROD] Processing Payload 9/10 for Plant 1081
2026-07-02 16:23:31,983 - INFO - [PROD] Processing Payload 10/10 for Plant 1081
2026-07-02 16:23:33,525 - INFO - Pack Complete run finished. Success: 10, Failed: 0, Total: 10
2026-07-02 16:23:33,525 - INFO - Pack Complete run finished.
2026-07-02 16:23:33,525 - INFO - Waiting 20 seconds before next run...
2026-07-02 16:23:53,529 - INFO - Starting Pack Complete run...
2026-07-02 16:23:53,789 - INFO - Successfully extracted 1 data row(s) for wave information processing.
2026-07-02 16:23:53,789 - INFO - Processing row 1: {'Plant': 1081, 'Environment': 'PROD', 'Wave_number': 'W07022026000000000004;W07022026000000000003;W07022026000000000002;W07022026000000000001;W07012026000000000004;W07012026000000000003'}
2026-07-02 16:23:54,030 - INFO - Processing Task 1/1: Plant 1081 (PROD)
2026-07-02 16:23:54,494 - INFO - Successfully retrieved token.
2026-07-02 16:23:54,495 - INFO - Sending payload to URL: https://nikeaplawmprod1.sce.manh.com/pickpack/api/pickpack/olpn/search
2026-07-02 16:23:54,721 - INFO - Successfully received response for Plant 1081 (PROD)
2026-07-02 16:23:55,106 - INFO - Sending payload to URL: https://nikeaplawmprod1.sce.manh.com/task/api/task/taskDetail/search
2026-07-02 16:23:55,315 - INFO - -> Success: True, Message: None
2026-07-02 16:23:55,320 - INFO - Processing Task 1/1: Plant 1081 (PROD)
2026-07-02 16:23:55,720 - INFO - Successfully retrieved token.
2026-07-02 16:23:55,720 - INFO - Sending payload to URL: https://nikeaplawmprod1.sce.manh.com/pickpack/api/pickpack/olpn/search
2026-07-02 16:23:55,929 - INFO - Successfully received response for Plant 1081 (PROD)
2026-07-02 16:23:55,931 - INFO - Success: Found 9 oLPN row(s) for this task.
2026-07-02 16:23:55,935 - INFO - Processing 9 payloads for Environment: PROD
2026-07-02 16:23:56,304 - INFO - Successfully retrieved token for PROD environment.
2026-07-02 16:23:56,305 - INFO - Sending payloads to URL: https://nikeaplawmprod1.sce.manh.com/pickpack/api/ServiceDefinition/invoke/NIKEEX10PackResultCS_1081
2026-07-02 16:23:56,305 - INFO - Using 9 worker threads for 9 payloads.
2026-07-02 16:23:56,305 - INFO - [PROD] Processing Payload 1/9 for Plant 1081
2026-07-02 16:23:56,308 - INFO - [PROD] Processing Payload 2/9 for Plant 1081
2026-07-02 16:23:56,310 - INFO - [PROD] Processing Payload 3/9 for Plant 1081
2026-07-02 16:23:56,310 - INFO - [PROD] Processing Payload 4/9 for Plant 1081
2026-07-02 16:23:56,317 - INFO - [PROD] Processing Payload 5/9 for Plant 1081
2026-07-02 16:23:56,318 - INFO - [PROD] Processing Payload 6/9 for Plant 1081
2026-07-02 16:23:56,319 - INFO - [PROD] Processing Payload 7/9 for Plant 1081
2026-07-02 16:23:56,320 - INFO - [PROD] Processing Payload 8/9 for Plant 1081
2026-07-02 16:23:56,321 - INFO - [PROD] Processing Payload 9/9 for Plant 1081
2026-07-02 16:23:57,912 - INFO - Pack Complete run finished. Success: 9, Failed: 0, Total: 9
2026-07-02 16:23:57,913 - INFO - Pack Complete run finished.
2026-07-02 16:23:57,913 - INFO - Waiting 20 seconds before next run...
2026-07-02 16:24:10,924 - INFO - Stop requested (Ctrl+C). Continuous Pack Complete execution stopped.
