2026-07-02 08:48:27,593 - INFO - Execution log file: /Users/vgana3/Documents/GitHub/Nike/J30/Outbound/logs/pack_complete_20260702_084827.log
2026-07-02 08:48:27,593 - INFO - Starting continuous mode. The job will rerun every 10 seconds. Press Ctrl+C to stop.
2026-07-02 08:48:27,593 - INFO - Starting Pack Complete run...
2026-07-02 08:48:27,965 - INFO - Successfully extracted 1 data row(s) for wave information processing.
2026-07-02 08:48:27,965 - INFO - Processing row 1: {'Plant': 1081, 'Environment': 'PROD', 'Wave_number': 'W07012026000000000003;W07012026000000000004'}
2026-07-02 08:48:28,190 - INFO - Processing Task 1/1: Plant 1081 (PROD)
2026-07-02 08:48:28,644 - INFO - Successfully retrieved token.
2026-07-02 08:48:28,644 - INFO - Sending payload to URL: https://nikeaplawmprod1.sce.manh.com/pickpack/api/pickpack/olpn/search
2026-07-02 08:48:28,879 - INFO - Successfully received response for Plant 1081 (PROD)
2026-07-02 08:48:29,278 - INFO - Sending payload to URL: https://nikeaplawmprod1.sce.manh.com/task/api/task/taskDetail/search
2026-07-02 08:48:29,461 - INFO - -> Success: True, Message: None
2026-07-02 08:48:29,463 - INFO - Processing Task 1/1: Plant 1081 (PROD)
2026-07-02 08:48:29,871 - INFO - Successfully retrieved token.
2026-07-02 08:48:29,871 - INFO - Sending payload to URL: https://nikeaplawmprod1.sce.manh.com/pickpack/api/pickpack/olpn/search
2026-07-02 08:48:30,095 - INFO - Successfully received response for Plant 1081 (PROD)
2026-07-02 08:48:30,096 - INFO - Success: Found 20 oLPN row(s) for this task.
2026-07-02 08:48:30,099 - INFO - Processing 20 payloads for Environment: PROD
2026-07-02 08:48:30,487 - INFO - Successfully retrieved token for PROD environment.
2026-07-02 08:48:30,487 - INFO - Sending payloads to URL: https://nikeaplawmprod1.sce.manh.com/pickpack/api/ServiceDefinition/invoke/NIKEEX10PackResultCS_1081
2026-07-02 08:48:30,487 - INFO - Using 10 worker threads for 20 payloads.
2026-07-02 08:48:30,487 - INFO - [PROD] Processing Payload 1/20 for Plant 1081
2026-07-02 08:48:30,489 - INFO - [PROD] Processing Payload 2/20 for Plant 1081
2026-07-02 08:48:30,489 - INFO - [PROD] Processing Payload 3/20 for Plant 1081
2026-07-02 08:48:30,490 - INFO - [PROD] Processing Payload 4/20 for Plant 1081
2026-07-02 08:48:30,492 - INFO - [PROD] Processing Payload 5/20 for Plant 1081
2026-07-02 08:48:30,492 - INFO - [PROD] Processing Payload 6/20 for Plant 1081
2026-07-02 08:48:30,493 - INFO - [PROD] Processing Payload 7/20 for Plant 1081
2026-07-02 08:48:30,494 - INFO - [PROD] Processing Payload 8/20 for Plant 1081
2026-07-02 08:48:30,496 - INFO - [PROD] Processing Payload 9/20 for Plant 1081
2026-07-02 08:48:30,496 - INFO - [PROD] Processing Payload 10/20 for Plant 1081
2026-07-02 08:48:30,510 - ERROR - ERROR: API request failed for payload 9: HTTPSConnectionPool(host='nikeaplawmprod1.sce.manh.com', port=443): Max retries exceeded with url: /pickpack/api/ServiceDefinition/invoke/NIKEEX10PackResultCS_1081 (Caused by NameResolutionError("<urllib3.connection.HTTPSConnection object at 0x110559d10>: Failed to resolve 'nikeaplawmprod1.sce.manh.com' ([Errno 8] nodename nor servname provided, or not known)"))
2026-07-02 08:48:30,510 - INFO - [PROD] Processing Payload 11/20 for Plant 1081
2026-07-02 08:48:31,922 - INFO - [PROD] Processing Payload 12/20 for Plant 1081
2026-07-02 08:48:31,924 - INFO - [PROD] Processing Payload 13/20 for Plant 1081
2026-07-02 08:48:32,120 - INFO - [PROD] Processing Payload 14/20 for Plant 1081
2026-07-02 08:48:32,176 - INFO - [PROD] Processing Payload 15/20 for Plant 1081
2026-07-02 08:48:32,236 - INFO - [PROD] Processing Payload 16/20 for Plant 1081
2026-07-02 08:48:32,241 - INFO - [PROD] Processing Payload 17/20 for Plant 1081
2026-07-02 08:48:32,299 - INFO - [PROD] Processing Payload 18/20 for Plant 1081
2026-07-02 08:48:32,363 - INFO - [PROD] Processing Payload 19/20 for Plant 1081
2026-07-02 08:48:32,369 - INFO - [PROD] Processing Payload 20/20 for Plant 1081
2026-07-02 08:48:33,731 - INFO - Pack Complete run finished. Success: 19, Failed: 1, Total: 20
2026-07-02 08:48:33,732 - INFO - Pack Complete run finished.
2026-07-02 08:48:33,732 - INFO - Waiting 10 seconds before next run...
2026-07-02 08:48:43,737 - INFO - Starting Pack Complete run...
2026-07-02 08:48:43,976 - INFO - Successfully extracted 1 data row(s) for wave information processing.
2026-07-02 08:48:43,976 - INFO - Processing row 1: {'Plant': 1081, 'Environment': 'PROD', 'Wave_number': 'W07012026000000000003;W07012026000000000004'}
2026-07-02 08:48:44,187 - INFO - Processing Task 1/1: Plant 1081 (PROD)
2026-07-02 08:48:44,508 - INFO - Successfully retrieved token.
2026-07-02 08:48:44,508 - INFO - Sending payload to URL: https://nikeaplawmprod1.sce.manh.com/pickpack/api/pickpack/olpn/search
2026-07-02 08:48:44,764 - INFO - Successfully received response for Plant 1081 (PROD)
2026-07-02 08:48:45,127 - INFO - Sending payload to URL: https://nikeaplawmprod1.sce.manh.com/task/api/task/taskDetail/search
2026-07-02 08:48:45,309 - INFO - -> Success: True, Message: None
2026-07-02 08:48:45,311 - INFO - Processing Task 1/1: Plant 1081 (PROD)
2026-07-02 08:48:45,641 - INFO - Successfully retrieved token.
2026-07-02 08:48:45,642 - INFO - Sending payload to URL: https://nikeaplawmprod1.sce.manh.com/pickpack/api/pickpack/olpn/search
2026-07-02 08:48:45,894 - INFO - Successfully received response for Plant 1081 (PROD)
2026-07-02 08:48:45,895 - INFO - Success: Found 20 oLPN row(s) for this task.
2026-07-02 08:48:45,897 - INFO - Processing 20 payloads for Environment: PROD
2026-07-02 08:48:46,254 - INFO - Successfully retrieved token for PROD environment.
2026-07-02 08:48:46,254 - INFO - Sending payloads to URL: https://nikeaplawmprod1.sce.manh.com/pickpack/api/ServiceDefinition/invoke/NIKEEX10PackResultCS_1081
2026-07-02 08:48:46,255 - INFO - Using 10 worker threads for 20 payloads.
2026-07-02 08:48:46,255 - INFO - [PROD] Processing Payload 1/20 for Plant 1081
2026-07-02 08:48:46,255 - INFO - [PROD] Processing Payload 2/20 for Plant 1081
2026-07-02 08:48:46,257 - INFO - [PROD] Processing Payload 3/20 for Plant 1081
2026-07-02 08:48:46,257 - INFO - [PROD] Processing Payload 4/20 for Plant 1081
2026-07-02 08:48:46,259 - INFO - [PROD] Processing Payload 5/20 for Plant 1081
2026-07-02 08:48:46,260 - INFO - [PROD] Processing Payload 6/20 for Plant 1081
2026-07-02 08:48:46,260 - INFO - [PROD] Processing Payload 7/20 for Plant 1081
2026-07-02 08:48:46,260 - INFO - [PROD] Processing Payload 8/20 for Plant 1081
2026-07-02 08:48:46,262 - INFO - [PROD] Processing Payload 9/20 for Plant 1081
2026-07-02 08:48:46,263 - INFO - [PROD] Processing Payload 10/20 for Plant 1081
2026-07-02 08:48:47,795 - INFO - [PROD] Processing Payload 11/20 for Plant 1081
2026-07-02 08:48:47,821 - INFO - [PROD] Processing Payload 12/20 for Plant 1081
2026-07-02 08:48:47,833 - INFO - [PROD] Processing Payload 13/20 for Plant 1081
2026-07-02 08:48:47,843 - INFO - [PROD] Processing Payload 14/20 for Plant 1081
2026-07-02 08:48:47,891 - INFO - [PROD] Processing Payload 15/20 for Plant 1081
2026-07-02 08:48:47,925 - INFO - [PROD] Processing Payload 16/20 for Plant 1081
2026-07-02 08:48:47,931 - INFO - [PROD] Processing Payload 17/20 for Plant 1081
2026-07-02 08:48:47,944 - INFO - [PROD] Processing Payload 18/20 for Plant 1081
2026-07-02 08:48:47,953 - INFO - [PROD] Processing Payload 19/20 for Plant 1081
2026-07-02 08:48:48,019 - INFO - [PROD] Processing Payload 20/20 for Plant 1081
2026-07-02 08:48:48,898 - INFO - Pack Complete run finished. Success: 20, Failed: 0, Total: 20
2026-07-02 08:48:48,899 - INFO - Pack Complete run finished.
2026-07-02 08:48:48,899 - INFO - Waiting 10 seconds before next run...
2026-07-02 08:48:58,904 - INFO - Starting Pack Complete run...
2026-07-02 08:48:59,115 - INFO - Successfully extracted 1 data row(s) for wave information processing.
2026-07-02 08:48:59,116 - INFO - Processing row 1: {'Plant': 1081, 'Environment': 'PROD', 'Wave_number': 'W07012026000000000003;W07012026000000000004'}
2026-07-02 08:48:59,378 - INFO - Processing Task 1/1: Plant 1081 (PROD)
2026-07-02 08:48:59,870 - INFO - Successfully retrieved token.
2026-07-02 08:48:59,871 - INFO - Sending payload to URL: https://nikeaplawmprod1.sce.manh.com/pickpack/api/pickpack/olpn/search
2026-07-02 08:49:00,089 - INFO - Successfully received response for Plant 1081 (PROD)
2026-07-02 08:49:00,404 - INFO - Sending payload to URL: https://nikeaplawmprod1.sce.manh.com/task/api/task/taskDetail/search
2026-07-02 08:49:00,600 - INFO - -> Success: True, Message: None
2026-07-02 08:49:00,601 - INFO - Processing Task 1/1: Plant 1081 (PROD)
2026-07-02 08:49:00,917 - INFO - Successfully retrieved token.
2026-07-02 08:49:00,917 - INFO - Sending payload to URL: https://nikeaplawmprod1.sce.manh.com/pickpack/api/pickpack/olpn/search
2026-07-02 08:49:01,147 - INFO - Successfully received response for Plant 1081 (PROD)
2026-07-02 08:49:01,148 - INFO - Success: Found 20 oLPN row(s) for this task.
2026-07-02 08:49:01,151 - INFO - Processing 20 payloads for Environment: PROD
2026-07-02 08:49:01,512 - INFO - Successfully retrieved token for PROD environment.
2026-07-02 08:49:01,512 - INFO - Sending payloads to URL: https://nikeaplawmprod1.sce.manh.com/pickpack/api/ServiceDefinition/invoke/NIKEEX10PackResultCS_1081
2026-07-02 08:49:01,512 - INFO - Using 10 worker threads for 20 payloads.
2026-07-02 08:49:01,513 - INFO - [PROD] Processing Payload 1/20 for Plant 1081
2026-07-02 08:49:01,513 - INFO - [PROD] Processing Payload 2/20 for Plant 1081
2026-07-02 08:49:01,513 - INFO - [PROD] Processing Payload 3/20 for Plant 1081
2026-07-02 08:49:01,515 - INFO - [PROD] Processing Payload 4/20 for Plant 1081
2026-07-02 08:49:01,515 - INFO - [PROD] Processing Payload 5/20 for Plant 1081
2026-07-02 08:49:01,516 - INFO - [PROD] Processing Payload 6/20 for Plant 1081
2026-07-02 08:49:01,518 - INFO - [PROD] Processing Payload 7/20 for Plant 1081
2026-07-02 08:49:01,518 - INFO - [PROD] Processing Payload 8/20 for Plant 1081
2026-07-02 08:49:01,519 - INFO - [PROD] Processing Payload 9/20 for Plant 1081
2026-07-02 08:49:01,519 - INFO - [PROD] Processing Payload 10/20 for Plant 1081
2026-07-02 08:49:02,552 - INFO - [PROD] Processing Payload 11/20 for Plant 1081
2026-07-02 08:49:02,845 - INFO - [PROD] Processing Payload 12/20 for Plant 1081
2026-07-02 08:49:02,849 - INFO - [PROD] Processing Payload 13/20 for Plant 1081
2026-07-02 08:49:02,859 - INFO - [PROD] Processing Payload 14/20 for Plant 1081
2026-07-02 08:49:02,869 - INFO - [PROD] Processing Payload 15/20 for Plant 1081
2026-07-02 08:49:02,898 - INFO - [PROD] Processing Payload 16/20 for Plant 1081
2026-07-02 08:49:02,903 - INFO - [PROD] Processing Payload 17/20 for Plant 1081
2026-07-02 08:49:02,913 - INFO - [PROD] Processing Payload 18/20 for Plant 1081
2026-07-02 08:49:02,961 - INFO - [PROD] Processing Payload 19/20 for Plant 1081
2026-07-02 08:49:02,997 - INFO - [PROD] Processing Payload 20/20 for Plant 1081
2026-07-02 08:49:04,266 - INFO - Pack Complete run finished. Success: 20, Failed: 0, Total: 20
2026-07-02 08:49:04,266 - INFO - Pack Complete run finished.
2026-07-02 08:49:04,266 - INFO - Waiting 10 seconds before next run...
2026-07-02 08:49:14,272 - INFO - Starting Pack Complete run...
2026-07-02 08:49:14,530 - INFO - Successfully extracted 1 data row(s) for wave information processing.
2026-07-02 08:49:14,530 - INFO - Processing row 1: {'Plant': 1081, 'Environment': 'PROD', 'Wave_number': 'W07012026000000000003;W07012026000000000004'}
2026-07-02 08:49:14,754 - INFO - Processing Task 1/1: Plant 1081 (PROD)
2026-07-02 08:49:15,123 - INFO - Successfully retrieved token.
2026-07-02 08:49:15,123 - INFO - Sending payload to URL: https://nikeaplawmprod1.sce.manh.com/pickpack/api/pickpack/olpn/search
2026-07-02 08:49:15,341 - INFO - Successfully received response for Plant 1081 (PROD)
2026-07-02 08:49:15,731 - INFO - Sending payload to URL: https://nikeaplawmprod1.sce.manh.com/task/api/task/taskDetail/search
2026-07-02 08:49:15,943 - INFO - -> Success: True, Message: None
2026-07-02 08:49:15,964 - INFO - Processing Task 1/1: Plant 1081 (PROD)
2026-07-02 08:49:16,360 - INFO - Successfully retrieved token.
2026-07-02 08:49:16,360 - INFO - Sending payload to URL: https://nikeaplawmprod1.sce.manh.com/pickpack/api/pickpack/olpn/search
2026-07-02 08:49:16,597 - INFO - Successfully received response for Plant 1081 (PROD)
2026-07-02 08:49:16,599 - INFO - Success: Found 20 oLPN row(s) for this task.
2026-07-02 08:49:16,602 - INFO - Processing 20 payloads for Environment: PROD
2026-07-02 08:49:16,976 - INFO - Successfully retrieved token for PROD environment.
2026-07-02 08:49:16,976 - INFO - Sending payloads to URL: https://nikeaplawmprod1.sce.manh.com/pickpack/api/ServiceDefinition/invoke/NIKEEX10PackResultCS_1081
2026-07-02 08:49:16,976 - INFO - Using 10 worker threads for 20 payloads.
2026-07-02 08:49:16,977 - INFO - [PROD] Processing Payload 1/20 for Plant 1081
2026-07-02 08:49:16,977 - INFO - [PROD] Processing Payload 2/20 for Plant 1081
2026-07-02 08:49:16,978 - INFO - [PROD] Processing Payload 3/20 for Plant 1081
2026-07-02 08:49:16,982 - INFO - [PROD] Processing Payload 4/20 for Plant 1081
2026-07-02 08:49:16,985 - INFO - [PROD] Processing Payload 5/20 for Plant 1081
2026-07-02 08:49:16,988 - INFO - [PROD] Processing Payload 6/20 for Plant 1081
2026-07-02 08:49:16,988 - INFO - [PROD] Processing Payload 7/20 for Plant 1081
2026-07-02 08:49:16,989 - INFO - [PROD] Processing Payload 8/20 for Plant 1081
2026-07-02 08:49:16,990 - INFO - [PROD] Processing Payload 9/20 for Plant 1081
2026-07-02 08:49:16,991 - INFO - [PROD] Processing Payload 10/20 for Plant 1081
2026-07-02 08:49:18,309 - INFO - [PROD] Processing Payload 11/20 for Plant 1081
2026-07-02 08:49:18,331 - INFO - [PROD] Processing Payload 12/20 for Plant 1081
2026-07-02 08:49:18,333 - INFO - [PROD] Processing Payload 13/20 for Plant 1081
2026-07-02 08:49:18,335 - INFO - [PROD] Processing Payload 14/20 for Plant 1081
2026-07-02 08:49:18,337 - INFO - [PROD] Processing Payload 15/20 for Plant 1081
2026-07-02 08:49:18,340 - INFO - [PROD] Processing Payload 16/20 for Plant 1081
2026-07-02 08:49:18,344 - INFO - [PROD] Processing Payload 17/20 for Plant 1081
2026-07-02 08:49:18,353 - INFO - [PROD] Processing Payload 18/20 for Plant 1081
2026-07-02 08:49:18,429 - INFO - [PROD] Processing Payload 19/20 for Plant 1081
2026-07-02 08:49:18,465 - INFO - [PROD] Processing Payload 20/20 for Plant 1081
2026-07-02 08:49:19,550 - INFO - Pack Complete run finished. Success: 20, Failed: 0, Total: 20
2026-07-02 08:49:19,551 - INFO - Pack Complete run finished.
2026-07-02 08:49:19,551 - INFO - Waiting 10 seconds before next run...
2026-07-02 08:49:29,557 - INFO - Starting Pack Complete run...
2026-07-02 08:49:29,795 - INFO - Successfully extracted 1 data row(s) for wave information processing.
2026-07-02 08:49:29,795 - INFO - Processing row 1: {'Plant': 1081, 'Environment': 'PROD', 'Wave_number': 'W07012026000000000003;W07012026000000000004'}
2026-07-02 08:49:30,015 - INFO - Processing Task 1/1: Plant 1081 (PROD)
2026-07-02 08:49:30,491 - INFO - Successfully retrieved token.
2026-07-02 08:49:30,492 - INFO - Sending payload to URL: https://nikeaplawmprod1.sce.manh.com/pickpack/api/pickpack/olpn/search
2026-07-02 08:49:30,762 - INFO - Successfully received response for Plant 1081 (PROD)
2026-07-02 08:49:31,201 - INFO - Sending payload to URL: https://nikeaplawmprod1.sce.manh.com/task/api/task/taskDetail/search
2026-07-02 08:49:31,384 - INFO - -> Success: True, Message: None
2026-07-02 08:49:31,388 - INFO - Processing Task 1/1: Plant 1081 (PROD)
2026-07-02 08:49:31,832 - INFO - Successfully retrieved token.
2026-07-02 08:49:31,833 - INFO - Sending payload to URL: https://nikeaplawmprod1.sce.manh.com/pickpack/api/pickpack/olpn/search
2026-07-02 08:49:32,065 - INFO - Successfully received response for Plant 1081 (PROD)
2026-07-02 08:49:32,066 - INFO - Success: Found 20 oLPN row(s) for this task.
2026-07-02 08:49:32,070 - INFO - Processing 20 payloads for Environment: PROD
2026-07-02 08:49:32,421 - INFO - Successfully retrieved token for PROD environment.
2026-07-02 08:49:32,421 - INFO - Sending payloads to URL: https://nikeaplawmprod1.sce.manh.com/pickpack/api/ServiceDefinition/invoke/NIKEEX10PackResultCS_1081
2026-07-02 08:49:32,421 - INFO - Using 10 worker threads for 20 payloads.
2026-07-02 08:49:32,422 - INFO - [PROD] Processing Payload 1/20 for Plant 1081
2026-07-02 08:49:32,422 - INFO - [PROD] Processing Payload 2/20 for Plant 1081
2026-07-02 08:49:32,422 - INFO - [PROD] Processing Payload 3/20 for Plant 1081
2026-07-02 08:49:32,422 - INFO - [PROD] Processing Payload 4/20 for Plant 1081
2026-07-02 08:49:32,423 - INFO - [PROD] Processing Payload 5/20 for Plant 1081
2026-07-02 08:49:32,423 - INFO - [PROD] Processing Payload 6/20 for Plant 1081
2026-07-02 08:49:32,425 - INFO - [PROD] Processing Payload 7/20 for Plant 1081
2026-07-02 08:49:32,425 - INFO - [PROD] Processing Payload 8/20 for Plant 1081
2026-07-02 08:49:32,427 - INFO - [PROD] Processing Payload 9/20 for Plant 1081
2026-07-02 08:49:32,427 - INFO - [PROD] Processing Payload 10/20 for Plant 1081
2026-07-02 08:49:33,653 - INFO - [PROD] Processing Payload 11/20 for Plant 1081
2026-07-02 08:49:33,701 - INFO - [PROD] Processing Payload 12/20 for Plant 1081
2026-07-02 08:49:33,724 - INFO - [PROD] Processing Payload 13/20 for Plant 1081
2026-07-02 08:49:33,750 - INFO - [PROD] Processing Payload 14/20 for Plant 1081
2026-07-02 08:49:33,785 - INFO - [PROD] Processing Payload 15/20 for Plant 1081
2026-07-02 08:49:33,895 - INFO - [PROD] Processing Payload 16/20 for Plant 1081
2026-07-02 08:49:33,897 - INFO - [PROD] Processing Payload 17/20 for Plant 1081
2026-07-02 08:49:33,955 - INFO - [PROD] Processing Payload 18/20 for Plant 1081
2026-07-02 08:49:33,990 - INFO - [PROD] Processing Payload 19/20 for Plant 1081
2026-07-02 08:49:33,999 - INFO - [PROD] Processing Payload 20/20 for Plant 1081
2026-07-02 08:49:35,235 - INFO - Pack Complete run finished. Success: 20, Failed: 0, Total: 20
2026-07-02 08:49:35,236 - INFO - Pack Complete run finished.
2026-07-02 08:49:35,236 - INFO - Waiting 10 seconds before next run...
2026-07-02 08:49:45,241 - INFO - Starting Pack Complete run...
2026-07-02 08:49:45,479 - INFO - Successfully extracted 1 data row(s) for wave information processing.
2026-07-02 08:49:45,479 - INFO - Processing row 1: {'Plant': 1081, 'Environment': 'PROD', 'Wave_number': 'W07012026000000000003;W07012026000000000004'}
2026-07-02 08:49:45,685 - INFO - Processing Task 1/1: Plant 1081 (PROD)
2026-07-02 08:49:46,158 - INFO - Successfully retrieved token.
2026-07-02 08:49:46,159 - INFO - Sending payload to URL: https://nikeaplawmprod1.sce.manh.com/pickpack/api/pickpack/olpn/search
2026-07-02 08:49:46,415 - INFO - Successfully received response for Plant 1081 (PROD)
2026-07-02 08:49:46,875 - INFO - Sending payload to URL: https://nikeaplawmprod1.sce.manh.com/task/api/task/taskDetail/search
2026-07-02 08:49:47,062 - INFO - -> Success: True, Message: None
2026-07-02 08:49:47,066 - INFO - Processing Task 1/1: Plant 1081 (PROD)
2026-07-02 08:49:47,486 - INFO - Successfully retrieved token.
2026-07-02 08:49:47,487 - INFO - Sending payload to URL: https://nikeaplawmprod1.sce.manh.com/pickpack/api/pickpack/olpn/search
2026-07-02 08:49:47,730 - INFO - Successfully received response for Plant 1081 (PROD)
2026-07-02 08:49:47,731 - INFO - Success: Found 20 oLPN row(s) for this task.
2026-07-02 08:49:47,733 - INFO - Processing 20 payloads for Environment: PROD
2026-07-02 08:49:48,104 - INFO - Successfully retrieved token for PROD environment.
2026-07-02 08:49:48,104 - INFO - Sending payloads to URL: https://nikeaplawmprod1.sce.manh.com/pickpack/api/ServiceDefinition/invoke/NIKEEX10PackResultCS_1081
2026-07-02 08:49:48,104 - INFO - Using 10 worker threads for 20 payloads.
2026-07-02 08:49:48,104 - INFO - [PROD] Processing Payload 1/20 for Plant 1081
2026-07-02 08:49:48,104 - INFO - [PROD] Processing Payload 2/20 for Plant 1081
2026-07-02 08:49:48,105 - INFO - [PROD] Processing Payload 3/20 for Plant 1081
2026-07-02 08:49:48,105 - INFO - [PROD] Processing Payload 4/20 for Plant 1081
2026-07-02 08:49:48,107 - INFO - [PROD] Processing Payload 5/20 for Plant 1081
2026-07-02 08:49:48,107 - INFO - [PROD] Processing Payload 6/20 for Plant 1081
2026-07-02 08:49:48,108 - INFO - [PROD] Processing Payload 7/20 for Plant 1081
2026-07-02 08:49:48,109 - INFO - [PROD] Processing Payload 8/20 for Plant 1081
2026-07-02 08:49:48,109 - INFO - [PROD] Processing Payload 9/20 for Plant 1081
2026-07-02 08:49:48,110 - INFO - [PROD] Processing Payload 10/20 for Plant 1081
2026-07-02 08:49:49,304 - INFO - [PROD] Processing Payload 11/20 for Plant 1081
2026-07-02 08:49:49,439 - INFO - [PROD] Processing Payload 12/20 for Plant 1081
2026-07-02 08:49:49,470 - INFO - [PROD] Processing Payload 13/20 for Plant 1081
2026-07-02 08:49:49,488 - INFO - [PROD] Processing Payload 14/20 for Plant 1081
2026-07-02 08:49:49,511 - INFO - [PROD] Processing Payload 15/20 for Plant 1081
2026-07-02 08:49:49,526 - INFO - [PROD] Processing Payload 16/20 for Plant 1081
2026-07-02 08:49:49,563 - INFO - [PROD] Processing Payload 17/20 for Plant 1081
2026-07-02 08:49:49,596 - INFO - [PROD] Processing Payload 18/20 for Plant 1081
2026-07-02 08:49:49,608 - INFO - [PROD] Processing Payload 19/20 for Plant 1081
2026-07-02 08:49:49,689 - INFO - [PROD] Processing Payload 20/20 for Plant 1081
2026-07-02 08:49:50,273 - INFO - Pack Complete run finished. Success: 20, Failed: 0, Total: 20
2026-07-02 08:49:50,274 - INFO - Pack Complete run finished.
2026-07-02 08:49:50,274 - INFO - Waiting 10 seconds before next run...
2026-07-02 08:50:00,279 - INFO - Starting Pack Complete run...
2026-07-02 08:50:00,519 - INFO - Successfully extracted 1 data row(s) for wave information processing.
2026-07-02 08:50:00,519 - INFO - Processing row 1: {'Plant': 1081, 'Environment': 'PROD', 'Wave_number': 'W07012026000000000003;W07012026000000000004'}
2026-07-02 08:50:00,751 - INFO - Processing Task 1/1: Plant 1081 (PROD)
2026-07-02 08:50:01,133 - INFO - Successfully retrieved token.
2026-07-02 08:50:01,133 - INFO - Sending payload to URL: https://nikeaplawmprod1.sce.manh.com/pickpack/api/pickpack/olpn/search
2026-07-02 08:50:01,362 - INFO - Successfully received response for Plant 1081 (PROD)
2026-07-02 08:50:01,820 - INFO - Sending payload to URL: https://nikeaplawmprod1.sce.manh.com/task/api/task/taskDetail/search
2026-07-02 08:50:02,013 - INFO - -> Success: True, Message: None
2026-07-02 08:50:02,016 - INFO - Processing Task 1/1: Plant 1081 (PROD)
2026-07-02 08:50:02,335 - INFO - Successfully retrieved token.
2026-07-02 08:50:02,335 - INFO - Sending payload to URL: https://nikeaplawmprod1.sce.manh.com/pickpack/api/pickpack/olpn/search
2026-07-02 08:50:02,571 - INFO - Successfully received response for Plant 1081 (PROD)
2026-07-02 08:50:02,572 - INFO - Success: Found 20 oLPN row(s) for this task.
2026-07-02 08:50:02,575 - INFO - Processing 20 payloads for Environment: PROD
2026-07-02 08:50:02,895 - INFO - Successfully retrieved token for PROD environment.
2026-07-02 08:50:02,895 - INFO - Sending payloads to URL: https://nikeaplawmprod1.sce.manh.com/pickpack/api/ServiceDefinition/invoke/NIKEEX10PackResultCS_1081
2026-07-02 08:50:02,896 - INFO - Using 10 worker threads for 20 payloads.
2026-07-02 08:50:02,896 - INFO - [PROD] Processing Payload 1/20 for Plant 1081
2026-07-02 08:50:02,896 - INFO - [PROD] Processing Payload 2/20 for Plant 1081
2026-07-02 08:50:02,898 - INFO - [PROD] Processing Payload 3/20 for Plant 1081
2026-07-02 08:50:02,898 - INFO - [PROD] Processing Payload 4/20 for Plant 1081
2026-07-02 08:50:02,899 - INFO - [PROD] Processing Payload 5/20 for Plant 1081
2026-07-02 08:50:02,899 - INFO - [PROD] Processing Payload 6/20 for Plant 1081
2026-07-02 08:50:02,900 - INFO - [PROD] Processing Payload 7/20 for Plant 1081
2026-07-02 08:50:02,900 - INFO - [PROD] Processing Payload 8/20 for Plant 1081
2026-07-02 08:50:02,900 - INFO - [PROD] Processing Payload 9/20 for Plant 1081
2026-07-02 08:50:02,901 - INFO - [PROD] Processing Payload 10/20 for Plant 1081
2026-07-02 08:50:04,280 - INFO - [PROD] Processing Payload 11/20 for Plant 1081
2026-07-02 08:50:04,284 - INFO - [PROD] Processing Payload 12/20 for Plant 1081
2026-07-02 08:50:04,289 - INFO - [PROD] Processing Payload 13/20 for Plant 1081
2026-07-02 08:50:04,291 - INFO - [PROD] Processing Payload 14/20 for Plant 1081
2026-07-02 08:50:04,292 - INFO - [PROD] Processing Payload 15/20 for Plant 1081
2026-07-02 08:50:04,294 - INFO - [PROD] Processing Payload 16/20 for Plant 1081
2026-07-02 08:50:04,296 - INFO - [PROD] Processing Payload 17/20 for Plant 1081
2026-07-02 08:50:04,299 - INFO - [PROD] Processing Payload 18/20 for Plant 1081
2026-07-02 08:50:04,311 - INFO - [PROD] Processing Payload 19/20 for Plant 1081
2026-07-02 08:50:04,314 - INFO - [PROD] Processing Payload 20/20 for Plant 1081
2026-07-02 08:50:05,759 - INFO - Pack Complete run finished. Success: 20, Failed: 0, Total: 20
2026-07-02 08:50:05,760 - INFO - Pack Complete run finished.
2026-07-02 08:50:05,760 - INFO - Waiting 10 seconds before next run...
2026-07-02 08:50:15,765 - INFO - Starting Pack Complete run...
2026-07-02 08:50:16,002 - INFO - Successfully extracted 1 data row(s) for wave information processing.
2026-07-02 08:50:16,002 - INFO - Processing row 1: {'Plant': 1081, 'Environment': 'PROD', 'Wave_number': 'W07012026000000000003;W07012026000000000004'}
2026-07-02 08:50:16,207 - INFO - Processing Task 1/1: Plant 1081 (PROD)
2026-07-02 08:50:16,570 - INFO - Successfully retrieved token.
2026-07-02 08:50:16,570 - INFO - Sending payload to URL: https://nikeaplawmprod1.sce.manh.com/pickpack/api/pickpack/olpn/search
2026-07-02 08:50:16,806 - INFO - Successfully received response for Plant 1081 (PROD)
2026-07-02 08:50:17,183 - INFO - Sending payload to URL: https://nikeaplawmprod1.sce.manh.com/task/api/task/taskDetail/search
2026-07-02 08:50:17,371 - INFO - -> Success: True, Message: None
2026-07-02 08:50:17,374 - INFO - Processing Task 1/1: Plant 1081 (PROD)
2026-07-02 08:50:17,906 - INFO - Successfully retrieved token.
2026-07-02 08:50:17,907 - INFO - Sending payload to URL: https://nikeaplawmprod1.sce.manh.com/pickpack/api/pickpack/olpn/search
2026-07-02 08:50:18,149 - INFO - Successfully received response for Plant 1081 (PROD)
2026-07-02 08:50:18,151 - INFO - Success: Found 20 oLPN row(s) for this task.
2026-07-02 08:50:18,154 - INFO - Processing 20 payloads for Environment: PROD
2026-07-02 08:50:18,490 - INFO - Successfully retrieved token for PROD environment.
2026-07-02 08:50:18,491 - INFO - Sending payloads to URL: https://nikeaplawmprod1.sce.manh.com/pickpack/api/ServiceDefinition/invoke/NIKEEX10PackResultCS_1081
2026-07-02 08:50:18,491 - INFO - Using 10 worker threads for 20 payloads.
2026-07-02 08:50:18,491 - INFO - [PROD] Processing Payload 1/20 for Plant 1081
2026-07-02 08:50:18,492 - INFO - [PROD] Processing Payload 2/20 for Plant 1081
2026-07-02 08:50:18,493 - INFO - [PROD] Processing Payload 3/20 for Plant 1081
2026-07-02 08:50:18,493 - INFO - [PROD] Processing Payload 4/20 for Plant 1081
2026-07-02 08:50:18,494 - INFO - [PROD] Processing Payload 5/20 for Plant 1081
2026-07-02 08:50:18,495 - INFO - [PROD] Processing Payload 6/20 for Plant 1081
2026-07-02 08:50:18,495 - INFO - [PROD] Processing Payload 7/20 for Plant 1081
2026-07-02 08:50:18,496 - INFO - [PROD] Processing Payload 8/20 for Plant 1081
2026-07-02 08:50:18,496 - INFO - [PROD] Processing Payload 9/20 for Plant 1081
2026-07-02 08:50:18,497 - INFO - [PROD] Processing Payload 10/20 for Plant 1081
2026-07-02 08:50:19,743 - INFO - [PROD] Processing Payload 11/20 for Plant 1081
2026-07-02 08:50:19,867 - INFO - [PROD] Processing Payload 12/20 for Plant 1081
2026-07-02 08:50:19,869 - INFO - [PROD] Processing Payload 13/20 for Plant 1081
2026-07-02 08:50:19,891 - INFO - [PROD] Processing Payload 14/20 for Plant 1081
2026-07-02 08:50:19,897 - INFO - [PROD] Processing Payload 15/20 for Plant 1081
2026-07-02 08:50:19,974 - INFO - [PROD] Processing Payload 16/20 for Plant 1081
2026-07-02 08:50:19,986 - INFO - [PROD] Processing Payload 17/20 for Plant 1081
2026-07-02 08:50:20,031 - INFO - [PROD] Processing Payload 18/20 for Plant 1081
2026-07-02 08:50:20,040 - INFO - [PROD] Processing Payload 19/20 for Plant 1081
2026-07-02 08:50:20,075 - INFO - [PROD] Processing Payload 20/20 for Plant 1081
2026-07-02 08:50:20,898 - INFO - Pack Complete run finished. Success: 20, Failed: 0, Total: 20
2026-07-02 08:50:20,899 - INFO - Pack Complete run finished.
2026-07-02 08:50:20,899 - INFO - Waiting 10 seconds before next run...
2026-07-02 08:50:30,904 - INFO - Starting Pack Complete run...
2026-07-02 08:50:31,140 - INFO - Successfully extracted 1 data row(s) for wave information processing.
2026-07-02 08:50:31,140 - INFO - Processing row 1: {'Plant': 1081, 'Environment': 'PROD', 'Wave_number': 'W07012026000000000003;W07012026000000000004'}
2026-07-02 08:50:31,368 - INFO - Processing Task 1/1: Plant 1081 (PROD)
2026-07-02 08:50:31,822 - INFO - Successfully retrieved token.
2026-07-02 08:50:31,822 - INFO - Sending payload to URL: https://nikeaplawmprod1.sce.manh.com/pickpack/api/pickpack/olpn/search
2026-07-02 08:50:32,067 - INFO - Successfully received response for Plant 1081 (PROD)
2026-07-02 08:50:32,408 - INFO - Sending payload to URL: https://nikeaplawmprod1.sce.manh.com/task/api/task/taskDetail/search
2026-07-02 08:50:32,590 - INFO - -> Success: True, Message: None
2026-07-02 08:50:32,594 - INFO - Processing Task 1/1: Plant 1081 (PROD)
2026-07-02 08:50:33,055 - INFO - Successfully retrieved token.
2026-07-02 08:50:33,056 - INFO - Sending payload to URL: https://nikeaplawmprod1.sce.manh.com/pickpack/api/pickpack/olpn/search
2026-07-02 08:50:33,287 - INFO - Successfully received response for Plant 1081 (PROD)
2026-07-02 08:50:33,287 - INFO - Success: Found 20 oLPN row(s) for this task.
2026-07-02 08:50:33,288 - INFO - Processing 20 payloads for Environment: PROD
2026-07-02 08:50:33,671 - INFO - Successfully retrieved token for PROD environment.
2026-07-02 08:50:33,672 - INFO - Sending payloads to URL: https://nikeaplawmprod1.sce.manh.com/pickpack/api/ServiceDefinition/invoke/NIKEEX10PackResultCS_1081
2026-07-02 08:50:33,672 - INFO - Using 10 worker threads for 20 payloads.
2026-07-02 08:50:33,672 - INFO - [PROD] Processing Payload 1/20 for Plant 1081
2026-07-02 08:50:33,672 - INFO - [PROD] Processing Payload 2/20 for Plant 1081
2026-07-02 08:50:33,674 - INFO - [PROD] Processing Payload 3/20 for Plant 1081
2026-07-02 08:50:33,674 - INFO - [PROD] Processing Payload 4/20 for Plant 1081
2026-07-02 08:50:33,675 - INFO - [PROD] Processing Payload 5/20 for Plant 1081
2026-07-02 08:50:33,677 - INFO - [PROD] Processing Payload 6/20 for Plant 1081
2026-07-02 08:50:33,677 - INFO - [PROD] Processing Payload 7/20 for Plant 1081
2026-07-02 08:50:33,679 - INFO - [PROD] Processing Payload 8/20 for Plant 1081
2026-07-02 08:50:33,681 - INFO - [PROD] Processing Payload 9/20 for Plant 1081
2026-07-02 08:50:33,682 - INFO - [PROD] Processing Payload 10/20 for Plant 1081
2026-07-02 08:50:35,065 - INFO - [PROD] Processing Payload 11/20 for Plant 1081
2026-07-02 08:50:35,093 - INFO - [PROD] Processing Payload 12/20 for Plant 1081
2026-07-02 08:50:35,106 - INFO - [PROD] Processing Payload 13/20 for Plant 1081
2026-07-02 08:50:35,148 - INFO - [PROD] Processing Payload 14/20 for Plant 1081
2026-07-02 08:50:35,187 - INFO - [PROD] Processing Payload 15/20 for Plant 1081
2026-07-02 08:50:35,193 - INFO - [PROD] Processing Payload 16/20 for Plant 1081
2026-07-02 08:50:35,261 - INFO - [PROD] Processing Payload 17/20 for Plant 1081
2026-07-02 08:50:35,297 - INFO - [PROD] Processing Payload 18/20 for Plant 1081
2026-07-02 08:50:35,302 - INFO - [PROD] Processing Payload 19/20 for Plant 1081
2026-07-02 08:50:35,313 - INFO - [PROD] Processing Payload 20/20 for Plant 1081
2026-07-02 08:50:36,128 - INFO - Pack Complete run finished. Success: 20, Failed: 0, Total: 20
2026-07-02 08:50:36,129 - INFO - Pack Complete run finished.
2026-07-02 08:50:36,129 - INFO - Waiting 10 seconds before next run...
2026-07-02 08:50:46,270 - INFO - Starting Pack Complete run...
2026-07-02 08:50:46,501 - INFO - Successfully extracted 1 data row(s) for wave information processing.
2026-07-02 08:50:46,501 - INFO - Processing row 1: {'Plant': 1081, 'Environment': 'PROD', 'Wave_number': 'W07012026000000000003;W07012026000000000004'}
2026-07-02 08:50:46,706 - INFO - Processing Task 1/1: Plant 1081 (PROD)
2026-07-02 08:50:47,118 - INFO - Successfully retrieved token.
2026-07-02 08:50:47,118 - INFO - Sending payload to URL: https://nikeaplawmprod1.sce.manh.com/pickpack/api/pickpack/olpn/search
2026-07-02 08:50:47,354 - INFO - Successfully received response for Plant 1081 (PROD)
2026-07-02 08:50:47,735 - INFO - Sending payload to URL: https://nikeaplawmprod1.sce.manh.com/task/api/task/taskDetail/search
2026-07-02 08:50:47,926 - INFO - -> Success: True, Message: None
2026-07-02 08:50:47,928 - INFO - Processing Task 1/1: Plant 1081 (PROD)
2026-07-02 08:50:48,349 - INFO - Successfully retrieved token.
2026-07-02 08:50:48,349 - INFO - Sending payload to URL: https://nikeaplawmprod1.sce.manh.com/pickpack/api/pickpack/olpn/search
2026-07-02 08:50:48,592 - INFO - Successfully received response for Plant 1081 (PROD)
2026-07-02 08:50:48,594 - INFO - Success: Found 20 oLPN row(s) for this task.
2026-07-02 08:50:48,596 - INFO - Processing 20 payloads for Environment: PROD
2026-07-02 08:50:48,964 - INFO - Successfully retrieved token for PROD environment.
2026-07-02 08:50:48,964 - INFO - Sending payloads to URL: https://nikeaplawmprod1.sce.manh.com/pickpack/api/ServiceDefinition/invoke/NIKEEX10PackResultCS_1081
2026-07-02 08:50:48,965 - INFO - Using 10 worker threads for 20 payloads.
2026-07-02 08:50:48,966 - INFO - [PROD] Processing Payload 1/20 for Plant 1081
2026-07-02 08:50:48,966 - INFO - [PROD] Processing Payload 2/20 for Plant 1081
2026-07-02 08:50:48,967 - INFO - [PROD] Processing Payload 3/20 for Plant 1081
2026-07-02 08:50:48,968 - INFO - [PROD] Processing Payload 4/20 for Plant 1081
2026-07-02 08:50:48,969 - INFO - [PROD] Processing Payload 5/20 for Plant 1081
2026-07-02 08:50:48,971 - INFO - [PROD] Processing Payload 6/20 for Plant 1081
2026-07-02 08:50:48,971 - INFO - [PROD] Processing Payload 7/20 for Plant 1081
2026-07-02 08:50:48,972 - INFO - [PROD] Processing Payload 8/20 for Plant 1081
2026-07-02 08:50:48,974 - INFO - [PROD] Processing Payload 9/20 for Plant 1081
2026-07-02 08:50:48,975 - INFO - [PROD] Processing Payload 10/20 for Plant 1081
2026-07-02 08:50:50,294 - INFO - [PROD] Processing Payload 11/20 for Plant 1081
2026-07-02 08:50:50,299 - INFO - [PROD] Processing Payload 12/20 for Plant 1081
2026-07-02 08:50:50,311 - INFO - [PROD] Processing Payload 13/20 for Plant 1081
2026-07-02 08:50:50,363 - INFO - [PROD] Processing Payload 14/20 for Plant 1081
2026-07-02 08:50:50,372 - INFO - [PROD] Processing Payload 15/20 for Plant 1081
2026-07-02 08:50:50,389 - INFO - [PROD] Processing Payload 16/20 for Plant 1081
2026-07-02 08:50:50,390 - INFO - [PROD] Processing Payload 17/20 for Plant 1081
2026-07-02 08:50:50,433 - INFO - [PROD] Processing Payload 18/20 for Plant 1081
2026-07-02 08:50:50,452 - INFO - [PROD] Processing Payload 19/20 for Plant 1081
2026-07-02 08:50:50,473 - INFO - [PROD] Processing Payload 20/20 for Plant 1081
2026-07-02 08:50:51,377 - INFO - Pack Complete run finished. Success: 20, Failed: 0, Total: 20
2026-07-02 08:50:51,377 - INFO - Pack Complete run finished.
2026-07-02 08:50:51,377 - INFO - Waiting 10 seconds before next run...
2026-07-02 08:51:01,383 - INFO - Starting Pack Complete run...
2026-07-02 08:51:01,618 - INFO - Successfully extracted 1 data row(s) for wave information processing.
2026-07-02 08:51:01,619 - INFO - Processing row 1: {'Plant': 1081, 'Environment': 'PROD', 'Wave_number': 'W07012026000000000003;W07012026000000000004'}
2026-07-02 08:51:01,844 - INFO - Processing Task 1/1: Plant 1081 (PROD)
2026-07-02 08:51:02,192 - INFO - Successfully retrieved token.
2026-07-02 08:51:02,192 - INFO - Sending payload to URL: https://nikeaplawmprod1.sce.manh.com/pickpack/api/pickpack/olpn/search
2026-07-02 08:51:02,441 - INFO - Successfully received response for Plant 1081 (PROD)
2026-07-02 08:51:02,782 - INFO - Sending payload to URL: https://nikeaplawmprod1.sce.manh.com/task/api/task/taskDetail/search
2026-07-02 08:51:02,972 - INFO - -> Success: True, Message: None
2026-07-02 08:51:02,973 - INFO - Processing Task 1/1: Plant 1081 (PROD)
2026-07-02 08:51:03,401 - INFO - Successfully retrieved token.
2026-07-02 08:51:03,402 - INFO - Sending payload to URL: https://nikeaplawmprod1.sce.manh.com/pickpack/api/pickpack/olpn/search
2026-07-02 08:51:03,643 - INFO - Successfully received response for Plant 1081 (PROD)
2026-07-02 08:51:03,645 - INFO - Success: Found 20 oLPN row(s) for this task.
2026-07-02 08:51:03,647 - INFO - Processing 20 payloads for Environment: PROD
2026-07-02 08:51:04,038 - INFO - Successfully retrieved token for PROD environment.
2026-07-02 08:51:04,039 - INFO - Sending payloads to URL: https://nikeaplawmprod1.sce.manh.com/pickpack/api/ServiceDefinition/invoke/NIKEEX10PackResultCS_1081
2026-07-02 08:51:04,039 - INFO - Using 10 worker threads for 20 payloads.
2026-07-02 08:51:04,039 - INFO - [PROD] Processing Payload 1/20 for Plant 1081
2026-07-02 08:51:04,040 - INFO - [PROD] Processing Payload 2/20 for Plant 1081
2026-07-02 08:51:04,040 - INFO - [PROD] Processing Payload 3/20 for Plant 1081
2026-07-02 08:51:04,041 - INFO - [PROD] Processing Payload 4/20 for Plant 1081
2026-07-02 08:51:04,041 - INFO - [PROD] Processing Payload 5/20 for Plant 1081
2026-07-02 08:51:04,043 - INFO - [PROD] Processing Payload 6/20 for Plant 1081
2026-07-02 08:51:04,044 - INFO - [PROD] Processing Payload 7/20 for Plant 1081
2026-07-02 08:51:04,046 - INFO - [PROD] Processing Payload 8/20 for Plant 1081
2026-07-02 08:51:04,047 - INFO - [PROD] Processing Payload 9/20 for Plant 1081
2026-07-02 08:51:04,048 - INFO - [PROD] Processing Payload 10/20 for Plant 1081
2026-07-02 08:51:05,387 - INFO - [PROD] Processing Payload 11/20 for Plant 1081
2026-07-02 08:51:05,398 - INFO - [PROD] Processing Payload 12/20 for Plant 1081
2026-07-02 08:51:05,404 - INFO - [PROD] Processing Payload 13/20 for Plant 1081
2026-07-02 08:51:05,415 - INFO - [PROD] Processing Payload 14/20 for Plant 1081
2026-07-02 08:51:05,458 - INFO - [PROD] Processing Payload 15/20 for Plant 1081
2026-07-02 08:51:05,481 - INFO - [PROD] Processing Payload 16/20 for Plant 1081
2026-07-02 08:51:05,507 - INFO - [PROD] Processing Payload 17/20 for Plant 1081
2026-07-02 08:51:05,509 - INFO - [PROD] Processing Payload 18/20 for Plant 1081
2026-07-02 08:51:05,540 - INFO - [PROD] Processing Payload 19/20 for Plant 1081
2026-07-02 08:51:05,566 - INFO - [PROD] Processing Payload 20/20 for Plant 1081
2026-07-02 08:51:06,560 - INFO - Pack Complete run finished. Success: 20, Failed: 0, Total: 20
2026-07-02 08:51:06,560 - INFO - Pack Complete run finished.
2026-07-02 08:51:06,560 - INFO - Waiting 10 seconds before next run...
2026-07-02 08:51:16,566 - INFO - Starting Pack Complete run...
2026-07-02 08:51:16,803 - INFO - Successfully extracted 1 data row(s) for wave information processing.
2026-07-02 08:51:16,803 - INFO - Processing row 1: {'Plant': 1081, 'Environment': 'PROD', 'Wave_number': 'W07012026000000000003;W07012026000000000004'}
2026-07-02 08:51:17,008 - INFO - Processing Task 1/1: Plant 1081 (PROD)
2026-07-02 08:51:17,429 - INFO - Successfully retrieved token.
2026-07-02 08:51:17,430 - INFO - Sending payload to URL: https://nikeaplawmprod1.sce.manh.com/pickpack/api/pickpack/olpn/search
2026-07-02 08:51:17,675 - INFO - Successfully received response for Plant 1081 (PROD)
2026-07-02 08:51:18,146 - INFO - Sending payload to URL: https://nikeaplawmprod1.sce.manh.com/task/api/task/taskDetail/search
2026-07-02 08:51:18,348 - INFO - -> Success: True, Message: None
2026-07-02 08:51:18,352 - INFO - Processing Task 1/1: Plant 1081 (PROD)
2026-07-02 08:51:18,759 - INFO - Successfully retrieved token.
2026-07-02 08:51:18,760 - INFO - Sending payload to URL: https://nikeaplawmprod1.sce.manh.com/pickpack/api/pickpack/olpn/search
2026-07-02 08:51:19,005 - INFO - Successfully received response for Plant 1081 (PROD)
2026-07-02 08:51:19,006 - INFO - Success: Found 20 oLPN row(s) for this task.
2026-07-02 08:51:19,007 - INFO - Processing 20 payloads for Environment: PROD
2026-07-02 08:51:19,374 - INFO - Successfully retrieved token for PROD environment.
2026-07-02 08:51:19,375 - INFO - Sending payloads to URL: https://nikeaplawmprod1.sce.manh.com/pickpack/api/ServiceDefinition/invoke/NIKEEX10PackResultCS_1081
2026-07-02 08:51:19,375 - INFO - Using 10 worker threads for 20 payloads.
2026-07-02 08:51:19,375 - INFO - [PROD] Processing Payload 1/20 for Plant 1081
2026-07-02 08:51:19,375 - INFO - [PROD] Processing Payload 2/20 for Plant 1081
2026-07-02 08:51:19,377 - INFO - [PROD] Processing Payload 3/20 for Plant 1081
2026-07-02 08:51:19,378 - INFO - [PROD] Processing Payload 4/20 for Plant 1081
2026-07-02 08:51:19,379 - INFO - [PROD] Processing Payload 5/20 for Plant 1081
2026-07-02 08:51:19,379 - INFO - [PROD] Processing Payload 6/20 for Plant 1081
2026-07-02 08:51:19,380 - INFO - [PROD] Processing Payload 7/20 for Plant 1081
2026-07-02 08:51:19,382 - INFO - [PROD] Processing Payload 8/20 for Plant 1081
2026-07-02 08:51:19,382 - INFO - [PROD] Processing Payload 9/20 for Plant 1081
2026-07-02 08:51:19,383 - INFO - [PROD] Processing Payload 10/20 for Plant 1081
2026-07-02 08:51:20,809 - INFO - [PROD] Processing Payload 11/20 for Plant 1081
2026-07-02 08:51:20,811 - INFO - [PROD] Processing Payload 12/20 for Plant 1081
2026-07-02 08:51:20,813 - INFO - [PROD] Processing Payload 13/20 for Plant 1081
2026-07-02 08:51:20,815 - INFO - [PROD] Processing Payload 14/20 for Plant 1081
2026-07-02 08:51:20,829 - INFO - [PROD] Processing Payload 15/20 for Plant 1081
2026-07-02 08:51:20,849 - INFO - [PROD] Processing Payload 16/20 for Plant 1081
2026-07-02 08:51:20,883 - INFO - [PROD] Processing Payload 17/20 for Plant 1081
2026-07-02 08:51:20,894 - INFO - [PROD] Processing Payload 18/20 for Plant 1081
2026-07-02 08:51:20,897 - INFO - [PROD] Processing Payload 19/20 for Plant 1081
2026-07-02 08:51:20,947 - INFO - [PROD] Processing Payload 20/20 for Plant 1081
2026-07-02 08:51:22,440 - INFO - Pack Complete run finished. Success: 20, Failed: 0, Total: 20
2026-07-02 08:51:22,440 - INFO - Pack Complete run finished.
2026-07-02 08:51:22,440 - INFO - Waiting 10 seconds before next run...
2026-07-02 08:51:32,446 - INFO - Starting Pack Complete run...
2026-07-02 08:51:32,683 - INFO - Successfully extracted 1 data row(s) for wave information processing.
2026-07-02 08:51:32,683 - INFO - Processing row 1: {'Plant': 1081, 'Environment': 'PROD', 'Wave_number': 'W07012026000000000003;W07012026000000000004'}
2026-07-02 08:51:32,909 - INFO - Processing Task 1/1: Plant 1081 (PROD)
2026-07-02 08:51:33,303 - INFO - Successfully retrieved token.
2026-07-02 08:51:33,303 - INFO - Sending payload to URL: https://nikeaplawmprod1.sce.manh.com/pickpack/api/pickpack/olpn/search
2026-07-02 08:51:33,529 - INFO - Successfully received response for Plant 1081 (PROD)
2026-07-02 08:51:33,916 - INFO - Sending payload to URL: https://nikeaplawmprod1.sce.manh.com/task/api/task/taskDetail/search
2026-07-02 08:51:34,422 - INFO - -> Success: True, Message: None
2026-07-02 08:51:34,427 - INFO - Processing Task 1/1: Plant 1081 (PROD)
2026-07-02 08:51:34,836 - INFO - Successfully retrieved token.
2026-07-02 08:51:34,836 - INFO - Sending payload to URL: https://nikeaplawmprod1.sce.manh.com/pickpack/api/pickpack/olpn/search
2026-07-02 08:51:35,072 - INFO - Successfully received response for Plant 1081 (PROD)
2026-07-02 08:51:35,072 - INFO - Success: Found 20 oLPN row(s) for this task.
2026-07-02 08:51:35,073 - INFO - Processing 20 payloads for Environment: PROD
2026-07-02 08:51:35,411 - INFO - Successfully retrieved token for PROD environment.
2026-07-02 08:51:35,411 - INFO - Sending payloads to URL: https://nikeaplawmprod1.sce.manh.com/pickpack/api/ServiceDefinition/invoke/NIKEEX10PackResultCS_1081
2026-07-02 08:51:35,412 - INFO - Using 10 worker threads for 20 payloads.
2026-07-02 08:51:35,412 - INFO - [PROD] Processing Payload 1/20 for Plant 1081
2026-07-02 08:51:35,412 - INFO - [PROD] Processing Payload 2/20 for Plant 1081
2026-07-02 08:51:35,413 - INFO - [PROD] Processing Payload 3/20 for Plant 1081
2026-07-02 08:51:35,414 - INFO - [PROD] Processing Payload 4/20 for Plant 1081
2026-07-02 08:51:35,415 - INFO - [PROD] Processing Payload 5/20 for Plant 1081
2026-07-02 08:51:35,417 - INFO - [PROD] Processing Payload 6/20 for Plant 1081
2026-07-02 08:51:35,417 - INFO - [PROD] Processing Payload 7/20 for Plant 1081
2026-07-02 08:51:35,419 - INFO - [PROD] Processing Payload 8/20 for Plant 1081
2026-07-02 08:51:35,420 - INFO - [PROD] Processing Payload 9/20 for Plant 1081
2026-07-02 08:51:35,421 - INFO - [PROD] Processing Payload 10/20 for Plant 1081
2026-07-02 08:51:36,888 - INFO - [PROD] Processing Payload 11/20 for Plant 1081
2026-07-02 08:51:36,890 - INFO - [PROD] Processing Payload 12/20 for Plant 1081
2026-07-02 08:51:36,892 - INFO - [PROD] Processing Payload 13/20 for Plant 1081
2026-07-02 08:51:36,893 - INFO - [PROD] Processing Payload 14/20 for Plant 1081
2026-07-02 08:51:36,896 - INFO - [PROD] Processing Payload 15/20 for Plant 1081
2026-07-02 08:51:36,899 - INFO - [PROD] Processing Payload 16/20 for Plant 1081
2026-07-02 08:51:36,900 - INFO - [PROD] Processing Payload 17/20 for Plant 1081
2026-07-02 08:51:36,902 - INFO - [PROD] Processing Payload 18/20 for Plant 1081
2026-07-02 08:51:36,904 - INFO - [PROD] Processing Payload 19/20 for Plant 1081
2026-07-02 08:51:36,911 - INFO - [PROD] Processing Payload 20/20 for Plant 1081
2026-07-02 08:51:38,423 - INFO - Pack Complete run finished. Success: 20, Failed: 0, Total: 20
2026-07-02 08:51:38,424 - INFO - Pack Complete run finished.
2026-07-02 08:51:38,424 - INFO - Waiting 10 seconds before next run...
2026-07-02 08:51:48,429 - INFO - Starting Pack Complete run...
2026-07-02 08:51:48,666 - INFO - Successfully extracted 1 data row(s) for wave information processing.
2026-07-02 08:51:48,666 - INFO - Processing row 1: {'Plant': 1081, 'Environment': 'PROD', 'Wave_number': 'W07012026000000000003;W07012026000000000004'}
2026-07-02 08:51:48,875 - INFO - Processing Task 1/1: Plant 1081 (PROD)
2026-07-02 08:51:49,232 - INFO - Successfully retrieved token.
2026-07-02 08:51:49,232 - INFO - Sending payload to URL: https://nikeaplawmprod1.sce.manh.com/pickpack/api/pickpack/olpn/search
2026-07-02 08:51:49,471 - INFO - Successfully received response for Plant 1081 (PROD)
2026-07-02 08:51:49,889 - INFO - Sending payload to URL: https://nikeaplawmprod1.sce.manh.com/task/api/task/taskDetail/search
2026-07-02 08:51:50,084 - INFO - -> Success: True, Message: None
2026-07-02 08:51:50,086 - INFO - Processing Task 1/1: Plant 1081 (PROD)
2026-07-02 08:51:50,505 - INFO - Successfully retrieved token.
2026-07-02 08:51:50,505 - INFO - Sending payload to URL: https://nikeaplawmprod1.sce.manh.com/pickpack/api/pickpack/olpn/search
2026-07-02 08:51:50,961 - INFO - Successfully received response for Plant 1081 (PROD)
2026-07-02 08:51:50,963 - INFO - Success: Found 20 oLPN row(s) for this task.
2026-07-02 08:51:50,965 - INFO - Processing 20 payloads for Environment: PROD
2026-07-02 08:51:51,326 - INFO - Successfully retrieved token for PROD environment.
2026-07-02 08:51:51,327 - INFO - Sending payloads to URL: https://nikeaplawmprod1.sce.manh.com/pickpack/api/ServiceDefinition/invoke/NIKEEX10PackResultCS_1081
2026-07-02 08:51:51,327 - INFO - Using 10 worker threads for 20 payloads.
2026-07-02 08:51:51,327 - INFO - [PROD] Processing Payload 1/20 for Plant 1081
2026-07-02 08:51:51,327 - INFO - [PROD] Processing Payload 2/20 for Plant 1081
2026-07-02 08:51:51,328 - INFO - [PROD] Processing Payload 3/20 for Plant 1081
2026-07-02 08:51:51,328 - INFO - [PROD] Processing Payload 4/20 for Plant 1081
2026-07-02 08:51:51,329 - INFO - [PROD] Processing Payload 5/20 for Plant 1081
2026-07-02 08:51:51,332 - INFO - [PROD] Processing Payload 6/20 for Plant 1081
2026-07-02 08:51:51,332 - INFO - [PROD] Processing Payload 7/20 for Plant 1081
2026-07-02 08:51:51,333 - INFO - [PROD] Processing Payload 8/20 for Plant 1081
2026-07-02 08:51:51,334 - INFO - [PROD] Processing Payload 9/20 for Plant 1081
2026-07-02 08:51:51,334 - INFO - [PROD] Processing Payload 10/20 for Plant 1081
2026-07-02 08:51:52,766 - INFO - [PROD] Processing Payload 11/20 for Plant 1081
2026-07-02 08:51:52,768 - INFO - [PROD] Processing Payload 12/20 for Plant 1081
2026-07-02 08:51:52,770 - INFO - [PROD] Processing Payload 13/20 for Plant 1081
2026-07-02 08:51:52,771 - INFO - [PROD] Processing Payload 14/20 for Plant 1081
2026-07-02 08:51:52,774 - INFO - [PROD] Processing Payload 15/20 for Plant 1081
2026-07-02 08:51:52,776 - INFO - [PROD] Processing Payload 16/20 for Plant 1081
2026-07-02 08:51:52,778 - INFO - [PROD] Processing Payload 17/20 for Plant 1081
2026-07-02 08:51:52,779 - INFO - [PROD] Processing Payload 18/20 for Plant 1081
2026-07-02 08:51:52,800 - INFO - [PROD] Processing Payload 19/20 for Plant 1081
2026-07-02 08:51:52,810 - INFO - [PROD] Processing Payload 20/20 for Plant 1081
2026-07-02 08:51:54,314 - INFO - Pack Complete run finished. Success: 20, Failed: 0, Total: 20
2026-07-02 08:51:54,315 - INFO - Pack Complete run finished.
2026-07-02 08:51:54,315 - INFO - Waiting 10 seconds before next run...
2026-07-02 08:52:04,320 - INFO - Starting Pack Complete run...
2026-07-02 08:52:04,560 - INFO - Successfully extracted 1 data row(s) for wave information processing.
2026-07-02 08:52:04,560 - INFO - Processing row 1: {'Plant': 1081, 'Environment': 'PROD', 'Wave_number': 'W07012026000000000003;W07012026000000000004'}
2026-07-02 08:52:04,784 - INFO - Processing Task 1/1: Plant 1081 (PROD)
2026-07-02 08:52:05,230 - INFO - Successfully retrieved token.
2026-07-02 08:52:05,230 - INFO - Sending payload to URL: https://nikeaplawmprod1.sce.manh.com/pickpack/api/pickpack/olpn/search
2026-07-02 08:52:05,458 - INFO - Successfully received response for Plant 1081 (PROD)
2026-07-02 08:52:05,863 - INFO - Sending payload to URL: https://nikeaplawmprod1.sce.manh.com/task/api/task/taskDetail/search
2026-07-02 08:52:06,046 - INFO - -> Success: True, Message: None
2026-07-02 08:52:06,050 - INFO - Processing Task 1/1: Plant 1081 (PROD)
2026-07-02 08:52:06,422 - INFO - Successfully retrieved token.
2026-07-02 08:52:06,422 - INFO - Sending payload to URL: https://nikeaplawmprod1.sce.manh.com/pickpack/api/pickpack/olpn/search
2026-07-02 08:52:06,639 - INFO - Successfully received response for Plant 1081 (PROD)
2026-07-02 08:52:06,641 - INFO - Success: Found 20 oLPN row(s) for this task.
2026-07-02 08:52:06,643 - INFO - Processing 20 payloads for Environment: PROD
2026-07-02 08:52:07,093 - INFO - Successfully retrieved token for PROD environment.
2026-07-02 08:52:07,094 - INFO - Sending payloads to URL: https://nikeaplawmprod1.sce.manh.com/pickpack/api/ServiceDefinition/invoke/NIKEEX10PackResultCS_1081
2026-07-02 08:52:07,094 - INFO - Using 10 worker threads for 20 payloads.
2026-07-02 08:52:07,094 - INFO - [PROD] Processing Payload 1/20 for Plant 1081
2026-07-02 08:52:07,095 - INFO - [PROD] Processing Payload 2/20 for Plant 1081
2026-07-02 08:52:07,095 - INFO - [PROD] Processing Payload 3/20 for Plant 1081
2026-07-02 08:52:07,096 - INFO - [PROD] Processing Payload 4/20 for Plant 1081
2026-07-02 08:52:07,098 - INFO - [PROD] Processing Payload 5/20 for Plant 1081
2026-07-02 08:52:07,099 - INFO - [PROD] Processing Payload 6/20 for Plant 1081
2026-07-02 08:52:07,100 - INFO - [PROD] Processing Payload 7/20 for Plant 1081
2026-07-02 08:52:07,101 - INFO - [PROD] Processing Payload 8/20 for Plant 1081
2026-07-02 08:52:07,103 - INFO - [PROD] Processing Payload 9/20 for Plant 1081
2026-07-02 08:52:07,103 - INFO - [PROD] Processing Payload 10/20 for Plant 1081
2026-07-02 08:52:08,407 - INFO - [PROD] Processing Payload 11/20 for Plant 1081
2026-07-02 08:52:08,410 - INFO - [PROD] Processing Payload 12/20 for Plant 1081
2026-07-02 08:52:08,445 - INFO - [PROD] Processing Payload 13/20 for Plant 1081
2026-07-02 08:52:08,459 - INFO - [PROD] Processing Payload 14/20 for Plant 1081
2026-07-02 08:52:08,477 - INFO - [PROD] Processing Payload 15/20 for Plant 1081
2026-07-02 08:52:08,500 - INFO - [PROD] Processing Payload 16/20 for Plant 1081
2026-07-02 08:52:08,572 - INFO - [PROD] Processing Payload 17/20 for Plant 1081
2026-07-02 08:52:08,591 - INFO - [PROD] Processing Payload 18/20 for Plant 1081
2026-07-02 08:52:08,620 - INFO - [PROD] Processing Payload 19/20 for Plant 1081
2026-07-02 08:52:08,632 - INFO - [PROD] Processing Payload 20/20 for Plant 1081
2026-07-02 08:52:09,223 - INFO - Pack Complete run finished. Success: 20, Failed: 0, Total: 20
2026-07-02 08:52:09,223 - INFO - Pack Complete run finished.
2026-07-02 08:52:09,223 - INFO - Waiting 10 seconds before next run...
2026-07-02 08:52:19,229 - INFO - Starting Pack Complete run...
2026-07-02 08:52:19,463 - INFO - Successfully extracted 1 data row(s) for wave information processing.
2026-07-02 08:52:19,463 - INFO - Processing row 1: {'Plant': 1081, 'Environment': 'PROD', 'Wave_number': 'W07012026000000000003;W07012026000000000004'}
2026-07-02 08:52:19,669 - INFO - Processing Task 1/1: Plant 1081 (PROD)
2026-07-02 08:52:20,043 - INFO - Successfully retrieved token.
2026-07-02 08:52:20,043 - INFO - Sending payload to URL: https://nikeaplawmprod1.sce.manh.com/pickpack/api/pickpack/olpn/search
2026-07-02 08:52:20,275 - INFO - Successfully received response for Plant 1081 (PROD)
2026-07-02 08:52:20,609 - INFO - Sending payload to URL: https://nikeaplawmprod1.sce.manh.com/task/api/task/taskDetail/search
2026-07-02 08:52:20,828 - INFO - -> Success: True, Message: None
2026-07-02 08:52:20,833 - INFO - Processing Task 1/1: Plant 1081 (PROD)
2026-07-02 08:52:21,225 - INFO - Successfully retrieved token.
2026-07-02 08:52:21,225 - INFO - Sending payload to URL: https://nikeaplawmprod1.sce.manh.com/pickpack/api/pickpack/olpn/search
2026-07-02 08:52:21,450 - INFO - Successfully received response for Plant 1081 (PROD)
2026-07-02 08:52:21,451 - INFO - Success: Found 20 oLPN row(s) for this task.
2026-07-02 08:52:21,453 - INFO - Processing 20 payloads for Environment: PROD
2026-07-02 08:52:21,841 - INFO - Successfully retrieved token for PROD environment.
2026-07-02 08:52:21,842 - INFO - Sending payloads to URL: https://nikeaplawmprod1.sce.manh.com/pickpack/api/ServiceDefinition/invoke/NIKEEX10PackResultCS_1081
2026-07-02 08:52:21,842 - INFO - Using 10 worker threads for 20 payloads.
2026-07-02 08:52:21,842 - INFO - [PROD] Processing Payload 1/20 for Plant 1081
2026-07-02 08:52:21,843 - INFO - [PROD] Processing Payload 2/20 for Plant 1081
2026-07-02 08:52:21,844 - INFO - [PROD] Processing Payload 3/20 for Plant 1081
2026-07-02 08:52:21,844 - INFO - [PROD] Processing Payload 4/20 for Plant 1081
2026-07-02 08:52:21,846 - INFO - [PROD] Processing Payload 5/20 for Plant 1081
2026-07-02 08:52:21,847 - INFO - [PROD] Processing Payload 6/20 for Plant 1081
2026-07-02 08:52:21,847 - INFO - [PROD] Processing Payload 7/20 for Plant 1081
2026-07-02 08:52:21,848 - INFO - [PROD] Processing Payload 8/20 for Plant 1081
2026-07-02 08:52:21,850 - INFO - [PROD] Processing Payload 9/20 for Plant 1081
2026-07-02 08:52:21,851 - INFO - [PROD] Processing Payload 10/20 for Plant 1081
2026-07-02 08:52:23,190 - INFO - [PROD] Processing Payload 11/20 for Plant 1081
2026-07-02 08:52:23,191 - INFO - [PROD] Processing Payload 12/20 for Plant 1081
2026-07-02 08:52:23,197 - INFO - [PROD] Processing Payload 13/20 for Plant 1081
2026-07-02 08:52:23,213 - INFO - [PROD] Processing Payload 14/20 for Plant 1081
2026-07-02 08:52:23,218 - INFO - [PROD] Processing Payload 15/20 for Plant 1081
2026-07-02 08:52:23,225 - INFO - [PROD] Processing Payload 16/20 for Plant 1081
2026-07-02 08:52:23,226 - INFO - [PROD] Processing Payload 17/20 for Plant 1081
2026-07-02 08:52:23,280 - INFO - [PROD] Processing Payload 18/20 for Plant 1081
2026-07-02 08:52:23,282 - INFO - [PROD] Processing Payload 19/20 for Plant 1081
2026-07-02 08:52:23,314 - INFO - [PROD] Processing Payload 20/20 for Plant 1081
2026-07-02 08:52:24,663 - INFO - Pack Complete run finished. Success: 20, Failed: 0, Total: 20
2026-07-02 08:52:24,664 - INFO - Pack Complete run finished.
2026-07-02 08:52:24,664 - INFO - Waiting 10 seconds before next run...
2026-07-02 08:52:34,669 - INFO - Starting Pack Complete run...
2026-07-02 08:52:34,910 - INFO - Successfully extracted 1 data row(s) for wave information processing.
2026-07-02 08:52:34,910 - INFO - Processing row 1: {'Plant': 1081, 'Environment': 'PROD', 'Wave_number': 'W07012026000000000003;W07012026000000000004'}
2026-07-02 08:52:35,130 - INFO - Processing Task 1/1: Plant 1081 (PROD)
2026-07-02 08:52:35,663 - INFO - Successfully retrieved token.
2026-07-02 08:52:35,663 - INFO - Sending payload to URL: https://nikeaplawmprod1.sce.manh.com/pickpack/api/pickpack/olpn/search
2026-07-02 08:52:35,913 - INFO - Successfully received response for Plant 1081 (PROD)
2026-07-02 08:52:36,258 - INFO - Sending payload to URL: https://nikeaplawmprod1.sce.manh.com/task/api/task/taskDetail/search
2026-07-02 08:52:36,447 - INFO - -> Success: True, Message: None
2026-07-02 08:52:36,451 - INFO - Processing Task 1/1: Plant 1081 (PROD)
2026-07-02 08:52:36,887 - INFO - Successfully retrieved token.
2026-07-02 08:52:36,887 - INFO - Sending payload to URL: https://nikeaplawmprod1.sce.manh.com/pickpack/api/pickpack/olpn/search
2026-07-02 08:52:37,113 - INFO - Successfully received response for Plant 1081 (PROD)
2026-07-02 08:52:37,114 - INFO - Success: Found 20 oLPN row(s) for this task.
2026-07-02 08:52:37,117 - INFO - Processing 20 payloads for Environment: PROD
2026-07-02 08:52:37,611 - INFO - Successfully retrieved token for PROD environment.
2026-07-02 08:52:37,611 - INFO - Sending payloads to URL: https://nikeaplawmprod1.sce.manh.com/pickpack/api/ServiceDefinition/invoke/NIKEEX10PackResultCS_1081
2026-07-02 08:52:37,611 - INFO - Using 10 worker threads for 20 payloads.
2026-07-02 08:52:37,611 - INFO - [PROD] Processing Payload 1/20 for Plant 1081
2026-07-02 08:52:37,612 - INFO - [PROD] Processing Payload 2/20 for Plant 1081
2026-07-02 08:52:37,613 - INFO - [PROD] Processing Payload 3/20 for Plant 1081
2026-07-02 08:52:37,613 - INFO - [PROD] Processing Payload 4/20 for Plant 1081
2026-07-02 08:52:37,614 - INFO - [PROD] Processing Payload 5/20 for Plant 1081
2026-07-02 08:52:37,616 - INFO - [PROD] Processing Payload 6/20 for Plant 1081
2026-07-02 08:52:37,616 - INFO - [PROD] Processing Payload 7/20 for Plant 1081
2026-07-02 08:52:37,618 - INFO - [PROD] Processing Payload 8/20 for Plant 1081
2026-07-02 08:52:37,619 - INFO - [PROD] Processing Payload 9/20 for Plant 1081
2026-07-02 08:52:37,621 - INFO - [PROD] Processing Payload 10/20 for Plant 1081
2026-07-02 08:52:39,043 - INFO - [PROD] Processing Payload 11/20 for Plant 1081
2026-07-02 08:52:39,047 - INFO - [PROD] Processing Payload 12/20 for Plant 1081
2026-07-02 08:52:39,072 - INFO - [PROD] Processing Payload 13/20 for Plant 1081
2026-07-02 08:52:39,102 - INFO - [PROD] Processing Payload 14/20 for Plant 1081
2026-07-02 08:52:39,141 - INFO - [PROD] Processing Payload 15/20 for Plant 1081
2026-07-02 08:52:39,148 - INFO - [PROD] Processing Payload 16/20 for Plant 1081
2026-07-02 08:52:39,178 - INFO - [PROD] Processing Payload 17/20 for Plant 1081
2026-07-02 08:52:39,435 - INFO - [PROD] Processing Payload 18/20 for Plant 1081
2026-07-02 08:52:39,507 - INFO - [PROD] Processing Payload 19/20 for Plant 1081
2026-07-02 08:52:39,735 - INFO - [PROD] Processing Payload 20/20 for Plant 1081
2026-07-02 08:52:40,715 - INFO - Pack Complete run finished. Success: 20, Failed: 0, Total: 20
2026-07-02 08:52:40,716 - INFO - Pack Complete run finished.
2026-07-02 08:52:40,716 - INFO - Waiting 10 seconds before next run...
2026-07-02 08:52:50,721 - INFO - Starting Pack Complete run...
2026-07-02 08:52:50,961 - INFO - Successfully extracted 1 data row(s) for wave information processing.
2026-07-02 08:52:50,961 - INFO - Processing row 1: {'Plant': 1081, 'Environment': 'PROD', 'Wave_number': 'W07012026000000000003;W07012026000000000004'}
2026-07-02 08:52:51,164 - INFO - Processing Task 1/1: Plant 1081 (PROD)
2026-07-02 08:52:51,537 - INFO - Successfully retrieved token.
2026-07-02 08:52:51,537 - INFO - Sending payload to URL: https://nikeaplawmprod1.sce.manh.com/pickpack/api/pickpack/olpn/search
2026-07-02 08:52:51,783 - INFO - Successfully received response for Plant 1081 (PROD)
2026-07-02 08:52:52,151 - INFO - Sending payload to URL: https://nikeaplawmprod1.sce.manh.com/task/api/task/taskDetail/search
2026-07-02 08:52:52,332 - INFO - -> Success: True, Message: None
2026-07-02 08:52:52,336 - INFO - Processing Task 1/1: Plant 1081 (PROD)
2026-07-02 08:52:52,767 - INFO - Successfully retrieved token.
2026-07-02 08:52:52,768 - INFO - Sending payload to URL: https://nikeaplawmprod1.sce.manh.com/pickpack/api/pickpack/olpn/search
2026-07-02 08:52:53,008 - INFO - Successfully received response for Plant 1081 (PROD)
2026-07-02 08:52:53,009 - INFO - Success: Found 20 oLPN row(s) for this task.
2026-07-02 08:52:53,011 - INFO - Processing 20 payloads for Environment: PROD
2026-07-02 08:52:53,340 - INFO - Successfully retrieved token for PROD environment.
2026-07-02 08:52:53,341 - INFO - Sending payloads to URL: https://nikeaplawmprod1.sce.manh.com/pickpack/api/ServiceDefinition/invoke/NIKEEX10PackResultCS_1081
2026-07-02 08:52:53,341 - INFO - Using 10 worker threads for 20 payloads.
2026-07-02 08:52:53,341 - INFO - [PROD] Processing Payload 1/20 for Plant 1081
2026-07-02 08:52:53,341 - INFO - [PROD] Processing Payload 2/20 for Plant 1081
2026-07-02 08:52:53,342 - INFO - [PROD] Processing Payload 3/20 for Plant 1081
2026-07-02 08:52:53,342 - INFO - [PROD] Processing Payload 4/20 for Plant 1081
2026-07-02 08:52:53,345 - INFO - [PROD] Processing Payload 5/20 for Plant 1081
2026-07-02 08:52:53,345 - INFO - [PROD] Processing Payload 6/20 for Plant 1081
2026-07-02 08:52:53,346 - INFO - [PROD] Processing Payload 7/20 for Plant 1081
2026-07-02 08:52:53,348 - INFO - [PROD] Processing Payload 8/20 for Plant 1081
2026-07-02 08:52:53,348 - INFO - [PROD] Processing Payload 9/20 for Plant 1081
2026-07-02 08:52:53,349 - INFO - [PROD] Processing Payload 10/20 for Plant 1081
2026-07-02 08:52:54,713 - INFO - [PROD] Processing Payload 11/20 for Plant 1081
2026-07-02 08:52:54,717 - INFO - [PROD] Processing Payload 12/20 for Plant 1081
2026-07-02 08:52:54,719 - INFO - [PROD] Processing Payload 13/20 for Plant 1081
2026-07-02 08:52:54,721 - INFO - [PROD] Processing Payload 14/20 for Plant 1081
2026-07-02 08:52:54,736 - INFO - [PROD] Processing Payload 15/20 for Plant 1081
2026-07-02 08:52:54,739 - INFO - [PROD] Processing Payload 16/20 for Plant 1081
2026-07-02 08:52:54,767 - INFO - [PROD] Processing Payload 17/20 for Plant 1081
2026-07-02 08:52:54,786 - INFO - [PROD] Processing Payload 18/20 for Plant 1081
2026-07-02 08:52:54,791 - INFO - [PROD] Processing Payload 19/20 for Plant 1081
2026-07-02 08:52:54,799 - INFO - [PROD] Processing Payload 20/20 for Plant 1081
2026-07-02 08:52:56,129 - INFO - Pack Complete run finished. Success: 20, Failed: 0, Total: 20
2026-07-02 08:52:56,130 - INFO - Pack Complete run finished.
2026-07-02 08:52:56,130 - INFO - Waiting 10 seconds before next run...
2026-07-02 08:53:06,135 - INFO - Starting Pack Complete run...
2026-07-02 08:53:06,369 - INFO - Successfully extracted 1 data row(s) for wave information processing.
2026-07-02 08:53:06,369 - INFO - Processing row 1: {'Plant': 1081, 'Environment': 'PROD', 'Wave_number': 'W07012026000000000003;W07012026000000000004'}
2026-07-02 08:53:06,591 - INFO - Processing Task 1/1: Plant 1081 (PROD)
2026-07-02 08:53:06,998 - INFO - Successfully retrieved token.
2026-07-02 08:53:06,998 - INFO - Sending payload to URL: https://nikeaplawmprod1.sce.manh.com/pickpack/api/pickpack/olpn/search
2026-07-02 08:53:07,226 - INFO - Successfully received response for Plant 1081 (PROD)
2026-07-02 08:53:07,614 - INFO - Sending payload to URL: https://nikeaplawmprod1.sce.manh.com/task/api/task/taskDetail/search
2026-07-02 08:53:07,814 - INFO - -> Success: True, Message: None
2026-07-02 08:53:07,817 - INFO - Processing Task 1/1: Plant 1081 (PROD)
2026-07-02 08:53:08,220 - INFO - Successfully retrieved token.
2026-07-02 08:53:08,221 - INFO - Sending payload to URL: https://nikeaplawmprod1.sce.manh.com/pickpack/api/pickpack/olpn/search
2026-07-02 08:53:08,468 - INFO - Successfully received response for Plant 1081 (PROD)
2026-07-02 08:53:08,470 - INFO - Success: Found 20 oLPN row(s) for this task.
2026-07-02 08:53:08,473 - INFO - Processing 20 payloads for Environment: PROD
2026-07-02 08:53:08,805 - INFO - Successfully retrieved token for PROD environment.
2026-07-02 08:53:08,806 - INFO - Sending payloads to URL: https://nikeaplawmprod1.sce.manh.com/pickpack/api/ServiceDefinition/invoke/NIKEEX10PackResultCS_1081
2026-07-02 08:53:08,806 - INFO - Using 10 worker threads for 20 payloads.
2026-07-02 08:53:08,806 - INFO - [PROD] Processing Payload 1/20 for Plant 1081
2026-07-02 08:53:08,806 - INFO - [PROD] Processing Payload 2/20 for Plant 1081
2026-07-02 08:53:08,807 - INFO - [PROD] Processing Payload 3/20 for Plant 1081
2026-07-02 08:53:08,807 - INFO - [PROD] Processing Payload 4/20 for Plant 1081
2026-07-02 08:53:08,808 - INFO - [PROD] Processing Payload 5/20 for Plant 1081
2026-07-02 08:53:08,809 - INFO - [PROD] Processing Payload 6/20 for Plant 1081
2026-07-02 08:53:08,810 - INFO - [PROD] Processing Payload 7/20 for Plant 1081
2026-07-02 08:53:08,810 - INFO - [PROD] Processing Payload 8/20 for Plant 1081
2026-07-02 08:53:08,812 - INFO - [PROD] Processing Payload 9/20 for Plant 1081
2026-07-02 08:53:08,813 - INFO - [PROD] Processing Payload 10/20 for Plant 1081
2026-07-02 08:53:10,135 - INFO - [PROD] Processing Payload 11/20 for Plant 1081
2026-07-02 08:53:10,176 - INFO - [PROD] Processing Payload 12/20 for Plant 1081
2026-07-02 08:53:10,203 - INFO - [PROD] Processing Payload 13/20 for Plant 1081
2026-07-02 08:53:10,207 - INFO - [PROD] Processing Payload 14/20 for Plant 1081
2026-07-02 08:53:10,221 - INFO - [PROD] Processing Payload 15/20 for Plant 1081
2026-07-02 08:53:10,246 - INFO - [PROD] Processing Payload 16/20 for Plant 1081
2026-07-02 08:53:10,253 - INFO - [PROD] Processing Payload 17/20 for Plant 1081
2026-07-02 08:53:10,255 - INFO - [PROD] Processing Payload 18/20 for Plant 1081
2026-07-02 08:53:10,289 - INFO - [PROD] Processing Payload 19/20 for Plant 1081
2026-07-02 08:53:10,293 - INFO - [PROD] Processing Payload 20/20 for Plant 1081
2026-07-02 08:53:11,108 - INFO - Pack Complete run finished. Success: 20, Failed: 0, Total: 20
2026-07-02 08:53:11,108 - INFO - Pack Complete run finished.
2026-07-02 08:53:11,108 - INFO - Waiting 10 seconds before next run...
2026-07-02 08:53:21,114 - INFO - Starting Pack Complete run...
2026-07-02 08:53:21,347 - INFO - Successfully extracted 1 data row(s) for wave information processing.
2026-07-02 08:53:21,347 - INFO - Processing row 1: {'Plant': 1081, 'Environment': 'PROD', 'Wave_number': 'W07012026000000000003;W07012026000000000004'}
2026-07-02 08:53:21,554 - INFO - Processing Task 1/1: Plant 1081 (PROD)
2026-07-02 08:53:21,907 - INFO - Successfully retrieved token.
2026-07-02 08:53:21,908 - INFO - Sending payload to URL: https://nikeaplawmprod1.sce.manh.com/pickpack/api/pickpack/olpn/search
2026-07-02 08:53:22,137 - INFO - Successfully received response for Plant 1081 (PROD)
2026-07-02 08:53:22,505 - INFO - Sending payload to URL: https://nikeaplawmprod1.sce.manh.com/task/api/task/taskDetail/search
2026-07-02 08:53:22,711 - INFO - -> Success: True, Message: None
2026-07-02 08:53:22,713 - INFO - Processing Task 1/1: Plant 1081 (PROD)
2026-07-02 08:53:23,045 - INFO - Successfully retrieved token.
2026-07-02 08:53:23,046 - INFO - Sending payload to URL: https://nikeaplawmprod1.sce.manh.com/pickpack/api/pickpack/olpn/search
2026-07-02 08:53:23,264 - INFO - Successfully received response for Plant 1081 (PROD)
2026-07-02 08:53:23,264 - INFO - Success: Found 20 oLPN row(s) for this task.
2026-07-02 08:53:23,266 - INFO - Processing 20 payloads for Environment: PROD
2026-07-02 08:53:23,608 - INFO - Successfully retrieved token for PROD environment.
2026-07-02 08:53:23,609 - INFO - Sending payloads to URL: https://nikeaplawmprod1.sce.manh.com/pickpack/api/ServiceDefinition/invoke/NIKEEX10PackResultCS_1081
2026-07-02 08:53:23,609 - INFO - Using 10 worker threads for 20 payloads.
2026-07-02 08:53:23,609 - INFO - [PROD] Processing Payload 1/20 for Plant 1081
2026-07-02 08:53:23,609 - INFO - [PROD] Processing Payload 2/20 for Plant 1081
2026-07-02 08:53:23,610 - INFO - [PROD] Processing Payload 3/20 for Plant 1081
2026-07-02 08:53:23,612 - INFO - [PROD] Processing Payload 4/20 for Plant 1081
2026-07-02 08:53:23,613 - INFO - [PROD] Processing Payload 5/20 for Plant 1081
2026-07-02 08:53:23,613 - INFO - [PROD] Processing Payload 6/20 for Plant 1081
2026-07-02 08:53:23,614 - INFO - [PROD] Processing Payload 7/20 for Plant 1081
2026-07-02 08:53:23,615 - INFO - [PROD] Processing Payload 8/20 for Plant 1081
2026-07-02 08:53:23,616 - INFO - [PROD] Processing Payload 9/20 for Plant 1081
2026-07-02 08:53:23,617 - INFO - [PROD] Processing Payload 10/20 for Plant 1081
2026-07-02 08:53:24,921 - INFO - [PROD] Processing Payload 11/20 for Plant 1081
2026-07-02 08:53:24,948 - INFO - [PROD] Processing Payload 12/20 for Plant 1081
2026-07-02 08:53:24,963 - INFO - [PROD] Processing Payload 13/20 for Plant 1081
2026-07-02 08:53:25,012 - INFO - [PROD] Processing Payload 14/20 for Plant 1081
2026-07-02 08:53:25,019 - INFO - [PROD] Processing Payload 15/20 for Plant 1081
2026-07-02 08:53:25,019 - INFO - [PROD] Processing Payload 16/20 for Plant 1081
2026-07-02 08:53:25,042 - INFO - [PROD] Processing Payload 17/20 for Plant 1081
2026-07-02 08:53:25,052 - INFO - [PROD] Processing Payload 18/20 for Plant 1081
2026-07-02 08:53:25,189 - INFO - [PROD] Processing Payload 19/20 for Plant 1081
2026-07-02 08:53:25,255 - INFO - [PROD] Processing Payload 20/20 for Plant 1081
2026-07-02 08:53:25,894 - INFO - Pack Complete run finished. Success: 20, Failed: 0, Total: 20
2026-07-02 08:53:25,894 - INFO - Pack Complete run finished.
2026-07-02 08:53:25,894 - INFO - Waiting 10 seconds before next run...
2026-07-02 08:53:35,900 - INFO - Starting Pack Complete run...
2026-07-02 08:53:36,137 - INFO - Successfully extracted 1 data row(s) for wave information processing.
2026-07-02 08:53:36,137 - INFO - Processing row 1: {'Plant': 1081, 'Environment': 'PROD', 'Wave_number': 'W07012026000000000003;W07012026000000000004'}
2026-07-02 08:53:36,363 - INFO - Processing Task 1/1: Plant 1081 (PROD)
2026-07-02 08:53:36,749 - INFO - Successfully retrieved token.
2026-07-02 08:53:36,749 - INFO - Sending payload to URL: https://nikeaplawmprod1.sce.manh.com/pickpack/api/pickpack/olpn/search
2026-07-02 08:53:36,981 - INFO - Successfully received response for Plant 1081 (PROD)
2026-07-02 08:53:37,518 - INFO - Sending payload to URL: https://nikeaplawmprod1.sce.manh.com/task/api/task/taskDetail/search
2026-07-02 08:53:37,732 - INFO - -> Success: True, Message: None
2026-07-02 08:53:37,735 - INFO - Processing Task 1/1: Plant 1081 (PROD)
2026-07-02 08:53:38,152 - INFO - Successfully retrieved token.
2026-07-02 08:53:38,153 - INFO - Sending payload to URL: https://nikeaplawmprod1.sce.manh.com/pickpack/api/pickpack/olpn/search
2026-07-02 08:53:38,412 - INFO - Successfully received response for Plant 1081 (PROD)
2026-07-02 08:53:38,413 - INFO - Success: Found 20 oLPN row(s) for this task.
2026-07-02 08:53:38,415 - INFO - Processing 20 payloads for Environment: PROD
2026-07-02 08:53:38,754 - INFO - Successfully retrieved token for PROD environment.
2026-07-02 08:53:38,754 - INFO - Sending payloads to URL: https://nikeaplawmprod1.sce.manh.com/pickpack/api/ServiceDefinition/invoke/NIKEEX10PackResultCS_1081
2026-07-02 08:53:38,754 - INFO - Using 10 worker threads for 20 payloads.
2026-07-02 08:53:38,754 - INFO - [PROD] Processing Payload 1/20 for Plant 1081
2026-07-02 08:53:38,755 - INFO - [PROD] Processing Payload 2/20 for Plant 1081
2026-07-02 08:53:38,756 - INFO - [PROD] Processing Payload 3/20 for Plant 1081
2026-07-02 08:53:38,756 - INFO - [PROD] Processing Payload 4/20 for Plant 1081
2026-07-02 08:53:38,757 - INFO - [PROD] Processing Payload 5/20 for Plant 1081
2026-07-02 08:53:38,758 - INFO - [PROD] Processing Payload 6/20 for Plant 1081
2026-07-02 08:53:38,759 - INFO - [PROD] Processing Payload 7/20 for Plant 1081
2026-07-02 08:53:38,760 - INFO - [PROD] Processing Payload 8/20 for Plant 1081
2026-07-02 08:53:38,761 - INFO - [PROD] Processing Payload 9/20 for Plant 1081
2026-07-02 08:53:38,762 - INFO - [PROD] Processing Payload 10/20 for Plant 1081
2026-07-02 08:53:40,106 - INFO - [PROD] Processing Payload 11/20 for Plant 1081
2026-07-02 08:53:40,129 - INFO - [PROD] Processing Payload 12/20 for Plant 1081
2026-07-02 08:53:40,332 - INFO - [PROD] Processing Payload 13/20 for Plant 1081
2026-07-02 08:53:40,353 - INFO - [PROD] Processing Payload 14/20 for Plant 1081
2026-07-02 08:53:40,407 - INFO - [PROD] Processing Payload 15/20 for Plant 1081
2026-07-02 08:53:40,483 - INFO - [PROD] Processing Payload 16/20 for Plant 1081
2026-07-02 08:53:40,555 - INFO - [PROD] Processing Payload 17/20 for Plant 1081
2026-07-02 08:53:40,728 - INFO - [PROD] Processing Payload 18/20 for Plant 1081
2026-07-02 08:53:40,739 - INFO - [PROD] Processing Payload 19/20 for Plant 1081
2026-07-02 08:53:40,745 - INFO - [PROD] Processing Payload 20/20 for Plant 1081
2026-07-02 08:53:41,589 - INFO - Pack Complete run finished. Success: 20, Failed: 0, Total: 20
2026-07-02 08:53:41,590 - INFO - Pack Complete run finished.
2026-07-02 08:53:41,590 - INFO - Waiting 10 seconds before next run...
2026-07-02 08:53:51,595 - INFO - Starting Pack Complete run...
2026-07-02 08:53:51,834 - INFO - Successfully extracted 1 data row(s) for wave information processing.
2026-07-02 08:53:51,834 - INFO - Processing row 1: {'Plant': 1081, 'Environment': 'PROD', 'Wave_number': 'W07012026000000000003;W07012026000000000004'}
2026-07-02 08:53:52,040 - INFO - Processing Task 1/1: Plant 1081 (PROD)
2026-07-02 08:53:52,396 - INFO - Successfully retrieved token.
2026-07-02 08:53:52,396 - INFO - Sending payload to URL: https://nikeaplawmprod1.sce.manh.com/pickpack/api/pickpack/olpn/search
2026-07-02 08:53:52,634 - INFO - Successfully received response for Plant 1081 (PROD)
2026-07-02 08:53:52,964 - INFO - Sending payload to URL: https://nikeaplawmprod1.sce.manh.com/task/api/task/taskDetail/search
2026-07-02 08:53:53,161 - INFO - -> Success: True, Message: None
2026-07-02 08:53:53,163 - INFO - Processing Task 1/1: Plant 1081 (PROD)
2026-07-02 08:53:53,592 - INFO - Successfully retrieved token.
2026-07-02 08:53:53,593 - INFO - Sending payload to URL: https://nikeaplawmprod1.sce.manh.com/pickpack/api/pickpack/olpn/search
2026-07-02 08:53:53,862 - INFO - Successfully received response for Plant 1081 (PROD)
2026-07-02 08:53:53,863 - INFO - Success: Found 20 oLPN row(s) for this task.
2026-07-02 08:53:53,865 - INFO - Processing 20 payloads for Environment: PROD
2026-07-02 08:53:54,225 - INFO - Successfully retrieved token for PROD environment.
2026-07-02 08:53:54,225 - INFO - Sending payloads to URL: https://nikeaplawmprod1.sce.manh.com/pickpack/api/ServiceDefinition/invoke/NIKEEX10PackResultCS_1081
2026-07-02 08:53:54,225 - INFO - Using 10 worker threads for 20 payloads.
2026-07-02 08:53:54,226 - INFO - [PROD] Processing Payload 1/20 for Plant 1081
2026-07-02 08:53:54,226 - INFO - [PROD] Processing Payload 2/20 for Plant 1081
2026-07-02 08:53:54,227 - INFO - [PROD] Processing Payload 3/20 for Plant 1081
2026-07-02 08:53:54,227 - INFO - [PROD] Processing Payload 4/20 for Plant 1081
2026-07-02 08:53:54,229 - INFO - [PROD] Processing Payload 5/20 for Plant 1081
2026-07-02 08:53:54,229 - INFO - [PROD] Processing Payload 6/20 for Plant 1081
2026-07-02 08:53:54,232 - INFO - [PROD] Processing Payload 7/20 for Plant 1081
2026-07-02 08:53:54,233 - INFO - [PROD] Processing Payload 8/20 for Plant 1081
2026-07-02 08:53:54,234 - INFO - [PROD] Processing Payload 9/20 for Plant 1081
2026-07-02 08:53:54,235 - INFO - [PROD] Processing Payload 10/20 for Plant 1081
2026-07-02 08:53:55,642 - INFO - [PROD] Processing Payload 11/20 for Plant 1081
2026-07-02 08:53:55,644 - INFO - [PROD] Processing Payload 12/20 for Plant 1081
2026-07-02 08:53:55,647 - INFO - [PROD] Processing Payload 13/20 for Plant 1081
2026-07-02 08:53:55,649 - INFO - [PROD] Processing Payload 14/20 for Plant 1081
2026-07-02 08:53:55,650 - INFO - [PROD] Processing Payload 15/20 for Plant 1081
2026-07-02 08:53:55,663 - INFO - [PROD] Processing Payload 16/20 for Plant 1081
2026-07-02 08:53:55,701 - INFO - [PROD] Processing Payload 17/20 for Plant 1081
2026-07-02 08:53:55,703 - INFO - [PROD] Processing Payload 18/20 for Plant 1081
2026-07-02 08:53:55,704 - INFO - [PROD] Processing Payload 19/20 for Plant 1081
2026-07-02 08:53:55,708 - INFO - [PROD] Processing Payload 20/20 for Plant 1081
2026-07-02 08:53:57,042 - INFO - Pack Complete run finished. Success: 20, Failed: 0, Total: 20
2026-07-02 08:53:57,043 - INFO - Pack Complete run finished.
2026-07-02 08:53:57,043 - INFO - Waiting 10 seconds before next run...
2026-07-02 08:54:07,048 - INFO - Starting Pack Complete run...
2026-07-02 08:54:07,286 - INFO - Successfully extracted 1 data row(s) for wave information processing.
2026-07-02 08:54:07,286 - INFO - Processing row 1: {'Plant': 1081, 'Environment': 'PROD', 'Wave_number': 'W07012026000000000003;W07012026000000000004'}
2026-07-02 08:54:07,512 - INFO - Processing Task 1/1: Plant 1081 (PROD)
2026-07-02 08:54:07,882 - INFO - Successfully retrieved token.
2026-07-02 08:54:07,882 - INFO - Sending payload to URL: https://nikeaplawmprod1.sce.manh.com/pickpack/api/pickpack/olpn/search
2026-07-02 08:54:08,118 - INFO - Successfully received response for Plant 1081 (PROD)
2026-07-02 08:54:08,450 - INFO - Sending payload to URL: https://nikeaplawmprod1.sce.manh.com/task/api/task/taskDetail/search
2026-07-02 08:54:08,643 - INFO - -> Success: True, Message: None
2026-07-02 08:54:08,648 - INFO - Processing Task 1/1: Plant 1081 (PROD)
2026-07-02 08:54:08,988 - INFO - Successfully retrieved token.
2026-07-02 08:54:08,989 - INFO - Sending payload to URL: https://nikeaplawmprod1.sce.manh.com/pickpack/api/pickpack/olpn/search
2026-07-02 08:54:09,233 - INFO - Successfully received response for Plant 1081 (PROD)
2026-07-02 08:54:09,235 - INFO - Success: Found 20 oLPN row(s) for this task.
2026-07-02 08:54:09,236 - INFO - Processing 20 payloads for Environment: PROD
2026-07-02 08:54:09,609 - INFO - Successfully retrieved token for PROD environment.
2026-07-02 08:54:09,610 - INFO - Sending payloads to URL: https://nikeaplawmprod1.sce.manh.com/pickpack/api/ServiceDefinition/invoke/NIKEEX10PackResultCS_1081
2026-07-02 08:54:09,610 - INFO - Using 10 worker threads for 20 payloads.
2026-07-02 08:54:09,610 - INFO - [PROD] Processing Payload 1/20 for Plant 1081
2026-07-02 08:54:09,611 - INFO - [PROD] Processing Payload 2/20 for Plant 1081
2026-07-02 08:54:09,612 - INFO - [PROD] Processing Payload 3/20 for Plant 1081
2026-07-02 08:54:09,612 - INFO - [PROD] Processing Payload 4/20 for Plant 1081
2026-07-02 08:54:09,614 - INFO - [PROD] Processing Payload 5/20 for Plant 1081
2026-07-02 08:54:09,615 - INFO - [PROD] Processing Payload 6/20 for Plant 1081
2026-07-02 08:54:09,616 - INFO - [PROD] Processing Payload 7/20 for Plant 1081
2026-07-02 08:54:09,617 - INFO - [PROD] Processing Payload 8/20 for Plant 1081
2026-07-02 08:54:09,617 - INFO - [PROD] Processing Payload 9/20 for Plant 1081
2026-07-02 08:54:09,618 - INFO - [PROD] Processing Payload 10/20 for Plant 1081
2026-07-02 08:54:10,921 - INFO - [PROD] Processing Payload 11/20 for Plant 1081
2026-07-02 08:54:10,985 - INFO - [PROD] Processing Payload 12/20 for Plant 1081
2026-07-02 08:54:10,986 - INFO - [PROD] Processing Payload 13/20 for Plant 1081
2026-07-02 08:54:10,989 - INFO - [PROD] Processing Payload 14/20 for Plant 1081
2026-07-02 08:54:11,048 - INFO - [PROD] Processing Payload 15/20 for Plant 1081
2026-07-02 08:54:11,058 - INFO - [PROD] Processing Payload 16/20 for Plant 1081
2026-07-02 08:54:11,071 - INFO - [PROD] Processing Payload 17/20 for Plant 1081
2026-07-02 08:54:11,085 - INFO - [PROD] Processing Payload 18/20 for Plant 1081
2026-07-02 08:54:11,096 - INFO - [PROD] Processing Payload 19/20 for Plant 1081
2026-07-02 08:54:11,100 - INFO - [PROD] Processing Payload 20/20 for Plant 1081
2026-07-02 08:54:12,052 - INFO - Pack Complete run finished. Success: 20, Failed: 0, Total: 20
2026-07-02 08:54:12,052 - INFO - Pack Complete run finished.
2026-07-02 08:54:12,052 - INFO - Waiting 10 seconds before next run...
2026-07-02 08:54:22,058 - INFO - Starting Pack Complete run...
2026-07-02 08:54:22,294 - INFO - Successfully extracted 1 data row(s) for wave information processing.
2026-07-02 08:54:22,294 - INFO - Processing row 1: {'Plant': 1081, 'Environment': 'PROD', 'Wave_number': 'W07012026000000000003;W07012026000000000004'}
2026-07-02 08:54:22,496 - INFO - Processing Task 1/1: Plant 1081 (PROD)
2026-07-02 08:54:22,851 - INFO - Successfully retrieved token.
2026-07-02 08:54:22,852 - INFO - Sending payload to URL: https://nikeaplawmprod1.sce.manh.com/pickpack/api/pickpack/olpn/search
2026-07-02 08:54:23,075 - INFO - Successfully received response for Plant 1081 (PROD)
2026-07-02 08:54:23,413 - INFO - Sending payload to URL: https://nikeaplawmprod1.sce.manh.com/task/api/task/taskDetail/search
2026-07-02 08:54:23,595 - INFO - -> Success: True, Message: None
2026-07-02 08:54:23,599 - INFO - Processing Task 1/1: Plant 1081 (PROD)
2026-07-02 08:54:23,985 - INFO - Successfully retrieved token.
2026-07-02 08:54:23,985 - INFO - Sending payload to URL: https://nikeaplawmprod1.sce.manh.com/pickpack/api/pickpack/olpn/search
2026-07-02 08:54:24,235 - INFO - Successfully received response for Plant 1081 (PROD)
2026-07-02 08:54:24,236 - INFO - Success: Found 20 oLPN row(s) for this task.
2026-07-02 08:54:24,238 - INFO - Processing 20 payloads for Environment: PROD
2026-07-02 08:54:24,570 - INFO - Successfully retrieved token for PROD environment.
2026-07-02 08:54:24,570 - INFO - Sending payloads to URL: https://nikeaplawmprod1.sce.manh.com/pickpack/api/ServiceDefinition/invoke/NIKEEX10PackResultCS_1081
2026-07-02 08:54:24,570 - INFO - Using 10 worker threads for 20 payloads.
2026-07-02 08:54:24,571 - INFO - [PROD] Processing Payload 1/20 for Plant 1081
2026-07-02 08:54:24,571 - INFO - [PROD] Processing Payload 2/20 for Plant 1081
2026-07-02 08:54:24,572 - INFO - [PROD] Processing Payload 3/20 for Plant 1081
2026-07-02 08:54:24,572 - INFO - [PROD] Processing Payload 4/20 for Plant 1081
2026-07-02 08:54:24,572 - INFO - [PROD] Processing Payload 5/20 for Plant 1081
2026-07-02 08:54:24,574 - INFO - [PROD] Processing Payload 6/20 for Plant 1081
2026-07-02 08:54:24,575 - INFO - [PROD] Processing Payload 7/20 for Plant 1081
2026-07-02 08:54:24,576 - INFO - [PROD] Processing Payload 8/20 for Plant 1081
2026-07-02 08:54:24,577 - INFO - [PROD] Processing Payload 9/20 for Plant 1081
2026-07-02 08:54:24,578 - INFO - [PROD] Processing Payload 10/20 for Plant 1081
2026-07-02 08:54:25,853 - INFO - [PROD] Processing Payload 11/20 for Plant 1081
2026-07-02 08:54:25,854 - INFO - [PROD] Processing Payload 12/20 for Plant 1081
2026-07-02 08:54:25,856 - INFO - [PROD] Processing Payload 13/20 for Plant 1081
2026-07-02 08:54:25,862 - INFO - [PROD] Processing Payload 14/20 for Plant 1081
2026-07-02 08:54:25,884 - INFO - [PROD] Processing Payload 15/20 for Plant 1081
2026-07-02 08:54:25,927 - INFO - [PROD] Processing Payload 16/20 for Plant 1081
2026-07-02 08:54:25,929 - INFO - [PROD] Processing Payload 17/20 for Plant 1081
2026-07-02 08:54:25,970 - INFO - [PROD] Processing Payload 18/20 for Plant 1081
2026-07-02 08:54:25,972 - INFO - [PROD] Processing Payload 19/20 for Plant 1081
2026-07-02 08:54:25,984 - INFO - [PROD] Processing Payload 20/20 for Plant 1081
2026-07-02 08:54:27,186 - INFO - Pack Complete run finished. Success: 20, Failed: 0, Total: 20
2026-07-02 08:54:27,187 - INFO - Pack Complete run finished.
2026-07-02 08:54:27,187 - INFO - Waiting 10 seconds before next run...
2026-07-02 08:54:37,192 - INFO - Starting Pack Complete run...
2026-07-02 08:54:37,429 - INFO - Successfully extracted 1 data row(s) for wave information processing.
2026-07-02 08:54:37,429 - INFO - Processing row 1: {'Plant': 1081, 'Environment': 'PROD', 'Wave_number': 'W07012026000000000003;W07012026000000000004'}
2026-07-02 08:54:37,654 - INFO - Processing Task 1/1: Plant 1081 (PROD)
2026-07-02 08:54:38,013 - INFO - Successfully retrieved token.
2026-07-02 08:54:38,014 - INFO - Sending payload to URL: https://nikeaplawmprod1.sce.manh.com/pickpack/api/pickpack/olpn/search
2026-07-02 08:54:38,267 - INFO - Successfully received response for Plant 1081 (PROD)
2026-07-02 08:54:38,665 - INFO - Sending payload to URL: https://nikeaplawmprod1.sce.manh.com/task/api/task/taskDetail/search
2026-07-02 08:54:38,873 - INFO - -> Success: True, Message: None
2026-07-02 08:54:38,878 - INFO - Processing Task 1/1: Plant 1081 (PROD)
2026-07-02 08:54:39,366 - INFO - Successfully retrieved token.
2026-07-02 08:54:39,367 - INFO - Sending payload to URL: https://nikeaplawmprod1.sce.manh.com/pickpack/api/pickpack/olpn/search
2026-07-02 08:54:39,641 - INFO - Successfully received response for Plant 1081 (PROD)
2026-07-02 08:54:39,643 - INFO - Success: Found 20 oLPN row(s) for this task.
2026-07-02 08:54:39,645 - INFO - Processing 20 payloads for Environment: PROD
2026-07-02 08:54:39,991 - INFO - Successfully retrieved token for PROD environment.
2026-07-02 08:54:39,991 - INFO - Sending payloads to URL: https://nikeaplawmprod1.sce.manh.com/pickpack/api/ServiceDefinition/invoke/NIKEEX10PackResultCS_1081
2026-07-02 08:54:39,991 - INFO - Using 10 worker threads for 20 payloads.
2026-07-02 08:54:39,991 - INFO - [PROD] Processing Payload 1/20 for Plant 1081
2026-07-02 08:54:39,992 - INFO - [PROD] Processing Payload 2/20 for Plant 1081
2026-07-02 08:54:39,993 - INFO - [PROD] Processing Payload 3/20 for Plant 1081
2026-07-02 08:54:39,993 - INFO - [PROD] Processing Payload 4/20 for Plant 1081
2026-07-02 08:54:39,994 - INFO - [PROD] Processing Payload 5/20 for Plant 1081
2026-07-02 08:54:39,995 - INFO - [PROD] Processing Payload 6/20 for Plant 1081
2026-07-02 08:54:39,996 - INFO - [PROD] Processing Payload 7/20 for Plant 1081
2026-07-02 08:54:39,997 - INFO - [PROD] Processing Payload 8/20 for Plant 1081
2026-07-02 08:54:39,999 - INFO - [PROD] Processing Payload 9/20 for Plant 1081
2026-07-02 08:54:40,000 - INFO - [PROD] Processing Payload 10/20 for Plant 1081
2026-07-02 08:54:41,414 - INFO - [PROD] Processing Payload 11/20 for Plant 1081
2026-07-02 08:54:41,434 - INFO - [PROD] Processing Payload 12/20 for Plant 1081
2026-07-02 08:54:41,444 - INFO - [PROD] Processing Payload 13/20 for Plant 1081
2026-07-02 08:54:41,447 - INFO - [PROD] Processing Payload 14/20 for Plant 1081
2026-07-02 08:54:41,605 - INFO - [PROD] Processing Payload 15/20 for Plant 1081
2026-07-02 08:54:41,649 - INFO - [PROD] Processing Payload 16/20 for Plant 1081
2026-07-02 08:54:41,675 - INFO - [PROD] Processing Payload 17/20 for Plant 1081
2026-07-02 08:54:41,868 - INFO - [PROD] Processing Payload 18/20 for Plant 1081
2026-07-02 08:54:41,871 - INFO - [PROD] Processing Payload 19/20 for Plant 1081
2026-07-02 08:54:42,047 - INFO - [PROD] Processing Payload 20/20 for Plant 1081
2026-07-02 08:54:42,942 - INFO - Pack Complete run finished. Success: 20, Failed: 0, Total: 20
2026-07-02 08:54:42,943 - INFO - Pack Complete run finished.
2026-07-02 08:54:42,943 - INFO - Waiting 10 seconds before next run...
2026-07-02 08:54:52,948 - INFO - Starting Pack Complete run...
2026-07-02 08:54:53,189 - INFO - Successfully extracted 1 data row(s) for wave information processing.
2026-07-02 08:54:53,190 - INFO - Processing row 1: {'Plant': 1081, 'Environment': 'PROD', 'Wave_number': 'W07012026000000000003;W07012026000000000004'}
2026-07-02 08:54:53,397 - INFO - Processing Task 1/1: Plant 1081 (PROD)
2026-07-02 08:54:53,806 - INFO - Successfully retrieved token.
2026-07-02 08:54:53,806 - INFO - Sending payload to URL: https://nikeaplawmprod1.sce.manh.com/pickpack/api/pickpack/olpn/search
2026-07-02 08:54:54,034 - INFO - Successfully received response for Plant 1081 (PROD)
2026-07-02 08:54:54,369 - INFO - Sending payload to URL: https://nikeaplawmprod1.sce.manh.com/task/api/task/taskDetail/search
2026-07-02 08:54:54,561 - INFO - -> Success: True, Message: None
2026-07-02 08:54:54,566 - INFO - Processing Task 1/1: Plant 1081 (PROD)
2026-07-02 08:54:55,034 - INFO - Successfully retrieved token.
2026-07-02 08:54:55,034 - INFO - Sending payload to URL: https://nikeaplawmprod1.sce.manh.com/pickpack/api/pickpack/olpn/search
2026-07-02 08:54:55,819 - INFO - Successfully received response for Plant 1081 (PROD)
2026-07-02 08:54:55,821 - INFO - Success: Found 20 oLPN row(s) for this task.
2026-07-02 08:54:55,823 - INFO - Processing 20 payloads for Environment: PROD
2026-07-02 08:54:56,264 - INFO - Successfully retrieved token for PROD environment.
2026-07-02 08:54:56,265 - INFO - Sending payloads to URL: https://nikeaplawmprod1.sce.manh.com/pickpack/api/ServiceDefinition/invoke/NIKEEX10PackResultCS_1081
2026-07-02 08:54:56,265 - INFO - Using 10 worker threads for 20 payloads.
2026-07-02 08:54:56,265 - INFO - [PROD] Processing Payload 1/20 for Plant 1081
2026-07-02 08:54:56,265 - INFO - [PROD] Processing Payload 2/20 for Plant 1081
2026-07-02 08:54:56,266 - INFO - [PROD] Processing Payload 3/20 for Plant 1081
2026-07-02 08:54:56,268 - INFO - [PROD] Processing Payload 4/20 for Plant 1081
2026-07-02 08:54:56,269 - INFO - [PROD] Processing Payload 5/20 for Plant 1081
2026-07-02 08:54:56,270 - INFO - [PROD] Processing Payload 6/20 for Plant 1081
2026-07-02 08:54:56,270 - INFO - [PROD] Processing Payload 7/20 for Plant 1081
2026-07-02 08:54:56,271 - INFO - [PROD] Processing Payload 8/20 for Plant 1081
2026-07-02 08:54:56,272 - INFO - [PROD] Processing Payload 9/20 for Plant 1081
2026-07-02 08:54:56,273 - INFO - [PROD] Processing Payload 10/20 for Plant 1081
2026-07-02 08:54:57,587 - INFO - [PROD] Processing Payload 11/20 for Plant 1081
2026-07-02 08:54:57,611 - INFO - [PROD] Processing Payload 12/20 for Plant 1081
2026-07-02 08:54:57,664 - INFO - [PROD] Processing Payload 13/20 for Plant 1081
2026-07-02 08:54:58,209 - INFO - [PROD] Processing Payload 14/20 for Plant 1081
2026-07-02 08:54:58,211 - INFO - [PROD] Processing Payload 15/20 for Plant 1081
2026-07-02 08:54:58,216 - INFO - [PROD] Processing Payload 16/20 for Plant 1081
2026-07-02 08:54:58,290 - INFO - [PROD] Processing Payload 17/20 for Plant 1081
2026-07-02 08:54:58,626 - INFO - [PROD] Processing Payload 18/20 for Plant 1081
2026-07-02 08:54:58,684 - INFO - [PROD] Processing Payload 19/20 for Plant 1081
2026-07-02 08:54:58,784 - INFO - [PROD] Processing Payload 20/20 for Plant 1081
2026-07-02 08:54:59,709 - INFO - Pack Complete run finished. Success: 20, Failed: 0, Total: 20
2026-07-02 08:54:59,710 - INFO - Pack Complete run finished.
2026-07-02 08:54:59,710 - INFO - Waiting 10 seconds before next run...
2026-07-02 08:55:09,721 - INFO - Starting Pack Complete run...
2026-07-02 08:55:09,947 - INFO - Successfully extracted 1 data row(s) for wave information processing.
2026-07-02 08:55:09,947 - INFO - Processing row 1: {'Plant': 1081, 'Environment': 'PROD', 'Wave_number': 'W07012026000000000003;W07012026000000000004'}
2026-07-02 08:55:10,190 - INFO - Processing Task 1/1: Plant 1081 (PROD)
2026-07-02 08:55:10,560 - INFO - Successfully retrieved token.
2026-07-02 08:55:10,560 - INFO - Sending payload to URL: https://nikeaplawmprod1.sce.manh.com/pickpack/api/pickpack/olpn/search
2026-07-02 08:55:10,782 - INFO - Successfully received response for Plant 1081 (PROD)
2026-07-02 08:55:11,143 - INFO - Sending payload to URL: https://nikeaplawmprod1.sce.manh.com/task/api/task/taskDetail/search
2026-07-02 08:55:11,317 - INFO - -> Success: True, Message: None
2026-07-02 08:55:11,318 - INFO - Processing Task 1/1: Plant 1081 (PROD)
2026-07-02 08:55:11,712 - INFO - Successfully retrieved token.
2026-07-02 08:55:11,713 - INFO - Sending payload to URL: https://nikeaplawmprod1.sce.manh.com/pickpack/api/pickpack/olpn/search
2026-07-02 08:55:11,948 - INFO - Successfully received response for Plant 1081 (PROD)
2026-07-02 08:55:11,949 - INFO - Success: Found 20 oLPN row(s) for this task.
2026-07-02 08:55:11,950 - INFO - Processing 20 payloads for Environment: PROD
2026-07-02 08:55:12,311 - INFO - Successfully retrieved token for PROD environment.
2026-07-02 08:55:12,311 - INFO - Sending payloads to URL: https://nikeaplawmprod1.sce.manh.com/pickpack/api/ServiceDefinition/invoke/NIKEEX10PackResultCS_1081
2026-07-02 08:55:12,311 - INFO - Using 10 worker threads for 20 payloads.
2026-07-02 08:55:12,312 - INFO - [PROD] Processing Payload 1/20 for Plant 1081
2026-07-02 08:55:12,313 - INFO - [PROD] Processing Payload 2/20 for Plant 1081
2026-07-02 08:55:12,313 - INFO - [PROD] Processing Payload 3/20 for Plant 1081
2026-07-02 08:55:12,313 - INFO - [PROD] Processing Payload 4/20 for Plant 1081
2026-07-02 08:55:12,314 - INFO - [PROD] Processing Payload 5/20 for Plant 1081
2026-07-02 08:55:12,314 - INFO - [PROD] Processing Payload 6/20 for Plant 1081
2026-07-02 08:55:12,315 - INFO - [PROD] Processing Payload 7/20 for Plant 1081
2026-07-02 08:55:12,315 - INFO - [PROD] Processing Payload 8/20 for Plant 1081
2026-07-02 08:55:12,316 - INFO - [PROD] Processing Payload 9/20 for Plant 1081
2026-07-02 08:55:12,316 - INFO - [PROD] Processing Payload 10/20 for Plant 1081
2026-07-02 08:55:13,525 - INFO - [PROD] Processing Payload 11/20 for Plant 1081
2026-07-02 08:55:13,538 - INFO - [PROD] Processing Payload 12/20 for Plant 1081
2026-07-02 08:55:13,554 - INFO - [PROD] Processing Payload 13/20 for Plant 1081
2026-07-02 08:55:13,563 - INFO - [PROD] Processing Payload 14/20 for Plant 1081
2026-07-02 08:55:13,652 - INFO - [PROD] Processing Payload 15/20 for Plant 1081
2026-07-02 08:55:13,675 - INFO - [PROD] Processing Payload 16/20 for Plant 1081
2026-07-02 08:55:13,692 - INFO - [PROD] Processing Payload 17/20 for Plant 1081
2026-07-02 08:55:13,711 - INFO - [PROD] Processing Payload 18/20 for Plant 1081
2026-07-02 08:55:13,722 - INFO - [PROD] Processing Payload 19/20 for Plant 1081
2026-07-02 08:55:13,836 - INFO - [PROD] Processing Payload 20/20 for Plant 1081
2026-07-02 08:55:14,518 - INFO - Pack Complete run finished. Success: 20, Failed: 0, Total: 20
2026-07-02 08:55:14,519 - INFO - Pack Complete run finished.
2026-07-02 08:55:14,519 - INFO - Waiting 10 seconds before next run...
2026-07-02 08:55:24,530 - INFO - Starting Pack Complete run...
2026-07-02 08:55:24,770 - INFO - Successfully extracted 1 data row(s) for wave information processing.
2026-07-02 08:55:24,770 - INFO - Processing row 1: {'Plant': 1081, 'Environment': 'PROD', 'Wave_number': 'W07012026000000000003;W07012026000000000004'}
2026-07-02 08:55:24,972 - INFO - Processing Task 1/1: Plant 1081 (PROD)
2026-07-02 08:55:25,356 - INFO - Successfully retrieved token.
2026-07-02 08:55:25,356 - INFO - Sending payload to URL: https://nikeaplawmprod1.sce.manh.com/pickpack/api/pickpack/olpn/search
2026-07-02 08:55:25,589 - INFO - Successfully received response for Plant 1081 (PROD)
2026-07-02 08:55:25,929 - INFO - Sending payload to URL: https://nikeaplawmprod1.sce.manh.com/task/api/task/taskDetail/search
2026-07-02 08:55:26,146 - INFO - -> Success: True, Message: None
2026-07-02 08:55:26,149 - INFO - Processing Task 1/1: Plant 1081 (PROD)
2026-07-02 08:55:26,489 - INFO - Successfully retrieved token.
2026-07-02 08:55:26,489 - INFO - Sending payload to URL: https://nikeaplawmprod1.sce.manh.com/pickpack/api/pickpack/olpn/search
2026-07-02 08:55:26,718 - INFO - Successfully received response for Plant 1081 (PROD)
2026-07-02 08:55:26,719 - INFO - Success: Found 20 oLPN row(s) for this task.
2026-07-02 08:55:26,720 - INFO - Processing 20 payloads for Environment: PROD
2026-07-02 08:55:27,079 - INFO - Successfully retrieved token for PROD environment.
2026-07-02 08:55:27,079 - INFO - Sending payloads to URL: https://nikeaplawmprod1.sce.manh.com/pickpack/api/ServiceDefinition/invoke/NIKEEX10PackResultCS_1081
2026-07-02 08:55:27,079 - INFO - Using 10 worker threads for 20 payloads.
2026-07-02 08:55:27,079 - INFO - [PROD] Processing Payload 1/20 for Plant 1081
2026-07-02 08:55:27,080 - INFO - [PROD] Processing Payload 2/20 for Plant 1081
2026-07-02 08:55:27,080 - INFO - [PROD] Processing Payload 3/20 for Plant 1081
2026-07-02 08:55:27,081 - INFO - [PROD] Processing Payload 4/20 for Plant 1081
2026-07-02 08:55:27,082 - INFO - [PROD] Processing Payload 5/20 for Plant 1081
2026-07-02 08:55:27,083 - INFO - [PROD] Processing Payload 6/20 for Plant 1081
2026-07-02 08:55:27,083 - INFO - [PROD] Processing Payload 7/20 for Plant 1081
2026-07-02 08:55:27,084 - INFO - [PROD] Processing Payload 8/20 for Plant 1081
2026-07-02 08:55:27,085 - INFO - [PROD] Processing Payload 9/20 for Plant 1081
2026-07-02 08:55:27,087 - INFO - [PROD] Processing Payload 10/20 for Plant 1081
2026-07-02 08:55:28,378 - INFO - [PROD] Processing Payload 11/20 for Plant 1081
2026-07-02 08:55:28,381 - INFO - [PROD] Processing Payload 12/20 for Plant 1081
2026-07-02 08:55:28,426 - INFO - [PROD] Processing Payload 13/20 for Plant 1081
2026-07-02 08:55:28,436 - INFO - [PROD] Processing Payload 14/20 for Plant 1081
2026-07-02 08:55:28,441 - INFO - [PROD] Processing Payload 15/20 for Plant 1081
2026-07-02 08:55:28,462 - INFO - [PROD] Processing Payload 16/20 for Plant 1081
2026-07-02 08:55:28,464 - INFO - [PROD] Processing Payload 17/20 for Plant 1081
2026-07-02 08:55:28,481 - INFO - [PROD] Processing Payload 18/20 for Plant 1081
2026-07-02 08:55:28,532 - INFO - [PROD] Processing Payload 19/20 for Plant 1081
2026-07-02 08:55:28,537 - INFO - [PROD] Processing Payload 20/20 for Plant 1081
2026-07-02 08:55:29,268 - INFO - Pack Complete run finished. Success: 20, Failed: 0, Total: 20
2026-07-02 08:55:29,269 - INFO - Pack Complete run finished.
2026-07-02 08:55:29,269 - INFO - Waiting 10 seconds before next run...
2026-07-02 08:55:39,274 - INFO - Starting Pack Complete run...
2026-07-02 08:55:39,519 - INFO - Successfully extracted 1 data row(s) for wave information processing.
2026-07-02 08:55:39,519 - INFO - Processing row 1: {'Plant': 1081, 'Environment': 'PROD', 'Wave_number': 'W07012026000000000003;W07012026000000000004'}
2026-07-02 08:55:39,741 - INFO - Processing Task 1/1: Plant 1081 (PROD)
2026-07-02 08:55:40,091 - INFO - Successfully retrieved token.
2026-07-02 08:55:40,091 - INFO - Sending payload to URL: https://nikeaplawmprod1.sce.manh.com/pickpack/api/pickpack/olpn/search
2026-07-02 08:55:40,331 - INFO - Successfully received response for Plant 1081 (PROD)
2026-07-02 08:55:40,689 - INFO - Sending payload to URL: https://nikeaplawmprod1.sce.manh.com/task/api/task/taskDetail/search
2026-07-02 08:55:40,877 - INFO - -> Success: True, Message: None
2026-07-02 08:55:40,878 - INFO - Processing Task 1/1: Plant 1081 (PROD)
2026-07-02 08:55:41,208 - INFO - Successfully retrieved token.
2026-07-02 08:55:41,208 - INFO - Sending payload to URL: https://nikeaplawmprod1.sce.manh.com/pickpack/api/pickpack/olpn/search
2026-07-02 08:55:41,463 - INFO - Successfully received response for Plant 1081 (PROD)
2026-07-02 08:55:41,464 - INFO - Success: Found 20 oLPN row(s) for this task.
2026-07-02 08:55:41,466 - INFO - Processing 20 payloads for Environment: PROD
2026-07-02 08:55:41,854 - INFO - Successfully retrieved token for PROD environment.
2026-07-02 08:55:41,854 - INFO - Sending payloads to URL: https://nikeaplawmprod1.sce.manh.com/pickpack/api/ServiceDefinition/invoke/NIKEEX10PackResultCS_1081
2026-07-02 08:55:41,854 - INFO - Using 10 worker threads for 20 payloads.
2026-07-02 08:55:41,855 - INFO - [PROD] Processing Payload 1/20 for Plant 1081
2026-07-02 08:55:41,855 - INFO - [PROD] Processing Payload 2/20 for Plant 1081
2026-07-02 08:55:41,857 - INFO - [PROD] Processing Payload 3/20 for Plant 1081
2026-07-02 08:55:41,857 - INFO - [PROD] Processing Payload 4/20 for Plant 1081
2026-07-02 08:55:41,858 - INFO - [PROD] Processing Payload 5/20 for Plant 1081
2026-07-02 08:55:41,860 - INFO - [PROD] Processing Payload 6/20 for Plant 1081
2026-07-02 08:55:41,861 - INFO - [PROD] Processing Payload 7/20 for Plant 1081
2026-07-02 08:55:41,861 - INFO - [PROD] Processing Payload 8/20 for Plant 1081
2026-07-02 08:55:41,863 - INFO - [PROD] Processing Payload 9/20 for Plant 1081
2026-07-02 08:55:41,863 - INFO - [PROD] Processing Payload 10/20 for Plant 1081
2026-07-02 08:55:43,316 - INFO - [PROD] Processing Payload 11/20 for Plant 1081
2026-07-02 08:55:43,320 - INFO - [PROD] Processing Payload 12/20 for Plant 1081
2026-07-02 08:55:43,324 - INFO - [PROD] Processing Payload 13/20 for Plant 1081
2026-07-02 08:55:43,342 - INFO - [PROD] Processing Payload 14/20 for Plant 1081
2026-07-02 08:55:43,347 - INFO - [PROD] Processing Payload 15/20 for Plant 1081
2026-07-02 08:55:43,362 - INFO - [PROD] Processing Payload 16/20 for Plant 1081
2026-07-02 08:55:43,420 - INFO - [PROD] Processing Payload 17/20 for Plant 1081
2026-07-02 08:55:43,454 - INFO - [PROD] Processing Payload 18/20 for Plant 1081
2026-07-02 08:55:43,560 - INFO - [PROD] Processing Payload 19/20 for Plant 1081
2026-07-02 08:55:43,623 - INFO - [PROD] Processing Payload 20/20 for Plant 1081
2026-07-02 08:55:45,228 - INFO - Pack Complete run finished. Success: 20, Failed: 0, Total: 20
2026-07-02 08:55:45,229 - INFO - Pack Complete run finished.
2026-07-02 08:55:45,230 - INFO - Waiting 10 seconds before next run...
2026-07-02 08:55:55,235 - INFO - Starting Pack Complete run...
2026-07-02 08:55:55,476 - INFO - Successfully extracted 1 data row(s) for wave information processing.
2026-07-02 08:55:55,476 - INFO - Processing row 1: {'Plant': 1081, 'Environment': 'PROD', 'Wave_number': 'W07012026000000000003;W07012026000000000004'}
2026-07-02 08:55:55,690 - INFO - Processing Task 1/1: Plant 1081 (PROD)
2026-07-02 08:55:56,122 - INFO - Successfully retrieved token.
2026-07-02 08:55:56,122 - INFO - Sending payload to URL: https://nikeaplawmprod1.sce.manh.com/pickpack/api/pickpack/olpn/search
2026-07-02 08:55:56,368 - INFO - Successfully received response for Plant 1081 (PROD)
2026-07-02 08:55:56,812 - INFO - Sending payload to URL: https://nikeaplawmprod1.sce.manh.com/task/api/task/taskDetail/search
2026-07-02 08:55:57,028 - INFO - -> Success: True, Message: None
2026-07-02 08:55:57,030 - INFO - Processing Task 1/1: Plant 1081 (PROD)
2026-07-02 08:55:57,377 - INFO - Successfully retrieved token.
2026-07-02 08:55:57,377 - INFO - Sending payload to URL: https://nikeaplawmprod1.sce.manh.com/pickpack/api/pickpack/olpn/search
2026-07-02 08:55:57,611 - INFO - Successfully received response for Plant 1081 (PROD)
2026-07-02 08:55:57,613 - INFO - Success: Found 20 oLPN row(s) for this task.
2026-07-02 08:55:57,615 - INFO - Processing 20 payloads for Environment: PROD
2026-07-02 08:55:58,013 - INFO - Successfully retrieved token for PROD environment.
2026-07-02 08:55:58,014 - INFO - Sending payloads to URL: https://nikeaplawmprod1.sce.manh.com/pickpack/api/ServiceDefinition/invoke/NIKEEX10PackResultCS_1081
2026-07-02 08:55:58,014 - INFO - Using 10 worker threads for 20 payloads.
2026-07-02 08:55:58,015 - INFO - [PROD] Processing Payload 1/20 for Plant 1081
2026-07-02 08:55:58,015 - INFO - [PROD] Processing Payload 2/20 for Plant 1081
2026-07-02 08:55:58,016 - INFO - [PROD] Processing Payload 3/20 for Plant 1081
2026-07-02 08:55:58,018 - INFO - [PROD] Processing Payload 4/20 for Plant 1081
2026-07-02 08:55:58,019 - INFO - [PROD] Processing Payload 5/20 for Plant 1081
2026-07-02 08:55:58,020 - INFO - [PROD] Processing Payload 6/20 for Plant 1081
2026-07-02 08:55:58,020 - INFO - [PROD] Processing Payload 7/20 for Plant 1081
2026-07-02 08:55:58,021 - INFO - [PROD] Processing Payload 8/20 for Plant 1081
2026-07-02 08:55:58,022 - INFO - [PROD] Processing Payload 9/20 for Plant 1081
2026-07-02 08:55:58,023 - INFO - [PROD] Processing Payload 10/20 for Plant 1081
2026-07-02 08:55:59,447 - INFO - [PROD] Processing Payload 11/20 for Plant 1081
2026-07-02 08:55:59,449 - INFO - [PROD] Processing Payload 12/20 for Plant 1081
2026-07-02 08:55:59,451 - INFO - [PROD] Processing Payload 13/20 for Plant 1081
2026-07-02 08:55:59,453 - INFO - [PROD] Processing Payload 14/20 for Plant 1081
2026-07-02 08:55:59,455 - INFO - [PROD] Processing Payload 15/20 for Plant 1081
2026-07-02 08:55:59,495 - INFO - [PROD] Processing Payload 16/20 for Plant 1081
2026-07-02 08:55:59,555 - INFO - [PROD] Processing Payload 17/20 for Plant 1081
2026-07-02 08:55:59,620 - INFO - [PROD] Processing Payload 18/20 for Plant 1081
2026-07-02 08:55:59,734 - INFO - [PROD] Processing Payload 19/20 for Plant 1081
2026-07-02 08:55:59,878 - INFO - [PROD] Processing Payload 20/20 for Plant 1081
2026-07-02 08:56:01,017 - INFO - Pack Complete run finished. Success: 20, Failed: 0, Total: 20
2026-07-02 08:56:01,017 - INFO - Pack Complete run finished.
2026-07-02 08:56:01,018 - INFO - Waiting 10 seconds before next run...
2026-07-02 08:56:11,023 - INFO - Starting Pack Complete run...
2026-07-02 08:56:11,262 - INFO - Successfully extracted 1 data row(s) for wave information processing.
2026-07-02 08:56:11,262 - INFO - Processing row 1: {'Plant': 1081, 'Environment': 'PROD', 'Wave_number': 'W07012026000000000003;W07012026000000000004'}
2026-07-02 08:56:11,487 - INFO - Processing Task 1/1: Plant 1081 (PROD)
2026-07-02 08:56:11,820 - INFO - Successfully retrieved token.
2026-07-02 08:56:11,820 - INFO - Sending payload to URL: https://nikeaplawmprod1.sce.manh.com/pickpack/api/pickpack/olpn/search
2026-07-02 08:56:12,058 - INFO - Successfully received response for Plant 1081 (PROD)
2026-07-02 08:56:12,412 - INFO - Sending payload to URL: https://nikeaplawmprod1.sce.manh.com/task/api/task/taskDetail/search
2026-07-02 08:56:12,597 - INFO - -> Success: True, Message: None
2026-07-02 08:56:12,600 - INFO - Processing Task 1/1: Plant 1081 (PROD)
2026-07-02 08:56:12,957 - INFO - Successfully retrieved token.
2026-07-02 08:56:12,957 - INFO - Sending payload to URL: https://nikeaplawmprod1.sce.manh.com/pickpack/api/pickpack/olpn/search
2026-07-02 08:56:13,208 - INFO - Successfully received response for Plant 1081 (PROD)
2026-07-02 08:56:13,210 - INFO - Success: Found 20 oLPN row(s) for this task.
2026-07-02 08:56:13,212 - INFO - Processing 20 payloads for Environment: PROD
2026-07-02 08:56:13,546 - INFO - Successfully retrieved token for PROD environment.
2026-07-02 08:56:13,546 - INFO - Sending payloads to URL: https://nikeaplawmprod1.sce.manh.com/pickpack/api/ServiceDefinition/invoke/NIKEEX10PackResultCS_1081
2026-07-02 08:56:13,546 - INFO - Using 10 worker threads for 20 payloads.
2026-07-02 08:56:13,546 - INFO - [PROD] Processing Payload 1/20 for Plant 1081
2026-07-02 08:56:13,546 - INFO - [PROD] Processing Payload 2/20 for Plant 1081
2026-07-02 08:56:13,547 - INFO - [PROD] Processing Payload 3/20 for Plant 1081
2026-07-02 08:56:13,547 - INFO - [PROD] Processing Payload 4/20 for Plant 1081
2026-07-02 08:56:13,548 - INFO - [PROD] Processing Payload 5/20 for Plant 1081
2026-07-02 08:56:13,549 - INFO - [PROD] Processing Payload 6/20 for Plant 1081
2026-07-02 08:56:13,549 - INFO - [PROD] Processing Payload 7/20 for Plant 1081
2026-07-02 08:56:13,549 - INFO - [PROD] Processing Payload 8/20 for Plant 1081
2026-07-02 08:56:13,550 - INFO - [PROD] Processing Payload 9/20 for Plant 1081
2026-07-02 08:56:13,551 - INFO - [PROD] Processing Payload 10/20 for Plant 1081
2026-07-02 08:56:14,702 - INFO - [PROD] Processing Payload 11/20 for Plant 1081
2026-07-02 08:56:14,703 - INFO - [PROD] Processing Payload 12/20 for Plant 1081
2026-07-02 08:56:14,799 - INFO - [PROD] Processing Payload 13/20 for Plant 1081
2026-07-02 08:56:14,817 - INFO - [PROD] Processing Payload 14/20 for Plant 1081
2026-07-02 08:56:14,880 - INFO - [PROD] Processing Payload 15/20 for Plant 1081
2026-07-02 08:56:14,882 - INFO - [PROD] Processing Payload 16/20 for Plant 1081
2026-07-02 08:56:14,892 - INFO - [PROD] Processing Payload 17/20 for Plant 1081
2026-07-02 08:56:14,911 - INFO - [PROD] Processing Payload 18/20 for Plant 1081
2026-07-02 08:56:14,956 - INFO - [PROD] Processing Payload 19/20 for Plant 1081
2026-07-02 08:56:15,032 - INFO - [PROD] Processing Payload 20/20 for Plant 1081
2026-07-02 08:56:15,762 - INFO - Pack Complete run finished. Success: 20, Failed: 0, Total: 20
2026-07-02 08:56:15,763 - INFO - Pack Complete run finished.
2026-07-02 08:56:15,763 - INFO - Waiting 10 seconds before next run...
2026-07-02 08:56:25,767 - INFO - Starting Pack Complete run...
2026-07-02 08:56:26,043 - INFO - Successfully extracted 1 data row(s) for wave information processing.
2026-07-02 08:56:26,043 - INFO - Processing row 1: {'Plant': 1081, 'Environment': 'PROD', 'Wave_number': 'W07012026000000000003;W07012026000000000004'}
2026-07-02 08:56:26,250 - INFO - Processing Task 1/1: Plant 1081 (PROD)
2026-07-02 08:56:26,605 - INFO - Successfully retrieved token.
2026-07-02 08:56:26,605 - INFO - Sending payload to URL: https://nikeaplawmprod1.sce.manh.com/pickpack/api/pickpack/olpn/search
2026-07-02 08:56:26,862 - INFO - Successfully received response for Plant 1081 (PROD)
2026-07-02 08:56:27,246 - INFO - Sending payload to URL: https://nikeaplawmprod1.sce.manh.com/task/api/task/taskDetail/search
2026-07-02 08:56:27,465 - INFO - -> Success: True, Message: None
2026-07-02 08:56:27,472 - INFO - Processing Task 1/1: Plant 1081 (PROD)
2026-07-02 08:56:27,837 - INFO - Successfully retrieved token.
2026-07-02 08:56:27,837 - INFO - Sending payload to URL: https://nikeaplawmprod1.sce.manh.com/pickpack/api/pickpack/olpn/search
2026-07-02 08:56:28,138 - INFO - Successfully received response for Plant 1081 (PROD)
2026-07-02 08:56:28,139 - INFO - Success: Found 20 oLPN row(s) for this task.
2026-07-02 08:56:28,142 - INFO - Processing 20 payloads for Environment: PROD
2026-07-02 08:56:28,530 - INFO - Successfully retrieved token for PROD environment.
2026-07-02 08:56:28,530 - INFO - Sending payloads to URL: https://nikeaplawmprod1.sce.manh.com/pickpack/api/ServiceDefinition/invoke/NIKEEX10PackResultCS_1081
2026-07-02 08:56:28,531 - INFO - Using 10 worker threads for 20 payloads.
2026-07-02 08:56:28,531 - INFO - [PROD] Processing Payload 1/20 for Plant 1081
2026-07-02 08:56:28,533 - INFO - [PROD] Processing Payload 2/20 for Plant 1081
2026-07-02 08:56:28,535 - INFO - [PROD] Processing Payload 3/20 for Plant 1081
2026-07-02 08:56:28,536 - INFO - [PROD] Processing Payload 4/20 for Plant 1081
2026-07-02 08:56:28,540 - INFO - [PROD] Processing Payload 5/20 for Plant 1081
2026-07-02 08:56:28,543 - INFO - [PROD] Processing Payload 6/20 for Plant 1081
2026-07-02 08:56:28,551 - INFO - [PROD] Processing Payload 7/20 for Plant 1081
2026-07-02 08:56:28,551 - INFO - [PROD] Processing Payload 8/20 for Plant 1081
2026-07-02 08:56:28,553 - INFO - [PROD] Processing Payload 9/20 for Plant 1081
2026-07-02 08:56:28,555 - INFO - [PROD] Processing Payload 10/20 for Plant 1081
2026-07-02 08:56:29,876 - INFO - [PROD] Processing Payload 11/20 for Plant 1081
2026-07-02 08:56:29,888 - INFO - [PROD] Processing Payload 12/20 for Plant 1081
2026-07-02 08:56:29,890 - INFO - [PROD] Processing Payload 13/20 for Plant 1081
2026-07-02 08:56:29,891 - INFO - [PROD] Processing Payload 14/20 for Plant 1081
2026-07-02 08:56:29,894 - INFO - [PROD] Processing Payload 15/20 for Plant 1081
2026-07-02 08:56:29,896 - INFO - [PROD] Processing Payload 16/20 for Plant 1081
2026-07-02 08:56:29,915 - INFO - [PROD] Processing Payload 17/20 for Plant 1081
2026-07-02 08:56:29,928 - INFO - [PROD] Processing Payload 18/20 for Plant 1081
2026-07-02 08:56:29,932 - INFO - [PROD] Processing Payload 19/20 for Plant 1081
2026-07-02 08:56:29,936 - INFO - [PROD] Processing Payload 20/20 for Plant 1081
2026-07-02 08:56:31,327 - INFO - Pack Complete run finished. Success: 20, Failed: 0, Total: 20
2026-07-02 08:56:31,328 - INFO - Pack Complete run finished.
2026-07-02 08:56:31,328 - INFO - Waiting 10 seconds before next run...
2026-07-02 08:56:41,331 - INFO - Starting Pack Complete run...
2026-07-02 08:56:41,594 - INFO - Successfully extracted 1 data row(s) for wave information processing.
2026-07-02 08:56:41,594 - INFO - Processing row 1: {'Plant': 1081, 'Environment': 'PROD', 'Wave_number': 'W07012026000000000003;W07012026000000000004'}
2026-07-02 08:56:41,817 - INFO - Processing Task 1/1: Plant 1081 (PROD)
2026-07-02 08:56:42,145 - INFO - Successfully retrieved token.
2026-07-02 08:56:42,145 - INFO - Sending payload to URL: https://nikeaplawmprod1.sce.manh.com/pickpack/api/pickpack/olpn/search
2026-07-02 08:56:42,396 - INFO - Successfully received response for Plant 1081 (PROD)
2026-07-02 08:56:42,755 - INFO - Sending payload to URL: https://nikeaplawmprod1.sce.manh.com/task/api/task/taskDetail/search
2026-07-02 08:56:42,990 - INFO - -> Success: True, Message: None
2026-07-02 08:56:42,995 - INFO - Processing Task 1/1: Plant 1081 (PROD)
2026-07-02 08:56:43,362 - INFO - Successfully retrieved token.
2026-07-02 08:56:43,362 - INFO - Sending payload to URL: https://nikeaplawmprod1.sce.manh.com/pickpack/api/pickpack/olpn/search
2026-07-02 08:56:43,625 - INFO - Successfully received response for Plant 1081 (PROD)
2026-07-02 08:56:43,627 - INFO - Success: Found 20 oLPN row(s) for this task.
2026-07-02 08:56:43,633 - INFO - Processing 20 payloads for Environment: PROD
2026-07-02 08:56:44,042 - INFO - Successfully retrieved token for PROD environment.
2026-07-02 08:56:44,043 - INFO - Sending payloads to URL: https://nikeaplawmprod1.sce.manh.com/pickpack/api/ServiceDefinition/invoke/NIKEEX10PackResultCS_1081
2026-07-02 08:56:44,043 - INFO - Using 10 worker threads for 20 payloads.
2026-07-02 08:56:44,045 - INFO - [PROD] Processing Payload 1/20 for Plant 1081
2026-07-02 08:56:44,046 - INFO - [PROD] Processing Payload 2/20 for Plant 1081
2026-07-02 08:56:44,046 - INFO - [PROD] Processing Payload 3/20 for Plant 1081
2026-07-02 08:56:44,046 - INFO - [PROD] Processing Payload 4/20 for Plant 1081
2026-07-02 08:56:44,049 - INFO - [PROD] Processing Payload 5/20 for Plant 1081
2026-07-02 08:56:44,049 - INFO - [PROD] Processing Payload 6/20 for Plant 1081
2026-07-02 08:56:44,052 - INFO - [PROD] Processing Payload 7/20 for Plant 1081
2026-07-02 08:56:44,053 - INFO - [PROD] Processing Payload 8/20 for Plant 1081
2026-07-02 08:56:44,055 - INFO - [PROD] Processing Payload 9/20 for Plant 1081
2026-07-02 08:56:44,056 - INFO - [PROD] Processing Payload 10/20 for Plant 1081
2026-07-02 08:56:45,437 - INFO - [PROD] Processing Payload 11/20 for Plant 1081
2026-07-02 08:56:45,437 - INFO - [PROD] Processing Payload 12/20 for Plant 1081
2026-07-02 08:56:45,474 - INFO - [PROD] Processing Payload 13/20 for Plant 1081
2026-07-02 08:56:45,490 - INFO - [PROD] Processing Payload 14/20 for Plant 1081
2026-07-02 08:56:45,594 - INFO - [PROD] Processing Payload 15/20 for Plant 1081
2026-07-02 08:56:45,648 - INFO - [PROD] Processing Payload 16/20 for Plant 1081
2026-07-02 08:56:45,790 - INFO - [PROD] Processing Payload 17/20 for Plant 1081
2026-07-02 08:56:45,806 - INFO - [PROD] Processing Payload 18/20 for Plant 1081
2026-07-02 08:56:45,810 - INFO - [PROD] Processing Payload 19/20 for Plant 1081
2026-07-02 08:56:45,897 - INFO - [PROD] Processing Payload 20/20 for Plant 1081
2026-07-02 08:56:46,549 - INFO - Pack Complete run finished. Success: 20, Failed: 0, Total: 20
2026-07-02 08:56:46,551 - INFO - Pack Complete run finished.
2026-07-02 08:56:46,551 - INFO - Waiting 10 seconds before next run...
2026-07-02 08:56:56,554 - INFO - Starting Pack Complete run...
2026-07-02 08:56:56,821 - INFO - Successfully extracted 1 data row(s) for wave information processing.
2026-07-02 08:56:56,822 - INFO - Processing row 1: {'Plant': 1081, 'Environment': 'PROD', 'Wave_number': 'W07012026000000000003;W07012026000000000004'}
2026-07-02 08:56:57,027 - INFO - Processing Task 1/1: Plant 1081 (PROD)
2026-07-02 08:56:57,340 - INFO - Successfully retrieved token.
2026-07-02 08:56:57,341 - INFO - Sending payload to URL: https://nikeaplawmprod1.sce.manh.com/pickpack/api/pickpack/olpn/search
2026-07-02 08:56:57,622 - INFO - Successfully received response for Plant 1081 (PROD)
2026-07-02 08:56:58,058 - INFO - Sending payload to URL: https://nikeaplawmprod1.sce.manh.com/task/api/task/taskDetail/search
2026-07-02 08:56:58,260 - INFO - -> Success: True, Message: None
2026-07-02 08:56:58,265 - INFO - Processing Task 1/1: Plant 1081 (PROD)
2026-07-02 08:56:58,635 - INFO - Successfully retrieved token.
2026-07-02 08:56:58,635 - INFO - Sending payload to URL: https://nikeaplawmprod1.sce.manh.com/pickpack/api/pickpack/olpn/search
2026-07-02 08:56:58,902 - INFO - Successfully received response for Plant 1081 (PROD)
2026-07-02 08:56:58,907 - INFO - Success: Found 20 oLPN row(s) for this task.
2026-07-02 08:56:58,914 - INFO - Processing 20 payloads for Environment: PROD
2026-07-02 08:56:59,265 - INFO - Successfully retrieved token for PROD environment.
2026-07-02 08:56:59,266 - INFO - Sending payloads to URL: https://nikeaplawmprod1.sce.manh.com/pickpack/api/ServiceDefinition/invoke/NIKEEX10PackResultCS_1081
2026-07-02 08:56:59,266 - INFO - Using 10 worker threads for 20 payloads.
2026-07-02 08:56:59,268 - INFO - [PROD] Processing Payload 1/20 for Plant 1081
2026-07-02 08:56:59,271 - INFO - [PROD] Processing Payload 2/20 for Plant 1081
2026-07-02 08:56:59,271 - INFO - [PROD] Processing Payload 3/20 for Plant 1081
2026-07-02 08:56:59,271 - INFO - [PROD] Processing Payload 4/20 for Plant 1081
2026-07-02 08:56:59,278 - INFO - [PROD] Processing Payload 5/20 for Plant 1081
2026-07-02 08:56:59,282 - INFO - [PROD] Processing Payload 6/20 for Plant 1081
2026-07-02 08:56:59,282 - INFO - [PROD] Processing Payload 7/20 for Plant 1081
2026-07-02 08:56:59,283 - INFO - [PROD] Processing Payload 8/20 for Plant 1081
2026-07-02 08:56:59,285 - INFO - [PROD] Processing Payload 9/20 for Plant 1081
2026-07-02 08:56:59,286 - INFO - [PROD] Processing Payload 10/20 for Plant 1081
2026-07-02 08:57:00,457 - INFO - [PROD] Processing Payload 11/20 for Plant 1081
2026-07-02 08:57:00,523 - INFO - [PROD] Processing Payload 12/20 for Plant 1081
2026-07-02 08:57:00,527 - INFO - [PROD] Processing Payload 13/20 for Plant 1081
2026-07-02 08:57:00,535 - INFO - [PROD] Processing Payload 14/20 for Plant 1081
2026-07-02 08:57:00,576 - INFO - [PROD] Processing Payload 15/20 for Plant 1081
2026-07-02 08:57:00,607 - INFO - [PROD] Processing Payload 16/20 for Plant 1081
2026-07-02 08:57:00,613 - INFO - [PROD] Processing Payload 17/20 for Plant 1081
2026-07-02 08:57:00,644 - INFO - [PROD] Processing Payload 18/20 for Plant 1081
2026-07-02 08:57:00,682 - INFO - [PROD] Processing Payload 19/20 for Plant 1081
2026-07-02 08:57:00,687 - INFO - [PROD] Processing Payload 20/20 for Plant 1081
2026-07-02 08:57:01,475 - INFO - Pack Complete run finished. Success: 20, Failed: 0, Total: 20
2026-07-02 08:57:01,475 - INFO - Pack Complete run finished.
2026-07-02 08:57:01,475 - INFO - Waiting 10 seconds before next run...
2026-07-02 08:57:11,479 - INFO - Starting Pack Complete run...
2026-07-02 08:57:11,746 - INFO - Successfully extracted 1 data row(s) for wave information processing.
2026-07-02 08:57:11,747 - INFO - Processing row 1: {'Plant': 1081, 'Environment': 'PROD', 'Wave_number': 'W07012026000000000003;W07012026000000000004'}
2026-07-02 08:57:11,970 - INFO - Processing Task 1/1: Plant 1081 (PROD)
2026-07-02 08:57:12,361 - INFO - Successfully retrieved token.
2026-07-02 08:57:12,361 - INFO - Sending payload to URL: https://nikeaplawmprod1.sce.manh.com/pickpack/api/pickpack/olpn/search
2026-07-02 08:57:12,598 - INFO - Successfully received response for Plant 1081 (PROD)
2026-07-02 08:57:12,974 - INFO - Sending payload to URL: https://nikeaplawmprod1.sce.manh.com/task/api/task/taskDetail/search
2026-07-02 08:57:13,170 - INFO - -> Success: True, Message: None
2026-07-02 08:57:13,177 - INFO - Processing Task 1/1: Plant 1081 (PROD)
2026-07-02 08:57:13,575 - INFO - Successfully retrieved token.
2026-07-02 08:57:13,576 - INFO - Sending payload to URL: https://nikeaplawmprod1.sce.manh.com/pickpack/api/pickpack/olpn/search
2026-07-02 08:57:13,823 - INFO - Successfully received response for Plant 1081 (PROD)
2026-07-02 08:57:13,826 - INFO - Success: Found 20 oLPN row(s) for this task.
2026-07-02 08:57:13,830 - INFO - Processing 20 payloads for Environment: PROD
2026-07-02 08:57:14,202 - INFO - Successfully retrieved token for PROD environment.
2026-07-02 08:57:14,203 - INFO - Sending payloads to URL: https://nikeaplawmprod1.sce.manh.com/pickpack/api/ServiceDefinition/invoke/NIKEEX10PackResultCS_1081
2026-07-02 08:57:14,203 - INFO - Using 10 worker threads for 20 payloads.
2026-07-02 08:57:14,204 - INFO - [PROD] Processing Payload 1/20 for Plant 1081
2026-07-02 08:57:14,204 - INFO - [PROD] Processing Payload 2/20 for Plant 1081
2026-07-02 08:57:14,204 - INFO - [PROD] Processing Payload 3/20 for Plant 1081
2026-07-02 08:57:14,208 - INFO - [PROD] Processing Payload 4/20 for Plant 1081
2026-07-02 08:57:14,211 - INFO - [PROD] Processing Payload 5/20 for Plant 1081
2026-07-02 08:57:14,214 - INFO - [PROD] Processing Payload 6/20 for Plant 1081
2026-07-02 08:57:14,215 - INFO - [PROD] Processing Payload 7/20 for Plant 1081
2026-07-02 08:57:14,216 - INFO - [PROD] Processing Payload 8/20 for Plant 1081
2026-07-02 08:57:14,217 - INFO - [PROD] Processing Payload 9/20 for Plant 1081
2026-07-02 08:57:14,218 - INFO - [PROD] Processing Payload 10/20 for Plant 1081
2026-07-02 08:57:15,438 - INFO - [PROD] Processing Payload 11/20 for Plant 1081
2026-07-02 08:57:15,482 - INFO - [PROD] Processing Payload 12/20 for Plant 1081
2026-07-02 08:57:15,529 - INFO - [PROD] Processing Payload 13/20 for Plant 1081
2026-07-02 08:57:15,564 - INFO - [PROD] Processing Payload 14/20 for Plant 1081
2026-07-02 08:57:15,580 - INFO - [PROD] Processing Payload 15/20 for Plant 1081
2026-07-02 08:57:15,586 - INFO - [PROD] Processing Payload 16/20 for Plant 1081
2026-07-02 08:57:15,599 - INFO - [PROD] Processing Payload 17/20 for Plant 1081
2026-07-02 08:57:15,611 - INFO - [PROD] Processing Payload 18/20 for Plant 1081
2026-07-02 08:57:15,624 - INFO - [PROD] Processing Payload 19/20 for Plant 1081
2026-07-02 08:57:15,638 - INFO - [PROD] Processing Payload 20/20 for Plant 1081
2026-07-02 08:57:16,407 - INFO - Pack Complete run finished. Success: 20, Failed: 0, Total: 20
2026-07-02 08:57:16,407 - INFO - Pack Complete run finished.
2026-07-02 08:57:16,407 - INFO - Waiting 10 seconds before next run...
2026-07-02 08:57:26,413 - INFO - Starting Pack Complete run...
2026-07-02 08:57:26,672 - INFO - Successfully extracted 1 data row(s) for wave information processing.
2026-07-02 08:57:26,672 - INFO - Processing row 1: {'Plant': 1081, 'Environment': 'PROD', 'Wave_number': 'W07012026000000000003;W07012026000000000004'}
2026-07-02 08:57:26,876 - INFO - Processing Task 1/1: Plant 1081 (PROD)
2026-07-02 08:57:27,194 - INFO - Successfully retrieved token.
2026-07-02 08:57:27,194 - INFO - Sending payload to URL: https://nikeaplawmprod1.sce.manh.com/pickpack/api/pickpack/olpn/search
2026-07-02 08:57:27,441 - INFO - Successfully received response for Plant 1081 (PROD)
2026-07-02 08:57:27,923 - INFO - Sending payload to URL: https://nikeaplawmprod1.sce.manh.com/task/api/task/taskDetail/search
2026-07-02 08:57:28,123 - INFO - -> Success: True, Message: None
2026-07-02 08:57:28,129 - INFO - Processing Task 1/1: Plant 1081 (PROD)
2026-07-02 08:57:28,536 - INFO - Successfully retrieved token.
2026-07-02 08:57:28,537 - INFO - Sending payload to URL: https://nikeaplawmprod1.sce.manh.com/pickpack/api/pickpack/olpn/search
2026-07-02 08:57:28,793 - INFO - Successfully received response for Plant 1081 (PROD)
2026-07-02 08:57:28,795 - INFO - Success: Found 20 oLPN row(s) for this task.
2026-07-02 08:57:28,800 - INFO - Processing 20 payloads for Environment: PROD
2026-07-02 08:57:29,175 - INFO - Successfully retrieved token for PROD environment.
2026-07-02 08:57:29,176 - INFO - Sending payloads to URL: https://nikeaplawmprod1.sce.manh.com/pickpack/api/ServiceDefinition/invoke/NIKEEX10PackResultCS_1081
2026-07-02 08:57:29,176 - INFO - Using 10 worker threads for 20 payloads.
2026-07-02 08:57:29,177 - INFO - [PROD] Processing Payload 1/20 for Plant 1081
2026-07-02 08:57:29,177 - INFO - [PROD] Processing Payload 2/20 for Plant 1081
2026-07-02 08:57:29,177 - INFO - [PROD] Processing Payload 3/20 for Plant 1081
2026-07-02 08:57:29,177 - INFO - [PROD] Processing Payload 4/20 for Plant 1081
2026-07-02 08:57:29,178 - INFO - [PROD] Processing Payload 5/20 for Plant 1081
2026-07-02 08:57:29,183 - INFO - [PROD] Processing Payload 6/20 for Plant 1081
2026-07-02 08:57:29,185 - INFO - [PROD] Processing Payload 7/20 for Plant 1081
2026-07-02 08:57:29,188 - INFO - [PROD] Processing Payload 8/20 for Plant 1081
2026-07-02 08:57:29,191 - INFO - [PROD] Processing Payload 9/20 for Plant 1081
2026-07-02 08:57:29,192 - INFO - [PROD] Processing Payload 10/20 for Plant 1081
2026-07-02 08:57:30,379 - INFO - [PROD] Processing Payload 11/20 for Plant 1081
2026-07-02 08:57:30,440 - INFO - [PROD] Processing Payload 12/20 for Plant 1081
2026-07-02 08:57:30,447 - INFO - [PROD] Processing Payload 13/20 for Plant 1081
2026-07-02 08:57:30,460 - INFO - [PROD] Processing Payload 14/20 for Plant 1081
2026-07-02 08:57:30,462 - INFO - [PROD] Processing Payload 15/20 for Plant 1081
2026-07-02 08:57:30,478 - INFO - [PROD] Processing Payload 16/20 for Plant 1081
2026-07-02 08:57:30,529 - INFO - [PROD] Processing Payload 17/20 for Plant 1081
2026-07-02 08:57:30,570 - INFO - [PROD] Processing Payload 18/20 for Plant 1081
2026-07-02 08:57:30,575 - INFO - [PROD] Processing Payload 19/20 for Plant 1081
2026-07-02 08:57:30,583 - INFO - [PROD] Processing Payload 20/20 for Plant 1081
2026-07-02 08:57:31,605 - INFO - Pack Complete run finished. Success: 20, Failed: 0, Total: 20
2026-07-02 08:57:31,606 - INFO - Pack Complete run finished.
2026-07-02 08:57:31,606 - INFO - Waiting 10 seconds before next run...
2026-07-02 08:57:41,610 - INFO - Starting Pack Complete run...
2026-07-02 08:57:41,868 - INFO - Successfully extracted 1 data row(s) for wave information processing.
2026-07-02 08:57:41,869 - INFO - Processing row 1: {'Plant': 1081, 'Environment': 'PROD', 'Wave_number': 'W07012026000000000003;W07012026000000000004'}
2026-07-02 08:57:42,095 - INFO - Processing Task 1/1: Plant 1081 (PROD)
2026-07-02 08:57:42,436 - INFO - Successfully retrieved token.
2026-07-02 08:57:42,437 - INFO - Sending payload to URL: https://nikeaplawmprod1.sce.manh.com/pickpack/api/pickpack/olpn/search
2026-07-02 08:57:42,695 - INFO - Successfully received response for Plant 1081 (PROD)
2026-07-02 08:57:43,065 - INFO - Sending payload to URL: https://nikeaplawmprod1.sce.manh.com/task/api/task/taskDetail/search
2026-07-02 08:57:43,258 - INFO - -> Success: True, Message: None
2026-07-02 08:57:43,263 - INFO - Processing Task 1/1: Plant 1081 (PROD)
2026-07-02 08:57:43,713 - INFO - Successfully retrieved token.
2026-07-02 08:57:43,714 - INFO - Sending payload to URL: https://nikeaplawmprod1.sce.manh.com/pickpack/api/pickpack/olpn/search
2026-07-02 08:57:43,978 - INFO - Successfully received response for Plant 1081 (PROD)
2026-07-02 08:57:43,980 - INFO - Success: Found 20 oLPN row(s) for this task.
2026-07-02 08:57:43,985 - INFO - Processing 20 payloads for Environment: PROD
2026-07-02 08:57:44,401 - INFO - Successfully retrieved token for PROD environment.
2026-07-02 08:57:44,402 - INFO - Sending payloads to URL: https://nikeaplawmprod1.sce.manh.com/pickpack/api/ServiceDefinition/invoke/NIKEEX10PackResultCS_1081
2026-07-02 08:57:44,402 - INFO - Using 10 worker threads for 20 payloads.
2026-07-02 08:57:44,403 - INFO - [PROD] Processing Payload 1/20 for Plant 1081
2026-07-02 08:57:44,404 - INFO - [PROD] Processing Payload 2/20 for Plant 1081
2026-07-02 08:57:44,406 - INFO - [PROD] Processing Payload 3/20 for Plant 1081
2026-07-02 08:57:44,408 - INFO - [PROD] Processing Payload 4/20 for Plant 1081
2026-07-02 08:57:44,410 - INFO - [PROD] Processing Payload 5/20 for Plant 1081
2026-07-02 08:57:44,414 - INFO - [PROD] Processing Payload 6/20 for Plant 1081
2026-07-02 08:57:44,418 - INFO - [PROD] Processing Payload 7/20 for Plant 1081
2026-07-02 08:57:44,419 - INFO - [PROD] Processing Payload 8/20 for Plant 1081
2026-07-02 08:57:44,421 - INFO - [PROD] Processing Payload 9/20 for Plant 1081
2026-07-02 08:57:44,422 - INFO - [PROD] Processing Payload 10/20 for Plant 1081
2026-07-02 08:57:45,774 - INFO - [PROD] Processing Payload 11/20 for Plant 1081
2026-07-02 08:57:45,837 - INFO - [PROD] Processing Payload 12/20 for Plant 1081
2026-07-02 08:57:45,883 - INFO - [PROD] Processing Payload 13/20 for Plant 1081
2026-07-02 08:57:45,907 - INFO - [PROD] Processing Payload 14/20 for Plant 1081
2026-07-02 08:57:45,908 - INFO - [PROD] Processing Payload 15/20 for Plant 1081
2026-07-02 08:57:45,973 - INFO - [PROD] Processing Payload 16/20 for Plant 1081
2026-07-02 08:57:45,990 - INFO - [PROD] Processing Payload 17/20 for Plant 1081
2026-07-02 08:57:45,995 - INFO - [PROD] Processing Payload 18/20 for Plant 1081
2026-07-02 08:57:45,999 - INFO - [PROD] Processing Payload 19/20 for Plant 1081
2026-07-02 08:57:46,049 - INFO - [PROD] Processing Payload 20/20 for Plant 1081
2026-07-02 08:57:46,939 - INFO - Pack Complete run finished. Success: 20, Failed: 0, Total: 20
2026-07-02 08:57:46,940 - INFO - Pack Complete run finished.
2026-07-02 08:57:46,940 - INFO - Waiting 10 seconds before next run...
2026-07-02 08:57:56,945 - INFO - Starting Pack Complete run...
2026-07-02 08:57:57,201 - INFO - Successfully extracted 1 data row(s) for wave information processing.
2026-07-02 08:57:57,201 - INFO - Processing row 1: {'Plant': 1081, 'Environment': 'PROD', 'Wave_number': 'W07012026000000000003;W07012026000000000004'}
2026-07-02 08:57:57,402 - INFO - Processing Task 1/1: Plant 1081 (PROD)
2026-07-02 08:57:57,728 - INFO - Successfully retrieved token.
2026-07-02 08:57:57,729 - INFO - Sending payload to URL: https://nikeaplawmprod1.sce.manh.com/pickpack/api/pickpack/olpn/search
2026-07-02 08:57:57,990 - INFO - Successfully received response for Plant 1081 (PROD)
2026-07-02 08:57:58,438 - INFO - Sending payload to URL: https://nikeaplawmprod1.sce.manh.com/task/api/task/taskDetail/search
2026-07-02 08:57:58,636 - INFO - -> Success: True, Message: None
2026-07-02 08:57:58,646 - INFO - Processing Task 1/1: Plant 1081 (PROD)
2026-07-02 08:57:59,048 - INFO - Successfully retrieved token.
2026-07-02 08:57:59,049 - INFO - Sending payload to URL: https://nikeaplawmprod1.sce.manh.com/pickpack/api/pickpack/olpn/search
2026-07-02 08:57:59,287 - INFO - Successfully received response for Plant 1081 (PROD)
2026-07-02 08:57:59,289 - INFO - Success: Found 20 oLPN row(s) for this task.
2026-07-02 08:57:59,294 - INFO - Processing 20 payloads for Environment: PROD
2026-07-02 08:57:59,646 - INFO - Successfully retrieved token for PROD environment.
2026-07-02 08:57:59,646 - INFO - Sending payloads to URL: https://nikeaplawmprod1.sce.manh.com/pickpack/api/ServiceDefinition/invoke/NIKEEX10PackResultCS_1081
2026-07-02 08:57:59,646 - INFO - Using 10 worker threads for 20 payloads.
2026-07-02 08:57:59,647 - INFO - [PROD] Processing Payload 1/20 for Plant 1081
2026-07-02 08:57:59,647 - INFO - [PROD] Processing Payload 2/20 for Plant 1081
2026-07-02 08:57:59,648 - INFO - [PROD] Processing Payload 3/20 for Plant 1081
2026-07-02 08:57:59,648 - INFO - [PROD] Processing Payload 4/20 for Plant 1081
2026-07-02 08:57:59,651 - INFO - [PROD] Processing Payload 5/20 for Plant 1081
2026-07-02 08:57:59,653 - INFO - [PROD] Processing Payload 6/20 for Plant 1081
2026-07-02 08:57:59,654 - INFO - [PROD] Processing Payload 7/20 for Plant 1081
2026-07-02 08:57:59,654 - INFO - [PROD] Processing Payload 8/20 for Plant 1081
2026-07-02 08:57:59,656 - INFO - [PROD] Processing Payload 9/20 for Plant 1081
2026-07-02 08:57:59,657 - INFO - [PROD] Processing Payload 10/20 for Plant 1081
2026-07-02 08:58:01,105 - INFO - [PROD] Processing Payload 11/20 for Plant 1081
2026-07-02 08:58:01,111 - INFO - [PROD] Processing Payload 12/20 for Plant 1081
2026-07-02 08:58:01,124 - INFO - [PROD] Processing Payload 13/20 for Plant 1081
2026-07-02 08:58:01,126 - INFO - [PROD] Processing Payload 14/20 for Plant 1081
2026-07-02 08:58:01,131 - INFO - [PROD] Processing Payload 15/20 for Plant 1081
2026-07-02 08:58:01,134 - INFO - [PROD] Processing Payload 16/20 for Plant 1081
2026-07-02 08:58:01,136 - INFO - [PROD] Processing Payload 17/20 for Plant 1081
2026-07-02 08:58:01,149 - INFO - [PROD] Processing Payload 18/20 for Plant 1081
2026-07-02 08:58:01,162 - INFO - [PROD] Processing Payload 19/20 for Plant 1081
2026-07-02 08:58:01,202 - INFO - [PROD] Processing Payload 20/20 for Plant 1081
2026-07-02 08:58:02,566 - INFO - Pack Complete run finished. Success: 20, Failed: 0, Total: 20
2026-07-02 08:58:02,567 - INFO - Pack Complete run finished.
2026-07-02 08:58:02,567 - INFO - Waiting 10 seconds before next run...
2026-07-02 08:58:12,573 - INFO - Starting Pack Complete run...
2026-07-02 08:58:12,833 - INFO - Successfully extracted 1 data row(s) for wave information processing.
2026-07-02 08:58:12,833 - INFO - Processing row 1: {'Plant': 1081, 'Environment': 'PROD', 'Wave_number': 'W07012026000000000003;W07012026000000000004'}
2026-07-02 08:58:13,053 - INFO - Processing Task 1/1: Plant 1081 (PROD)
2026-07-02 08:58:13,382 - INFO - Successfully retrieved token.
2026-07-02 08:58:13,383 - INFO - Sending payload to URL: https://nikeaplawmprod1.sce.manh.com/pickpack/api/pickpack/olpn/search
2026-07-02 08:58:13,661 - INFO - Successfully received response for Plant 1081 (PROD)
2026-07-02 08:58:14,099 - INFO - Sending payload to URL: https://nikeaplawmprod1.sce.manh.com/task/api/task/taskDetail/search
2026-07-02 08:58:14,304 - INFO - -> Success: True, Message: None
2026-07-02 08:58:14,311 - INFO - Processing Task 1/1: Plant 1081 (PROD)
2026-07-02 08:58:14,734 - INFO - Successfully retrieved token.
2026-07-02 08:58:14,734 - INFO - Sending payload to URL: https://nikeaplawmprod1.sce.manh.com/pickpack/api/pickpack/olpn/search
2026-07-02 08:58:14,967 - INFO - Successfully received response for Plant 1081 (PROD)
2026-07-02 08:58:14,968 - INFO - Success: Found 20 oLPN row(s) for this task.
2026-07-02 08:58:14,972 - INFO - Processing 20 payloads for Environment: PROD
2026-07-02 08:58:15,450 - INFO - Successfully retrieved token for PROD environment.
2026-07-02 08:58:15,451 - INFO - Sending payloads to URL: https://nikeaplawmprod1.sce.manh.com/pickpack/api/ServiceDefinition/invoke/NIKEEX10PackResultCS_1081
2026-07-02 08:58:15,451 - INFO - Using 10 worker threads for 20 payloads.
2026-07-02 08:58:15,452 - INFO - [PROD] Processing Payload 1/20 for Plant 1081
2026-07-02 08:58:15,453 - INFO - [PROD] Processing Payload 2/20 for Plant 1081
2026-07-02 08:58:15,453 - INFO - [PROD] Processing Payload 3/20 for Plant 1081
2026-07-02 08:58:15,455 - INFO - [PROD] Processing Payload 4/20 for Plant 1081
2026-07-02 08:58:15,462 - INFO - [PROD] Processing Payload 5/20 for Plant 1081
2026-07-02 08:58:15,465 - INFO - [PROD] Processing Payload 6/20 for Plant 1081
2026-07-02 08:58:15,468 - INFO - [PROD] Processing Payload 7/20 for Plant 1081
2026-07-02 08:58:15,472 - INFO - [PROD] Processing Payload 8/20 for Plant 1081
2026-07-02 08:58:15,474 - INFO - [PROD] Processing Payload 9/20 for Plant 1081
2026-07-02 08:58:15,476 - INFO - [PROD] Processing Payload 10/20 for Plant 1081
2026-07-02 08:58:16,620 - INFO - [PROD] Processing Payload 11/20 for Plant 1081
2026-07-02 08:58:16,626 - INFO - [PROD] Processing Payload 12/20 for Plant 1081
2026-07-02 08:58:16,641 - INFO - [PROD] Processing Payload 13/20 for Plant 1081
2026-07-02 08:58:16,649 - INFO - [PROD] Processing Payload 14/20 for Plant 1081
2026-07-02 08:58:16,657 - INFO - [PROD] Processing Payload 15/20 for Plant 1081
2026-07-02 08:58:16,664 - INFO - [PROD] Processing Payload 16/20 for Plant 1081
2026-07-02 08:58:16,708 - INFO - [PROD] Processing Payload 17/20 for Plant 1081
2026-07-02 08:58:16,735 - INFO - [PROD] Processing Payload 18/20 for Plant 1081
2026-07-02 08:58:16,736 - INFO - [PROD] Processing Payload 19/20 for Plant 1081
2026-07-02 08:58:16,769 - INFO - [PROD] Processing Payload 20/20 for Plant 1081
2026-07-02 08:58:17,742 - INFO - Pack Complete run finished. Success: 20, Failed: 0, Total: 20
2026-07-02 08:58:17,742 - INFO - Pack Complete run finished.
2026-07-02 08:58:17,742 - INFO - Waiting 10 seconds before next run...
2026-07-02 08:58:27,745 - INFO - Starting Pack Complete run...
2026-07-02 08:58:28,007 - INFO - Successfully extracted 1 data row(s) for wave information processing.
2026-07-02 08:58:28,007 - INFO - Processing row 1: {'Plant': 1081, 'Environment': 'PROD', 'Wave_number': 'W07012026000000000003;W07012026000000000004'}
2026-07-02 08:58:28,219 - INFO - Processing Task 1/1: Plant 1081 (PROD)
2026-07-02 08:58:28,573 - INFO - Successfully retrieved token.
2026-07-02 08:58:28,573 - INFO - Sending payload to URL: https://nikeaplawmprod1.sce.manh.com/pickpack/api/pickpack/olpn/search
2026-07-02 08:58:28,811 - INFO - Successfully received response for Plant 1081 (PROD)
2026-07-02 08:58:29,166 - INFO - Sending payload to URL: https://nikeaplawmprod1.sce.manh.com/task/api/task/taskDetail/search
2026-07-02 08:58:29,343 - INFO - -> Success: True, Message: None
2026-07-02 08:58:29,347 - INFO - Processing Task 1/1: Plant 1081 (PROD)
2026-07-02 08:58:29,781 - INFO - Successfully retrieved token.
2026-07-02 08:58:29,781 - INFO - Sending payload to URL: https://nikeaplawmprod1.sce.manh.com/pickpack/api/pickpack/olpn/search
2026-07-02 08:58:30,027 - INFO - Successfully received response for Plant 1081 (PROD)
2026-07-02 08:58:30,031 - INFO - Success: Found 20 oLPN row(s) for this task.
2026-07-02 08:58:30,037 - INFO - Processing 20 payloads for Environment: PROD
2026-07-02 08:58:30,391 - INFO - Successfully retrieved token for PROD environment.
2026-07-02 08:58:30,392 - INFO - Sending payloads to URL: https://nikeaplawmprod1.sce.manh.com/pickpack/api/ServiceDefinition/invoke/NIKEEX10PackResultCS_1081
2026-07-02 08:58:30,392 - INFO - Using 10 worker threads for 20 payloads.
2026-07-02 08:58:30,393 - INFO - [PROD] Processing Payload 1/20 for Plant 1081
2026-07-02 08:58:30,395 - INFO - [PROD] Processing Payload 2/20 for Plant 1081
2026-07-02 08:58:30,395 - INFO - [PROD] Processing Payload 3/20 for Plant 1081
2026-07-02 08:58:30,396 - INFO - [PROD] Processing Payload 4/20 for Plant 1081
2026-07-02 08:58:30,396 - INFO - [PROD] Processing Payload 5/20 for Plant 1081
2026-07-02 08:58:30,396 - INFO - [PROD] Processing Payload 6/20 for Plant 1081
2026-07-02 08:58:30,398 - INFO - [PROD] Processing Payload 7/20 for Plant 1081
2026-07-02 08:58:30,400 - INFO - [PROD] Processing Payload 8/20 for Plant 1081
2026-07-02 08:58:30,403 - INFO - [PROD] Processing Payload 9/20 for Plant 1081
2026-07-02 08:58:30,406 - INFO - [PROD] Processing Payload 10/20 for Plant 1081
2026-07-02 08:58:31,825 - INFO - [PROD] Processing Payload 11/20 for Plant 1081
2026-07-02 08:58:31,852 - INFO - [PROD] Processing Payload 12/20 for Plant 1081
2026-07-02 08:58:31,857 - INFO - [PROD] Processing Payload 13/20 for Plant 1081
2026-07-02 08:58:31,857 - INFO - [PROD] Processing Payload 14/20 for Plant 1081
2026-07-02 08:58:31,859 - INFO - [PROD] Processing Payload 15/20 for Plant 1081
2026-07-02 08:58:31,861 - INFO - [PROD] Processing Payload 16/20 for Plant 1081
2026-07-02 08:58:31,877 - INFO - [PROD] Processing Payload 17/20 for Plant 1081
2026-07-02 08:58:31,891 - INFO - [PROD] Processing Payload 18/20 for Plant 1081
2026-07-02 08:58:32,109 - INFO - [PROD] Processing Payload 19/20 for Plant 1081
2026-07-02 08:58:32,383 - INFO - [PROD] Processing Payload 20/20 for Plant 1081
2026-07-02 08:58:33,205 - INFO - Pack Complete run finished. Success: 20, Failed: 0, Total: 20
2026-07-02 08:58:33,206 - INFO - Pack Complete run finished.
2026-07-02 08:58:33,206 - INFO - Waiting 10 seconds before next run...
2026-07-02 08:58:43,211 - INFO - Starting Pack Complete run...
2026-07-02 08:58:43,474 - INFO - Successfully extracted 1 data row(s) for wave information processing.
2026-07-02 08:58:43,475 - INFO - Processing row 1: {'Plant': 1081, 'Environment': 'PROD', 'Wave_number': 'W07012026000000000003;W07012026000000000004'}
2026-07-02 08:58:43,707 - INFO - Processing Task 1/1: Plant 1081 (PROD)
2026-07-02 08:58:44,055 - INFO - Successfully retrieved token.
2026-07-02 08:58:44,056 - INFO - Sending payload to URL: https://nikeaplawmprod1.sce.manh.com/pickpack/api/pickpack/olpn/search
2026-07-02 08:58:44,313 - INFO - Successfully received response for Plant 1081 (PROD)
2026-07-02 08:58:44,786 - INFO - Sending payload to URL: https://nikeaplawmprod1.sce.manh.com/task/api/task/taskDetail/search
2026-07-02 08:58:45,003 - INFO - -> Success: True, Message: None
2026-07-02 08:58:45,014 - INFO - Processing Task 1/1: Plant 1081 (PROD)
2026-07-02 08:58:45,381 - INFO - Successfully retrieved token.
2026-07-02 08:58:45,382 - INFO - Sending payload to URL: https://nikeaplawmprod1.sce.manh.com/pickpack/api/pickpack/olpn/search
2026-07-02 08:58:45,622 - INFO - Successfully received response for Plant 1081 (PROD)
2026-07-02 08:58:45,623 - INFO - Success: Found 20 oLPN row(s) for this task.
2026-07-02 08:58:45,626 - INFO - Processing 20 payloads for Environment: PROD
2026-07-02 08:58:45,950 - INFO - Successfully retrieved token for PROD environment.
2026-07-02 08:58:45,951 - INFO - Sending payloads to URL: https://nikeaplawmprod1.sce.manh.com/pickpack/api/ServiceDefinition/invoke/NIKEEX10PackResultCS_1081
2026-07-02 08:58:45,951 - INFO - Using 10 worker threads for 20 payloads.
2026-07-02 08:58:45,952 - INFO - [PROD] Processing Payload 1/20 for Plant 1081
2026-07-02 08:58:45,952 - INFO - [PROD] Processing Payload 2/20 for Plant 1081
2026-07-02 08:58:45,954 - INFO - [PROD] Processing Payload 3/20 for Plant 1081
2026-07-02 08:58:45,954 - INFO - [PROD] Processing Payload 4/20 for Plant 1081
2026-07-02 08:58:45,954 - INFO - [PROD] Processing Payload 5/20 for Plant 1081
2026-07-02 08:58:45,957 - INFO - [PROD] Processing Payload 6/20 for Plant 1081
2026-07-02 08:58:45,960 - INFO - [PROD] Processing Payload 7/20 for Plant 1081
2026-07-02 08:58:45,962 - INFO - [PROD] Processing Payload 8/20 for Plant 1081
2026-07-02 08:58:45,962 - INFO - [PROD] Processing Payload 9/20 for Plant 1081
2026-07-02 08:58:45,963 - INFO - [PROD] Processing Payload 10/20 for Plant 1081
2026-07-02 08:58:47,216 - INFO - [PROD] Processing Payload 11/20 for Plant 1081
2026-07-02 08:58:47,232 - INFO - [PROD] Processing Payload 12/20 for Plant 1081
2026-07-02 08:58:47,249 - INFO - [PROD] Processing Payload 13/20 for Plant 1081
2026-07-02 08:58:47,260 - INFO - [PROD] Processing Payload 14/20 for Plant 1081
2026-07-02 08:58:47,261 - INFO - [PROD] Processing Payload 15/20 for Plant 1081
2026-07-02 08:58:47,280 - INFO - [PROD] Processing Payload 16/20 for Plant 1081
2026-07-02 08:58:47,304 - INFO - [PROD] Processing Payload 17/20 for Plant 1081
2026-07-02 08:58:47,328 - INFO - [PROD] Processing Payload 18/20 for Plant 1081
2026-07-02 08:58:47,341 - INFO - [PROD] Processing Payload 19/20 for Plant 1081
2026-07-02 08:58:47,403 - INFO - [PROD] Processing Payload 20/20 for Plant 1081
2026-07-02 08:58:48,683 - INFO - Pack Complete run finished. Success: 20, Failed: 0, Total: 20
2026-07-02 08:58:48,686 - INFO - Pack Complete run finished.
2026-07-02 08:58:48,686 - INFO - Waiting 10 seconds before next run...
2026-07-02 08:58:58,691 - INFO - Starting Pack Complete run...
2026-07-02 08:58:58,932 - INFO - Successfully extracted 1 data row(s) for wave information processing.
2026-07-02 08:58:58,932 - INFO - Processing row 1: {'Plant': 1081, 'Environment': 'PROD', 'Wave_number': 'W07012026000000000003;W07012026000000000004'}
2026-07-02 08:58:59,139 - INFO - Processing Task 1/1: Plant 1081 (PROD)
2026-07-02 08:58:59,525 - INFO - Successfully retrieved token.
2026-07-02 08:58:59,525 - INFO - Sending payload to URL: https://nikeaplawmprod1.sce.manh.com/pickpack/api/pickpack/olpn/search
2026-07-02 08:58:59,742 - INFO - Successfully received response for Plant 1081 (PROD)
2026-07-02 08:59:00,051 - INFO - Sending payload to URL: https://nikeaplawmprod1.sce.manh.com/task/api/task/taskDetail/search
2026-07-02 08:59:00,236 - INFO - -> Success: True, Message: None
2026-07-02 08:59:00,237 - INFO - Processing Task 1/1: Plant 1081 (PROD)
2026-07-02 08:59:00,569 - INFO - Successfully retrieved token.
2026-07-02 08:59:00,569 - INFO - Sending payload to URL: https://nikeaplawmprod1.sce.manh.com/pickpack/api/pickpack/olpn/search
2026-07-02 08:59:00,791 - INFO - Successfully received response for Plant 1081 (PROD)
2026-07-02 08:59:00,791 - INFO - Success: Found 20 oLPN row(s) for this task.
2026-07-02 08:59:00,792 - INFO - Processing 20 payloads for Environment: PROD
2026-07-02 08:59:01,204 - INFO - Successfully retrieved token for PROD environment.
2026-07-02 08:59:01,204 - INFO - Sending payloads to URL: https://nikeaplawmprod1.sce.manh.com/pickpack/api/ServiceDefinition/invoke/NIKEEX10PackResultCS_1081
2026-07-02 08:59:01,204 - INFO - Using 10 worker threads for 20 payloads.
2026-07-02 08:59:01,204 - INFO - [PROD] Processing Payload 1/20 for Plant 1081
2026-07-02 08:59:01,204 - INFO - [PROD] Processing Payload 2/20 for Plant 1081
2026-07-02 08:59:01,205 - INFO - [PROD] Processing Payload 3/20 for Plant 1081
2026-07-02 08:59:01,205 - INFO - [PROD] Processing Payload 4/20 for Plant 1081
2026-07-02 08:59:01,205 - INFO - [PROD] Processing Payload 5/20 for Plant 1081
2026-07-02 08:59:01,205 - INFO - [PROD] Processing Payload 6/20 for Plant 1081
2026-07-02 08:59:01,206 - INFO - [PROD] Processing Payload 7/20 for Plant 1081
2026-07-02 08:59:01,206 - INFO - [PROD] Processing Payload 8/20 for Plant 1081
2026-07-02 08:59:01,207 - INFO - [PROD] Processing Payload 9/20 for Plant 1081
2026-07-02 08:59:01,208 - INFO - [PROD] Processing Payload 10/20 for Plant 1081
2026-07-02 08:59:02,343 - INFO - [PROD] Processing Payload 11/20 for Plant 1081
2026-07-02 08:59:02,345 - INFO - [PROD] Processing Payload 12/20 for Plant 1081
2026-07-02 08:59:02,364 - INFO - [PROD] Processing Payload 13/20 for Plant 1081
2026-07-02 08:59:02,383 - INFO - [PROD] Processing Payload 14/20 for Plant 1081
2026-07-02 08:59:02,400 - INFO - [PROD] Processing Payload 15/20 for Plant 1081
2026-07-02 08:59:02,412 - INFO - [PROD] Processing Payload 16/20 for Plant 1081
2026-07-02 08:59:02,443 - INFO - [PROD] Processing Payload 17/20 for Plant 1081
2026-07-02 08:59:02,498 - INFO - [PROD] Processing Payload 18/20 for Plant 1081
2026-07-02 08:59:02,678 - INFO - [PROD] Processing Payload 19/20 for Plant 1081
2026-07-02 08:59:02,767 - INFO - [PROD] Processing Payload 20/20 for Plant 1081
2026-07-02 08:59:03,303 - INFO - Pack Complete run finished. Success: 20, Failed: 0, Total: 20
2026-07-02 08:59:03,303 - INFO - Pack Complete run finished.
2026-07-02 08:59:03,303 - INFO - Waiting 10 seconds before next run...
2026-07-02 08:59:13,309 - INFO - Starting Pack Complete run...
2026-07-02 08:59:13,548 - INFO - Successfully extracted 1 data row(s) for wave information processing.
2026-07-02 08:59:13,548 - INFO - Processing row 1: {'Plant': 1081, 'Environment': 'PROD', 'Wave_number': 'W07012026000000000003;W07012026000000000004'}
2026-07-02 08:59:13,772 - INFO - Processing Task 1/1: Plant 1081 (PROD)
2026-07-02 08:59:14,215 - INFO - Successfully retrieved token.
2026-07-02 08:59:14,215 - INFO - Sending payload to URL: https://nikeaplawmprod1.sce.manh.com/pickpack/api/pickpack/olpn/search
2026-07-02 08:59:14,448 - INFO - Successfully received response for Plant 1081 (PROD)
2026-07-02 08:59:14,811 - INFO - Sending payload to URL: https://nikeaplawmprod1.sce.manh.com/task/api/task/taskDetail/search
2026-07-02 08:59:15,015 - INFO - -> Success: True, Message: None
2026-07-02 08:59:15,020 - INFO - Processing Task 1/1: Plant 1081 (PROD)
2026-07-02 08:59:15,444 - INFO - Successfully retrieved token.
2026-07-02 08:59:15,444 - INFO - Sending payload to URL: https://nikeaplawmprod1.sce.manh.com/pickpack/api/pickpack/olpn/search
2026-07-02 08:59:15,672 - INFO - Successfully received response for Plant 1081 (PROD)
2026-07-02 08:59:15,673 - INFO - Success: Found 20 oLPN row(s) for this task.
2026-07-02 08:59:15,675 - INFO - Processing 20 payloads for Environment: PROD
2026-07-02 08:59:16,159 - INFO - Successfully retrieved token for PROD environment.
2026-07-02 08:59:16,160 - INFO - Sending payloads to URL: https://nikeaplawmprod1.sce.manh.com/pickpack/api/ServiceDefinition/invoke/NIKEEX10PackResultCS_1081
2026-07-02 08:59:16,160 - INFO - Using 10 worker threads for 20 payloads.
2026-07-02 08:59:16,161 - INFO - [PROD] Processing Payload 1/20 for Plant 1081
2026-07-02 08:59:16,161 - INFO - [PROD] Processing Payload 2/20 for Plant 1081
2026-07-02 08:59:16,161 - INFO - [PROD] Processing Payload 3/20 for Plant 1081
2026-07-02 08:59:16,163 - INFO - [PROD] Processing Payload 4/20 for Plant 1081
2026-07-02 08:59:16,165 - INFO - [PROD] Processing Payload 5/20 for Plant 1081
2026-07-02 08:59:16,167 - INFO - [PROD] Processing Payload 6/20 for Plant 1081
2026-07-02 08:59:16,167 - INFO - [PROD] Processing Payload 7/20 for Plant 1081
2026-07-02 08:59:16,168 - INFO - [PROD] Processing Payload 8/20 for Plant 1081
2026-07-02 08:59:16,168 - INFO - [PROD] Processing Payload 9/20 for Plant 1081
2026-07-02 08:59:16,170 - INFO - [PROD] Processing Payload 10/20 for Plant 1081
2026-07-02 08:59:17,493 - INFO - [PROD] Processing Payload 11/20 for Plant 1081
2026-07-02 08:59:17,503 - INFO - [PROD] Processing Payload 12/20 for Plant 1081
2026-07-02 08:59:17,519 - INFO - [PROD] Processing Payload 13/20 for Plant 1081
2026-07-02 08:59:17,569 - INFO - [PROD] Processing Payload 14/20 for Plant 1081
2026-07-02 08:59:17,579 - INFO - [PROD] Processing Payload 15/20 for Plant 1081
2026-07-02 08:59:17,587 - INFO - [PROD] Processing Payload 16/20 for Plant 1081
2026-07-02 08:59:17,600 - INFO - [PROD] Processing Payload 17/20 for Plant 1081
2026-07-02 08:59:17,659 - INFO - [PROD] Processing Payload 18/20 for Plant 1081
2026-07-02 08:59:17,685 - INFO - [PROD] Processing Payload 19/20 for Plant 1081
2026-07-02 08:59:17,703 - INFO - [PROD] Processing Payload 20/20 for Plant 1081
2026-07-02 08:59:18,237 - INFO - Pack Complete run finished. Success: 20, Failed: 0, Total: 20
2026-07-02 08:59:18,237 - INFO - Pack Complete run finished.
2026-07-02 08:59:18,237 - INFO - Waiting 10 seconds before next run...
2026-07-02 08:59:28,242 - INFO - Starting Pack Complete run...
2026-07-02 08:59:28,513 - INFO - Successfully extracted 1 data row(s) for wave information processing.
2026-07-02 08:59:28,513 - INFO - Processing row 1: {'Plant': 1081, 'Environment': 'PROD', 'Wave_number': 'W07012026000000000003;W07012026000000000004'}
2026-07-02 08:59:28,726 - INFO - Processing Task 1/1: Plant 1081 (PROD)
2026-07-02 08:59:29,127 - INFO - Successfully retrieved token.
2026-07-02 08:59:29,127 - INFO - Sending payload to URL: https://nikeaplawmprod1.sce.manh.com/pickpack/api/pickpack/olpn/search
2026-07-02 08:59:29,373 - INFO - Successfully received response for Plant 1081 (PROD)
2026-07-02 08:59:29,777 - INFO - Sending payload to URL: https://nikeaplawmprod1.sce.manh.com/task/api/task/taskDetail/search
2026-07-02 08:59:29,970 - INFO - -> Success: True, Message: None
2026-07-02 08:59:29,977 - INFO - Processing Task 1/1: Plant 1081 (PROD)
2026-07-02 08:59:30,398 - INFO - Successfully retrieved token.
2026-07-02 08:59:30,398 - INFO - Sending payload to URL: https://nikeaplawmprod1.sce.manh.com/pickpack/api/pickpack/olpn/search
2026-07-02 08:59:30,650 - INFO - Successfully received response for Plant 1081 (PROD)
2026-07-02 08:59:30,652 - INFO - Success: Found 20 oLPN row(s) for this task.
2026-07-02 08:59:30,658 - INFO - Processing 20 payloads for Environment: PROD
2026-07-02 08:59:31,108 - INFO - Successfully retrieved token for PROD environment.
2026-07-02 08:59:31,108 - INFO - Sending payloads to URL: https://nikeaplawmprod1.sce.manh.com/pickpack/api/ServiceDefinition/invoke/NIKEEX10PackResultCS_1081
2026-07-02 08:59:31,108 - INFO - Using 10 worker threads for 20 payloads.
2026-07-02 08:59:31,110 - INFO - [PROD] Processing Payload 1/20 for Plant 1081
2026-07-02 08:59:31,110 - INFO - [PROD] Processing Payload 2/20 for Plant 1081
2026-07-02 08:59:31,110 - INFO - [PROD] Processing Payload 3/20 for Plant 1081
2026-07-02 08:59:31,114 - INFO - [PROD] Processing Payload 4/20 for Plant 1081
2026-07-02 08:59:31,115 - INFO - [PROD] Processing Payload 5/20 for Plant 1081
2026-07-02 08:59:31,117 - INFO - [PROD] Processing Payload 6/20 for Plant 1081
2026-07-02 08:59:31,130 - INFO - [PROD] Processing Payload 7/20 for Plant 1081
2026-07-02 08:59:31,139 - INFO - [PROD] Processing Payload 8/20 for Plant 1081
2026-07-02 08:59:31,141 - INFO - [PROD] Processing Payload 9/20 for Plant 1081
2026-07-02 08:59:31,143 - INFO - [PROD] Processing Payload 10/20 for Plant 1081
2026-07-02 08:59:32,398 - INFO - [PROD] Processing Payload 11/20 for Plant 1081
2026-07-02 08:59:32,411 - INFO - [PROD] Processing Payload 12/20 for Plant 1081
2026-07-02 08:59:32,457 - INFO - [PROD] Processing Payload 13/20 for Plant 1081
2026-07-02 08:59:32,480 - INFO - [PROD] Processing Payload 14/20 for Plant 1081
2026-07-02 08:59:32,492 - INFO - [PROD] Processing Payload 15/20 for Plant 1081
2026-07-02 08:59:32,517 - INFO - [PROD] Processing Payload 16/20 for Plant 1081
2026-07-02 08:59:32,530 - INFO - [PROD] Processing Payload 17/20 for Plant 1081
2026-07-02 08:59:32,536 - INFO - [PROD] Processing Payload 18/20 for Plant 1081
2026-07-02 08:59:32,547 - INFO - [PROD] Processing Payload 19/20 for Plant 1081
2026-07-02 08:59:32,600 - INFO - [PROD] Processing Payload 20/20 for Plant 1081
2026-07-02 08:59:33,281 - INFO - Pack Complete run finished. Success: 20, Failed: 0, Total: 20
2026-07-02 08:59:33,282 - INFO - Pack Complete run finished.
2026-07-02 08:59:33,282 - INFO - Waiting 10 seconds before next run...
2026-07-02 08:59:43,286 - INFO - Starting Pack Complete run...
2026-07-02 08:59:43,545 - INFO - Successfully extracted 1 data row(s) for wave information processing.
2026-07-02 08:59:43,545 - INFO - Processing row 1: {'Plant': 1081, 'Environment': 'PROD', 'Wave_number': 'W07012026000000000003;W07012026000000000004'}
2026-07-02 08:59:43,768 - INFO - Processing Task 1/1: Plant 1081 (PROD)
2026-07-02 08:59:44,223 - INFO - Successfully retrieved token.
2026-07-02 08:59:44,224 - INFO - Sending payload to URL: https://nikeaplawmprod1.sce.manh.com/pickpack/api/pickpack/olpn/search
2026-07-02 08:59:44,469 - INFO - Successfully received response for Plant 1081 (PROD)
2026-07-02 08:59:44,934 - INFO - Sending payload to URL: https://nikeaplawmprod1.sce.manh.com/task/api/task/taskDetail/search
2026-07-02 08:59:45,119 - INFO - -> Success: True, Message: None
2026-07-02 08:59:45,124 - INFO - Processing Task 1/1: Plant 1081 (PROD)
2026-07-02 08:59:45,475 - INFO - Successfully retrieved token.
2026-07-02 08:59:45,476 - INFO - Sending payload to URL: https://nikeaplawmprod1.sce.manh.com/pickpack/api/pickpack/olpn/search
2026-07-02 08:59:45,777 - INFO - Successfully received response for Plant 1081 (PROD)
2026-07-02 08:59:45,779 - INFO - Success: Found 20 oLPN row(s) for this task.
2026-07-02 08:59:45,787 - INFO - Processing 20 payloads for Environment: PROD
2026-07-02 08:59:46,234 - INFO - Successfully retrieved token for PROD environment.
2026-07-02 08:59:46,235 - INFO - Sending payloads to URL: https://nikeaplawmprod1.sce.manh.com/pickpack/api/ServiceDefinition/invoke/NIKEEX10PackResultCS_1081
2026-07-02 08:59:46,235 - INFO - Using 10 worker threads for 20 payloads.
2026-07-02 08:59:46,235 - INFO - [PROD] Processing Payload 1/20 for Plant 1081
2026-07-02 08:59:46,235 - INFO - [PROD] Processing Payload 2/20 for Plant 1081
2026-07-02 08:59:46,236 - INFO - [PROD] Processing Payload 3/20 for Plant 1081
2026-07-02 08:59:46,237 - INFO - [PROD] Processing Payload 4/20 for Plant 1081
2026-07-02 08:59:46,240 - INFO - [PROD] Processing Payload 5/20 for Plant 1081
2026-07-02 08:59:46,248 - INFO - [PROD] Processing Payload 6/20 for Plant 1081
2026-07-02 08:59:46,251 - INFO - [PROD] Processing Payload 7/20 for Plant 1081
2026-07-02 08:59:46,257 - INFO - [PROD] Processing Payload 8/20 for Plant 1081
2026-07-02 08:59:46,260 - INFO - [PROD] Processing Payload 9/20 for Plant 1081
2026-07-02 08:59:46,261 - INFO - [PROD] Processing Payload 10/20 for Plant 1081
2026-07-02 08:59:47,295 - INFO - [PROD] Processing Payload 11/20 for Plant 1081
2026-07-02 08:59:47,407 - INFO - [PROD] Processing Payload 12/20 for Plant 1081
2026-07-02 08:59:47,453 - INFO - [PROD] Processing Payload 13/20 for Plant 1081
2026-07-02 08:59:47,638 - INFO - [PROD] Processing Payload 14/20 for Plant 1081
2026-07-02 08:59:47,668 - INFO - [PROD] Processing Payload 15/20 for Plant 1081
2026-07-02 08:59:47,698 - INFO - [PROD] Processing Payload 16/20 for Plant 1081
2026-07-02 08:59:47,699 - INFO - [PROD] Processing Payload 17/20 for Plant 1081
2026-07-02 08:59:47,701 - INFO - [PROD] Processing Payload 18/20 for Plant 1081
2026-07-02 08:59:47,803 - INFO - [PROD] Processing Payload 19/20 for Plant 1081
2026-07-02 08:59:47,811 - INFO - [PROD] Processing Payload 20/20 for Plant 1081
2026-07-02 08:59:48,576 - INFO - Pack Complete run finished. Success: 20, Failed: 0, Total: 20
2026-07-02 08:59:48,577 - INFO - Pack Complete run finished.
2026-07-02 08:59:48,577 - INFO - Waiting 10 seconds before next run...
2026-07-02 08:59:58,582 - INFO - Starting Pack Complete run...
2026-07-02 08:59:58,830 - INFO - Successfully extracted 1 data row(s) for wave information processing.
2026-07-02 08:59:58,830 - INFO - Processing row 1: {'Plant': 1081, 'Environment': 'PROD', 'Wave_number': 'W07012026000000000003;W07012026000000000004'}
2026-07-02 08:59:59,041 - INFO - Processing Task 1/1: Plant 1081 (PROD)
2026-07-02 08:59:59,477 - INFO - Successfully retrieved token.
2026-07-02 08:59:59,477 - INFO - Sending payload to URL: https://nikeaplawmprod1.sce.manh.com/pickpack/api/pickpack/olpn/search
2026-07-02 08:59:59,707 - INFO - Successfully received response for Plant 1081 (PROD)
2026-07-02 09:00:00,063 - INFO - Sending payload to URL: https://nikeaplawmprod1.sce.manh.com/task/api/task/taskDetail/search
2026-07-02 09:00:00,229 - INFO - -> Success: True, Message: None
2026-07-02 09:00:00,231 - INFO - Processing Task 1/1: Plant 1081 (PROD)
2026-07-02 09:00:00,596 - INFO - Successfully retrieved token.
2026-07-02 09:00:00,596 - INFO - Sending payload to URL: https://nikeaplawmprod1.sce.manh.com/pickpack/api/pickpack/olpn/search
2026-07-02 09:00:00,812 - INFO - Successfully received response for Plant 1081 (PROD)
2026-07-02 09:00:00,813 - INFO - Success: Found 20 oLPN row(s) for this task.
2026-07-02 09:00:00,814 - INFO - Processing 20 payloads for Environment: PROD
2026-07-02 09:00:01,194 - INFO - Successfully retrieved token for PROD environment.
2026-07-02 09:00:01,194 - INFO - Sending payloads to URL: https://nikeaplawmprod1.sce.manh.com/pickpack/api/ServiceDefinition/invoke/NIKEEX10PackResultCS_1081
2026-07-02 09:00:01,194 - INFO - Using 10 worker threads for 20 payloads.
2026-07-02 09:00:01,194 - INFO - [PROD] Processing Payload 1/20 for Plant 1081
2026-07-02 09:00:01,195 - INFO - [PROD] Processing Payload 2/20 for Plant 1081
2026-07-02 09:00:01,201 - INFO - [PROD] Processing Payload 3/20 for Plant 1081
2026-07-02 09:00:01,202 - INFO - [PROD] Processing Payload 4/20 for Plant 1081
2026-07-02 09:00:01,202 - INFO - [PROD] Processing Payload 5/20 for Plant 1081
2026-07-02 09:00:01,203 - INFO - [PROD] Processing Payload 6/20 for Plant 1081
2026-07-02 09:00:01,205 - INFO - [PROD] Processing Payload 7/20 for Plant 1081
2026-07-02 09:00:01,205 - INFO - [PROD] Processing Payload 8/20 for Plant 1081
2026-07-02 09:00:01,206 - INFO - [PROD] Processing Payload 9/20 for Plant 1081
2026-07-02 09:00:01,207 - INFO - [PROD] Processing Payload 10/20 for Plant 1081
2026-07-02 09:00:02,596 - INFO - [PROD] Processing Payload 11/20 for Plant 1081
2026-07-02 09:00:02,613 - INFO - [PROD] Processing Payload 12/20 for Plant 1081
2026-07-02 09:00:02,626 - INFO - [PROD] Processing Payload 13/20 for Plant 1081
2026-07-02 09:00:02,675 - INFO - [PROD] Processing Payload 14/20 for Plant 1081
2026-07-02 09:00:02,680 - INFO - [PROD] Processing Payload 15/20 for Plant 1081
2026-07-02 09:00:02,691 - INFO - [PROD] Processing Payload 16/20 for Plant 1081
2026-07-02 09:00:02,693 - INFO - [PROD] Processing Payload 17/20 for Plant 1081
2026-07-02 09:00:02,696 - INFO - [PROD] Processing Payload 18/20 for Plant 1081
2026-07-02 09:00:02,701 - INFO - [PROD] Processing Payload 19/20 for Plant 1081
2026-07-02 09:00:02,738 - INFO - [PROD] Processing Payload 20/20 for Plant 1081
2026-07-02 09:00:03,862 - INFO - Pack Complete run finished. Success: 20, Failed: 0, Total: 20
2026-07-02 09:00:03,862 - INFO - Pack Complete run finished.
2026-07-02 09:00:03,862 - INFO - Waiting 10 seconds before next run...
2026-07-02 09:00:13,868 - INFO - Starting Pack Complete run...
2026-07-02 09:00:14,107 - INFO - Successfully extracted 1 data row(s) for wave information processing.
2026-07-02 09:00:14,107 - INFO - Processing row 1: {'Plant': 1081, 'Environment': 'PROD', 'Wave_number': 'W07012026000000000003;W07012026000000000004'}
2026-07-02 09:00:14,341 - INFO - Processing Task 1/1: Plant 1081 (PROD)
2026-07-02 09:00:14,697 - INFO - Successfully retrieved token.
2026-07-02 09:00:14,697 - INFO - Sending payload to URL: https://nikeaplawmprod1.sce.manh.com/pickpack/api/pickpack/olpn/search
2026-07-02 09:00:14,932 - INFO - Successfully received response for Plant 1081 (PROD)
2026-07-02 09:00:15,452 - INFO - Sending payload to URL: https://nikeaplawmprod1.sce.manh.com/task/api/task/taskDetail/search
2026-07-02 09:00:15,692 - INFO - -> Success: True, Message: None
2026-07-02 09:00:15,695 - INFO - Processing Task 1/1: Plant 1081 (PROD)
2026-07-02 09:00:16,185 - INFO - Successfully retrieved token.
2026-07-02 09:00:16,185 - INFO - Sending payload to URL: https://nikeaplawmprod1.sce.manh.com/pickpack/api/pickpack/olpn/search
2026-07-02 09:00:16,425 - INFO - Successfully received response for Plant 1081 (PROD)
2026-07-02 09:00:16,426 - INFO - Success: Found 20 oLPN row(s) for this task.
2026-07-02 09:00:16,427 - INFO - Processing 20 payloads for Environment: PROD
2026-07-02 09:00:16,888 - INFO - Successfully retrieved token for PROD environment.
2026-07-02 09:00:16,888 - INFO - Sending payloads to URL: https://nikeaplawmprod1.sce.manh.com/pickpack/api/ServiceDefinition/invoke/NIKEEX10PackResultCS_1081
2026-07-02 09:00:16,888 - INFO - Using 10 worker threads for 20 payloads.
2026-07-02 09:00:16,889 - INFO - [PROD] Processing Payload 1/20 for Plant 1081
2026-07-02 09:00:16,889 - INFO - [PROD] Processing Payload 2/20 for Plant 1081
2026-07-02 09:00:16,889 - INFO - [PROD] Processing Payload 3/20 for Plant 1081
2026-07-02 09:00:16,891 - INFO - [PROD] Processing Payload 4/20 for Plant 1081
2026-07-02 09:00:16,893 - INFO - [PROD] Processing Payload 5/20 for Plant 1081
2026-07-02 09:00:16,893 - INFO - [PROD] Processing Payload 6/20 for Plant 1081
2026-07-02 09:00:16,894 - INFO - [PROD] Processing Payload 7/20 for Plant 1081
2026-07-02 09:00:16,894 - INFO - [PROD] Processing Payload 8/20 for Plant 1081
2026-07-02 09:00:16,894 - INFO - [PROD] Processing Payload 9/20 for Plant 1081
2026-07-02 09:00:16,896 - INFO - [PROD] Processing Payload 10/20 for Plant 1081
2026-07-02 09:00:18,063 - INFO - [PROD] Processing Payload 11/20 for Plant 1081
2026-07-02 09:00:18,074 - INFO - [PROD] Processing Payload 12/20 for Plant 1081
2026-07-02 09:00:18,107 - INFO - [PROD] Processing Payload 13/20 for Plant 1081
2026-07-02 09:00:18,111 - INFO - [PROD] Processing Payload 14/20 for Plant 1081
2026-07-02 09:00:18,150 - INFO - [PROD] Processing Payload 15/20 for Plant 1081
2026-07-02 09:00:18,198 - INFO - [PROD] Processing Payload 16/20 for Plant 1081
2026-07-02 09:00:18,199 - INFO - [PROD] Processing Payload 17/20 for Plant 1081
2026-07-02 09:00:18,227 - INFO - [PROD] Processing Payload 18/20 for Plant 1081
2026-07-02 09:00:18,336 - INFO - [PROD] Processing Payload 19/20 for Plant 1081
2026-07-02 09:00:18,470 - INFO - [PROD] Processing Payload 20/20 for Plant 1081
2026-07-02 09:00:19,061 - INFO - Pack Complete run finished. Success: 20, Failed: 0, Total: 20
2026-07-02 09:00:19,061 - INFO - Pack Complete run finished.
2026-07-02 09:00:19,062 - INFO - Waiting 10 seconds before next run...
2026-07-02 09:00:29,067 - INFO - Starting Pack Complete run...
2026-07-02 09:00:29,301 - INFO - Successfully extracted 1 data row(s) for wave information processing.
2026-07-02 09:00:29,301 - INFO - Processing row 1: {'Plant': 1081, 'Environment': 'PROD', 'Wave_number': 'W07012026000000000003;W07012026000000000004'}
2026-07-02 09:00:29,510 - INFO - Processing Task 1/1: Plant 1081 (PROD)
2026-07-02 09:00:29,992 - INFO - Successfully retrieved token.
2026-07-02 09:00:29,993 - INFO - Sending payload to URL: https://nikeaplawmprod1.sce.manh.com/pickpack/api/pickpack/olpn/search
2026-07-02 09:00:30,235 - INFO - Successfully received response for Plant 1081 (PROD)
2026-07-02 09:00:30,606 - INFO - Sending payload to URL: https://nikeaplawmprod1.sce.manh.com/task/api/task/taskDetail/search
2026-07-02 09:00:30,796 - INFO - -> Success: True, Message: None
2026-07-02 09:00:30,799 - INFO - Processing Task 1/1: Plant 1081 (PROD)
2026-07-02 09:00:31,198 - INFO - Successfully retrieved token.
2026-07-02 09:00:31,198 - INFO - Sending payload to URL: https://nikeaplawmprod1.sce.manh.com/pickpack/api/pickpack/olpn/search
2026-07-02 09:00:31,421 - INFO - Successfully received response for Plant 1081 (PROD)
2026-07-02 09:00:31,422 - INFO - Success: Found 20 oLPN row(s) for this task.
2026-07-02 09:00:31,423 - INFO - Processing 20 payloads for Environment: PROD
2026-07-02 09:00:31,796 - INFO - Successfully retrieved token for PROD environment.
2026-07-02 09:00:31,796 - INFO - Sending payloads to URL: https://nikeaplawmprod1.sce.manh.com/pickpack/api/ServiceDefinition/invoke/NIKEEX10PackResultCS_1081
2026-07-02 09:00:31,796 - INFO - Using 10 worker threads for 20 payloads.
2026-07-02 09:00:31,796 - INFO - [PROD] Processing Payload 1/20 for Plant 1081
2026-07-02 09:00:31,797 - INFO - [PROD] Processing Payload 2/20 for Plant 1081
2026-07-02 09:00:31,797 - INFO - [PROD] Processing Payload 3/20 for Plant 1081
2026-07-02 09:00:31,798 - INFO - [PROD] Processing Payload 4/20 for Plant 1081
2026-07-02 09:00:31,798 - INFO - [PROD] Processing Payload 5/20 for Plant 1081
2026-07-02 09:00:31,799 - INFO - [PROD] Processing Payload 6/20 for Plant 1081
2026-07-02 09:00:31,799 - INFO - [PROD] Processing Payload 7/20 for Plant 1081
2026-07-02 09:00:31,800 - INFO - [PROD] Processing Payload 8/20 for Plant 1081
2026-07-02 09:00:31,801 - INFO - [PROD] Processing Payload 9/20 for Plant 1081
2026-07-02 09:00:31,802 - INFO - [PROD] Processing Payload 10/20 for Plant 1081
2026-07-02 09:00:33,101 - INFO - [PROD] Processing Payload 11/20 for Plant 1081
2026-07-02 09:00:33,115 - INFO - [PROD] Processing Payload 12/20 for Plant 1081
2026-07-02 09:00:33,130 - INFO - [PROD] Processing Payload 13/20 for Plant 1081
2026-07-02 09:00:33,174 - INFO - [PROD] Processing Payload 14/20 for Plant 1081
2026-07-02 09:00:33,189 - INFO - [PROD] Processing Payload 15/20 for Plant 1081
2026-07-02 09:00:33,417 - INFO - [PROD] Processing Payload 16/20 for Plant 1081
2026-07-02 09:00:33,453 - INFO - [PROD] Processing Payload 17/20 for Plant 1081
2026-07-02 09:00:33,552 - INFO - [PROD] Processing Payload 18/20 for Plant 1081
2026-07-02 09:00:33,671 - INFO - [PROD] Processing Payload 19/20 for Plant 1081
2026-07-02 09:00:33,691 - INFO - [PROD] Processing Payload 20/20 for Plant 1081
2026-07-02 09:00:34,617 - INFO - Pack Complete run finished. Success: 20, Failed: 0, Total: 20
2026-07-02 09:00:34,618 - INFO - Pack Complete run finished.
2026-07-02 09:00:34,618 - INFO - Waiting 10 seconds before next run...
2026-07-02 09:00:44,620 - INFO - Starting Pack Complete run...
2026-07-02 09:00:44,842 - INFO - Successfully extracted 1 data row(s) for wave information processing.
2026-07-02 09:00:44,842 - INFO - Processing row 1: {'Plant': 1081, 'Environment': 'PROD', 'Wave_number': 'W07012026000000000003;W07012026000000000004'}
2026-07-02 09:00:45,094 - INFO - Processing Task 1/1: Plant 1081 (PROD)
2026-07-02 09:00:45,481 - INFO - Successfully retrieved token.
2026-07-02 09:00:45,482 - INFO - Sending payload to URL: https://nikeaplawmprod1.sce.manh.com/pickpack/api/pickpack/olpn/search
2026-07-02 09:00:45,717 - INFO - Successfully received response for Plant 1081 (PROD)
2026-07-02 09:00:46,168 - INFO - Sending payload to URL: https://nikeaplawmprod1.sce.manh.com/task/api/task/taskDetail/search
2026-07-02 09:00:46,387 - INFO - -> Success: True, Message: None
2026-07-02 09:00:46,396 - INFO - Processing Task 1/1: Plant 1081 (PROD)
2026-07-02 09:00:46,896 - INFO - Successfully retrieved token.
2026-07-02 09:00:46,896 - INFO - Sending payload to URL: https://nikeaplawmprod1.sce.manh.com/pickpack/api/pickpack/olpn/search
2026-07-02 09:00:47,167 - INFO - Successfully received response for Plant 1081 (PROD)
2026-07-02 09:00:47,168 - INFO - Success: Found 20 oLPN row(s) for this task.
2026-07-02 09:00:47,170 - INFO - Processing 20 payloads for Environment: PROD
2026-07-02 09:00:47,511 - INFO - Successfully retrieved token for PROD environment.
2026-07-02 09:00:47,512 - INFO - Sending payloads to URL: https://nikeaplawmprod1.sce.manh.com/pickpack/api/ServiceDefinition/invoke/NIKEEX10PackResultCS_1081
2026-07-02 09:00:47,512 - INFO - Using 10 worker threads for 20 payloads.
2026-07-02 09:00:47,513 - INFO - [PROD] Processing Payload 1/20 for Plant 1081
2026-07-02 09:00:47,514 - INFO - [PROD] Processing Payload 2/20 for Plant 1081
2026-07-02 09:00:47,514 - INFO - [PROD] Processing Payload 3/20 for Plant 1081
2026-07-02 09:00:47,519 - INFO - [PROD] Processing Payload 4/20 for Plant 1081
2026-07-02 09:00:47,525 - INFO - [PROD] Processing Payload 5/20 for Plant 1081
2026-07-02 09:00:47,525 - INFO - [PROD] Processing Payload 6/20 for Plant 1081
2026-07-02 09:00:47,526 - INFO - [PROD] Processing Payload 7/20 for Plant 1081
2026-07-02 09:00:47,527 - INFO - [PROD] Processing Payload 8/20 for Plant 1081
2026-07-02 09:00:47,528 - INFO - [PROD] Processing Payload 9/20 for Plant 1081
2026-07-02 09:00:47,528 - INFO - [PROD] Processing Payload 10/20 for Plant 1081
2026-07-02 09:00:48,482 - INFO - [PROD] Processing Payload 11/20 for Plant 1081
2026-07-02 09:00:48,526 - INFO - [PROD] Processing Payload 12/20 for Plant 1081
2026-07-02 09:00:48,562 - INFO - [PROD] Processing Payload 13/20 for Plant 1081
2026-07-02 09:00:48,573 - INFO - [PROD] Processing Payload 14/20 for Plant 1081
2026-07-02 09:00:48,583 - INFO - [PROD] Processing Payload 15/20 for Plant 1081
2026-07-02 09:00:48,584 - INFO - [PROD] Processing Payload 16/20 for Plant 1081
2026-07-02 09:00:48,592 - INFO - [PROD] Processing Payload 17/20 for Plant 1081
2026-07-02 09:00:48,599 - INFO - [PROD] Processing Payload 18/20 for Plant 1081
2026-07-02 09:00:48,621 - INFO - [PROD] Processing Payload 19/20 for Plant 1081
2026-07-02 09:00:48,651 - INFO - [PROD] Processing Payload 20/20 for Plant 1081
2026-07-02 09:00:49,577 - INFO - Pack Complete run finished. Success: 20, Failed: 0, Total: 20
2026-07-02 09:00:49,577 - INFO - Pack Complete run finished.
2026-07-02 09:00:49,577 - INFO - Waiting 10 seconds before next run...
2026-07-02 09:00:59,583 - INFO - Starting Pack Complete run...
2026-07-02 09:00:59,845 - INFO - Successfully extracted 1 data row(s) for wave information processing.
2026-07-02 09:00:59,845 - INFO - Processing row 1: {'Plant': 1081, 'Environment': 'PROD', 'Wave_number': 'W07012026000000000003;W07012026000000000004'}
2026-07-02 09:01:00,056 - INFO - Processing Task 1/1: Plant 1081 (PROD)
2026-07-02 09:01:00,463 - INFO - Successfully retrieved token.
2026-07-02 09:01:00,464 - INFO - Sending payload to URL: https://nikeaplawmprod1.sce.manh.com/pickpack/api/pickpack/olpn/search
2026-07-02 09:01:00,719 - INFO - Successfully received response for Plant 1081 (PROD)
2026-07-02 09:01:01,046 - INFO - Sending payload to URL: https://nikeaplawmprod1.sce.manh.com/task/api/task/taskDetail/search
2026-07-02 09:01:01,240 - INFO - -> Success: True, Message: None
2026-07-02 09:01:01,242 - INFO - Processing Task 1/1: Plant 1081 (PROD)
2026-07-02 09:01:01,574 - INFO - Successfully retrieved token.
2026-07-02 09:01:01,575 - INFO - Sending payload to URL: https://nikeaplawmprod1.sce.manh.com/pickpack/api/pickpack/olpn/search
2026-07-02 09:01:01,804 - INFO - Successfully received response for Plant 1081 (PROD)
2026-07-02 09:01:01,806 - INFO - Success: Found 20 oLPN row(s) for this task.
2026-07-02 09:01:01,809 - INFO - Processing 20 payloads for Environment: PROD
2026-07-02 09:01:02,139 - INFO - Successfully retrieved token for PROD environment.
2026-07-02 09:01:02,140 - INFO - Sending payloads to URL: https://nikeaplawmprod1.sce.manh.com/pickpack/api/ServiceDefinition/invoke/NIKEEX10PackResultCS_1081
2026-07-02 09:01:02,140 - INFO - Using 10 worker threads for 20 payloads.
2026-07-02 09:01:02,141 - INFO - [PROD] Processing Payload 1/20 for Plant 1081
2026-07-02 09:01:02,142 - INFO - [PROD] Processing Payload 2/20 for Plant 1081
2026-07-02 09:01:02,151 - INFO - [PROD] Processing Payload 3/20 for Plant 1081
2026-07-02 09:01:02,165 - INFO - [PROD] Processing Payload 4/20 for Plant 1081
2026-07-02 09:01:02,166 - INFO - [PROD] Processing Payload 5/20 for Plant 1081
2026-07-02 09:01:02,167 - INFO - [PROD] Processing Payload 6/20 for Plant 1081
2026-07-02 09:01:02,167 - INFO - [PROD] Processing Payload 7/20 for Plant 1081
2026-07-02 09:01:02,168 - INFO - [PROD] Processing Payload 8/20 for Plant 1081
2026-07-02 09:01:02,169 - INFO - [PROD] Processing Payload 9/20 for Plant 1081
2026-07-02 09:01:02,171 - INFO - [PROD] Processing Payload 10/20 for Plant 1081
2026-07-02 09:01:03,533 - INFO - [PROD] Processing Payload 11/20 for Plant 1081
2026-07-02 09:01:03,537 - INFO - [PROD] Processing Payload 12/20 for Plant 1081
2026-07-02 09:01:03,540 - INFO - [PROD] Processing Payload 13/20 for Plant 1081
2026-07-02 09:01:03,542 - INFO - [PROD] Processing Payload 14/20 for Plant 1081
2026-07-02 09:01:03,545 - INFO - [PROD] Processing Payload 15/20 for Plant 1081
2026-07-02 09:01:03,547 - INFO - [PROD] Processing Payload 16/20 for Plant 1081
2026-07-02 09:01:03,549 - INFO - [PROD] Processing Payload 17/20 for Plant 1081
2026-07-02 09:01:03,551 - INFO - [PROD] Processing Payload 18/20 for Plant 1081
2026-07-02 09:01:03,592 - INFO - [PROD] Processing Payload 19/20 for Plant 1081
2026-07-02 09:01:03,636 - INFO - [PROD] Processing Payload 20/20 for Plant 1081
2026-07-02 09:01:05,187 - INFO - Pack Complete run finished. Success: 20, Failed: 0, Total: 20
2026-07-02 09:01:05,188 - INFO - Pack Complete run finished.
2026-07-02 09:01:05,188 - INFO - Waiting 10 seconds before next run...
2026-07-02 09:01:15,193 - INFO - Starting Pack Complete run...
2026-07-02 09:01:15,428 - INFO - Successfully extracted 1 data row(s) for wave information processing.
2026-07-02 09:01:15,428 - INFO - Processing row 1: {'Plant': 1081, 'Environment': 'PROD', 'Wave_number': 'W07012026000000000003;W07012026000000000004'}
2026-07-02 09:01:15,662 - INFO - Processing Task 1/1: Plant 1081 (PROD)
2026-07-02 09:01:16,004 - INFO - Successfully retrieved token.
2026-07-02 09:01:16,004 - INFO - Sending payload to URL: https://nikeaplawmprod1.sce.manh.com/pickpack/api/pickpack/olpn/search
2026-07-02 09:01:16,249 - INFO - Successfully received response for Plant 1081 (PROD)
2026-07-02 09:01:16,688 - INFO - Sending payload to URL: https://nikeaplawmprod1.sce.manh.com/task/api/task/taskDetail/search
2026-07-02 09:01:16,876 - INFO - -> Success: True, Message: None
2026-07-02 09:01:16,880 - INFO - Processing Task 1/1: Plant 1081 (PROD)
2026-07-02 09:01:17,301 - INFO - Successfully retrieved token.
2026-07-02 09:01:17,301 - INFO - Sending payload to URL: https://nikeaplawmprod1.sce.manh.com/pickpack/api/pickpack/olpn/search
2026-07-02 09:01:17,540 - INFO - Successfully received response for Plant 1081 (PROD)
2026-07-02 09:01:17,541 - INFO - Success: Found 20 oLPN row(s) for this task.
2026-07-02 09:01:17,543 - INFO - Processing 20 payloads for Environment: PROD
2026-07-02 09:01:17,876 - INFO - Successfully retrieved token for PROD environment.
2026-07-02 09:01:17,876 - INFO - Sending payloads to URL: https://nikeaplawmprod1.sce.manh.com/pickpack/api/ServiceDefinition/invoke/NIKEEX10PackResultCS_1081
2026-07-02 09:01:17,876 - INFO - Using 10 worker threads for 20 payloads.
2026-07-02 09:01:17,876 - INFO - [PROD] Processing Payload 1/20 for Plant 1081
2026-07-02 09:01:17,877 - INFO - [PROD] Processing Payload 2/20 for Plant 1081
2026-07-02 09:01:17,877 - INFO - [PROD] Processing Payload 3/20 for Plant 1081
2026-07-02 09:01:17,878 - INFO - [PROD] Processing Payload 4/20 for Plant 1081
2026-07-02 09:01:17,881 - INFO - [PROD] Processing Payload 5/20 for Plant 1081
2026-07-02 09:01:17,881 - INFO - [PROD] Processing Payload 6/20 for Plant 1081
2026-07-02 09:01:17,882 - INFO - [PROD] Processing Payload 7/20 for Plant 1081
2026-07-02 09:01:17,882 - INFO - [PROD] Processing Payload 8/20 for Plant 1081
2026-07-02 09:01:17,883 - INFO - [PROD] Processing Payload 9/20 for Plant 1081
2026-07-02 09:01:17,884 - INFO - [PROD] Processing Payload 10/20 for Plant 1081
2026-07-02 09:01:19,176 - INFO - [PROD] Processing Payload 11/20 for Plant 1081
2026-07-02 09:01:19,209 - INFO - [PROD] Processing Payload 12/20 for Plant 1081
2026-07-02 09:01:19,237 - INFO - [PROD] Processing Payload 13/20 for Plant 1081
2026-07-02 09:01:19,252 - INFO - [PROD] Processing Payload 14/20 for Plant 1081
2026-07-02 09:01:19,268 - INFO - [PROD] Processing Payload 15/20 for Plant 1081
2026-07-02 09:01:19,303 - INFO - [PROD] Processing Payload 16/20 for Plant 1081
2026-07-02 09:01:19,304 - INFO - [PROD] Processing Payload 17/20 for Plant 1081
2026-07-02 09:01:19,313 - INFO - [PROD] Processing Payload 18/20 for Plant 1081
2026-07-02 09:01:19,354 - INFO - [PROD] Processing Payload 19/20 for Plant 1081
2026-07-02 09:01:19,389 - INFO - [PROD] Processing Payload 20/20 for Plant 1081
2026-07-02 09:01:20,073 - INFO - Pack Complete run finished. Success: 20, Failed: 0, Total: 20
2026-07-02 09:01:20,073 - INFO - Pack Complete run finished.
2026-07-02 09:01:20,073 - INFO - Waiting 10 seconds before next run...
2026-07-02 09:01:30,076 - INFO - Starting Pack Complete run...
2026-07-02 09:01:30,341 - INFO - Successfully extracted 1 data row(s) for wave information processing.
2026-07-02 09:01:30,341 - INFO - Processing row 1: {'Plant': 1081, 'Environment': 'PROD', 'Wave_number': 'W07012026000000000003;W07012026000000000004'}
2026-07-02 09:01:30,557 - INFO - Processing Task 1/1: Plant 1081 (PROD)
2026-07-02 09:01:30,872 - INFO - Successfully retrieved token.
2026-07-02 09:01:30,872 - INFO - Sending payload to URL: https://nikeaplawmprod1.sce.manh.com/pickpack/api/pickpack/olpn/search
2026-07-02 09:01:31,139 - INFO - Successfully received response for Plant 1081 (PROD)
2026-07-02 09:01:31,533 - INFO - Sending payload to URL: https://nikeaplawmprod1.sce.manh.com/task/api/task/taskDetail/search
2026-07-02 09:01:31,715 - INFO - -> Success: True, Message: None
2026-07-02 09:01:31,720 - INFO - Processing Task 1/1: Plant 1081 (PROD)
2026-07-02 09:01:32,163 - INFO - Successfully retrieved token.
2026-07-02 09:01:32,163 - INFO - Sending payload to URL: https://nikeaplawmprod1.sce.manh.com/pickpack/api/pickpack/olpn/search
2026-07-02 09:01:32,397 - INFO - Successfully received response for Plant 1081 (PROD)
2026-07-02 09:01:32,398 - INFO - Success: Found 20 oLPN row(s) for this task.
2026-07-02 09:01:32,404 - INFO - Processing 20 payloads for Environment: PROD
2026-07-02 09:01:32,786 - INFO - Successfully retrieved token for PROD environment.
2026-07-02 09:01:32,787 - INFO - Sending payloads to URL: https://nikeaplawmprod1.sce.manh.com/pickpack/api/ServiceDefinition/invoke/NIKEEX10PackResultCS_1081
2026-07-02 09:01:32,787 - INFO - Using 10 worker threads for 20 payloads.
2026-07-02 09:01:32,788 - INFO - [PROD] Processing Payload 1/20 for Plant 1081
2026-07-02 09:01:32,789 - INFO - [PROD] Processing Payload 2/20 for Plant 1081
2026-07-02 09:01:32,792 - INFO - [PROD] Processing Payload 3/20 for Plant 1081
2026-07-02 09:01:32,795 - INFO - [PROD] Processing Payload 4/20 for Plant 1081
2026-07-02 09:01:32,799 - INFO - [PROD] Processing Payload 5/20 for Plant 1081
2026-07-02 09:01:32,799 - INFO - [PROD] Processing Payload 6/20 for Plant 1081
2026-07-02 09:01:32,800 - INFO - [PROD] Processing Payload 7/20 for Plant 1081
2026-07-02 09:01:32,800 - INFO - [PROD] Processing Payload 8/20 for Plant 1081
2026-07-02 09:01:32,800 - INFO - [PROD] Processing Payload 9/20 for Plant 1081
2026-07-02 09:01:32,803 - INFO - [PROD] Processing Payload 10/20 for Plant 1081
2026-07-02 09:01:34,011 - INFO - [PROD] Processing Payload 11/20 for Plant 1081
2026-07-02 09:01:34,014 - INFO - [PROD] Processing Payload 12/20 for Plant 1081
2026-07-02 09:01:34,028 - INFO - [PROD] Processing Payload 13/20 for Plant 1081
2026-07-02 09:01:34,053 - INFO - [PROD] Processing Payload 14/20 for Plant 1081
2026-07-02 09:01:34,078 - INFO - [PROD] Processing Payload 15/20 for Plant 1081
2026-07-02 09:01:34,094 - INFO - [PROD] Processing Payload 16/20 for Plant 1081
2026-07-02 09:01:34,099 - INFO - [PROD] Processing Payload 17/20 for Plant 1081
2026-07-02 09:01:34,113 - INFO - [PROD] Processing Payload 18/20 for Plant 1081
2026-07-02 09:01:34,139 - INFO - [PROD] Processing Payload 19/20 for Plant 1081
2026-07-02 09:01:34,147 - INFO - [PROD] Processing Payload 20/20 for Plant 1081
2026-07-02 09:01:35,506 - INFO - Pack Complete run finished. Success: 20, Failed: 0, Total: 20
2026-07-02 09:01:35,507 - INFO - Pack Complete run finished.
2026-07-02 09:01:35,507 - INFO - Waiting 10 seconds before next run...
2026-07-02 09:01:45,512 - INFO - Starting Pack Complete run...
2026-07-02 09:01:45,776 - INFO - Successfully extracted 1 data row(s) for wave information processing.
2026-07-02 09:01:45,776 - INFO - Processing row 1: {'Plant': 1081, 'Environment': 'PROD', 'Wave_number': 'W07012026000000000003;W07012026000000000004'}
2026-07-02 09:01:45,996 - INFO - Processing Task 1/1: Plant 1081 (PROD)
2026-07-02 09:01:46,380 - INFO - Successfully retrieved token.
2026-07-02 09:01:46,381 - INFO - Sending payload to URL: https://nikeaplawmprod1.sce.manh.com/pickpack/api/pickpack/olpn/search
2026-07-02 09:01:46,601 - INFO - Successfully received response for Plant 1081 (PROD)
2026-07-02 09:01:47,188 - INFO - Sending payload to URL: https://nikeaplawmprod1.sce.manh.com/task/api/task/taskDetail/search
2026-07-02 09:01:47,383 - INFO - -> Success: True, Message: None
2026-07-02 09:01:47,388 - INFO - Processing Task 1/1: Plant 1081 (PROD)
2026-07-02 09:01:47,823 - INFO - Successfully retrieved token.
2026-07-02 09:01:47,823 - INFO - Sending payload to URL: https://nikeaplawmprod1.sce.manh.com/pickpack/api/pickpack/olpn/search
2026-07-02 09:01:48,065 - INFO - Successfully received response for Plant 1081 (PROD)
2026-07-02 09:01:48,067 - INFO - Success: Found 20 oLPN row(s) for this task.
2026-07-02 09:01:48,069 - INFO - Processing 20 payloads for Environment: PROD
2026-07-02 09:01:48,392 - INFO - Successfully retrieved token for PROD environment.
2026-07-02 09:01:48,393 - INFO - Sending payloads to URL: https://nikeaplawmprod1.sce.manh.com/pickpack/api/ServiceDefinition/invoke/NIKEEX10PackResultCS_1081
2026-07-02 09:01:48,393 - INFO - Using 10 worker threads for 20 payloads.
2026-07-02 09:01:48,393 - INFO - [PROD] Processing Payload 1/20 for Plant 1081
2026-07-02 09:01:48,393 - INFO - [PROD] Processing Payload 2/20 for Plant 1081
2026-07-02 09:01:48,393 - INFO - [PROD] Processing Payload 3/20 for Plant 1081
2026-07-02 09:01:48,394 - INFO - [PROD] Processing Payload 4/20 for Plant 1081
2026-07-02 09:01:48,396 - INFO - [PROD] Processing Payload 5/20 for Plant 1081
2026-07-02 09:01:48,396 - INFO - [PROD] Processing Payload 6/20 for Plant 1081
2026-07-02 09:01:48,397 - INFO - [PROD] Processing Payload 7/20 for Plant 1081
2026-07-02 09:01:48,398 - INFO - [PROD] Processing Payload 8/20 for Plant 1081
2026-07-02 09:01:48,399 - INFO - [PROD] Processing Payload 9/20 for Plant 1081
2026-07-02 09:01:48,399 - INFO - [PROD] Processing Payload 10/20 for Plant 1081
2026-07-02 09:01:49,560 - INFO - [PROD] Processing Payload 11/20 for Plant 1081
2026-07-02 09:01:49,571 - INFO - [PROD] Processing Payload 12/20 for Plant 1081
2026-07-02 09:01:49,687 - INFO - [PROD] Processing Payload 13/20 for Plant 1081
2026-07-02 09:01:49,704 - INFO - [PROD] Processing Payload 14/20 for Plant 1081
2026-07-02 09:01:49,717 - INFO - [PROD] Processing Payload 15/20 for Plant 1081
2026-07-02 09:01:49,761 - INFO - [PROD] Processing Payload 16/20 for Plant 1081
2026-07-02 09:01:49,806 - INFO - [PROD] Processing Payload 17/20 for Plant 1081
2026-07-02 09:01:49,839 - INFO - [PROD] Processing Payload 18/20 for Plant 1081
2026-07-02 09:01:49,850 - INFO - [PROD] Processing Payload 19/20 for Plant 1081
2026-07-02 09:01:49,852 - INFO - [PROD] Processing Payload 20/20 for Plant 1081
2026-07-02 09:01:50,592 - INFO - Pack Complete run finished. Success: 20, Failed: 0, Total: 20
2026-07-02 09:01:50,592 - INFO - Pack Complete run finished.
2026-07-02 09:01:50,592 - INFO - Waiting 10 seconds before next run...
2026-07-02 09:02:00,598 - INFO - Starting Pack Complete run...
2026-07-02 09:02:00,830 - INFO - Successfully extracted 1 data row(s) for wave information processing.
2026-07-02 09:02:00,830 - INFO - Processing row 1: {'Plant': 1081, 'Environment': 'PROD', 'Wave_number': 'W07012026000000000003;W07012026000000000004'}
2026-07-02 09:02:01,031 - INFO - Processing Task 1/1: Plant 1081 (PROD)
2026-07-02 09:02:01,440 - INFO - Successfully retrieved token.
2026-07-02 09:02:01,440 - INFO - Sending payload to URL: https://nikeaplawmprod1.sce.manh.com/pickpack/api/pickpack/olpn/search
2026-07-02 09:02:01,669 - INFO - Successfully received response for Plant 1081 (PROD)
2026-07-02 09:02:02,145 - INFO - Sending payload to URL: https://nikeaplawmprod1.sce.manh.com/task/api/task/taskDetail/search
2026-07-02 09:02:02,333 - INFO - -> Success: True, Message: None
2026-07-02 09:02:02,338 - INFO - Processing Task 1/1: Plant 1081 (PROD)
2026-07-02 09:02:02,674 - INFO - Successfully retrieved token.
2026-07-02 09:02:02,674 - INFO - Sending payload to URL: https://nikeaplawmprod1.sce.manh.com/pickpack/api/pickpack/olpn/search
2026-07-02 09:02:02,916 - INFO - Successfully received response for Plant 1081 (PROD)
2026-07-02 09:02:02,918 - INFO - Success: Found 20 oLPN row(s) for this task.
2026-07-02 09:02:02,920 - INFO - Processing 20 payloads for Environment: PROD
2026-07-02 09:02:03,314 - INFO - Successfully retrieved token for PROD environment.
2026-07-02 09:02:03,314 - INFO - Sending payloads to URL: https://nikeaplawmprod1.sce.manh.com/pickpack/api/ServiceDefinition/invoke/NIKEEX10PackResultCS_1081
2026-07-02 09:02:03,314 - INFO - Using 10 worker threads for 20 payloads.
2026-07-02 09:02:03,315 - INFO - [PROD] Processing Payload 1/20 for Plant 1081
2026-07-02 09:02:03,315 - INFO - [PROD] Processing Payload 2/20 for Plant 1081
2026-07-02 09:02:03,316 - INFO - [PROD] Processing Payload 3/20 for Plant 1081
2026-07-02 09:02:03,317 - INFO - [PROD] Processing Payload 4/20 for Plant 1081
2026-07-02 09:02:03,318 - INFO - [PROD] Processing Payload 5/20 for Plant 1081
2026-07-02 09:02:03,320 - INFO - [PROD] Processing Payload 6/20 for Plant 1081
2026-07-02 09:02:03,321 - INFO - [PROD] Processing Payload 7/20 for Plant 1081
2026-07-02 09:02:03,321 - INFO - [PROD] Processing Payload 8/20 for Plant 1081
2026-07-02 09:02:03,323 - INFO - [PROD] Processing Payload 9/20 for Plant 1081
2026-07-02 09:02:03,324 - INFO - [PROD] Processing Payload 10/20 for Plant 1081
2026-07-02 09:02:04,716 - INFO - [PROD] Processing Payload 11/20 for Plant 1081
2026-07-02 09:02:04,719 - INFO - [PROD] Processing Payload 12/20 for Plant 1081
2026-07-02 09:02:04,722 - INFO - [PROD] Processing Payload 13/20 for Plant 1081
2026-07-02 09:02:04,726 - INFO - [PROD] Processing Payload 14/20 for Plant 1081
2026-07-02 09:02:04,740 - INFO - [PROD] Processing Payload 15/20 for Plant 1081
2026-07-02 09:02:04,762 - INFO - [PROD] Processing Payload 16/20 for Plant 1081
2026-07-02 09:02:04,855 - INFO - [PROD] Processing Payload 17/20 for Plant 1081
2026-07-02 09:02:04,871 - INFO - [PROD] Processing Payload 18/20 for Plant 1081
2026-07-02 09:02:04,878 - INFO - [PROD] Processing Payload 19/20 for Plant 1081
2026-07-02 09:02:04,900 - INFO - [PROD] Processing Payload 20/20 for Plant 1081
2026-07-02 09:02:05,983 - INFO - Pack Complete run finished. Success: 20, Failed: 0, Total: 20
2026-07-02 09:02:05,983 - INFO - Pack Complete run finished.
2026-07-02 09:02:05,984 - INFO - Waiting 10 seconds before next run...
2026-07-02 09:02:15,989 - INFO - Starting Pack Complete run...
2026-07-02 09:02:16,229 - INFO - Successfully extracted 1 data row(s) for wave information processing.
2026-07-02 09:02:16,229 - INFO - Processing row 1: {'Plant': 1081, 'Environment': 'PROD', 'Wave_number': 'W07012026000000000003;W07012026000000000004'}
2026-07-02 09:02:16,452 - INFO - Processing Task 1/1: Plant 1081 (PROD)
2026-07-02 09:02:16,908 - INFO - Successfully retrieved token.
2026-07-02 09:02:16,908 - INFO - Sending payload to URL: https://nikeaplawmprod1.sce.manh.com/pickpack/api/pickpack/olpn/search
2026-07-02 09:02:17,143 - INFO - Successfully received response for Plant 1081 (PROD)
2026-07-02 09:02:17,618 - INFO - Sending payload to URL: https://nikeaplawmprod1.sce.manh.com/task/api/task/taskDetail/search
2026-07-02 09:02:17,814 - INFO - -> Success: True, Message: None
2026-07-02 09:02:17,819 - INFO - Processing Task 1/1: Plant 1081 (PROD)
2026-07-02 09:02:18,140 - INFO - Successfully retrieved token.
2026-07-02 09:02:18,140 - INFO - Sending payload to URL: https://nikeaplawmprod1.sce.manh.com/pickpack/api/pickpack/olpn/search
2026-07-02 09:02:18,388 - INFO - Successfully received response for Plant 1081 (PROD)
2026-07-02 09:02:18,390 - INFO - Success: Found 20 oLPN row(s) for this task.
2026-07-02 09:02:18,393 - INFO - Processing 20 payloads for Environment: PROD
2026-07-02 09:02:18,723 - INFO - Successfully retrieved token for PROD environment.
2026-07-02 09:02:18,723 - INFO - Sending payloads to URL: https://nikeaplawmprod1.sce.manh.com/pickpack/api/ServiceDefinition/invoke/NIKEEX10PackResultCS_1081
2026-07-02 09:02:18,723 - INFO - Using 10 worker threads for 20 payloads.
2026-07-02 09:02:18,723 - INFO - [PROD] Processing Payload 1/20 for Plant 1081
2026-07-02 09:02:18,723 - INFO - [PROD] Processing Payload 2/20 for Plant 1081
2026-07-02 09:02:18,724 - INFO - [PROD] Processing Payload 3/20 for Plant 1081
2026-07-02 09:02:18,724 - INFO - [PROD] Processing Payload 4/20 for Plant 1081
2026-07-02 09:02:18,725 - INFO - [PROD] Processing Payload 5/20 for Plant 1081
2026-07-02 09:02:18,726 - INFO - [PROD] Processing Payload 6/20 for Plant 1081
2026-07-02 09:02:18,728 - INFO - [PROD] Processing Payload 7/20 for Plant 1081
2026-07-02 09:02:18,730 - INFO - [PROD] Processing Payload 8/20 for Plant 1081
2026-07-02 09:02:18,731 - INFO - [PROD] Processing Payload 9/20 for Plant 1081
2026-07-02 09:02:18,732 - INFO - [PROD] Processing Payload 10/20 for Plant 1081
2026-07-02 09:02:19,974 - INFO - [PROD] Processing Payload 11/20 for Plant 1081
2026-07-02 09:02:20,033 - INFO - [PROD] Processing Payload 12/20 for Plant 1081
2026-07-02 09:02:20,106 - INFO - [PROD] Processing Payload 13/20 for Plant 1081
2026-07-02 09:02:20,121 - INFO - [PROD] Processing Payload 14/20 for Plant 1081
2026-07-02 09:02:20,149 - INFO - [PROD] Processing Payload 15/20 for Plant 1081
2026-07-02 09:02:20,153 - INFO - [PROD] Processing Payload 16/20 for Plant 1081
2026-07-02 09:02:20,173 - INFO - [PROD] Processing Payload 17/20 for Plant 1081
2026-07-02 09:02:20,179 - INFO - [PROD] Processing Payload 18/20 for Plant 1081
2026-07-02 09:02:20,204 - INFO - [PROD] Processing Payload 19/20 for Plant 1081
2026-07-02 09:02:20,229 - INFO - [PROD] Processing Payload 20/20 for Plant 1081
2026-07-02 09:02:20,801 - INFO - Pack Complete run finished. Success: 20, Failed: 0, Total: 20
2026-07-02 09:02:20,801 - INFO - Pack Complete run finished.
2026-07-02 09:02:20,801 - INFO - Waiting 10 seconds before next run...
2026-07-02 09:02:30,806 - INFO - Starting Pack Complete run...
2026-07-02 09:02:31,044 - INFO - Successfully extracted 1 data row(s) for wave information processing.
2026-07-02 09:02:31,044 - INFO - Processing row 1: {'Plant': 1081, 'Environment': 'PROD', 'Wave_number': 'W07012026000000000003;W07012026000000000004'}
2026-07-02 09:02:31,248 - INFO - Processing Task 1/1: Plant 1081 (PROD)
2026-07-02 09:02:31,604 - INFO - Successfully retrieved token.
2026-07-02 09:02:31,604 - INFO - Sending payload to URL: https://nikeaplawmprod1.sce.manh.com/pickpack/api/pickpack/olpn/search
2026-07-02 09:02:31,831 - INFO - Successfully received response for Plant 1081 (PROD)
2026-07-02 09:02:32,210 - INFO - Sending payload to URL: https://nikeaplawmprod1.sce.manh.com/task/api/task/taskDetail/search
2026-07-02 09:02:32,392 - INFO - -> Success: True, Message: None
2026-07-02 09:02:32,394 - INFO - Processing Task 1/1: Plant 1081 (PROD)
2026-07-02 09:02:32,716 - INFO - Successfully retrieved token.
2026-07-02 09:02:32,716 - INFO - Sending payload to URL: https://nikeaplawmprod1.sce.manh.com/pickpack/api/pickpack/olpn/search
2026-07-02 09:02:32,946 - INFO - Successfully received response for Plant 1081 (PROD)
2026-07-02 09:02:32,948 - INFO - Success: Found 20 oLPN row(s) for this task.
2026-07-02 09:02:32,950 - INFO - Processing 20 payloads for Environment: PROD
2026-07-02 09:02:33,330 - INFO - Successfully retrieved token for PROD environment.
2026-07-02 09:02:33,330 - INFO - Sending payloads to URL: https://nikeaplawmprod1.sce.manh.com/pickpack/api/ServiceDefinition/invoke/NIKEEX10PackResultCS_1081
2026-07-02 09:02:33,330 - INFO - Using 10 worker threads for 20 payloads.
2026-07-02 09:02:33,330 - INFO - [PROD] Processing Payload 1/20 for Plant 1081
2026-07-02 09:02:33,331 - INFO - [PROD] Processing Payload 2/20 for Plant 1081
2026-07-02 09:02:33,332 - INFO - [PROD] Processing Payload 3/20 for Plant 1081
2026-07-02 09:02:33,333 - INFO - [PROD] Processing Payload 4/20 for Plant 1081
2026-07-02 09:02:33,334 - INFO - [PROD] Processing Payload 5/20 for Plant 1081
2026-07-02 09:02:33,335 - INFO - [PROD] Processing Payload 6/20 for Plant 1081
2026-07-02 09:02:33,335 - INFO - [PROD] Processing Payload 7/20 for Plant 1081
2026-07-02 09:02:33,337 - INFO - [PROD] Processing Payload 8/20 for Plant 1081
2026-07-02 09:02:33,338 - INFO - [PROD] Processing Payload 9/20 for Plant 1081
2026-07-02 09:02:33,338 - INFO - [PROD] Processing Payload 10/20 for Plant 1081
2026-07-02 09:02:34,616 - INFO - [PROD] Processing Payload 11/20 for Plant 1081
2026-07-02 09:02:34,653 - INFO - [PROD] Processing Payload 12/20 for Plant 1081
2026-07-02 09:02:34,712 - INFO - [PROD] Processing Payload 13/20 for Plant 1081
2026-07-02 09:02:34,713 - INFO - [PROD] Processing Payload 14/20 for Plant 1081
2026-07-02 09:02:34,746 - INFO - [PROD] Processing Payload 15/20 for Plant 1081
2026-07-02 09:02:34,813 - INFO - [PROD] Processing Payload 16/20 for Plant 1081
2026-07-02 09:02:34,906 - INFO - [PROD] Processing Payload 17/20 for Plant 1081
2026-07-02 09:02:34,966 - INFO - [PROD] Processing Payload 18/20 for Plant 1081
2026-07-02 09:02:34,979 - INFO - [PROD] Processing Payload 19/20 for Plant 1081
2026-07-02 09:02:35,075 - INFO - [PROD] Processing Payload 20/20 for Plant 1081
2026-07-02 09:02:35,676 - INFO - Pack Complete run finished. Success: 20, Failed: 0, Total: 20
2026-07-02 09:02:35,677 - INFO - Pack Complete run finished.
2026-07-02 09:02:35,677 - INFO - Waiting 10 seconds before next run...
2026-07-02 09:02:45,683 - INFO - Starting Pack Complete run...
2026-07-02 09:02:45,935 - INFO - Successfully extracted 1 data row(s) for wave information processing.
2026-07-02 09:02:45,935 - INFO - Processing row 1: {'Plant': 1081, 'Environment': 'PROD', 'Wave_number': 'W07012026000000000003;W07012026000000000004'}
2026-07-02 09:02:46,176 - INFO - Processing Task 1/1: Plant 1081 (PROD)
2026-07-02 09:02:46,602 - INFO - Successfully retrieved token.
2026-07-02 09:02:46,603 - INFO - Sending payload to URL: https://nikeaplawmprod1.sce.manh.com/pickpack/api/pickpack/olpn/search
2026-07-02 09:02:46,884 - INFO - Successfully received response for Plant 1081 (PROD)
2026-07-02 09:02:47,438 - INFO - Sending payload to URL: https://nikeaplawmprod1.sce.manh.com/task/api/task/taskDetail/search
2026-07-02 09:02:47,637 - INFO - -> Success: True, Message: None
2026-07-02 09:02:47,651 - INFO - Processing Task 1/1: Plant 1081 (PROD)
2026-07-02 09:02:48,036 - INFO - Successfully retrieved token.
2026-07-02 09:02:48,038 - INFO - Sending payload to URL: https://nikeaplawmprod1.sce.manh.com/pickpack/api/pickpack/olpn/search
2026-07-02 09:02:48,309 - INFO - Successfully received response for Plant 1081 (PROD)
2026-07-02 09:02:48,310 - INFO - Success: Found 20 oLPN row(s) for this task.
2026-07-02 09:02:48,312 - INFO - Processing 20 payloads for Environment: PROD
2026-07-02 09:02:48,660 - INFO - Successfully retrieved token for PROD environment.
2026-07-02 09:02:48,660 - INFO - Sending payloads to URL: https://nikeaplawmprod1.sce.manh.com/pickpack/api/ServiceDefinition/invoke/NIKEEX10PackResultCS_1081
2026-07-02 09:02:48,661 - INFO - Using 10 worker threads for 20 payloads.
2026-07-02 09:02:48,661 - INFO - [PROD] Processing Payload 1/20 for Plant 1081
2026-07-02 09:02:48,661 - INFO - [PROD] Processing Payload 2/20 for Plant 1081
2026-07-02 09:02:48,661 - INFO - [PROD] Processing Payload 3/20 for Plant 1081
2026-07-02 09:02:48,663 - INFO - [PROD] Processing Payload 4/20 for Plant 1081
2026-07-02 09:02:48,668 - INFO - [PROD] Processing Payload 5/20 for Plant 1081
2026-07-02 09:02:48,673 - INFO - [PROD] Processing Payload 6/20 for Plant 1081
2026-07-02 09:02:48,691 - INFO - [PROD] Processing Payload 7/20 for Plant 1081
2026-07-02 09:02:48,691 - INFO - [PROD] Processing Payload 8/20 for Plant 1081
2026-07-02 09:02:48,692 - INFO - [PROD] Processing Payload 9/20 for Plant 1081
2026-07-02 09:02:48,693 - INFO - [PROD] Processing Payload 10/20 for Plant 1081
2026-07-02 09:02:49,701 - INFO - [PROD] Processing Payload 11/20 for Plant 1081
2026-07-02 09:02:49,733 - INFO - [PROD] Processing Payload 12/20 for Plant 1081
2026-07-02 09:02:49,819 - INFO - [PROD] Processing Payload 13/20 for Plant 1081
2026-07-02 09:02:49,974 - INFO - [PROD] Processing Payload 14/20 for Plant 1081
2026-07-02 09:02:50,100 - INFO - [PROD] Processing Payload 15/20 for Plant 1081
2026-07-02 09:02:50,117 - INFO - [PROD] Processing Payload 16/20 for Plant 1081
2026-07-02 09:02:50,120 - INFO - [PROD] Processing Payload 17/20 for Plant 1081
2026-07-02 09:02:50,192 - INFO - [PROD] Processing Payload 18/20 for Plant 1081
2026-07-02 09:02:50,198 - INFO - [PROD] Processing Payload 19/20 for Plant 1081
2026-07-02 09:02:50,275 - INFO - [PROD] Processing Payload 20/20 for Plant 1081
2026-07-02 09:02:50,903 - INFO - Pack Complete run finished. Success: 20, Failed: 0, Total: 20
2026-07-02 09:02:50,904 - INFO - Pack Complete run finished.
2026-07-02 09:02:50,904 - INFO - Waiting 10 seconds before next run...
2026-07-02 09:03:00,908 - INFO - Starting Pack Complete run...
2026-07-02 09:03:01,142 - INFO - Successfully extracted 1 data row(s) for wave information processing.
2026-07-02 09:03:01,142 - INFO - Processing row 1: {'Plant': 1081, 'Environment': 'PROD', 'Wave_number': 'W07012026000000000003;W07012026000000000004'}
2026-07-02 09:03:01,349 - INFO - Processing Task 1/1: Plant 1081 (PROD)
2026-07-02 09:03:01,706 - INFO - Successfully retrieved token.
2026-07-02 09:03:01,706 - INFO - Sending payload to URL: https://nikeaplawmprod1.sce.manh.com/pickpack/api/pickpack/olpn/search
2026-07-02 09:03:01,933 - INFO - Successfully received response for Plant 1081 (PROD)
2026-07-02 09:03:02,258 - INFO - Sending payload to URL: https://nikeaplawmprod1.sce.manh.com/task/api/task/taskDetail/search
2026-07-02 09:03:02,439 - INFO - -> Success: True, Message: None
2026-07-02 09:03:02,443 - INFO - Processing Task 1/1: Plant 1081 (PROD)
2026-07-02 09:03:02,815 - INFO - Successfully retrieved token.
2026-07-02 09:03:02,816 - INFO - Sending payload to URL: https://nikeaplawmprod1.sce.manh.com/pickpack/api/pickpack/olpn/search
2026-07-02 09:03:03,037 - INFO - Successfully received response for Plant 1081 (PROD)
2026-07-02 09:03:03,037 - INFO - Success: Found 20 oLPN row(s) for this task.
2026-07-02 09:03:03,039 - INFO - Processing 20 payloads for Environment: PROD
2026-07-02 09:03:03,369 - INFO - Successfully retrieved token for PROD environment.
2026-07-02 09:03:03,370 - INFO - Sending payloads to URL: https://nikeaplawmprod1.sce.manh.com/pickpack/api/ServiceDefinition/invoke/NIKEEX10PackResultCS_1081
2026-07-02 09:03:03,370 - INFO - Using 10 worker threads for 20 payloads.
2026-07-02 09:03:03,370 - INFO - [PROD] Processing Payload 1/20 for Plant 1081
2026-07-02 09:03:03,371 - INFO - [PROD] Processing Payload 2/20 for Plant 1081
2026-07-02 09:03:03,372 - INFO - [PROD] Processing Payload 3/20 for Plant 1081
2026-07-02 09:03:03,372 - INFO - [PROD] Processing Payload 4/20 for Plant 1081
2026-07-02 09:03:03,374 - INFO - [PROD] Processing Payload 5/20 for Plant 1081
2026-07-02 09:03:03,375 - INFO - [PROD] Processing Payload 6/20 for Plant 1081
2026-07-02 09:03:03,376 - INFO - [PROD] Processing Payload 7/20 for Plant 1081
2026-07-02 09:03:03,376 - INFO - [PROD] Processing Payload 8/20 for Plant 1081
2026-07-02 09:03:03,376 - INFO - [PROD] Processing Payload 9/20 for Plant 1081
2026-07-02 09:03:03,377 - INFO - [PROD] Processing Payload 10/20 for Plant 1081
2026-07-02 09:03:04,726 - INFO - [PROD] Processing Payload 11/20 for Plant 1081
2026-07-02 09:03:04,728 - INFO - [PROD] Processing Payload 12/20 for Plant 1081
2026-07-02 09:03:04,730 - INFO - [PROD] Processing Payload 13/20 for Plant 1081
2026-07-02 09:03:04,846 - INFO - [PROD] Processing Payload 14/20 for Plant 1081
2026-07-02 09:03:04,887 - INFO - [PROD] Processing Payload 15/20 for Plant 1081
2026-07-02 09:03:04,910 - INFO - [PROD] Processing Payload 16/20 for Plant 1081
2026-07-02 09:03:04,917 - INFO - [PROD] Processing Payload 17/20 for Plant 1081
2026-07-02 09:03:04,962 - INFO - [PROD] Processing Payload 18/20 for Plant 1081
2026-07-02 09:03:04,977 - INFO - [PROD] Processing Payload 19/20 for Plant 1081
2026-07-02 09:03:05,018 - INFO - [PROD] Processing Payload 20/20 for Plant 1081
2026-07-02 09:03:05,633 - INFO - Pack Complete run finished. Success: 20, Failed: 0, Total: 20
2026-07-02 09:03:05,634 - INFO - Pack Complete run finished.
2026-07-02 09:03:05,634 - INFO - Waiting 10 seconds before next run...
2026-07-02 09:03:15,640 - INFO - Starting Pack Complete run...
2026-07-02 09:03:15,905 - INFO - Successfully extracted 1 data row(s) for wave information processing.
2026-07-02 09:03:15,905 - INFO - Processing row 1: {'Plant': 1081, 'Environment': 'PROD', 'Wave_number': 'W07012026000000000003;W07012026000000000004'}
2026-07-02 09:03:16,136 - INFO - Processing Task 1/1: Plant 1081 (PROD)
2026-07-02 09:03:16,495 - INFO - Successfully retrieved token.
2026-07-02 09:03:16,496 - INFO - Sending payload to URL: https://nikeaplawmprod1.sce.manh.com/pickpack/api/pickpack/olpn/search
2026-07-02 09:03:16,744 - INFO - Successfully received response for Plant 1081 (PROD)
2026-07-02 09:03:17,220 - INFO - Sending payload to URL: https://nikeaplawmprod1.sce.manh.com/task/api/task/taskDetail/search
2026-07-02 09:03:17,417 - INFO - -> Success: True, Message: None
2026-07-02 09:03:17,420 - INFO - Processing Task 1/1: Plant 1081 (PROD)
2026-07-02 09:03:17,936 - INFO - Successfully retrieved token.
2026-07-02 09:03:17,936 - INFO - Sending payload to URL: https://nikeaplawmprod1.sce.manh.com/pickpack/api/pickpack/olpn/search
2026-07-02 09:03:18,217 - INFO - Successfully received response for Plant 1081 (PROD)
2026-07-02 09:03:18,220 - INFO - Success: Found 20 oLPN row(s) for this task.
2026-07-02 09:03:18,226 - INFO - Processing 20 payloads for Environment: PROD
2026-07-02 09:03:18,603 - INFO - Successfully retrieved token for PROD environment.
2026-07-02 09:03:18,604 - INFO - Sending payloads to URL: https://nikeaplawmprod1.sce.manh.com/pickpack/api/ServiceDefinition/invoke/NIKEEX10PackResultCS_1081
2026-07-02 09:03:18,604 - INFO - Using 10 worker threads for 20 payloads.
2026-07-02 09:03:18,605 - INFO - [PROD] Processing Payload 1/20 for Plant 1081
2026-07-02 09:03:18,605 - INFO - [PROD] Processing Payload 2/20 for Plant 1081
2026-07-02 09:03:18,605 - INFO - [PROD] Processing Payload 3/20 for Plant 1081
2026-07-02 09:03:18,610 - INFO - [PROD] Processing Payload 7/20 for Plant 1081
2026-07-02 09:03:18,607 - INFO - [PROD] Processing Payload 4/20 for Plant 1081
2026-07-02 09:03:18,608 - INFO - [PROD] Processing Payload 5/20 for Plant 1081
2026-07-02 09:03:18,609 - INFO - [PROD] Processing Payload 6/20 for Plant 1081
2026-07-02 09:03:18,614 - INFO - [PROD] Processing Payload 8/20 for Plant 1081
2026-07-02 09:03:18,615 - INFO - [PROD] Processing Payload 9/20 for Plant 1081
2026-07-02 09:03:18,617 - INFO - [PROD] Processing Payload 10/20 for Plant 1081
2026-07-02 09:03:19,919 - INFO - [PROD] Processing Payload 11/20 for Plant 1081
2026-07-02 09:03:19,972 - INFO - [PROD] Processing Payload 12/20 for Plant 1081
2026-07-02 09:03:19,977 - INFO - [PROD] Processing Payload 13/20 for Plant 1081
2026-07-02 09:03:19,990 - INFO - [PROD] Processing Payload 14/20 for Plant 1081
2026-07-02 09:03:20,052 - INFO - [PROD] Processing Payload 15/20 for Plant 1081
2026-07-02 09:03:20,065 - INFO - [PROD] Processing Payload 16/20 for Plant 1081
2026-07-02 09:03:20,121 - INFO - [PROD] Processing Payload 17/20 for Plant 1081
2026-07-02 09:03:20,122 - INFO - [PROD] Processing Payload 18/20 for Plant 1081
2026-07-02 09:03:20,124 - INFO - [PROD] Processing Payload 19/20 for Plant 1081
2026-07-02 09:03:20,202 - INFO - [PROD] Processing Payload 20/20 for Plant 1081
2026-07-02 09:03:20,943 - INFO - Pack Complete run finished. Success: 20, Failed: 0, Total: 20
2026-07-02 09:03:20,944 - INFO - Pack Complete run finished.
2026-07-02 09:03:20,944 - INFO - Waiting 10 seconds before next run...
2026-07-02 09:03:30,948 - INFO - Starting Pack Complete run...
2026-07-02 09:03:31,209 - INFO - Successfully extracted 1 data row(s) for wave information processing.
2026-07-02 09:03:31,209 - INFO - Processing row 1: {'Plant': 1081, 'Environment': 'PROD', 'Wave_number': 'W07012026000000000003;W07012026000000000004'}
2026-07-02 09:03:31,416 - INFO - Processing Task 1/1: Plant 1081 (PROD)
2026-07-02 09:03:31,733 - INFO - Successfully retrieved token.
2026-07-02 09:03:31,733 - INFO - Sending payload to URL: https://nikeaplawmprod1.sce.manh.com/pickpack/api/pickpack/olpn/search
2026-07-02 09:03:31,989 - INFO - Successfully received response for Plant 1081 (PROD)
2026-07-02 09:03:32,326 - INFO - Sending payload to URL: https://nikeaplawmprod1.sce.manh.com/task/api/task/taskDetail/search
2026-07-02 09:03:32,559 - INFO - -> Success: True, Message: None
2026-07-02 09:03:32,564 - INFO - Processing Task 1/1: Plant 1081 (PROD)
2026-07-02 09:03:32,953 - INFO - Successfully retrieved token.
2026-07-02 09:03:32,954 - INFO - Sending payload to URL: https://nikeaplawmprod1.sce.manh.com/pickpack/api/pickpack/olpn/search
2026-07-02 09:03:33,218 - INFO - Successfully received response for Plant 1081 (PROD)
2026-07-02 09:03:33,221 - INFO - Success: Found 20 oLPN row(s) for this task.
2026-07-02 09:03:33,228 - INFO - Processing 20 payloads for Environment: PROD
2026-07-02 09:03:33,622 - INFO - Successfully retrieved token for PROD environment.
2026-07-02 09:03:33,623 - INFO - Sending payloads to URL: https://nikeaplawmprod1.sce.manh.com/pickpack/api/ServiceDefinition/invoke/NIKEEX10PackResultCS_1081
2026-07-02 09:03:33,623 - INFO - Using 10 worker threads for 20 payloads.
2026-07-02 09:03:33,623 - INFO - [PROD] Processing Payload 1/20 for Plant 1081
2026-07-02 09:03:33,624 - INFO - [PROD] Processing Payload 2/20 for Plant 1081
2026-07-02 09:03:33,625 - INFO - [PROD] Processing Payload 3/20 for Plant 1081
2026-07-02 09:03:33,631 - INFO - [PROD] Processing Payload 5/20 for Plant 1081
2026-07-02 09:03:33,627 - INFO - [PROD] Processing Payload 4/20 for Plant 1081
2026-07-02 09:03:33,637 - INFO - [PROD] Processing Payload 6/20 for Plant 1081
2026-07-02 09:03:33,638 - INFO - [PROD] Processing Payload 7/20 for Plant 1081
2026-07-02 09:03:33,638 - INFO - [PROD] Processing Payload 8/20 for Plant 1081
2026-07-02 09:03:33,640 - INFO - [PROD] Processing Payload 9/20 for Plant 1081
2026-07-02 09:03:33,640 - INFO - [PROD] Processing Payload 10/20 for Plant 1081
2026-07-02 09:03:35,041 - INFO - [PROD] Processing Payload 11/20 for Plant 1081
2026-07-02 09:03:35,047 - INFO - [PROD] Processing Payload 12/20 for Plant 1081
2026-07-02 09:03:35,053 - INFO - [PROD] Processing Payload 13/20 for Plant 1081
2026-07-02 09:03:35,082 - INFO - [PROD] Processing Payload 14/20 for Plant 1081
2026-07-02 09:03:35,120 - INFO - [PROD] Processing Payload 15/20 for Plant 1081
2026-07-02 09:03:35,197 - INFO - [PROD] Processing Payload 16/20 for Plant 1081
2026-07-02 09:03:35,233 - INFO - [PROD] Processing Payload 17/20 for Plant 1081
2026-07-02 09:03:35,234 - INFO - [PROD] Processing Payload 18/20 for Plant 1081
2026-07-02 09:03:35,253 - INFO - [PROD] Processing Payload 19/20 for Plant 1081
2026-07-02 09:03:35,376 - INFO - [PROD] Processing Payload 20/20 for Plant 1081
2026-07-02 09:03:36,434 - INFO - Pack Complete run finished. Success: 20, Failed: 0, Total: 20
2026-07-02 09:03:36,435 - INFO - Pack Complete run finished.
2026-07-02 09:03:36,435 - INFO - Waiting 10 seconds before next run...
2026-07-02 09:03:46,440 - INFO - Starting Pack Complete run...
2026-07-02 09:03:46,704 - INFO - Successfully extracted 1 data row(s) for wave information processing.
2026-07-02 09:03:46,704 - INFO - Processing row 1: {'Plant': 1081, 'Environment': 'PROD', 'Wave_number': 'W07012026000000000003;W07012026000000000004'}
2026-07-02 09:03:46,923 - INFO - Processing Task 1/1: Plant 1081 (PROD)
2026-07-02 09:03:47,325 - INFO - Successfully retrieved token.
2026-07-02 09:03:47,325 - INFO - Sending payload to URL: https://nikeaplawmprod1.sce.manh.com/pickpack/api/pickpack/olpn/search
2026-07-02 09:03:47,574 - INFO - Successfully received response for Plant 1081 (PROD)
2026-07-02 09:03:47,961 - INFO - Sending payload to URL: https://nikeaplawmprod1.sce.manh.com/task/api/task/taskDetail/search
2026-07-02 09:03:48,164 - INFO - -> Success: True, Message: None
2026-07-02 09:03:48,171 - INFO - Processing Task 1/1: Plant 1081 (PROD)
2026-07-02 09:03:48,558 - INFO - Successfully retrieved token.
2026-07-02 09:03:48,559 - INFO - Sending payload to URL: https://nikeaplawmprod1.sce.manh.com/pickpack/api/pickpack/olpn/search
2026-07-02 09:03:48,794 - INFO - Successfully received response for Plant 1081 (PROD)
2026-07-02 09:03:48,796 - INFO - Success: Found 20 oLPN row(s) for this task.
2026-07-02 09:03:48,802 - INFO - Processing 20 payloads for Environment: PROD
2026-07-02 09:03:49,270 - INFO - Successfully retrieved token for PROD environment.
2026-07-02 09:03:49,271 - INFO - Sending payloads to URL: https://nikeaplawmprod1.sce.manh.com/pickpack/api/ServiceDefinition/invoke/NIKEEX10PackResultCS_1081
2026-07-02 09:03:49,271 - INFO - Using 10 worker threads for 20 payloads.
2026-07-02 09:03:49,272 - INFO - [PROD] Processing Payload 1/20 for Plant 1081
2026-07-02 09:03:49,273 - INFO - [PROD] Processing Payload 2/20 for Plant 1081
2026-07-02 09:03:49,275 - INFO - [PROD] Processing Payload 3/20 for Plant 1081
2026-07-02 09:03:49,277 - INFO - [PROD] Processing Payload 4/20 for Plant 1081
2026-07-02 09:03:49,281 - INFO - [PROD] Processing Payload 5/20 for Plant 1081
2026-07-02 09:03:49,283 - INFO - [PROD] Processing Payload 6/20 for Plant 1081
2026-07-02 09:03:49,284 - INFO - [PROD] Processing Payload 7/20 for Plant 1081
2026-07-02 09:03:49,287 - INFO - [PROD] Processing Payload 8/20 for Plant 1081
2026-07-02 09:03:49,288 - INFO - [PROD] Processing Payload 9/20 for Plant 1081
2026-07-02 09:03:49,289 - INFO - [PROD] Processing Payload 10/20 for Plant 1081
2026-07-02 09:03:50,816 - INFO - [PROD] Processing Payload 11/20 for Plant 1081
2026-07-02 09:03:50,818 - INFO - [PROD] Processing Payload 12/20 for Plant 1081
2026-07-02 09:03:50,821 - INFO - [PROD] Processing Payload 13/20 for Plant 1081
2026-07-02 09:03:50,823 - INFO - [PROD] Processing Payload 14/20 for Plant 1081
2026-07-02 09:03:50,830 - INFO - [PROD] Processing Payload 15/20 for Plant 1081
2026-07-02 09:03:50,856 - INFO - [PROD] Processing Payload 16/20 for Plant 1081
2026-07-02 09:03:50,861 - INFO - [PROD] Processing Payload 17/20 for Plant 1081
2026-07-02 09:03:50,909 - INFO - [PROD] Processing Payload 18/20 for Plant 1081
2026-07-02 09:03:50,911 - INFO - [PROD] Processing Payload 19/20 for Plant 1081
2026-07-02 09:03:50,929 - INFO - [PROD] Processing Payload 20/20 for Plant 1081
2026-07-02 09:03:52,405 - INFO - Pack Complete run finished. Success: 20, Failed: 0, Total: 20
2026-07-02 09:03:52,406 - INFO - Pack Complete run finished.
2026-07-02 09:03:52,406 - INFO - Waiting 10 seconds before next run...
2026-07-02 09:04:02,410 - INFO - Starting Pack Complete run...
2026-07-02 09:04:02,673 - INFO - Successfully extracted 1 data row(s) for wave information processing.
2026-07-02 09:04:02,673 - INFO - Processing row 1: {'Plant': 1081, 'Environment': 'PROD', 'Wave_number': 'W07012026000000000003;W07012026000000000004'}
2026-07-02 09:04:02,880 - INFO - Processing Task 1/1: Plant 1081 (PROD)
2026-07-02 09:04:03,204 - INFO - Successfully retrieved token.
2026-07-02 09:04:03,204 - INFO - Sending payload to URL: https://nikeaplawmprod1.sce.manh.com/pickpack/api/pickpack/olpn/search
2026-07-02 09:04:03,461 - INFO - Successfully received response for Plant 1081 (PROD)
2026-07-02 09:04:03,857 - INFO - Sending payload to URL: https://nikeaplawmprod1.sce.manh.com/task/api/task/taskDetail/search
2026-07-02 09:04:04,055 - INFO - -> Success: True, Message: None
2026-07-02 09:04:04,056 - INFO - Processing Task 1/1: Plant 1081 (PROD)
2026-07-02 09:04:04,426 - INFO - Successfully retrieved token.
2026-07-02 09:04:04,427 - INFO - Sending payload to URL: https://nikeaplawmprod1.sce.manh.com/pickpack/api/pickpack/olpn/search
2026-07-02 09:04:04,669 - INFO - Successfully received response for Plant 1081 (PROD)
2026-07-02 09:04:04,672 - INFO - Success: Found 20 oLPN row(s) for this task.
2026-07-02 09:04:04,680 - INFO - Processing 20 payloads for Environment: PROD
2026-07-02 09:04:05,019 - INFO - Successfully retrieved token for PROD environment.
2026-07-02 09:04:05,021 - INFO - Sending payloads to URL: https://nikeaplawmprod1.sce.manh.com/pickpack/api/ServiceDefinition/invoke/NIKEEX10PackResultCS_1081
2026-07-02 09:04:05,022 - INFO - Using 10 worker threads for 20 payloads.
2026-07-02 09:04:05,023 - INFO - [PROD] Processing Payload 1/20 for Plant 1081
2026-07-02 09:04:05,023 - INFO - [PROD] Processing Payload 2/20 for Plant 1081
2026-07-02 09:04:05,024 - INFO - [PROD] Processing Payload 3/20 for Plant 1081
2026-07-02 09:04:05,025 - INFO - [PROD] Processing Payload 4/20 for Plant 1081
2026-07-02 09:04:05,025 - INFO - [PROD] Processing Payload 5/20 for Plant 1081
2026-07-02 09:04:05,026 - INFO - [PROD] Processing Payload 6/20 for Plant 1081
2026-07-02 09:04:05,028 - INFO - [PROD] Processing Payload 7/20 for Plant 1081
2026-07-02 09:04:05,031 - INFO - [PROD] Processing Payload 8/20 for Plant 1081
2026-07-02 09:04:05,032 - INFO - [PROD] Processing Payload 9/20 for Plant 1081
2026-07-02 09:04:05,033 - INFO - [PROD] Processing Payload 10/20 for Plant 1081
2026-07-02 09:04:06,499 - INFO - [PROD] Processing Payload 11/20 for Plant 1081
2026-07-02 09:04:06,502 - INFO - [PROD] Processing Payload 12/20 for Plant 1081
2026-07-02 09:04:06,504 - INFO - [PROD] Processing Payload 13/20 for Plant 1081
2026-07-02 09:04:06,505 - INFO - [PROD] Processing Payload 14/20 for Plant 1081
2026-07-02 09:04:06,506 - INFO - [PROD] Processing Payload 15/20 for Plant 1081
2026-07-02 09:04:06,507 - INFO - [PROD] Processing Payload 16/20 for Plant 1081
2026-07-02 09:04:06,509 - INFO - [PROD] Processing Payload 17/20 for Plant 1081
2026-07-02 09:04:06,510 - INFO - [PROD] Processing Payload 18/20 for Plant 1081
2026-07-02 09:04:06,564 - INFO - [PROD] Processing Payload 19/20 for Plant 1081
2026-07-02 09:04:06,690 - INFO - [PROD] Processing Payload 20/20 for Plant 1081
2026-07-02 09:04:07,936 - INFO - Pack Complete run finished. Success: 20, Failed: 0, Total: 20
2026-07-02 09:04:07,937 - INFO - Pack Complete run finished.
2026-07-02 09:04:07,937 - INFO - Waiting 10 seconds before next run...
2026-07-02 09:04:17,942 - INFO - Starting Pack Complete run...
2026-07-02 09:04:18,202 - INFO - Successfully extracted 1 data row(s) for wave information processing.
2026-07-02 09:04:18,202 - INFO - Processing row 1: {'Plant': 1081, 'Environment': 'PROD', 'Wave_number': 'W07012026000000000003;W07012026000000000004'}
2026-07-02 09:04:18,424 - INFO - Processing Task 1/1: Plant 1081 (PROD)
2026-07-02 09:04:18,770 - INFO - Successfully retrieved token.
2026-07-02 09:04:18,771 - INFO - Sending payload to URL: https://nikeaplawmprod1.sce.manh.com/pickpack/api/pickpack/olpn/search
2026-07-02 09:04:19,021 - INFO - Successfully received response for Plant 1081 (PROD)
2026-07-02 09:04:19,383 - INFO - Sending payload to URL: https://nikeaplawmprod1.sce.manh.com/task/api/task/taskDetail/search
2026-07-02 09:04:19,591 - INFO - -> Success: True, Message: None
2026-07-02 09:04:19,596 - INFO - Processing Task 1/1: Plant 1081 (PROD)
2026-07-02 09:04:20,061 - INFO - Successfully retrieved token.
2026-07-02 09:04:20,062 - INFO - Sending payload to URL: https://nikeaplawmprod1.sce.manh.com/pickpack/api/pickpack/olpn/search
2026-07-02 09:04:20,279 - INFO - Successfully received response for Plant 1081 (PROD)
2026-07-02 09:04:20,284 - INFO - Success: Found 20 oLPN row(s) for this task.
2026-07-02 09:04:20,291 - INFO - Processing 20 payloads for Environment: PROD
2026-07-02 09:04:20,673 - INFO - Successfully retrieved token for PROD environment.
2026-07-02 09:04:20,674 - INFO - Sending payloads to URL: https://nikeaplawmprod1.sce.manh.com/pickpack/api/ServiceDefinition/invoke/NIKEEX10PackResultCS_1081
2026-07-02 09:04:20,674 - INFO - Using 10 worker threads for 20 payloads.
2026-07-02 09:04:20,675 - INFO - [PROD] Processing Payload 1/20 for Plant 1081
2026-07-02 09:04:20,676 - INFO - [PROD] Processing Payload 2/20 for Plant 1081
2026-07-02 09:04:20,677 - INFO - [PROD] Processing Payload 3/20 for Plant 1081
2026-07-02 09:04:20,680 - INFO - [PROD] Processing Payload 4/20 for Plant 1081
2026-07-02 09:04:20,682 - INFO - [PROD] Processing Payload 5/20 for Plant 1081
2026-07-02 09:04:20,686 - INFO - [PROD] Processing Payload 6/20 for Plant 1081
2026-07-02 09:04:20,687 - INFO - [PROD] Processing Payload 7/20 for Plant 1081
2026-07-02 09:04:20,688 - INFO - [PROD] Processing Payload 8/20 for Plant 1081
2026-07-02 09:04:20,688 - INFO - [PROD] Processing Payload 9/20 for Plant 1081
2026-07-02 09:04:20,689 - INFO - [PROD] Processing Payload 10/20 for Plant 1081
2026-07-02 09:04:21,949 - INFO - [PROD] Processing Payload 11/20 for Plant 1081
2026-07-02 09:04:21,984 - INFO - [PROD] Processing Payload 12/20 for Plant 1081
2026-07-02 09:04:22,018 - INFO - [PROD] Processing Payload 13/20 for Plant 1081
2026-07-02 09:04:22,022 - INFO - [PROD] Processing Payload 14/20 for Plant 1081
2026-07-02 09:04:22,046 - INFO - [PROD] Processing Payload 15/20 for Plant 1081
2026-07-02 09:04:22,052 - INFO - [PROD] Processing Payload 16/20 for Plant 1081
2026-07-02 09:04:22,083 - INFO - [PROD] Processing Payload 17/20 for Plant 1081
2026-07-02 09:04:22,092 - INFO - [PROD] Processing Payload 18/20 for Plant 1081
2026-07-02 09:04:22,099 - INFO - [PROD] Processing Payload 19/20 for Plant 1081
2026-07-02 09:04:22,299 - INFO - [PROD] Processing Payload 20/20 for Plant 1081
2026-07-02 09:04:22,848 - INFO - Pack Complete run finished. Success: 20, Failed: 0, Total: 20
2026-07-02 09:04:22,849 - INFO - Pack Complete run finished.
2026-07-02 09:04:22,850 - INFO - Waiting 10 seconds before next run...
2026-07-02 09:04:32,852 - INFO - Starting Pack Complete run...
2026-07-02 09:04:33,112 - INFO - Successfully extracted 1 data row(s) for wave information processing.
2026-07-02 09:04:33,112 - INFO - Processing row 1: {'Plant': 1081, 'Environment': 'PROD', 'Wave_number': 'W07012026000000000003;W07012026000000000004'}
2026-07-02 09:04:33,320 - INFO - Processing Task 1/1: Plant 1081 (PROD)
2026-07-02 09:04:33,660 - INFO - Successfully retrieved token.
2026-07-02 09:04:33,660 - INFO - Sending payload to URL: https://nikeaplawmprod1.sce.manh.com/pickpack/api/pickpack/olpn/search
2026-07-02 09:04:33,920 - INFO - Successfully received response for Plant 1081 (PROD)
2026-07-02 09:04:34,425 - INFO - Sending payload to URL: https://nikeaplawmprod1.sce.manh.com/task/api/task/taskDetail/search
2026-07-02 09:04:34,659 - INFO - -> Success: True, Message: None
2026-07-02 09:04:34,664 - INFO - Processing Task 1/1: Plant 1081 (PROD)
2026-07-02 09:04:35,038 - INFO - Successfully retrieved token.
2026-07-02 09:04:35,038 - INFO - Sending payload to URL: https://nikeaplawmprod1.sce.manh.com/pickpack/api/pickpack/olpn/search
2026-07-02 09:04:35,320 - INFO - Successfully received response for Plant 1081 (PROD)
2026-07-02 09:04:35,321 - INFO - Success: Found 20 oLPN row(s) for this task.
2026-07-02 09:04:35,323 - INFO - Processing 20 payloads for Environment: PROD
2026-07-02 09:04:35,713 - INFO - Successfully retrieved token for PROD environment.
2026-07-02 09:04:35,713 - INFO - Sending payloads to URL: https://nikeaplawmprod1.sce.manh.com/pickpack/api/ServiceDefinition/invoke/NIKEEX10PackResultCS_1081
2026-07-02 09:04:35,713 - INFO - Using 10 worker threads for 20 payloads.
2026-07-02 09:04:35,714 - INFO - [PROD] Processing Payload 1/20 for Plant 1081
2026-07-02 09:04:35,716 - INFO - [PROD] Processing Payload 2/20 for Plant 1081
2026-07-02 09:04:35,718 - INFO - [PROD] Processing Payload 3/20 for Plant 1081
2026-07-02 09:04:35,722 - INFO - [PROD] Processing Payload 4/20 for Plant 1081
2026-07-02 09:04:35,727 - INFO - [PROD] Processing Payload 5/20 for Plant 1081
2026-07-02 09:04:35,727 - INFO - [PROD] Processing Payload 6/20 for Plant 1081
2026-07-02 09:04:35,728 - INFO - [PROD] Processing Payload 7/20 for Plant 1081
2026-07-02 09:04:35,729 - INFO - [PROD] Processing Payload 8/20 for Plant 1081
2026-07-02 09:04:35,730 - INFO - [PROD] Processing Payload 9/20 for Plant 1081
2026-07-02 09:04:35,730 - INFO - [PROD] Processing Payload 10/20 for Plant 1081
2026-07-02 09:04:37,204 - INFO - [PROD] Processing Payload 12/20 for Plant 1081
2026-07-02 09:04:37,198 - INFO - [PROD] Processing Payload 11/20 for Plant 1081
2026-07-02 09:04:37,303 - INFO - [PROD] Processing Payload 13/20 for Plant 1081
2026-07-02 09:04:37,312 - INFO - [PROD] Processing Payload 14/20 for Plant 1081
2026-07-02 09:04:37,335 - INFO - [PROD] Processing Payload 15/20 for Plant 1081
2026-07-02 09:04:37,354 - INFO - [PROD] Processing Payload 16/20 for Plant 1081
2026-07-02 09:04:37,362 - INFO - [PROD] Processing Payload 17/20 for Plant 1081
2026-07-02 09:04:37,391 - INFO - [PROD] Processing Payload 18/20 for Plant 1081
2026-07-02 09:04:37,407 - INFO - [PROD] Processing Payload 19/20 for Plant 1081
2026-07-02 09:04:37,422 - INFO - [PROD] Processing Payload 20/20 for Plant 1081
2026-07-02 09:04:38,309 - INFO - Pack Complete run finished. Success: 20, Failed: 0, Total: 20
2026-07-02 09:04:38,310 - INFO - Pack Complete run finished.
2026-07-02 09:04:38,310 - INFO - Waiting 10 seconds before next run...
2026-07-02 09:04:48,315 - INFO - Starting Pack Complete run...
2026-07-02 09:04:48,574 - INFO - Successfully extracted 1 data row(s) for wave information processing.
2026-07-02 09:04:48,574 - INFO - Processing row 1: {'Plant': 1081, 'Environment': 'PROD', 'Wave_number': 'W07012026000000000003;W07012026000000000004'}
2026-07-02 09:04:48,801 - INFO - Processing Task 1/1: Plant 1081 (PROD)
2026-07-02 09:04:49,177 - INFO - Successfully retrieved token.
2026-07-02 09:04:49,177 - INFO - Sending payload to URL: https://nikeaplawmprod1.sce.manh.com/pickpack/api/pickpack/olpn/search
2026-07-02 09:04:49,435 - INFO - Successfully received response for Plant 1081 (PROD)
2026-07-02 09:04:49,894 - INFO - Sending payload to URL: https://nikeaplawmprod1.sce.manh.com/task/api/task/taskDetail/search
2026-07-02 09:04:50,116 - INFO - -> Success: True, Message: None
2026-07-02 09:04:50,126 - INFO - Processing Task 1/1: Plant 1081 (PROD)
2026-07-02 09:04:50,507 - INFO - Successfully retrieved token.
2026-07-02 09:04:50,508 - INFO - Sending payload to URL: https://nikeaplawmprod1.sce.manh.com/pickpack/api/pickpack/olpn/search
2026-07-02 09:04:50,750 - INFO - Successfully received response for Plant 1081 (PROD)
2026-07-02 09:04:50,752 - INFO - Success: Found 20 oLPN row(s) for this task.
2026-07-02 09:04:50,759 - INFO - Processing 20 payloads for Environment: PROD
2026-07-02 09:04:51,101 - INFO - Successfully retrieved token for PROD environment.
2026-07-02 09:04:51,101 - INFO - Sending payloads to URL: https://nikeaplawmprod1.sce.manh.com/pickpack/api/ServiceDefinition/invoke/NIKEEX10PackResultCS_1081
2026-07-02 09:04:51,101 - INFO - Using 10 worker threads for 20 payloads.
2026-07-02 09:04:51,102 - INFO - [PROD] Processing Payload 1/20 for Plant 1081
2026-07-02 09:04:51,104 - INFO - [PROD] Processing Payload 2/20 for Plant 1081
2026-07-02 09:04:51,105 - INFO - [PROD] Processing Payload 3/20 for Plant 1081
2026-07-02 09:04:51,107 - INFO - [PROD] Processing Payload 4/20 for Plant 1081
2026-07-02 09:04:51,110 - INFO - [PROD] Processing Payload 5/20 for Plant 1081
2026-07-02 09:04:51,114 - INFO - [PROD] Processing Payload 6/20 for Plant 1081
2026-07-02 09:04:51,114 - INFO - [PROD] Processing Payload 7/20 for Plant 1081
2026-07-02 09:04:51,115 - INFO - [PROD] Processing Payload 8/20 for Plant 1081
2026-07-02 09:04:51,116 - INFO - [PROD] Processing Payload 9/20 for Plant 1081
2026-07-02 09:04:51,119 - INFO - [PROD] Processing Payload 10/20 for Plant 1081
2026-07-02 09:04:52,464 - INFO - [PROD] Processing Payload 11/20 for Plant 1081
2026-07-02 09:04:52,509 - INFO - [PROD] Processing Payload 12/20 for Plant 1081
2026-07-02 09:04:52,528 - INFO - [PROD] Processing Payload 13/20 for Plant 1081
2026-07-02 09:04:52,536 - INFO - [PROD] Processing Payload 14/20 for Plant 1081
2026-07-02 09:04:53,069 - INFO - [PROD] Processing Payload 15/20 for Plant 1081
2026-07-02 09:04:53,074 - INFO - [PROD] Processing Payload 16/20 for Plant 1081
2026-07-02 09:04:53,082 - INFO - [PROD] Processing Payload 17/20 for Plant 1081
2026-07-02 09:04:53,084 - INFO - [PROD] Processing Payload 18/20 for Plant 1081
2026-07-02 09:04:53,117 - INFO - [PROD] Processing Payload 19/20 for Plant 1081
2026-07-02 09:04:53,204 - INFO - [PROD] Processing Payload 20/20 for Plant 1081
2026-07-02 09:04:54,127 - INFO - Pack Complete run finished. Success: 20, Failed: 0, Total: 20
2026-07-02 09:04:54,128 - INFO - Pack Complete run finished.
2026-07-02 09:04:54,128 - INFO - Waiting 10 seconds before next run...
2026-07-02 09:05:04,133 - INFO - Starting Pack Complete run...
2026-07-02 09:05:04,389 - INFO - Successfully extracted 1 data row(s) for wave information processing.
2026-07-02 09:05:04,389 - INFO - Processing row 1: {'Plant': 1081, 'Environment': 'PROD', 'Wave_number': 'W07012026000000000003;W07012026000000000004'}
2026-07-02 09:05:04,591 - INFO - Processing Task 1/1: Plant 1081 (PROD)
2026-07-02 09:05:04,907 - INFO - Successfully retrieved token.
2026-07-02 09:05:04,907 - INFO - Sending payload to URL: https://nikeaplawmprod1.sce.manh.com/pickpack/api/pickpack/olpn/search
2026-07-02 09:05:05,380 - INFO - Successfully received response for Plant 1081 (PROD)
2026-07-02 09:05:05,745 - INFO - Sending payload to URL: https://nikeaplawmprod1.sce.manh.com/task/api/task/taskDetail/search
2026-07-02 09:05:05,951 - INFO - -> Success: True, Message: None
2026-07-02 09:05:05,957 - INFO - Processing Task 1/1: Plant 1081 (PROD)
2026-07-02 09:05:06,314 - INFO - Successfully retrieved token.
2026-07-02 09:05:06,315 - INFO - Sending payload to URL: https://nikeaplawmprod1.sce.manh.com/pickpack/api/pickpack/olpn/search
2026-07-02 09:05:06,578 - INFO - Successfully received response for Plant 1081 (PROD)
2026-07-02 09:05:06,580 - INFO - Success: Found 20 oLPN row(s) for this task.
2026-07-02 09:05:06,585 - INFO - Processing 20 payloads for Environment: PROD
2026-07-02 09:05:06,996 - INFO - Successfully retrieved token for PROD environment.
2026-07-02 09:05:06,996 - INFO - Sending payloads to URL: https://nikeaplawmprod1.sce.manh.com/pickpack/api/ServiceDefinition/invoke/NIKEEX10PackResultCS_1081
2026-07-02 09:05:06,997 - INFO - Using 10 worker threads for 20 payloads.
2026-07-02 09:05:06,997 - INFO - [PROD] Processing Payload 1/20 for Plant 1081
2026-07-02 09:05:06,998 - INFO - [PROD] Processing Payload 2/20 for Plant 1081
2026-07-02 09:05:06,998 - INFO - [PROD] Processing Payload 3/20 for Plant 1081
2026-07-02 09:05:07,006 - INFO - [PROD] Processing Payload 4/20 for Plant 1081
2026-07-02 09:05:07,006 - INFO - [PROD] Processing Payload 5/20 for Plant 1081
2026-07-02 09:05:07,006 - INFO - [PROD] Processing Payload 6/20 for Plant 1081
2026-07-02 09:05:07,007 - INFO - [PROD] Processing Payload 7/20 for Plant 1081
2026-07-02 09:05:07,008 - INFO - [PROD] Processing Payload 8/20 for Plant 1081
2026-07-02 09:05:07,010 - INFO - [PROD] Processing Payload 9/20 for Plant 1081
2026-07-02 09:05:07,012 - INFO - [PROD] Processing Payload 10/20 for Plant 1081
2026-07-02 09:05:08,330 - INFO - [PROD] Processing Payload 11/20 for Plant 1081
2026-07-02 09:05:08,336 - INFO - [PROD] Processing Payload 12/20 for Plant 1081
2026-07-02 09:05:08,342 - INFO - [PROD] Processing Payload 13/20 for Plant 1081
2026-07-02 09:05:08,390 - INFO - [PROD] Processing Payload 14/20 for Plant 1081
2026-07-02 09:05:08,410 - INFO - [PROD] Processing Payload 15/20 for Plant 1081
2026-07-02 09:05:08,446 - INFO - [PROD] Processing Payload 16/20 for Plant 1081
2026-07-02 09:05:08,451 - INFO - [PROD] Processing Payload 17/20 for Plant 1081
2026-07-02 09:05:08,466 - INFO - [PROD] Processing Payload 18/20 for Plant 1081
2026-07-02 09:05:08,467 - INFO - [PROD] Processing Payload 19/20 for Plant 1081
2026-07-02 09:05:08,663 - INFO - [PROD] Processing Payload 20/20 for Plant 1081
2026-07-02 09:05:09,264 - INFO - Pack Complete run finished. Success: 20, Failed: 0, Total: 20
2026-07-02 09:05:09,265 - INFO - Pack Complete run finished.
2026-07-02 09:05:09,265 - INFO - Waiting 10 seconds before next run...
2026-07-02 09:05:19,270 - INFO - Starting Pack Complete run...
2026-07-02 09:05:19,535 - INFO - Successfully extracted 1 data row(s) for wave information processing.
2026-07-02 09:05:19,535 - INFO - Processing row 1: {'Plant': 1081, 'Environment': 'PROD', 'Wave_number': 'W07012026000000000003;W07012026000000000004'}
2026-07-02 09:05:19,759 - INFO - Processing Task 1/1: Plant 1081 (PROD)
2026-07-02 09:05:20,104 - INFO - Successfully retrieved token.
2026-07-02 09:05:20,104 - INFO - Sending payload to URL: https://nikeaplawmprod1.sce.manh.com/pickpack/api/pickpack/olpn/search
2026-07-02 09:05:20,363 - INFO - Successfully received response for Plant 1081 (PROD)
2026-07-02 09:05:20,818 - INFO - Sending payload to URL: https://nikeaplawmprod1.sce.manh.com/task/api/task/taskDetail/search
2026-07-02 09:05:21,233 - INFO - -> Success: True, Message: None
2026-07-02 09:05:21,238 - INFO - Processing Task 1/1: Plant 1081 (PROD)
2026-07-02 09:05:21,590 - INFO - Successfully retrieved token.
2026-07-02 09:05:21,591 - INFO - Sending payload to URL: https://nikeaplawmprod1.sce.manh.com/pickpack/api/pickpack/olpn/search
2026-07-02 09:05:21,839 - INFO - Successfully received response for Plant 1081 (PROD)
2026-07-02 09:05:21,842 - INFO - Success: Found 20 oLPN row(s) for this task.
2026-07-02 09:05:21,847 - INFO - Processing 20 payloads for Environment: PROD
2026-07-02 09:05:22,193 - INFO - Successfully retrieved token for PROD environment.
2026-07-02 09:05:22,194 - INFO - Sending payloads to URL: https://nikeaplawmprod1.sce.manh.com/pickpack/api/ServiceDefinition/invoke/NIKEEX10PackResultCS_1081
2026-07-02 09:05:22,194 - INFO - Using 10 worker threads for 20 payloads.
2026-07-02 09:05:22,194 - INFO - [PROD] Processing Payload 1/20 for Plant 1081
2026-07-02 09:05:22,194 - INFO - [PROD] Processing Payload 2/20 for Plant 1081
2026-07-02 09:05:22,195 - INFO - [PROD] Processing Payload 3/20 for Plant 1081
2026-07-02 09:05:22,196 - INFO - [PROD] Processing Payload 4/20 for Plant 1081
2026-07-02 09:05:22,197 - INFO - [PROD] Processing Payload 5/20 for Plant 1081
2026-07-02 09:05:22,197 - INFO - [PROD] Processing Payload 6/20 for Plant 1081
2026-07-02 09:05:22,198 - INFO - [PROD] Processing Payload 7/20 for Plant 1081
2026-07-02 09:05:22,199 - INFO - [PROD] Processing Payload 8/20 for Plant 1081
2026-07-02 09:05:22,199 - INFO - [PROD] Processing Payload 9/20 for Plant 1081
2026-07-02 09:05:22,200 - INFO - [PROD] Processing Payload 10/20 for Plant 1081
2026-07-02 09:05:23,498 - INFO - [PROD] Processing Payload 11/20 for Plant 1081
2026-07-02 09:05:23,521 - INFO - [PROD] Processing Payload 12/20 for Plant 1081
2026-07-02 09:05:23,577 - INFO - [PROD] Processing Payload 13/20 for Plant 1081
2026-07-02 09:05:23,582 - INFO - [PROD] Processing Payload 14/20 for Plant 1081
2026-07-02 09:05:23,612 - INFO - [PROD] Processing Payload 15/20 for Plant 1081
2026-07-02 09:05:23,613 - INFO - [PROD] Processing Payload 16/20 for Plant 1081
2026-07-02 09:05:23,621 - INFO - [PROD] Processing Payload 17/20 for Plant 1081
2026-07-02 09:05:23,670 - INFO - [PROD] Processing Payload 18/20 for Plant 1081
2026-07-02 09:05:23,671 - INFO - [PROD] Processing Payload 19/20 for Plant 1081
2026-07-02 09:05:23,679 - INFO - [PROD] Processing Payload 20/20 for Plant 1081
2026-07-02 09:05:24,294 - INFO - Pack Complete run finished. Success: 20, Failed: 0, Total: 20
2026-07-02 09:05:24,295 - INFO - Pack Complete run finished.
2026-07-02 09:05:24,295 - INFO - Waiting 10 seconds before next run...
2026-07-02 09:05:34,300 - INFO - Starting Pack Complete run...
2026-07-02 09:05:34,561 - INFO - Successfully extracted 1 data row(s) for wave information processing.
2026-07-02 09:05:34,561 - INFO - Processing row 1: {'Plant': 1081, 'Environment': 'PROD', 'Wave_number': 'W07012026000000000003;W07012026000000000004'}
2026-07-02 09:05:34,768 - INFO - Processing Task 1/1: Plant 1081 (PROD)
2026-07-02 09:05:35,061 - INFO - Successfully retrieved token.
2026-07-02 09:05:35,062 - INFO - Sending payload to URL: https://nikeaplawmprod1.sce.manh.com/pickpack/api/pickpack/olpn/search
2026-07-02 09:05:35,310 - INFO - Successfully received response for Plant 1081 (PROD)
2026-07-02 09:05:35,700 - INFO - Sending payload to URL: https://nikeaplawmprod1.sce.manh.com/task/api/task/taskDetail/search
2026-07-02 09:05:35,906 - INFO - -> Success: True, Message: None
2026-07-02 09:05:35,912 - INFO - Processing Task 1/1: Plant 1081 (PROD)
2026-07-02 09:05:36,254 - INFO - Successfully retrieved token.
2026-07-02 09:05:36,255 - INFO - Sending payload to URL: https://nikeaplawmprod1.sce.manh.com/pickpack/api/pickpack/olpn/search
2026-07-02 09:05:36,507 - INFO - Successfully received response for Plant 1081 (PROD)
2026-07-02 09:05:36,510 - INFO - Success: Found 20 oLPN row(s) for this task.
2026-07-02 09:05:36,516 - INFO - Processing 20 payloads for Environment: PROD
2026-07-02 09:05:37,100 - INFO - Successfully retrieved token for PROD environment.
2026-07-02 09:05:37,101 - INFO - Sending payloads to URL: https://nikeaplawmprod1.sce.manh.com/pickpack/api/ServiceDefinition/invoke/NIKEEX10PackResultCS_1081
2026-07-02 09:05:37,101 - INFO - Using 10 worker threads for 20 payloads.
2026-07-02 09:05:37,102 - INFO - [PROD] Processing Payload 1/20 for Plant 1081
2026-07-02 09:05:37,102 - INFO - [PROD] Processing Payload 2/20 for Plant 1081
2026-07-02 09:05:37,103 - INFO - [PROD] Processing Payload 3/20 for Plant 1081
2026-07-02 09:05:37,104 - INFO - [PROD] Processing Payload 4/20 for Plant 1081
2026-07-02 09:05:37,105 - INFO - [PROD] Processing Payload 5/20 for Plant 1081
2026-07-02 09:05:37,105 - INFO - [PROD] Processing Payload 6/20 for Plant 1081
2026-07-02 09:05:37,111 - INFO - [PROD] Processing Payload 8/20 for Plant 1081
2026-07-02 09:05:37,106 - INFO - [PROD] Processing Payload 7/20 for Plant 1081
2026-07-02 09:05:37,113 - INFO - [PROD] Processing Payload 9/20 for Plant 1081
2026-07-02 09:05:37,114 - INFO - [PROD] Processing Payload 10/20 for Plant 1081
2026-07-02 09:05:38,462 - INFO - [PROD] Processing Payload 11/20 for Plant 1081
2026-07-02 09:05:38,471 - INFO - [PROD] Processing Payload 12/20 for Plant 1081
2026-07-02 09:05:38,477 - INFO - [PROD] Processing Payload 13/20 for Plant 1081
2026-07-02 09:05:38,484 - INFO - [PROD] Processing Payload 14/20 for Plant 1081
2026-07-02 09:05:38,507 - INFO - [PROD] Processing Payload 15/20 for Plant 1081
2026-07-02 09:05:38,513 - INFO - [PROD] Processing Payload 16/20 for Plant 1081
2026-07-02 09:05:38,520 - INFO - [PROD] Processing Payload 17/20 for Plant 1081
2026-07-02 09:05:38,579 - INFO - [PROD] Processing Payload 18/20 for Plant 1081
2026-07-02 09:05:38,589 - INFO - [PROD] Processing Payload 19/20 for Plant 1081
2026-07-02 09:05:38,593 - INFO - [PROD] Processing Payload 20/20 for Plant 1081
2026-07-02 09:05:39,953 - INFO - Pack Complete run finished. Success: 20, Failed: 0, Total: 20
2026-07-02 09:05:39,955 - INFO - Pack Complete run finished.
2026-07-02 09:05:39,955 - INFO - Waiting 10 seconds before next run...
2026-07-02 09:05:49,960 - INFO - Starting Pack Complete run...
2026-07-02 09:05:50,215 - INFO - Successfully extracted 1 data row(s) for wave information processing.
2026-07-02 09:05:50,215 - INFO - Processing row 1: {'Plant': 1081, 'Environment': 'PROD', 'Wave_number': 'W07012026000000000003;W07012026000000000004'}
2026-07-02 09:05:50,441 - INFO - Processing Task 1/1: Plant 1081 (PROD)
2026-07-02 09:05:50,779 - INFO - Successfully retrieved token.
2026-07-02 09:05:50,779 - INFO - Sending payload to URL: https://nikeaplawmprod1.sce.manh.com/pickpack/api/pickpack/olpn/search
2026-07-02 09:05:51,032 - INFO - Successfully received response for Plant 1081 (PROD)
2026-07-02 09:05:51,488 - INFO - Sending payload to URL: https://nikeaplawmprod1.sce.manh.com/task/api/task/taskDetail/search
2026-07-02 09:05:51,686 - INFO - -> Success: True, Message: None
2026-07-02 09:05:51,692 - INFO - Processing Task 1/1: Plant 1081 (PROD)
2026-07-02 09:05:52,143 - INFO - Successfully retrieved token.
2026-07-02 09:05:52,144 - INFO - Sending payload to URL: https://nikeaplawmprod1.sce.manh.com/pickpack/api/pickpack/olpn/search
2026-07-02 09:05:52,385 - INFO - Successfully received response for Plant 1081 (PROD)
2026-07-02 09:05:52,387 - INFO - Success: Found 20 oLPN row(s) for this task.
2026-07-02 09:05:52,392 - INFO - Processing 20 payloads for Environment: PROD
2026-07-02 09:05:52,726 - INFO - Successfully retrieved token for PROD environment.
2026-07-02 09:05:52,727 - INFO - Sending payloads to URL: https://nikeaplawmprod1.sce.manh.com/pickpack/api/ServiceDefinition/invoke/NIKEEX10PackResultCS_1081
2026-07-02 09:05:52,728 - INFO - Using 10 worker threads for 20 payloads.
2026-07-02 09:05:52,728 - INFO - [PROD] Processing Payload 1/20 for Plant 1081
2026-07-02 09:05:52,729 - INFO - [PROD] Processing Payload 2/20 for Plant 1081
2026-07-02 09:05:52,729 - INFO - [PROD] Processing Payload 3/20 for Plant 1081
2026-07-02 09:05:52,730 - INFO - [PROD] Processing Payload 4/20 for Plant 1081
2026-07-02 09:05:52,733 - INFO - [PROD] Processing Payload 5/20 for Plant 1081
2026-07-02 09:05:52,736 - INFO - [PROD] Processing Payload 6/20 for Plant 1081
2026-07-02 09:05:52,746 - INFO - [PROD] Processing Payload 7/20 for Plant 1081
2026-07-02 09:05:52,747 - INFO - [PROD] Processing Payload 8/20 for Plant 1081
2026-07-02 09:05:52,748 - INFO - [PROD] Processing Payload 9/20 for Plant 1081
2026-07-02 09:05:52,750 - INFO - [PROD] Processing Payload 10/20 for Plant 1081
2026-07-02 09:05:54,201 - INFO - [PROD] Processing Payload 11/20 for Plant 1081
2026-07-02 09:05:54,246 - INFO - [PROD] Processing Payload 12/20 for Plant 1081
2026-07-02 09:05:54,300 - INFO - [PROD] Processing Payload 13/20 for Plant 1081
2026-07-02 09:05:54,313 - INFO - [PROD] Processing Payload 14/20 for Plant 1081
2026-07-02 09:05:54,323 - INFO - [PROD] Processing Payload 15/20 for Plant 1081
2026-07-02 09:05:54,328 - INFO - [PROD] Processing Payload 16/20 for Plant 1081
2026-07-02 09:05:54,364 - INFO - [PROD] Processing Payload 17/20 for Plant 1081
2026-07-02 09:05:54,536 - INFO - [PROD] Processing Payload 18/20 for Plant 1081
2026-07-02 09:05:54,537 - INFO - [PROD] Processing Payload 19/20 for Plant 1081
2026-07-02 09:05:54,556 - INFO - [PROD] Processing Payload 20/20 for Plant 1081
2026-07-02 09:05:55,238 - INFO - Pack Complete run finished. Success: 20, Failed: 0, Total: 20
2026-07-02 09:05:55,239 - INFO - Pack Complete run finished.
2026-07-02 09:05:55,239 - INFO - Waiting 10 seconds before next run...
2026-07-02 09:06:05,243 - INFO - Starting Pack Complete run...
2026-07-02 09:06:05,523 - INFO - Successfully extracted 1 data row(s) for wave information processing.
2026-07-02 09:06:05,524 - INFO - Processing row 1: {'Plant': 1081, 'Environment': 'PROD', 'Wave_number': 'W07012026000000000003;W07012026000000000004'}
2026-07-02 09:06:05,728 - INFO - Processing Task 1/1: Plant 1081 (PROD)
2026-07-02 09:06:06,033 - INFO - Successfully retrieved token.
2026-07-02 09:06:06,034 - INFO - Sending payload to URL: https://nikeaplawmprod1.sce.manh.com/pickpack/api/pickpack/olpn/search
2026-07-02 09:06:06,309 - INFO - Successfully received response for Plant 1081 (PROD)
2026-07-02 09:06:06,628 - INFO - Sending payload to URL: https://nikeaplawmprod1.sce.manh.com/task/api/task/taskDetail/search
2026-07-02 09:06:06,830 - INFO - -> Success: True, Message: None
2026-07-02 09:06:06,833 - INFO - Processing Task 1/1: Plant 1081 (PROD)
2026-07-02 09:06:07,205 - INFO - Successfully retrieved token.
2026-07-02 09:06:07,206 - INFO - Sending payload to URL: https://nikeaplawmprod1.sce.manh.com/pickpack/api/pickpack/olpn/search
2026-07-02 09:06:07,454 - INFO - Successfully received response for Plant 1081 (PROD)
2026-07-02 09:06:07,456 - INFO - Success: Found 20 oLPN row(s) for this task.
2026-07-02 09:06:07,465 - INFO - Processing 20 payloads for Environment: PROD
2026-07-02 09:06:07,797 - INFO - Successfully retrieved token for PROD environment.
2026-07-02 09:06:07,797 - INFO - Sending payloads to URL: https://nikeaplawmprod1.sce.manh.com/pickpack/api/ServiceDefinition/invoke/NIKEEX10PackResultCS_1081
2026-07-02 09:06:07,798 - INFO - Using 10 worker threads for 20 payloads.
2026-07-02 09:06:07,800 - INFO - [PROD] Processing Payload 1/20 for Plant 1081
2026-07-02 09:06:07,806 - INFO - [PROD] Processing Payload 2/20 for Plant 1081
2026-07-02 09:06:07,808 - INFO - [PROD] Processing Payload 3/20 for Plant 1081
2026-07-02 09:06:07,808 - INFO - [PROD] Processing Payload 4/20 for Plant 1081
2026-07-02 09:06:07,810 - INFO - [PROD] Processing Payload 5/20 for Plant 1081
2026-07-02 09:06:07,812 - INFO - [PROD] Processing Payload 6/20 for Plant 1081
2026-07-02 09:06:07,812 - INFO - [PROD] Processing Payload 7/20 for Plant 1081
2026-07-02 09:06:07,814 - INFO - [PROD] Processing Payload 8/20 for Plant 1081
2026-07-02 09:06:07,816 - INFO - [PROD] Processing Payload 9/20 for Plant 1081
2026-07-02 09:06:07,817 - INFO - [PROD] Processing Payload 10/20 for Plant 1081
2026-07-02 09:06:09,167 - INFO - [PROD] Processing Payload 11/20 for Plant 1081
2026-07-02 09:06:09,181 - INFO - [PROD] Processing Payload 12/20 for Plant 1081
2026-07-02 09:06:09,182 - INFO - [PROD] Processing Payload 13/20 for Plant 1081
2026-07-02 09:06:09,185 - INFO - [PROD] Processing Payload 14/20 for Plant 1081
2026-07-02 09:06:09,188 - INFO - [PROD] Processing Payload 15/20 for Plant 1081
2026-07-02 09:06:09,192 - INFO - [PROD] Processing Payload 16/20 for Plant 1081
2026-07-02 09:06:09,196 - INFO - [PROD] Processing Payload 17/20 for Plant 1081
2026-07-02 09:06:09,198 - INFO - [PROD] Processing Payload 18/20 for Plant 1081
2026-07-02 09:06:09,215 - INFO - [PROD] Processing Payload 19/20 for Plant 1081
2026-07-02 09:06:09,220 - INFO - [PROD] Processing Payload 20/20 for Plant 1081
2026-07-02 09:06:10,765 - INFO - Pack Complete run finished. Success: 20, Failed: 0, Total: 20
2026-07-02 09:06:10,766 - INFO - Pack Complete run finished.
2026-07-02 09:06:10,766 - INFO - Waiting 10 seconds before next run...
2026-07-02 09:06:20,770 - INFO - Starting Pack Complete run...
2026-07-02 09:06:21,030 - INFO - Successfully extracted 1 data row(s) for wave information processing.
2026-07-02 09:06:21,030 - INFO - Processing row 1: {'Plant': 1081, 'Environment': 'PROD', 'Wave_number': 'W07012026000000000003;W07012026000000000004'}
2026-07-02 09:06:21,252 - INFO - Processing Task 1/1: Plant 1081 (PROD)
2026-07-02 09:06:21,577 - INFO - Successfully retrieved token.
2026-07-02 09:06:21,578 - INFO - Sending payload to URL: https://nikeaplawmprod1.sce.manh.com/pickpack/api/pickpack/olpn/search
2026-07-02 09:06:21,831 - INFO - Successfully received response for Plant 1081 (PROD)
2026-07-02 09:06:22,255 - INFO - Sending payload to URL: https://nikeaplawmprod1.sce.manh.com/task/api/task/taskDetail/search
2026-07-02 09:06:22,449 - INFO - -> Success: True, Message: None
2026-07-02 09:06:22,456 - INFO - Processing Task 1/1: Plant 1081 (PROD)
2026-07-02 09:06:22,837 - INFO - Successfully retrieved token.
2026-07-02 09:06:22,837 - INFO - Sending payload to URL: https://nikeaplawmprod1.sce.manh.com/pickpack/api/pickpack/olpn/search
2026-07-02 09:06:23,083 - INFO - Successfully received response for Plant 1081 (PROD)
2026-07-02 09:06:23,086 - INFO - Success: Found 20 oLPN row(s) for this task.
2026-07-02 09:06:23,091 - INFO - Processing 20 payloads for Environment: PROD
2026-07-02 09:06:23,471 - INFO - Successfully retrieved token for PROD environment.
2026-07-02 09:06:23,472 - INFO - Sending payloads to URL: https://nikeaplawmprod1.sce.manh.com/pickpack/api/ServiceDefinition/invoke/NIKEEX10PackResultCS_1081
2026-07-02 09:06:23,472 - INFO - Using 10 worker threads for 20 payloads.
2026-07-02 09:06:23,473 - INFO - [PROD] Processing Payload 1/20 for Plant 1081
2026-07-02 09:06:23,474 - INFO - [PROD] Processing Payload 2/20 for Plant 1081
2026-07-02 09:06:23,474 - INFO - [PROD] Processing Payload 3/20 for Plant 1081
2026-07-02 09:06:23,476 - INFO - [PROD] Processing Payload 4/20 for Plant 1081
2026-07-02 09:06:23,482 - INFO - [PROD] Processing Payload 7/20 for Plant 1081
2026-07-02 09:06:23,480 - INFO - [PROD] Processing Payload 6/20 for Plant 1081
2026-07-02 09:06:23,476 - INFO - [PROD] Processing Payload 5/20 for Plant 1081
2026-07-02 09:06:23,486 - INFO - [PROD] Processing Payload 8/20 for Plant 1081
2026-07-02 09:06:23,488 - INFO - [PROD] Processing Payload 9/20 for Plant 1081
2026-07-02 09:06:23,490 - INFO - [PROD] Processing Payload 10/20 for Plant 1081
2026-07-02 09:06:24,702 - INFO - [PROD] Processing Payload 11/20 for Plant 1081
2026-07-02 09:06:24,871 - INFO - [PROD] Processing Payload 12/20 for Plant 1081
2026-07-02 09:06:24,874 - INFO - [PROD] Processing Payload 13/20 for Plant 1081
2026-07-02 09:06:24,882 - INFO - [PROD] Processing Payload 14/20 for Plant 1081
2026-07-02 09:06:24,893 - INFO - [PROD] Processing Payload 15/20 for Plant 1081
2026-07-02 09:06:24,901 - INFO - [PROD] Processing Payload 16/20 for Plant 1081
2026-07-02 09:06:24,939 - INFO - [PROD] Processing Payload 17/20 for Plant 1081
2026-07-02 09:06:24,944 - INFO - [PROD] Processing Payload 18/20 for Plant 1081
2026-07-02 09:06:24,946 - INFO - [PROD] Processing Payload 19/20 for Plant 1081
2026-07-02 09:06:24,970 - INFO - [PROD] Processing Payload 20/20 for Plant 1081
2026-07-02 09:06:26,351 - INFO - Pack Complete run finished. Success: 20, Failed: 0, Total: 20
2026-07-02 09:06:26,352 - INFO - Pack Complete run finished.
2026-07-02 09:06:26,353 - INFO - Waiting 10 seconds before next run...
2026-07-02 09:06:36,357 - INFO - Starting Pack Complete run...
2026-07-02 09:06:36,613 - INFO - Successfully extracted 1 data row(s) for wave information processing.
2026-07-02 09:06:36,613 - INFO - Processing row 1: {'Plant': 1081, 'Environment': 'PROD', 'Wave_number': 'W07012026000000000003;W07012026000000000004'}
2026-07-02 09:06:36,818 - INFO - Processing Task 1/1: Plant 1081 (PROD)
2026-07-02 09:06:37,179 - INFO - Successfully retrieved token.
2026-07-02 09:06:37,180 - INFO - Sending payload to URL: https://nikeaplawmprod1.sce.manh.com/pickpack/api/pickpack/olpn/search
2026-07-02 09:06:37,476 - INFO - Successfully received response for Plant 1081 (PROD)
2026-07-02 09:06:37,930 - INFO - Sending payload to URL: https://nikeaplawmprod1.sce.manh.com/task/api/task/taskDetail/search
2026-07-02 09:06:38,275 - INFO - -> Success: True, Message: None
2026-07-02 09:06:38,280 - INFO - Processing Task 1/1: Plant 1081 (PROD)
2026-07-02 09:06:38,764 - INFO - Successfully retrieved token.
2026-07-02 09:06:38,764 - INFO - Sending payload to URL: https://nikeaplawmprod1.sce.manh.com/pickpack/api/pickpack/olpn/search
2026-07-02 09:06:39,087 - INFO - Successfully received response for Plant 1081 (PROD)
2026-07-02 09:06:39,089 - INFO - Success: Found 20 oLPN row(s) for this task.
2026-07-02 09:06:39,094 - INFO - Processing 20 payloads for Environment: PROD
2026-07-02 09:06:39,539 - INFO - Successfully retrieved token for PROD environment.
2026-07-02 09:06:39,540 - INFO - Sending payloads to URL: https://nikeaplawmprod1.sce.manh.com/pickpack/api/ServiceDefinition/invoke/NIKEEX10PackResultCS_1081
2026-07-02 09:06:39,540 - INFO - Using 10 worker threads for 20 payloads.
2026-07-02 09:06:39,541 - INFO - [PROD] Processing Payload 1/20 for Plant 1081
2026-07-02 09:06:39,541 - INFO - [PROD] Processing Payload 2/20 for Plant 1081
2026-07-02 09:06:39,541 - INFO - [PROD] Processing Payload 3/20 for Plant 1081
2026-07-02 09:06:39,557 - INFO - [PROD] Processing Payload 4/20 for Plant 1081
2026-07-02 09:06:39,558 - INFO - [PROD] Processing Payload 5/20 for Plant 1081
2026-07-02 09:06:39,559 - INFO - [PROD] Processing Payload 6/20 for Plant 1081
2026-07-02 09:06:39,561 - INFO - [PROD] Processing Payload 7/20 for Plant 1081
2026-07-02 09:06:39,562 - INFO - [PROD] Processing Payload 8/20 for Plant 1081
2026-07-02 09:06:39,562 - INFO - [PROD] Processing Payload 9/20 for Plant 1081
2026-07-02 09:06:39,563 - INFO - [PROD] Processing Payload 10/20 for Plant 1081
2026-07-02 09:06:39,574 - ERROR - ERROR: API request failed for payload 7: HTTPSConnectionPool(host='nikeaplawmprod1.sce.manh.com', port=443): Max retries exceeded with url: /pickpack/api/ServiceDefinition/invoke/NIKEEX10PackResultCS_1081 (Caused by NameResolutionError("<urllib3.connection.HTTPSConnection object at 0x11055a350>: Failed to resolve 'nikeaplawmprod1.sce.manh.com' ([Errno 8] nodename nor servname provided, or not known)"))
2026-07-02 09:06:39,575 - INFO - [PROD] Processing Payload 11/20 for Plant 1081
2026-07-02 09:06:40,985 - INFO - [PROD] Processing Payload 12/20 for Plant 1081
2026-07-02 09:06:40,986 - INFO - [PROD] Processing Payload 13/20 for Plant 1081
2026-07-02 09:06:40,992 - INFO - [PROD] Processing Payload 14/20 for Plant 1081
2026-07-02 09:06:40,994 - INFO - [PROD] Processing Payload 15/20 for Plant 1081
2026-07-02 09:06:40,997 - INFO - [PROD] Processing Payload 16/20 for Plant 1081
2026-07-02 09:06:41,022 - INFO - [PROD] Processing Payload 17/20 for Plant 1081
2026-07-02 09:06:41,024 - INFO - [PROD] Processing Payload 18/20 for Plant 1081
2026-07-02 09:06:41,056 - INFO - [PROD] Processing Payload 19/20 for Plant 1081
2026-07-02 09:06:41,066 - INFO - [PROD] Processing Payload 20/20 for Plant 1081
2026-07-02 09:06:42,237 - INFO - Pack Complete run finished. Success: 19, Failed: 1, Total: 20
2026-07-02 09:06:42,238 - INFO - Pack Complete run finished.
2026-07-02 09:06:42,238 - INFO - Waiting 10 seconds before next run...
2026-07-02 09:06:52,240 - INFO - Starting Pack Complete run...
2026-07-02 09:06:52,497 - INFO - Successfully extracted 1 data row(s) for wave information processing.
2026-07-02 09:06:52,497 - INFO - Processing row 1: {'Plant': 1081, 'Environment': 'PROD', 'Wave_number': 'W07012026000000000003;W07012026000000000004'}
2026-07-02 09:06:52,745 - INFO - Processing Task 1/1: Plant 1081 (PROD)
2026-07-02 09:06:53,100 - INFO - Successfully retrieved token.
2026-07-02 09:06:53,100 - INFO - Sending payload to URL: https://nikeaplawmprod1.sce.manh.com/pickpack/api/pickpack/olpn/search
2026-07-02 09:06:53,344 - INFO - Successfully received response for Plant 1081 (PROD)
2026-07-02 09:06:53,699 - INFO - Sending payload to URL: https://nikeaplawmprod1.sce.manh.com/task/api/task/taskDetail/search
2026-07-02 09:06:53,882 - INFO - -> Success: True, Message: None
2026-07-02 09:06:53,887 - INFO - Processing Task 1/1: Plant 1081 (PROD)
2026-07-02 09:06:54,256 - INFO - Successfully retrieved token.
2026-07-02 09:06:54,256 - INFO - Sending payload to URL: https://nikeaplawmprod1.sce.manh.com/pickpack/api/pickpack/olpn/search
2026-07-02 09:06:54,523 - INFO - Successfully received response for Plant 1081 (PROD)
2026-07-02 09:06:54,525 - INFO - Success: Found 20 oLPN row(s) for this task.
2026-07-02 09:06:54,531 - INFO - Processing 20 payloads for Environment: PROD
2026-07-02 09:06:54,926 - INFO - Successfully retrieved token for PROD environment.
2026-07-02 09:06:54,927 - INFO - Sending payloads to URL: https://nikeaplawmprod1.sce.manh.com/pickpack/api/ServiceDefinition/invoke/NIKEEX10PackResultCS_1081
2026-07-02 09:06:54,927 - INFO - Using 10 worker threads for 20 payloads.
2026-07-02 09:06:54,927 - INFO - [PROD] Processing Payload 1/20 for Plant 1081
2026-07-02 09:06:54,928 - INFO - [PROD] Processing Payload 2/20 for Plant 1081
2026-07-02 09:06:54,931 - INFO - [PROD] Processing Payload 3/20 for Plant 1081
2026-07-02 09:06:54,934 - INFO - [PROD] Processing Payload 4/20 for Plant 1081
2026-07-02 09:06:54,936 - INFO - [PROD] Processing Payload 5/20 for Plant 1081
2026-07-02 09:06:54,943 - INFO - [PROD] Processing Payload 6/20 for Plant 1081
2026-07-02 09:06:54,946 - INFO - [PROD] Processing Payload 7/20 for Plant 1081
2026-07-02 09:06:54,946 - INFO - [PROD] Processing Payload 8/20 for Plant 1081
2026-07-02 09:06:54,947 - INFO - [PROD] Processing Payload 9/20 for Plant 1081
2026-07-02 09:06:54,947 - INFO - [PROD] Processing Payload 10/20 for Plant 1081
2026-07-02 09:06:55,811 - INFO - [PROD] Processing Payload 11/20 for Plant 1081
2026-07-02 09:06:56,024 - INFO - [PROD] Processing Payload 12/20 for Plant 1081
2026-07-02 09:06:56,162 - INFO - [PROD] Processing Payload 13/20 for Plant 1081
2026-07-02 09:06:56,184 - INFO - [PROD] Processing Payload 14/20 for Plant 1081
2026-07-02 09:06:56,187 - INFO - [PROD] Processing Payload 15/20 for Plant 1081
2026-07-02 09:06:56,205 - INFO - [PROD] Processing Payload 16/20 for Plant 1081
2026-07-02 09:06:56,226 - INFO - [PROD] Processing Payload 17/20 for Plant 1081
2026-07-02 09:06:56,231 - INFO - [PROD] Processing Payload 18/20 for Plant 1081
2026-07-02 09:06:56,271 - INFO - [PROD] Processing Payload 19/20 for Plant 1081
2026-07-02 09:06:56,379 - INFO - [PROD] Processing Payload 20/20 for Plant 1081
2026-07-02 09:06:57,142 - INFO - Pack Complete run finished. Success: 20, Failed: 0, Total: 20
2026-07-02 09:06:57,142 - INFO - Pack Complete run finished.
2026-07-02 09:06:57,142 - INFO - Waiting 10 seconds before next run...
2026-07-02 09:07:07,144 - INFO - Starting Pack Complete run...
2026-07-02 09:07:07,376 - INFO - Successfully extracted 1 data row(s) for wave information processing.
2026-07-02 09:07:07,376 - INFO - Processing row 1: {'Plant': 1081, 'Environment': 'PROD', 'Wave_number': 'W07012026000000000003;W07012026000000000004'}
2026-07-02 09:07:07,591 - INFO - Processing Task 1/1: Plant 1081 (PROD)
2026-07-02 09:07:07,916 - INFO - Successfully retrieved token.
2026-07-02 09:07:07,917 - INFO - Sending payload to URL: https://nikeaplawmprod1.sce.manh.com/pickpack/api/pickpack/olpn/search
2026-07-02 09:07:08,163 - INFO - Successfully received response for Plant 1081 (PROD)
2026-07-02 09:07:08,481 - INFO - Sending payload to URL: https://nikeaplawmprod1.sce.manh.com/task/api/task/taskDetail/search
2026-07-02 09:07:08,661 - INFO - -> Success: True, Message: None
2026-07-02 09:07:08,664 - INFO - Processing Task 1/1: Plant 1081 (PROD)
2026-07-02 09:07:09,007 - INFO - Successfully retrieved token.
2026-07-02 09:07:09,007 - INFO - Sending payload to URL: https://nikeaplawmprod1.sce.manh.com/pickpack/api/pickpack/olpn/search
2026-07-02 09:07:09,257 - INFO - Successfully received response for Plant 1081 (PROD)
2026-07-02 09:07:09,270 - INFO - Success: Found 20 oLPN row(s) for this task.
2026-07-02 09:07:09,273 - INFO - Processing 20 payloads for Environment: PROD
2026-07-02 09:07:09,586 - INFO - Successfully retrieved token for PROD environment.
2026-07-02 09:07:09,586 - INFO - Sending payloads to URL: https://nikeaplawmprod1.sce.manh.com/pickpack/api/ServiceDefinition/invoke/NIKEEX10PackResultCS_1081
2026-07-02 09:07:09,586 - INFO - Using 10 worker threads for 20 payloads.
2026-07-02 09:07:09,587 - INFO - [PROD] Processing Payload 1/20 for Plant 1081
2026-07-02 09:07:09,587 - INFO - [PROD] Processing Payload 2/20 for Plant 1081
2026-07-02 09:07:09,588 - INFO - [PROD] Processing Payload 4/20 for Plant 1081
2026-07-02 09:07:09,588 - INFO - [PROD] Processing Payload 3/20 for Plant 1081
2026-07-02 09:07:09,592 - INFO - [PROD] Processing Payload 5/20 for Plant 1081
2026-07-02 09:07:09,592 - INFO - [PROD] Processing Payload 6/20 for Plant 1081
2026-07-02 09:07:09,594 - INFO - [PROD] Processing Payload 7/20 for Plant 1081
2026-07-02 09:07:09,596 - INFO - [PROD] Processing Payload 8/20 for Plant 1081
2026-07-02 09:07:09,598 - INFO - [PROD] Processing Payload 9/20 for Plant 1081
2026-07-02 09:07:09,600 - INFO - [PROD] Processing Payload 10/20 for Plant 1081
2026-07-02 09:07:10,534 - INFO - [PROD] Processing Payload 11/20 for Plant 1081
2026-07-02 09:07:10,657 - INFO - [PROD] Processing Payload 12/20 for Plant 1081
2026-07-02 09:07:10,691 - INFO - [PROD] Processing Payload 13/20 for Plant 1081
2026-07-02 09:07:10,728 - INFO - [PROD] Processing Payload 14/20 for Plant 1081
2026-07-02 09:07:10,768 - INFO - [PROD] Processing Payload 15/20 for Plant 1081
2026-07-02 09:07:10,772 - INFO - [PROD] Processing Payload 16/20 for Plant 1081
2026-07-02 09:07:10,773 - INFO - [PROD] Processing Payload 17/20 for Plant 1081
2026-07-02 09:07:10,778 - INFO - [PROD] Processing Payload 18/20 for Plant 1081
2026-07-02 09:07:10,795 - INFO - [PROD] Processing Payload 19/20 for Plant 1081
2026-07-02 09:07:10,803 - INFO - [PROD] Processing Payload 20/20 for Plant 1081
2026-07-02 09:07:11,657 - INFO - Pack Complete run finished. Success: 20, Failed: 0, Total: 20
2026-07-02 09:07:11,658 - INFO - Pack Complete run finished.
2026-07-02 09:07:11,658 - INFO - Waiting 10 seconds before next run...
2026-07-02 09:07:21,662 - INFO - Starting Pack Complete run...
2026-07-02 09:07:21,932 - INFO - Successfully extracted 1 data row(s) for wave information processing.
2026-07-02 09:07:21,933 - INFO - Processing row 1: {'Plant': 1081, 'Environment': 'PROD', 'Wave_number': 'W07012026000000000003;W07012026000000000004'}
2026-07-02 09:07:22,179 - INFO - Processing Task 1/1: Plant 1081 (PROD)
2026-07-02 09:07:22,481 - INFO - Successfully retrieved token.
2026-07-02 09:07:22,482 - INFO - Sending payload to URL: https://nikeaplawmprod1.sce.manh.com/pickpack/api/pickpack/olpn/search
2026-07-02 09:07:22,714 - INFO - Successfully received response for Plant 1081 (PROD)
2026-07-02 09:07:23,249 - INFO - Sending payload to URL: https://nikeaplawmprod1.sce.manh.com/task/api/task/taskDetail/search
2026-07-02 09:07:23,441 - INFO - -> Success: True, Message: None
2026-07-02 09:07:23,442 - INFO - Processing Task 1/1: Plant 1081 (PROD)
2026-07-02 09:07:23,770 - INFO - Successfully retrieved token.
2026-07-02 09:07:23,770 - INFO - Sending payload to URL: https://nikeaplawmprod1.sce.manh.com/pickpack/api/pickpack/olpn/search
2026-07-02 09:07:23,992 - INFO - Successfully received response for Plant 1081 (PROD)
2026-07-02 09:07:23,993 - INFO - Success: Found 20 oLPN row(s) for this task.
2026-07-02 09:07:23,994 - INFO - Processing 20 payloads for Environment: PROD
2026-07-02 09:07:24,350 - INFO - Successfully retrieved token for PROD environment.
2026-07-02 09:07:24,350 - INFO - Sending payloads to URL: https://nikeaplawmprod1.sce.manh.com/pickpack/api/ServiceDefinition/invoke/NIKEEX10PackResultCS_1081
2026-07-02 09:07:24,350 - INFO - Using 10 worker threads for 20 payloads.
2026-07-02 09:07:24,350 - INFO - [PROD] Processing Payload 1/20 for Plant 1081
2026-07-02 09:07:24,350 - INFO - [PROD] Processing Payload 2/20 for Plant 1081
2026-07-02 09:07:24,350 - INFO - [PROD] Processing Payload 3/20 for Plant 1081
2026-07-02 09:07:24,350 - INFO - [PROD] Processing Payload 4/20 for Plant 1081
2026-07-02 09:07:24,351 - INFO - [PROD] Processing Payload 5/20 for Plant 1081
2026-07-02 09:07:24,351 - INFO - [PROD] Processing Payload 6/20 for Plant 1081
2026-07-02 09:07:24,352 - INFO - [PROD] Processing Payload 7/20 for Plant 1081
2026-07-02 09:07:24,352 - INFO - [PROD] Processing Payload 8/20 for Plant 1081
2026-07-02 09:07:24,353 - INFO - [PROD] Processing Payload 9/20 for Plant 1081
2026-07-02 09:07:24,355 - INFO - [PROD] Processing Payload 10/20 for Plant 1081
2026-07-02 09:07:25,387 - INFO - [PROD] Processing Payload 11/20 for Plant 1081
2026-07-02 09:07:25,441 - INFO - [PROD] Processing Payload 12/20 for Plant 1081
2026-07-02 09:07:25,454 - INFO - [PROD] Processing Payload 13/20 for Plant 1081
2026-07-02 09:07:25,460 - INFO - [PROD] Processing Payload 14/20 for Plant 1081
2026-07-02 09:07:25,484 - INFO - [PROD] Processing Payload 15/20 for Plant 1081
2026-07-02 09:07:25,489 - INFO - [PROD] Processing Payload 16/20 for Plant 1081
2026-07-02 09:07:25,490 - INFO - [PROD] Processing Payload 17/20 for Plant 1081
2026-07-02 09:07:25,509 - INFO - [PROD] Processing Payload 18/20 for Plant 1081
2026-07-02 09:07:25,512 - INFO - [PROD] Processing Payload 19/20 for Plant 1081
2026-07-02 09:07:25,521 - INFO - [PROD] Processing Payload 20/20 for Plant 1081
2026-07-02 09:07:26,406 - INFO - Pack Complete run finished. Success: 20, Failed: 0, Total: 20
2026-07-02 09:07:26,406 - INFO - Pack Complete run finished.
2026-07-02 09:07:26,406 - INFO - Waiting 10 seconds before next run...
2026-07-02 09:07:36,412 - INFO - Starting Pack Complete run...
2026-07-02 09:07:36,660 - INFO - Successfully extracted 1 data row(s) for wave information processing.
2026-07-02 09:07:36,660 - INFO - Processing row 1: {'Plant': 1081, 'Environment': 'PROD', 'Wave_number': 'W07012026000000000003;W07012026000000000004'}
2026-07-02 09:07:36,870 - INFO - Processing Task 1/1: Plant 1081 (PROD)
2026-07-02 09:07:37,227 - INFO - Successfully retrieved token.
2026-07-02 09:07:37,227 - INFO - Sending payload to URL: https://nikeaplawmprod1.sce.manh.com/pickpack/api/pickpack/olpn/search
2026-07-02 09:07:37,463 - INFO - Successfully received response for Plant 1081 (PROD)
2026-07-02 09:07:37,809 - INFO - Sending payload to URL: https://nikeaplawmprod1.sce.manh.com/task/api/task/taskDetail/search
2026-07-02 09:07:38,009 - INFO - -> Success: True, Message: None
2026-07-02 09:07:38,013 - INFO - Processing Task 1/1: Plant 1081 (PROD)
2026-07-02 09:07:38,360 - INFO - Successfully retrieved token.
2026-07-02 09:07:38,361 - INFO - Sending payload to URL: https://nikeaplawmprod1.sce.manh.com/pickpack/api/pickpack/olpn/search
2026-07-02 09:07:38,605 - INFO - Successfully received response for Plant 1081 (PROD)
2026-07-02 09:07:38,607 - INFO - Success: Found 20 oLPN row(s) for this task.
2026-07-02 09:07:38,614 - INFO - Processing 20 payloads for Environment: PROD
2026-07-02 09:07:38,963 - INFO - Successfully retrieved token for PROD environment.
2026-07-02 09:07:38,964 - INFO - Sending payloads to URL: https://nikeaplawmprod1.sce.manh.com/pickpack/api/ServiceDefinition/invoke/NIKEEX10PackResultCS_1081
2026-07-02 09:07:38,964 - INFO - Using 10 worker threads for 20 payloads.
2026-07-02 09:07:38,967 - INFO - [PROD] Processing Payload 1/20 for Plant 1081
2026-07-02 09:07:38,968 - INFO - [PROD] Processing Payload 2/20 for Plant 1081
2026-07-02 09:07:38,968 - INFO - [PROD] Processing Payload 3/20 for Plant 1081
2026-07-02 09:07:38,970 - INFO - [PROD] Processing Payload 4/20 for Plant 1081
2026-07-02 09:07:38,976 - INFO - [PROD] Processing Payload 5/20 for Plant 1081
2026-07-02 09:07:38,980 - INFO - [PROD] Processing Payload 6/20 for Plant 1081
2026-07-02 09:07:38,982 - INFO - [PROD] Processing Payload 7/20 for Plant 1081
2026-07-02 09:07:38,989 - INFO - [PROD] Processing Payload 8/20 for Plant 1081
2026-07-02 09:07:38,989 - INFO - [PROD] Processing Payload 9/20 for Plant 1081
2026-07-02 09:07:38,991 - INFO - [PROD] Processing Payload 10/20 for Plant 1081
2026-07-02 09:07:40,073 - INFO - [PROD] Processing Payload 11/20 for Plant 1081
2026-07-02 09:07:40,085 - INFO - [PROD] Processing Payload 12/20 for Plant 1081
2026-07-02 09:07:40,156 - INFO - [PROD] Processing Payload 13/20 for Plant 1081
2026-07-02 09:07:40,174 - INFO - [PROD] Processing Payload 14/20 for Plant 1081
2026-07-02 09:07:40,203 - INFO - [PROD] Processing Payload 15/20 for Plant 1081
2026-07-02 09:07:40,205 - INFO - [PROD] Processing Payload 16/20 for Plant 1081
2026-07-02 09:07:40,230 - INFO - [PROD] Processing Payload 17/20 for Plant 1081
2026-07-02 09:07:40,236 - INFO - [PROD] Processing Payload 18/20 for Plant 1081
2026-07-02 09:07:40,265 - INFO - [PROD] Processing Payload 19/20 for Plant 1081
2026-07-02 09:07:40,308 - INFO - [PROD] Processing Payload 20/20 for Plant 1081
2026-07-02 09:07:40,995 - INFO - Pack Complete run finished. Success: 20, Failed: 0, Total: 20
2026-07-02 09:07:40,995 - INFO - Pack Complete run finished.
2026-07-02 09:07:40,995 - INFO - Waiting 10 seconds before next run...
2026-07-02 09:07:51,000 - INFO - Starting Pack Complete run...
2026-07-02 09:07:51,261 - INFO - Successfully extracted 1 data row(s) for wave information processing.
2026-07-02 09:07:51,261 - INFO - Processing row 1: {'Plant': 1081, 'Environment': 'PROD', 'Wave_number': 'W07012026000000000003;W07012026000000000004'}
2026-07-02 09:07:51,486 - INFO - Processing Task 1/1: Plant 1081 (PROD)
2026-07-02 09:07:51,868 - INFO - Successfully retrieved token.
2026-07-02 09:07:51,869 - INFO - Sending payload to URL: https://nikeaplawmprod1.sce.manh.com/pickpack/api/pickpack/olpn/search
2026-07-02 09:07:52,121 - INFO - Successfully received response for Plant 1081 (PROD)
2026-07-02 09:07:52,479 - INFO - Sending payload to URL: https://nikeaplawmprod1.sce.manh.com/task/api/task/taskDetail/search
2026-07-02 09:07:52,662 - INFO - -> Success: True, Message: None
2026-07-02 09:07:52,669 - INFO - Processing Task 1/1: Plant 1081 (PROD)
2026-07-02 09:07:53,091 - INFO - Successfully retrieved token.
2026-07-02 09:07:53,092 - INFO - Sending payload to URL: https://nikeaplawmprod1.sce.manh.com/pickpack/api/pickpack/olpn/search
2026-07-02 09:07:53,321 - INFO - Successfully received response for Plant 1081 (PROD)
2026-07-02 09:07:53,323 - INFO - Success: Found 20 oLPN row(s) for this task.
2026-07-02 09:07:53,328 - INFO - Processing 20 payloads for Environment: PROD
2026-07-02 09:07:53,808 - INFO - Successfully retrieved token for PROD environment.
2026-07-02 09:07:53,809 - INFO - Sending payloads to URL: https://nikeaplawmprod1.sce.manh.com/pickpack/api/ServiceDefinition/invoke/NIKEEX10PackResultCS_1081
2026-07-02 09:07:53,809 - INFO - Using 10 worker threads for 20 payloads.
2026-07-02 09:07:53,810 - INFO - [PROD] Processing Payload 1/20 for Plant 1081
2026-07-02 09:07:53,810 - INFO - [PROD] Processing Payload 2/20 for Plant 1081
2026-07-02 09:07:53,811 - INFO - [PROD] Processing Payload 3/20 for Plant 1081
2026-07-02 09:07:53,815 - INFO - [PROD] Processing Payload 7/20 for Plant 1081
2026-07-02 09:07:53,811 - INFO - [PROD] Processing Payload 4/20 for Plant 1081
2026-07-02 09:07:53,814 - INFO - [PROD] Processing Payload 6/20 for Plant 1081
2026-07-02 09:07:53,812 - INFO - [PROD] Processing Payload 5/20 for Plant 1081
2026-07-02 09:07:53,819 - INFO - [PROD] Processing Payload 8/20 for Plant 1081
2026-07-02 09:07:53,820 - INFO - [PROD] Processing Payload 9/20 for Plant 1081
2026-07-02 09:07:53,821 - INFO - [PROD] Processing Payload 10/20 for Plant 1081
2026-07-02 09:07:55,165 - INFO - [PROD] Processing Payload 11/20 for Plant 1081
2026-07-02 09:07:55,174 - INFO - [PROD] Processing Payload 12/20 for Plant 1081
2026-07-02 09:07:55,185 - INFO - [PROD] Processing Payload 13/20 for Plant 1081
2026-07-02 09:07:55,204 - INFO - [PROD] Processing Payload 14/20 for Plant 1081
2026-07-02 09:07:55,205 - INFO - [PROD] Processing Payload 15/20 for Plant 1081
2026-07-02 09:07:55,207 - INFO - [PROD] Processing Payload 16/20 for Plant 1081
2026-07-02 09:07:55,227 - INFO - [PROD] Processing Payload 17/20 for Plant 1081
2026-07-02 09:07:55,229 - INFO - [PROD] Processing Payload 18/20 for Plant 1081
2026-07-02 09:07:55,256 - INFO - [PROD] Processing Payload 19/20 for Plant 1081
2026-07-02 09:07:55,257 - INFO - [PROD] Processing Payload 20/20 for Plant 1081
2026-07-02 09:07:56,550 - INFO - Pack Complete run finished. Success: 20, Failed: 0, Total: 20
2026-07-02 09:07:56,551 - INFO - Pack Complete run finished.
2026-07-02 09:07:56,551 - INFO - Waiting 10 seconds before next run...
2026-07-02 09:08:06,555 - INFO - Starting Pack Complete run...
2026-07-02 09:08:06,819 - INFO - Successfully extracted 1 data row(s) for wave information processing.
2026-07-02 09:08:06,819 - INFO - Processing row 1: {'Plant': 1081, 'Environment': 'PROD', 'Wave_number': 'W07012026000000000003;W07012026000000000004'}
2026-07-02 09:08:07,025 - INFO - Processing Task 1/1: Plant 1081 (PROD)
2026-07-02 09:08:07,410 - INFO - Successfully retrieved token.
2026-07-02 09:08:07,410 - INFO - Sending payload to URL: https://nikeaplawmprod1.sce.manh.com/pickpack/api/pickpack/olpn/search
2026-07-02 09:08:07,624 - INFO - Successfully received response for Plant 1081 (PROD)
2026-07-02 09:08:07,962 - INFO - Sending payload to URL: https://nikeaplawmprod1.sce.manh.com/task/api/task/taskDetail/search
2026-07-02 09:08:08,179 - INFO - -> Success: True, Message: None
2026-07-02 09:08:08,180 - INFO - Processing Task 1/1: Plant 1081 (PROD)
2026-07-02 09:08:08,468 - INFO - Successfully retrieved token.
2026-07-02 09:08:08,468 - INFO - Sending payload to URL: https://nikeaplawmprod1.sce.manh.com/pickpack/api/pickpack/olpn/search
2026-07-02 09:08:08,719 - INFO - Successfully received response for Plant 1081 (PROD)
2026-07-02 09:08:08,720 - INFO - Success: Found 20 oLPN row(s) for this task.
2026-07-02 09:08:08,722 - INFO - Processing 20 payloads for Environment: PROD
2026-07-02 09:08:09,038 - INFO - Successfully retrieved token for PROD environment.
2026-07-02 09:08:09,038 - INFO - Sending payloads to URL: https://nikeaplawmprod1.sce.manh.com/pickpack/api/ServiceDefinition/invoke/NIKEEX10PackResultCS_1081
2026-07-02 09:08:09,038 - INFO - Using 10 worker threads for 20 payloads.
2026-07-02 09:08:09,038 - INFO - [PROD] Processing Payload 1/20 for Plant 1081
2026-07-02 09:08:09,038 - INFO - [PROD] Processing Payload 2/20 for Plant 1081
2026-07-02 09:08:09,039 - INFO - [PROD] Processing Payload 3/20 for Plant 1081
2026-07-02 09:08:09,039 - INFO - [PROD] Processing Payload 4/20 for Plant 1081
2026-07-02 09:08:09,040 - INFO - [PROD] Processing Payload 5/20 for Plant 1081
2026-07-02 09:08:09,041 - INFO - [PROD] Processing Payload 6/20 for Plant 1081
2026-07-02 09:08:09,041 - INFO - [PROD] Processing Payload 7/20 for Plant 1081
2026-07-02 09:08:09,041 - INFO - [PROD] Processing Payload 8/20 for Plant 1081
2026-07-02 09:08:09,042 - INFO - [PROD] Processing Payload 9/20 for Plant 1081
2026-07-02 09:08:09,042 - INFO - [PROD] Processing Payload 10/20 for Plant 1081
2026-07-02 09:08:10,054 - INFO - [PROD] Processing Payload 11/20 for Plant 1081
2026-07-02 09:08:10,159 - INFO - [PROD] Processing Payload 12/20 for Plant 1081
2026-07-02 09:08:10,162 - INFO - [PROD] Processing Payload 13/20 for Plant 1081
2026-07-02 09:08:10,203 - INFO - [PROD] Processing Payload 14/20 for Plant 1081
2026-07-02 09:08:10,208 - INFO - [PROD] Processing Payload 15/20 for Plant 1081
2026-07-02 09:08:10,217 - INFO - [PROD] Processing Payload 16/20 for Plant 1081
2026-07-02 09:08:10,224 - INFO - [PROD] Processing Payload 17/20 for Plant 1081
2026-07-02 09:08:10,238 - INFO - [PROD] Processing Payload 18/20 for Plant 1081
2026-07-02 09:08:10,272 - INFO - [PROD] Processing Payload 19/20 for Plant 1081
2026-07-02 09:08:10,299 - INFO - [PROD] Processing Payload 20/20 for Plant 1081
2026-07-02 09:08:11,459 - INFO - Pack Complete run finished. Success: 20, Failed: 0, Total: 20
2026-07-02 09:08:11,460 - INFO - Pack Complete run finished.
2026-07-02 09:08:11,460 - INFO - Waiting 10 seconds before next run...
2026-07-02 09:08:21,463 - INFO - Starting Pack Complete run...
2026-07-02 09:08:21,723 - INFO - Successfully extracted 1 data row(s) for wave information processing.
2026-07-02 09:08:21,723 - INFO - Processing row 1: {'Plant': 1081, 'Environment': 'PROD', 'Wave_number': 'W07012026000000000003;W07012026000000000004'}
2026-07-02 09:08:21,954 - INFO - Processing Task 1/1: Plant 1081 (PROD)
2026-07-02 09:08:22,259 - INFO - Successfully retrieved token.
2026-07-02 09:08:22,259 - INFO - Sending payload to URL: https://nikeaplawmprod1.sce.manh.com/pickpack/api/pickpack/olpn/search
2026-07-02 09:08:22,485 - INFO - Successfully received response for Plant 1081 (PROD)
2026-07-02 09:08:22,839 - INFO - Sending payload to URL: https://nikeaplawmprod1.sce.manh.com/task/api/task/taskDetail/search
2026-07-02 09:08:23,070 - INFO - -> Success: True, Message: None
2026-07-02 09:08:23,075 - INFO - Processing Task 1/1: Plant 1081 (PROD)
2026-07-02 09:08:23,508 - INFO - Successfully retrieved token.
2026-07-02 09:08:23,509 - INFO - Sending payload to URL: https://nikeaplawmprod1.sce.manh.com/pickpack/api/pickpack/olpn/search
2026-07-02 09:08:23,761 - INFO - Successfully received response for Plant 1081 (PROD)
2026-07-02 09:08:23,767 - INFO - Success: Found 20 oLPN row(s) for this task.
2026-07-02 09:08:23,769 - INFO - Processing 20 payloads for Environment: PROD
2026-07-02 09:08:24,222 - INFO - Successfully retrieved token for PROD environment.
2026-07-02 09:08:24,222 - INFO - Sending payloads to URL: https://nikeaplawmprod1.sce.manh.com/pickpack/api/ServiceDefinition/invoke/NIKEEX10PackResultCS_1081
2026-07-02 09:08:24,222 - INFO - Using 10 worker threads for 20 payloads.
2026-07-02 09:08:24,223 - INFO - [PROD] Processing Payload 1/20 for Plant 1081
2026-07-02 09:08:24,223 - INFO - [PROD] Processing Payload 2/20 for Plant 1081
2026-07-02 09:08:24,224 - INFO - [PROD] Processing Payload 3/20 for Plant 1081
2026-07-02 09:08:24,226 - INFO - [PROD] Processing Payload 4/20 for Plant 1081
2026-07-02 09:08:24,227 - INFO - [PROD] Processing Payload 5/20 for Plant 1081
2026-07-02 09:08:24,227 - INFO - [PROD] Processing Payload 6/20 for Plant 1081
2026-07-02 09:08:24,233 - INFO - [PROD] Processing Payload 7/20 for Plant 1081
2026-07-02 09:08:24,237 - INFO - [PROD] Processing Payload 8/20 for Plant 1081
2026-07-02 09:08:24,239 - INFO - [PROD] Processing Payload 9/20 for Plant 1081
2026-07-02 09:08:24,239 - INFO - [PROD] Processing Payload 10/20 for Plant 1081
2026-07-02 09:08:25,202 - INFO - [PROD] Processing Payload 11/20 for Plant 1081
2026-07-02 09:08:25,545 - INFO - [PROD] Processing Payload 12/20 for Plant 1081
2026-07-02 09:08:25,572 - INFO - [PROD] Processing Payload 13/20 for Plant 1081
2026-07-02 09:08:25,577 - INFO - [PROD] Processing Payload 14/20 for Plant 1081
2026-07-02 09:08:25,579 - INFO - [PROD] Processing Payload 15/20 for Plant 1081
2026-07-02 09:08:25,584 - INFO - [PROD] Processing Payload 16/20 for Plant 1081
2026-07-02 09:08:25,628 - INFO - [PROD] Processing Payload 17/20 for Plant 1081
2026-07-02 09:08:25,638 - INFO - [PROD] Processing Payload 18/20 for Plant 1081
2026-07-02 09:08:25,645 - INFO - [PROD] Processing Payload 19/20 for Plant 1081
2026-07-02 09:08:25,673 - INFO - [PROD] Processing Payload 20/20 for Plant 1081
2026-07-02 09:08:26,876 - INFO - Pack Complete run finished. Success: 20, Failed: 0, Total: 20
2026-07-02 09:08:26,877 - INFO - Pack Complete run finished.
2026-07-02 09:08:26,877 - INFO - Waiting 10 seconds before next run...
2026-07-02 09:08:36,881 - INFO - Starting Pack Complete run...
2026-07-02 09:08:37,133 - INFO - Successfully extracted 1 data row(s) for wave information processing.
2026-07-02 09:08:37,134 - INFO - Processing row 1: {'Plant': 1081, 'Environment': 'PROD', 'Wave_number': 'W07012026000000000003;W07012026000000000004'}
2026-07-02 09:08:37,347 - INFO - Processing Task 1/1: Plant 1081 (PROD)
2026-07-02 09:08:37,737 - INFO - Successfully retrieved token.
2026-07-02 09:08:37,738 - INFO - Sending payload to URL: https://nikeaplawmprod1.sce.manh.com/pickpack/api/pickpack/olpn/search
2026-07-02 09:08:37,979 - INFO - Successfully received response for Plant 1081 (PROD)
2026-07-02 09:08:38,409 - INFO - Sending payload to URL: https://nikeaplawmprod1.sce.manh.com/task/api/task/taskDetail/search
2026-07-02 09:08:38,637 - INFO - -> Success: True, Message: None
2026-07-02 09:08:38,643 - INFO - Processing Task 1/1: Plant 1081 (PROD)
2026-07-02 09:08:39,069 - INFO - Successfully retrieved token.
2026-07-02 09:08:39,070 - INFO - Sending payload to URL: https://nikeaplawmprod1.sce.manh.com/pickpack/api/pickpack/olpn/search
2026-07-02 09:08:39,309 - INFO - Successfully received response for Plant 1081 (PROD)
2026-07-02 09:08:39,310 - INFO - Success: Found 20 oLPN row(s) for this task.
2026-07-02 09:08:39,312 - INFO - Processing 20 payloads for Environment: PROD
2026-07-02 09:08:39,763 - INFO - Successfully retrieved token for PROD environment.
2026-07-02 09:08:39,763 - INFO - Sending payloads to URL: https://nikeaplawmprod1.sce.manh.com/pickpack/api/ServiceDefinition/invoke/NIKEEX10PackResultCS_1081
2026-07-02 09:08:39,763 - INFO - Using 10 worker threads for 20 payloads.
2026-07-02 09:08:39,763 - INFO - [PROD] Processing Payload 1/20 for Plant 1081
2026-07-02 09:08:39,764 - INFO - [PROD] Processing Payload 2/20 for Plant 1081
2026-07-02 09:08:39,765 - INFO - [PROD] Processing Payload 3/20 for Plant 1081
2026-07-02 09:08:39,766 - INFO - [PROD] Processing Payload 4/20 for Plant 1081
2026-07-02 09:08:39,769 - INFO - [PROD] Processing Payload 5/20 for Plant 1081
2026-07-02 09:08:39,770 - INFO - [PROD] Processing Payload 6/20 for Plant 1081
2026-07-02 09:08:39,780 - INFO - [PROD] Processing Payload 7/20 for Plant 1081
2026-07-02 09:08:39,783 - INFO - [PROD] Processing Payload 8/20 for Plant 1081
2026-07-02 09:08:39,784 - INFO - [PROD] Processing Payload 9/20 for Plant 1081
2026-07-02 09:08:39,785 - INFO - [PROD] Processing Payload 10/20 for Plant 1081
2026-07-02 09:08:40,912 - INFO - [PROD] Processing Payload 11/20 for Plant 1081
2026-07-02 09:08:41,001 - INFO - [PROD] Processing Payload 12/20 for Plant 1081
2026-07-02 09:08:41,063 - INFO - [PROD] Processing Payload 13/20 for Plant 1081
2026-07-02 09:08:41,071 - INFO - [PROD] Processing Payload 14/20 for Plant 1081
2026-07-02 09:08:41,080 - INFO - [PROD] Processing Payload 15/20 for Plant 1081
2026-07-02 09:08:41,081 - INFO - [PROD] Processing Payload 16/20 for Plant 1081
2026-07-02 09:08:41,085 - INFO - [PROD] Processing Payload 17/20 for Plant 1081
2026-07-02 09:08:41,133 - INFO - [PROD] Processing Payload 18/20 for Plant 1081
2026-07-02 09:08:41,170 - INFO - [PROD] Processing Payload 19/20 for Plant 1081
2026-07-02 09:08:41,178 - INFO - [PROD] Processing Payload 20/20 for Plant 1081
2026-07-02 09:08:42,281 - INFO - Pack Complete run finished. Success: 20, Failed: 0, Total: 20
2026-07-02 09:08:42,282 - INFO - Pack Complete run finished.
2026-07-02 09:08:42,282 - INFO - Waiting 10 seconds before next run...
2026-07-02 09:08:52,286 - INFO - Starting Pack Complete run...
2026-07-02 09:08:52,558 - INFO - Successfully extracted 1 data row(s) for wave information processing.
2026-07-02 09:08:52,558 - INFO - Processing row 1: {'Plant': 1081, 'Environment': 'PROD', 'Wave_number': 'W07012026000000000003;W07012026000000000004'}
2026-07-02 09:08:52,791 - INFO - Processing Task 1/1: Plant 1081 (PROD)
2026-07-02 09:08:53,146 - INFO - Successfully retrieved token.
2026-07-02 09:08:53,147 - INFO - Sending payload to URL: https://nikeaplawmprod1.sce.manh.com/pickpack/api/pickpack/olpn/search
2026-07-02 09:08:53,389 - INFO - Successfully received response for Plant 1081 (PROD)
2026-07-02 09:08:53,782 - INFO - Sending payload to URL: https://nikeaplawmprod1.sce.manh.com/task/api/task/taskDetail/search
2026-07-02 09:08:53,999 - INFO - -> Success: True, Message: None
2026-07-02 09:08:54,010 - INFO - Processing Task 1/1: Plant 1081 (PROD)
2026-07-02 09:08:54,431 - INFO - Successfully retrieved token.
2026-07-02 09:08:54,431 - INFO - Sending payload to URL: https://nikeaplawmprod1.sce.manh.com/pickpack/api/pickpack/olpn/search
2026-07-02 09:08:54,714 - INFO - Successfully received response for Plant 1081 (PROD)
2026-07-02 09:08:54,717 - INFO - Success: Found 20 oLPN row(s) for this task.
2026-07-02 09:08:54,724 - INFO - Processing 20 payloads for Environment: PROD
2026-07-02 09:08:55,128 - INFO - Successfully retrieved token for PROD environment.
2026-07-02 09:08:55,128 - INFO - Sending payloads to URL: https://nikeaplawmprod1.sce.manh.com/pickpack/api/ServiceDefinition/invoke/NIKEEX10PackResultCS_1081
2026-07-02 09:08:55,128 - INFO - Using 10 worker threads for 20 payloads.
2026-07-02 09:08:55,130 - INFO - [PROD] Processing Payload 1/20 for Plant 1081
2026-07-02 09:08:55,132 - INFO - [PROD] Processing Payload 2/20 for Plant 1081
2026-07-02 09:08:55,142 - INFO - [PROD] Processing Payload 3/20 for Plant 1081
2026-07-02 09:08:55,144 - INFO - [PROD] Processing Payload 4/20 for Plant 1081
2026-07-02 09:08:55,145 - INFO - [PROD] Processing Payload 5/20 for Plant 1081
2026-07-02 09:08:55,145 - INFO - [PROD] Processing Payload 6/20 for Plant 1081
2026-07-02 09:08:55,145 - INFO - [PROD] Processing Payload 7/20 for Plant 1081
2026-07-02 09:08:55,147 - INFO - [PROD] Processing Payload 8/20 for Plant 1081
2026-07-02 09:08:55,147 - INFO - [PROD] Processing Payload 9/20 for Plant 1081
2026-07-02 09:08:55,148 - INFO - [PROD] Processing Payload 10/20 for Plant 1081
2026-07-02 09:08:56,278 - INFO - [PROD] Processing Payload 11/20 for Plant 1081
2026-07-02 09:08:56,279 - INFO - [PROD] Processing Payload 12/20 for Plant 1081
2026-07-02 09:08:56,281 - INFO - [PROD] Processing Payload 13/20 for Plant 1081
2026-07-02 09:08:56,283 - INFO - [PROD] Processing Payload 14/20 for Plant 1081
2026-07-02 09:08:56,285 - INFO - [PROD] Processing Payload 15/20 for Plant 1081
2026-07-02 09:08:56,287 - INFO - [PROD] Processing Payload 16/20 for Plant 1081
2026-07-02 09:08:56,320 - INFO - [PROD] Processing Payload 17/20 for Plant 1081
2026-07-02 09:08:56,325 - INFO - [PROD] Processing Payload 18/20 for Plant 1081
2026-07-02 09:08:56,328 - INFO - [PROD] Processing Payload 19/20 for Plant 1081
2026-07-02 09:08:56,333 - INFO - [PROD] Processing Payload 20/20 for Plant 1081
2026-07-02 09:08:57,656 - INFO - Pack Complete run finished. Success: 20, Failed: 0, Total: 20
2026-07-02 09:08:57,657 - INFO - Pack Complete run finished.
2026-07-02 09:08:57,657 - INFO - Waiting 10 seconds before next run...
2026-07-02 09:09:07,661 - INFO - Starting Pack Complete run...
2026-07-02 09:09:07,931 - INFO - Successfully extracted 1 data row(s) for wave information processing.
2026-07-02 09:09:07,931 - INFO - Processing row 1: {'Plant': 1081, 'Environment': 'PROD', 'Wave_number': 'W07012026000000000003;W07012026000000000004'}
2026-07-02 09:09:08,140 - INFO - Processing Task 1/1: Plant 1081 (PROD)
2026-07-02 09:09:08,462 - INFO - Successfully retrieved token.
2026-07-02 09:09:08,462 - INFO - Sending payload to URL: https://nikeaplawmprod1.sce.manh.com/pickpack/api/pickpack/olpn/search
2026-07-02 09:09:08,719 - INFO - Successfully received response for Plant 1081 (PROD)
2026-07-02 09:09:09,175 - INFO - Sending payload to URL: https://nikeaplawmprod1.sce.manh.com/task/api/task/taskDetail/search
2026-07-02 09:09:09,379 - INFO - -> Success: True, Message: None
2026-07-02 09:09:09,385 - INFO - Processing Task 1/1: Plant 1081 (PROD)
2026-07-02 09:09:09,764 - INFO - Successfully retrieved token.
2026-07-02 09:09:09,764 - INFO - Sending payload to URL: https://nikeaplawmprod1.sce.manh.com/pickpack/api/pickpack/olpn/search
2026-07-02 09:09:09,995 - INFO - Successfully received response for Plant 1081 (PROD)
2026-07-02 09:09:09,996 - INFO - Success: Found 20 oLPN row(s) for this task.
2026-07-02 09:09:09,999 - INFO - Processing 20 payloads for Environment: PROD
2026-07-02 09:09:10,332 - INFO - Successfully retrieved token for PROD environment.
2026-07-02 09:09:10,333 - INFO - Sending payloads to URL: https://nikeaplawmprod1.sce.manh.com/pickpack/api/ServiceDefinition/invoke/NIKEEX10PackResultCS_1081
2026-07-02 09:09:10,333 - INFO - Using 10 worker threads for 20 payloads.
2026-07-02 09:09:10,333 - INFO - [PROD] Processing Payload 1/20 for Plant 1081
2026-07-02 09:09:10,334 - INFO - [PROD] Processing Payload 2/20 for Plant 1081
2026-07-02 09:09:10,335 - INFO - [PROD] Processing Payload 3/20 for Plant 1081
2026-07-02 09:09:10,336 - INFO - [PROD] Processing Payload 4/20 for Plant 1081
2026-07-02 09:09:10,339 - INFO - [PROD] Processing Payload 5/20 for Plant 1081
2026-07-02 09:09:10,343 - INFO - [PROD] Processing Payload 6/20 for Plant 1081
2026-07-02 09:09:10,346 - INFO - [PROD] Processing Payload 7/20 for Plant 1081
2026-07-02 09:09:10,347 - INFO - [PROD] Processing Payload 8/20 for Plant 1081
2026-07-02 09:09:10,349 - INFO - [PROD] Processing Payload 9/20 for Plant 1081
2026-07-02 09:09:10,349 - INFO - [PROD] Processing Payload 10/20 for Plant 1081
2026-07-02 09:09:11,639 - INFO - [PROD] Processing Payload 11/20 for Plant 1081
2026-07-02 09:09:11,642 - INFO - [PROD] Processing Payload 12/20 for Plant 1081
2026-07-02 09:09:11,653 - INFO - [PROD] Processing Payload 13/20 for Plant 1081
2026-07-02 09:09:11,655 - INFO - [PROD] Processing Payload 14/20 for Plant 1081
2026-07-02 09:09:11,657 - INFO - [PROD] Processing Payload 15/20 for Plant 1081
2026-07-02 09:09:11,662 - INFO - [PROD] Processing Payload 16/20 for Plant 1081
2026-07-02 09:09:11,673 - INFO - [PROD] Processing Payload 17/20 for Plant 1081
2026-07-02 09:09:11,713 - INFO - [PROD] Processing Payload 18/20 for Plant 1081
2026-07-02 09:09:11,722 - INFO - [PROD] Processing Payload 19/20 for Plant 1081
2026-07-02 09:09:11,741 - INFO - [PROD] Processing Payload 20/20 for Plant 1081
2026-07-02 09:09:12,875 - INFO - Pack Complete run finished. Success: 20, Failed: 0, Total: 20
2026-07-02 09:09:12,875 - INFO - Pack Complete run finished.
2026-07-02 09:09:12,876 - INFO - Waiting 10 seconds before next run...
2026-07-02 09:09:22,880 - INFO - Starting Pack Complete run...
2026-07-02 09:09:23,133 - INFO - Successfully extracted 1 data row(s) for wave information processing.
2026-07-02 09:09:23,134 - INFO - Processing row 1: {'Plant': 1081, 'Environment': 'PROD', 'Wave_number': 'W07012026000000000003;W07012026000000000004'}
2026-07-02 09:09:23,360 - INFO - Processing Task 1/1: Plant 1081 (PROD)
2026-07-02 09:09:23,718 - INFO - Successfully retrieved token.
2026-07-02 09:09:23,719 - INFO - Sending payload to URL: https://nikeaplawmprod1.sce.manh.com/pickpack/api/pickpack/olpn/search
2026-07-02 09:09:23,976 - INFO - Successfully received response for Plant 1081 (PROD)
2026-07-02 09:09:24,332 - INFO - Sending payload to URL: https://nikeaplawmprod1.sce.manh.com/task/api/task/taskDetail/search
2026-07-02 09:09:24,539 - INFO - -> Success: True, Message: None
2026-07-02 09:09:24,545 - INFO - Processing Task 1/1: Plant 1081 (PROD)
2026-07-02 09:09:24,916 - INFO - Successfully retrieved token.
2026-07-02 09:09:24,916 - INFO - Sending payload to URL: https://nikeaplawmprod1.sce.manh.com/pickpack/api/pickpack/olpn/search
2026-07-02 09:09:25,172 - INFO - Successfully received response for Plant 1081 (PROD)
2026-07-02 09:09:25,180 - INFO - Success: Found 20 oLPN row(s) for this task.
2026-07-02 09:09:25,190 - INFO - Processing 20 payloads for Environment: PROD
2026-07-02 09:09:25,604 - INFO - Successfully retrieved token for PROD environment.
2026-07-02 09:09:25,604 - INFO - Sending payloads to URL: https://nikeaplawmprod1.sce.manh.com/pickpack/api/ServiceDefinition/invoke/NIKEEX10PackResultCS_1081
2026-07-02 09:09:25,604 - INFO - Using 10 worker threads for 20 payloads.
2026-07-02 09:09:25,604 - INFO - [PROD] Processing Payload 1/20 for Plant 1081
2026-07-02 09:09:25,604 - INFO - [PROD] Processing Payload 2/20 for Plant 1081
2026-07-02 09:09:25,605 - INFO - [PROD] Processing Payload 3/20 for Plant 1081
2026-07-02 09:09:25,605 - INFO - [PROD] Processing Payload 4/20 for Plant 1081
2026-07-02 09:09:25,606 - INFO - [PROD] Processing Payload 5/20 for Plant 1081
2026-07-02 09:09:25,607 - INFO - [PROD] Processing Payload 6/20 for Plant 1081
2026-07-02 09:09:25,608 - INFO - [PROD] Processing Payload 7/20 for Plant 1081
2026-07-02 09:09:25,609 - INFO - [PROD] Processing Payload 8/20 for Plant 1081
2026-07-02 09:09:25,609 - INFO - [PROD] Processing Payload 9/20 for Plant 1081
2026-07-02 09:09:25,611 - INFO - [PROD] Processing Payload 10/20 for Plant 1081
2026-07-02 09:09:26,789 - INFO - [PROD] Processing Payload 11/20 for Plant 1081
2026-07-02 09:09:26,790 - INFO - [PROD] Processing Payload 12/20 for Plant 1081
2026-07-02 09:09:26,795 - INFO - [PROD] Processing Payload 13/20 for Plant 1081
2026-07-02 09:09:26,800 - INFO - [PROD] Processing Payload 14/20 for Plant 1081
2026-07-02 09:09:26,806 - INFO - [PROD] Processing Payload 15/20 for Plant 1081
2026-07-02 09:09:26,810 - INFO - [PROD] Processing Payload 16/20 for Plant 1081
2026-07-02 09:09:26,867 - INFO - [PROD] Processing Payload 17/20 for Plant 1081
2026-07-02 09:09:26,910 - INFO - [PROD] Processing Payload 18/20 for Plant 1081
2026-07-02 09:09:26,929 - INFO - [PROD] Processing Payload 19/20 for Plant 1081
2026-07-02 09:09:26,933 - INFO - [PROD] Processing Payload 20/20 for Plant 1081
2026-07-02 09:09:28,048 - INFO - Pack Complete run finished. Success: 20, Failed: 0, Total: 20
2026-07-02 09:09:28,050 - INFO - Pack Complete run finished.
2026-07-02 09:09:28,050 - INFO - Waiting 10 seconds before next run...
2026-07-02 09:09:38,053 - INFO - Starting Pack Complete run...
2026-07-02 09:09:38,302 - INFO - Successfully extracted 1 data row(s) for wave information processing.
2026-07-02 09:09:38,302 - INFO - Processing row 1: {'Plant': 1081, 'Environment': 'PROD', 'Wave_number': 'W07012026000000000003;W07012026000000000004'}
2026-07-02 09:09:38,511 - INFO - Processing Task 1/1: Plant 1081 (PROD)
2026-07-02 09:09:38,870 - INFO - Successfully retrieved token.
2026-07-02 09:09:38,871 - INFO - Sending payload to URL: https://nikeaplawmprod1.sce.manh.com/pickpack/api/pickpack/olpn/search
2026-07-02 09:09:39,135 - INFO - Successfully received response for Plant 1081 (PROD)
2026-07-02 09:09:39,585 - INFO - Sending payload to URL: https://nikeaplawmprod1.sce.manh.com/task/api/task/taskDetail/search
2026-07-02 09:09:39,778 - INFO - -> Success: True, Message: None
2026-07-02 09:09:39,789 - INFO - Processing Task 1/1: Plant 1081 (PROD)
2026-07-02 09:09:40,150 - INFO - Successfully retrieved token.
2026-07-02 09:09:40,151 - INFO - Sending payload to URL: https://nikeaplawmprod1.sce.manh.com/pickpack/api/pickpack/olpn/search
2026-07-02 09:09:40,412 - INFO - Successfully received response for Plant 1081 (PROD)
2026-07-02 09:09:40,415 - INFO - Success: Found 20 oLPN row(s) for this task.
2026-07-02 09:09:40,422 - INFO - Processing 20 payloads for Environment: PROD
2026-07-02 09:09:40,920 - INFO - Successfully retrieved token for PROD environment.
2026-07-02 09:09:40,920 - INFO - Sending payloads to URL: https://nikeaplawmprod1.sce.manh.com/pickpack/api/ServiceDefinition/invoke/NIKEEX10PackResultCS_1081
2026-07-02 09:09:40,921 - INFO - Using 10 worker threads for 20 payloads.
2026-07-02 09:09:40,921 - INFO - [PROD] Processing Payload 1/20 for Plant 1081
2026-07-02 09:09:40,921 - INFO - [PROD] Processing Payload 2/20 for Plant 1081
2026-07-02 09:09:40,922 - INFO - [PROD] Processing Payload 3/20 for Plant 1081
2026-07-02 09:09:40,923 - INFO - [PROD] Processing Payload 4/20 for Plant 1081
2026-07-02 09:09:40,924 - INFO - [PROD] Processing Payload 5/20 for Plant 1081
2026-07-02 09:09:40,933 - INFO - [PROD] Processing Payload 10/20 for Plant 1081
2026-07-02 09:09:40,925 - INFO - [PROD] Processing Payload 7/20 for Plant 1081
2026-07-02 09:09:40,926 - INFO - [PROD] Processing Payload 8/20 for Plant 1081
2026-07-02 09:09:40,926 - INFO - [PROD] Processing Payload 9/20 for Plant 1081
2026-07-02 09:09:40,924 - INFO - [PROD] Processing Payload 6/20 for Plant 1081
2026-07-02 09:09:42,250 - INFO - [PROD] Processing Payload 11/20 for Plant 1081
2026-07-02 09:09:42,304 - INFO - [PROD] Processing Payload 12/20 for Plant 1081
2026-07-02 09:09:42,364 - INFO - [PROD] Processing Payload 13/20 for Plant 1081
2026-07-02 09:09:42,366 - INFO - [PROD] Processing Payload 14/20 for Plant 1081
2026-07-02 09:09:42,367 - INFO - [PROD] Processing Payload 15/20 for Plant 1081
2026-07-02 09:09:42,370 - INFO - [PROD] Processing Payload 16/20 for Plant 1081
2026-07-02 09:09:42,374 - INFO - [PROD] Processing Payload 17/20 for Plant 1081
2026-07-02 09:09:42,384 - INFO - [PROD] Processing Payload 18/20 for Plant 1081
2026-07-02 09:09:42,433 - INFO - [PROD] Processing Payload 19/20 for Plant 1081
2026-07-02 09:09:42,500 - INFO - [PROD] Processing Payload 20/20 for Plant 1081
2026-07-02 09:09:43,778 - INFO - Pack Complete run finished. Success: 20, Failed: 0, Total: 20
2026-07-02 09:09:43,780 - INFO - Pack Complete run finished.
2026-07-02 09:09:43,780 - INFO - Waiting 10 seconds before next run...
2026-07-02 09:09:53,785 - INFO - Starting Pack Complete run...
2026-07-02 09:09:54,044 - INFO - Successfully extracted 1 data row(s) for wave information processing.
2026-07-02 09:09:54,045 - INFO - Processing row 1: {'Plant': 1081, 'Environment': 'PROD', 'Wave_number': 'W07012026000000000003;W07012026000000000004'}
2026-07-02 09:09:54,276 - INFO - Processing Task 1/1: Plant 1081 (PROD)
2026-07-02 09:09:54,641 - INFO - Successfully retrieved token.
2026-07-02 09:09:54,641 - INFO - Sending payload to URL: https://nikeaplawmprod1.sce.manh.com/pickpack/api/pickpack/olpn/search
2026-07-02 09:09:54,881 - INFO - Successfully received response for Plant 1081 (PROD)
2026-07-02 09:09:55,252 - INFO - Sending payload to URL: https://nikeaplawmprod1.sce.manh.com/task/api/task/taskDetail/search
2026-07-02 09:09:55,512 - INFO - -> Success: True, Message: None
2026-07-02 09:09:55,517 - INFO - Processing Task 1/1: Plant 1081 (PROD)
2026-07-02 09:09:55,977 - INFO - Successfully retrieved token.
2026-07-02 09:09:55,978 - INFO - Sending payload to URL: https://nikeaplawmprod1.sce.manh.com/pickpack/api/pickpack/olpn/search
2026-07-02 09:09:56,237 - INFO - Successfully received response for Plant 1081 (PROD)
2026-07-02 09:09:56,237 - INFO - Success: Found 20 oLPN row(s) for this task.
2026-07-02 09:09:56,239 - INFO - Processing 20 payloads for Environment: PROD
2026-07-02 09:09:56,692 - INFO - Successfully retrieved token for PROD environment.
2026-07-02 09:09:56,692 - INFO - Sending payloads to URL: https://nikeaplawmprod1.sce.manh.com/pickpack/api/ServiceDefinition/invoke/NIKEEX10PackResultCS_1081
2026-07-02 09:09:56,692 - INFO - Using 10 worker threads for 20 payloads.
2026-07-02 09:09:56,692 - INFO - [PROD] Processing Payload 1/20 for Plant 1081
2026-07-02 09:09:56,692 - INFO - [PROD] Processing Payload 2/20 for Plant 1081
2026-07-02 09:09:56,693 - INFO - [PROD] Processing Payload 3/20 for Plant 1081
2026-07-02 09:09:56,694 - INFO - [PROD] Processing Payload 4/20 for Plant 1081
2026-07-02 09:09:56,694 - INFO - [PROD] Processing Payload 5/20 for Plant 1081
2026-07-02 09:09:56,696 - INFO - [PROD] Processing Payload 6/20 for Plant 1081
2026-07-02 09:09:56,699 - INFO - [PROD] Processing Payload 7/20 for Plant 1081
2026-07-02 09:09:56,713 - INFO - [PROD] Processing Payload 8/20 for Plant 1081
2026-07-02 09:09:56,720 - INFO - [PROD] Processing Payload 9/20 for Plant 1081
2026-07-02 09:09:56,720 - INFO - [PROD] Processing Payload 10/20 for Plant 1081
2026-07-02 09:09:57,720 - INFO - [PROD] Processing Payload 11/20 for Plant 1081
2026-07-02 09:09:57,845 - INFO - [PROD] Processing Payload 12/20 for Plant 1081
2026-07-02 09:09:57,849 - INFO - [PROD] Processing Payload 13/20 for Plant 1081
2026-07-02 09:09:57,853 - INFO - [PROD] Processing Payload 14/20 for Plant 1081
2026-07-02 09:09:57,854 - INFO - [PROD] Processing Payload 15/20 for Plant 1081
2026-07-02 09:09:57,860 - INFO - [PROD] Processing Payload 16/20 for Plant 1081
2026-07-02 09:09:57,889 - INFO - [PROD] Processing Payload 17/20 for Plant 1081
2026-07-02 09:09:57,914 - INFO - [PROD] Processing Payload 18/20 for Plant 1081
2026-07-02 09:09:57,928 - INFO - [PROD] Processing Payload 19/20 for Plant 1081
2026-07-02 09:09:57,953 - INFO - [PROD] Processing Payload 20/20 for Plant 1081
2026-07-02 09:09:59,358 - INFO - Pack Complete run finished. Success: 20, Failed: 0, Total: 20
2026-07-02 09:09:59,360 - INFO - Pack Complete run finished.
2026-07-02 09:09:59,361 - INFO - Waiting 10 seconds before next run...
2026-07-02 09:10:09,366 - INFO - Starting Pack Complete run...
2026-07-02 09:10:09,639 - INFO - Successfully extracted 1 data row(s) for wave information processing.
2026-07-02 09:10:09,639 - INFO - Processing row 1: {'Plant': 1081, 'Environment': 'PROD', 'Wave_number': 'W07012026000000000003;W07012026000000000004'}
2026-07-02 09:10:09,855 - INFO - Processing Task 1/1: Plant 1081 (PROD)
2026-07-02 09:10:10,227 - INFO - Successfully retrieved token.
2026-07-02 09:10:10,228 - INFO - Sending payload to URL: https://nikeaplawmprod1.sce.manh.com/pickpack/api/pickpack/olpn/search
2026-07-02 09:10:10,461 - INFO - Successfully received response for Plant 1081 (PROD)
2026-07-02 09:10:10,811 - INFO - Sending payload to URL: https://nikeaplawmprod1.sce.manh.com/task/api/task/taskDetail/search
2026-07-02 09:10:11,017 - INFO - -> Success: True, Message: None
2026-07-02 09:10:11,018 - INFO - Processing Task 1/1: Plant 1081 (PROD)
2026-07-02 09:10:11,367 - INFO - Successfully retrieved token.
2026-07-02 09:10:11,368 - INFO - Sending payload to URL: https://nikeaplawmprod1.sce.manh.com/pickpack/api/pickpack/olpn/search
2026-07-02 09:10:11,605 - INFO - Successfully received response for Plant 1081 (PROD)
2026-07-02 09:10:11,607 - INFO - Success: Found 20 oLPN row(s) for this task.
2026-07-02 09:10:11,611 - INFO - Processing 20 payloads for Environment: PROD
2026-07-02 09:10:11,947 - INFO - Successfully retrieved token for PROD environment.
2026-07-02 09:10:11,948 - INFO - Sending payloads to URL: https://nikeaplawmprod1.sce.manh.com/pickpack/api/ServiceDefinition/invoke/NIKEEX10PackResultCS_1081
2026-07-02 09:10:11,948 - INFO - Using 10 worker threads for 20 payloads.
2026-07-02 09:10:11,948 - INFO - [PROD] Processing Payload 1/20 for Plant 1081
2026-07-02 09:10:11,953 - INFO - [PROD] Processing Payload 2/20 for Plant 1081
2026-07-02 09:10:11,957 - INFO - [PROD] Processing Payload 3/20 for Plant 1081
2026-07-02 09:10:11,960 - INFO - [PROD] Processing Payload 4/20 for Plant 1081
2026-07-02 09:10:11,964 - INFO - [PROD] Processing Payload 5/20 for Plant 1081
2026-07-02 09:10:11,964 - INFO - [PROD] Processing Payload 6/20 for Plant 1081
2026-07-02 09:10:11,966 - INFO - [PROD] Processing Payload 7/20 for Plant 1081
2026-07-02 09:10:11,967 - INFO - [PROD] Processing Payload 8/20 for Plant 1081
2026-07-02 09:10:11,969 - INFO - [PROD] Processing Payload 9/20 for Plant 1081
2026-07-02 09:10:11,969 - INFO - [PROD] Processing Payload 10/20 for Plant 1081
2026-07-02 09:10:13,059 - INFO - [PROD] Processing Payload 11/20 for Plant 1081
2026-07-02 09:10:13,119 - INFO - [PROD] Processing Payload 12/20 for Plant 1081
2026-07-02 09:10:13,186 - INFO - [PROD] Processing Payload 13/20 for Plant 1081
2026-07-02 09:10:13,190 - INFO - [PROD] Processing Payload 14/20 for Plant 1081
2026-07-02 09:10:13,196 - INFO - [PROD] Processing Payload 15/20 for Plant 1081
2026-07-02 09:10:13,211 - INFO - [PROD] Processing Payload 16/20 for Plant 1081
2026-07-02 09:10:13,227 - INFO - [PROD] Processing Payload 17/20 for Plant 1081
2026-07-02 09:10:13,254 - INFO - [PROD] Processing Payload 18/20 for Plant 1081
2026-07-02 09:10:13,283 - INFO - [PROD] Processing Payload 19/20 for Plant 1081
2026-07-02 09:10:13,287 - INFO - [PROD] Processing Payload 20/20 for Plant 1081
2026-07-02 09:10:14,472 - INFO - Pack Complete run finished. Success: 20, Failed: 0, Total: 20
2026-07-02 09:10:14,472 - INFO - Pack Complete run finished.
2026-07-02 09:10:14,472 - INFO - Waiting 10 seconds before next run...
2026-07-02 09:10:24,478 - INFO - Starting Pack Complete run...
2026-07-02 09:10:24,737 - INFO - Successfully extracted 1 data row(s) for wave information processing.
2026-07-02 09:10:24,737 - INFO - Processing row 1: {'Plant': 1081, 'Environment': 'PROD', 'Wave_number': 'W07012026000000000003;W07012026000000000004'}
2026-07-02 09:10:24,955 - INFO - Processing Task 1/1: Plant 1081 (PROD)
2026-07-02 09:10:25,283 - INFO - Successfully retrieved token.
2026-07-02 09:10:25,284 - INFO - Sending payload to URL: https://nikeaplawmprod1.sce.manh.com/pickpack/api/pickpack/olpn/search
2026-07-02 09:10:25,527 - INFO - Successfully received response for Plant 1081 (PROD)
2026-07-02 09:10:25,876 - INFO - Sending payload to URL: https://nikeaplawmprod1.sce.manh.com/task/api/task/taskDetail/search
2026-07-02 09:10:26,071 - INFO - -> Success: True, Message: None
2026-07-02 09:10:26,077 - INFO - Processing Task 1/1: Plant 1081 (PROD)
2026-07-02 09:10:26,409 - INFO - Successfully retrieved token.
2026-07-02 09:10:26,411 - INFO - Sending payload to URL: https://nikeaplawmprod1.sce.manh.com/pickpack/api/pickpack/olpn/search
2026-07-02 09:10:26,659 - INFO - Successfully received response for Plant 1081 (PROD)
2026-07-02 09:10:26,662 - INFO - Success: Found 20 oLPN row(s) for this task.
2026-07-02 09:10:26,668 - INFO - Processing 20 payloads for Environment: PROD
2026-07-02 09:10:27,008 - INFO - Successfully retrieved token for PROD environment.
2026-07-02 09:10:27,008 - INFO - Sending payloads to URL: https://nikeaplawmprod1.sce.manh.com/pickpack/api/ServiceDefinition/invoke/NIKEEX10PackResultCS_1081
2026-07-02 09:10:27,008 - INFO - Using 10 worker threads for 20 payloads.
2026-07-02 09:10:27,009 - INFO - [PROD] Processing Payload 1/20 for Plant 1081
2026-07-02 09:10:27,010 - INFO - [PROD] Processing Payload 2/20 for Plant 1081
2026-07-02 09:10:27,010 - INFO - [PROD] Processing Payload 3/20 for Plant 1081
2026-07-02 09:10:27,012 - INFO - [PROD] Processing Payload 4/20 for Plant 1081
2026-07-02 09:10:27,012 - INFO - [PROD] Processing Payload 5/20 for Plant 1081
2026-07-02 09:10:27,013 - INFO - [PROD] Processing Payload 6/20 for Plant 1081
2026-07-02 09:10:27,014 - INFO - [PROD] Processing Payload 7/20 for Plant 1081
2026-07-02 09:10:27,016 - INFO - [PROD] Processing Payload 8/20 for Plant 1081
2026-07-02 09:10:27,025 - INFO - [PROD] Processing Payload 9/20 for Plant 1081
2026-07-02 09:10:27,027 - INFO - [PROD] Processing Payload 10/20 for Plant 1081
2026-07-02 09:10:28,345 - INFO - [PROD] Processing Payload 11/20 for Plant 1081
2026-07-02 09:10:28,354 - INFO - [PROD] Processing Payload 12/20 for Plant 1081
2026-07-02 09:10:28,367 - INFO - [PROD] Processing Payload 13/20 for Plant 1081
2026-07-02 09:10:28,379 - INFO - [PROD] Processing Payload 14/20 for Plant 1081
2026-07-02 09:10:28,437 - INFO - [PROD] Processing Payload 15/20 for Plant 1081
2026-07-02 09:10:28,446 - INFO - [PROD] Processing Payload 16/20 for Plant 1081
2026-07-02 09:10:28,448 - INFO - [PROD] Processing Payload 17/20 for Plant 1081
2026-07-02 09:10:28,473 - INFO - [PROD] Processing Payload 18/20 for Plant 1081
2026-07-02 09:10:28,476 - INFO - [PROD] Processing Payload 19/20 for Plant 1081
2026-07-02 09:10:29,422 - INFO - [PROD] Processing Payload 20/20 for Plant 1081
2026-07-02 09:10:30,965 - INFO - Pack Complete run finished. Success: 20, Failed: 0, Total: 20
2026-07-02 09:10:30,967 - INFO - Pack Complete run finished.
2026-07-02 09:10:30,967 - INFO - Waiting 10 seconds before next run...
2026-07-02 09:10:40,968 - INFO - Starting Pack Complete run...
2026-07-02 09:10:41,236 - INFO - Successfully extracted 1 data row(s) for wave information processing.
2026-07-02 09:10:41,236 - INFO - Processing row 1: {'Plant': 1081, 'Environment': 'PROD', 'Wave_number': 'W07012026000000000003;W07012026000000000004'}
2026-07-02 09:10:41,441 - INFO - Processing Task 1/1: Plant 1081 (PROD)
2026-07-02 09:10:41,951 - INFO - Successfully retrieved token.
2026-07-02 09:10:41,952 - INFO - Sending payload to URL: https://nikeaplawmprod1.sce.manh.com/pickpack/api/pickpack/olpn/search
2026-07-02 09:10:42,214 - INFO - Successfully received response for Plant 1081 (PROD)
2026-07-02 09:10:42,563 - INFO - Sending payload to URL: https://nikeaplawmprod1.sce.manh.com/task/api/task/taskDetail/search
2026-07-02 09:10:42,755 - INFO - -> Success: True, Message: None
2026-07-02 09:10:42,757 - INFO - Processing Task 1/1: Plant 1081 (PROD)
2026-07-02 09:10:43,119 - INFO - Successfully retrieved token.
2026-07-02 09:10:43,120 - INFO - Sending payload to URL: https://nikeaplawmprod1.sce.manh.com/pickpack/api/pickpack/olpn/search
2026-07-02 09:10:43,355 - INFO - Successfully received response for Plant 1081 (PROD)
2026-07-02 09:10:43,357 - INFO - Success: Found 20 oLPN row(s) for this task.
2026-07-02 09:10:43,362 - INFO - Processing 20 payloads for Environment: PROD
2026-07-02 09:10:43,904 - INFO - Successfully retrieved token for PROD environment.
2026-07-02 09:10:43,913 - INFO - Sending payloads to URL: https://nikeaplawmprod1.sce.manh.com/pickpack/api/ServiceDefinition/invoke/NIKEEX10PackResultCS_1081
2026-07-02 09:10:43,913 - INFO - Using 10 worker threads for 20 payloads.
2026-07-02 09:10:43,916 - INFO - [PROD] Processing Payload 1/20 for Plant 1081
2026-07-02 09:10:43,916 - INFO - [PROD] Processing Payload 2/20 for Plant 1081
2026-07-02 09:10:43,916 - INFO - [PROD] Processing Payload 3/20 for Plant 1081
2026-07-02 09:10:43,918 - INFO - [PROD] Processing Payload 4/20 for Plant 1081
2026-07-02 09:10:43,918 - INFO - [PROD] Processing Payload 5/20 for Plant 1081
2026-07-02 09:10:43,921 - INFO - [PROD] Processing Payload 6/20 for Plant 1081
2026-07-02 09:10:43,921 - INFO - [PROD] Processing Payload 7/20 for Plant 1081
2026-07-02 09:10:43,927 - INFO - [PROD] Processing Payload 8/20 for Plant 1081
2026-07-02 09:10:43,928 - INFO - [PROD] Processing Payload 9/20 for Plant 1081
2026-07-02 09:10:43,928 - INFO - [PROD] Processing Payload 10/20 for Plant 1081
2026-07-02 09:10:45,149 - INFO - [PROD] Processing Payload 11/20 for Plant 1081
2026-07-02 09:10:45,166 - INFO - [PROD] Processing Payload 12/20 for Plant 1081
2026-07-02 09:10:45,190 - INFO - [PROD] Processing Payload 13/20 for Plant 1081
2026-07-02 09:10:45,237 - INFO - [PROD] Processing Payload 14/20 for Plant 1081
2026-07-02 09:10:45,241 - INFO - [PROD] Processing Payload 15/20 for Plant 1081
2026-07-02 09:10:45,249 - INFO - [PROD] Processing Payload 16/20 for Plant 1081
2026-07-02 09:10:45,309 - INFO - [PROD] Processing Payload 17/20 for Plant 1081
2026-07-02 09:10:45,336 - INFO - [PROD] Processing Payload 18/20 for Plant 1081
2026-07-02 09:10:45,432 - INFO - [PROD] Processing Payload 19/20 for Plant 1081
2026-07-02 09:10:45,880 - INFO - [PROD] Processing Payload 20/20 for Plant 1081
2026-07-02 09:10:46,493 - INFO - Pack Complete run finished. Success: 20, Failed: 0, Total: 20
2026-07-02 09:10:46,494 - INFO - Pack Complete run finished.
2026-07-02 09:10:46,494 - INFO - Waiting 10 seconds before next run...
2026-07-02 09:10:56,497 - INFO - Starting Pack Complete run...
2026-07-02 09:10:56,765 - INFO - Successfully extracted 1 data row(s) for wave information processing.
2026-07-02 09:10:56,765 - INFO - Processing row 1: {'Plant': 1081, 'Environment': 'PROD', 'Wave_number': 'W07012026000000000003;W07012026000000000004'}
2026-07-02 09:10:57,007 - INFO - Processing Task 1/1: Plant 1081 (PROD)
2026-07-02 09:10:57,416 - INFO - Successfully retrieved token.
2026-07-02 09:10:57,416 - INFO - Sending payload to URL: https://nikeaplawmprod1.sce.manh.com/pickpack/api/pickpack/olpn/search
2026-07-02 09:10:57,650 - INFO - Successfully received response for Plant 1081 (PROD)
2026-07-02 09:10:58,066 - INFO - Sending payload to URL: https://nikeaplawmprod1.sce.manh.com/task/api/task/taskDetail/search
2026-07-02 09:10:58,506 - INFO - -> Success: True, Message: None
2026-07-02 09:10:58,517 - INFO - Processing Task 1/1: Plant 1081 (PROD)
2026-07-02 09:10:58,880 - INFO - Successfully retrieved token.
2026-07-02 09:10:58,880 - INFO - Sending payload to URL: https://nikeaplawmprod1.sce.manh.com/pickpack/api/pickpack/olpn/search
2026-07-02 09:10:59,144 - INFO - Successfully received response for Plant 1081 (PROD)
2026-07-02 09:10:59,147 - INFO - Success: Found 20 oLPN row(s) for this task.
2026-07-02 09:10:59,152 - INFO - Processing 20 payloads for Environment: PROD
2026-07-02 09:10:59,539 - INFO - Successfully retrieved token for PROD environment.
2026-07-02 09:10:59,539 - INFO - Sending payloads to URL: https://nikeaplawmprod1.sce.manh.com/pickpack/api/ServiceDefinition/invoke/NIKEEX10PackResultCS_1081
2026-07-02 09:10:59,539 - INFO - Using 10 worker threads for 20 payloads.
2026-07-02 09:10:59,540 - INFO - [PROD] Processing Payload 1/20 for Plant 1081
2026-07-02 09:10:59,540 - INFO - [PROD] Processing Payload 2/20 for Plant 1081
2026-07-02 09:10:59,541 - INFO - [PROD] Processing Payload 3/20 for Plant 1081
2026-07-02 09:10:59,541 - INFO - [PROD] Processing Payload 4/20 for Plant 1081
2026-07-02 09:10:59,542 - INFO - [PROD] Processing Payload 5/20 for Plant 1081
2026-07-02 09:10:59,545 - INFO - [PROD] Processing Payload 6/20 for Plant 1081
2026-07-02 09:10:59,549 - INFO - [PROD] Processing Payload 7/20 for Plant 1081
2026-07-02 09:10:59,549 - INFO - [PROD] Processing Payload 8/20 for Plant 1081
2026-07-02 09:10:59,550 - INFO - [PROD] Processing Payload 9/20 for Plant 1081
2026-07-02 09:10:59,552 - INFO - [PROD] Processing Payload 10/20 for Plant 1081
2026-07-02 09:11:00,896 - INFO - [PROD] Processing Payload 11/20 for Plant 1081
2026-07-02 09:11:00,925 - INFO - [PROD] Processing Payload 12/20 for Plant 1081
2026-07-02 09:11:00,934 - INFO - [PROD] Processing Payload 13/20 for Plant 1081
2026-07-02 09:11:00,948 - INFO - [PROD] Processing Payload 14/20 for Plant 1081
2026-07-02 09:11:00,952 - INFO - [PROD] Processing Payload 15/20 for Plant 1081
2026-07-02 09:11:00,956 - INFO - [PROD] Processing Payload 16/20 for Plant 1081
2026-07-02 09:11:01,067 - INFO - [PROD] Processing Payload 17/20 for Plant 1081
2026-07-02 09:11:01,156 - INFO - [PROD] Processing Payload 18/20 for Plant 1081
2026-07-02 09:11:01,162 - INFO - [PROD] Processing Payload 19/20 for Plant 1081
2026-07-02 09:11:01,237 - INFO - [PROD] Processing Payload 20/20 for Plant 1081
2026-07-02 09:11:02,090 - INFO - Pack Complete run finished. Success: 20, Failed: 0, Total: 20
2026-07-02 09:11:02,091 - INFO - Pack Complete run finished.
2026-07-02 09:11:02,091 - INFO - Waiting 10 seconds before next run...
2026-07-02 09:11:12,093 - INFO - Starting Pack Complete run...
2026-07-02 09:11:12,350 - INFO - Successfully extracted 1 data row(s) for wave information processing.
2026-07-02 09:11:12,350 - INFO - Processing row 1: {'Plant': 1081, 'Environment': 'PROD', 'Wave_number': 'W07012026000000000003;W07012026000000000004'}
2026-07-02 09:11:12,559 - INFO - Processing Task 1/1: Plant 1081 (PROD)
2026-07-02 09:11:12,921 - INFO - Successfully retrieved token.
2026-07-02 09:11:12,921 - INFO - Sending payload to URL: https://nikeaplawmprod1.sce.manh.com/pickpack/api/pickpack/olpn/search
2026-07-02 09:11:13,129 - INFO - Successfully received response for Plant 1081 (PROD)
2026-07-02 09:11:13,426 - INFO - Sending payload to URL: https://nikeaplawmprod1.sce.manh.com/task/api/task/taskDetail/search
2026-07-02 09:11:13,616 - INFO - -> Success: True, Message: None
2026-07-02 09:11:13,617 - INFO - Processing Task 1/1: Plant 1081 (PROD)
2026-07-02 09:11:13,991 - INFO - Successfully retrieved token.
2026-07-02 09:11:13,992 - INFO - Sending payload to URL: https://nikeaplawmprod1.sce.manh.com/pickpack/api/pickpack/olpn/search
2026-07-02 09:11:14,219 - INFO - Successfully received response for Plant 1081 (PROD)
2026-07-02 09:11:14,219 - INFO - Success: Found 20 oLPN row(s) for this task.
2026-07-02 09:11:14,220 - INFO - Processing 20 payloads for Environment: PROD
2026-07-02 09:11:14,741 - INFO - Successfully retrieved token for PROD environment.
2026-07-02 09:11:14,742 - INFO - Sending payloads to URL: https://nikeaplawmprod1.sce.manh.com/pickpack/api/ServiceDefinition/invoke/NIKEEX10PackResultCS_1081
2026-07-02 09:11:14,742 - INFO - Using 10 worker threads for 20 payloads.
2026-07-02 09:11:14,742 - INFO - [PROD] Processing Payload 1/20 for Plant 1081
2026-07-02 09:11:14,743 - INFO - [PROD] Processing Payload 2/20 for Plant 1081
2026-07-02 09:11:14,743 - INFO - [PROD] Processing Payload 3/20 for Plant 1081
2026-07-02 09:11:14,744 - INFO - [PROD] Processing Payload 4/20 for Plant 1081
2026-07-02 09:11:14,745 - INFO - [PROD] Processing Payload 5/20 for Plant 1081
2026-07-02 09:11:14,747 - INFO - [PROD] Processing Payload 6/20 for Plant 1081
2026-07-02 09:11:14,748 - INFO - [PROD] Processing Payload 7/20 for Plant 1081
2026-07-02 09:11:14,749 - INFO - [PROD] Processing Payload 8/20 for Plant 1081
2026-07-02 09:11:14,750 - INFO - [PROD] Processing Payload 9/20 for Plant 1081
2026-07-02 09:11:14,751 - INFO - [PROD] Processing Payload 10/20 for Plant 1081
2026-07-02 09:11:16,072 - INFO - [PROD] Processing Payload 11/20 for Plant 1081
2026-07-02 09:11:16,076 - INFO - [PROD] Processing Payload 12/20 for Plant 1081
2026-07-02 09:11:16,082 - INFO - [PROD] Processing Payload 13/20 for Plant 1081
2026-07-02 09:11:16,095 - INFO - [PROD] Processing Payload 14/20 for Plant 1081
2026-07-02 09:11:16,146 - INFO - [PROD] Processing Payload 15/20 for Plant 1081
2026-07-02 09:11:16,151 - INFO - [PROD] Processing Payload 16/20 for Plant 1081
2026-07-02 09:11:16,157 - INFO - [PROD] Processing Payload 17/20 for Plant 1081
2026-07-02 09:11:16,158 - INFO - [PROD] Processing Payload 18/20 for Plant 1081
2026-07-02 09:11:16,166 - INFO - [PROD] Processing Payload 19/20 for Plant 1081
2026-07-02 09:11:16,184 - INFO - [PROD] Processing Payload 20/20 for Plant 1081
2026-07-02 09:11:17,421 - INFO - Pack Complete run finished. Success: 20, Failed: 0, Total: 20
2026-07-02 09:11:17,422 - INFO - Pack Complete run finished.
2026-07-02 09:11:17,422 - INFO - Waiting 10 seconds before next run...
2026-07-02 09:11:27,430 - INFO - Starting Pack Complete run...
2026-07-02 09:11:27,662 - INFO - Successfully extracted 1 data row(s) for wave information processing.
2026-07-02 09:11:27,662 - INFO - Processing row 1: {'Plant': 1081, 'Environment': 'PROD', 'Wave_number': 'W07012026000000000003;W07012026000000000004'}
2026-07-02 09:11:27,888 - INFO - Processing Task 1/1: Plant 1081 (PROD)
2026-07-02 09:11:28,248 - INFO - Successfully retrieved token.
2026-07-02 09:11:28,249 - INFO - Sending payload to URL: https://nikeaplawmprod1.sce.manh.com/pickpack/api/pickpack/olpn/search
2026-07-02 09:11:28,475 - INFO - Successfully received response for Plant 1081 (PROD)
2026-07-02 09:11:28,805 - INFO - Sending payload to URL: https://nikeaplawmprod1.sce.manh.com/task/api/task/taskDetail/search
2026-07-02 09:11:29,004 - INFO - -> Success: True, Message: None
2026-07-02 09:11:29,008 - INFO - Processing Task 1/1: Plant 1081 (PROD)
2026-07-02 09:11:29,327 - INFO - Successfully retrieved token.
2026-07-02 09:11:29,328 - INFO - Sending payload to URL: https://nikeaplawmprod1.sce.manh.com/pickpack/api/pickpack/olpn/search
2026-07-02 09:11:29,549 - INFO - Successfully received response for Plant 1081 (PROD)
2026-07-02 09:11:29,550 - INFO - Success: Found 20 oLPN row(s) for this task.
2026-07-02 09:11:29,552 - INFO - Processing 20 payloads for Environment: PROD
2026-07-02 09:11:29,919 - INFO - Successfully retrieved token for PROD environment.
2026-07-02 09:11:29,919 - INFO - Sending payloads to URL: https://nikeaplawmprod1.sce.manh.com/pickpack/api/ServiceDefinition/invoke/NIKEEX10PackResultCS_1081
2026-07-02 09:11:29,919 - INFO - Using 10 worker threads for 20 payloads.
2026-07-02 09:11:29,920 - INFO - [PROD] Processing Payload 1/20 for Plant 1081
2026-07-02 09:11:29,920 - INFO - [PROD] Processing Payload 2/20 for Plant 1081
2026-07-02 09:11:29,920 - INFO - [PROD] Processing Payload 3/20 for Plant 1081
2026-07-02 09:11:29,920 - INFO - [PROD] Processing Payload 4/20 for Plant 1081
2026-07-02 09:11:29,921 - INFO - [PROD] Processing Payload 5/20 for Plant 1081
2026-07-02 09:11:29,921 - INFO - [PROD] Processing Payload 6/20 for Plant 1081
2026-07-02 09:11:29,922 - INFO - [PROD] Processing Payload 7/20 for Plant 1081
2026-07-02 09:11:29,922 - INFO - [PROD] Processing Payload 8/20 for Plant 1081
2026-07-02 09:11:29,924 - INFO - [PROD] Processing Payload 9/20 for Plant 1081
2026-07-02 09:11:29,924 - INFO - [PROD] Processing Payload 10/20 for Plant 1081
2026-07-02 09:11:31,200 - INFO - [PROD] Processing Payload 11/20 for Plant 1081
2026-07-02 09:11:31,201 - INFO - [PROD] Processing Payload 12/20 for Plant 1081
2026-07-02 09:11:31,201 - INFO - [PROD] Processing Payload 13/20 for Plant 1081
2026-07-02 09:11:31,202 - INFO - [PROD] Processing Payload 14/20 for Plant 1081
2026-07-02 09:11:31,204 - INFO - [PROD] Processing Payload 15/20 for Plant 1081
2026-07-02 09:11:31,204 - INFO - [PROD] Processing Payload 16/20 for Plant 1081
2026-07-02 09:11:31,233 - INFO - [PROD] Processing Payload 17/20 for Plant 1081
2026-07-02 09:11:31,245 - INFO - [PROD] Processing Payload 18/20 for Plant 1081
2026-07-02 09:11:31,251 - INFO - [PROD] Processing Payload 19/20 for Plant 1081
2026-07-02 09:11:31,262 - INFO - [PROD] Processing Payload 20/20 for Plant 1081
2026-07-02 09:11:32,462 - INFO - Pack Complete run finished. Success: 20, Failed: 0, Total: 20
2026-07-02 09:11:32,462 - INFO - Pack Complete run finished.
2026-07-02 09:11:32,462 - INFO - Waiting 10 seconds before next run...
2026-07-02 09:11:42,465 - INFO - Starting Pack Complete run...
2026-07-02 09:11:42,698 - INFO - Successfully extracted 1 data row(s) for wave information processing.
2026-07-02 09:11:42,698 - INFO - Processing row 1: {'Plant': 1081, 'Environment': 'PROD', 'Wave_number': 'W07012026000000000003;W07012026000000000004'}
2026-07-02 09:11:42,910 - INFO - Processing Task 1/1: Plant 1081 (PROD)
2026-07-02 09:11:43,261 - INFO - Successfully retrieved token.
2026-07-02 09:11:43,261 - INFO - Sending payload to URL: https://nikeaplawmprod1.sce.manh.com/pickpack/api/pickpack/olpn/search
2026-07-02 09:11:43,494 - INFO - Successfully received response for Plant 1081 (PROD)
2026-07-02 09:11:43,903 - INFO - Sending payload to URL: https://nikeaplawmprod1.sce.manh.com/task/api/task/taskDetail/search
2026-07-02 09:11:44,087 - INFO - -> Success: True, Message: None
2026-07-02 09:11:44,091 - INFO - Processing Task 1/1: Plant 1081 (PROD)
2026-07-02 09:11:44,415 - INFO - Successfully retrieved token.
2026-07-02 09:11:44,415 - INFO - Sending payload to URL: https://nikeaplawmprod1.sce.manh.com/pickpack/api/pickpack/olpn/search
2026-07-02 09:11:44,630 - INFO - Successfully received response for Plant 1081 (PROD)
2026-07-02 09:11:44,631 - INFO - Success: Found 20 oLPN row(s) for this task.
2026-07-02 09:11:44,633 - INFO - Processing 20 payloads for Environment: PROD
2026-07-02 09:11:44,965 - INFO - Successfully retrieved token for PROD environment.
2026-07-02 09:11:44,965 - INFO - Sending payloads to URL: https://nikeaplawmprod1.sce.manh.com/pickpack/api/ServiceDefinition/invoke/NIKEEX10PackResultCS_1081
2026-07-02 09:11:44,965 - INFO - Using 10 worker threads for 20 payloads.
2026-07-02 09:11:44,965 - INFO - [PROD] Processing Payload 1/20 for Plant 1081
2026-07-02 09:11:44,965 - INFO - [PROD] Processing Payload 2/20 for Plant 1081
2026-07-02 09:11:44,965 - INFO - [PROD] Processing Payload 3/20 for Plant 1081
2026-07-02 09:11:44,966 - INFO - [PROD] Processing Payload 4/20 for Plant 1081
2026-07-02 09:11:44,967 - INFO - [PROD] Processing Payload 5/20 for Plant 1081
2026-07-02 09:11:44,967 - INFO - [PROD] Processing Payload 6/20 for Plant 1081
2026-07-02 09:11:44,968 - INFO - [PROD] Processing Payload 7/20 for Plant 1081
2026-07-02 09:11:44,968 - INFO - [PROD] Processing Payload 8/20 for Plant 1081
2026-07-02 09:11:44,969 - INFO - [PROD] Processing Payload 9/20 for Plant 1081
2026-07-02 09:11:44,969 - INFO - [PROD] Processing Payload 10/20 for Plant 1081
2026-07-02 09:11:46,050 - INFO - [PROD] Processing Payload 11/20 for Plant 1081
2026-07-02 09:11:46,051 - INFO - [PROD] Processing Payload 12/20 for Plant 1081
2026-07-02 09:11:46,067 - INFO - [PROD] Processing Payload 13/20 for Plant 1081
2026-07-02 09:11:46,107 - INFO - [PROD] Processing Payload 14/20 for Plant 1081
2026-07-02 09:11:46,140 - INFO - [PROD] Processing Payload 15/20 for Plant 1081
2026-07-02 09:11:46,151 - INFO - [PROD] Processing Payload 16/20 for Plant 1081
2026-07-02 09:11:46,174 - INFO - [PROD] Processing Payload 17/20 for Plant 1081
2026-07-02 09:11:46,175 - INFO - [PROD] Processing Payload 18/20 for Plant 1081
2026-07-02 09:11:46,214 - INFO - [PROD] Processing Payload 19/20 for Plant 1081
2026-07-02 09:11:46,266 - INFO - [PROD] Processing Payload 20/20 for Plant 1081
2026-07-02 09:11:47,031 - INFO - Pack Complete run finished. Success: 20, Failed: 0, Total: 20
2026-07-02 09:11:47,032 - INFO - Pack Complete run finished.
2026-07-02 09:11:47,032 - INFO - Waiting 10 seconds before next run...
2026-07-02 09:11:57,037 - INFO - Starting Pack Complete run...
2026-07-02 09:11:57,294 - INFO - Successfully extracted 1 data row(s) for wave information processing.
2026-07-02 09:11:57,294 - INFO - Processing row 1: {'Plant': 1081, 'Environment': 'PROD', 'Wave_number': 'W07012026000000000003;W07012026000000000004'}
2026-07-02 09:11:57,529 - INFO - Processing Task 1/1: Plant 1081 (PROD)
2026-07-02 09:11:57,841 - INFO - Successfully retrieved token.
2026-07-02 09:11:57,841 - INFO - Sending payload to URL: https://nikeaplawmprod1.sce.manh.com/pickpack/api/pickpack/olpn/search
2026-07-02 09:11:58,080 - INFO - Successfully received response for Plant 1081 (PROD)
2026-07-02 09:11:58,545 - INFO - Sending payload to URL: https://nikeaplawmprod1.sce.manh.com/task/api/task/taskDetail/search
2026-07-02 09:11:58,728 - INFO - -> Success: True, Message: None
2026-07-02 09:11:58,732 - INFO - Processing Task 1/1: Plant 1081 (PROD)
2026-07-02 09:11:59,061 - INFO - Successfully retrieved token.
2026-07-02 09:11:59,061 - INFO - Sending payload to URL: https://nikeaplawmprod1.sce.manh.com/pickpack/api/pickpack/olpn/search
2026-07-02 09:11:59,273 - INFO - Successfully received response for Plant 1081 (PROD)
2026-07-02 09:11:59,275 - INFO - Success: Found 20 oLPN row(s) for this task.
2026-07-02 09:11:59,276 - INFO - Processing 20 payloads for Environment: PROD
2026-07-02 09:11:59,630 - INFO - Successfully retrieved token for PROD environment.
2026-07-02 09:11:59,630 - INFO - Sending payloads to URL: https://nikeaplawmprod1.sce.manh.com/pickpack/api/ServiceDefinition/invoke/NIKEEX10PackResultCS_1081
2026-07-02 09:11:59,630 - INFO - Using 10 worker threads for 20 payloads.
2026-07-02 09:11:59,631 - INFO - [PROD] Processing Payload 1/20 for Plant 1081
2026-07-02 09:11:59,631 - INFO - [PROD] Processing Payload 2/20 for Plant 1081
2026-07-02 09:11:59,631 - INFO - [PROD] Processing Payload 3/20 for Plant 1081
2026-07-02 09:11:59,632 - INFO - [PROD] Processing Payload 4/20 for Plant 1081
2026-07-02 09:11:59,633 - INFO - [PROD] Processing Payload 5/20 for Plant 1081
2026-07-02 09:11:59,634 - INFO - [PROD] Processing Payload 6/20 for Plant 1081
2026-07-02 09:11:59,634 - INFO - [PROD] Processing Payload 7/20 for Plant 1081
2026-07-02 09:11:59,635 - INFO - [PROD] Processing Payload 8/20 for Plant 1081
2026-07-02 09:11:59,635 - INFO - [PROD] Processing Payload 9/20 for Plant 1081
2026-07-02 09:11:59,636 - INFO - [PROD] Processing Payload 10/20 for Plant 1081
2026-07-02 09:12:00,697 - INFO - [PROD] Processing Payload 11/20 for Plant 1081
2026-07-02 09:12:00,698 - INFO - [PROD] Processing Payload 12/20 for Plant 1081
2026-07-02 09:12:00,699 - INFO - [PROD] Processing Payload 13/20 for Plant 1081
2026-07-02 09:12:00,699 - INFO - [PROD] Processing Payload 14/20 for Plant 1081
2026-07-02 09:12:00,718 - INFO - [PROD] Processing Payload 15/20 for Plant 1081
2026-07-02 09:12:00,739 - INFO - [PROD] Processing Payload 16/20 for Plant 1081
2026-07-02 09:12:00,745 - INFO - [PROD] Processing Payload 17/20 for Plant 1081
2026-07-02 09:12:01,528 - INFO - [PROD] Processing Payload 18/20 for Plant 1081
2026-07-02 09:12:01,530 - INFO - [PROD] Processing Payload 19/20 for Plant 1081
2026-07-02 09:12:01,575 - INFO - [PROD] Processing Payload 20/20 for Plant 1081
2026-07-02 09:12:04,115 - INFO - Pack Complete run finished. Success: 20, Failed: 0, Total: 20
2026-07-02 09:12:04,117 - INFO - Pack Complete run finished.
2026-07-02 09:12:04,117 - INFO - Waiting 10 seconds before next run...
2026-07-02 09:12:14,122 - INFO - Starting Pack Complete run...
2026-07-02 09:12:14,355 - INFO - Successfully extracted 1 data row(s) for wave information processing.
2026-07-02 09:12:14,356 - INFO - Processing row 1: {'Plant': 1081, 'Environment': 'PROD', 'Wave_number': 'W07012026000000000003;W07012026000000000004'}
2026-07-02 09:12:14,562 - INFO - Processing Task 1/1: Plant 1081 (PROD)
2026-07-02 09:12:14,935 - INFO - Successfully retrieved token.
2026-07-02 09:12:14,935 - INFO - Sending payload to URL: https://nikeaplawmprod1.sce.manh.com/pickpack/api/pickpack/olpn/search
2026-07-02 09:12:15,193 - INFO - Successfully received response for Plant 1081 (PROD)
2026-07-02 09:12:15,538 - INFO - Sending payload to URL: https://nikeaplawmprod1.sce.manh.com/task/api/task/taskDetail/search
2026-07-02 09:12:15,812 - INFO - -> Success: True, Message: None
2026-07-02 09:12:15,816 - INFO - Processing Task 1/1: Plant 1081 (PROD)
2026-07-02 09:12:16,199 - INFO - Successfully retrieved token.
2026-07-02 09:12:16,199 - INFO - Sending payload to URL: https://nikeaplawmprod1.sce.manh.com/pickpack/api/pickpack/olpn/search
2026-07-02 09:12:16,511 - INFO - Successfully received response for Plant 1081 (PROD)
2026-07-02 09:12:16,524 - INFO - Success: Found 20 oLPN row(s) for this task.
2026-07-02 09:12:16,530 - INFO - Processing 20 payloads for Environment: PROD
2026-07-02 09:12:16,857 - INFO - Successfully retrieved token for PROD environment.
2026-07-02 09:12:16,858 - INFO - Sending payloads to URL: https://nikeaplawmprod1.sce.manh.com/pickpack/api/ServiceDefinition/invoke/NIKEEX10PackResultCS_1081
2026-07-02 09:12:16,859 - INFO - Using 10 worker threads for 20 payloads.
2026-07-02 09:12:16,859 - INFO - [PROD] Processing Payload 1/20 for Plant 1081
2026-07-02 09:12:16,860 - INFO - [PROD] Processing Payload 2/20 for Plant 1081
2026-07-02 09:12:16,860 - INFO - [PROD] Processing Payload 3/20 for Plant 1081
2026-07-02 09:12:16,861 - INFO - [PROD] Processing Payload 4/20 for Plant 1081
2026-07-02 09:12:16,862 - INFO - [PROD] Processing Payload 5/20 for Plant 1081
2026-07-02 09:12:16,863 - INFO - [PROD] Processing Payload 6/20 for Plant 1081
2026-07-02 09:12:16,864 - INFO - [PROD] Processing Payload 7/20 for Plant 1081
2026-07-02 09:12:16,865 - INFO - [PROD] Processing Payload 8/20 for Plant 1081
2026-07-02 09:12:16,867 - INFO - [PROD] Processing Payload 9/20 for Plant 1081
2026-07-02 09:12:16,868 - INFO - [PROD] Processing Payload 10/20 for Plant 1081
2026-07-02 09:12:18,118 - INFO - [PROD] Processing Payload 11/20 for Plant 1081
2026-07-02 09:12:18,120 - INFO - [PROD] Processing Payload 12/20 for Plant 1081
2026-07-02 09:12:18,123 - INFO - [PROD] Processing Payload 13/20 for Plant 1081
2026-07-02 09:12:18,125 - INFO - [PROD] Processing Payload 14/20 for Plant 1081
2026-07-02 09:12:18,183 - INFO - [PROD] Processing Payload 15/20 for Plant 1081
2026-07-02 09:12:18,184 - INFO - [PROD] Processing Payload 16/20 for Plant 1081
2026-07-02 09:12:18,865 - INFO - [PROD] Processing Payload 17/20 for Plant 1081
2026-07-02 09:12:18,886 - INFO - [PROD] Processing Payload 18/20 for Plant 1081
2026-07-02 09:12:18,906 - INFO - [PROD] Processing Payload 19/20 for Plant 1081
2026-07-02 09:12:18,928 - INFO - [PROD] Processing Payload 20/20 for Plant 1081
2026-07-02 09:12:21,285 - INFO - Pack Complete run finished. Success: 20, Failed: 0, Total: 20
2026-07-02 09:12:21,286 - INFO - Pack Complete run finished.
2026-07-02 09:12:21,286 - INFO - Waiting 10 seconds before next run...
2026-07-02 09:12:31,291 - INFO - Starting Pack Complete run...
2026-07-02 09:12:31,576 - INFO - Successfully extracted 1 data row(s) for wave information processing.
2026-07-02 09:12:31,576 - INFO - Processing row 1: {'Plant': 1081, 'Environment': 'PROD', 'Wave_number': 'W07012026000000000003;W07012026000000000004'}
2026-07-02 09:12:31,798 - INFO - Processing Task 1/1: Plant 1081 (PROD)
2026-07-02 09:12:32,109 - INFO - Successfully retrieved token.
2026-07-02 09:12:32,110 - INFO - Sending payload to URL: https://nikeaplawmprod1.sce.manh.com/pickpack/api/pickpack/olpn/search
2026-07-02 09:12:32,369 - INFO - Successfully received response for Plant 1081 (PROD)
2026-07-02 09:12:32,740 - INFO - Sending payload to URL: https://nikeaplawmprod1.sce.manh.com/task/api/task/taskDetail/search
2026-07-02 09:12:32,948 - INFO - -> Success: True, Message: None
2026-07-02 09:12:32,950 - INFO - Processing Task 1/1: Plant 1081 (PROD)
2026-07-02 09:12:33,257 - INFO - Successfully retrieved token.
2026-07-02 09:12:33,258 - INFO - Sending payload to URL: https://nikeaplawmprod1.sce.manh.com/pickpack/api/pickpack/olpn/search
2026-07-02 09:12:33,506 - INFO - Successfully received response for Plant 1081 (PROD)
2026-07-02 09:12:33,509 - INFO - Success: Found 20 oLPN row(s) for this task.
2026-07-02 09:12:33,516 - INFO - Processing 20 payloads for Environment: PROD
2026-07-02 09:12:33,880 - INFO - Successfully retrieved token for PROD environment.
2026-07-02 09:12:33,880 - INFO - Sending payloads to URL: https://nikeaplawmprod1.sce.manh.com/pickpack/api/ServiceDefinition/invoke/NIKEEX10PackResultCS_1081
2026-07-02 09:12:33,880 - INFO - Using 10 worker threads for 20 payloads.
2026-07-02 09:12:33,881 - INFO - [PROD] Processing Payload 1/20 for Plant 1081
2026-07-02 09:12:33,882 - INFO - [PROD] Processing Payload 2/20 for Plant 1081
2026-07-02 09:12:33,882 - INFO - [PROD] Processing Payload 3/20 for Plant 1081
2026-07-02 09:12:33,883 - INFO - [PROD] Processing Payload 4/20 for Plant 1081
2026-07-02 09:12:33,883 - INFO - [PROD] Processing Payload 5/20 for Plant 1081
2026-07-02 09:12:33,883 - INFO - [PROD] Processing Payload 6/20 for Plant 1081
2026-07-02 09:12:33,884 - INFO - [PROD] Processing Payload 7/20 for Plant 1081
2026-07-02 09:12:33,884 - INFO - [PROD] Processing Payload 8/20 for Plant 1081
2026-07-02 09:12:33,884 - INFO - [PROD] Processing Payload 9/20 for Plant 1081
2026-07-02 09:12:33,885 - INFO - [PROD] Processing Payload 10/20 for Plant 1081
2026-07-02 09:12:35,096 - INFO - [PROD] Processing Payload 11/20 for Plant 1081
2026-07-02 09:12:35,170 - INFO - [PROD] Processing Payload 12/20 for Plant 1081
2026-07-02 09:12:35,274 - INFO - [PROD] Processing Payload 13/20 for Plant 1081
2026-07-02 09:12:35,280 - INFO - [PROD] Processing Payload 14/20 for Plant 1081
2026-07-02 09:12:35,282 - INFO - [PROD] Processing Payload 15/20 for Plant 1081
2026-07-02 09:12:35,288 - INFO - [PROD] Processing Payload 16/20 for Plant 1081
2026-07-02 09:12:35,296 - INFO - [PROD] Processing Payload 17/20 for Plant 1081
2026-07-02 09:12:35,681 - INFO - [PROD] Processing Payload 18/20 for Plant 1081
2026-07-02 09:12:35,774 - INFO - [PROD] Processing Payload 19/20 for Plant 1081
2026-07-02 09:12:35,952 - INFO - [PROD] Processing Payload 20/20 for Plant 1081
2026-07-02 09:12:41,065 - INFO - Pack Complete run finished. Success: 20, Failed: 0, Total: 20
2026-07-02 09:12:41,065 - INFO - Pack Complete run finished.
2026-07-02 09:12:41,065 - INFO - Waiting 10 seconds before next run...
2026-07-02 09:12:51,074 - INFO - Starting Pack Complete run...
2026-07-02 09:12:51,351 - INFO - Successfully extracted 1 data row(s) for wave information processing.
2026-07-02 09:12:51,351 - INFO - Processing row 1: {'Plant': 1081, 'Environment': 'PROD', 'Wave_number': 'W07012026000000000003;W07012026000000000004'}
2026-07-02 09:12:51,630 - INFO - Processing Task 1/1: Plant 1081 (PROD)
2026-07-02 09:12:51,967 - INFO - Successfully retrieved token.
2026-07-02 09:12:51,971 - INFO - Sending payload to URL: https://nikeaplawmprod1.sce.manh.com/pickpack/api/pickpack/olpn/search
2026-07-02 09:12:52,212 - INFO - Successfully received response for Plant 1081 (PROD)
2026-07-02 09:12:52,564 - INFO - Sending payload to URL: https://nikeaplawmprod1.sce.manh.com/task/api/task/taskDetail/search
2026-07-02 09:12:52,736 - INFO - -> Success: True, Message: None
2026-07-02 09:12:52,737 - INFO - Processing Task 1/1: Plant 1081 (PROD)
2026-07-02 09:12:53,043 - INFO - Successfully retrieved token.
2026-07-02 09:12:53,044 - INFO - Sending payload to URL: https://nikeaplawmprod1.sce.manh.com/pickpack/api/pickpack/olpn/search
2026-07-02 09:12:53,300 - INFO - Successfully received response for Plant 1081 (PROD)
2026-07-02 09:12:53,301 - INFO - Success: Found 20 oLPN row(s) for this task.
2026-07-02 09:12:53,303 - INFO - Processing 20 payloads for Environment: PROD
2026-07-02 09:12:53,724 - INFO - Successfully retrieved token for PROD environment.
2026-07-02 09:12:53,724 - INFO - Sending payloads to URL: https://nikeaplawmprod1.sce.manh.com/pickpack/api/ServiceDefinition/invoke/NIKEEX10PackResultCS_1081
2026-07-02 09:12:53,724 - INFO - Using 10 worker threads for 20 payloads.
2026-07-02 09:12:53,725 - INFO - [PROD] Processing Payload 1/20 for Plant 1081
2026-07-02 09:12:53,725 - INFO - [PROD] Processing Payload 2/20 for Plant 1081
2026-07-02 09:12:53,725 - INFO - [PROD] Processing Payload 3/20 for Plant 1081
2026-07-02 09:12:53,726 - INFO - [PROD] Processing Payload 4/20 for Plant 1081
2026-07-02 09:12:53,729 - INFO - [PROD] Processing Payload 8/20 for Plant 1081
2026-07-02 09:12:53,726 - INFO - [PROD] Processing Payload 5/20 for Plant 1081
2026-07-02 09:12:53,728 - INFO - [PROD] Processing Payload 7/20 for Plant 1081
2026-07-02 09:12:53,727 - INFO - [PROD] Processing Payload 6/20 for Plant 1081
2026-07-02 09:12:53,738 - INFO - [PROD] Processing Payload 9/20 for Plant 1081
2026-07-02 09:12:53,740 - INFO - [PROD] Processing Payload 10/20 for Plant 1081
2026-07-02 09:12:54,791 - INFO - [PROD] Processing Payload 11/20 for Plant 1081
2026-07-02 09:12:54,799 - INFO - [PROD] Processing Payload 12/20 for Plant 1081
2026-07-02 09:12:54,835 - INFO - [PROD] Processing Payload 13/20 for Plant 1081
2026-07-02 09:12:54,853 - INFO - [PROD] Processing Payload 14/20 for Plant 1081
2026-07-02 09:12:54,854 - INFO - [PROD] Processing Payload 15/20 for Plant 1081
2026-07-02 09:12:54,882 - INFO - [PROD] Processing Payload 16/20 for Plant 1081
2026-07-02 09:12:54,927 - INFO - [PROD] Processing Payload 17/20 for Plant 1081
2026-07-02 09:12:54,964 - INFO - [PROD] Processing Payload 18/20 for Plant 1081
2026-07-02 09:12:54,966 - INFO - [PROD] Processing Payload 19/20 for Plant 1081
2026-07-02 09:12:54,975 - INFO - [PROD] Processing Payload 20/20 for Plant 1081
2026-07-02 09:12:55,626 - INFO - Pack Complete run finished. Success: 20, Failed: 0, Total: 20
2026-07-02 09:12:55,627 - INFO - Pack Complete run finished.
2026-07-02 09:12:55,627 - INFO - Waiting 10 seconds before next run...
2026-07-02 09:13:05,632 - INFO - Starting Pack Complete run...
2026-07-02 09:13:05,898 - INFO - Successfully extracted 1 data row(s) for wave information processing.
2026-07-02 09:13:05,898 - INFO - Processing row 1: {'Plant': 1081, 'Environment': 'PROD', 'Wave_number': 'W07012026000000000003;W07012026000000000004'}
2026-07-02 09:13:06,139 - INFO - Processing Task 1/1: Plant 1081 (PROD)
2026-07-02 09:13:06,478 - INFO - Successfully retrieved token.
2026-07-02 09:13:06,479 - INFO - Sending payload to URL: https://nikeaplawmprod1.sce.manh.com/pickpack/api/pickpack/olpn/search
2026-07-02 09:13:06,713 - INFO - Successfully received response for Plant 1081 (PROD)
2026-07-02 09:13:07,106 - INFO - Sending payload to URL: https://nikeaplawmprod1.sce.manh.com/task/api/task/taskDetail/search
2026-07-02 09:13:07,321 - INFO - -> Success: True, Message: None
2026-07-02 09:13:07,328 - INFO - Processing Task 1/1: Plant 1081 (PROD)
2026-07-02 09:13:07,683 - INFO - Successfully retrieved token.
2026-07-02 09:13:07,684 - INFO - Sending payload to URL: https://nikeaplawmprod1.sce.manh.com/pickpack/api/pickpack/olpn/search
2026-07-02 09:13:07,961 - INFO - Successfully received response for Plant 1081 (PROD)
2026-07-02 09:13:07,964 - INFO - Success: Found 20 oLPN row(s) for this task.
2026-07-02 09:13:07,971 - INFO - Processing 20 payloads for Environment: PROD
2026-07-02 09:13:08,331 - INFO - Successfully retrieved token for PROD environment.
2026-07-02 09:13:08,331 - INFO - Sending payloads to URL: https://nikeaplawmprod1.sce.manh.com/pickpack/api/ServiceDefinition/invoke/NIKEEX10PackResultCS_1081
2026-07-02 09:13:08,332 - INFO - Using 10 worker threads for 20 payloads.
2026-07-02 09:13:08,333 - INFO - [PROD] Processing Payload 1/20 for Plant 1081
2026-07-02 09:13:08,334 - INFO - [PROD] Processing Payload 2/20 for Plant 1081
2026-07-02 09:13:08,337 - INFO - [PROD] Processing Payload 3/20 for Plant 1081
2026-07-02 09:13:08,339 - INFO - [PROD] Processing Payload 4/20 for Plant 1081
2026-07-02 09:13:08,341 - INFO - [PROD] Processing Payload 5/20 for Plant 1081
2026-07-02 09:13:08,342 - INFO - [PROD] Processing Payload 6/20 for Plant 1081
2026-07-02 09:13:08,344 - INFO - [PROD] Processing Payload 7/20 for Plant 1081
2026-07-02 09:13:08,344 - INFO - [PROD] Processing Payload 8/20 for Plant 1081
2026-07-02 09:13:08,347 - INFO - [PROD] Processing Payload 9/20 for Plant 1081
2026-07-02 09:13:08,349 - INFO - [PROD] Processing Payload 10/20 for Plant 1081
2026-07-02 09:13:09,416 - INFO - [PROD] Processing Payload 11/20 for Plant 1081
2026-07-02 09:13:09,433 - INFO - [PROD] Processing Payload 12/20 for Plant 1081
2026-07-02 09:13:09,461 - INFO - [PROD] Processing Payload 13/20 for Plant 1081
2026-07-02 09:13:09,553 - INFO - [PROD] Processing Payload 14/20 for Plant 1081
2026-07-02 09:13:09,559 - INFO - [PROD] Processing Payload 15/20 for Plant 1081
2026-07-02 09:13:09,614 - INFO - [PROD] Processing Payload 16/20 for Plant 1081
2026-07-02 09:13:09,633 - INFO - [PROD] Processing Payload 17/20 for Plant 1081
2026-07-02 09:13:09,634 - INFO - [PROD] Processing Payload 18/20 for Plant 1081
2026-07-02 09:13:09,666 - INFO - [PROD] Processing Payload 19/20 for Plant 1081
2026-07-02 09:13:09,721 - INFO - [PROD] Processing Payload 20/20 for Plant 1081
2026-07-02 09:13:10,536 - INFO - Pack Complete run finished. Success: 20, Failed: 0, Total: 20
2026-07-02 09:13:10,536 - INFO - Pack Complete run finished.
2026-07-02 09:13:10,536 - INFO - Waiting 10 seconds before next run...
2026-07-02 09:13:20,540 - INFO - Starting Pack Complete run...
2026-07-02 09:13:20,796 - INFO - Successfully extracted 1 data row(s) for wave information processing.
2026-07-02 09:13:20,796 - INFO - Processing row 1: {'Plant': 1081, 'Environment': 'PROD', 'Wave_number': 'W07012026000000000003;W07012026000000000004'}
2026-07-02 09:13:21,000 - INFO - Processing Task 1/1: Plant 1081 (PROD)
2026-07-02 09:13:21,308 - INFO - Successfully retrieved token.
2026-07-02 09:13:21,309 - INFO - Sending payload to URL: https://nikeaplawmprod1.sce.manh.com/pickpack/api/pickpack/olpn/search
2026-07-02 09:13:21,558 - INFO - Successfully received response for Plant 1081 (PROD)
2026-07-02 09:13:21,905 - INFO - Sending payload to URL: https://nikeaplawmprod1.sce.manh.com/task/api/task/taskDetail/search
2026-07-02 09:13:22,123 - INFO - -> Success: True, Message: None
2026-07-02 09:13:22,134 - INFO - Processing Task 1/1: Plant 1081 (PROD)
2026-07-02 09:13:22,551 - INFO - Successfully retrieved token.
2026-07-02 09:13:22,551 - INFO - Sending payload to URL: https://nikeaplawmprod1.sce.manh.com/pickpack/api/pickpack/olpn/search
2026-07-02 09:13:22,776 - INFO - Successfully received response for Plant 1081 (PROD)
2026-07-02 09:13:22,779 - INFO - Success: Found 20 oLPN row(s) for this task.
2026-07-02 09:13:22,785 - INFO - Processing 20 payloads for Environment: PROD
2026-07-02 09:13:23,183 - INFO - Successfully retrieved token for PROD environment.
2026-07-02 09:13:23,183 - INFO - Sending payloads to URL: https://nikeaplawmprod1.sce.manh.com/pickpack/api/ServiceDefinition/invoke/NIKEEX10PackResultCS_1081
2026-07-02 09:13:23,184 - INFO - Using 10 worker threads for 20 payloads.
2026-07-02 09:13:23,184 - INFO - [PROD] Processing Payload 1/20 for Plant 1081
2026-07-02 09:13:23,185 - INFO - [PROD] Processing Payload 2/20 for Plant 1081
2026-07-02 09:13:23,185 - INFO - [PROD] Processing Payload 3/20 for Plant 1081
2026-07-02 09:13:23,187 - INFO - [PROD] Processing Payload 4/20 for Plant 1081
2026-07-02 09:13:23,189 - INFO - [PROD] Processing Payload 5/20 for Plant 1081
2026-07-02 09:13:23,191 - INFO - [PROD] Processing Payload 6/20 for Plant 1081
2026-07-02 09:13:23,194 - INFO - [PROD] Processing Payload 7/20 for Plant 1081
2026-07-02 09:13:23,200 - INFO - [PROD] Processing Payload 8/20 for Plant 1081
2026-07-02 09:13:23,201 - INFO - [PROD] Processing Payload 9/20 for Plant 1081
2026-07-02 09:13:23,202 - INFO - [PROD] Processing Payload 10/20 for Plant 1081
2026-07-02 09:13:23,209 - ERROR - ERROR: API request failed for payload 9: HTTPSConnectionPool(host='nikeaplawmprod1.sce.manh.com', port=443): Max retries exceeded with url: /pickpack/api/ServiceDefinition/invoke/NIKEEX10PackResultCS_1081 (Caused by NameResolutionError("<urllib3.connection.HTTPSConnection object at 0x11055ae90>: Failed to resolve 'nikeaplawmprod1.sce.manh.com' ([Errno 8] nodename nor servname provided, or not known)"))
2026-07-02 09:13:23,210 - INFO - [PROD] Processing Payload 11/20 for Plant 1081
2026-07-02 09:13:24,525 - INFO - [PROD] Processing Payload 12/20 for Plant 1081
2026-07-02 09:13:24,534 - INFO - [PROD] Processing Payload 13/20 for Plant 1081
2026-07-02 09:13:24,558 - INFO - [PROD] Processing Payload 14/20 for Plant 1081
2026-07-02 09:13:24,568 - INFO - [PROD] Processing Payload 15/20 for Plant 1081
2026-07-02 09:13:24,578 - INFO - [PROD] Processing Payload 16/20 for Plant 1081
2026-07-02 09:13:24,597 - INFO - [PROD] Processing Payload 17/20 for Plant 1081
2026-07-02 09:13:24,611 - INFO - [PROD] Processing Payload 18/20 for Plant 1081
2026-07-02 09:13:24,663 - INFO - [PROD] Processing Payload 19/20 for Plant 1081
2026-07-02 09:13:24,670 - INFO - [PROD] Processing Payload 20/20 for Plant 1081
2026-07-02 09:13:25,737 - INFO - Pack Complete run finished. Success: 19, Failed: 1, Total: 20
2026-07-02 09:13:25,737 - INFO - Pack Complete run finished.
2026-07-02 09:13:25,737 - INFO - Waiting 10 seconds before next run...
2026-07-02 09:13:35,743 - INFO - Starting Pack Complete run...
2026-07-02 09:13:35,999 - INFO - Successfully extracted 1 data row(s) for wave information processing.
2026-07-02 09:13:35,999 - INFO - Processing row 1: {'Plant': 1081, 'Environment': 'PROD', 'Wave_number': 'W07012026000000000003;W07012026000000000004'}
2026-07-02 09:13:36,229 - INFO - Processing Task 1/1: Plant 1081 (PROD)
2026-07-02 09:13:36,554 - INFO - Successfully retrieved token.
2026-07-02 09:13:36,555 - INFO - Sending payload to URL: https://nikeaplawmprod1.sce.manh.com/pickpack/api/pickpack/olpn/search
2026-07-02 09:13:36,805 - INFO - Successfully received response for Plant 1081 (PROD)
2026-07-02 09:13:37,368 - INFO - Sending payload to URL: https://nikeaplawmprod1.sce.manh.com/task/api/task/taskDetail/search
2026-07-02 09:13:37,576 - INFO - -> Success: True, Message: None
2026-07-02 09:13:37,578 - INFO - Processing Task 1/1: Plant 1081 (PROD)
2026-07-02 09:13:37,927 - INFO - Successfully retrieved token.
2026-07-02 09:13:37,928 - INFO - Sending payload to URL: https://nikeaplawmprod1.sce.manh.com/pickpack/api/pickpack/olpn/search
2026-07-02 09:13:38,164 - INFO - Successfully received response for Plant 1081 (PROD)
2026-07-02 09:13:38,166 - INFO - Success: Found 20 oLPN row(s) for this task.
2026-07-02 09:13:38,172 - INFO - Processing 20 payloads for Environment: PROD
2026-07-02 09:13:38,505 - INFO - Successfully retrieved token for PROD environment.
2026-07-02 09:13:38,506 - INFO - Sending payloads to URL: https://nikeaplawmprod1.sce.manh.com/pickpack/api/ServiceDefinition/invoke/NIKEEX10PackResultCS_1081
2026-07-02 09:13:38,506 - INFO - Using 10 worker threads for 20 payloads.
2026-07-02 09:13:38,507 - INFO - [PROD] Processing Payload 1/20 for Plant 1081
2026-07-02 09:13:38,507 - INFO - [PROD] Processing Payload 2/20 for Plant 1081
2026-07-02 09:13:38,508 - INFO - [PROD] Processing Payload 3/20 for Plant 1081
2026-07-02 09:13:38,508 - INFO - [PROD] Processing Payload 4/20 for Plant 1081
2026-07-02 09:13:38,511 - INFO - [PROD] Processing Payload 8/20 for Plant 1081
2026-07-02 09:13:38,508 - INFO - [PROD] Processing Payload 5/20 for Plant 1081
2026-07-02 09:13:38,517 - INFO - [PROD] Processing Payload 9/20 for Plant 1081
2026-07-02 09:13:38,510 - INFO - [PROD] Processing Payload 7/20 for Plant 1081
2026-07-02 09:13:38,510 - INFO - [PROD] Processing Payload 6/20 for Plant 1081
2026-07-02 09:13:38,520 - INFO - [PROD] Processing Payload 10/20 for Plant 1081
2026-07-02 09:13:39,826 - INFO - [PROD] Processing Payload 11/20 for Plant 1081
2026-07-02 09:13:39,913 - INFO - [PROD] Processing Payload 12/20 for Plant 1081
2026-07-02 09:13:39,926 - INFO - [PROD] Processing Payload 13/20 for Plant 1081
2026-07-02 09:13:40,058 - INFO - [PROD] Processing Payload 14/20 for Plant 1081
2026-07-02 09:13:40,085 - INFO - [PROD] Processing Payload 15/20 for Plant 1081
2026-07-02 09:13:40,093 - INFO - [PROD] Processing Payload 16/20 for Plant 1081
2026-07-02 09:13:40,129 - INFO - [PROD] Processing Payload 17/20 for Plant 1081
2026-07-02 09:13:40,140 - INFO - [PROD] Processing Payload 18/20 for Plant 1081
2026-07-02 09:13:40,177 - INFO - [PROD] Processing Payload 19/20 for Plant 1081
2026-07-02 09:13:40,178 - INFO - [PROD] Processing Payload 20/20 for Plant 1081
2026-07-02 09:13:41,231 - INFO - Pack Complete run finished. Success: 20, Failed: 0, Total: 20
2026-07-02 09:13:41,233 - INFO - Pack Complete run finished.
2026-07-02 09:13:41,233 - INFO - Waiting 10 seconds before next run...
2026-07-02 09:13:51,238 - INFO - Starting Pack Complete run...
2026-07-02 09:13:51,501 - INFO - Successfully extracted 1 data row(s) for wave information processing.
2026-07-02 09:13:51,501 - INFO - Processing row 1: {'Plant': 1081, 'Environment': 'PROD', 'Wave_number': 'W07012026000000000003;W07012026000000000004'}
2026-07-02 09:13:51,705 - INFO - Processing Task 1/1: Plant 1081 (PROD)
2026-07-02 09:13:52,004 - INFO - Successfully retrieved token.
2026-07-02 09:13:52,005 - INFO - Sending payload to URL: https://nikeaplawmprod1.sce.manh.com/pickpack/api/pickpack/olpn/search
2026-07-02 09:13:52,256 - INFO - Successfully received response for Plant 1081 (PROD)
2026-07-02 09:13:52,630 - INFO - Sending payload to URL: https://nikeaplawmprod1.sce.manh.com/task/api/task/taskDetail/search
2026-07-02 09:13:52,843 - INFO - -> Success: True, Message: None
2026-07-02 09:13:52,854 - INFO - Processing Task 1/1: Plant 1081 (PROD)
2026-07-02 09:13:53,210 - INFO - Successfully retrieved token.
2026-07-02 09:13:53,210 - INFO - Sending payload to URL: https://nikeaplawmprod1.sce.manh.com/pickpack/api/pickpack/olpn/search
2026-07-02 09:13:53,464 - INFO - Successfully received response for Plant 1081 (PROD)
2026-07-02 09:13:53,468 - INFO - Success: Found 20 oLPN row(s) for this task.
2026-07-02 09:13:53,479 - INFO - Processing 20 payloads for Environment: PROD
2026-07-02 09:13:53,843 - INFO - Successfully retrieved token for PROD environment.
2026-07-02 09:13:53,844 - INFO - Sending payloads to URL: https://nikeaplawmprod1.sce.manh.com/pickpack/api/ServiceDefinition/invoke/NIKEEX10PackResultCS_1081
2026-07-02 09:13:53,844 - INFO - Using 10 worker threads for 20 payloads.
2026-07-02 09:13:53,845 - INFO - [PROD] Processing Payload 1/20 for Plant 1081
2026-07-02 09:13:53,846 - INFO - [PROD] Processing Payload 2/20 for Plant 1081
2026-07-02 09:13:53,848 - INFO - [PROD] Processing Payload 3/20 for Plant 1081
2026-07-02 09:13:53,849 - INFO - [PROD] Processing Payload 4/20 for Plant 1081
2026-07-02 09:13:53,853 - INFO - [PROD] Processing Payload 5/20 for Plant 1081
2026-07-02 09:13:53,861 - INFO - [PROD] Processing Payload 6/20 for Plant 1081
2026-07-02 09:13:53,864 - INFO - [PROD] Processing Payload 7/20 for Plant 1081
2026-07-02 09:13:53,864 - INFO - [PROD] Processing Payload 8/20 for Plant 1081
2026-07-02 09:13:53,865 - INFO - [PROD] Processing Payload 9/20 for Plant 1081
2026-07-02 09:13:53,865 - INFO - [PROD] Processing Payload 10/20 for Plant 1081
2026-07-02 09:13:55,211 - INFO - [PROD] Processing Payload 11/20 for Plant 1081
2026-07-02 09:13:55,222 - INFO - [PROD] Processing Payload 12/20 for Plant 1081
2026-07-02 09:13:55,277 - INFO - [PROD] Processing Payload 13/20 for Plant 1081
2026-07-02 09:13:55,356 - INFO - [PROD] Processing Payload 14/20 for Plant 1081
2026-07-02 09:13:55,369 - INFO - [PROD] Processing Payload 15/20 for Plant 1081
2026-07-02 09:13:55,376 - INFO - [PROD] Processing Payload 16/20 for Plant 1081
2026-07-02 09:13:55,382 - INFO - [PROD] Processing Payload 17/20 for Plant 1081
2026-07-02 09:13:55,475 - INFO - [PROD] Processing Payload 18/20 for Plant 1081
2026-07-02 09:13:55,805 - INFO - [PROD] Processing Payload 19/20 for Plant 1081
2026-07-02 09:13:55,812 - INFO - [PROD] Processing Payload 20/20 for Plant 1081
2026-07-02 09:13:59,078 - INFO - Pack Complete run finished. Success: 20, Failed: 0, Total: 20
2026-07-02 09:13:59,079 - INFO - Pack Complete run finished.
2026-07-02 09:13:59,079 - INFO - Waiting 10 seconds before next run...
2026-07-02 09:14:09,084 - INFO - Starting Pack Complete run...
2026-07-02 09:14:09,343 - INFO - Successfully extracted 1 data row(s) for wave information processing.
2026-07-02 09:14:09,343 - INFO - Processing row 1: {'Plant': 1081, 'Environment': 'PROD', 'Wave_number': 'W07012026000000000003;W07012026000000000004'}
2026-07-02 09:14:09,569 - INFO - Processing Task 1/1: Plant 1081 (PROD)
2026-07-02 09:14:09,945 - INFO - Successfully retrieved token.
2026-07-02 09:14:09,945 - INFO - Sending payload to URL: https://nikeaplawmprod1.sce.manh.com/pickpack/api/pickpack/olpn/search
2026-07-02 09:14:10,188 - INFO - Successfully received response for Plant 1081 (PROD)
2026-07-02 09:14:10,569 - INFO - Sending payload to URL: https://nikeaplawmprod1.sce.manh.com/task/api/task/taskDetail/search
2026-07-02 09:14:10,787 - INFO - -> Success: True, Message: None
2026-07-02 09:14:10,793 - INFO - Processing Task 1/1: Plant 1081 (PROD)
2026-07-02 09:14:11,195 - INFO - Successfully retrieved token.
2026-07-02 09:14:11,195 - INFO - Sending payload to URL: https://nikeaplawmprod1.sce.manh.com/pickpack/api/pickpack/olpn/search
2026-07-02 09:14:11,413 - INFO - Successfully received response for Plant 1081 (PROD)
2026-07-02 09:14:11,416 - INFO - Success: Found 20 oLPN row(s) for this task.
2026-07-02 09:14:11,421 - INFO - Processing 20 payloads for Environment: PROD
2026-07-02 09:14:11,884 - INFO - Successfully retrieved token for PROD environment.
2026-07-02 09:14:11,884 - INFO - Sending payloads to URL: https://nikeaplawmprod1.sce.manh.com/pickpack/api/ServiceDefinition/invoke/NIKEEX10PackResultCS_1081
2026-07-02 09:14:11,884 - INFO - Using 10 worker threads for 20 payloads.
2026-07-02 09:14:11,885 - INFO - [PROD] Processing Payload 1/20 for Plant 1081
2026-07-02 09:14:11,885 - INFO - [PROD] Processing Payload 2/20 for Plant 1081
2026-07-02 09:14:11,886 - INFO - [PROD] Processing Payload 3/20 for Plant 1081
2026-07-02 09:14:11,891 - INFO - [PROD] Processing Payload 4/20 for Plant 1081
2026-07-02 09:14:11,895 - INFO - [PROD] Processing Payload 6/20 for Plant 1081
2026-07-02 09:14:11,893 - INFO - [PROD] Processing Payload 5/20 for Plant 1081
2026-07-02 09:14:11,899 - INFO - [PROD] Processing Payload 7/20 for Plant 1081
2026-07-02 09:14:11,901 - INFO - [PROD] Processing Payload 8/20 for Plant 1081
2026-07-02 09:14:11,902 - INFO - [PROD] Processing Payload 9/20 for Plant 1081
2026-07-02 09:14:11,903 - INFO - [PROD] Processing Payload 10/20 for Plant 1081
2026-07-02 09:14:13,311 - INFO - [PROD] Processing Payload 11/20 for Plant 1081
2026-07-02 09:14:13,318 - INFO - [PROD] Processing Payload 12/20 for Plant 1081
2026-07-02 09:14:13,323 - INFO - [PROD] Processing Payload 13/20 for Plant 1081
2026-07-02 09:14:13,327 - INFO - [PROD] Processing Payload 14/20 for Plant 1081
2026-07-02 09:14:13,328 - INFO - [PROD] Processing Payload 15/20 for Plant 1081
2026-07-02 09:14:13,352 - INFO - [PROD] Processing Payload 16/20 for Plant 1081
2026-07-02 09:14:13,360 - INFO - [PROD] Processing Payload 17/20 for Plant 1081
2026-07-02 09:14:13,401 - INFO - [PROD] Processing Payload 18/20 for Plant 1081
2026-07-02 09:14:13,403 - INFO - [PROD] Processing Payload 19/20 for Plant 1081
2026-07-02 09:14:13,415 - INFO - [PROD] Processing Payload 20/20 for Plant 1081
2026-07-02 09:14:14,943 - INFO - Pack Complete run finished. Success: 20, Failed: 0, Total: 20
2026-07-02 09:14:14,944 - INFO - Pack Complete run finished.
2026-07-02 09:14:14,944 - INFO - Waiting 10 seconds before next run...
2026-07-02 09:14:24,949 - INFO - Starting Pack Complete run...
2026-07-02 09:14:25,210 - INFO - Successfully extracted 1 data row(s) for wave information processing.
2026-07-02 09:14:25,210 - INFO - Processing row 1: {'Plant': 1081, 'Environment': 'PROD', 'Wave_number': 'W07012026000000000003;W07012026000000000004'}
2026-07-02 09:14:25,417 - INFO - Processing Task 1/1: Plant 1081 (PROD)
2026-07-02 09:14:25,752 - INFO - Successfully retrieved token.
2026-07-02 09:14:25,752 - INFO - Sending payload to URL: https://nikeaplawmprod1.sce.manh.com/pickpack/api/pickpack/olpn/search
2026-07-02 09:14:26,004 - INFO - Successfully received response for Plant 1081 (PROD)
2026-07-02 09:14:26,364 - INFO - Sending payload to URL: https://nikeaplawmprod1.sce.manh.com/task/api/task/taskDetail/search
2026-07-02 09:14:26,573 - INFO - -> Success: True, Message: None
2026-07-02 09:14:26,578 - INFO - Processing Task 1/1: Plant 1081 (PROD)
2026-07-02 09:14:26,967 - INFO - Successfully retrieved token.
2026-07-02 09:14:26,967 - INFO - Sending payload to URL: https://nikeaplawmprod1.sce.manh.com/pickpack/api/pickpack/olpn/search
2026-07-02 09:14:27,216 - INFO - Successfully received response for Plant 1081 (PROD)
2026-07-02 09:14:27,218 - INFO - Success: Found 20 oLPN row(s) for this task.
2026-07-02 09:14:27,219 - INFO - Processing 20 payloads for Environment: PROD
2026-07-02 09:14:27,549 - INFO - Successfully retrieved token for PROD environment.
2026-07-02 09:14:27,550 - INFO - Sending payloads to URL: https://nikeaplawmprod1.sce.manh.com/pickpack/api/ServiceDefinition/invoke/NIKEEX10PackResultCS_1081
2026-07-02 09:14:27,550 - INFO - Using 10 worker threads for 20 payloads.
2026-07-02 09:14:27,550 - INFO - [PROD] Processing Payload 1/20 for Plant 1081
2026-07-02 09:14:27,550 - INFO - [PROD] Processing Payload 2/20 for Plant 1081
2026-07-02 09:14:27,551 - INFO - [PROD] Processing Payload 3/20 for Plant 1081
2026-07-02 09:14:27,551 - INFO - [PROD] Processing Payload 4/20 for Plant 1081
2026-07-02 09:14:27,552 - INFO - [PROD] Processing Payload 5/20 for Plant 1081
2026-07-02 09:14:27,553 - INFO - [PROD] Processing Payload 6/20 for Plant 1081
2026-07-02 09:14:27,556 - INFO - [PROD] Processing Payload 7/20 for Plant 1081
2026-07-02 09:14:27,559 - INFO - [PROD] Processing Payload 8/20 for Plant 1081
2026-07-02 09:14:27,564 - INFO - [PROD] Processing Payload 9/20 for Plant 1081
2026-07-02 09:14:27,568 - INFO - [PROD] Processing Payload 10/20 for Plant 1081
2026-07-02 09:14:28,858 - INFO - [PROD] Processing Payload 11/20 for Plant 1081
2026-07-02 09:14:28,895 - INFO - [PROD] Processing Payload 12/20 for Plant 1081
2026-07-02 09:14:28,932 - INFO - [PROD] Processing Payload 13/20 for Plant 1081
2026-07-02 09:14:28,937 - INFO - [PROD] Processing Payload 14/20 for Plant 1081
2026-07-02 09:14:28,942 - INFO - [PROD] Processing Payload 15/20 for Plant 1081
2026-07-02 09:14:28,949 - INFO - [PROD] Processing Payload 16/20 for Plant 1081
2026-07-02 09:14:28,953 - INFO - [PROD] Processing Payload 17/20 for Plant 1081
2026-07-02 09:14:28,970 - INFO - [PROD] Processing Payload 18/20 for Plant 1081
2026-07-02 09:14:28,983 - INFO - [PROD] Processing Payload 19/20 for Plant 1081
2026-07-02 09:14:28,986 - INFO - [PROD] Processing Payload 20/20 for Plant 1081
2026-07-02 09:14:30,447 - INFO - Pack Complete run finished. Success: 20, Failed: 0, Total: 20
2026-07-02 09:14:30,448 - INFO - Pack Complete run finished.
2026-07-02 09:14:30,448 - INFO - Waiting 10 seconds before next run...
2026-07-02 09:14:40,457 - INFO - Starting Pack Complete run...
2026-07-02 09:14:40,719 - INFO - Successfully extracted 1 data row(s) for wave information processing.
2026-07-02 09:14:40,719 - INFO - Processing row 1: {'Plant': 1081, 'Environment': 'PROD', 'Wave_number': 'W07012026000000000003;W07012026000000000004'}
2026-07-02 09:14:40,947 - INFO - Processing Task 1/1: Plant 1081 (PROD)
2026-07-02 09:14:41,337 - INFO - Successfully retrieved token.
2026-07-02 09:14:41,337 - INFO - Sending payload to URL: https://nikeaplawmprod1.sce.manh.com/pickpack/api/pickpack/olpn/search
2026-07-02 09:14:41,579 - INFO - Successfully received response for Plant 1081 (PROD)
2026-07-02 09:14:41,937 - INFO - Sending payload to URL: https://nikeaplawmprod1.sce.manh.com/task/api/task/taskDetail/search
2026-07-02 09:14:42,134 - INFO - -> Success: True, Message: None
2026-07-02 09:14:42,140 - INFO - Processing Task 1/1: Plant 1081 (PROD)
2026-07-02 09:14:42,507 - INFO - Successfully retrieved token.
2026-07-02 09:14:42,508 - INFO - Sending payload to URL: https://nikeaplawmprod1.sce.manh.com/pickpack/api/pickpack/olpn/search
2026-07-02 09:14:42,755 - INFO - Successfully received response for Plant 1081 (PROD)
2026-07-02 09:14:42,758 - INFO - Success: Found 20 oLPN row(s) for this task.
2026-07-02 09:14:42,763 - INFO - Processing 20 payloads for Environment: PROD
2026-07-02 09:14:43,135 - INFO - Successfully retrieved token for PROD environment.
2026-07-02 09:14:43,136 - INFO - Sending payloads to URL: https://nikeaplawmprod1.sce.manh.com/pickpack/api/ServiceDefinition/invoke/NIKEEX10PackResultCS_1081
2026-07-02 09:14:43,136 - INFO - Using 10 worker threads for 20 payloads.
2026-07-02 09:14:43,136 - INFO - [PROD] Processing Payload 1/20 for Plant 1081
2026-07-02 09:14:43,137 - INFO - [PROD] Processing Payload 2/20 for Plant 1081
2026-07-02 09:14:43,137 - INFO - [PROD] Processing Payload 3/20 for Plant 1081
2026-07-02 09:14:43,138 - INFO - [PROD] Processing Payload 4/20 for Plant 1081
2026-07-02 09:14:43,138 - INFO - [PROD] Processing Payload 5/20 for Plant 1081
2026-07-02 09:14:43,139 - INFO - [PROD] Processing Payload 6/20 for Plant 1081
2026-07-02 09:14:43,139 - INFO - [PROD] Processing Payload 7/20 for Plant 1081
2026-07-02 09:14:43,140 - INFO - [PROD] Processing Payload 8/20 for Plant 1081
2026-07-02 09:14:43,143 - INFO - [PROD] Processing Payload 9/20 for Plant 1081
2026-07-02 09:14:43,144 - INFO - [PROD] Processing Payload 10/20 for Plant 1081
2026-07-02 09:14:44,683 - INFO - [PROD] Processing Payload 11/20 for Plant 1081
2026-07-02 09:14:44,696 - INFO - [PROD] Processing Payload 12/20 for Plant 1081
2026-07-02 09:14:44,710 - INFO - [PROD] Processing Payload 13/20 for Plant 1081
2026-07-02 09:14:44,852 - INFO - [PROD] Processing Payload 14/20 for Plant 1081
2026-07-02 09:14:44,903 - INFO - [PROD] Processing Payload 15/20 for Plant 1081
2026-07-02 09:14:45,152 - INFO - [PROD] Processing Payload 16/20 for Plant 1081
2026-07-02 09:14:45,385 - INFO - [PROD] Processing Payload 17/20 for Plant 1081
2026-07-02 09:14:45,490 - INFO - [PROD] Processing Payload 18/20 for Plant 1081
2026-07-02 09:14:45,529 - INFO - [PROD] Processing Payload 19/20 for Plant 1081
2026-07-02 09:14:45,567 - INFO - [PROD] Processing Payload 20/20 for Plant 1081
2026-07-02 09:14:46,299 - INFO - Pack Complete run finished. Success: 20, Failed: 0, Total: 20
2026-07-02 09:14:46,300 - INFO - Pack Complete run finished.
2026-07-02 09:14:46,300 - INFO - Waiting 10 seconds before next run...
2026-07-02 09:14:56,301 - INFO - Starting Pack Complete run...
2026-07-02 09:14:56,565 - INFO - Successfully extracted 1 data row(s) for wave information processing.
2026-07-02 09:14:56,565 - INFO - Processing row 1: {'Plant': 1081, 'Environment': 'PROD', 'Wave_number': 'W07012026000000000003;W07012026000000000004'}
2026-07-02 09:14:56,773 - INFO - Processing Task 1/1: Plant 1081 (PROD)
2026-07-02 09:14:57,181 - INFO - Successfully retrieved token.
2026-07-02 09:14:57,181 - INFO - Sending payload to URL: https://nikeaplawmprod1.sce.manh.com/pickpack/api/pickpack/olpn/search
2026-07-02 09:14:57,418 - INFO - Successfully received response for Plant 1081 (PROD)
2026-07-02 09:14:57,759 - INFO - Sending payload to URL: https://nikeaplawmprod1.sce.manh.com/task/api/task/taskDetail/search
2026-07-02 09:14:57,985 - INFO - -> Success: True, Message: None
2026-07-02 09:14:57,992 - INFO - Processing Task 1/1: Plant 1081 (PROD)
2026-07-02 09:14:58,367 - INFO - Successfully retrieved token.
2026-07-02 09:14:58,368 - INFO - Sending payload to URL: https://nikeaplawmprod1.sce.manh.com/pickpack/api/pickpack/olpn/search
2026-07-02 09:14:58,612 - INFO - Successfully received response for Plant 1081 (PROD)
2026-07-02 09:14:58,614 - INFO - Success: Found 20 oLPN row(s) for this task.
2026-07-02 09:14:58,621 - INFO - Processing 20 payloads for Environment: PROD
2026-07-02 09:14:59,085 - INFO - Successfully retrieved token for PROD environment.
2026-07-02 09:14:59,086 - INFO - Sending payloads to URL: https://nikeaplawmprod1.sce.manh.com/pickpack/api/ServiceDefinition/invoke/NIKEEX10PackResultCS_1081
2026-07-02 09:14:59,086 - INFO - Using 10 worker threads for 20 payloads.
2026-07-02 09:14:59,087 - INFO - [PROD] Processing Payload 1/20 for Plant 1081
2026-07-02 09:14:59,087 - INFO - [PROD] Processing Payload 2/20 for Plant 1081
2026-07-02 09:14:59,090 - INFO - [PROD] Processing Payload 3/20 for Plant 1081
2026-07-02 09:14:59,095 - INFO - [PROD] Processing Payload 4/20 for Plant 1081
2026-07-02 09:14:59,098 - INFO - [PROD] Processing Payload 5/20 for Plant 1081
2026-07-02 09:14:59,099 - INFO - [PROD] Processing Payload 6/20 for Plant 1081
2026-07-02 09:14:59,100 - INFO - [PROD] Processing Payload 7/20 for Plant 1081
2026-07-02 09:14:59,100 - INFO - [PROD] Processing Payload 8/20 for Plant 1081
2026-07-02 09:14:59,102 - INFO - [PROD] Processing Payload 9/20 for Plant 1081
2026-07-02 09:14:59,105 - INFO - [PROD] Processing Payload 10/20 for Plant 1081
2026-07-02 09:15:00,420 - INFO - [PROD] Processing Payload 11/20 for Plant 1081
2026-07-02 09:15:00,452 - INFO - [PROD] Processing Payload 12/20 for Plant 1081
2026-07-02 09:15:00,461 - INFO - [PROD] Processing Payload 13/20 for Plant 1081
2026-07-02 09:15:00,464 - INFO - [PROD] Processing Payload 14/20 for Plant 1081
2026-07-02 09:15:00,470 - INFO - [PROD] Processing Payload 15/20 for Plant 1081
2026-07-02 09:15:00,486 - INFO - [PROD] Processing Payload 16/20 for Plant 1081
2026-07-02 09:15:00,582 - INFO - [PROD] Processing Payload 17/20 for Plant 1081
2026-07-02 09:15:00,613 - INFO - [PROD] Processing Payload 18/20 for Plant 1081
2026-07-02 09:15:00,752 - INFO - [PROD] Processing Payload 19/20 for Plant 1081
2026-07-02 09:15:00,784 - INFO - [PROD] Processing Payload 20/20 for Plant 1081
2026-07-02 09:15:01,759 - INFO - Pack Complete run finished. Success: 20, Failed: 0, Total: 20
2026-07-02 09:15:01,759 - INFO - Pack Complete run finished.
2026-07-02 09:15:01,759 - INFO - Waiting 10 seconds before next run...
2026-07-02 09:15:11,765 - INFO - Starting Pack Complete run...
2026-07-02 09:15:12,022 - INFO - Successfully extracted 1 data row(s) for wave information processing.
2026-07-02 09:15:12,022 - INFO - Processing row 1: {'Plant': 1081, 'Environment': 'PROD', 'Wave_number': 'W07012026000000000003;W07012026000000000004'}
2026-07-02 09:15:12,241 - INFO - Processing Task 1/1: Plant 1081 (PROD)
2026-07-02 09:15:12,601 - INFO - Successfully retrieved token.
2026-07-02 09:15:12,602 - INFO - Sending payload to URL: https://nikeaplawmprod1.sce.manh.com/pickpack/api/pickpack/olpn/search
2026-07-02 09:15:12,858 - INFO - Successfully received response for Plant 1081 (PROD)
2026-07-02 09:15:13,270 - INFO - Sending payload to URL: https://nikeaplawmprod1.sce.manh.com/task/api/task/taskDetail/search
2026-07-02 09:15:13,480 - INFO - -> Success: True, Message: None
2026-07-02 09:15:13,486 - INFO - Processing Task 1/1: Plant 1081 (PROD)
2026-07-02 09:15:13,933 - INFO - Successfully retrieved token.
2026-07-02 09:15:13,934 - INFO - Sending payload to URL: https://nikeaplawmprod1.sce.manh.com/pickpack/api/pickpack/olpn/search
2026-07-02 09:15:14,178 - INFO - Successfully received response for Plant 1081 (PROD)
2026-07-02 09:15:14,180 - INFO - Success: Found 15 oLPN row(s) for this task.
2026-07-02 09:15:14,187 - INFO - Processing 15 payloads for Environment: PROD
2026-07-02 09:15:14,546 - INFO - Successfully retrieved token for PROD environment.
2026-07-02 09:15:14,547 - INFO - Sending payloads to URL: https://nikeaplawmprod1.sce.manh.com/pickpack/api/ServiceDefinition/invoke/NIKEEX10PackResultCS_1081
2026-07-02 09:15:14,547 - INFO - Using 10 worker threads for 15 payloads.
2026-07-02 09:15:14,548 - INFO - [PROD] Processing Payload 1/15 for Plant 1081
2026-07-02 09:15:14,548 - INFO - [PROD] Processing Payload 2/15 for Plant 1081
2026-07-02 09:15:14,550 - INFO - [PROD] Processing Payload 3/15 for Plant 1081
2026-07-02 09:15:14,550 - INFO - [PROD] Processing Payload 4/15 for Plant 1081
2026-07-02 09:15:14,552 - INFO - [PROD] Processing Payload 5/15 for Plant 1081
2026-07-02 09:15:14,555 - INFO - [PROD] Processing Payload 6/15 for Plant 1081
2026-07-02 09:15:14,562 - INFO - [PROD] Processing Payload 7/15 for Plant 1081
2026-07-02 09:15:14,568 - INFO - [PROD] Processing Payload 8/15 for Plant 1081
2026-07-02 09:15:14,569 - INFO - [PROD] Processing Payload 9/15 for Plant 1081
2026-07-02 09:15:14,570 - INFO - [PROD] Processing Payload 10/15 for Plant 1081
2026-07-02 09:15:15,890 - INFO - [PROD] Processing Payload 11/15 for Plant 1081
2026-07-02 09:15:15,895 - INFO - [PROD] Processing Payload 12/15 for Plant 1081
2026-07-02 09:15:15,899 - INFO - [PROD] Processing Payload 13/15 for Plant 1081
2026-07-02 09:15:15,905 - INFO - [PROD] Processing Payload 14/15 for Plant 1081
2026-07-02 09:15:15,906 - INFO - [PROD] Processing Payload 15/15 for Plant 1081
2026-07-02 09:15:16,982 - INFO - Pack Complete run finished. Success: 15, Failed: 0, Total: 15
2026-07-02 09:15:16,983 - INFO - Pack Complete run finished.
2026-07-02 09:15:16,983 - INFO - Waiting 10 seconds before next run...
2026-07-02 09:15:26,985 - INFO - Starting Pack Complete run...
2026-07-02 09:15:27,246 - INFO - Successfully extracted 1 data row(s) for wave information processing.
2026-07-02 09:15:27,246 - INFO - Processing row 1: {'Plant': 1081, 'Environment': 'PROD', 'Wave_number': 'W07012026000000000003;W07012026000000000004'}
2026-07-02 09:15:27,449 - INFO - Processing Task 1/1: Plant 1081 (PROD)
2026-07-02 09:15:27,842 - INFO - Successfully retrieved token.
2026-07-02 09:15:27,843 - INFO - Sending payload to URL: https://nikeaplawmprod1.sce.manh.com/pickpack/api/pickpack/olpn/search
2026-07-02 09:15:28,097 - INFO - Successfully received response for Plant 1081 (PROD)
2026-07-02 09:15:28,473 - INFO - Sending payload to URL: https://nikeaplawmprod1.sce.manh.com/task/api/task/taskDetail/search
2026-07-02 09:15:28,673 - INFO - -> Success: True, Message: None
2026-07-02 09:15:28,678 - INFO - Processing Task 1/1: Plant 1081 (PROD)
2026-07-02 09:15:29,194 - INFO - Successfully retrieved token.
2026-07-02 09:15:29,195 - INFO - Sending payload to URL: https://nikeaplawmprod1.sce.manh.com/pickpack/api/pickpack/olpn/search
2026-07-02 09:15:29,397 - INFO - Successfully received response for Plant 1081 (PROD)
2026-07-02 09:15:29,398 - INFO - Success: Found 0 oLPN row(s) for this task.
2026-07-02 09:15:29,402 - ERROR - No valid pack complete payload rows were built.
2026-07-02 09:15:29,402 - ERROR - No payload were generated in Pack Complete Payload program
2026-07-02 09:15:29,402 - INFO - Pack Complete run finished.
2026-07-02 09:15:29,402 - INFO - Waiting 10 seconds before next run...
2026-07-02 09:15:39,407 - INFO - Starting Pack Complete run...
2026-07-02 09:15:39,670 - INFO - Successfully extracted 1 data row(s) for wave information processing.
2026-07-02 09:15:39,670 - INFO - Processing row 1: {'Plant': 1081, 'Environment': 'PROD', 'Wave_number': 'W07012026000000000003;W07012026000000000004'}
2026-07-02 09:15:39,904 - INFO - Processing Task 1/1: Plant 1081 (PROD)
2026-07-02 09:15:40,323 - INFO - Successfully retrieved token.
2026-07-02 09:15:40,339 - INFO - Sending payload to URL: https://nikeaplawmprod1.sce.manh.com/pickpack/api/pickpack/olpn/search
2026-07-02 09:15:40,567 - INFO - Successfully received response for Plant 1081 (PROD)
2026-07-02 09:15:40,933 - INFO - Sending payload to URL: https://nikeaplawmprod1.sce.manh.com/task/api/task/taskDetail/search
2026-07-02 09:15:41,152 - INFO - -> Success: True, Message: None
2026-07-02 09:15:41,159 - INFO - Processing Task 1/1: Plant 1081 (PROD)
2026-07-02 09:15:41,541 - INFO - Successfully retrieved token.
2026-07-02 09:15:41,542 - INFO - Sending payload to URL: https://nikeaplawmprod1.sce.manh.com/pickpack/api/pickpack/olpn/search
2026-07-02 09:15:41,754 - INFO - Successfully received response for Plant 1081 (PROD)
2026-07-02 09:15:41,755 - INFO - Success: Found 0 oLPN row(s) for this task.
2026-07-02 09:15:41,758 - ERROR - No valid pack complete payload rows were built.
2026-07-02 09:15:41,758 - ERROR - No payload were generated in Pack Complete Payload program
2026-07-02 09:15:41,758 - INFO - Pack Complete run finished.
2026-07-02 09:15:41,758 - INFO - Waiting 10 seconds before next run...
2026-07-02 09:15:51,763 - INFO - Starting Pack Complete run...
2026-07-02 09:15:52,004 - INFO - Successfully extracted 1 data row(s) for wave information processing.
2026-07-02 09:15:52,004 - INFO - Processing row 1: {'Plant': 1081, 'Environment': 'PROD', 'Wave_number': 'W07012026000000000003;W07012026000000000004'}
2026-07-02 09:15:52,203 - INFO - Processing Task 1/1: Plant 1081 (PROD)
2026-07-02 09:15:52,525 - INFO - Successfully retrieved token.
2026-07-02 09:15:52,525 - INFO - Sending payload to URL: https://nikeaplawmprod1.sce.manh.com/pickpack/api/pickpack/olpn/search
2026-07-02 09:15:52,789 - INFO - Successfully received response for Plant 1081 (PROD)
2026-07-02 09:15:53,225 - INFO - Sending payload to URL: https://nikeaplawmprod1.sce.manh.com/task/api/task/taskDetail/search
2026-07-02 09:15:53,448 - INFO - -> Success: True, Message: None
2026-07-02 09:15:53,451 - INFO - Processing Task 1/1: Plant 1081 (PROD)
2026-07-02 09:15:53,821 - INFO - Successfully retrieved token.
2026-07-02 09:15:53,821 - INFO - Sending payload to URL: https://nikeaplawmprod1.sce.manh.com/pickpack/api/pickpack/olpn/search
2026-07-02 09:15:53,993 - INFO - Successfully received response for Plant 1081 (PROD)
2026-07-02 09:15:53,995 - INFO - Success: Found 0 oLPN row(s) for this task.
2026-07-02 09:15:53,999 - ERROR - No valid pack complete payload rows were built.
2026-07-02 09:15:53,999 - ERROR - No payload were generated in Pack Complete Payload program
2026-07-02 09:15:54,000 - INFO - Pack Complete run finished.
2026-07-02 09:15:54,000 - INFO - Waiting 10 seconds before next run...
2026-07-02 09:16:04,005 - INFO - Starting Pack Complete run...
2026-07-02 09:16:04,231 - INFO - Successfully extracted 1 data row(s) for wave information processing.
2026-07-02 09:16:04,231 - INFO - Processing row 1: {'Plant': 1081, 'Environment': 'PROD', 'Wave_number': 'W07012026000000000003;W07012026000000000004'}
2026-07-02 09:16:04,465 - INFO - Processing Task 1/1: Plant 1081 (PROD)
2026-07-02 09:16:04,928 - INFO - Successfully retrieved token.
2026-07-02 09:16:04,928 - INFO - Sending payload to URL: https://nikeaplawmprod1.sce.manh.com/pickpack/api/pickpack/olpn/search
2026-07-02 09:16:05,182 - INFO - Successfully received response for Plant 1081 (PROD)
2026-07-02 09:16:05,642 - INFO - Sending payload to URL: https://nikeaplawmprod1.sce.manh.com/task/api/task/taskDetail/search
2026-07-02 09:16:05,862 - INFO - -> Success: True, Message: None
2026-07-02 09:16:05,865 - INFO - Processing Task 1/1: Plant 1081 (PROD)
2026-07-02 09:16:06,210 - INFO - Successfully retrieved token.
2026-07-02 09:16:06,211 - INFO - Sending payload to URL: https://nikeaplawmprod1.sce.manh.com/pickpack/api/pickpack/olpn/search
2026-07-02 09:16:06,400 - INFO - Successfully received response for Plant 1081 (PROD)
2026-07-02 09:16:06,401 - INFO - Success: Found 0 oLPN row(s) for this task.
2026-07-02 09:16:06,402 - ERROR - No valid pack complete payload rows were built.
2026-07-02 09:16:06,402 - ERROR - No payload were generated in Pack Complete Payload program
2026-07-02 09:16:06,402 - INFO - Pack Complete run finished.
2026-07-02 09:16:06,402 - INFO - Waiting 10 seconds before next run...
2026-07-02 09:16:16,408 - INFO - Starting Pack Complete run...
2026-07-02 09:16:16,676 - INFO - Successfully extracted 1 data row(s) for wave information processing.
2026-07-02 09:16:16,676 - INFO - Processing row 1: {'Plant': 1081, 'Environment': 'PROD', 'Wave_number': 'W07012026000000000003;W07012026000000000004'}
2026-07-02 09:16:16,882 - INFO - Processing Task 1/1: Plant 1081 (PROD)
2026-07-02 09:16:17,254 - INFO - Successfully retrieved token.
2026-07-02 09:16:17,255 - INFO - Sending payload to URL: https://nikeaplawmprod1.sce.manh.com/pickpack/api/pickpack/olpn/search
2026-07-02 09:16:17,509 - INFO - Successfully received response for Plant 1081 (PROD)
2026-07-02 09:16:17,860 - INFO - Sending payload to URL: https://nikeaplawmprod1.sce.manh.com/task/api/task/taskDetail/search
2026-07-02 09:16:18,069 - INFO - -> Success: True, Message: None
2026-07-02 09:16:18,070 - INFO - Processing Task 1/1: Plant 1081 (PROD)
2026-07-02 09:16:18,406 - INFO - Successfully retrieved token.
2026-07-02 09:16:18,407 - INFO - Sending payload to URL: https://nikeaplawmprod1.sce.manh.com/pickpack/api/pickpack/olpn/search
2026-07-02 09:16:18,606 - INFO - Successfully received response for Plant 1081 (PROD)
2026-07-02 09:16:18,606 - INFO - Success: Found 0 oLPN row(s) for this task.
2026-07-02 09:16:18,612 - ERROR - No valid pack complete payload rows were built.
2026-07-02 09:16:18,612 - ERROR - No payload were generated in Pack Complete Payload program
2026-07-02 09:16:18,612 - INFO - Pack Complete run finished.
2026-07-02 09:16:18,612 - INFO - Waiting 10 seconds before next run...
2026-07-02 09:16:28,615 - INFO - Starting Pack Complete run...
2026-07-02 09:16:28,875 - INFO - Successfully extracted 1 data row(s) for wave information processing.
2026-07-02 09:16:28,875 - INFO - Processing row 1: {'Plant': 1081, 'Environment': 'PROD', 'Wave_number': 'W07012026000000000003;W07012026000000000004'}
2026-07-02 09:16:29,102 - INFO - Processing Task 1/1: Plant 1081 (PROD)
2026-07-02 09:16:29,488 - INFO - Successfully retrieved token.
2026-07-02 09:16:29,488 - INFO - Sending payload to URL: https://nikeaplawmprod1.sce.manh.com/pickpack/api/pickpack/olpn/search
2026-07-02 09:16:29,763 - INFO - Successfully received response for Plant 1081 (PROD)
2026-07-02 09:16:30,163 - INFO - Sending payload to URL: https://nikeaplawmprod1.sce.manh.com/task/api/task/taskDetail/search
2026-07-02 09:16:30,423 - INFO - -> Success: True, Message: None
2026-07-02 09:16:30,429 - INFO - Processing Task 1/1: Plant 1081 (PROD)
2026-07-02 09:16:30,788 - INFO - Successfully retrieved token.
2026-07-02 09:16:30,789 - INFO - Sending payload to URL: https://nikeaplawmprod1.sce.manh.com/pickpack/api/pickpack/olpn/search
2026-07-02 09:16:31,009 - INFO - Successfully received response for Plant 1081 (PROD)
2026-07-02 09:16:31,010 - INFO - Success: Found 0 oLPN row(s) for this task.
2026-07-02 09:16:31,015 - ERROR - No valid pack complete payload rows were built.
2026-07-02 09:16:31,015 - ERROR - No payload were generated in Pack Complete Payload program
2026-07-02 09:16:31,015 - INFO - Pack Complete run finished.
2026-07-02 09:16:31,015 - INFO - Waiting 10 seconds before next run...
2026-07-02 09:16:41,021 - INFO - Starting Pack Complete run...
2026-07-02 09:16:41,279 - INFO - Successfully extracted 1 data row(s) for wave information processing.
2026-07-02 09:16:41,279 - INFO - Processing row 1: {'Plant': 1081, 'Environment': 'PROD', 'Wave_number': 'W07012026000000000003;W07012026000000000004'}
2026-07-02 09:16:41,480 - INFO - Processing Task 1/1: Plant 1081 (PROD)
2026-07-02 09:16:41,896 - INFO - Successfully retrieved token.
2026-07-02 09:16:41,897 - INFO - Sending payload to URL: https://nikeaplawmprod1.sce.manh.com/pickpack/api/pickpack/olpn/search
2026-07-02 09:16:42,401 - INFO - Successfully received response for Plant 1081 (PROD)
2026-07-02 09:16:42,819 - INFO - Sending payload to URL: https://nikeaplawmprod1.sce.manh.com/task/api/task/taskDetail/search
2026-07-02 09:16:43,025 - INFO - -> Success: True, Message: None
2026-07-02 09:16:43,029 - INFO - Processing Task 1/1: Plant 1081 (PROD)
2026-07-02 09:16:43,386 - INFO - Successfully retrieved token.
2026-07-02 09:16:43,388 - INFO - Sending payload to URL: https://nikeaplawmprod1.sce.manh.com/pickpack/api/pickpack/olpn/search
2026-07-02 09:16:43,620 - INFO - Successfully received response for Plant 1081 (PROD)
2026-07-02 09:16:43,621 - INFO - Success: Found 0 oLPN row(s) for this task.
2026-07-02 09:16:43,626 - ERROR - No valid pack complete payload rows were built.
2026-07-02 09:16:43,626 - ERROR - No payload were generated in Pack Complete Payload program
2026-07-02 09:16:43,627 - INFO - Pack Complete run finished.
2026-07-02 09:16:43,627 - INFO - Waiting 10 seconds before next run...
2026-07-02 09:16:53,631 - INFO - Starting Pack Complete run...
2026-07-02 09:16:53,887 - INFO - Successfully extracted 1 data row(s) for wave information processing.
2026-07-02 09:16:53,887 - INFO - Processing row 1: {'Plant': 1081, 'Environment': 'PROD', 'Wave_number': 'W07012026000000000003;W07012026000000000004'}
2026-07-02 09:16:54,110 - INFO - Processing Task 1/1: Plant 1081 (PROD)
2026-07-02 09:16:54,436 - INFO - Successfully retrieved token.
2026-07-02 09:16:54,437 - INFO - Sending payload to URL: https://nikeaplawmprod1.sce.manh.com/pickpack/api/pickpack/olpn/search
2026-07-02 09:16:54,698 - INFO - Successfully received response for Plant 1081 (PROD)
2026-07-02 09:16:55,108 - INFO - Sending payload to URL: https://nikeaplawmprod1.sce.manh.com/task/api/task/taskDetail/search
2026-07-02 09:16:55,561 - INFO - -> Success: True, Message: None
2026-07-02 09:16:55,567 - INFO - Processing Task 1/1: Plant 1081 (PROD)
2026-07-02 09:16:55,923 - INFO - Successfully retrieved token.
2026-07-02 09:16:55,923 - INFO - Sending payload to URL: https://nikeaplawmprod1.sce.manh.com/pickpack/api/pickpack/olpn/search
2026-07-02 09:16:56,139 - INFO - Successfully received response for Plant 1081 (PROD)
2026-07-02 09:16:56,140 - INFO - Success: Found 0 oLPN row(s) for this task.
2026-07-02 09:16:56,144 - ERROR - No valid pack complete payload rows were built.
2026-07-02 09:16:56,145 - ERROR - No payload were generated in Pack Complete Payload program
2026-07-02 09:16:56,145 - INFO - Pack Complete run finished.
2026-07-02 09:16:56,145 - INFO - Waiting 10 seconds before next run...
2026-07-02 09:17:06,150 - INFO - Starting Pack Complete run...
2026-07-02 09:17:06,413 - INFO - Successfully extracted 1 data row(s) for wave information processing.
2026-07-02 09:17:06,413 - INFO - Processing row 1: {'Plant': 1081, 'Environment': 'PROD', 'Wave_number': 'W07012026000000000003;W07012026000000000004'}
2026-07-02 09:17:06,614 - INFO - Processing Task 1/1: Plant 1081 (PROD)
2026-07-02 09:17:06,987 - INFO - Successfully retrieved token.
2026-07-02 09:17:06,988 - INFO - Sending payload to URL: https://nikeaplawmprod1.sce.manh.com/pickpack/api/pickpack/olpn/search
2026-07-02 09:17:07,236 - INFO - Successfully received response for Plant 1081 (PROD)
2026-07-02 09:17:07,661 - INFO - Sending payload to URL: https://nikeaplawmprod1.sce.manh.com/task/api/task/taskDetail/search
2026-07-02 09:17:07,913 - INFO - -> Success: True, Message: None
2026-07-02 09:17:07,920 - INFO - Processing Task 1/1: Plant 1081 (PROD)
2026-07-02 09:17:08,324 - INFO - Successfully retrieved token.
2026-07-02 09:17:08,324 - INFO - Sending payload to URL: https://nikeaplawmprod1.sce.manh.com/pickpack/api/pickpack/olpn/search
2026-07-02 09:17:08,526 - INFO - Successfully received response for Plant 1081 (PROD)
2026-07-02 09:17:08,526 - INFO - Success: Found 0 oLPN row(s) for this task.
2026-07-02 09:17:08,536 - ERROR - No valid pack complete payload rows were built.
2026-07-02 09:17:08,536 - ERROR - No payload were generated in Pack Complete Payload program
2026-07-02 09:17:08,536 - INFO - Pack Complete run finished.
2026-07-02 09:17:08,536 - INFO - Waiting 10 seconds before next run...
2026-07-02 09:17:18,542 - INFO - Starting Pack Complete run...
2026-07-02 09:17:18,803 - INFO - Successfully extracted 1 data row(s) for wave information processing.
2026-07-02 09:17:18,803 - INFO - Processing row 1: {'Plant': 1081, 'Environment': 'PROD', 'Wave_number': 'W07012026000000000003;W07012026000000000004'}
2026-07-02 09:17:19,022 - INFO - Processing Task 1/1: Plant 1081 (PROD)
2026-07-02 09:17:19,478 - INFO - Successfully retrieved token.
2026-07-02 09:17:19,478 - INFO - Sending payload to URL: https://nikeaplawmprod1.sce.manh.com/pickpack/api/pickpack/olpn/search
2026-07-02 09:17:19,729 - INFO - Successfully received response for Plant 1081 (PROD)
2026-07-02 09:17:20,075 - INFO - Sending payload to URL: https://nikeaplawmprod1.sce.manh.com/task/api/task/taskDetail/search
2026-07-02 09:17:20,271 - INFO - -> Success: True, Message: None
2026-07-02 09:17:20,279 - INFO - Processing Task 1/1: Plant 1081 (PROD)
2026-07-02 09:17:20,706 - INFO - Successfully retrieved token.
2026-07-02 09:17:20,707 - INFO - Sending payload to URL: https://nikeaplawmprod1.sce.manh.com/pickpack/api/pickpack/olpn/search
2026-07-02 09:17:20,904 - INFO - Successfully received response for Plant 1081 (PROD)
2026-07-02 09:17:20,904 - INFO - Success: Found 0 oLPN row(s) for this task.
2026-07-02 09:17:20,910 - ERROR - No valid pack complete payload rows were built.
2026-07-02 09:17:20,911 - ERROR - No payload were generated in Pack Complete Payload program
2026-07-02 09:17:20,911 - INFO - Pack Complete run finished.
2026-07-02 09:17:20,911 - INFO - Waiting 10 seconds before next run...
2026-07-02 09:17:30,916 - INFO - Starting Pack Complete run...
2026-07-02 09:17:31,179 - INFO - Successfully extracted 1 data row(s) for wave information processing.
2026-07-02 09:17:31,179 - INFO - Processing row 1: {'Plant': 1081, 'Environment': 'PROD', 'Wave_number': 'W07012026000000000003;W07012026000000000004'}
2026-07-02 09:17:31,390 - INFO - Processing Task 1/1: Plant 1081 (PROD)
2026-07-02 09:17:31,766 - INFO - Successfully retrieved token.
2026-07-02 09:17:31,767 - INFO - Sending payload to URL: https://nikeaplawmprod1.sce.manh.com/pickpack/api/pickpack/olpn/search
2026-07-02 09:17:32,011 - INFO - Successfully received response for Plant 1081 (PROD)
2026-07-02 09:17:32,350 - INFO - Sending payload to URL: https://nikeaplawmprod1.sce.manh.com/task/api/task/taskDetail/search
2026-07-02 09:17:32,575 - INFO - -> Success: True, Message: None
2026-07-02 09:17:32,581 - INFO - Processing Task 1/1: Plant 1081 (PROD)
2026-07-02 09:17:33,001 - INFO - Successfully retrieved token.
2026-07-02 09:17:33,002 - INFO - Sending payload to URL: https://nikeaplawmprod1.sce.manh.com/pickpack/api/pickpack/olpn/search
2026-07-02 09:17:33,195 - INFO - Successfully received response for Plant 1081 (PROD)
2026-07-02 09:17:33,196 - INFO - Success: Found 0 oLPN row(s) for this task.
2026-07-02 09:17:33,200 - ERROR - No valid pack complete payload rows were built.
2026-07-02 09:17:33,201 - ERROR - No payload were generated in Pack Complete Payload program
2026-07-02 09:17:33,201 - INFO - Pack Complete run finished.
2026-07-02 09:17:33,201 - INFO - Waiting 10 seconds before next run...
2026-07-02 09:17:43,207 - INFO - Starting Pack Complete run...
2026-07-02 09:17:43,468 - INFO - Successfully extracted 1 data row(s) for wave information processing.
2026-07-02 09:17:43,468 - INFO - Processing row 1: {'Plant': 1081, 'Environment': 'PROD', 'Wave_number': 'W07012026000000000003;W07012026000000000004'}
2026-07-02 09:17:43,698 - INFO - Processing Task 1/1: Plant 1081 (PROD)
2026-07-02 09:17:44,158 - INFO - Successfully retrieved token.
2026-07-02 09:17:44,158 - INFO - Sending payload to URL: https://nikeaplawmprod1.sce.manh.com/pickpack/api/pickpack/olpn/search
2026-07-02 09:17:44,412 - INFO - Successfully received response for Plant 1081 (PROD)
2026-07-02 09:17:44,975 - INFO - Sending payload to URL: https://nikeaplawmprod1.sce.manh.com/task/api/task/taskDetail/search
2026-07-02 09:17:45,204 - INFO - -> Success: True, Message: None
2026-07-02 09:17:45,205 - INFO - Processing Task 1/1: Plant 1081 (PROD)
2026-07-02 09:17:45,556 - INFO - Successfully retrieved token.
2026-07-02 09:17:45,557 - INFO - Sending payload to URL: https://nikeaplawmprod1.sce.manh.com/pickpack/api/pickpack/olpn/search
2026-07-02 09:17:45,754 - INFO - Successfully received response for Plant 1081 (PROD)
2026-07-02 09:17:45,755 - INFO - Success: Found 0 oLPN row(s) for this task.
2026-07-02 09:17:45,756 - ERROR - No valid pack complete payload rows were built.
2026-07-02 09:17:45,756 - ERROR - No payload were generated in Pack Complete Payload program
2026-07-02 09:17:45,756 - INFO - Pack Complete run finished.
2026-07-02 09:17:45,756 - INFO - Waiting 10 seconds before next run...
2026-07-02 09:17:55,762 - INFO - Starting Pack Complete run...
2026-07-02 09:17:56,014 - INFO - Successfully extracted 1 data row(s) for wave information processing.
2026-07-02 09:17:56,014 - INFO - Processing row 1: {'Plant': 1081, 'Environment': 'PROD', 'Wave_number': 'W07012026000000000003;W07012026000000000004'}
2026-07-02 09:17:56,218 - INFO - Processing Task 1/1: Plant 1081 (PROD)
2026-07-02 09:17:56,563 - INFO - Successfully retrieved token.
2026-07-02 09:17:56,564 - INFO - Sending payload to URL: https://nikeaplawmprod1.sce.manh.com/pickpack/api/pickpack/olpn/search
2026-07-02 09:17:56,895 - INFO - Successfully received response for Plant 1081 (PROD)
2026-07-02 09:17:57,297 - INFO - Sending payload to URL: https://nikeaplawmprod1.sce.manh.com/task/api/task/taskDetail/search
2026-07-02 09:17:57,499 - INFO - -> Success: True, Message: None
2026-07-02 09:17:57,505 - INFO - Processing Task 1/1: Plant 1081 (PROD)
2026-07-02 09:17:57,840 - INFO - Successfully retrieved token.
2026-07-02 09:17:57,841 - INFO - Sending payload to URL: https://nikeaplawmprod1.sce.manh.com/pickpack/api/pickpack/olpn/search
2026-07-02 09:17:58,090 - INFO - Successfully received response for Plant 1081 (PROD)
2026-07-02 09:17:58,091 - INFO - Success: Found 0 oLPN row(s) for this task.
2026-07-02 09:17:58,096 - ERROR - No valid pack complete payload rows were built.
2026-07-02 09:17:58,096 - ERROR - No payload were generated in Pack Complete Payload program
2026-07-02 09:17:58,096 - INFO - Pack Complete run finished.
2026-07-02 09:17:58,096 - INFO - Waiting 10 seconds before next run...
2026-07-02 09:18:08,101 - INFO - Starting Pack Complete run...
2026-07-02 09:18:08,381 - INFO - Successfully extracted 1 data row(s) for wave information processing.
2026-07-02 09:18:08,381 - INFO - Processing row 1: {'Plant': 1081, 'Environment': 'PROD', 'Wave_number': 'W07012026000000000003;W07012026000000000004'}
2026-07-02 09:18:08,618 - INFO - Processing Task 1/1: Plant 1081 (PROD)
2026-07-02 09:18:08,949 - INFO - Successfully retrieved token.
2026-07-02 09:18:08,949 - INFO - Sending payload to URL: https://nikeaplawmprod1.sce.manh.com/pickpack/api/pickpack/olpn/search
2026-07-02 09:18:09,208 - INFO - Successfully received response for Plant 1081 (PROD)
2026-07-02 09:18:09,549 - INFO - Sending payload to URL: https://nikeaplawmprod1.sce.manh.com/task/api/task/taskDetail/search
2026-07-02 09:18:09,757 - INFO - -> Success: True, Message: None
2026-07-02 09:18:09,766 - INFO - Processing Task 1/1: Plant 1081 (PROD)
2026-07-02 09:18:10,132 - INFO - Successfully retrieved token.
2026-07-02 09:18:10,132 - INFO - Sending payload to URL: https://nikeaplawmprod1.sce.manh.com/pickpack/api/pickpack/olpn/search
2026-07-02 09:18:10,328 - INFO - Successfully received response for Plant 1081 (PROD)
2026-07-02 09:18:10,329 - INFO - Success: Found 0 oLPN row(s) for this task.
2026-07-02 09:18:10,338 - ERROR - No valid pack complete payload rows were built.
2026-07-02 09:18:10,338 - ERROR - No payload were generated in Pack Complete Payload program
2026-07-02 09:18:10,338 - INFO - Pack Complete run finished.
2026-07-02 09:18:10,338 - INFO - Waiting 10 seconds before next run...
2026-07-02 09:18:20,342 - INFO - Starting Pack Complete run...
2026-07-02 09:18:20,578 - INFO - Successfully extracted 1 data row(s) for wave information processing.
2026-07-02 09:18:20,578 - INFO - Processing row 1: {'Plant': 1081, 'Environment': 'PROD', 'Wave_number': 'W07012026000000000003;W07012026000000000004'}
2026-07-02 09:18:20,783 - INFO - Processing Task 1/1: Plant 1081 (PROD)
2026-07-02 09:18:21,122 - INFO - Successfully retrieved token.
2026-07-02 09:18:21,122 - INFO - Sending payload to URL: https://nikeaplawmprod1.sce.manh.com/pickpack/api/pickpack/olpn/search
2026-07-02 09:18:21,359 - INFO - Successfully received response for Plant 1081 (PROD)
2026-07-02 09:18:21,839 - INFO - Sending payload to URL: https://nikeaplawmprod1.sce.manh.com/task/api/task/taskDetail/search
2026-07-02 09:18:22,039 - INFO - -> Success: True, Message: None
2026-07-02 09:18:22,045 - INFO - Processing Task 1/1: Plant 1081 (PROD)
2026-07-02 09:18:22,454 - INFO - Successfully retrieved token.
2026-07-02 09:18:22,455 - INFO - Sending payload to URL: https://nikeaplawmprod1.sce.manh.com/pickpack/api/pickpack/olpn/search
2026-07-02 09:18:22,645 - INFO - Successfully received response for Plant 1081 (PROD)
2026-07-02 09:18:22,646 - INFO - Success: Found 0 oLPN row(s) for this task.
2026-07-02 09:18:22,650 - ERROR - No valid pack complete payload rows were built.
2026-07-02 09:18:22,650 - ERROR - No payload were generated in Pack Complete Payload program
2026-07-02 09:18:22,650 - INFO - Pack Complete run finished.
2026-07-02 09:18:22,650 - INFO - Waiting 10 seconds before next run...
2026-07-02 09:18:32,656 - INFO - Starting Pack Complete run...
2026-07-02 09:18:32,896 - INFO - Successfully extracted 1 data row(s) for wave information processing.
2026-07-02 09:18:32,896 - INFO - Processing row 1: {'Plant': 1081, 'Environment': 'PROD', 'Wave_number': 'W07012026000000000003;W07012026000000000004'}
2026-07-02 09:18:33,119 - INFO - Processing Task 1/1: Plant 1081 (PROD)
2026-07-02 09:18:33,456 - INFO - Successfully retrieved token.
2026-07-02 09:18:33,456 - INFO - Sending payload to URL: https://nikeaplawmprod1.sce.manh.com/pickpack/api/pickpack/olpn/search
2026-07-02 09:18:33,677 - INFO - Successfully received response for Plant 1081 (PROD)
2026-07-02 09:18:34,009 - INFO - Sending payload to URL: https://nikeaplawmprod1.sce.manh.com/task/api/task/taskDetail/search
2026-07-02 09:18:34,219 - INFO - -> Success: True, Message: None
2026-07-02 09:18:34,221 - INFO - Processing Task 1/1: Plant 1081 (PROD)
2026-07-02 09:18:34,552 - INFO - Successfully retrieved token.
2026-07-02 09:18:34,552 - INFO - Sending payload to URL: https://nikeaplawmprod1.sce.manh.com/pickpack/api/pickpack/olpn/search
2026-07-02 09:18:34,740 - INFO - Successfully received response for Plant 1081 (PROD)
2026-07-02 09:18:34,741 - INFO - Success: Found 0 oLPN row(s) for this task.
2026-07-02 09:18:34,744 - ERROR - No valid pack complete payload rows were built.
2026-07-02 09:18:34,745 - ERROR - No payload were generated in Pack Complete Payload program
2026-07-02 09:18:34,745 - INFO - Pack Complete run finished.
2026-07-02 09:18:34,745 - INFO - Waiting 10 seconds before next run...
2026-07-02 09:18:38,912 - INFO - Stop requested (Ctrl+C). Continuous Pack Complete execution stopped.
